/*
	fw make date : 2019/6/12 15:54:54
	fw make user : woohyung.ham
*/
#ifndef _O20_DEMOD_TER_FW_A_0_1_H_
#define _O20_DEMOD_TER_FW_A_0_1_H_

static const LX_DEMOD_FIRMWARE_STRUCT O20_DEMOD_TER_FW_A_0_1[] = {
	{
		0x00, 0x10e94,
		{
			0x00, 0xc5, 0x49, 0x10, 0xd5, 0x49, 0x20, 0xe5, 0x49, 0x30, 0xf5, 0x49, 0x00, 0x34, 0x00, 0x00, 
			0x00, 0x00, 0x00, 0x00, 0x00, 0x00, 0x00, 0x00, 0x00, 0x00, 0x00, 0x00, 0x00, 0x00, 0x00, 0x00, 
			0x00, 0x00, 0x00, 0x00, 0x00, 0x00, 0x00, 0x00, 0x00, 0x00, 0x00, 0x00, 0x00, 0x00, 0x00, 0x00, 
			0x00, 0x00, 0x00, 0x00, 0x00, 0x00, 0x00, 0x00, 0x00, 0x00, 0x00, 0x00, 0x00, 0x00, 0x00, 0x00, 
			0x00, 0xc5, 0x09, 0x10, 0xd5, 0x09, 0x20, 0xe5, 0x09, 0x30, 0xf5, 0x09, 0x00, 0x35, 0x00, 0x00, 
			0x00, 0x00, 0x00, 0x00, 0x00, 0x00, 0x00, 0x00, 0x00, 0x00, 0x00, 0x00, 0x00, 0x00, 0x00, 0x00, 
			0x00, 0x00, 0x00, 0x00, 0x00, 0x00, 0x00, 0x00, 0x00, 0x00, 0x00, 0x00, 0x00, 0x00, 0x00, 0x00, 
			0x00, 0x00, 0x00, 0x00, 0x00, 0x00, 0x00, 0x00, 0x00, 0x00, 0x00, 0x00, 0x00, 0x00, 0x00, 0x00, 
			0x00, 0xc9, 0x49, 0x00, 0xd1, 0x09, 0x10, 0xd9, 0x49, 0x20, 0xe9, 0x49, 0x30, 0xf9, 0x49, 0x40, 
			0x80, 0x49, 0x50, 0x90, 0x49, 0x60, 0xa0, 0x49, 0x70, 0xb0, 0x49, 0x00, 0x34, 0x00, 0x00, 0x00, 
			0x00, 0x00, 0x00, 0x00, 0x00, 0x00, 0x00, 0x00, 0x00, 0x00, 0x00, 0x00, 0x00, 0x00, 0x00, 0x00, 
			0x00, 0x00, 0x00, 0x00, 0x00, 0x00, 0x00, 0x00, 0x00, 0x00, 0x00, 0x00, 0x00, 0x00, 0x00, 0x00, 
			0x00, 0xc9, 0x09, 0x10, 0xd9, 0x09, 0x20, 0xe9, 0x09, 0x70, 0xd1, 0x09, 0x30, 0xf9, 0x09, 0x40, 
			0x87, 0x09, 0x50, 0x97, 0x09, 0x60, 0xa7, 0x09, 0x70, 0xb7, 0x09, 0x00, 0x35, 0x00, 0x00, 0x00, 
			0x00, 0x00, 0x00, 0x00, 0x00, 0x00, 0x00, 0x00, 0x00, 0x00, 0x00, 0x00, 0x00, 0x00, 0x00, 0x00, 
			0x00, 0x00, 0x00, 0x00, 0x00, 0x00, 0x00, 0x00, 0x00, 0x00, 0x00, 0x00, 0x00, 0x00, 0x00, 0x00, 
			0x00, 0xcd, 0x49, 0x00, 0xd1, 0x09, 0x10, 0xdd, 0x49, 0x20, 0xed, 0x49, 0x30, 0xfd, 0x49, 0x40, 
			0x40, 0x49, 0x50, 0x50, 0x49, 0x60, 0x60, 0x49, 0x70, 0x70, 0x49, 0x80, 0x80, 0x49, 0x90, 0x90, 
			0x49, 0xa0, 0xa0, 0x49, 0xb0, 0xb0, 0x49, 0x00, 0x34, 0x00, 0x00, 0x00, 0x00, 0x00, 0x00, 0x00, 
			0x00, 0x00, 0x00, 0x00, 0x00, 0x00, 0x00, 0x00, 0x00, 0x00, 0x00, 0x00, 0x00, 0x00, 0x00, 0x00, 
			0x00, 0xcd, 0x09, 0x10, 0xdd, 0x09, 0x20, 0xed, 0x09, 0xb0, 0xd1, 0x09, 0x30, 0xfd, 0x09, 0x40, 
			0x4b, 0x09, 0x50, 0x5b, 0x09, 0x60, 0x6b, 0x09, 0x70, 0x7b, 0x09, 0x80, 0x8b, 0x09, 0x90, 0x9b, 
			0x09, 0xa0, 0xab, 0x09, 0xb0, 0xbb, 0x09, 0x00, 0x35, 0x00, 0x00, 0x00, 0x00, 0x00, 0x00, 0x00, 
			0x00, 0x00, 0x00, 0x00, 0x00, 0x00, 0x00, 0x00, 0x00, 0x00, 0x00, 0x00, 0x00, 0x00, 0x00, 0x00, 
			0x20, 0xd2, 0x61, 0xa0, 0x02, 0x00, 0x00, 0x00, 0x00, 0x00, 0x00, 0x00, 0x00, 0x00, 0x00, 0x00, 
			0x00, 0x00, 0x00, 0x00, 0x00, 0x00, 0x00, 0x00, 0x00, 0x00, 0x00, 0x00, 0x00, 0x00, 0x00, 0x00, 
			0x00, 0x00, 0x00, 0x00, 0x00, 0x00, 0x00, 0x00, 0x00, 0x00, 0x00, 0x00, 0x00, 0x00, 0x00, 0x00, 
			0x00, 0x00, 0x00, 0x00, 0x00, 0x00, 0x00, 0x00, 0x00, 0x00, 0x00, 0x00, 0x00, 0x00, 0x00, 0x00, 
			0x20, 0xd3, 0x61, 0xa0, 0x02, 0x00, 0x00, 0x00, 0x00, 0x00, 0x00, 0x00, 0x00, 0x00, 0x00, 0x00, 
			0x00, 0x00, 0x00, 0x00, 0x00, 0x00, 0x00, 0x00, 0x00, 0x00, 0x00, 0x00, 0x00, 0x00, 0x00, 0x00, 
			0x00, 0x00, 0x00, 0x00, 0x00, 0x00, 0x00, 0x00, 0x00, 0x00, 0x00, 0x00, 0x00, 0x00, 0x00, 0x00, 
			0x00, 0x00, 0x00, 0x00, 0x00, 0x00, 0x00, 0x00, 0x00, 0x00, 0x00, 0x00, 0x00, 0x00, 0x00, 0x00, 
			0x20, 0xd4, 0x61, 0xa0, 0x02, 0x00, 0x00, 0x00, 0x00, 0x00, 0x00, 0x00, 0x00, 0x00, 0x00, 0x00, 
			0x00, 0x00, 0x00, 0x00, 0x00, 0x00, 0x00, 0x00, 0x00, 0x00, 0x00, 0x00, 0x00, 0x00, 0x00, 0x00, 
			0x00, 0x00, 0x00, 0x00, 0x00, 0x00, 0x00, 0x00, 0x00, 0x00, 0x00, 0x00, 0x00, 0x00, 0x00, 0x00, 
			0x00, 0x00, 0x00, 0x00, 0x00, 0x00, 0x00, 0x00, 0x00, 0x00, 0x00, 0x00, 0x00, 0x00, 0x00, 0x00, 
			0x20, 0xd5, 0x61, 0xa0, 0x02, 0x00, 0x00, 0x00, 0x00, 0x00, 0x00, 0x00, 0x00, 0x00, 0x00, 0x00, 
			0x00, 0x00, 0x00, 0x00, 0x00, 0x00, 0x00, 0x00, 0x00, 0x00, 0x00, 0x00, 0x00, 0x00, 0x00, 0x00, 
			0x00, 0x00, 0x00, 0x00, 0x00, 0x00, 0x00, 0x00, 0x00, 0x00, 0x00, 0x00, 0x00, 0x00, 0x00, 0x00, 
			0x00, 0x00, 0x00, 0x00, 0x00, 0x00, 0x00, 0x00, 0x00, 0x00, 0x00, 0x00, 0x00, 0x00, 0x00, 0x00, 
			0x00, 0x76, 0x00, 0x46, 0xfe, 0xff, 0x00, 0x00, 0x00, 0x00, 0x00, 0x00, 0x00, 0x00, 0x00, 0x00, 
			0x00, 0x00, 0x00, 0x00, 0x00, 0x00, 0x00, 0x00, 0x00, 0x00, 0x00, 0x00, 0x00, 0x00, 0x00, 0x00, 
			0x00, 0x00, 0x00, 0x00, 0x00, 0x00, 0x00, 0x00, 0x00, 0x00, 0x00, 0x00, 0x00, 0x00, 0x00, 0x00, 
			0x00, 0x00, 0x00, 0x00, 0x00, 0x00, 0x00, 0x00, 0x00, 0x00, 0x00, 0x00, 0x00, 0x00, 0x00, 0x00, 
			0x10, 0x37, 0x00, 0x00, 0x00, 0x00, 0x00, 0x00, 0x00, 0x00, 0x00, 0x00, 0x00, 0x00, 0x00, 0x00, 
			0x00, 0x00, 0x00, 0x00, 0x00, 0x00, 0x00, 0x00, 0x00, 0x00, 0x00, 0x00, 0x00, 0x00, 0x00, 0x00, 
			0x00, 0x00, 0x00, 0x00, 0x00, 0x00, 0x00, 0x00, 0x00, 0x00, 0x00, 0x00, 0x00, 0x00, 0x00, 0x00, 
			0x00, 0x00, 0x00, 0x00, 0x00, 0x00, 0x00, 0x00, 0x00, 0x00, 0x00, 0x00, 0x00, 0x00, 0x00, 0x00, 
			0x00, 0x41, 0x00, 0x46, 0xfe, 0xff, 0x00, 0x00, 0x00, 0x00, 0x00, 0x00, 0x00, 0x00, 0x00, 0x00, 
			0x00, 0x00, 0x00, 0x00, 0x00, 0x00, 0x00, 0x00, 0x00, 0x00, 0x00, 0x00, 0x00, 0x00, 0x00, 0x00, 
			0x00, 0x00, 0x00, 0x00, 0x00, 0x00, 0x00, 0x00, 0x00, 0x00, 0x00, 0x00, 0x00, 0x00, 0x00, 0x00, 
			0x00, 0x00, 0x00, 0x00, 0x00, 0x00, 0x00, 0x00, 0x00, 0x00, 0x00, 0x00, 0x00, 0x00, 0x00, 0x00, 
			0x12, 0xc1, 0xa0, 0x29, 0x41, 0x39, 0x51, 0x31, 0x1b, 0x81, 0x20, 0xe8, 0x03, 0x30, 0x32, 0xa0, 
			0x38, 0x03, 0x49, 0x61, 0xa0, 0x03, 0x00, 0x00, 0x00, 0x00, 0x00, 0x00, 0x00, 0x00, 0x00, 0x00, 
			0x00, 0x00, 0x00, 0x00, 0x00, 0x00, 0x00, 0x00, 0x00, 0x00, 0x00, 0x00, 0x00, 0x00, 0x00, 0x00, 
			0x00, 0x00, 0x00, 0x00, 0x00, 0x00, 0x00, 0x00, 0x00, 0x00, 0x00, 0x00, 0x00, 0x00, 0x00, 0x00, 
			0x00, 0x00, 0x00, 0x00, 0x00, 0x00, 0x00, 0x00, 0x00, 0x00, 0x00, 0x00, 0x00, 0x00, 0x00, 0x00, 
			0x00, 0x00, 0x00, 0x00, 0x00, 0x00, 0x00, 0x00, 0x00, 0x00, 0x00, 0x00, 0x00, 0x00, 0x00, 0x00, 
			0x00, 0x00, 0x00, 0x00, 0x00, 0x00, 0x00, 0x00, 0x00, 0x00, 0x00, 0x00, 0x00, 0x00, 0x00, 0x00, 
			0x00, 0x00, 0x00, 0x00, 0x00, 0x00, 0x00, 0x00, 0x00, 0x00, 0x00, 0x00, 0x00, 0x00, 0x00, 0x00, 
			0x40, 0x41, 0x00, 0x46, 0xfe, 0xff, 0x00, 0x00, 0x00, 0x00, 0x00, 0x00, 0x00, 0x00, 0x00, 0x00, 
			0x00, 0x00, 0x00, 0x00, 0x00, 0x00, 0x00, 0x00, 0x00, 0x00, 0x00, 0x00, 0x00, 0x00, 0x00, 0x00, 
			0x00, 0x00, 0x00, 0x00, 0x00, 0x00, 0x00, 0x00, 0x00, 0x00, 0x00, 0x00, 0x00, 0x00, 0x00, 0x00, 
			0x00, 0x00, 0x00, 0x00, 0x00, 0x00, 0x00, 0x00, 0x00, 0x00, 0x00, 0x00, 0x00, 0x00, 0x00, 0x00, 
			0x06, 0x0d, 0x00, 0x00, 0x00, 0x00, 0x00, 0x40, 0x1f, 0x11, 0x22, 0x22, 0x00, 0x00, 0x00, 0xe0, 
			0x73, 0x04, 0x00, 0x40, 0x00, 0x00, 0x00, 0x00, 0xe0, 0xce, 0x00, 0x40, 0x48, 0xcf, 0x00, 0x40, 
			0xe8, 0xcf, 0x00, 0x40, 0x14, 0x0d, 0xfe, 0x3f, 0xf0, 0xd0, 0x00, 0x40, 0x18, 0x0d, 0xfe, 0x3f, 
			0x00, 0x00, 0x00, 0x00, 0x00, 0x00, 0x00, 0x00, 0x0c, 0x00, 0x00, 0xe4, 0x13, 0x00, 0x05, 0x13, 
			0x10, 0x20, 0x00, 0x21, 0xf0, 0xff, 0x20, 0xe7, 0x13, 0x20, 0x61, 0x00, 0x21, 0xef, 0xff, 0x51, 
			0xef, 0xff, 0x61, 0xef, 0xff, 0x0c, 0x03, 0x7d, 0x02, 0x50, 0x66, 0x10, 0xc6, 0x04, 0x00, 0x00, 
			0x40, 0x63, 0x50, 0x00, 0x20, 0x00, 0x3d, 0xf0, 0x3d, 0xf0, 0x50, 0x33, 0xc0, 0xb6, 0xb3, 0x14, 
			0x70, 0x74, 0x41, 0x70, 0x40, 0x34, 0x67, 0x13, 0xe6, 0x40, 0x63, 0x50, 0x50, 0x33, 0xc0, 0xf6, 
			0xb3, 0xed, 0x00, 0x20, 0x00, 0x51, 0xe1, 0xff, 0x0c, 0x03, 0x20, 0x72, 0x20, 0x70, 0x40, 0x34, 
			0x40, 0xe3, 0x50, 0x50, 0x33, 0xc0, 0x70, 0x74, 0x41, 0xf6, 0xb3, 0xf0, 0x30, 0x20, 0x00, 0x21, 
			0xdd, 0xff, 0xac, 0x02, 0x38, 0x02, 0x48, 0x12, 0x58, 0x22, 0x22, 0xc2, 0x0c, 0x47, 0xb3, 0x0f, 
			0x68, 0x05, 0x4b, 0x55, 0x69, 0x03, 0x4b, 0x33, 0x47, 0x33, 0xf4, 0x46, 0xf9, 0xff, 0x00, 0x00, 
			0x56, 0x03, 0xfe, 0x56, 0xd5, 0xfd, 0x00, 0x20, 0x00, 0x0c, 0x11, 0x10, 0x49, 0x13, 0x00, 0x48, 
			0x13, 0x10, 0x20, 0x00, 0x0c, 0x00, 0x41, 0xd0, 0xff, 0x40, 0xd2, 0x13, 0x41, 0xd0, 0xff, 0x40, 
			0xd3, 0x13, 0x41, 0xcf, 0xff, 0x40, 0xd4, 0x13, 0x51, 0xcf, 0xff, 0x42, 0x65, 0x00, 0x41, 0xce, 
			0xff, 0x40, 0xd5, 0x13, 0x51, 0xce, 0xff, 0x42, 0x65, 0x00, 0xc5, 0x00, 0x00, 0x00, 0x00, 0x00, 
			0x36, 0x81, 0x00, 0x65, 0xcf, 0x0c, 0x1d, 0xf0, 0x02, 0xa0, 0x00, 0x11, 0xbd, 0x7e, 0x31, 0xbd, 
			0x7e, 0x30, 0xe6, 0x13, 0x10, 0x20, 0x00, 0x61, 0xbc, 0x7e, 0x71, 0xbc, 0x7e, 0x77, 0xb6, 0x33, 
			0x88, 0x06, 0x98, 0x16, 0x8b, 0x66, 0x80, 0xa9, 0xc0, 0x27, 0x6a, 0x03, 0x09, 0x08, 0x4b, 0x88, 
			0x37, 0x6a, 0x05, 0x09, 0x08, 0x09, 0x18, 0x8b, 0x88, 0xa0, 0xa4, 0x41, 0x9c, 0x1a, 0x0b, 0xaa, 
			0x09, 0x08, 0x02, 0x68, 0x01, 0x02, 0x68, 0x02, 0x02, 0x68, 0x03, 0x82, 0xc8, 0x10, 0x56, 0xca, 
			0xfe, 0x77, 0x36, 0xcb, 0x95, 0x6f, 0x0c, 0x61, 0xae, 0x7e, 0x71, 0xae, 0x7e, 0x81, 0xae, 0x7e, 
			0x91, 0xaf, 0x7e, 0xa1, 0xaf, 0x7e, 0x68, 0x06, 0x95, 0x5a, 0x0c, 0x61, 0xa9, 0x7e, 0x71, 0xa9, 
			0x7e, 0x81, 0xa9, 0x7e, 0x68, 0x06, 0x95, 0x52, 0x0b, 0xd5, 0x5b, 0x0c, 0x36, 0x41, 0x00, 0x0c, 
			0x03, 0x21, 0xa8, 0x7e, 0x28, 0x02, 0x37, 0x12, 0x02, 0x06, 0x0e, 0x00, 0x0c, 0x04, 0x31, 0xa6, 
			0x7e, 0x38, 0x03, 0x38, 0x03, 0x47, 0x13, 0x25, 0xa1, 0xa4, 0x7e, 0x91, 0xa3, 0x7e, 0x98, 0x09, 
			0x4b, 0x99, 0x99, 0x0a, 0x81, 0xa1, 0x7e, 0x88, 0x08, 0x82, 0xd8, 0xff, 0x82, 0x28, 0x3f, 0xe0, 
			0x08, 0x00, 0x0c, 0x0b, 0xa1, 0x9d, 0x7e, 0xa8, 0x0a, 0xa8, 0x0a, 0xb7, 0x9a, 0xd9, 0xc1, 0x99, 
			0x7e, 0x0c, 0x1b, 0xb9, 0x0c, 0x1d, 0xf0, 0x00, 0x36, 0x41, 0x00, 0x1d, 0xf0, 0x00, 0x00, 0x00, 
			0x36, 0x41, 0x00, 0x0c, 0xac, 0x91, 0x95, 0x7e, 0x0c, 0x13, 0x71, 0x95, 0x7e, 0x0c, 0x0b, 0x81, 
			0x95, 0x7e, 0xc0, 0x20, 0x00, 0x92, 0x68, 0x7e, 0x61, 0x94, 0x7e, 0xc0, 0x20, 0x00, 0x0c, 0x49, 
			0xa2, 0xa0, 0x80, 0xd2, 0xa0, 0xfa, 0x51, 0x91, 0x7e, 0x1c, 0x0f, 0x41, 0x91, 0x7e, 0x62, 0x68, 
			0x80, 0xe8, 0x32, 0x1c, 0x48, 0x79, 0x5e, 0xb2, 0x4e, 0x51, 0x49, 0x7e, 0xf2, 0x4e, 0x47, 0x59, 
			0x4e, 0xd2, 0x4e, 0x34, 0x0c, 0x25, 0x68, 0x22, 0x42, 0xa3, 0x80, 0xd2, 0xd6, 0x03, 0x4a, 0x46, 
			0xaa, 0xa6, 0xb2, 0x4a, 0xb0, 0xb2, 0x4a, 0xaf, 0xb2, 0x4a, 0xae, 0xb2, 0x4a, 0xad, 0xb2, 0x4a, 
			0xac, 0xb2, 0x4a, 0xab, 0x52, 0x4a, 0x94, 0x51, 0x83, 0x7e, 0xb2, 0x44, 0x1a, 0xb2, 0x44, 0x06, 
			0xb2, 0x44, 0x00, 0xb2, 0x4a, 0xd2, 0xb2, 0x4a, 0xc1, 0xb2, 0x4a, 0xc0, 0xb2, 0x4d, 0x7a, 0xc2, 
			0x4a, 0xa9, 0xc2, 0x4a, 0xa8, 0xc2, 0x4a, 0xa7, 0xc2, 0x4a, 0xa6, 0xb2, 0x4a, 0xba, 0xb2, 0x4a, 
			0xb9, 0xb2, 0x4a, 0xb7, 0xb2, 0x4a, 0xb6, 0xb2, 0x4a, 0xb5, 0xb2, 0x4a, 0xb4, 0xb2, 0x4a, 0xb3, 
			0x32, 0x4a, 0xaa, 0x92, 0x4a, 0xa1, 0x82, 0x44, 0x26, 0x79, 0xf6, 0x59, 0xc6, 0x32, 0x44, 0x33, 
			0x1d, 0xf0, 0x00, 0x00, 0x36, 0x41, 0x00, 0x0c, 0x09, 0x31, 0x6a, 0x7e, 0xc0, 0x20, 0x00, 0x92, 
			0x63, 0xa4, 0xc0, 0x20, 0x00, 0x92, 0x63, 0xa5, 0xc0, 0x20, 0x00, 0x52, 0x23, 0x80, 0xc0, 0x20, 
			0x00, 0x42, 0x23, 0x7c, 0x50, 0x60, 0x75, 0x50, 0x88, 0x41, 0x80, 0x88, 0x01, 0x00, 0x66, 0x11, 
			0x80, 0x66, 0x20, 0x40, 0x44, 0x35, 0x82, 0xa1, 0x00, 0x80, 0x66, 0x20, 0xc0, 0x20, 0x00, 0x62, 
			0x63, 0xa4, 0x50, 0x50, 0x74, 0x80, 0x44, 0x11, 0x50, 0x44, 0x20, 0xc0, 0x20, 0x00, 0x42, 0x63, 
			0xa5, 0x3c, 0x22, 0xc0, 0x20, 0x00, 0x22, 0x63, 0xb4, 0x1d, 0xf0, 0x00, 0x36, 0x41, 0x00, 0x65, 
			0xdd, 0x0c, 0x2d, 0x0a, 0x1d, 0xf0, 0x00, 0x00, 0x36, 0x41, 0x00, 0x62, 0xa0, 0x02, 0x71, 0x56, 
			0x7e, 0x51, 0x56, 0x7e, 0x42, 0xa0, 0x80, 0x31, 0x56, 0x7e, 0xa2, 0x22, 0x03, 0xd2, 0xa2, 0x80, 
			0xa2, 0x0a, 0x34, 0xc1, 0x54, 0x7e, 0x82, 0xca, 0xe0, 0x16, 0xb8, 0x0a, 0x82, 0xca, 0xdf, 0x16, 
			0x58, 0x0a, 0xb2, 0x22, 0x02, 0x1c, 0x89, 0x4a, 0xeb, 0xf2, 0x0e, 0x95, 0x97, 0x9a, 0x13, 0x0b, 
			0xaf, 0x56, 0xea, 0x0a, 0xda, 0x9b, 0x92, 0x09, 0xf2, 0x56, 0x89, 0x10, 0xad, 0x02, 0x65, 0x1b, 
			0x0b, 0x1d, 0xf0, 0x66, 0x1f, 0x41, 0x41, 0x48, 0x7e, 0xc0, 0x20, 0x00, 0xa2, 0x23, 0x80, 0x40, 
			0xaa, 0x10, 0xc0, 0x20, 0x00, 0xa2, 0x63, 0x80, 0x62, 0x4e, 0x95, 0x25, 0xf9, 0xff, 0x98, 0x22, 
			0xb8, 0x32, 0xa9, 0x49, 0xb2, 0x0b, 0x34, 0x66, 0xbb, 0x5b, 0xf1, 0x40, 0x7e, 0xc0, 0x20, 0x00, 
			0xe2, 0x2f, 0x80, 0x40, 0xee, 0x10, 0xc0, 0x20, 0x00, 0xe2, 0x6f, 0x80, 0x0c, 0x1c, 0xd2, 0xa3, 
			0x80, 0xda, 0xd9, 0xc2, 0x4d, 0x16, 0x1d, 0xf0, 0xa2, 0x2b, 0x04, 0xa5, 0x7f, 0x04, 0xa7, 0xb5, 
			0x34, 0xad, 0x02, 0xa5, 0x7e, 0x02, 0xad, 0x02, 0xe5, 0xbe, 0x02, 0xc0, 0x20, 0x00, 0xb2, 0x23, 
			0x80, 0x70, 0xbb, 0x20, 0xc0, 0x20, 0x00, 0xa8, 0x32, 0xb2, 0x63, 0x80, 0xa2, 0x0a, 0x34, 0x4c, 
			0x8f, 0xf7, 0x9a, 0x02, 0x86, 0x1f, 0x00, 0x26, 0xda, 0x7b, 0x98, 0x22, 0x4a, 0x99, 0x62, 0x49, 
			0x94, 0x1d, 0xf0, 0x62, 0x4e, 0x94, 0x1d, 0xf0, 0xb2, 0x22, 0x02, 0x40, 0xeb, 0x80, 0xa2, 0x0e, 
			0x95, 0xd0, 0x9b, 0x80, 0x66, 0x1a, 0xeb, 0x92, 0x09, 0xf3, 0xcc, 0xa9, 0xad, 0x02, 0x25, 0x3e, 
			0x07, 0x1d, 0xf0, 0x62, 0x4e, 0x94, 0x1d, 0xf0, 0x66, 0x19, 0x09, 0xad, 0x02, 0xa5, 0x3f, 0x07, 
			0x1d, 0xf0, 0x00, 0x00, 0x00, 0x26, 0x29, 0x02, 0x86, 0x26, 0x00, 0xc0, 0x20, 0x00, 0xa2, 0x2c, 
			0xc1, 0x07, 0x6a, 0xc1, 0xa2, 0x2b, 0x04, 0xe5, 0x77, 0x04, 0xa7, 0xb5, 0xb8, 0x32, 0xa0, 0x03, 
			0xc0, 0x20, 0x00, 0xc1, 0x14, 0x7e, 0xb2, 0x2c, 0xc0, 0xd2, 0xae, 0xff, 0xd0, 0xbb, 0x10, 0xc0, 
			0x20, 0x00, 0xb2, 0x6c, 0xc0, 0xad, 0x02, 0xa5, 0x4b, 0x07, 0xe8, 0x22, 0xf2, 0xa2, 0x80, 0xfa, 
			0xee, 0x32, 0x4e, 0xf3, 0x1d, 0xf0, 0x98, 0x22, 0x0c, 0x18, 0x4a, 0x99, 0x82, 0x49, 0x97, 0x82, 
			0x49, 0x96, 0x06, 0xde, 0xff, 0x66, 0x19, 0x09, 0xad, 0x02, 0x25, 0x0d, 0x0b, 0x1d, 0xf0, 0x00, 
			0x00, 0x00, 0x66, 0x29, 0x6e, 0xc0, 0x20, 0x00, 0xa2, 0x2c, 0xc1, 0xa0, 0xa0, 0x04, 0x16, 0x4a, 
			0xf6, 0xa2, 0x2b, 0x04, 0xe5, 0x71, 0x04, 0xa7, 0x35, 0x02, 0x06, 0xd6, 0xff, 0x32, 0xa0, 0x03, 
			0xc0, 0x20, 0x00, 0xc1, 0xfc, 0x7d, 0xb2, 0x2c, 0xc0, 0xd2, 0xae, 0xff, 0xd0, 0xbb, 0x10, 0xc0, 
			0x20, 0x00, 0xb2, 0x6c, 0xc0, 0xad, 0x02, 0x65, 0x18, 0x0b, 0xe8, 0x22, 0xf2, 0xa2, 0x80, 0xfa, 
			0xee, 0x32, 0x4e, 0xf2, 0x1d, 0xf0, 0x20, 0xa2, 0x20, 0x25, 0x6e, 0x02, 0x20, 0xa2, 0x20, 0xa5, 
			0xae, 0x02, 0xc0, 0x20, 0x00, 0xb2, 0x23, 0x80, 0x70, 0xbb, 0x20, 0xc0, 0x20, 0x00, 0x0c, 0x09, 
			0xa2, 0xa3, 0x80, 0x88, 0x22, 0xb2, 0x63, 0x80, 0xaa, 0xa8, 0x92, 0x4a, 0x0a, 0x4a, 0x88, 0x62, 
			0x48, 0x95, 0x1d, 0xf0, 0x20, 0xa2, 0x20, 0x65, 0x6b, 0x02, 0x20, 0xa2, 0x20, 0xa5, 0xab, 0x02, 
			0xc0, 0x20, 0x00, 0x92, 0x23, 0x80, 0x70, 0x99, 0x20, 0xc0, 0x20, 0x00, 0x92, 0x63, 0x80, 0x81, 
			0xe4, 0x7d, 0xc0, 0x20, 0x00, 0xf2, 0x23, 0x80, 0x80, 0xff, 0x10, 0xc0, 0x20, 0x00, 0xd2, 0xa0, 
			0x00, 0xe2, 0xa3, 0x80, 0xc8, 0x22, 0xf2, 0x63, 0x80, 0xea, 0xec, 0xd2, 0x4e, 0x0a, 0x4a, 0xcc, 
			0x62, 0x4c, 0x95, 0x1d, 0xf0, 0x00, 0x00, 0x00, 0x36, 0x41, 0x00, 0xa8, 0x32, 0x0c, 0x04, 0xa2, 
			0x0a, 0x34, 0x32, 0xa2, 0x80, 0x26, 0xca, 0x22, 0x2c, 0x1b, 0xb7, 0x1a, 0x1d, 0xb8, 0x22, 0x1c, 
			0x8c, 0xc7, 0x9a, 0x07, 0x3a, 0xdb, 0x42, 0x4d, 0xf5, 0x42, 0x4d, 0xf2, 0x0c, 0x1e, 0xf2, 0xa0, 
			0x80, 0xfa, 0xfb, 0xe2, 0x4f, 0x94, 0xe2, 0x4f, 0x95, 0x1d, 0xf0, 0x88, 0x22, 0xad, 0x02, 0x3a, 
			0x88, 0x42, 0x48, 0xfb, 0x42, 0x48, 0xfc, 0xa5, 0x39, 0x04, 0xb8, 0x22, 0x3a, 0x9b, 0x42, 0x49, 
			0xf4, 0x42, 0x49, 0xf3, 0x06, 0xf5, 0xff, 0x00, 0x36, 0x41, 0x00, 0x0c, 0x38, 0x41, 0xb9, 0x7d, 
			0xc0, 0x20, 0x00, 0xa2, 0x24, 0x94, 0xf2, 0xa0, 0xff, 0xa0, 0xc8, 0x74, 0xa0, 0xd0, 0x75, 0xa0, 
			0x90, 0x75, 0x97, 0x08, 0x08, 0xd0, 0xe0, 0x14, 0xe0, 0xdd, 0xc0, 0xd0, 0xd0, 0x74, 0xf7, 0x9c, 
			0x12, 0xad, 0x02, 0xcd, 0x0d, 0xbd, 0x03, 0x25, 0x0c, 0x00, 0xc0, 0x20, 0x00, 0x32, 0x64, 0xb4, 
			0x0c, 0x02, 0x1d, 0xf0, 0x82, 0xa0, 0xf0, 0x80, 0x8c, 0xc0, 0x16, 0x98, 0x09, 0x92, 0xa0, 0xd0, 
			0x90, 0x9c, 0xc0, 0x16, 0x09, 0x09, 0xf1, 0xae, 0x7d, 0x66, 0x33, 0x55, 0x0c, 0x0e, 0xc0, 0x20, 
			0x00, 0xe2, 0x64, 0xa4, 0xc0, 0x20, 0x00, 0xe2, 0x64, 0xa5, 0xc0, 0x20, 0x00, 0xe2, 0x64, 0xa6, 
			0xc0, 0x20, 0x00, 0xe2, 0x64, 0xa7, 0xc0, 0x20, 0x00, 0xe2, 0x64, 0xa8, 0xc0, 0x20, 0x00, 0xe2, 
			0x64, 0xa9, 0xa0, 0xb8, 0x75, 0xb0, 0xb2, 0x41, 0x16, 0x2b, 0x05, 0x0c, 0x0a, 0x80, 0xcc, 0x11, 
			0xc0, 0xcd, 0x20, 0xc0, 0xda, 0xa0, 0x40, 0xea, 0xa0, 0xfa, 0xdd, 0xc0, 0x20, 0x00, 0xd2, 0x2d, 
			0x80, 0xc0, 0x20, 0x00, 0xd2, 0x6e, 0xa4, 0x1b, 0xaa, 0xa0, 0xa0, 0x74, 0xa7, 0x9b, 0xe3, 0xc6, 
			0x0a, 0x00, 0x66, 0x43, 0x28, 0xa0, 0xb8, 0x75, 0xb0, 0xb2, 0x41, 0x9c, 0xfb, 0xe1, 0x8d, 0x7d, 
			0x40, 0xbb, 0xa0, 0x80, 0xac, 0x11, 0xa0, 0xad, 0x20, 0xfa, 0xaa, 0xc0, 0x20, 0x00, 0xc2, 0x2e, 
			0x95, 0xc0, 0x20, 0x00, 0xc2, 0x6a, 0x80, 0x4b, 0xee, 0x4b, 0xaa, 0xb7, 0x9e, 0xec, 0xc0, 0x20, 
			0x00, 0x32, 0x64, 0xb4, 0x06, 0xd6, 0xff, 0xad, 0x02, 0xbd, 0x03, 0xe5, 0x36, 0x00, 0xc0, 0x20, 
			0x00, 0x32, 0x64, 0xb4, 0x06, 0xd2, 0xff, 0x00, 0x36, 0x41, 0x00, 0x92, 0xa3, 0x80, 0x71, 0x7d, 
			0x7d, 0x82, 0xa0, 0x80, 0xd2, 0xa2, 0x80, 0x3c, 0xce, 0x3c, 0x4a, 0x2c, 0xcc, 0x2c, 0x8f, 0x1c, 
			0x8b, 0x66, 0x33, 0x24, 0x0c, 0x05, 0xc0, 0x20, 0x00, 0x52, 0x67, 0xa4, 0xe6, 0xc4, 0x02, 0xc6, 
			0x25, 0x00, 0x2c, 0x06, 0x47, 0xa6, 0x02, 0xc6, 0x31, 0x00, 0x88, 0x22, 0xda, 0x88, 0x82, 0x08, 
			0xfe, 0xc0, 0x20, 0x00, 0x82, 0x67, 0xa4, 0x1d, 0xf0, 0x66, 0x43, 0x2c, 0xa6, 0xc4, 0x2b, 0x2c, 
			0x0b, 0x47, 0x2b, 0x3d, 0x28, 0x22, 0x9a, 0xc2, 0xc2, 0x0c, 0x00, 0xda, 0xf2, 0x9c, 0x8c, 0xc0, 
			0x20, 0x00, 0xe2, 0x27, 0x95, 0xe2, 0x4f, 0xfe, 0x1d, 0xf0, 0xcc, 0xb4, 0x58, 0x22, 0x8a, 0x55, 
			0xc0, 0x20, 0x00, 0x32, 0x27, 0x95, 0x32, 0x45, 0xab, 0x1d, 0xf0, 0xa6, 0xb4, 0x2e, 0x1c, 0x06, 
			0x47, 0x26, 0x63, 0xa8, 0x22, 0x9a, 0xaa, 0xc0, 0x20, 0x00, 0x82, 0x27, 0x95, 0x82, 0x4a, 0x00, 
			0x1d, 0xf0, 0xa7, 0xa4, 0x02, 0x06, 0x21, 0x00, 0x47, 0xaa, 0x02, 0x86, 0x3b, 0x00, 0xc8, 0x22, 
			0x9a, 0xcc, 0xc0, 0x20, 0x00, 0xb2, 0x27, 0x95, 0xb2, 0x4c, 0x25, 0x1d, 0xf0, 0xe6, 0x84, 0x02, 
			0x06, 0x21, 0x00, 0x0c, 0x8d, 0x47, 0xad, 0x02, 0x06, 0x3b, 0x00, 0xf8, 0x22, 0x8a, 0xff, 0xc0, 
			0x20, 0x00, 0xe2, 0x27, 0x95, 0xe2, 0x4f, 0xad, 0x1d, 0xf0, 0xe6, 0xb4, 0x02, 0x86, 0x20, 0x00, 
			0x1c, 0x05, 0x47, 0xa5, 0x02, 0xc6, 0x3f, 0x00, 0x88, 0x22, 0x9a, 0x88, 0x82, 0x08, 0x00, 0xc0, 
			0x20, 0x00, 0x82, 0x67, 0xa4, 0x1d, 0xf0, 0xb7, 0xa4, 0x02, 0x86, 0x20, 0x00, 0x47, 0xab, 0x02, 
			0xc6, 0x3f, 0x00, 0xa8, 0x22, 0x8a, 0xaa, 0xc0, 0x20, 0x00, 0x92, 0x27, 0x95, 0x92, 0x4a, 0xaf, 
			0x1d, 0xf0, 0xa7, 0xa4, 0x02, 0x06, 0x2d, 0x00, 0x47, 0xaa, 0x02, 0x46, 0x3e, 0x00, 0xb8, 0x22, 
			0x9a, 0xbb, 0xb2, 0x0b, 0x25, 0xc0, 0x20, 0x00, 0xb2, 0x67, 0xa4, 0x1d, 0xf0, 0xc7, 0xa4, 0x02, 
			0x06, 0x3f, 0x00, 0x47, 0xac, 0x02, 0x46, 0x50, 0x00, 0xd8, 0x22, 0x8a, 0xdd, 0xc0, 0x20, 0x00, 
			0xc2, 0x27, 0x95, 0xc2, 0x4d, 0xd2, 0x1d, 0xf0, 0xe6, 0x44, 0x02, 0xc6, 0xca, 0xff, 0xa6, 0x54, 
			0x02, 0x06, 0xcd, 0xff, 0xf8, 0x22, 0x8a, 0xff, 0xc0, 0x20, 0x00, 0xe2, 0x27, 0x95, 0xe2, 0x4f, 
			0xac, 0x1d, 0xf0, 0xe6, 0x84, 0x02, 0x46, 0x38, 0x00, 0x0c, 0x85, 0x47, 0xa5, 0x02, 0x86, 0x53, 
			0x00, 0x98, 0x22, 0x8a, 0x99, 0x92, 0x09, 0xad, 0xc0, 0x20, 0x00, 0x92, 0x67, 0xa4, 0x1d, 0xf0, 
			0xa2, 0xc4, 0xec, 0x56, 0x2a, 0xf0, 0x28, 0x22, 0x9a, 0xb2, 0xb2, 0x0b, 0x00, 0x16, 0x8b, 0xef, 
			0xda, 0xe2, 0xc0, 0x20, 0x00, 0xc2, 0x27, 0x95, 0xc2, 0x4e, 0xff, 0x1d, 0xf0, 0xe7, 0xa4, 0x02, 
			0x86, 0x30, 0x00, 0x47, 0xae, 0x02, 0xc6, 0x4a, 0x00, 0x38, 0x22, 0xc0, 0x20, 0x00, 0xf2, 0x27, 
			0x95, 0xf0, 0xf0, 0x74, 0xf9, 0xf3, 0x1d, 0xf0, 0x52, 0xc4, 0xf4, 0x56, 0xa5, 0xec, 0xa8, 0x22, 
			0x8a, 0xaa, 0xc0, 0x20, 0x00, 0x92, 0x27, 0x95, 0x92, 0x4a, 0xae, 0x1d, 0xf0, 0xc7, 0xa4, 0x02, 
			0x06, 0x2f, 0x00, 0x47, 0xac, 0x02, 0x06, 0x44, 0x00, 0xb8, 0x22, 0x8a, 0xbb, 0xb2, 0x0b, 0xd2, 
			0xc0, 0x20, 0x00, 0xb2, 0x67, 0xa4, 0x1d, 0xf0, 0xb7, 0xa4, 0x02, 0x06, 0x2f, 0x00, 0x47, 0xab, 
			0x02, 0x86, 0x42, 0x00, 0xc8, 0x22, 0x8a, 0xcc, 0xc2, 0x0c, 0xaf, 0xc0, 0x20, 0x00, 0xc2, 0x67, 
			0xa4, 0x1d, 0xf0, 0xd2, 0xc4, 0xe4, 0x56, 0xfd, 0xe7, 0xf8, 0x22, 0x8a, 0xff, 0xc0, 0x20, 0x00, 
			0xe2, 0x27, 0x95, 0xe2, 0x4f, 0xb0, 0x1d, 0xf0, 0xe7, 0xa4, 0x02, 0x46, 0x3d, 0x00, 0x47, 0xae, 
			0x02, 0xc6, 0x4a, 0x00, 0x58, 0x22, 0x58, 0xf5, 0xc0, 0x20, 0x00, 0x52, 0x67, 0xa4, 0x1d, 0xf0, 
			0xf7, 0xa4, 0x02, 0x86, 0x3c, 0x00, 0x47, 0xaf, 0x02, 0x06, 0x93, 0xff, 0xa8, 0x22, 0x8a, 0xaa, 
			0xc0, 0x20, 0x00, 0x92, 0x27, 0x95, 0x92, 0x4a, 0xc1, 0x1d, 0xf0, 0xe6, 0x44, 0x02, 0x06, 0x3b, 
			0x00, 0xa6, 0x54, 0x02, 0x46, 0x8c, 0xff, 0xb8, 0x22, 0x8a, 0xbb, 0xb2, 0x0b, 0xac, 0xc0, 0x20, 
			0x00, 0xb2, 0x67, 0xa4, 0x1d, 0xf0, 0xc2, 0xc4, 0xc8, 0x56, 0xcc, 0xe1, 0xe8, 0x22, 0x9a, 0xee, 
			0xc0, 0x20, 0x00, 0xd2, 0x27, 0x95, 0xd2, 0x4e, 0x26, 0x1d, 0xf0, 0xf2, 0xc4, 0xd0, 0x56, 0x7f, 
			0xe0, 0x58, 0x22, 0x9a, 0x55, 0xc0, 0x20, 0x00, 0x32, 0x27, 0x95, 0x32, 0x45, 0x0b, 0x1d, 0xf0, 
			0xf7, 0xa4, 0x02, 0xc6, 0x32, 0x00, 0x47, 0xaf, 0x02, 0x06, 0x7b, 0xff, 0x98, 0x22, 0x8a, 0x99, 
			0x92, 0x09, 0xc1, 0xc0, 0x20, 0x00, 0x92, 0x67, 0xa4, 0x1d, 0xf0, 0xa2, 0xc4, 0xec, 0x56, 0x7a, 
			0xdd, 0xb8, 0x22, 0xda, 0xbb, 0xb2, 0x0b, 0xff, 0xc0, 0x20, 0x00, 0xb2, 0x67, 0xa4, 0x1d, 0xf0, 
			0xc2, 0xc4, 0xf4, 0x56, 0x2c, 0xdc, 0xd8, 0x22, 0x8a, 0xdd, 0xd2, 0x0d, 0xae, 0xc0, 0x20, 0x00, 
			0xd2, 0x67, 0xa4, 0x1d, 0xf0, 0xe2, 0xc4, 0xc0, 0x56, 0xde, 0xda, 0x38, 0x22, 0xc0, 0x20, 0x00, 
			0xf2, 0x27, 0x95, 0xf0, 0xf0, 0x74, 0xf9, 0xc3, 0x1d, 0xf0, 0x52, 0xc4, 0xd0, 0x56, 0x85, 0xd9, 
			0x88, 0x22, 0x9a, 0x88, 0x82, 0x08, 0x0b, 0xc0, 0x20, 0x00, 0x82, 0x67, 0xa4, 0x1d, 0xf0, 0x92, 
			0xc4, 0xe4, 0x56, 0x39, 0xd8, 0xa8, 0x22, 0x8a, 0xaa, 0xa2, 0x0a, 0xb0, 0xc0, 0x20, 0x00, 0xa2, 
			0x67, 0xa4, 0x1d, 0xf0, 0xb2, 0xc4, 0xc8, 0x56, 0xeb, 0xd6, 0xc8, 0x22, 0x9a, 0xcc, 0xc2, 0x0c, 
			0x26, 0xc0, 0x20, 0x00, 0xc2, 0x67, 0xa4, 0x1d, 0xf0, 0xd2, 0xc4, 0xdc, 0x56, 0x9d, 0xd5, 0xf8, 
			0x22, 0x8a, 0xff, 0xc0, 0x20, 0x00, 0xe2, 0x27, 0x95, 0xe2, 0x4f, 0xc0, 0x1d, 0xf0, 0x56, 0x74, 
			0xd4, 0x58, 0x22, 0x8a, 0x55, 0x52, 0x05, 0xab, 0xc0, 0x20, 0x00, 0x52, 0x67, 0xa4, 0x1d, 0xf0, 
			0x82, 0xc4, 0xc0, 0x56, 0x28, 0xd3, 0x98, 0x22, 0x98, 0xc9, 0xc0, 0x20, 0x00, 0x92, 0x67, 0xa4, 
			0x1d, 0xf0, 0xa2, 0xc4, 0xdc, 0x56, 0x0a, 0xd2, 0xb8, 0x22, 0x8a, 0xbb, 0xb2, 0x0b, 0xc0, 0xc0, 
			0x20, 0x00, 0xb2, 0x67, 0xa4, 0x1d, 0xf0, 0x00, 0x36, 0x41, 0x00, 0x81, 0xa6, 0x7c, 0xa2, 0xa0, 
			0xf0, 0x92, 0xa0, 0xe0, 0x66, 0x33, 0x15, 0x97, 0x94, 0x3e, 0x68, 0x22, 0x50, 0x32, 0x74, 0x60, 
			0x33, 0xa0, 0x32, 0x23, 0x21, 0xc0, 0x20, 0x00, 0x32, 0x68, 0xa4, 0x1d, 0xf0, 0x66, 0x43, 0x26, 
			0x97, 0x94, 0x12, 0xb8, 0x22, 0x50, 0xa2, 0x74, 0xb0, 0xaa, 0xa0, 0xc0, 0x20, 0x00, 0x92, 0x28, 
			0x95, 0x92, 0x6a, 0x21, 0x1d, 0xf0, 0xa7, 0x94, 0x0d, 0x8a, 0xd5, 0xc0, 0x20, 0x00, 0xc2, 0x28, 
			0x95, 0xc0, 0x20, 0x00, 0xc2, 0x6d, 0x80, 0x1d, 0xf0, 0xa7, 0x94, 0xfa, 0x8a, 0xe5, 0xc0, 0x20, 
			0x00, 0xe2, 0x2e, 0x80, 0xc0, 0x20, 0x00, 0xe2, 0x68, 0xa4, 0x1d, 0xf0, 0x36, 0x41, 0x00, 0x31, 
			0x94, 0x7c, 0x41, 0x8c, 0x7c, 0xc0, 0x20, 0x00, 0x22, 0x24, 0x94, 0x81, 0x96, 0x7c, 0x87, 0x62, 
			0x11, 0xc0, 0x20, 0x00, 0x52, 0x23, 0x84, 0x80, 0x55, 0x10, 0xc0, 0x20, 0x00, 0x52, 0x63, 0x84, 
			0x46, 0x04, 0x00, 0xa1, 0x91, 0x7c, 0xc0, 0x20, 0x00, 0x92, 0x23, 0x84, 0xa0, 0x99, 0x20, 0xc0, 
			0x20, 0x00, 0x92, 0x63, 0x84, 0x3c, 0x9b, 0xc0, 0x20, 0x00, 0xb2, 0x64, 0xb4, 0x0c, 0x02, 0x1d, 
			0xf0, 0x00, 0x00, 0x00, 0x36, 0x41, 0x00, 0xad, 0x02, 0xe5, 0xaa, 0xff, 0x1c, 0x12, 0x81, 0x79, 
			0x7c, 0xc0, 0x20, 0x00, 0x22, 0x68, 0xb4, 0x0c, 0x02, 0x1d, 0xf0, 0x00, 0x36, 0xa1, 0x02, 0xb2, 
			0xa3, 0x80, 0x51, 0x74, 0x7c, 0x0c, 0x06, 0x9d, 0x02, 0x22, 0x61, 0x33, 0x41, 0x80, 0x7c, 0xe1, 
			0x80, 0x7c, 0x0c, 0x07, 0x81, 0x82, 0x7c, 0xc1, 0x80, 0x7c, 0x0c, 0x03, 0x0c, 0x0d, 0xd2, 0x61, 
			0x3c, 0x32, 0x61, 0x3f, 0xc2, 0x61, 0x34, 0x82, 0x61, 0x2b, 0x72, 0x61, 0x2c, 0xe2, 0x61, 0x3b, 
			0x42, 0x61, 0x3e, 0x0c, 0x02, 0x41, 0x77, 0x7c, 0xe8, 0x39, 0xe2, 0x61, 0x42, 0xe2, 0x0e, 0x34, 
			0x0c, 0x07, 0x82, 0xce, 0xf8, 0x16, 0xf8, 0x42, 0x0c, 0x0a, 0xc1, 0x76, 0x7c, 0x0c, 0x03, 0x91, 
			0x76, 0x7c, 0x81, 0x73, 0x7c, 0x82, 0x61, 0x27, 0x92, 0x61, 0x31, 0x32, 0x61, 0x28, 0xc2, 0x61, 
			0x35, 0xa2, 0x61, 0x36, 0x0c, 0x0c, 0xa1, 0x72, 0x7c, 0x31, 0x70, 0x7c, 0x0c, 0x09, 0x0c, 0x08, 
			0x82, 0x61, 0x32, 0x92, 0x61, 0x26, 0x32, 0x61, 0x39, 0xa2, 0x61, 0x25, 0xc2, 0x61, 0x3a, 0x0c, 
			0x0a, 0xc1, 0x6c, 0x7c, 0x31, 0x5d, 0x7c, 0x91, 0x6d, 0x7c, 0x81, 0x6b, 0x7c, 0x82, 0x61, 0x2f, 
			0x92, 0x61, 0x30, 0x81, 0x6b, 0x7c, 0x91, 0x6b, 0x7c, 0x92, 0x61, 0x2e, 0x82, 0x61, 0x2d, 0x0c, 
			0x09, 0x81, 0x69, 0x7c, 0x82, 0x61, 0x37, 0x92, 0x61, 0x38, 0x81, 0x68, 0x7c, 0x91, 0x68, 0x7c, 
			0x92, 0x61, 0x2a, 0x82, 0x61, 0x29, 0x91, 0x4e, 0x7c, 0x82, 0xce, 0xf0, 0x16, 0x68, 0x24, 0xf2, 
			0xce, 0xe8, 0x16, 0xbf, 0x28, 0xd1, 0x63, 0x7c, 0x0c, 0x0f, 0xa9, 0x81, 0xc9, 0x91, 0x66, 0xce, 
			0x02, 0x46, 0x15, 0x02, 0x0c, 0x8a, 0x82, 0xce, 0xdf, 0x16, 0x18, 0x0c, 0x91, 0x5f, 0x7c, 0xc2, 
			0xce, 0xc0, 0x16, 0xcc, 0x2a, 0xd2, 0xce, 0xb8, 0x16, 0xad, 0x31, 0x22, 0x61, 0x41, 0x72, 0x61, 
			0x40, 0x3d, 0x02, 0x6d, 0x07, 0x0c, 0x09, 0xe2, 0x21, 0x33, 0x0c, 0x0d, 0xe8, 0x2e, 0xe2, 0x61, 
			0x3d, 0xba, 0xee, 0xf2, 0x0e, 0x2d, 0xbd, 0x07, 0xad, 0x02, 0x66, 0x1f, 0x15, 0xc0, 0x20, 0x00, 
			0x92, 0x25, 0x54, 0x1b, 0x99, 0xc0, 0x20, 0x00, 0x92, 0x65, 0x54, 0x0c, 0x08, 0x82, 0x4e, 0x2d, 
			0x46, 0x27, 0x00, 0x26, 0x19, 0x02, 0xc6, 0x25, 0x00, 0xe2, 0x21, 0x42, 0x22, 0xa0, 0x61, 0xe2, 
			0x0e, 0x34, 0xf1, 0x4a, 0x7c, 0x26, 0x8e, 0x31, 0x0c, 0x0c, 0x66, 0xbe, 0x02, 0xc6, 0x80, 0x02, 
			0x1c, 0x88, 0x87, 0x9e, 0x02, 0xc6, 0x7e, 0x02, 0x2c, 0x19, 0xe7, 0x29, 0x05, 0xa6, 0xce, 0x02, 
			0xc6, 0xc4, 0x00, 0x82, 0xce, 0xc0, 0x16, 0xd8, 0x30, 0x4c, 0x89, 0x97, 0x1e, 0x0b, 0xe7, 0x22, 
			0x08, 0x82, 0xa0, 0x60, 0x87, 0x2e, 0x02, 0x06, 0xbf, 0x00, 0x92, 0xa0, 0x00, 0x71, 0x3c, 0x7c, 
			0x16, 0xf9, 0x13, 0xc0, 0x20, 0x00, 0x92, 0x24, 0x9c, 0xd2, 0x61, 0x01, 0xf7, 0x79, 0x45, 0xb2, 
			0x21, 0x40, 0xa2, 0x21, 0x41, 0xd2, 0x21, 0x2b, 0xc2, 0x21, 0x2c, 0xe5, 0xe9, 0x0a, 0xd2, 0x21, 
			0x3b, 0xc2, 0x21, 0x3c, 0x25, 0xe9, 0x0a, 0x7d, 0x0a, 0x2d, 0x0b, 0xc6, 0x10, 0x00, 0xa2, 0x21, 
			0x42, 0xf0, 0xcf, 0x20, 0xb2, 0x2a, 0x03, 0xa2, 0x2a, 0x02, 0x25, 0x29, 0x0b, 0xa6, 0x1a, 0x02, 
			0x86, 0x12, 0x02, 0xc0, 0x20, 0x00, 0xb2, 0x25, 0x4e, 0x1b, 0xbb, 0xc0, 0x20, 0x00, 0xb2, 0x65, 
			0x4e, 0x0c, 0x02, 0x1d, 0xf0, 0xd2, 0x21, 0x40, 0xc2, 0x21, 0x41, 0xd0, 0xbd, 0x20, 0xc0, 0xac, 
			0x20, 0xa5, 0xa9, 0x0a, 0xd2, 0x21, 0x3b, 0xc2, 0x21, 0x3c, 0xe5, 0xe4, 0x0a, 0xa0, 0x7a, 0x20, 
			0x2d, 0x0b, 0xbd, 0x06, 0xd1, 0x20, 0x7c, 0xad, 0x03, 0x0c, 0x0c, 0x0c, 0x03, 0xa5, 0xe3, 0x0a, 
			0xd1, 0x1e, 0x7c, 0x0c, 0x0c, 0x25, 0x0c, 0x0b, 0xd2, 0x21, 0x3e, 0xc2, 0x21, 0x3f, 0xa5, 0xe2, 
			0x0a, 0xa2, 0x61, 0x45, 0xb2, 0x61, 0x44, 0x61, 0x19, 0x7c, 0x42, 0xc3, 0x01, 0xc0, 0x20, 0x00, 
			0x42, 0x65, 0x4d, 0x40, 0xa4, 0x20, 0x25, 0x1b, 0x0c, 0xdd, 0x0b, 0xcd, 0x0a, 0xbd, 0x02, 0xad, 
			0x07, 0x65, 0x09, 0x0b, 0xd2, 0x21, 0x44, 0xc2, 0x21, 0x45, 0xa5, 0x1e, 0x0b, 0xa6, 0x1a, 0x21, 
			0x2b, 0xa3, 0x65, 0x19, 0x0c, 0xdd, 0x0b, 0xcd, 0x0a, 0xbd, 0x02, 0xad, 0x07, 0xa5, 0x07, 0x0b, 
			0xd2, 0x21, 0x44, 0xc2, 0x21, 0x45, 0x25, 0x28, 0x0b, 0xd6, 0x5a, 0x00, 0x40, 0xc0, 0xf4, 0x86, 
			0x01, 0x00, 0x3d, 0x04, 0x67, 0x94, 0xb2, 0x0c, 0x0c, 0x41, 0xee, 0x7b, 0xe2, 0x21, 0x42, 0xd8, 
			0x11, 0xe2, 0x0e, 0x34, 0xf2, 0xa0, 0x61, 0xf7, 0x9e, 0x2a, 0xc0, 0x20, 0x00, 0xa2, 0x24, 0xbc, 
			0xa0, 0xa0, 0x24, 0xc0, 0x20, 0x00, 0x81, 0xfe, 0x7b, 0xf2, 0x21, 0x3d, 0xe2, 0x24, 0xbc, 0xf2, 
			0x2f, 0x1f, 0xe0, 0xe3, 0x44, 0x87, 0x9f, 0x0c, 0x66, 0x2a, 0x09, 0x0c, 0xbb, 0xb7, 0x9e, 0x04, 
			0x1b, 0xcc, 0xc0, 0xc0, 0xf4, 0xf1, 0xf7, 0x7b, 0xc0, 0x20, 0x00, 0x81, 0xf1, 0x7b, 0xe2, 0x24, 
			0x9c, 0x80, 0xee, 0x10, 0xe0, 0xec, 0x20, 0xf0, 0xee, 0x20, 0xc0, 0x20, 0x00, 0xe2, 0x64, 0x9c, 
			0x86, 0x03, 0x00, 0xc0, 0x20, 0x00, 0x92, 0x24, 0x9c, 0x70, 0x99, 0x10, 0xc0, 0x20, 0x00, 0x92, 
			0x64, 0x9c, 0xc1, 0xed, 0x7b, 0xe1, 0xed, 0x7b, 0xc0, 0xcd, 0x10, 0xc0, 0x20, 0x00, 0xb2, 0x24, 
			0x81, 0xe0, 0xbb, 0x10, 0xc0, 0xbb, 0x20, 0xc0, 0x20, 0x00, 0xb2, 0x64, 0x81, 0xa2, 0x21, 0x3d, 
			0x0c, 0x13, 0xa2, 0xda, 0x01, 0x32, 0x4a, 0x3a, 0x25, 0x59, 0xff, 0xd2, 0x21, 0x33, 0xd8, 0x2d, 
			0xe2, 0xa3, 0x80, 0xa2, 0x6d, 0x1d, 0xea, 0xdd, 0x32, 0x4d, 0x0a, 0x32, 0x4d, 0x12, 0x0c, 0x0e, 
			0xe2, 0x4d, 0x11, 0x86, 0xae, 0xff, 0xc0, 0x20, 0x00, 0xe2, 0x29, 0xb7, 0xe0, 0xec, 0x05, 0x16, 
			0xbe, 0x0a, 0xc0, 0x20, 0x00, 0x82, 0x24, 0x80, 0x30, 0x88, 0x10, 0xc0, 0x20, 0x00, 0x82, 0x64, 
			0x80, 0xc0, 0x20, 0x00, 0xf2, 0x24, 0xa0, 0xf0, 0xfc, 0x25, 0xc0, 0x20, 0x00, 0xd2, 0x24, 0xa0, 
			0xd0, 0xd8, 0x34, 0xc0, 0x20, 0x00, 0x92, 0x24, 0xa0, 0x90, 0x94, 0x24, 0xc0, 0x20, 0x00, 0xe2, 
			0x24, 0xa0, 0xe0, 0xe0, 0x24, 0x56, 0x2f, 0x11, 0xf2, 0x21, 0x28, 0xb2, 0x21, 0x27, 0x86, 0x5a, 
			0x00, 0x91, 0xcb, 0x7b, 0xc0, 0x20, 0x00, 0xc2, 0x29, 0xb4, 0xc0, 0xc7, 0x05, 0x16, 0x7c, 0x0d, 
			0xc0, 0x20, 0x00, 0xd2, 0x29, 0xb4, 0xd0, 0xd0, 0x15, 0xd2, 0xcd, 0xfd, 0x16, 0x8d, 0x0c, 0xc0, 
			0x20, 0x00, 0xc2, 0x24, 0x80, 0x30, 0xcc, 0x10, 0xc0, 0x20, 0x00, 0xa2, 0x21, 0x42, 0xc2, 0x64, 
			0x80, 0xa2, 0x0a, 0x35, 0xe2, 0xca, 0xf8, 0x56, 0x3e, 0x19, 0xf1, 0xbe, 0x7b, 0x0c, 0x0b, 0x46, 
			0x21, 0x01, 0xc0, 0x20, 0x00, 0xd2, 0x29, 0xe3, 0x07, 0x7d, 0x45, 0xc0, 0x20, 0x00, 0xc2, 0x24, 
			0x80, 0x30, 0xcc, 0x10, 0xc0, 0x20, 0x00, 0xc2, 0x64, 0x80, 0xc0, 0x20, 0x00, 0x92, 0x29, 0xe2, 
			0x90, 0x98, 0x24, 0x56, 0x69, 0x56, 0x0c, 0x4d, 0xd2, 0x61, 0x43, 0x46, 0xc0, 0x01, 0x3d, 0x02, 
			0x6d, 0x07, 0xad, 0x02, 0xbd, 0x07, 0x72, 0x61, 0x40, 0x22, 0x61, 0x41, 0x0c, 0x09, 0xe2, 0x21, 
			0x33, 0xf2, 0xa3, 0x80, 0xe8, 0x2e, 0xe2, 0x61, 0x3d, 0xfa, 0xee, 0xf2, 0x0e, 0x2d, 0xc6, 0x07, 
			0x00, 0x3d, 0x02, 0x6d, 0x07, 0xad, 0x02, 0xbd, 0x07, 0x72, 0x61, 0x40, 0x22, 0x61, 0x41, 0x0c, 
			0x09, 0xe2, 0x21, 0x33, 0xf2, 0xa3, 0x80, 0xe8, 0x2e, 0xe2, 0x61, 0x3d, 0xfa, 0xee, 0xf2, 0x0e, 
			0x2d, 0x0c, 0x0d, 0xc6, 0x40, 0xff, 0xc0, 0x20, 0x00, 0xf2, 0x29, 0xe3, 0xf0, 0xf0, 0x05, 0x16, 
			0xaf, 0x0e, 0xc0, 0x20, 0x00, 0xa2, 0x24, 0x80, 0x30, 0xaa, 0x10, 0xc0, 0x20, 0x00, 0xa2, 0x64, 
			0x80, 0xc0, 0x20, 0x00, 0x92, 0x29, 0xe2, 0x90, 0x98, 0x24, 0x82, 0xc9, 0xfe, 0x56, 0x08, 0x4c, 
			0xc1, 0x96, 0x7b, 0xc9, 0x11, 0xc6, 0x31, 0x01, 0xad, 0x02, 0xbd, 0x07, 0x0c, 0x09, 0x6d, 0x07, 
			0x3d, 0x02, 0x22, 0x61, 0x41, 0x72, 0x61, 0x40, 0xe2, 0x21, 0x33, 0xf2, 0xa3, 0x80, 0xe8, 0x2e, 
			0xe2, 0x61, 0x3d, 0xfa, 0xee, 0xf2, 0x0e, 0x2d, 0x46, 0xe9, 0xff, 0x66, 0x1f, 0x4d, 0xf2, 0x21, 
			0x26, 0xb2, 0x21, 0x25, 0x06, 0x15, 0x00, 0xf0, 0xdf, 0x20, 0xe5, 0xbb, 0x0a, 0x65, 0x13, 0x0b, 
			0xa0, 0xda, 0x20, 0x0c, 0x19, 0x06, 0x3d, 0xff, 0xa2, 0x21, 0x42, 0xa2, 0x2a, 0x07, 0xa5, 0xf4, 
			0x0b, 0x60, 0xc6, 0x20, 0xd2, 0x21, 0x34, 0x25, 0xe3, 0x0a, 0xb2, 0x61, 0x40, 0x3d, 0x02, 0x6d, 
			0x07, 0xa2, 0x61, 0x41, 0x0c, 0x19, 0xd1, 0x7d, 0x7b, 0xe2, 0x21, 0x33, 0xf2, 0xa3, 0x80, 0xe8, 
			0x2e, 0xe2, 0x61, 0x3d, 0xfa, 0xee, 0xf2, 0x0e, 0x2d, 0x46, 0x16, 0xff, 0x66, 0x2f, 0x08, 0xf2, 
			0x21, 0x3f, 0xb2, 0x21, 0x3e, 0xc6, 0x00, 0x00, 0xfd, 0x0a, 0xbd, 0x0c, 0x0c, 0x6a, 0x0c, 0x43, 
			0xcc, 0x69, 0x0c, 0x28, 0x82, 0x61, 0x43, 0x46, 0x02, 0x00, 0x0b, 0x89, 0xcd, 0x0a, 0x80, 0xc3, 
			0x83, 0xc2, 0x61, 0x43, 0x69, 0x21, 0xcc, 0x7e, 0x62, 0x21, 0x3c, 0x32, 0x21, 0x3b, 0x06, 0x17, 
			0x00, 0x69, 0x21, 0x66, 0x1e, 0x08, 0x62, 0x21, 0x30, 0x32, 0x21, 0x2f, 0x86, 0x13, 0x00, 0x69, 
			0x21, 0x66, 0x2e, 0x35, 0x62, 0x21, 0x36, 0x32, 0x21, 0x35, 0x06, 0x10, 0x00, 0x22, 0x61, 0x41, 
			0x72, 0x61, 0x40, 0x0c, 0x09, 0x0c, 0x0d, 0x3d, 0x02, 0x6d, 0x07, 0xe2, 0x21, 0x33, 0xf2, 0xa3, 
			0x80, 0xe8, 0x2e, 0xe2, 0x61, 0x3d, 0xfa, 0xee, 0xf2, 0x0e, 0x2d, 0xc6, 0xf9, 0xfe, 0xf2, 0xca, 
			0xf9, 0x56, 0x6f, 0x2e, 0xf1, 0x5b, 0x7b, 0x86, 0x98, 0xff, 0x69, 0x21, 0x66, 0x3e, 0x08, 0x62, 
			0x21, 0x2e, 0x32, 0x21, 0x2d, 0x46, 0x01, 0x00, 0x62, 0x21, 0x32, 0x32, 0x21, 0x31, 0xa9, 0x31, 
			0xb9, 0x41, 0xf9, 0x71, 0x0c, 0xf8, 0x87, 0x9d, 0x0e, 0x22, 0x61, 0x16, 0x72, 0x61, 0x21, 0xa9, 
			0x31, 0xb9, 0x41, 0xf9, 0x71, 0x86, 0x02, 0x00, 0xad, 0x0d, 0xe5, 0xe6, 0x0b, 0xa2, 0x61, 0x16, 
			0xb2, 0x61, 0x21, 0xb8, 0x41, 0xa8, 0x71, 0xd2, 0x21, 0x37, 0xc2, 0x21, 0x38, 0xe5, 0x6f, 0x0a, 
			0xe2, 0x21, 0x42, 0xdd, 0x0b, 0xcd, 0x0a, 0xb2, 0x21, 0x37, 0xa2, 0x21, 0x38, 0xf8, 0x3e, 0xf2, 
			0x61, 0x22, 0xe8, 0x2e, 0xe2, 0x61, 0x1f, 0x25, 0xd3, 0x0a, 0xd1, 0x42, 0x7b, 0x0c, 0x0c, 0xa5, 
			0xa9, 0x0a, 0xd2, 0x21, 0x29, 0xc2, 0x21, 0x2a, 0xe5, 0xa8, 0x0a, 0xa2, 0x61, 0x24, 0xb2, 0x61, 
			0x23, 0xa2, 0x21, 0x43, 0xe5, 0xe2, 0x0b, 0xd2, 0x21, 0x23, 0xc2, 0x21, 0x24, 0xa5, 0xa7, 0x0a, 
			0xd2, 0x21, 0x22, 0xc2, 0x21, 0x1f, 0xa2, 0x61, 0x15, 0xb2, 0x61, 0x14, 0xad, 0x06, 0xbd, 0x03, 
			0x65, 0xa6, 0x0a, 0xdd, 0x0b, 0xcd, 0x0a, 0xb2, 0x21, 0x14, 0xa2, 0x21, 0x15, 0xa5, 0xa5, 0x0a, 
			0x32, 0x21, 0x21, 0x62, 0x21, 0x16, 0xd2, 0x21, 0x39, 0xc2, 0x21, 0x3a, 0xa5, 0xcd, 0x0a, 0xdd, 
			0x03, 0xcd, 0x06, 0x65, 0xa4, 0x0a, 0xd2, 0x21, 0x3e, 0xc2, 0x21, 0x3f, 0xa5, 0xa3, 0x0a, 0xb2, 
			0x61, 0x17, 0xa2, 0x61, 0x18, 0xc0, 0x20, 0x00, 0xd2, 0x24, 0xa1, 0xd0, 0xd8, 0x35, 0xc0, 0x20, 
			0x00, 0x92, 0x24, 0xa1, 0x90, 0x94, 0x25, 0xc0, 0x20, 0x00, 0xe2, 0x24, 0xa1, 0xe0, 0xe0, 0x25, 
			0xcc, 0x69, 0x0c, 0x2f, 0xf2, 0x61, 0x43, 0xc6, 0x02, 0x00, 0x0b, 0xc9, 0x88, 0x31, 0x0c, 0x4a, 
			0xc0, 0x8a, 0x83, 0x82, 0x61, 0x43, 0xcc, 0x7e, 0x62, 0x21, 0x3c, 0x32, 0x21, 0x3b, 0x46, 0x0a, 
			0x00, 0x66, 0x1e, 0x08, 0x62, 0x21, 0x30, 0x32, 0x21, 0x2f, 0x46, 0x07, 0x00, 0x66, 0x2e, 0x08, 
			0x62, 0x21, 0x36, 0x32, 0x21, 0x35, 0x46, 0x04, 0x00, 0x66, 0x3e, 0x08, 0x62, 0x21, 0x2e, 0x32, 
			0x21, 0x2d, 0x46, 0x01, 0x00, 0x62, 0x21, 0x32, 0x32, 0x21, 0x31, 0x0c, 0xfe, 0xe7, 0x9d, 0x08, 
			0x22, 0x61, 0x16, 0x72, 0x61, 0x21, 0x86, 0x02, 0x00, 0xad, 0x0d, 0xe5, 0xd5, 0x0b, 0xa2, 0x61, 
			0x16, 0xb2, 0x61, 0x21, 0xa2, 0x21, 0x43, 0xe5, 0xd5, 0x0b, 0xd2, 0x21, 0x23, 0xc2, 0x21, 0x24, 
			0x65, 0x9a, 0x0a, 0xd2, 0x21, 0x22, 0xc2, 0x21, 0x1f, 0xa2, 0x61, 0x1a, 0xb2, 0x61, 0x19, 0xad, 
			0x06, 0xbd, 0x03, 0x65, 0x99, 0x0a, 0xdd, 0x0b, 0xcd, 0x0a, 0xb2, 0x21, 0x19, 0xa2, 0x21, 0x1a, 
			0x65, 0x98, 0x0a, 0x32, 0x21, 0x21, 0x62, 0x21, 0x16, 0xd2, 0x21, 0x39, 0xc2, 0x21, 0x3a, 0xa5, 
			0xc0, 0x0a, 0xdd, 0x03, 0xcd, 0x06, 0x25, 0x97, 0x0a, 0xd2, 0x21, 0x3e, 0xc2, 0x21, 0x3f, 0xa5, 
			0x96, 0x0a, 0xb9, 0xd1, 0xa9, 0xc1, 0x0c, 0xff, 0xc0, 0x20, 0x00, 0xd2, 0x24, 0xa1, 0xd0, 0xd8, 
			0x34, 0xc0, 0x20, 0x00, 0x92, 0x24, 0xa1, 0x90, 0x94, 0x24, 0xc0, 0x20, 0x00, 0xe2, 0x24, 0xa1, 
			0x79, 0x01, 0xe0, 0xe0, 0x24, 0xcc, 0x39, 0x0c, 0x27, 0x06, 0x02, 0x00, 0x0b, 0xa9, 0x78, 0x31, 
			0x0c, 0x48, 0xa0, 0x78, 0x83, 0xcc, 0x7e, 0x32, 0x21, 0x3c, 0x62, 0x21, 0x3b, 0x46, 0x0a, 0x00, 
			0x66, 0x1e, 0x08, 0x32, 0x21, 0x30, 0x62, 0x21, 0x2f, 0x46, 0x07, 0x00, 0x66, 0x2e, 0x08, 0x32, 
			0x21, 0x36, 0x62, 0x21, 0x35, 0x46, 0x04, 0x00, 0x66, 0x3e, 0x08, 0x32, 0x21, 0x2e, 0x62, 0x21, 
			0x2d, 0x46, 0x01, 0x00, 0x32, 0x21, 0x32, 0x62, 0x21, 0x31, 0xf7, 0x9d, 0x0a, 0x22, 0x61, 0x16, 
			0xc8, 0x01, 0xc2, 0x61, 0x21, 0x86, 0x02, 0x00, 0xad, 0x0d, 0xe5, 0xc8, 0x0b, 0xa2, 0x61, 0x16, 
			0xb2, 0x61, 0x21, 0xa2, 0x21, 0x42, 0x22, 0x21, 0x16, 0xa8, 0x7a, 0xe5, 0xc7, 0x0b, 0xa9, 0xb1, 
			0xb9, 0xa1, 0xd2, 0x21, 0x34, 0xc8, 0x21, 0x25, 0xb6, 0x0a, 0xa2, 0x61, 0x41, 0xb2, 0x61, 0x40, 
			0xad, 0x07, 0x25, 0xc7, 0x0b, 0x72, 0x21, 0x1f, 0xd2, 0x21, 0x23, 0xc2, 0x21, 0x24, 0xa5, 0x8b, 
			0x0a, 0xcd, 0x07, 0xd2, 0x21, 0x22, 0xa2, 0x61, 0x1c, 0xb2, 0x61, 0x1b, 0xad, 0x03, 0xbd, 0x06, 
			0x65, 0x8a, 0x0a, 0xdd, 0x0b, 0xcd, 0x0a, 0xb2, 0x21, 0x1b, 0xa2, 0x21, 0x1c, 0xa5, 0x89, 0x0a, 
			0x32, 0x21, 0x21, 0xd2, 0x21, 0x39, 0xc2, 0x21, 0x3a, 0xe5, 0xb1, 0x0a, 0xdd, 0x03, 0xcd, 0x02, 
			0x65, 0x88, 0x0a, 0x78, 0xc1, 0x28, 0xd1, 0xd2, 0x21, 0x3e, 0xc2, 0x21, 0x3f, 0xa5, 0x87, 0x0a, 
			0xdd, 0x02, 0xcd, 0x07, 0x6d, 0x0b, 0x3d, 0x0a, 0xb2, 0x21, 0x17, 0xa2, 0x21, 0x18, 0xe5, 0x4a, 
			0x0a, 0xdd, 0x06, 0xcd, 0x03, 0x78, 0xb1, 0x28, 0xa1, 0x25, 0x4a, 0x0a, 0xd2, 0x21, 0x2b, 0xc2, 
			0x21, 0x2c, 0x6d, 0x0b, 0x3d, 0x0a, 0xa2, 0x61, 0x47, 0xb2, 0x61, 0x46, 0xad, 0x07, 0xbd, 0x02, 
			0x65, 0x84, 0x0a, 0x72, 0x21, 0x47, 0x22, 0x21, 0x46, 0xdd, 0x0b, 0xcd, 0x0a, 0xb2, 0x21, 0x37, 
			0xa2, 0x21, 0x38, 0x65, 0xac, 0x0a, 0xdd, 0x02, 0xcd, 0x07, 0xe5, 0x82, 0x0a, 0xd2, 0x21, 0x3e, 
			0xc2, 0x21, 0x3f, 0x65, 0x82, 0x0a, 0x0c, 0x19, 0x86, 0xf0, 0xfe, 0x66, 0x6a, 0x05, 0xf1, 0xa2, 
			0x7a, 0x06, 0xde, 0xfe, 0xbd, 0x02, 0xfd, 0x07, 0xc0, 0x20, 0x00, 0xe2, 0x29, 0xb4, 0xe0, 0xe2, 
			0x15, 0x8c, 0xce, 0x0b, 0x8e, 0x16, 0x48, 0x35, 0x31, 0x9d, 0x7a, 0x61, 0x9d, 0x7a, 0x46, 0x01, 
			0x00, 0x31, 0x9c, 0x7a, 0x61, 0x9b, 0x7a, 0xc0, 0x20, 0x00, 0x92, 0x29, 0xb4, 0x90, 0x94, 0x25, 
			0x8c, 0xd9, 0x26, 0x19, 0x13, 0xa2, 0xc9, 0xfe, 0x16, 0xaa, 0x33, 0xc2, 0xc9, 0xfd, 0x16, 0xcc, 
			0x33, 0x0c, 0x2d, 0xd2, 0x61, 0x43, 0x06, 0x01, 0x00, 0x0c, 0x4e, 0xe2, 0x61, 0x43, 0x91, 0x65, 
			0x7a, 0xc0, 0x20, 0x00, 0x92, 0x29, 0x40, 0x90, 0x96, 0x15, 0x66, 0x19, 0x0b, 0xa2, 0xa1, 0xa4, 
			0xb2, 0x61, 0x1e, 0xf2, 0x61, 0x1d, 0x46, 0x04, 0x00, 0xb2, 0x61, 0x1e, 0xf2, 0x61, 0x1d, 0xd2, 
			0xc9, 0xfe, 0xc2, 0xa2, 0x53, 0xa2, 0xa3, 0xb1, 0xd0, 0xac, 0x83, 0xa5, 0xb4, 0x0b, 0xd1, 0x86, 
			0x7a, 0xc2, 0xa0, 0x00, 0x65, 0x3d, 0x0a, 0xb0, 0xdb, 0x20, 0xcd, 0x0a, 0xb1, 0x84, 0x7a, 0x0c, 
			0x0a, 0x65, 0xa1, 0x0a, 0xd2, 0x21, 0x1d, 0xc2, 0x21, 0x1e, 0xe5, 0x77, 0x0a, 0xa2, 0x61, 0x13, 
			0xb2, 0x61, 0x12, 0xa2, 0x21, 0x43, 0xe5, 0xb1, 0x0b, 0xdd, 0x03, 0xcd, 0x06, 0xa5, 0x76, 0x0a, 
			0xdd, 0x0b, 0xcd, 0x0a, 0xb2, 0x21, 0x12, 0xa2, 0x21, 0x13, 0xe5, 0x75, 0x0a, 0x3d, 0x0a, 0xa2, 
			0x21, 0x42, 0x6d, 0x0b, 0xa8, 0x7a, 0x25, 0xaf, 0x0b, 0xd1, 0x75, 0x7a, 0x0c, 0x0c, 0xa5, 0x74, 
			0x0a, 0xdd, 0x0b, 0xcd, 0x0a, 0xbd, 0x06, 0xad, 0x03, 0xe5, 0x9c, 0x0a, 0x0c, 0x19, 0x06, 0xd3, 
			0xfe, 0xe2, 0xc9, 0xfc, 0xd1, 0x70, 0x7a, 0xc2, 0xa0, 0x00, 0xe0, 0xcd, 0x83, 0xc2, 0x61, 0x01, 
			0xa2, 0x21, 0x42, 0xa8, 0x7a, 0x25, 0xac, 0x0b, 0xcd, 0x06, 0xd2, 0x21, 0x34, 0xa5, 0x9a, 0x0a, 
			0xd8, 0x11, 0xb2, 0x61, 0x40, 0xa2, 0x61, 0x41, 0x0c, 0x19, 0x46, 0xfa, 0xfe, 0x0b, 0xc9, 0x56, 
			0xdc, 0x0c, 0x0c, 0x5d, 0xd2, 0x61, 0x43, 0x46, 0x65, 0x00, 0xa2, 0x21, 0x42, 0xf0, 0xcf, 0x20, 
			0xb8, 0x3a, 0xa8, 0x2a, 0x65, 0xb0, 0x0a, 0xe6, 0x1a, 0x02, 0xc6, 0x20, 0xfe, 0xa2, 0x21, 0x42, 
			0xb1, 0x2f, 0x7a, 0xa8, 0x7a, 0x25, 0xa8, 0x0b, 0xcd, 0x06, 0xd2, 0x21, 0x34, 0xa5, 0x96, 0x0a, 
			0xa2, 0x61, 0x41, 0xb2, 0x61, 0x40, 0xcd, 0x0a, 0xdd, 0x0b, 0xc0, 0x20, 0x00, 0x91, 0x27, 0x7a, 
			0xe2, 0x29, 0xb0, 0xe0, 0xe8, 0x05, 0x16, 0x6e, 0x1f, 0x0c, 0x1a, 0xc0, 0x20, 0x00, 0x81, 0x20, 
			0x7a, 0x82, 0x28, 0xb7, 0x80, 0x8c, 0x05, 0x16, 0x58, 0x1e, 0xc0, 0x20, 0x00, 0x92, 0x24, 0x80, 
			0x30, 0x99, 0x10, 0xc0, 0x20, 0x00, 0x92, 0x64, 0x80, 0xc0, 0x20, 0x00, 0x61, 0x19, 0x7a, 0x82, 
			0x26, 0xb7, 0x80, 0x88, 0x24, 0x89, 0xf1, 0xc0, 0x20, 0x00, 0xb1, 0x18, 0x7a, 0xb2, 0x2b, 0x80, 
			0xb0, 0xb0, 0x04, 0xc0, 0x20, 0x00, 0x92, 0x26, 0xb7, 0x90, 0x9c, 0x14, 0xc0, 0x20, 0x00, 0xf2, 
			0x26, 0xb1, 0xf0, 0xf4, 0x24, 0xc0, 0x20, 0x00, 0x32, 0x26, 0xb7, 0x30, 0x34, 0x24, 0xc0, 0x20, 
			0x00, 0xd9, 0x61, 0xc9, 0x51, 0x42, 0xa3, 0x80, 0xe2, 0x21, 0x33, 0x62, 0x26, 0xb7, 0xe8, 0x2e, 
			0xe2, 0x61, 0x3d, 0x60, 0x60, 0x24, 0x4a, 0xee, 0x41, 0x0f, 0x7a, 0x16, 0xa8, 0x1b, 0xc8, 0xf1, 
			0xb6, 0x4c, 0x02, 0xc6, 0x6b, 0x00, 0x0b, 0xdb, 0x56, 0xbd, 0x32, 0x0c, 0x09, 0x06, 0x6a, 0x00, 
			0xe2, 0xc9, 0xfe, 0x56, 0x2e, 0x0b, 0x0c, 0x6f, 0xf2, 0x61, 0x43, 0x46, 0x30, 0x00, 0xa2, 0x21, 
			0x42, 0xa2, 0x2a, 0x07, 0x25, 0x9c, 0x0b, 0x60, 0xc6, 0x20, 0xd2, 0x21, 0x34, 0xa5, 0x8a, 0x0a, 
			0xa9, 0x51, 0xa2, 0x61, 0x41, 0xb9, 0x61, 0xb2, 0x61, 0x40, 0xc0, 0x20, 0x00, 0xb2, 0x24, 0xa8, 
			0xb0, 0xbb, 0x05, 0x16, 0xcb, 0x12, 0xf1, 0x24, 0x7a, 0xc0, 0x20, 0x00, 0xf2, 0x2f, 0xac, 0xf0, 
			0xf7, 0x05, 0x16, 0xdf, 0x11, 0xc0, 0x20, 0x00, 0x82, 0x24, 0xb1, 0x80, 0x88, 0x35, 0xf6, 0x38, 
			0x02, 0x86, 0x43, 0x00, 0x91, 0x1e, 0x7a, 0xc0, 0x20, 0x00, 0xb2, 0x24, 0x80, 0x30, 0xbb, 0x10, 
			0xc0, 0x20, 0x00, 0xb2, 0x64, 0x80, 0xc0, 0x20, 0x00, 0xa2, 0x24, 0xba, 0xa0, 0xe0, 0x04, 0xa0, 
			0xa0, 0x04, 0x16, 0xba, 0x2b, 0xc0, 0x20, 0x00, 0x92, 0x29, 0x95, 0x90, 0xc0, 0x25, 0x7c, 0x09, 
			0x16, 0xec, 0x5a, 0xc0, 0x20, 0x00, 0xd2, 0x24, 0x84, 0x0c, 0x8f, 0x90, 0xdd, 0x10, 0xf0, 0xdd, 
			0x20, 0xc0, 0x20, 0x00, 0xd2, 0x64, 0x84, 0xc0, 0x20, 0x00, 0xf2, 0x24, 0xa7, 0xf0, 0xfb, 0x05, 
			0x56, 0x6f, 0x29, 0x0b, 0x8e, 0x56, 0x78, 0x2f, 0xc0, 0x20, 0x00, 0x92, 0x24, 0xb6, 0x90, 0x98, 
			0x04, 0x56, 0xf9, 0x59, 0x0c, 0x17, 0xc6, 0x68, 0x01, 0x66, 0x39, 0x07, 0x0c, 0x7a, 0xa2, 0x61, 
			0x43, 0xc6, 0x02, 0x00, 0xd2, 0xc9, 0xfc, 0xc2, 0xa0, 0x00, 0xd0, 0xca, 0x83, 0xc2, 0x61, 0x43, 
			0xa2, 0x21, 0x42, 0xa8, 0x7a, 0x25, 0x90, 0x0b, 0xcd, 0x06, 0x2d, 0x0a, 0x7d, 0x0b, 0xd2, 0x21, 
			0x34, 0x65, 0x7e, 0x0a, 0xa2, 0x61, 0x41, 0xb2, 0x61, 0x40, 0xa2, 0x21, 0x43, 0x65, 0x8f, 0x0b, 
			0xd2, 0x21, 0x29, 0x3d, 0x0a, 0x6d, 0x0b, 0xa2, 0x21, 0x42, 0xc2, 0x21, 0x2a, 0xb8, 0x3a, 0xa8, 
			0x2a, 0x65, 0x53, 0x0a, 0xd2, 0x21, 0x39, 0xc2, 0x21, 0x3a, 0xe5, 0x7b, 0x0a, 0xdd, 0x0b, 0xcd, 
			0x0a, 0xbd, 0x06, 0xad, 0x03, 0x25, 0x52, 0x0a, 0xd2, 0x21, 0x2b, 0xc2, 0x21, 0x2c, 0x6d, 0x0b, 
			0x3d, 0x0a, 0xbd, 0x07, 0xad, 0x02, 0x25, 0x51, 0x0a, 0xd2, 0x21, 0x39, 0xc2, 0x21, 0x3a, 0xa5, 
			0x79, 0x0a, 0xdd, 0x0b, 0xcd, 0x0a, 0xb2, 0x21, 0x37, 0xa2, 0x21, 0x38, 0xa5, 0x78, 0x0a, 0xd2, 
			0x21, 0x3e, 0xc2, 0x21, 0x3f, 0x25, 0x4f, 0x0a, 0xdd, 0x06, 0xcd, 0x03, 0xa5, 0x4e, 0x0a, 0x0c, 
			0x19, 0x06, 0x2b, 0xfe, 0xf0, 0xdf, 0x20, 0x25, 0x4e, 0x0a, 0xa5, 0xa5, 0x0a, 0xa0, 0xda, 0x20, 
			0x86, 0x85, 0xfd, 0x6d, 0x07, 0x3d, 0x02, 0xbd, 0x07, 0xad, 0x02, 0x0c, 0x09, 0x06, 0x24, 0xfe, 
			0x6d, 0x07, 0x3d, 0x02, 0xbd, 0x07, 0xad, 0x02, 0x0c, 0x09, 0xe2, 0x21, 0x33, 0xf2, 0xa3, 0x80, 
			0xe8, 0x2e, 0xe2, 0x61, 0x3d, 0xfa, 0xee, 0xf2, 0x0e, 0x2d, 0xc6, 0x20, 0xfe, 0x31, 0xd0, 0x79, 
			0x61, 0xd1, 0x79, 0x06, 0x2c, 0xff, 0x0c, 0x58, 0x82, 0x61, 0x43, 0xc6, 0x33, 0xff, 0x0c, 0x69, 
			0x92, 0x61, 0x43, 0xc6, 0x31, 0xff, 0xa2, 0x4e, 0x2d, 0xcc, 0x7f, 0xf2, 0x21, 0x28, 0xd2, 0x21, 
			0x27, 0x06, 0x0a, 0x00, 0x66, 0x1f, 0x08, 0xf2, 0x21, 0x26, 0xd2, 0x21, 0x25, 0x06, 0x07, 0x00, 
			0x66, 0x2f, 0x08, 0xf2, 0x21, 0x3f, 0xd2, 0x21, 0x3e, 0x06, 0x04, 0x00, 0x66, 0x3f, 0x06, 0xf8, 
			0x81, 0xd8, 0x91, 0x86, 0x01, 0x00, 0xa2, 0x4e, 0x2d, 0xfd, 0x02, 0xdd, 0x07, 0xcc, 0x69, 0x0c, 
			0x2c, 0xc2, 0x61, 0x43, 0x46, 0x07, 0x00, 0x66, 0x19, 0x07, 0x0c, 0x48, 0x82, 0x61, 0x43, 0x86, 
			0x04, 0x00, 0x66, 0x29, 0x07, 0x0c, 0x69, 0x92, 0x61, 0x43, 0xc6, 0x01, 0x00, 0xa2, 0x4e, 0x2d, 
			0x0c, 0x0c, 0xc2, 0x61, 0x43, 0x16, 0x9b, 0x21, 0xdc, 0x23, 0x62, 0x21, 0x3c, 0x32, 0x21, 0x3b, 
			0xe2, 0x61, 0x48, 0xd9, 0x41, 0x82, 0x0e, 0x2d, 0x82, 0x61, 0x20, 0x86, 0x0e, 0x00, 0x66, 0x13, 
			0x08, 0x62, 0x21, 0x30, 0x32, 0x21, 0x2f, 0x46, 0xf9, 0xff, 0x26, 0x23, 0x11, 0x92, 0xc3, 0xfd, 
			0x56, 0x99, 0x0d, 0xb2, 0x21, 0x2d, 0xc2, 0x21, 0x2e, 0xc2, 0x61, 0x36, 0xb2, 0x61, 0x35, 0x62, 
			0x21, 0x36, 0x32, 0x21, 0x35, 0xc6, 0xf1, 0xff, 0x6d, 0x02, 0x3d, 0x07, 0xe2, 0x61, 0x48, 0xa2, 
			0x4e, 0x2d, 0xd9, 0x41, 0x0c, 0x18, 0x82, 0x61, 0x20, 0xd2, 0x21, 0x39, 0xc2, 0x21, 0x3a, 0xa2, 
			0x21, 0x42, 0xf9, 0x71, 0xb8, 0x3a, 0xa8, 0x2a, 0xe5, 0x65, 0x0a, 0x78, 0x41, 0x28, 0x71, 0xa2, 
			0x61, 0x1e, 0xb2, 0x61, 0x1d, 0xa2, 0x21, 0x43, 0xa5, 0x76, 0x0b, 0xd2, 0x21, 0x37, 0xc2, 0x21, 
			0x38, 0xa2, 0x61, 0x11, 0xb2, 0x61, 0x10, 0xad, 0x02, 0xbd, 0x07, 0x25, 0xff, 0x09, 0xdd, 0x0b, 
			0xcd, 0x0a, 0xb2, 0x21, 0x37, 0xa2, 0x21, 0x38, 0xe5, 0x62, 0x0a, 0xd1, 0x8f, 0x79, 0x0c, 0x0c, 
			0x65, 0x39, 0x0a, 0xd2, 0x21, 0x10, 0xc2, 0x21, 0x11, 0x2d, 0x0b, 0x7d, 0x0a, 0xb2, 0x21, 0x29, 
			0xa2, 0x21, 0x2a, 0x65, 0x38, 0x0a, 0xdd, 0x0b, 0xcd, 0x0a, 0xbd, 0x02, 0xad, 0x07, 0xa5, 0x37, 
			0x0a, 0xd2, 0x21, 0x1d, 0xc2, 0x21, 0x1e, 0x2d, 0x0b, 0x7d, 0x0a, 0xbd, 0x03, 0xad, 0x06, 0xa5, 
			0x36, 0x0a, 0xdd, 0x0b, 0xcd, 0x0a, 0xbd, 0x02, 0xad, 0x07, 0xe5, 0x35, 0x0a, 0xd8, 0x61, 0xc8, 
			0x51, 0x3d, 0x0a, 0x6d, 0x0b, 0x2d, 0x0b, 0x7d, 0x0a, 0xb2, 0x21, 0x37, 0xa2, 0x21, 0x38, 0xa5, 
			0x5d, 0x0a, 0xd2, 0x21, 0x3e, 0xc2, 0x21, 0x3f, 0xe5, 0x33, 0x0a, 0xdd, 0x02, 0xcd, 0x07, 0xa5, 
			0x33, 0x0a, 0xe2, 0x21, 0x48, 0xf2, 0x21, 0x20, 0x0c, 0x19, 0xc6, 0xc0, 0xfd, 0xb2, 0xc3, 0xfc, 
			0x16, 0x5b, 0x31, 0x6d, 0x02, 0x3d, 0x07, 0xe2, 0x61, 0x48, 0xa2, 0x4e, 0x2d, 0xd9, 0x41, 0x0c, 
			0x1c, 0xc2, 0x61, 0x20, 0x46, 0xcc, 0xff, 0x0c, 0x1d, 0x0b, 0x99, 0x90, 0x9d, 0x93, 0xc6, 0x9d, 
			0xff, 0xc0, 0x20, 0x00, 0x92, 0x29, 0x99, 0x06, 0x50, 0xff, 0xc0, 0x20, 0x00, 0x72, 0x24, 0xa8, 
			0x70, 0x70, 0x14, 0xc0, 0x20, 0x00, 0x32, 0x24, 0xa9, 0xd2, 0x21, 0x39, 0xa2, 0x21, 0x42, 0xc2, 
			0x21, 0x3a, 0xb8, 0x3a, 0xa8, 0x2a, 0x25, 0x57, 0x0a, 0xd1, 0x60, 0x79, 0x0c, 0x0c, 0xa5, 0x2d, 
			0x0a, 0xd1, 0x5f, 0x79, 0x0c, 0x0c, 0x25, 0x2d, 0x0a, 0xd1, 0x5e, 0x79, 0x0c, 0x0c, 0xa5, 0x2c, 
			0x0a, 0x6d, 0x0b, 0x2d, 0x0a, 0xbd, 0x07, 0xad, 0x03, 0xe5, 0x69, 0x0b, 0xdd, 0x0b, 0xcd, 0x0a, 
			0xbd, 0x06, 0xad, 0x02, 0x25, 0x54, 0x0a, 0x3d, 0x0a, 0x6d, 0x0b, 0xd8, 0x61, 0xc8, 0x51, 0xa5, 
			0x53, 0x0a, 0xd2, 0x21, 0x3e, 0xc2, 0x21, 0x3f, 0xe5, 0x29, 0x0a, 0x0c, 0x19, 0x06, 0x98, 0xfd, 
			0xc0, 0x20, 0x00, 0xb2, 0x24, 0xb5, 0x07, 0xeb, 0x04, 0x0c, 0x17, 0x06, 0x02, 0x00, 0xc0, 0x20, 
			0x00, 0x72, 0x24, 0xb5, 0x70, 0x78, 0x74, 0xc0, 0x20, 0x00, 0x62, 0x24, 0xb6, 0x60, 0x68, 0x75, 
			0xc0, 0x20, 0x00, 0x22, 0x24, 0xba, 0x20, 0x20, 0x95, 0xc0, 0x20, 0x00, 0x82, 0x24, 0xba, 0xf7, 
			0xe8, 0x66, 0xc0, 0x20, 0x00, 0x82, 0x24, 0xba, 0x80, 0x8c, 0x24, 0x16, 0x88, 0x37, 0xc0, 0x20, 
			0x00, 0x92, 0x24, 0xba, 0x90, 0x9c, 0x24, 0x0b, 0x99, 0x16, 0xc9, 0x37, 0xc0, 0x20, 0x00, 0xa2, 
			0x24, 0xba, 0xa0, 0xac, 0x24, 0xa2, 0xca, 0xfe, 0x16, 0xfa, 0x37, 0xc0, 0x20, 0x00, 0xb2, 0x24, 
			0xba, 0xb0, 0xbc, 0x24, 0xb2, 0xcb, 0xfd, 0x16, 0xcb, 0x37, 0xc0, 0x20, 0x00, 0xc1, 0x36, 0x79, 
			0xd2, 0x24, 0xba, 0xe1, 0x36, 0x79, 0xd0, 0xdc, 0x24, 0xd2, 0xcd, 0xfc, 0xd0, 0xec, 0x83, 0xc6, 
			0x18, 0x00, 0x56, 0xd6, 0x1c, 0x62, 0x21, 0x3c, 0x32, 0x21, 0x3b, 0xe2, 0x61, 0x48, 0xd9, 0x41, 
			0x82, 0x0e, 0x2d, 0x82, 0x61, 0x20, 0xc6, 0x87, 0xff, 0xc0, 0x20, 0x00, 0x92, 0x24, 0xba, 0x90, 
			0x9c, 0x24, 0x16, 0x79, 0x31, 0xc0, 0x20, 0x00, 0xa2, 0x24, 0xba, 0xa0, 0xac, 0x24, 0x0b, 0xaa, 
			0x16, 0xba, 0x31, 0xc0, 0x20, 0x00, 0xb2, 0x24, 0xba, 0xb0, 0xbc, 0x24, 0xb2, 0xcb, 0xfe, 0x16, 
			0xeb, 0x31, 0xc0, 0x20, 0x00, 0xc2, 0x24, 0xba, 0xc0, 0xcc, 0x24, 0xc2, 0xcc, 0xfd, 0x16, 0xbc, 
			0x31, 0xc0, 0x20, 0x00, 0xd1, 0x1f, 0x79, 0xf2, 0x24, 0xba, 0xe1, 0x1e, 0x79, 0xf0, 0xfc, 0x24, 
			0xf2, 0xcf, 0xfc, 0xf0, 0xed, 0x83, 0xc0, 0x20, 0x00, 0xa2, 0xa0, 0xbc, 0xb2, 0x24, 0xa8, 0x92, 
			0xa0, 0xbb, 0xb0, 0xbc, 0x05, 0xb0, 0x9a, 0x83, 0x99, 0xe1, 0xc0, 0x20, 0x00, 0x82, 0x24, 0xb5, 
			0x80, 0x88, 0x25, 0x16, 0x48, 0x22, 0xc0, 0x20, 0x00, 0xc2, 0x24, 0xb5, 0xc0, 0xc8, 0x25, 0x0b, 
			0xcc, 0x16, 0x7c, 0x22, 0xc0, 0x20, 0x00, 0xd2, 0x24, 0xb5, 0xd0, 0xd8, 0x25, 0xd2, 0xcd, 0xfe, 
			0x16, 0xed, 0x21, 0xc0, 0x20, 0x00, 0xf2, 0x24, 0xb5, 0xf0, 0xf8, 0x25, 0xf2, 0xcf, 0xfd, 0x16, 
			0x0f, 0x22, 0xc0, 0x20, 0x00, 0x82, 0x24, 0xb5, 0x80, 0x88, 0x25, 0x26, 0x48, 0x1d, 0xc0, 0x20, 
			0x00, 0x92, 0x24, 0xb5, 0x90, 0x98, 0x25, 0x92, 0xc9, 0xfb, 0x16, 0x59, 0x27, 0xc0, 0x20, 0x00, 
			0xa2, 0x24, 0xb5, 0xa0, 0xa8, 0x25, 0xa2, 0xca, 0xfa, 0x16, 0x8a, 0x27, 0x92, 0xa4, 0x08, 0xc0, 
			0x20, 0x00, 0xb2, 0x24, 0xb5, 0xb0, 0xb1, 0x25, 0x16, 0x5b, 0x1c, 0xc0, 0x20, 0x00, 0xc2, 0x24, 
			0xb5, 0xc0, 0xc1, 0x25, 0xc2, 0xcc, 0xff, 0x16, 0xec, 0x12, 0xc0, 0x20, 0x00, 0xd2, 0x24, 0xb5, 
			0xd0, 0xd1, 0x25, 0xd2, 0xcd, 0xfe, 0x16, 0xed, 0x1b, 0xc0, 0x20, 0x00, 0xf2, 0x24, 0xb5, 0xf0, 
			0xf1, 0x25, 0xf2, 0xcf, 0xfd, 0x16, 0x0f, 0x1c, 0xc0, 0x20, 0x00, 0x82, 0x24, 0xb5, 0x80, 0x81, 
			0x25, 0x82, 0xc8, 0xfc, 0x16, 0x98, 0x20, 0xc0, 0x20, 0x00, 0xa2, 0x24, 0xb5, 0xa0, 0xa1, 0x25, 
			0xa2, 0xca, 0xfa, 0x16, 0x2a, 0x0f, 0xb0, 0x99, 0x11, 0x90, 0x30, 0xf4, 0xf2, 0xa0, 0x01, 0xc0, 
			0x20, 0x00, 0xe0, 0x22, 0xc1, 0x0c, 0x0d, 0xb8, 0xe1, 0xc2, 0x24, 0xb3, 0x70, 0xa6, 0xc1, 0xc0, 
			0xc8, 0xb4, 0xb0, 0xaa, 0x82, 0xfa, 0xcc, 0x30, 0xcc, 0x82, 0xa0, 0xbf, 0x31, 0x0c, 0x03, 0xc2, 
			0xdc, 0x08, 0xa5, 0x70, 0x0a, 0xdd, 0x03, 0x10, 0x40, 0x40, 0xcd, 0x02, 0xa0, 0xbb, 0x81, 0x00, 
			0xaa, 0x11, 0xa5, 0xab, 0x0a, 0xa0, 0xd0, 0x04, 0x0c, 0x1f, 0x0c, 0x0e, 0x00, 0x41, 0x40, 0xa0, 
			0x3b, 0x81, 0xe0, 0xef, 0x93, 0xd0, 0xdf, 0x93, 0xe0, 0xdd, 0x20, 0xb0, 0xe1, 0x41, 0x8c, 0xed, 
			0xfd, 0x0e, 0x1b, 0x73, 0x37, 0xb7, 0x01, 0x1b, 0xfe, 0x3d, 0x07, 0x7d, 0x0f, 0x46, 0x00, 0x00, 
			0x7d, 0x0e, 0x70, 0xb0, 0x14, 0x7c, 0xcc, 0xc0, 0x20, 0x00, 0xa2, 0x24, 0x88, 0xc0, 0xaa, 0x10, 
			0xb0, 0xaa, 0x20, 0xc0, 0x20, 0x00, 0xa2, 0x64, 0x88, 0xc0, 0x20, 0x00, 0x32, 0x64, 0x89, 0x1c, 
			0x09, 0xc0, 0x20, 0x00, 0x82, 0x24, 0x88, 0x90, 0x88, 0x20, 0xc0, 0x20, 0x00, 0x82, 0x64, 0x88, 
			0x46, 0x55, 0xff, 0x66, 0x16, 0x08, 0x62, 0x21, 0x30, 0x32, 0x21, 0x2f, 0xc6, 0x8a, 0xff, 0x26, 
			0x26, 0x0e, 0x66, 0x36, 0x14, 0x82, 0x21, 0x2d, 0x92, 0x21, 0x2e, 0x92, 0x61, 0x36, 0x82, 0x61, 
			0x35, 0x62, 0x21, 0x36, 0x32, 0x21, 0x35, 0x06, 0x84, 0xff, 0xb2, 0xc6, 0xfc, 0x56, 0x7b, 0xc2, 
			0x62, 0x21, 0x32, 0x32, 0x21, 0x31, 0x46, 0x80, 0xff, 0x62, 0x21, 0x32, 0x32, 0x21, 0x31, 0x46, 
			0xf7, 0xfe, 0xc0, 0x20, 0x00, 0xc2, 0x24, 0x84, 0x0c, 0xbd, 0x90, 0xcc, 0x10, 0xd0, 0xcc, 0x20, 
			0xc0, 0x20, 0x00, 0xc2, 0x64, 0x84, 0x46, 0x93, 0xfe, 0x0c, 0x2f, 0xd0, 0x39, 0x11, 0x30, 0x30, 
			0xf4, 0x86, 0xc2, 0xff, 0xc0, 0x20, 0x00, 0x72, 0x24, 0xb6, 0x70, 0x70, 0x75, 0xc0, 0x20, 0x00, 
			0x62, 0x24, 0xb6, 0x60, 0x60, 0x74, 0xc0, 0x20, 0x00, 0x22, 0x24, 0xb7, 0x20, 0x20, 0x95, 0xc0, 
			0x20, 0x00, 0x82, 0x24, 0xb7, 0xf7, 0x68, 0x02, 0x06, 0x21, 0x00, 0xc0, 0x20, 0x00, 0x82, 0x24, 
			0xb7, 0x80, 0x88, 0x24, 0x16, 0xb8, 0x10, 0xc0, 0x20, 0x00, 0x92, 0x24, 0xb7, 0x90, 0x98, 0x24, 
			0x0b, 0x99, 0x16, 0x99, 0x10, 0xc0, 0x20, 0x00, 0xa2, 0x24, 0xb7, 0xa0, 0xa8, 0x24, 0xa2, 0xca, 
			0xfe, 0x16, 0x6a, 0x10, 0xc0, 0x20, 0x00, 0xb2, 0x24, 0xb7, 0xb0, 0xb8, 0x24, 0xb2, 0xcb, 0xfd, 
			0x16, 0x3b, 0x10, 0xc0, 0x20, 0x00, 0xc1, 0x8c, 0x78, 0xd2, 0x24, 0xb7, 0xe1, 0x8c, 0x78, 0xd0, 
			0xd8, 0x24, 0xd2, 0xcd, 0xfc, 0xd0, 0xec, 0x83, 0x86, 0x6e, 0xff, 0x92, 0xa4, 0x20, 0x46, 0x8b, 
			0xff, 0x0c, 0x8f, 0xf0, 0x39, 0x11, 0x30, 0x30, 0xf4, 0x86, 0xa0, 0xff, 0x92, 0xa4, 0x40, 0x06, 
			0x87, 0xff, 0x92, 0xa4, 0x80, 0x86, 0x85, 0xff, 0x0c, 0x4f, 0xe0, 0x39, 0x11, 0x30, 0x30, 0xf4, 
			0xc6, 0x9a, 0xff, 0x92, 0xa5, 0x00, 0x46, 0x81, 0xff, 0x3d, 0x09, 0x1c, 0x0f, 0x86, 0x97, 0xff, 
			0xc0, 0x20, 0x00, 0x82, 0x24, 0xb7, 0x80, 0x88, 0x24, 0x16, 0xc8, 0x08, 0xc0, 0x20, 0x00, 0x92, 
			0x24, 0xb7, 0x90, 0x98, 0x24, 0x66, 0x19, 0x02, 0x46, 0x22, 0x00, 0xc0, 0x20, 0x00, 0xa2, 0x24, 
			0xb7, 0xa0, 0xa8, 0x24, 0x66, 0x2a, 0x02, 0x86, 0x21, 0x00, 0xc0, 0x20, 0x00, 0xb2, 0x24, 0xb7, 
			0xb0, 0xb8, 0x24, 0x66, 0x3b, 0x02, 0xc6, 0x20, 0x00, 0xc0, 0x20, 0x00, 0xc1, 0x6d, 0x78, 0xd2, 
			0x24, 0xb7, 0xe1, 0x6c, 0x78, 0xd0, 0xd8, 0x24, 0xd2, 0xcd, 0xfc, 0xd0, 0xec, 0x83, 0x06, 0x4d, 
			0xff, 0xc0, 0x99, 0x11, 0x46, 0x80, 0xff, 0xe1, 0x68, 0x78, 0x06, 0x4a, 0xff, 0xe1, 0x67, 0x78, 
			0x86, 0x48, 0xff, 0x92, 0xa4, 0x98, 0x46, 0x65, 0xff, 0xe1, 0x65, 0x78, 0x86, 0x45, 0xff, 0xe1, 
			0x65, 0x78, 0x06, 0x44, 0xff, 0x92, 0xa4, 0x4c, 0xc6, 0x60, 0xff, 0xe1, 0x63, 0x78, 0x06, 0x41, 
			0xff, 0xe1, 0x62, 0x78, 0x86, 0x3f, 0xff, 0xe1, 0x62, 0x78, 0x06, 0x3e, 0xff, 0xe1, 0x61, 0x78, 
			0x86, 0x3c, 0xff, 0xe1, 0x59, 0x78, 0x06, 0x3b, 0xff, 0xe1, 0x58, 0x78, 0x86, 0x39, 0xff, 0xe1, 
			0x58, 0x78, 0x06, 0x38, 0xff, 0xe1, 0x57, 0x78, 0x86, 0x36, 0xff, 0xe1, 0x57, 0x78, 0x06, 0x35, 
			0xff, 0xe1, 0x56, 0x78, 0x86, 0x33, 0xff, 0xe1, 0x56, 0x78, 0x06, 0x32, 0xff, 0xe1, 0x55, 0x78, 
			0x86, 0x30, 0xff, 0x00, 0x36, 0x41, 0x00, 0x88, 0x32, 0x0c, 0x14, 0x42, 0x48, 0x50, 0xe5, 0x6b, 
			0xfe, 0x52, 0xa3, 0x80, 0xb8, 0x12, 0x0c, 0x06, 0x69, 0x6b, 0x69, 0x5b, 0x69, 0x3b, 0x69, 0x2b, 
			0x69, 0x1b, 0x62, 0x4b, 0x2a, 0x62, 0x4b, 0x29, 0xa9, 0x0b, 0x62, 0x4b, 0x28, 0xa8, 0x22, 0x69, 
			0x7b, 0x5a, 0xaa, 0x42, 0x4a, 0x33, 0x31, 0xfb, 0x77, 0xc0, 0x20, 0x00, 0x92, 0x23, 0x73, 0x1b, 
			0x99, 0xc0, 0x20, 0x00, 0x92, 0x63, 0x73, 0xad, 0x02, 0x25, 0xf1, 0x00, 0xad, 0x02, 0xa5, 0x31, 
			0x01, 0x0c, 0xac, 0x0c, 0x46, 0xb8, 0x32, 0x72, 0xa0, 0x93, 0xa2, 0x0b, 0x34, 0x52, 0xa0, 0x80, 
			0x66, 0x8a, 0x21, 0x0c, 0x0d, 0xf8, 0x22, 0xe1, 0x3c, 0x78, 0x5a, 0xff, 0x62, 0x4f, 0xa1, 0x42, 
			0x4f, 0xaa, 0xc2, 0x4f, 0xa8, 0xc2, 0x4f, 0xa7, 0xc2, 0x4f, 0xa6, 0x72, 0x4f, 0x99, 0xe9, 0x3b, 
			0xd9, 0x2b, 0x06, 0x43, 0x00, 0xd1, 0xee, 0x77, 0xe1, 0x35, 0x78, 0xf1, 0xef, 0x77, 0x4c, 0x88, 
			0x87, 0x9a, 0x3c, 0xb8, 0x22, 0x82, 0xa0, 0x97, 0x5a, 0x9b, 0x62, 0x49, 0xa1, 0xc2, 0x49, 0xa8, 
			0xc2, 0x49, 0xa7, 0xc2, 0x49, 0xa6, 0x42, 0x49, 0xaa, 0x82, 0x49, 0x99, 0xe9, 0xbb, 0xc0, 0x20, 
			0x00, 0xa2, 0x2d, 0x80, 0xf0, 0xaa, 0x10, 0xc0, 0x20, 0x00, 0xa2, 0x6d, 0x80, 0x42, 0x49, 0xb3, 
			0xa5, 0x60, 0xfe, 0x98, 0x22, 0xa2, 0x69, 0x16, 0x5a, 0x99, 0x42, 0x49, 0xb1, 0x46, 0x30, 0x00, 
			0x82, 0xca, 0xc0, 0x16, 0xb8, 0x0d, 0x92, 0xca, 0xef, 0x16, 0x59, 0x0d, 0xd2, 0xca, 0xe0, 0x16, 
			0xfd, 0x11, 0xe2, 0xca, 0xdf, 0x16, 0x9e, 0x11, 0x66, 0xba, 0x24, 0xf1, 0x1d, 0x78, 0x81, 0x1d, 
			0x78, 0x98, 0x22, 0x2c, 0x3a, 0x5a, 0x99, 0x42, 0x49, 0xaa, 0xc2, 0x49, 0xa8, 0xc2, 0x49, 0xa7, 
			0xc2, 0x49, 0xa6, 0x72, 0x49, 0x99, 0xa2, 0x49, 0xa1, 0x89, 0x3b, 0xf9, 0x2b, 0x46, 0x20, 0x00, 
			0x1c, 0x8d, 0xd7, 0x9a, 0x7c, 0xe1, 0x14, 0x78, 0x1c, 0x48, 0x98, 0x22, 0xd2, 0xa0, 0x91, 0x5a, 
			0xa9, 0xd2, 0x4a, 0x99, 0x82, 0x4a, 0xa6, 0x82, 0x4a, 0xa1, 0x42, 0x4a, 0xaa, 0xc2, 0x4a, 0xa7, 
			0xc2, 0x4a, 0xa8, 0xc2, 0x0b, 0x35, 0xd1, 0x0d, 0x78, 0xf2, 0xcc, 0xf8, 0x56, 0x4f, 0x13, 0x0c, 
			0x0c, 0x81, 0xe4, 0x77, 0x89, 0x3b, 0xc9, 0x2b, 0xf2, 0x0a, 0xd1, 0x26, 0x1f, 0x04, 0xf1, 0x08, 
			0x78, 0xf9, 0xc9, 0x82, 0x0a, 0xd0, 0x26, 0x18, 0x01, 0xe9, 0xe9, 0xd9, 0xd9, 0xa1, 0x05, 0x78, 
			0xa2, 0x69, 0x53, 0xc6, 0x0a, 0x00, 0xc1, 0x04, 0x78, 0xc0, 0x20, 0x00, 0xb2, 0x29, 0xcf, 0xc0, 
			0xbb, 0x20, 0xc0, 0x20, 0x00, 0xb2, 0x69, 0xcf, 0xc0, 0x20, 0x00, 0xe2, 0x2d, 0x80, 0xf0, 0xee, 
			0x10, 0xc0, 0x20, 0x00, 0xe2, 0x6d, 0x80, 0x42, 0x4a, 0xb3, 0x25, 0x54, 0xfe, 0xf8, 0x22, 0xa2, 
			0x6f, 0x16, 0x20, 0xa2, 0x20, 0x65, 0x91, 0x02, 0x20, 0xa2, 0x20, 0xa5, 0x97, 0x02, 0xe5, 0x52, 
			0xfe, 0x92, 0x22, 0x02, 0xa9, 0x19, 0xa9, 0x09, 0x3c, 0xd8, 0xc0, 0x20, 0x00, 0x82, 0x63, 0xb4, 
			0x1d, 0xf0, 0x98, 0x22, 0x5a, 0xa9, 0x72, 0x4a, 0x99, 0x62, 0x4a, 0xa1, 0x42, 0x4a, 0xaa, 0xc2, 
			0x4a, 0xa6, 0xc2, 0x4a, 0xa7, 0xc2, 0x4a, 0xa8, 0xe9, 0xb9, 0x82, 0x0b, 0x44, 0x91, 0xb6, 0x77, 
			0x66, 0x18, 0x92, 0xc1, 0xea, 0x77, 0xc0, 0x20, 0x00, 0x82, 0x0b, 0x43, 0xe2, 0x29, 0xcf, 0x82, 
			0xc8, 0xfd, 0xc0, 0xee, 0x10, 0x80, 0x80, 0x74, 0x60, 0x88, 0x63, 0x80, 0x80, 0x74, 0x8b, 0x88, 
			0x00, 0x18, 0x40, 0x00, 0xc4, 0xa1, 0xe0, 0xcc, 0x20, 0xc0, 0x20, 0x00, 0xc2, 0x69, 0xcf, 0x46, 
			0xdd, 0xff, 0x0c, 0x0c, 0x98, 0x22, 0xd2, 0xa3, 0x80, 0xa2, 0xd9, 0x03, 0xda, 0xd9, 0xc2, 0x4d, 
			0x21, 0xc2, 0x4d, 0x22, 0xc2, 0x4d, 0x20, 0x42, 0x4a, 0x7a, 0xc2, 0x0b, 0x35, 0x66, 0x8c, 0x2e, 
			0xa1, 0xd8, 0x77, 0xe1, 0xd8, 0x77, 0xf1, 0xd8, 0x77, 0xf9, 0x3b, 0xe9, 0x2b, 0xa9, 0x79, 0x82, 
			0x0b, 0x31, 0x0b, 0x88, 0x56, 0xa8, 0xf5, 0xb1, 0xd5, 0x77, 0xa1, 0xb4, 0x77, 0xc0, 0x20, 0x00, 
			0x92, 0x2a, 0x80, 0xb0, 0x99, 0x10, 0xc0, 0x20, 0x00, 0x92, 0x6a, 0x80, 0x86, 0xd0, 0xff, 0x66, 
			0x7c, 0x0e, 0xa1, 0xd0, 0x77, 0x0c, 0x0c, 0xd1, 0xce, 0x77, 0xd9, 0x3b, 0xc9, 0x2b, 0xc6, 0xf2, 
			0xff, 0x66, 0x6c, 0x36, 0xa1, 0xcd, 0x77, 0xe1, 0xcd, 0x77, 0xf1, 0xcd, 0x77, 0xf9, 0x3b, 0xe9, 
			0x2b, 0x06, 0xee, 0xff, 0x66, 0x7c, 0x36, 0x0c, 0x0f, 0xc1, 0x99, 0x77, 0xc9, 0x3b, 0xf9, 0x2b, 
			0x82, 0x0a, 0xd1, 0x26, 0x18, 0x04, 0x81, 0xc7, 0x77, 0x89, 0xc9, 0xb2, 0x0a, 0xd0, 0x26, 0x1b, 
			0x01, 0xe9, 0xe9, 0xd9, 0xd9, 0xa1, 0xc4, 0x77, 0x06, 0xb1, 0xff, 0x66, 0x5c, 0x90, 0xa1, 0xc5, 
			0x77, 0xc1, 0xc3, 0x77, 0xd1, 0xc2, 0x77, 0xd9, 0x3b, 0xc9, 0x2b, 0x86, 0xdf, 0xff, 0xf2, 0xcc, 
			0xfa, 0x56, 0xdf, 0xed, 0x0c, 0x0f, 0xc1, 0x8c, 0x77, 0xc9, 0x3b, 0xf9, 0x2b, 0x82, 0x0a, 0xd1, 
			0x26, 0x18, 0x04, 0x81, 0xbd, 0x77, 0x89, 0xc9, 0xb2, 0x0a, 0xd0, 0x26, 0x1b, 0x01, 0xe9, 0xe9, 
			0xad, 0x0d, 0xd9, 0xd9, 0x06, 0xa2, 0xff, 0x00, 0x36, 0x41, 0x00, 0xe1, 0xb8, 0x77, 0x41, 0x58, 
			0x77, 0xf1, 0x60, 0x77, 0xd1, 0x5a, 0x77, 0x51, 0xa9, 0x77, 0x31, 0x4e, 0x77, 0xc0, 0x20, 0x00, 
			0xa2, 0x23, 0x94, 0xc0, 0x20, 0x00, 0x1c, 0x18, 0xa0, 0xc0, 0x75, 0xb1, 0xb1, 0x77, 0x0c, 0x29, 
			0xb0, 0xaa, 0x10, 0xc0, 0xaa, 0x20, 0xb1, 0xaf, 0x77, 0xc8, 0x32, 0xba, 0xaa, 0xb2, 0x23, 0x95, 
			0x92, 0x4c, 0x50, 0x87, 0xba, 0x43, 0x91, 0xac, 0x77, 0xa0, 0x8a, 0x90, 0x9a, 0x88, 0xa0, 0x08, 
			0x00, 0xc6, 0x0b, 0x00, 0xc6, 0x90, 0x00, 0x46, 0x86, 0x00, 0x06, 0x7f, 0x00, 0x86, 0x7a, 0x00, 
			0x06, 0x73, 0x00, 0xc6, 0x08, 0x00, 0x06, 0x08, 0x00, 0x46, 0x6f, 0x00, 0xc6, 0x52, 0x00, 0x46, 
			0x49, 0x00, 0xc6, 0x3d, 0x00, 0x46, 0x34, 0x00, 0x86, 0x06, 0x00, 0x86, 0x21, 0x00, 0x06, 0x11, 
			0x00, 0x86, 0x0c, 0x00, 0xb0, 0xa0, 0x34, 0xa2, 0x4c, 0x36, 0x2c, 0x9b, 0xc0, 0x20, 0x00, 0xb2, 
			0x63, 0xb4, 0x0c, 0x02, 0x1d, 0xf0, 0xb0, 0xe0, 0x34, 0xe2, 0x4c, 0x30, 0xe2, 0xce, 0xfb, 0x56, 
			0x6e, 0x24, 0x81, 0x96, 0x77, 0xc0, 0x20, 0x00, 0xf2, 0x2d, 0x94, 0x80, 0xff, 0x20, 0xc0, 0x20, 
			0x00, 0xf2, 0x6d, 0x94, 0x86, 0xf4, 0xff, 0xb0, 0x90, 0x34, 0x92, 0x4c, 0x51, 0xc0, 0x20, 0x00, 
			0x92, 0x63, 0x4c, 0xc6, 0xf0, 0xff, 0xb0, 0xa7, 0x04, 0xb0, 0xd0, 0x24, 0xb0, 0xe3, 0x04, 0xb0, 
			0xf4, 0x04, 0xb0, 0x85, 0x04, 0xb0, 0x96, 0x04, 0x92, 0x4c, 0x4c, 0x82, 0x4c, 0x48, 0xf2, 0x4c, 
			0x49, 0xe2, 0x4c, 0x4a, 0xd2, 0x4c, 0x4d, 0xa2, 0x4c, 0x4b, 0xb0, 0xa0, 0x74, 0xc0, 0x20, 0x00, 
			0xd2, 0x24, 0x82, 0x80, 0xaa, 0x01, 0x50, 0xdd, 0x10, 0xd0, 0xaa, 0x20, 0xc0, 0x20, 0x00, 0xa2, 
			0x64, 0x82, 0x06, 0xe1, 0xff, 0xb0, 0xf0, 0x04, 0xb0, 0x81, 0x04, 0x82, 0x4c, 0x46, 0xf2, 0x4c, 
			0x45, 0xf1, 0x3b, 0x77, 0xc0, 0x20, 0x00, 0xd2, 0x2f, 0x40, 0xa2, 0x0c, 0x45, 0xe0, 0xdd, 0x10, 
			0x00, 0xaa, 0x11, 0xd0, 0xaa, 0x20, 0xc0, 0x20, 0x00, 0xa2, 0x6f, 0x40, 0x91, 0x75, 0x77, 0xc0, 
			0x20, 0x00, 0x82, 0x2f, 0x41, 0xd2, 0x0c, 0x46, 0x90, 0x88, 0x10, 0xa0, 0xdd, 0x01, 0x80, 0xdd, 
			0x20, 0xc0, 0x20, 0x00, 0xd2, 0x6f, 0x41, 0xc6, 0xcf, 0xff, 0x91, 0x6e, 0x77, 0xb0, 0xd0, 0x74, 
			0xb0, 0xa8, 0x74, 0x80, 0xaa, 0x11, 0xd0, 0xaa, 0x20, 0x90, 0x9b, 0x10, 0xb0, 0xd0, 0x75, 0x00, 
			0xdd, 0x11, 0xd0, 0x99, 0x20, 0xa0, 0x99, 0x20, 0x99, 0x5c, 0x06, 0xc7, 0xff, 0xb0, 0x80, 0x74, 
			0xb0, 0xe8, 0x35, 0xb0, 0xf8, 0x74, 0xb0, 0xdc, 0x35, 0xd2, 0x4c, 0x3f, 0x80, 0xff, 0x11, 0x80, 
			0xee, 0x01, 0x80, 0xff, 0x20, 0xb0, 0x80, 0x75, 0x00, 0x88, 0x11, 0x80, 0xee, 0x20, 0xf0, 0xee, 
			0x20, 0xe9, 0x7c, 0xe9, 0x8c, 0x46, 0xbc, 0xff, 0x81, 0x5b, 0x77, 0xb0, 0xa0, 0x74, 0xb0, 0x98, 
			0x74, 0x80, 0x99, 0x11, 0xa0, 0x99, 0x20, 0x80, 0x8b, 0x10, 0xb0, 0xa0, 0x75, 0x00, 0xaa, 0x11, 
			0xa0, 0x88, 0x20, 0x90, 0x88, 0x20, 0x89, 0x4c, 0x86, 0xb3, 0xff, 0xb0, 0x88, 0x41, 0xb0, 0xa4, 
			0x34, 0xb0, 0xd3, 0x04, 0xb0, 0xe2, 0x04, 0xb0, 0xf0, 0x14, 0xf2, 0x4c, 0x31, 0xe2, 0x4c, 0x32, 
			0xd2, 0x4c, 0x33, 0xa2, 0x4c, 0x35, 0x82, 0x4c, 0x34, 0x20, 0xa2, 0x20, 0x25, 0x81, 0x02, 0x92, 
			0x22, 0x03, 0xc0, 0x20, 0x00, 0xf2, 0x24, 0x81, 0xe2, 0x09, 0x34, 0x50, 0xff, 0x10, 0x80, 0xee, 
			0x01, 0xf0, 0xee, 0x20, 0xc0, 0x20, 0x00, 0xe2, 0x64, 0x81, 0xd1, 0x43, 0x77, 0xc0, 0x20, 0x00, 
			0xa2, 0x09, 0x32, 0xc2, 0x24, 0x91, 0xb2, 0x09, 0x33, 0xd0, 0xcc, 0x10, 0x50, 0xbb, 0x01, 0x60, 
			0xaa, 0x01, 0xc0, 0xbb, 0x20, 0xb0, 0xaa, 0x20, 0xc0, 0x20, 0x00, 0xa2, 0x64, 0x91, 0xa2, 0x22, 
			0x00, 0x92, 0x09, 0x34, 0x92, 0x4a, 0x02, 0xc6, 0x97, 0xff, 0xb2, 0x4c, 0x47, 0x46, 0x96, 0xff, 
			0xc0, 0x20, 0x00, 0x92, 0x24, 0x9c, 0xb0, 0x80, 0x04, 0x00, 0x88, 0x11, 0xe0, 0x99, 0x10, 0x90, 
			0x88, 0x20, 0xc0, 0x20, 0x00, 0x82, 0x64, 0x9c, 0x86, 0x8f, 0xff, 0xb0, 0x90, 0x04, 0xb0, 0xa4, 
			0x34, 0xa2, 0x4c, 0x43, 0x92, 0x4c, 0x44, 0xc6, 0x8b, 0xff, 0xb0, 0xe0, 0x04, 0x7c, 0xef, 0xc0, 
			0x20, 0x00, 0xc2, 0x2d, 0x80, 0xf0, 0xcc, 0x10, 0xe0, 0xcc, 0x20, 0xc0, 0x20, 0x00, 0xc2, 0x6d, 
			0x80, 0x46, 0x85, 0xff, 0xb0, 0xd0, 0x04, 0xb0, 0xe7, 0x04, 0xe2, 0x4c, 0x40, 0xd2, 0x4c, 0x42, 
			0xb0, 0x80, 0x74, 0xa2, 0xaf, 0x7e, 0xc0, 0x20, 0x00, 0x92, 0x2f, 0x80, 0xa0, 0x99, 0x10, 0x90, 
			0x88, 0x20, 0xc0, 0x20, 0x00, 0x82, 0x6f, 0x80, 0x86, 0x7b, 0xff, 0xb0, 0x51, 0x04, 0xb0, 0x27, 
			0x04, 0xb0, 0x40, 0x04, 0xb0, 0x82, 0x04, 0xb0, 0x93, 0x04, 0xb0, 0xa4, 0x04, 0xb0, 0xd5, 0x04, 
			0xb0, 0xe6, 0x04, 0xe2, 0x4c, 0x38, 0xd2, 0x4c, 0x39, 0xa2, 0x4c, 0x3a, 0x92, 0x4c, 0x3b, 0x82, 
			0x4c, 0x3c, 0x42, 0x4c, 0x3e, 0x22, 0x4c, 0x37, 0x52, 0x4c, 0x3d, 0x51, 0x10, 0x77, 0xb0, 0x20, 
			0x74, 0xc0, 0x20, 0x00, 0x42, 0x2f, 0x80, 0x80, 0x22, 0x11, 0x50, 0x44, 0x10, 0x40, 0x22, 0x20, 
			0xc0, 0x20, 0x00, 0x22, 0x6f, 0x80, 0x06, 0x68, 0xff, 0x91, 0x09, 0x77, 0xc0, 0x20, 0x00, 0x82, 
			0x2d, 0x94, 0x90, 0x88, 0x10, 0xc0, 0x20, 0x00, 0x82, 0x6d, 0x94, 0xc6, 0x62, 0xff, 0x00, 0x00, 
			0x36, 0x41, 0x00, 0xad, 0x02, 0x25, 0x31, 0xfe, 0x3c, 0xa2, 0x81, 0x92, 0x76, 0xc0, 0x20, 0x00, 
			0x22, 0x68, 0xb4, 0x0c, 0x02, 0x1d, 0xf0, 0x00, 0x36, 0x41, 0x00, 0xb2, 0x22, 0x02, 0xc2, 0xa0, 
			0x80, 0xc0, 0xbb, 0x80, 0x82, 0x0b, 0xac, 0x31, 0x8b, 0x76, 0x16, 0x28, 0x09, 0x91, 0xf0, 0x76, 
			0xc0, 0x20, 0x00, 0xc2, 0x23, 0x94, 0xc2, 0x4b, 0x99, 0xf2, 0xa0, 0x64, 0xc0, 0x20, 0x00, 0xa2, 
			0x23, 0x94, 0xa0, 0xa8, 0x74, 0xc0, 0x20, 0x00, 0x82, 0x23, 0x94, 0x90, 0x88, 0x10, 0xa0, 0x88, 
			0x20, 0xf0, 0x88, 0xc2, 0x82, 0x4b, 0xa6, 0xc0, 0x20, 0x00, 0xe2, 0x23, 0x94, 0xe0, 0xe0, 0xf5, 
			0x90, 0xee, 0x10, 0xc0, 0x20, 0x00, 0xd2, 0x23, 0x95, 0xd0, 0xd0, 0x74, 0xe0, 0xdd, 0x20, 0xf0, 
			0xdd, 0xc2, 0xd2, 0x4b, 0xa7, 0xc0, 0x20, 0x00, 0xc2, 0x23, 0x95, 0xc0, 0xc8, 0x74, 0xc0, 0x20, 
			0x00, 0xa2, 0x23, 0x95, 0x90, 0xaa, 0x10, 0xc0, 0xaa, 0x20, 0xf0, 0xaa, 0xc2, 0xa2, 0x4b, 0xa8, 
			0x20, 0xa2, 0x20, 0xc0, 0x20, 0x00, 0x82, 0x23, 0x95, 0x80, 0x80, 0xf5, 0x90, 0x88, 0x10, 0xc0, 
			0x20, 0x00, 0xe2, 0x23, 0x96, 0xe0, 0xe0, 0x74, 0x80, 0xee, 0x20, 0xf0, 0xee, 0xc2, 0xe2, 0x4b, 
			0xaa, 0xc0, 0x20, 0x00, 0xd2, 0x23, 0x96, 0xd0, 0xd8, 0x41, 0xd2, 0x4b, 0xa1, 0x25, 0x63, 0x02, 
			0x2c, 0xbd, 0xc0, 0x20, 0x00, 0xd2, 0x63, 0xb4, 0x0c, 0x02, 0x1d, 0xf0, 0x36, 0x61, 0x00, 0x0c, 
			0x1d, 0xe1, 0x81, 0x76, 0xb2, 0xa3, 0x80, 0xa1, 0x69, 0x76, 0xf8, 0x32, 0xf9, 0x01, 0xf2, 0x0f, 
			0x34, 0x41, 0x63, 0x76, 0x82, 0xcf, 0xf8, 0x16, 0xa8, 0x28, 0x82, 0xcf, 0xf0, 0x16, 0x38, 0x23, 
			0x31, 0xc9, 0x76, 0x1c, 0x19, 0x97, 0x1f, 0x37, 0x82, 0xcf, 0xe8, 0x16, 0xd8, 0x2a, 0x92, 0xcf, 
			0xe0, 0x16, 0xf9, 0x21, 0x82, 0xcf, 0xdf, 0x16, 0xf8, 0x32, 0x26, 0xdf, 0x22, 0x92, 0xcf, 0xb8, 
			0x16, 0xb9, 0x38, 0xc8, 0x22, 0x0c, 0x04, 0x0c, 0x07, 0x0c, 0x06, 0x0c, 0x05, 0x0c, 0x03, 0x0c, 
			0x0a, 0x0c, 0x0f, 0x0c, 0x0e, 0xe9, 0x31, 0xf9, 0x21, 0xa9, 0x11, 0x0c, 0x0f, 0x46, 0x0d, 0x00, 
			0xc0, 0x20, 0x00, 0x32, 0x23, 0x36, 0x30, 0x3c, 0x05, 0xc0, 0x20, 0x00, 0x52, 0x2e, 0xe3, 0x50, 
			0x50, 0x05, 0x6d, 0x05, 0xc0, 0x20, 0x00, 0x72, 0x2e, 0xe3, 0x70, 0x78, 0x05, 0xc0, 0x20, 0x00, 
			0xc8, 0x22, 0x0c, 0x04, 0x82, 0x2a, 0xbd, 0x0c, 0x09, 0x0c, 0x0f, 0xf9, 0x31, 0x99, 0x11, 0x80, 
			0x80, 0x05, 0x89, 0x21, 0x0c, 0x0f, 0xd1, 0x3b, 0x76, 0x0c, 0x0b, 0xe2, 0xa0, 0x80, 0xea, 0xec, 
			0x82, 0x0e, 0x99, 0xc0, 0x20, 0x00, 0x82, 0x6d, 0x4d, 0xa2, 0x0e, 0x99, 0x07, 0x6a, 0x1e, 0x8c, 
			0x43, 0xb2, 0x4e, 0x9a, 0xc6, 0x04, 0x00, 0x82, 0x0e, 0xa6, 0xa2, 0x0e, 0x9a, 0x32, 0xa3, 0x80, 
			0x87, 0x3a, 0x02, 0x06, 0xdc, 0x00, 0x1b, 0x9a, 0x92, 0x4e, 0x9a, 0xa2, 0x0e, 0x99, 0x32, 0xa3, 
			0x80, 0x17, 0x6a, 0x1b, 0x8c, 0x45, 0xb2, 0x4e, 0x9b, 0x06, 0x04, 0x00, 0x82, 0x0e, 0xa7, 0xa2, 
			0x0e, 0x9b, 0x87, 0x3a, 0x02, 0x06, 0xdb, 0x00, 0x1b, 0x9a, 0x92, 0x4e, 0x9b, 0xa2, 0x0e, 0x99, 
			0x0c, 0x45, 0x27, 0x6a, 0x1b, 0x8c, 0x4f, 0xb2, 0x4e, 0x9c, 0x06, 0x04, 0x00, 0xf2, 0x0e, 0xa8, 
			0xa2, 0x0e, 0x9c, 0xf7, 0x3a, 0x02, 0x46, 0xda, 0x00, 0x1b, 0x8a, 0x82, 0x4e, 0x9c, 0xa2, 0x0e, 
			0x99, 0xf8, 0x01, 0x0c, 0x85, 0xf2, 0x0f, 0x34, 0x2c, 0x19, 0x97, 0x9f, 0x0b, 0x37, 0x6a, 0x35, 
			0x16, 0x24, 0x30, 0xb2, 0x4e, 0x9d, 0x06, 0x0b, 0x00, 0x37, 0x6a, 0x29, 0x82, 0x0e, 0xa5, 0x66, 
			0x18, 0x20, 0xdc, 0xd4, 0x42, 0x4e, 0xa5, 0xc0, 0x20, 0x00, 0xa2, 0x2d, 0x4c, 0x50, 0xaa, 0x20, 
			0xc0, 0x20, 0x00, 0xa2, 0x6d, 0x4c, 0x3a, 0x9c, 0xad, 0x02, 0xb2, 0x49, 0x33, 0xa5, 0x0f, 0xfe, 
			0xc6, 0x35, 0x00, 0x42, 0x4e, 0xa5, 0x1c, 0x04, 0x47, 0x6a, 0x2c, 0x82, 0x0e, 0xa2, 0x66, 0x18, 
			0x23, 0xec, 0x06, 0x62, 0x4e, 0xa2, 0x3a, 0x9c, 0x42, 0x49, 0x0b, 0xc0, 0x20, 0x00, 0xa2, 0x2d, 
			0x4c, 0x40, 0xaa, 0x20, 0xc0, 0x20, 0x00, 0xa2, 0x6d, 0x4c, 0xad, 0x02, 0xb2, 0x49, 0x33, 0xa5, 
			0x0c, 0xfe, 0x46, 0x29, 0x00, 0x62, 0x4e, 0xa2, 0x2c, 0x04, 0x57, 0x6a, 0x30, 0x82, 0x0e, 0xa3, 
			0x66, 0x18, 0x25, 0x98, 0x11, 0xec, 0x09, 0x92, 0x4e, 0xa3, 0x3a, 0xac, 0x42, 0x4a, 0x0b, 0xc0, 
			0x20, 0x00, 0xc2, 0x2d, 0x4c, 0x40, 0xcc, 0x20, 0xc0, 0x20, 0x00, 0xc2, 0x6d, 0x4c, 0xb2, 0x4a, 
			0x33, 0xad, 0x02, 0x65, 0x09, 0xfe, 0x46, 0x1c, 0x00, 0x88, 0x11, 0x82, 0x4e, 0xa3, 0x4c, 0x04, 
			0x67, 0x6a, 0x30, 0x92, 0x0e, 0xa4, 0x66, 0x19, 0x25, 0x88, 0x31, 0xec, 0x08, 0x82, 0x4e, 0xa4, 
			0x3a, 0x9c, 0x42, 0x49, 0x0b, 0xc0, 0x20, 0x00, 0xa2, 0x2d, 0x4c, 0x40, 0xaa, 0x20, 0xc0, 0x20, 
			0x00, 0xa2, 0x6d, 0x4c, 0xad, 0x02, 0xb2, 0x49, 0x33, 0xe5, 0x05, 0xfe, 0xc6, 0x0e, 0x00, 0x88, 
			0x31, 0x82, 0x4e, 0xa4, 0x26, 0xcf, 0x37, 0x2c, 0x19, 0x97, 0x1f, 0x32, 0x77, 0x6a, 0x2b, 0x16, 
			0xb7, 0x1f, 0xf2, 0x0e, 0xaa, 0xa2, 0x0e, 0x9f, 0xf7, 0xba, 0x07, 0x1b, 0x8a, 0x82, 0x4e, 0x9f, 
			0xc6, 0x05, 0x00, 0x98, 0x21, 0xb2, 0x4e, 0x9f, 0x8c, 0xc9, 0xf2, 0x0e, 0xa1, 0xa2, 0x0e, 0xa0, 
			0xf7, 0x3a, 0x02, 0x46, 0x77, 0x00, 0x1b, 0xba, 0xb2, 0x4e, 0xa0, 0x0c, 0x02, 0x1d, 0xf0, 0x3a, 
			0xcc, 0xf2, 0x0c, 0x23, 0x82, 0x0c, 0x24, 0xf7, 0x18, 0x64, 0x77, 0x6a, 0x61, 0x16, 0x87, 0x05, 
			0x92, 0x0e, 0xaa, 0xa2, 0x0e, 0x9f, 0x97, 0x3a, 0x02, 0x86, 0x40, 0x00, 0x1b, 0xba, 0xb2, 0x4e, 
			0x9f, 0xc6, 0x11, 0x00, 0xc0, 0x20, 0x00, 0x0c, 0x18, 0x92, 0x24, 0xb3, 0x0c, 0x06, 0x90, 0x98, 
			0x14, 0x92, 0xc9, 0xfd, 0x90, 0x68, 0x83, 0x3d, 0x06, 0xc0, 0x20, 0x00, 0x52, 0x24, 0xb7, 0xc8, 
			0x22, 0x50, 0x5c, 0x05, 0x59, 0x11, 0x66, 0xcf, 0x09, 0xba, 0xec, 0xe2, 0x0e, 0x2f, 0xe9, 0x31, 
			0xc6, 0x00, 0x00, 0x0c, 0x0f, 0xf9, 0x31, 0x7d, 0x05, 0xc0, 0x20, 0x00, 0x82, 0x2a, 0xbd, 0x0c, 
			0x04, 0x80, 0x80, 0x05, 0x89, 0x21, 0x86, 0x7e, 0xff, 0xb2, 0x4e, 0x9f, 0xf2, 0x0c, 0x23, 0xf2, 
			0x4c, 0x24, 0x46, 0xe1, 0xff, 0xc0, 0x20, 0x00, 0x32, 0x24, 0xae, 0x30, 0x37, 0x04, 0xc0, 0x20, 
			0x00, 0x52, 0x2e, 0xa4, 0x50, 0x50, 0x04, 0x6d, 0x05, 0xc0, 0x20, 0x00, 0x72, 0x2e, 0xa4, 0x70, 
			0x70, 0x05, 0xc0, 0x20, 0x00, 0xc8, 0x22, 0x0c, 0x04, 0x92, 0x2a, 0xbd, 0x0c, 0x0f, 0x0c, 0x08, 
			0x89, 0x31, 0xf9, 0x11, 0x90, 0x90, 0x05, 0x99, 0x21, 0xc6, 0x6d, 0xff, 0x91, 0xd5, 0x75, 0xc0, 
			0x20, 0x00, 0x82, 0x29, 0xb4, 0x87, 0x78, 0x0b, 0xc0, 0x20, 0x00, 0xa2, 0x29, 0xb4, 0xa0, 0xa0, 
			0x15, 0x66, 0x3a, 0x04, 0x0c, 0x03, 0x46, 0x00, 0x00, 0x0c, 0x13, 0x6d, 0x03, 0x7d, 0x03, 0x0c, 
			0x19, 0xa1, 0x11, 0x76, 0xc0, 0x20, 0x00, 0xc2, 0x2a, 0x7d, 0x87, 0xec, 0x0a, 0xc0, 0x20, 0x00, 
			0xe2, 0x2a, 0x70, 0xf7, 0x7e, 0x01, 0x0c, 0x09, 0xc8, 0x22, 0x0c, 0x04, 0x90, 0xf0, 0x74, 0x0c, 
			0x05, 0xf9, 0x21, 0x0c, 0x0f, 0xc6, 0x06, 0x00, 0x0c, 0x0f, 0x6d, 0x05, 0xc0, 0x20, 0x00, 0x72, 
			0x2e, 0xe3, 0x70, 0x78, 0x05, 0xc0, 0x20, 0x00, 0xc8, 0x22, 0x82, 0x2a, 0xbd, 0x0c, 0x04, 0x80, 
			0x80, 0x05, 0x89, 0x21, 0x0c, 0x08, 0x0c, 0x09, 0x99, 0x31, 0x89, 0x11, 0x86, 0x51, 0xff, 0xa8, 
			0x21, 0xb2, 0x4e, 0x9f, 0x8c, 0xca, 0xf2, 0x0e, 0xa1, 0xa2, 0x0e, 0xa0, 0xf7, 0x3a, 0x02, 0x06, 
			0x4b, 0x00, 0x1b, 0xba, 0xb2, 0x4e, 0xa0, 0x46, 0xcc, 0xff, 0xa1, 0xbf, 0x75, 0xc0, 0x20, 0x00, 
			0x82, 0x24, 0xb3, 0x0c, 0x03, 0x80, 0x88, 0x14, 0x82, 0xc8, 0xfd, 0x80, 0x3d, 0x83, 0xc0, 0x20, 
			0x00, 0x81, 0x90, 0x75, 0x52, 0x24, 0xbc, 0x91, 0xf1, 0x75, 0x50, 0x5f, 0x05, 0xc0, 0x20, 0x00, 
			0x82, 0x28, 0xa8, 0x97, 0x88, 0x0f, 0xc0, 0x20, 0x00, 0x92, 0x2a, 0xe0, 0x90, 0x90, 0x75, 0xcc, 
			0x39, 0x0c, 0x0f, 0x46, 0x00, 0x00, 0x0c, 0x1f, 0x6d, 0x03, 0x71, 0xb0, 0x75, 0xc0, 0x20, 0x00, 
			0x42, 0x27, 0x92, 0x40, 0x4b, 0x05, 0xc0, 0x20, 0x00, 0x72, 0x27, 0x92, 0x70, 0x7b, 0x05, 0xc0, 
			0x20, 0x00, 0xe2, 0x2a, 0xe8, 0xc8, 0x22, 0xe0, 0xe8, 0x04, 0xe9, 0x21, 0x06, 0xdd, 0xff, 0xc0, 
			0x20, 0x00, 0x32, 0x23, 0x36, 0x30, 0x3c, 0x05, 0xc0, 0x20, 0x00, 0x52, 0x2e, 0xe3, 0x50, 0x50, 
			0x05, 0xc0, 0x20, 0x00, 0x82, 0x2a, 0xab, 0x80, 0x88, 0x04, 0x16, 0xa8, 0xf3, 0xc0, 0x20, 0x00, 
			0x82, 0x2a, 0xad, 0x80, 0x88, 0x05, 0x16, 0xe8, 0xf2, 0x0c, 0x1f, 0xc6, 0xca, 0xff, 0xb2, 0x4e, 
			0x9f, 0x86, 0x89, 0xff, 0xb2, 0x4e, 0xa0, 0xc0, 0x20, 0x00, 0xa2, 0x2d, 0x4c, 0xe2, 0xa0, 0x80, 
			0xe0, 0xaa, 0x20, 0xc0, 0x20, 0x00, 0xa2, 0x6d, 0x4c, 0x3a, 0x9c, 0xad, 0x02, 0xb2, 0x49, 0x33, 
			0x65, 0xe2, 0xfd, 0x06, 0x81, 0xff, 0x82, 0x0e, 0xa9, 0x42, 0x0e, 0x9d, 0x87, 0xb4, 0x7f, 0x1b, 
			0x94, 0x92, 0x4e, 0x9d, 0x86, 0x47, 0xff, 0xc0, 0x20, 0x00, 0xe2, 0x2d, 0x4c, 0x0c, 0x1f, 0xf0, 
			0xee, 0x20, 0xc0, 0x20, 0x00, 0xe2, 0x6d, 0x4c, 0x3a, 0xac, 0xb2, 0x4a, 0x33, 0xad, 0x02, 0xa5, 
			0xdf, 0xfd, 0x46, 0x75, 0xff, 0xc0, 0x20, 0x00, 0x92, 0x2d, 0x4c, 0x0c, 0x2a, 0xa0, 0x99, 0x20, 
			0xad, 0x02, 0xc0, 0x20, 0x00, 0x92, 0x6d, 0x4c, 0x3a, 0x8c, 0xb2, 0x48, 0x33, 0xa5, 0xdd, 0xfd, 
			0xc6, 0x6d, 0xff, 0xad, 0x02, 0xc0, 0x20, 0x00, 0xe2, 0x2d, 0x4c, 0x50, 0xee, 0x20, 0xc0, 0x20, 
			0x00, 0xe2, 0x6d, 0x4c, 0x3a, 0xcc, 0xb2, 0x4c, 0x33, 0xe5, 0xdb, 0xfd, 0xc6, 0x66, 0xff, 0xb2, 
			0x4e, 0xa0, 0xad, 0x02, 0xc0, 0x20, 0x00, 0xf2, 0x2d, 0x4c, 0x82, 0xa0, 0x80, 0x80, 0xff, 0x20, 
			0xc0, 0x20, 0x00, 0xf2, 0x6d, 0x4c, 0xb2, 0x4c, 0x33, 0xe5, 0xd9, 0xfd, 0xc6, 0x5e, 0xff, 0xc0, 
			0x20, 0x00, 0xa2, 0x2d, 0x4c, 0x50, 0xaa, 0x20, 0xc0, 0x20, 0x00, 0xa2, 0x6d, 0x4c, 0x3a, 0x9c, 
			0xad, 0x02, 0xb2, 0x49, 0x33, 0x25, 0xd8, 0xfd, 0xc6, 0x57, 0xff, 0x00, 0x36, 0x41, 0x00, 0x0c, 
			0x0a, 0x71, 0x36, 0x75, 0x51, 0x2c, 0x75, 0xc0, 0x20, 0x00, 0xa2, 0x65, 0xa4, 0xc0, 0x20, 0x00, 
			0x1c, 0x13, 0x92, 0x25, 0x94, 0x81, 0x8f, 0x75, 0x90, 0x68, 0x74, 0x90, 0x90, 0x75, 0x80, 0x99, 
			0x11, 0x90, 0x66, 0x20, 0x8a, 0x66, 0x37, 0xb6, 0x48, 0xc1, 0x95, 0x75, 0x60, 0xb6, 0x90, 0xca, 
			0xbb, 0xa0, 0x0b, 0x00, 0xc6, 0x0b, 0x00, 0x06, 0x66, 0x00, 0x86, 0x5f, 0x00, 0x46, 0x5a, 0x00, 
			0xc6, 0x53, 0x00, 0xc6, 0x4d, 0x00, 0x06, 0x0a, 0x00, 0x46, 0x09, 0x00, 0x06, 0x48, 0x00, 0xc6, 
			0x3a, 0x00, 0xc6, 0x36, 0x00, 0x06, 0x29, 0x00, 0x06, 0x25, 0x00, 0xc6, 0x07, 0x00, 0xc6, 0x1d, 
			0x00, 0x46, 0x0e, 0x00, 0x06, 0x0a, 0x00, 0xd8, 0x32, 0xd2, 0x0d, 0x36, 0xc0, 0x20, 0x00, 0xd2, 
			0x65, 0xa4, 0x2c, 0x8e, 0xc0, 0x20, 0x00, 0xe2, 0x65, 0xb4, 0x0c, 0x02, 0x1d, 0xf0, 0xc0, 0x20, 
			0x00, 0xf2, 0x27, 0x94, 0xf0, 0xf4, 0x04, 0xc0, 0x20, 0x00, 0xf2, 0x65, 0xa4, 0x46, 0xf8, 0xff, 
			0x38, 0x32, 0x32, 0x03, 0x51, 0xc0, 0x20, 0x00, 0x32, 0x65, 0xa4, 0xc6, 0xf4, 0xff, 0x48, 0x32, 
			0x62, 0x04, 0x48, 0x82, 0x04, 0x4c, 0x72, 0x04, 0x4b, 0xa0, 0x88, 0x11, 0x90, 0x77, 0x11, 0x80, 
			0x77, 0x20, 0x82, 0x04, 0x49, 0xb0, 0x66, 0x11, 0xb0, 0x88, 0x11, 0x80, 0x66, 0x20, 0x70, 0x66, 
			0x20, 0x72, 0x04, 0x4a, 0x42, 0x04, 0x4d, 0xb0, 0x77, 0x11, 0x70, 0x44, 0x20, 0x60, 0x44, 0x20, 
			0xc0, 0x20, 0x00, 0x42, 0x65, 0xa4, 0x06, 0xe6, 0xff, 0x98, 0x32, 0xa2, 0x09, 0x46, 0x92, 0x09, 
			0x45, 0xf0, 0xaa, 0x11, 0xa0, 0x99, 0x20, 0xc0, 0x20, 0x00, 0x92, 0x65, 0xa4, 0x46, 0xe0, 0xff, 
			0xa8, 0x32, 0xa8, 0x5a, 0xc0, 0x20, 0x00, 0xa2, 0x65, 0xa4, 0x06, 0xdd, 0xff, 0xd8, 0x32, 0xb2, 
			0x0d, 0x3f, 0xd8, 0x7d, 0xc0, 0xbb, 0x11, 0xd0, 0xe8, 0x74, 0xd0, 0xc8, 0x75, 0xc0, 0xbb, 0x20, 
			0x00, 0xee, 0x11, 0x80, 0xcd, 0x01, 0xb0, 0xb0, 0x74, 0xd0, 0xd0, 0x75, 0xe0, 0xcc, 0x20, 0x80, 
			0xdd, 0x11, 0xd0, 0xbb, 0x20, 0xc0, 0xbb, 0x20, 0xc0, 0x20, 0x00, 0xb2, 0x65, 0xa4, 0x06, 0xd0, 
			0xff, 0xe8, 0x32, 0xe8, 0x4e, 0xc0, 0x20, 0x00, 0xe2, 0x65, 0xa4, 0xc6, 0xcc, 0xff, 0x48, 0x32, 
			0xf2, 0x04, 0x33, 0x62, 0x04, 0x35, 0x32, 0x04, 0x34, 0xc0, 0x66, 0x11, 0x80, 0x33, 0x11, 0xd0, 
			0xff, 0x11, 0x60, 0x33, 0x20, 0x62, 0x04, 0x32, 0x42, 0x04, 0x31, 0xe0, 0x66, 0x11, 0x60, 0x44, 
			0x20, 0x40, 0xff, 0x20, 0x30, 0xff, 0x20, 0xc0, 0x20, 0x00, 0xf2, 0x65, 0xa4, 0x46, 0xc0, 0xff, 
			0x88, 0x32, 0x82, 0x08, 0x47, 0xc0, 0x20, 0x00, 0x82, 0x65, 0xa4, 0xc6, 0xbc, 0xff, 0x91, 0xd4, 
			0x74, 0xc0, 0x20, 0x00, 0x92, 0x29, 0x9a, 0x90, 0x90, 0x05, 0xc0, 0x20, 0x00, 0x92, 0x65, 0xa4, 
			0x86, 0xb7, 0xff, 0xa8, 0x32, 0xb2, 0x0a, 0x43, 0xa2, 0x0a, 0x44, 0xc0, 0xbb, 0x11, 0xb0, 0xaa, 
			0x20, 0xc0, 0x20, 0x00, 0xa2, 0x65, 0xa4, 0xc6, 0xb1, 0xff, 0xc0, 0x20, 0x00, 0xb2, 0x27, 0x80, 
			0xb0, 0xb0, 0x04, 0xc0, 0x20, 0x00, 0xb2, 0x65, 0xa4, 0x46, 0xad, 0xff, 0xc8, 0x32, 0xd2, 0x0c, 
			0x40, 0xc2, 0x0c, 0x42, 0x90, 0xdd, 0x11, 0xd0, 0xcc, 0x20, 0xc0, 0x20, 0x00, 0xc2, 0x65, 0xa4, 
			0x86, 0xa7, 0xff, 0xd8, 0x32, 0xe2, 0x0d, 0x3b, 0xf2, 0x0d, 0x37, 0x42, 0x0d, 0x3a, 0x32, 0x0d, 
			0x39, 0xc0, 0x44, 0x11, 0xb0, 0x33, 0x11, 0x40, 0x33, 0x20, 0x42, 0x0d, 0x38, 0x90, 0xff, 0x11, 
			0xa0, 0x44, 0x11, 0x40, 0xff, 0x20, 0x30, 0xff, 0x20, 0x32, 0x0d, 0x3c, 0xd0, 0xee, 0x11, 0xe0, 
			0x33, 0x11, 0x30, 0xee, 0x20, 0xf0, 0xee, 0x20, 0xf2, 0x0d, 0x3d, 0xd2, 0x0d, 0x3e, 0xf0, 0xff, 
			0x11, 0xf0, 0xdd, 0x20, 0xe0, 0xdd, 0x20, 0xc0, 0x20, 0x00, 0xd2, 0x65, 0xa4, 0x46, 0x94, 0xff, 
			0x36, 0x41, 0x00, 0x31, 0xa4, 0x74, 0x0c, 0x08, 0xc0, 0x20, 0x00, 0x68, 0x02, 0x48, 0x22, 0x58, 
			0x32, 0x42, 0xd4, 0x03, 0x82, 0x63, 0xa4, 0x72, 0x06, 0x00, 0x42, 0x04, 0xb3, 0x62, 0x06, 0x01, 
			0x40, 0x40, 0x04, 0x70, 0x70, 0x04, 0x60, 0x60, 0x14, 0xc0, 0x66, 0x11, 0x70, 0x66, 0x20, 0x72, 
			0x05, 0x4f, 0x00, 0x44, 0x11, 0x70, 0x70, 0x14, 0x52, 0x05, 0x34, 0xa0, 0x77, 0x11, 0x70, 0x66, 
			0x20, 0x60, 0x60, 0x74, 0x80, 0x66, 0x11, 0x60, 0x55, 0x20, 0x50, 0x44, 0x20, 0xc0, 0x20, 0x00, 
			0x42, 0x63, 0xa4, 0x2c, 0xa2, 0xc0, 0x20, 0x00, 0x22, 0x63, 0xb4, 0x2d, 0x08, 0x1d, 0xf0, 0x00, 
			0x36, 0x41, 0x00, 0x0c, 0x08, 0x31, 0x8b, 0x74, 0xc0, 0x20, 0x00, 0x82, 0x63, 0xa4, 0xc0, 0x20, 
			0x00, 0x82, 0x63, 0xa5, 0xc0, 0x20, 0x00, 0x82, 0x63, 0xa6, 0xc0, 0x20, 0x00, 0x82, 0x63, 0xa7, 
			0xc0, 0x20, 0x00, 0x82, 0x63, 0xa8, 0xc0, 0x20, 0x00, 0x82, 0x63, 0xa9, 0x48, 0x12, 0x51, 0x80, 
			0x74, 0xc8, 0x14, 0x50, 0xcc, 0xc2, 0xc0, 0x20, 0x00, 0xc2, 0x63, 0xa4, 0xb8, 0x24, 0x50, 0xbb, 
			0xc2, 0xc0, 0x20, 0x00, 0xb2, 0x63, 0xa5, 0xa8, 0x34, 0x50, 0xaa, 0xc2, 0xc0, 0x20, 0x00, 0xa2, 
			0x63, 0xa6, 0x98, 0x54, 0x50, 0x99, 0xc2, 0xc0, 0x20, 0x00, 0x92, 0x63, 0xa7, 0x68, 0x64, 0x50, 
			0x66, 0xc2, 0xc0, 0x20, 0x00, 0x62, 0x63, 0xa8, 0x48, 0x74, 0x50, 0x44, 0xc2, 0xc0, 0x20, 0x00, 
			0x42, 0x63, 0xa9, 0x3c, 0xe2, 0xc0, 0x20, 0x00, 0x22, 0x63, 0xb4, 0x2d, 0x08, 0x1d, 0xf0, 0x00, 
			0x36, 0x41, 0x00, 0xc1, 0x73, 0x74, 0xa8, 0x32, 0xb8, 0x12, 0xa2, 0x0a, 0x34, 0x2c, 0x18, 0x87, 
			0x9a, 0x31, 0xc0, 0x20, 0x00, 0x92, 0x2c, 0xb9, 0x90, 0x9a, 0x05, 0x99, 0x5b, 0xc0, 0x20, 0x00, 
			0xe2, 0x2c, 0xba, 0xe0, 0xef, 0x05, 0xe9, 0x6b, 0xc0, 0x20, 0x00, 0xd2, 0x2c, 0xb0, 0xd0, 0xd9, 
			0x04, 0xd9, 0x7b, 0xa1, 0x99, 0x74, 0xc0, 0x20, 0x00, 0xa2, 0x2a, 0xac, 0xa0, 0xa7, 0x05, 0xa9, 
			0x8b, 0x46, 0x0c, 0x00, 0x66, 0xca, 0x2c, 0xc0, 0x20, 0x00, 0x92, 0x2c, 0xae, 0x90, 0x9f, 0x05, 
			0x99, 0x5b, 0xc0, 0x20, 0x00, 0xe2, 0x2c, 0xae, 0xe0, 0xe7, 0x04, 0xe9, 0x6b, 0xc0, 0x20, 0x00, 
			0xd2, 0x2c, 0xb0, 0xd0, 0xd8, 0x04, 0xd9, 0x7b, 0xc0, 0x20, 0x00, 0xa2, 0x2c, 0xb4, 0xa0, 0xac, 
			0x05, 0x86, 0xf2, 0xff, 0x98, 0x5b, 0x66, 0x19, 0x14, 0xc2, 0x0b, 0x28, 0xcc, 0xec, 0xe5, 0x7d, 
			0xfd, 0xe8, 0x22, 0xb8, 0x12, 0xe8, 0x5e, 0x98, 0x5b, 0xe0, 0xda, 0xc0, 0xd9, 0x1b, 0xd8, 0x6b, 
			0x92, 0x4b, 0x28, 0x66, 0x1d, 0x14, 0xf2, 0x0b, 0x29, 0xcc, 0xef, 0x25, 0x7c, 0xfd, 0x98, 0x22, 
			0xb8, 0x12, 0x98, 0x59, 0xd8, 0x6b, 0x90, 0x8a, 0xc0, 0x89, 0x2b, 0xc8, 0x7b, 0xd2, 0x4b, 0x29, 
			0x66, 0x1c, 0x14, 0xd2, 0x0b, 0x2a, 0xcc, 0xed, 0x25, 0x7a, 0xfd, 0xf8, 0x22, 0xb8, 0x12, 0xf8, 
			0x5f, 0xc8, 0x7b, 0xf0, 0xea, 0xc0, 0xe9, 0x3b, 0x98, 0x8b, 0xc2, 0x4b, 0x2a, 0x66, 0x19, 0x14, 
			0x82, 0x0b, 0x2b, 0xcc, 0xe8, 0x65, 0x78, 0xfd, 0xc8, 0x22, 0xb8, 0x12, 0xc8, 0x5c, 0x98, 0x8b, 
			0xc0, 0xaa, 0xc0, 0xa9, 0x4b, 0x92, 0x4b, 0x2b, 0x0c, 0x02, 0x1d, 0xf0, 0x36, 0x61, 0x00, 0x52, 
			0xa3, 0x80, 0x0c, 0x04, 0x88, 0x22, 0x72, 0xa0, 0x80, 0x7a, 0x98, 0x42, 0x49, 0x98, 0x42, 0x49, 
			0xb2, 0x98, 0x02, 0x5a, 0x88, 0x42, 0x49, 0x01, 0x42, 0x49, 0x03, 0x42, 0x49, 0x00, 0x42, 0x48, 
			0x0f, 0x42, 0x48, 0x10, 0x65, 0x74, 0xfd, 0xc8, 0x22, 0xa2, 0x6c, 0x11, 0x31, 0x36, 0x74, 0xd1, 
			0x25, 0x74, 0xc0, 0x20, 0x00, 0x42, 0x6d, 0x55, 0xc0, 0x20, 0x00, 0x42, 0x6d, 0x56, 0xc0, 0x20, 
			0x00, 0x42, 0x6d, 0x57, 0xc0, 0x20, 0x00, 0x42, 0x6d, 0x58, 0xc0, 0x20, 0x00, 0x42, 0x6d, 0x59, 
			0x5a, 0xcc, 0x42, 0x4c, 0x31, 0x42, 0x4c, 0x32, 0xb1, 0x8f, 0x74, 0xc0, 0x20, 0x00, 0xa2, 0x23, 
			0x80, 0xb0, 0xaa, 0x20, 0xc0, 0x20, 0x00, 0xa2, 0x63, 0x80, 0xad, 0x02, 0x25, 0xcf, 0x01, 0x0c, 
			0x09, 0x0c, 0x1f, 0xb8, 0x22, 0xd2, 0xa2, 0x80, 0x5a, 0xeb, 0x42, 0x4e, 0x06, 0x42, 0x4e, 0x07, 
			0x42, 0x4e, 0x0a, 0xda, 0xdb, 0xf2, 0x4d, 0xfa, 0x58, 0xc2, 0xc8, 0xb2, 0x62, 0xc5, 0x40, 0xc0, 
			0xa9, 0x90, 0x42, 0x5a, 0x0c, 0x1b, 0x99, 0x90, 0x90, 0x74, 0x66, 0xb9, 0xf1, 0xad, 0x05, 0x49, 
			0x4a, 0x4b, 0xaa, 0x67, 0x9a, 0xf8, 0x49, 0x2c, 0x42, 0x5c, 0x01, 0x42, 0x4c, 0x00, 0x42, 0x4c, 
			0x58, 0x49, 0x25, 0x42, 0x45, 0x00, 0x42, 0x45, 0x50, 0x68, 0x32, 0x49, 0x15, 0xa2, 0x06, 0x34, 
			0x82, 0xa0, 0x60, 0x87, 0x1a, 0x51, 0x92, 0xa0, 0x61, 0x97, 0x1a, 0x4b, 0x26, 0xda, 0x48, 0x7a, 
			0xcb, 0xf2, 0x4c, 0x97, 0xf2, 0xa0, 0xff, 0x26, 0x8a, 0x48, 0x71, 0x6f, 0x74, 0x26, 0xba, 0x50, 
			0x51, 0x00, 0x74, 0x91, 0x52, 0x74, 0x82, 0xca, 0xe8, 0x16, 0xd8, 0x0c, 0x2c, 0x19, 0xa7, 0x29, 
			0x05, 0xa6, 0xca, 0x02, 0x86, 0x91, 0x00, 0x7c, 0x79, 0x71, 0x61, 0x74, 0x26, 0xda, 0x45, 0xb2, 
			0xca, 0xb8, 0x16, 0x3b, 0x08, 0x7c, 0xed, 0xc0, 0x20, 0x00, 0xc2, 0x23, 0x80, 0xd0, 0xcc, 0x10, 
			0xc0, 0x20, 0x00, 0xc2, 0x63, 0x80, 0x1d, 0xf0, 0x7a, 0xcb, 0x42, 0x4c, 0x97, 0x42, 0x4e, 0x08, 
			0x06, 0xec, 0xff, 0x42, 0x4c, 0x96, 0xe8, 0x42, 0xf2, 0x4e, 0x18, 0x42, 0x4e, 0x1a, 0x46, 0x03, 
			0x00, 0x42, 0x4c, 0x96, 0x88, 0x62, 0x72, 0x6b, 0x58, 0xf2, 0x48, 0x1c, 0x42, 0x48, 0x1e, 0x42, 
			0x4d, 0xfa, 0xc6, 0xef, 0xff, 0xc2, 0x22, 0x08, 0xf2, 0x4c, 0x18, 0x42, 0x4c, 0x1a, 0xa2, 0x0e, 
			0x27, 0x42, 0x4d, 0xfa, 0x66, 0x1a, 0x10, 0xa2, 0x2b, 0xea, 0xa2, 0x6b, 0x1f, 0xa5, 0x15, 0x0a, 
			0x92, 0xaf, 0xf7, 0xb2, 0x66, 0x03, 0xa9, 0x26, 0xc0, 0x20, 0x00, 0xe2, 0x25, 0x88, 0x90, 0xee, 
			0x10, 0xc0, 0x20, 0x00, 0xe2, 0x65, 0x88, 0xc0, 0x20, 0x00, 0xd2, 0x25, 0x89, 0x70, 0xdd, 0x10, 
			0xc0, 0x20, 0x00, 0xd2, 0x65, 0x89, 0xc6, 0xde, 0xff, 0x0c, 0x1e, 0xe2, 0x4c, 0x96, 0xb8, 0x52, 
			0xf2, 0x4b, 0x18, 0x42, 0x4b, 0x1a, 0x42, 0x4d, 0xfa, 0xc0, 0x20, 0x00, 0xa2, 0x25, 0x88, 0x90, 
			0xaa, 0x10, 0xc0, 0x20, 0x00, 0xa2, 0x65, 0x88, 0xc0, 0x20, 0x00, 0x82, 0x25, 0x89, 0x70, 0x88, 
			0x10, 0xc0, 0x20, 0x00, 0x82, 0x65, 0x89, 0x86, 0xd2, 0xff, 0xa1, 0x38, 0x74, 0xe1, 0x32, 0x74, 
			0x0c, 0x87, 0x72, 0x4c, 0x96, 0x68, 0xd2, 0xb1, 0x36, 0x74, 0xf2, 0x46, 0x18, 0x42, 0x46, 0x1a, 
			0x42, 0x4d, 0xfa, 0x81, 0xe7, 0x73, 0x71, 0xc3, 0x73, 0x21, 0x28, 0x74, 0xc0, 0x20, 0x00, 0x62, 
			0x25, 0x83, 0x20, 0x66, 0x10, 0xa0, 0x66, 0x20, 0xc0, 0x20, 0x00, 0x62, 0x65, 0x83, 0x22, 0xaf, 
			0x00, 0xa2, 0xa0, 0xc7, 0xc0, 0x20, 0x00, 0x62, 0x25, 0x85, 0x20, 0x66, 0x10, 0xa0, 0x66, 0x20, 
			0xc0, 0x20, 0x00, 0x62, 0x65, 0x85, 0xc0, 0x20, 0x00, 0xa1, 0x26, 0x74, 0x22, 0x25, 0x86, 0xc0, 
			0x20, 0x00, 0xa2, 0x65, 0x86, 0x61, 0x24, 0x74, 0x21, 0x25, 0x74, 0xc0, 0x20, 0x00, 0xa2, 0x25, 
			0x87, 0x60, 0xaa, 0x10, 0x20, 0xaa, 0x20, 0xc0, 0x20, 0x00, 0xa2, 0x65, 0x87, 0x61, 0xce, 0x73, 
			0xc0, 0x20, 0x00, 0x22, 0x27, 0x45, 0x60, 0x22, 0x10, 0xc0, 0x20, 0x00, 0x22, 0x67, 0x45, 0x21, 
			0x1c, 0x74, 0xc0, 0x20, 0x00, 0xa2, 0x27, 0x59, 0x90, 0xaa, 0x10, 0x20, 0xaa, 0x20, 0xc0, 0x20, 
			0x00, 0xa2, 0x67, 0x59, 0x61, 0x08, 0x74, 0x21, 0x17, 0x74, 0xc0, 0x20, 0x00, 0xa2, 0x27, 0x9b, 
			0x60, 0xaa, 0x10, 0x20, 0xaa, 0x20, 0xc0, 0x20, 0x00, 0xa2, 0x67, 0x9b, 0xc0, 0x20, 0x00, 0x62, 
			0x27, 0x9f, 0xb0, 0x66, 0x20, 0xc0, 0x20, 0x00, 0x62, 0x67, 0x9f, 0xc0, 0x20, 0x00, 0x22, 0x27, 
			0xa0, 0xb0, 0x22, 0x20, 0xc0, 0x20, 0x00, 0x22, 0x67, 0xa0, 0xc0, 0x20, 0x00, 0xa2, 0x27, 0xa1, 
			0xb0, 0xaa, 0x20, 0xc0, 0x20, 0x00, 0xa2, 0x67, 0xa1, 0xc0, 0x20, 0x00, 0x21, 0x07, 0x74, 0x62, 
			0x27, 0xa2, 0xc0, 0x20, 0x00, 0x22, 0x67, 0xa2, 0x21, 0x05, 0x74, 0xc0, 0x20, 0x00, 0xb2, 0x27, 
			0xa3, 0xb0, 0xb0, 0xf4, 0x20, 0xbb, 0x20, 0xc0, 0x20, 0x00, 0xb2, 0x67, 0xa3, 0xa1, 0x00, 0x74, 
			0x61, 0xa9, 0x73, 0xc0, 0x20, 0x00, 0x22, 0x27, 0xa4, 0xa0, 0x22, 0x10, 0x60, 0x22, 0x20, 0xc0, 
			0x20, 0x00, 0x22, 0x67, 0xa4, 0x7c, 0x8b, 0x0c, 0x3a, 0xc0, 0x20, 0x00, 0x62, 0x27, 0xa5, 0xb0, 
			0x66, 0x10, 0xa0, 0x66, 0x20, 0xc0, 0x20, 0x00, 0x62, 0x67, 0xa5, 0x21, 0xe0, 0x73, 0xc0, 0x20, 
			0x00, 0xb2, 0x28, 0xcb, 0x20, 0xbb, 0x20, 0xc0, 0x20, 0x00, 0xb2, 0x68, 0xcb, 0xc0, 0x20, 0x00, 
			0xa2, 0x28, 0xcc, 0xa0, 0xa0, 0x74, 0xc0, 0x20, 0x00, 0xa2, 0x68, 0xcc, 0xa1, 0xee, 0x73, 0xc0, 
			0x20, 0x00, 0x72, 0x28, 0xcd, 0x70, 0x70, 0x74, 0xa0, 0x77, 0x20, 0xc0, 0x20, 0x00, 0x72, 0x68, 
			0xcd, 0x61, 0xe9, 0x73, 0x21, 0xea, 0x73, 0xc0, 0x20, 0x00, 0xb2, 0x2e, 0x45, 0x60, 0xbb, 0x10, 
			0x20, 0xbb, 0x20, 0xc0, 0x20, 0x00, 0xb2, 0x6e, 0x45, 0x28, 0x01, 0x86, 0x71, 0xff, 0x2c, 0x08, 
			0x82, 0x46, 0x34, 0xa1, 0xe3, 0x73, 0x0c, 0xa8, 0xc0, 0x20, 0x00, 0x61, 0xb8, 0x73, 0x92, 0x25, 
			0x81, 0x60, 0x99, 0x10, 0xa0, 0x99, 0x20, 0xc0, 0x20, 0x00, 0x62, 0xa0, 0xe3, 0x1c, 0x4a, 0x92, 
			0x65, 0x81, 0x42, 0x4c, 0xec, 0x42, 0x4c, 0xeb, 0x42, 0x4c, 0xe8, 0x42, 0x4c, 0xf0, 0x42, 0x4c, 
			0xef, 0x42, 0x4c, 0xe4, 0x42, 0x4c, 0xe6, 0x42, 0x4c, 0xe7, 0x42, 0x4c, 0x96, 0x42, 0x4c, 0xe9, 
			0x42, 0x4c, 0xea, 0x42, 0x4c, 0xed, 0x82, 0x4c, 0xa6, 0x82, 0x4c, 0xa7, 0x82, 0x4c, 0xa8, 0x0c, 
			0x89, 0xa2, 0x4c, 0xa9, 0x62, 0x4c, 0x99, 0x92, 0x4c, 0xa1, 0x0c, 0x16, 0x82, 0xdb, 0x03, 0x62, 
			0x4c, 0xaa, 0x62, 0x4c, 0xe5, 0x72, 0x6b, 0x57, 0x42, 0x4d, 0xf6, 0x42, 0x4e, 0x11, 0x42, 0x4e, 
			0x12, 0x42, 0x58, 0x4a, 0x42, 0x4e, 0x1b, 0x42, 0x4e, 0x1f, 0x42, 0x4e, 0x23, 0x42, 0x4e, 0x24, 
			0x42, 0x4e, 0x2d, 0xb8, 0x72, 0xf2, 0x4b, 0x20, 0xa8, 0x92, 0xf2, 0x4a, 0x18, 0x62, 0x4e, 0x2f, 
			0x42, 0x4e, 0x2e, 0x6c, 0xfd, 0xc0, 0x20, 0x00, 0xc2, 0x23, 0x88, 0xd0, 0xcc, 0x10, 0xc0, 0x20, 
			0x00, 0x68, 0x11, 0xc2, 0x63, 0x88, 0x42, 0x4b, 0x22, 0x42, 0x4b, 0x23, 0xf2, 0x4b, 0x20, 0x42, 
			0x4a, 0x1a, 0x42, 0x4a, 0x1b, 0xf2, 0x4a, 0x18, 0xad, 0x02, 0x25, 0x75, 0x01, 0xad, 0x02, 0x65, 
			0x7b, 0x01, 0xc6, 0x3f, 0xff, 0x00, 0x00, 0x00, 0x36, 0x61, 0x00, 0x38, 0x22, 0x32, 0xd3, 0x01, 
			0x32, 0x03, 0x40, 0x56, 0x13, 0x3c, 0x91, 0xaf, 0x73, 0x81, 0x98, 0x73, 0xc1, 0x34, 0x73, 0xb1, 
			0x2e, 0x73, 0xd1, 0x97, 0x73, 0xa1, 0xac, 0x73, 0x41, 0xad, 0x73, 0x71, 0x2d, 0x73, 0x61, 0xac, 
			0x73, 0x51, 0x94, 0x73, 0x28, 0x32, 0xf1, 0x8b, 0x73, 0x22, 0x02, 0x34, 0xe1, 0xaa, 0x73, 0x32, 
			0xc2, 0xf8, 0x16, 0x63, 0x39, 0xe1, 0x79, 0x73, 0xd1, 0xa8, 0x73, 0x32, 0xc2, 0xf0, 0x16, 0x53, 
			0x53, 0x32, 0xc2, 0xef, 0x16, 0x03, 0x1c, 0x1c, 0x84, 0x47, 0x92, 0x02, 0x06, 0x4b, 0x02, 0x41, 
			0xa3, 0x73, 0x66, 0xc2, 0x02, 0x46, 0x2f, 0x03, 0x2c, 0x14, 0x47, 0x92, 0x02, 0x06, 0x52, 0x04, 
			0x41, 0x9b, 0x73, 0x32, 0xc2, 0xc0, 0x16, 0xe3, 0x19, 0x32, 0xc2, 0xb8, 0x56, 0x83, 0x35, 0xc0, 
			0x20, 0x00, 0x32, 0x27, 0x82, 0x90, 0x33, 0x10, 0xd0, 0x33, 0x20, 0xc0, 0x20, 0x00, 0x32, 0x67, 
			0x82, 0xc0, 0x20, 0x00, 0x92, 0x27, 0x83, 0x31, 0x96, 0x73, 0xa0, 0x99, 0x10, 0x30, 0x99, 0x20, 
			0xc0, 0x20, 0x00, 0x92, 0x67, 0x83, 0xc0, 0x20, 0x00, 0x31, 0x92, 0x73, 0x92, 0x27, 0x84, 0x30, 
			0x99, 0x10, 0x31, 0x91, 0x73, 0x30, 0x99, 0x20, 0xc0, 0x20, 0x00, 0x92, 0x67, 0x84, 0xc0, 0x20, 
			0x00, 0x31, 0x8e, 0x73, 0x92, 0x27, 0x85, 0x30, 0x99, 0x10, 0xc0, 0x20, 0x00, 0x92, 0x67, 0x85, 
			0xc0, 0x20, 0x00, 0x31, 0x8b, 0x73, 0x92, 0x27, 0x86, 0x30, 0x99, 0x10, 0x31, 0x8a, 0x73, 0x30, 
			0x99, 0x20, 0xc0, 0x20, 0x00, 0x92, 0x67, 0x86, 0xc0, 0x20, 0x00, 0x31, 0x87, 0x73, 0x92, 0x27, 
			0x87, 0x30, 0x99, 0x10, 0x32, 0xa3, 0x00, 0x30, 0x99, 0x20, 0xc0, 0x20, 0x00, 0x92, 0x67, 0x87, 
			0xc0, 0x20, 0x00, 0x92, 0x27, 0x88, 0x7c, 0x73, 0x30, 0x99, 0x10, 0xc0, 0x20, 0x00, 0x92, 0x67, 
			0x88, 0xc0, 0x20, 0x00, 0x31, 0x7e, 0x73, 0x92, 0x27, 0x89, 0x30, 0x99, 0x10, 0x31, 0x7c, 0x73, 
			0x30, 0x99, 0x20, 0xc0, 0x20, 0x00, 0x92, 0x67, 0x89, 0xc0, 0x20, 0x00, 0x31, 0x7a, 0x73, 0x92, 
			0x27, 0x8a, 0x30, 0x99, 0x10, 0xc0, 0x20, 0x00, 0x92, 0x67, 0x8a, 0xc0, 0x20, 0x00, 0x31, 0x76, 
			0x73, 0x92, 0x27, 0x8c, 0x30, 0x99, 0x10, 0x60, 0x99, 0x20, 0xc0, 0x20, 0x00, 0x92, 0x67, 0x8c, 
			0xc0, 0x20, 0x00, 0x32, 0x27, 0x99, 0xf0, 0x33, 0x10, 0xc0, 0x20, 0x00, 0x32, 0x67, 0x99, 0xc0, 
			0x20, 0x00, 0x91, 0x47, 0x73, 0x32, 0x27, 0x9c, 0x90, 0x33, 0x10, 0xc0, 0x20, 0x00, 0x32, 0x67, 
			0x9c, 0xc0, 0x20, 0x00, 0x92, 0x27, 0xa3, 0x40, 0x49, 0x10, 0xc0, 0x20, 0x00, 0x42, 0x67, 0xa3, 
			0xc0, 0x20, 0x00, 0x31, 0x66, 0x73, 0x92, 0x25, 0x1c, 0x30, 0x99, 0x10, 0x31, 0x65, 0x73, 0x30, 
			0x99, 0x20, 0xc0, 0x20, 0x00, 0x92, 0x65, 0x1c, 0xc0, 0x20, 0x00, 0x42, 0x25, 0x1e, 0x91, 0x61, 
			0x73, 0xe0, 0x44, 0x10, 0x90, 0x44, 0x20, 0xc0, 0x20, 0x00, 0x42, 0x65, 0x1e, 0xc0, 0x20, 0x00, 
			0x31, 0x5e, 0x73, 0x92, 0x25, 0x28, 0x30, 0x99, 0x10, 0x31, 0x5c, 0x73, 0x30, 0x99, 0x20, 0xc0, 
			0x20, 0x00, 0x92, 0x65, 0x28, 0xc0, 0x20, 0x00, 0x91, 0xe0, 0x72, 0x41, 0x59, 0x73, 0x32, 0x29, 
			0x80, 0x40, 0x33, 0x10, 0x41, 0x58, 0x73, 0x40, 0x33, 0x20, 0xc0, 0x20, 0x00, 0x32, 0x69, 0x80, 
			0xc0, 0x20, 0x00, 0x42, 0x29, 0x83, 0x31, 0x54, 0x73, 0x80, 0x44, 0x10, 0x30, 0x44, 0x20, 0xc0, 
			0x20, 0x00, 0x42, 0x69, 0x83, 0xc0, 0x20, 0x00, 0x32, 0x2c, 0x80, 0xb0, 0x33, 0x20, 0xc0, 0x20, 
			0x00, 0x32, 0x6c, 0x80, 0xc0, 0x20, 0x00, 0x42, 0x2c, 0x9d, 0x7c, 0xe9, 0x90, 0x44, 0x10, 0xc0, 
			0x20, 0x00, 0x42, 0x6c, 0x9d, 0xc6, 0x6f, 0x00, 0xc0, 0x20, 0x00, 0x22, 0x27, 0x82, 0x90, 0x22, 
			0x10, 0xd0, 0x22, 0x20, 0xc0, 0x20, 0x00, 0x22, 0x67, 0x82, 0xc0, 0x20, 0x00, 0x32, 0x27, 0x83, 
			0x21, 0x30, 0x73, 0xa0, 0x33, 0x10, 0x20, 0x33, 0x20, 0xc0, 0x20, 0x00, 0x32, 0x67, 0x83, 0xc0, 
			0x20, 0x00, 0x21, 0x2c, 0x73, 0x32, 0x27, 0x84, 0x20, 0x33, 0x10, 0x21, 0x2b, 0x73, 0x20, 0x33, 
			0x20, 0xc0, 0x20, 0x00, 0x32, 0x67, 0x84, 0xc0, 0x20, 0x00, 0x21, 0x28, 0x73, 0x32, 0x27, 0x85, 
			0x20, 0x33, 0x10, 0xc0, 0x20, 0x00, 0x32, 0x67, 0x85, 0xc0, 0x20, 0x00, 0x21, 0x25, 0x73, 0x32, 
			0x27, 0x86, 0x20, 0x33, 0x10, 0x21, 0x23, 0x73, 0x20, 0x33, 0x20, 0xc0, 0x20, 0x00, 0x32, 0x67, 
			0x86, 0xc0, 0x20, 0x00, 0x21, 0x21, 0x73, 0x32, 0x27, 0x87, 0x20, 0x33, 0x10, 0x22, 0xa3, 0x00, 
			0x20, 0x33, 0x20, 0xc0, 0x20, 0x00, 0x32, 0x67, 0x87, 0xc0, 0x20, 0x00, 0x32, 0x27, 0x88, 0x7c, 
			0x72, 0x20, 0x33, 0x10, 0xc0, 0x20, 0x00, 0x32, 0x67, 0x88, 0xc0, 0x20, 0x00, 0x21, 0x17, 0x73, 
			0x32, 0x27, 0x89, 0x20, 0x33, 0x10, 0x21, 0x16, 0x73, 0x20, 0x33, 0x20, 0xc0, 0x20, 0x00, 0x32, 
			0x67, 0x89, 0xc0, 0x20, 0x00, 0x21, 0x13, 0x73, 0x32, 0x27, 0x8a, 0x20, 0x33, 0x10, 0xc0, 0x20, 
			0x00, 0x32, 0x67, 0x8a, 0xc0, 0x20, 0x00, 0x21, 0x10, 0x73, 0x32, 0x27, 0x8c, 0x20, 0x33, 0x10, 
			0x60, 0x33, 0x20, 0xc0, 0x20, 0x00, 0x32, 0x67, 0x8c, 0xc0, 0x20, 0x00, 0x22, 0x27, 0x99, 0xf0, 
			0x22, 0x10, 0xc0, 0x20, 0x00, 0x22, 0x67, 0x99, 0xc0, 0x20, 0x00, 0x31, 0xe1, 0x72, 0x22, 0x27, 
			0x9c, 0x30, 0x22, 0x10, 0xc0, 0x20, 0x00, 0x22, 0x67, 0x9c, 0xc0, 0x20, 0x00, 0x32, 0x27, 0xa3, 
			0x40, 0x33, 0x10, 0xc0, 0x20, 0x00, 0x32, 0x67, 0xa3, 0xc0, 0x20, 0x00, 0x21, 0x00, 0x73, 0x42, 
			0x25, 0x1c, 0x20, 0x44, 0x10, 0x21, 0xfe, 0x72, 0x20, 0x44, 0x20, 0xc0, 0x20, 0x00, 0x42, 0x65, 
			0x1c, 0xc0, 0x20, 0x00, 0x32, 0x25, 0x1e, 0x41, 0xfb, 0x72, 0xe0, 0x33, 0x10, 0x40, 0x33, 0x20, 
			0xc0, 0x20, 0x00, 0x32, 0x65, 0x1e, 0xc0, 0x20, 0x00, 0x21, 0xf7, 0x72, 0x42, 0x25, 0x28, 0x20, 
			0x44, 0x10, 0x21, 0xf6, 0x72, 0x20, 0x44, 0x20, 0xc0, 0x20, 0x00, 0x42, 0x65, 0x28, 0xc0, 0x20, 
			0x00, 0x41, 0x79, 0x72, 0x31, 0xf3, 0x72, 0x22, 0x24, 0x80, 0x30, 0x22, 0x10, 0x31, 0xf1, 0x72, 
			0x30, 0x22, 0x20, 0xc0, 0x20, 0x00, 0x22, 0x64, 0x80, 0xc0, 0x20, 0x00, 0x32, 0x24, 0x83, 0x21, 
			0xee, 0x72, 0x80, 0x33, 0x10, 0x20, 0x33, 0x20, 0xc0, 0x20, 0x00, 0x32, 0x64, 0x83, 0xc0, 0x20, 
			0x00, 0x22, 0x2c, 0x80, 0xb0, 0x22, 0x20, 0xc0, 0x20, 0x00, 0x22, 0x6c, 0x80, 0xc0, 0x20, 0x00, 
			0x32, 0x2c, 0x9d, 0x7c, 0xe4, 0x40, 0x33, 0x10, 0xc0, 0x20, 0x00, 0x32, 0x6c, 0x9d, 0xc0, 0x20, 
			0x00, 0x21, 0xae, 0x72, 0x42, 0x2c, 0x94, 0x20, 0x44, 0x20, 0xc0, 0x20, 0x00, 0x42, 0x6c, 0x94, 
			0x21, 0xdf, 0x72, 0xc0, 0x20, 0x00, 0x31, 0xde, 0x72, 0x42, 0x2c, 0x92, 0x30, 0x44, 0x10, 0x20, 
			0x44, 0x20, 0xc0, 0x20, 0x00, 0x42, 0x6c, 0x92, 0x0c, 0x02, 0x1d, 0xf0, 0x31, 0xda, 0x72, 0xc0, 
			0x20, 0x00, 0x22, 0x27, 0x82, 0x90, 0x22, 0x10, 0x30, 0x22, 0x20, 0xc0, 0x20, 0x00, 0x22, 0x67, 
			0x82, 0x21, 0xd5, 0x72, 0xc0, 0x20, 0x00, 0x92, 0x27, 0x83, 0xa0, 0x99, 0x10, 0x20, 0x99, 0x20, 
			0xc0, 0x20, 0x00, 0x92, 0x67, 0x83, 0xc0, 0x20, 0x00, 0x31, 0xba, 0x72, 0x22, 0x27, 0x84, 0x30, 
			0x22, 0x10, 0xe0, 0x22, 0x20, 0xc0, 0x20, 0x00, 0x22, 0x67, 0x84, 0xc0, 0x20, 0x00, 0x91, 0xb7, 
			0x72, 0x32, 0x27, 0x85, 0x90, 0x33, 0x10, 0xc0, 0x20, 0x00, 0x32, 0x67, 0x85, 0xc0, 0x20, 0x00, 
			0x21, 0xb4, 0x72, 0x92, 0x27, 0x86, 0x20, 0x99, 0x10, 0x21, 0xb2, 0x72, 0x20, 0x99, 0x20, 0xc0, 
			0x20, 0x00, 0x92, 0x67, 0x86, 0xc0, 0x20, 0x00, 0x31, 0xb0, 0x72, 0x22, 0x27, 0x87, 0x30, 0x22, 
			0x10, 0x32, 0xa3, 0x00, 0x30, 0x22, 0x20, 0xc0, 0x20, 0x00, 0x22, 0x67, 0x87, 0x0c, 0x89, 0xc0, 
			0x20, 0x00, 0x32, 0x27, 0x88, 0x90, 0x33, 0x20, 0xc0, 0x20, 0x00, 0x32, 0x67, 0x88, 0x91, 0xb7, 
			0x72, 0xc0, 0x20, 0x00, 0x21, 0xa6, 0x72, 0x32, 0x27, 0x89, 0x20, 0x33, 0x10, 0x90, 0x33, 0x20, 
			0xc0, 0x20, 0x00, 0x32, 0x67, 0x89, 0x21, 0xb2, 0x72, 0xc0, 0x20, 0x00, 0x92, 0x27, 0x8a, 0x20, 
			0x99, 0x20, 0xc0, 0x20, 0x00, 0x92, 0x67, 0x8a, 0xc0, 0x20, 0x00, 0x31, 0xae, 0x72, 0x22, 0x27, 
			0x8c, 0x30, 0x22, 0x10, 0x60, 0x22, 0x20, 0xc0, 0x20, 0x00, 0x22, 0x67, 0x8c, 0xc0, 0x20, 0x00, 
			0x92, 0x27, 0x99, 0xf0, 0x99, 0x10, 0xc0, 0x20, 0x00, 0x92, 0x67, 0x99, 0xc0, 0x20, 0x00, 0x32, 
			0x27, 0x9c, 0xd0, 0x33, 0x10, 0xc0, 0x20, 0x00, 0x32, 0x67, 0x9c, 0xc0, 0x20, 0x00, 0x22, 0x27, 
			0xa3, 0x40, 0x22, 0x10, 0xc0, 0x20, 0x00, 0x22, 0x67, 0xa3, 0xc0, 0x20, 0x00, 0x91, 0x8f, 0x72, 
			0x42, 0x25, 0x1c, 0x90, 0x44, 0x10, 0x91, 0x8e, 0x72, 0x90, 0x44, 0x20, 0xc0, 0x20, 0x00, 0x42, 
			0x65, 0x1c, 0x31, 0x9a, 0x72, 0x21, 0x98, 0x72, 0xc0, 0x20, 0x00, 0x92, 0x25, 0x28, 0x30, 0x99, 
			0x10, 0x20, 0x99, 0x20, 0xc0, 0x20, 0x00, 0x92, 0x65, 0x28, 0x21, 0x95, 0x72, 0xc0, 0x20, 0x00, 
			0x31, 0x0e, 0x72, 0x41, 0x87, 0x72, 0x92, 0x23, 0x80, 0x40, 0x99, 0x10, 0x20, 0x99, 0x20, 0xc0, 
			0x20, 0x00, 0x92, 0x63, 0x80, 0x91, 0x3c, 0x72, 0xc0, 0x20, 0x00, 0x42, 0x23, 0x83, 0x80, 0x44, 
			0x10, 0x90, 0x44, 0x20, 0xc0, 0x20, 0x00, 0x42, 0x63, 0x83, 0xc0, 0x20, 0x00, 0x21, 0x64, 0x72, 
			0x92, 0x23, 0x90, 0x20, 0x99, 0x20, 0xc0, 0x20, 0x00, 0x92, 0x63, 0x90, 0xc0, 0x20, 0x00, 0x41, 
			0x5c, 0x72, 0x22, 0x23, 0x92, 0x40, 0x22, 0x10, 0x41, 0x03, 0x72, 0x40, 0x22, 0x20, 0xc0, 0x20, 
			0x00, 0x22, 0x63, 0x92, 0xc0, 0x20, 0x00, 0x92, 0x2c, 0x80, 0xb0, 0x99, 0x20, 0xc0, 0x20, 0x00, 
			0x92, 0x6c, 0x80, 0xc0, 0x20, 0x00, 0x32, 0x2c, 0x9d, 0x7c, 0xe4, 0x40, 0x33, 0x10, 0xc0, 0x20, 
			0x00, 0x32, 0x6c, 0x9d, 0x06, 0x94, 0xff, 0xc0, 0x20, 0x00, 0x22, 0x27, 0x82, 0x90, 0x92, 0x10, 
			0xd0, 0x99, 0x20, 0xc0, 0x20, 0x00, 0x92, 0x67, 0x82, 0xc0, 0x20, 0x00, 0x32, 0x27, 0x83, 0x91, 
			0x54, 0x72, 0xa0, 0x33, 0x10, 0x90, 0x33, 0x20, 0xc0, 0x20, 0x00, 0x32, 0x67, 0x83, 0xc0, 0x20, 
			0x00, 0x21, 0x6c, 0x72, 0x92, 0x27, 0x84, 0x20, 0x99, 0x10, 0x21, 0x4a, 0x72, 0x20, 0x99, 0x20, 
			0xc0, 0x20, 0x00, 0x92, 0x67, 0x84, 0xc0, 0x20, 0x00, 0x31, 0x67, 0x72, 0x22, 0x27, 0x85, 0x30, 
			0x22, 0x10, 0x32, 0xa0, 0xc7, 0x30, 0x22, 0x20, 0xc0, 0x20, 0x00, 0x22, 0x67, 0x85, 0xc0, 0x20, 
			0x00, 0x31, 0x62, 0x72, 0x92, 0x27, 0x86, 0xc0, 0x20, 0x00, 0x32, 0x67, 0x86, 0x91, 0x60, 0x72, 
			0xc0, 0x20, 0x00, 0x21, 0x60, 0x72, 0x32, 0x27, 0x87, 0x20, 0x33, 0x10, 0x90, 0x33, 0x20, 0xc0, 
			0x20, 0x00, 0x32, 0x67, 0x87, 0xc0, 0x20, 0x00, 0x22, 0x27, 0x88, 0xe0, 0x22, 0x10, 0x60, 0x22, 
			0x20, 0xc0, 0x20, 0x00, 0x22, 0x67, 0x88, 0xc0, 0x20, 0x00, 0x91, 0x57, 0x72, 0x32, 0x27, 0x90, 
			0x90, 0x33, 0x10, 0xc0, 0x20, 0x00, 0x32, 0x67, 0x90, 0x91, 0x54, 0x72, 0xc0, 0x20, 0x00, 0x21, 
			0x54, 0x72, 0x32, 0x27, 0x92, 0x20, 0x33, 0x10, 0x90, 0x33, 0x20, 0xc0, 0x20, 0x00, 0x32, 0x67, 
			0x92, 0x91, 0x50, 0x72, 0xc0, 0x20, 0x00, 0x21, 0x50, 0x72, 0x32, 0x27, 0x96, 0x20, 0x33, 0x10, 
			0x90, 0x33, 0x20, 0xc0, 0x20, 0x00, 0x32, 0x67, 0x96, 0xc0, 0x20, 0x00, 0x22, 0x27, 0x9a, 0xf0, 
			0x22, 0x10, 0xc0, 0x20, 0x00, 0x22, 0x67, 0x9a, 0xc0, 0x20, 0x00, 0x91, 0x05, 0x72, 0x32, 0x27, 
			0x9d, 0x90, 0x33, 0x10, 0xc0, 0x20, 0x00, 0x32, 0x67, 0x9d, 0xc0, 0x20, 0x00, 0x21, 0x43, 0x72, 
			0x92, 0x27, 0x9f, 0x20, 0x99, 0x10, 0xc0, 0x20, 0x00, 0x92, 0x67, 0x9f, 0xc0, 0x20, 0x00, 0x32, 
			0x27, 0xa3, 0x40, 0x33, 0x10, 0xc0, 0x20, 0x00, 0x32, 0x67, 0xa3, 0xc0, 0x20, 0x00, 0x21, 0x92, 
			0x71, 0x92, 0x25, 0x1c, 0x20, 0x99, 0x10, 0xc0, 0x20, 0x00, 0x92, 0x65, 0x1c, 0xc0, 0x20, 0x00, 
			0x41, 0x38, 0x72, 0x32, 0x25, 0x28, 0x40, 0x33, 0x10, 0x60, 0x33, 0x20, 0xc0, 0x20, 0x00, 0x32, 
			0x65, 0x28, 0x7c, 0xd2, 0xc0, 0x20, 0x00, 0x31, 0x33, 0x72, 0x92, 0x23, 0x80, 0x20, 0x99, 0x10, 
			0xc0, 0x20, 0x00, 0x92, 0x63, 0x80, 0xc0, 0x20, 0x00, 0x51, 0x2f, 0x72, 0x42, 0x23, 0x81, 0x50, 
			0x44, 0x10, 0x51, 0x2e, 0x72, 0x50, 0x44, 0x20, 0xc0, 0x20, 0x00, 0x42, 0x63, 0x81, 0xc0, 0x20, 
			0x00, 0x22, 0x23, 0x84, 0x41, 0x2b, 0x72, 0x20, 0x20, 0x74, 0x40, 0x22, 0x20, 0xc0, 0x20, 0x00, 
			0x22, 0x63, 0x84, 0xc0, 0x20, 0x00, 0x92, 0x23, 0x85, 0x41, 0xf1, 0x71, 0xe0, 0x99, 0x10, 0x40, 
			0x99, 0x20, 0xc0, 0x20, 0x00, 0x92, 0x63, 0x85, 0xc0, 0x20, 0x00, 0x52, 0x23, 0x86, 0x91, 0x21, 
			0x72, 0x80, 0x55, 0x10, 0x90, 0x55, 0x20, 0xc0, 0x20, 0x00, 0x52, 0x63, 0x86, 0xc0, 0x20, 0x00, 
			0x21, 0x1e, 0x72, 0x92, 0x23, 0x87, 0x20, 0x99, 0x10, 0x21, 0x1c, 0x72, 0x20, 0x99, 0x20, 0xc0, 
			0x20, 0x00, 0x92, 0x63, 0x87, 0xc0, 0x20, 0x00, 0x52, 0x23, 0x8c, 0xe0, 0x55, 0x10, 0xc0, 0x20, 
			0x00, 0x52, 0x63, 0x8c, 0xc0, 0x20, 0x00, 0x22, 0x23, 0x8e, 0xe0, 0x22, 0x10, 0x40, 0x22, 0x20, 
			0xc0, 0x20, 0x00, 0x22, 0x63, 0x8e, 0x91, 0x13, 0x72, 0x51, 0x11, 0x72, 0xc0, 0x20, 0x00, 0x42, 
			0x23, 0x92, 0x90, 0x44, 0x10, 0x50, 0x44, 0x20, 0xc0, 0x20, 0x00, 0x42, 0x63, 0x92, 0xc0, 0x20, 
			0x00, 0x21, 0x5c, 0x71, 0x92, 0x23, 0x93, 0x20, 0x99, 0x10, 0xc0, 0x20, 0x00, 0x92, 0x63, 0x93, 
			0xc0, 0x20, 0x00, 0x51, 0xeb, 0x71, 0x42, 0x23, 0x94, 0x50, 0x44, 0x10, 0x51, 0x07, 0x72, 0x50, 
			0x44, 0x20, 0xc0, 0x20, 0x00, 0x42, 0x63, 0x94, 0xc0, 0x20, 0x00, 0x21, 0x04, 0x72, 0x92, 0x23, 
			0x95, 0x20, 0x99, 0x10, 0x2c, 0x92, 0x20, 0x99, 0x20, 0xc0, 0x20, 0x00, 0x92, 0x63, 0x95, 0xc0, 
			0x20, 0x00, 0x42, 0x23, 0x96, 0x52, 0xaf, 0x00, 0x50, 0x44, 0x10, 0xc0, 0x20, 0x00, 0x42, 0x63, 
			0x96, 0xc0, 0x20, 0x00, 0x22, 0x23, 0x97, 0x20, 0x20, 0xf4, 0xc0, 0x20, 0x00, 0x22, 0x63, 0x97, 
			0xc0, 0x20, 0x00, 0x51, 0xf7, 0x71, 0x92, 0x23, 0x98, 0x21, 0xf6, 0x71, 0x50, 0x99, 0x10, 0x20, 
			0x99, 0x20, 0xc0, 0x20, 0x00, 0x92, 0x63, 0x98, 0xc0, 0x20, 0x00, 0x42, 0x23, 0x99, 0x22, 0xa2, 
			0x00, 0x80, 0x44, 0x10, 0x20, 0x44, 0x20, 0xc0, 0x20, 0x00, 0x42, 0x63, 0x99, 0xc0, 0x20, 0x00, 
			0x92, 0x23, 0x9a, 0x80, 0x99, 0x10, 0x20, 0x99, 0x20, 0xc0, 0x20, 0x00, 0x92, 0x63, 0x9a, 0xc0, 
			0x20, 0x00, 0x42, 0x23, 0x9b, 0x92, 0xa3, 0x00, 0x50, 0x44, 0x10, 0x90, 0x44, 0x20, 0xc0, 0x20, 
			0x00, 0x42, 0x63, 0x9b, 0xc0, 0x20, 0x00, 0x22, 0x23, 0x9c, 0x80, 0x22, 0x10, 0x90, 0x22, 0x20, 
			0xc0, 0x20, 0x00, 0x22, 0x63, 0x9c, 0xc0, 0x20, 0x00, 0x42, 0x23, 0x9d, 0x80, 0x44, 0x10, 0x90, 
			0x44, 0x20, 0xc0, 0x20, 0x00, 0x42, 0x63, 0x9d, 0xc0, 0x20, 0x00, 0x91, 0x86, 0x71, 0x22, 0x23, 
			0x9e, 0x41, 0xd9, 0x71, 0x90, 0x22, 0x10, 0x40, 0x22, 0x20, 0xc0, 0x20, 0x00, 0x22, 0x63, 0x9e, 
			0xc0, 0x20, 0x00, 0x42, 0x23, 0x9f, 0x90, 0x44, 0x10, 0x91, 0xd4, 0x71, 0x90, 0x44, 0x20, 0xc0, 
			0x20, 0x00, 0x42, 0x63, 0x9f, 0xc0, 0x20, 0x00, 0x22, 0x23, 0xa0, 0xc0, 0x20, 0x00, 0x91, 0xd0, 
			0x71, 0x92, 0x63, 0xa0, 0x41, 0x77, 0x71, 0xc0, 0x20, 0x00, 0x22, 0x23, 0xa3, 0x40, 0x22, 0x10, 
			0xc0, 0x20, 0x00, 0x22, 0x63, 0xa3, 0xc0, 0x20, 0x00, 0x92, 0x23, 0xa4, 0x21, 0xca, 0x71, 0x90, 
			0x90, 0xf4, 0x20, 0x99, 0x20, 0xc0, 0x20, 0x00, 0x92, 0x63, 0xa4, 0x21, 0xc7, 0x71, 0xc0, 0x20, 
			0x00, 0x41, 0xc6, 0x71, 0x92, 0x23, 0xa5, 0x40, 0x99, 0x10, 0x20, 0x99, 0x20, 0xc0, 0x20, 0x00, 
			0x92, 0x63, 0xa5, 0xc0, 0x20, 0x00, 0x42, 0x23, 0xa6, 0x91, 0x75, 0x71, 0xe0, 0x44, 0x10, 0x90, 
			0x44, 0x20, 0xc0, 0x20, 0x00, 0x42, 0x63, 0xa6, 0xc0, 0x20, 0x00, 0x22, 0x23, 0xa7, 0xc0, 0x20, 
			0x00, 0x91, 0xbb, 0x71, 0x92, 0x63, 0xa7, 0xc0, 0x20, 0x00, 0x42, 0x23, 0xa8, 0x91, 0xb9, 0x71, 
			0xe0, 0x44, 0x10, 0x90, 0x44, 0x20, 0xc0, 0x20, 0x00, 0x42, 0x63, 0xa8, 0xc0, 0x20, 0x00, 0x21, 
			0xb6, 0x71, 0x92, 0x23, 0xa9, 0x20, 0x99, 0x10, 0x21, 0xb5, 0x71, 0x20, 0x99, 0x20, 0xc0, 0x20, 
			0x00, 0x92, 0x63, 0xa9, 0x41, 0xb3, 0x71, 0xc0, 0x20, 0x00, 0x22, 0x23, 0xaa, 0x50, 0x22, 0x10, 
			0x40, 0x22, 0x20, 0xc0, 0x20, 0x00, 0x22, 0x63, 0xaa, 0xc0, 0x20, 0x00, 0x91, 0xae, 0x71, 0x52, 
			0x23, 0xab, 0x90, 0x55, 0x10, 0x91, 0xac, 0x71, 0x90, 0x55, 0x20, 0xc0, 0x20, 0x00, 0x52, 0x63, 
			0xab, 0xc0, 0x20, 0x00, 0x41, 0xaa, 0x71, 0x22, 0x23, 0xae, 0x40, 0x22, 0x10, 0x41, 0xa8, 0x71, 
			0x40, 0x22, 0x20, 0xc0, 0x20, 0x00, 0x22, 0x63, 0xae, 0xc0, 0x20, 0x00, 0x92, 0x2c, 0x80, 0xb0, 
			0x99, 0x20, 0xc0, 0x20, 0x00, 0x92, 0x6c, 0x80, 0xc0, 0x20, 0x00, 0x42, 0x2c, 0x9d, 0x7c, 0xe5, 
			0x50, 0x44, 0x10, 0xc0, 0x20, 0x00, 0x42, 0x6c, 0x9d, 0xc6, 0x92, 0xfe, 0xa1, 0x3f, 0x71, 0xb1, 
			0x4d, 0x71, 0xc1, 0x43, 0x71, 0x21, 0xf6, 0x70, 0xc0, 0x20, 0x00, 0x32, 0x27, 0x82, 0x90, 0x33, 
			0x10, 0xd0, 0xd3, 0x20, 0xc0, 0x20, 0x00, 0xd2, 0x67, 0x82, 0x91, 0x97, 0x71, 0x41, 0x95, 0x71, 
			0xc0, 0x20, 0x00, 0x32, 0x27, 0x83, 0x90, 0x33, 0x10, 0x40, 0x33, 0x20, 0xc0, 0x20, 0x00, 0x32, 
			0x67, 0x83, 0xc0, 0x20, 0x00, 0xd1, 0x67, 0x71, 0x42, 0x27, 0x84, 0x91, 0x46, 0x71, 0xd0, 0x44, 
			0x10, 0x90, 0x44, 0x20, 0xc0, 0x20, 0x00, 0x42, 0x67, 0x84, 0xc0, 0x20, 0x00, 0x31, 0x62, 0x71, 
			0xd2, 0x27, 0x85, 0x30, 0xdd, 0x10, 0x32, 0xa0, 0xc7, 0x30, 0xdd, 0x20, 0xc0, 0x20, 0x00, 0xd2, 
			0x67, 0x85, 0xc0, 0x20, 0x00, 0x41, 0x2b, 0x71, 0x92, 0x27, 0x86, 0xc0, 0x20, 0x00, 0x42, 0x67, 
			0x86, 0xd1, 0x82, 0x71, 0xc0, 0x20, 0x00, 0x31, 0x5b, 0x71, 0x92, 0x27, 0x87, 0x30, 0x99, 0x10, 
			0xd0, 0x99, 0x20, 0xc0, 0x20, 0x00, 0x92, 0x67, 0x87, 0x91, 0x7d, 0x71, 0xc0, 0x20, 0x00, 0x42, 
			0x27, 0x88, 0xe0, 0x44, 0x10, 0x90, 0x44, 0x20, 0xc0, 0x20, 0x00, 0x42, 0x67, 0x88, 0xc0, 0x20, 
			0x00, 0x32, 0x27, 0x9a, 0xf0, 0x33, 0x10, 0xc0, 0x20, 0x00, 0x32, 0x67, 0x9a, 0xc0, 0x20, 0x00, 
			0xd1, 0x10, 0x71, 0x92, 0x27, 0x9d, 0xd0, 0x99, 0x10, 0xc0, 0x20, 0x00, 0x92, 0x67, 0x9d, 0xc0, 
			0x20, 0x00, 0x41, 0x22, 0x71, 0x32, 0x27, 0xa3, 0x40, 0x33, 0x10, 0xc0, 0x20, 0x00, 0x32, 0x67, 
			0xa3, 0xd1, 0xc1, 0x70, 0xc0, 0x20, 0x00, 0x31, 0x9f, 0x70, 0x92, 0x23, 0x45, 0xd0, 0x99, 0x10, 
			0xc0, 0x20, 0x00, 0x92, 0x63, 0x45, 0x91, 0x67, 0x71, 0xc0, 0x20, 0x00, 0x72, 0x23, 0x59, 0x70, 
			0x70, 0xf4, 0x90, 0x77, 0x20, 0xc0, 0x20, 0x00, 0x72, 0x63, 0x59, 0x41, 0x64, 0x71, 0xd1, 0x62, 
			0x71, 0xc0, 0x20, 0x00, 0x92, 0x23, 0x5b, 0x40, 0x99, 0x10, 0xd0, 0x99, 0x20, 0xc0, 0x20, 0x00, 
			0x92, 0x63, 0x5b, 0x41, 0x5f, 0x71, 0xc0, 0x20, 0x00, 0x71, 0x21, 0x71, 0xd2, 0x23, 0x9a, 0x70, 
			0xdd, 0x10, 0x40, 0xdd, 0x20, 0xc0, 0x20, 0x00, 0xd2, 0x63, 0x9a, 0x41, 0xfe, 0x70, 0xc0, 0x20, 
			0x00, 0xd1, 0xec, 0x70, 0x92, 0x23, 0x9b, 0xd0, 0x99, 0x10, 0x40, 0x99, 0x20, 0xc0, 0x20, 0x00, 
			0x92, 0x63, 0x9b, 0xc0, 0x20, 0x00, 0x72, 0x23, 0x9f, 0xc0, 0x77, 0x20, 0xc0, 0x20, 0x00, 0x72, 
			0x63, 0x9f, 0xc0, 0x20, 0x00, 0x42, 0x23, 0xa0, 0xc0, 0x44, 0x20, 0xc0, 0x20, 0x00, 0x42, 0x63, 
			0xa0, 0xc0, 0x20, 0x00, 0x42, 0x23, 0xa1, 0xc0, 0x44, 0x20, 0xc0, 0x20, 0x00, 0x42, 0x63, 0xa1, 
			0xc0, 0x20, 0x00, 0x91, 0xed, 0x70, 0xc2, 0x23, 0xa2, 0xc0, 0x20, 0x00, 0x92, 0x63, 0xa2, 0x91, 
			0xeb, 0x70, 0xc0, 0x20, 0x00, 0x72, 0x23, 0xa3, 0x70, 0x70, 0xf4, 0x90, 0x77, 0x20, 0xc0, 0x20, 
			0x00, 0x72, 0x63, 0xa3, 0xc0, 0x20, 0x00, 0x41, 0xe6, 0x70, 0xc2, 0x23, 0xa4, 0x71, 0x8d, 0x70, 
			0x40, 0xcc, 0x10, 0x70, 0xcc, 0x20, 0xc0, 0x20, 0x00, 0xc2, 0x63, 0xa4, 0x0c, 0x34, 0x7c, 0x89, 
			0xc0, 0x20, 0x00, 0xc2, 0x23, 0xa5, 0x90, 0xcc, 0x10, 0x40, 0xcc, 0x20, 0xc0, 0x20, 0x00, 0xc2, 
			0x63, 0xa5, 0xc0, 0x20, 0x00, 0xc1, 0x64, 0x70, 0x98, 0x05, 0xc0, 0x99, 0x10, 0xc0, 0x20, 0x00, 
			0x99, 0x05, 0x42, 0xaf, 0xcc, 0xc0, 0x20, 0x00, 0x38, 0x75, 0x40, 0x33, 0x10, 0xc0, 0x20, 0x00, 
			0x39, 0x75, 0xc0, 0x20, 0x00, 0x92, 0x25, 0x1c, 0xc0, 0x99, 0x10, 0xc0, 0x20, 0x00, 0x92, 0x65, 
			0x1c, 0xc0, 0x20, 0x00, 0x41, 0x03, 0x71, 0x32, 0x25, 0x28, 0x40, 0x33, 0x10, 0x60, 0x33, 0x20, 
			0xc0, 0x20, 0x00, 0x32, 0x65, 0x28, 0xc0, 0x20, 0x00, 0xc1, 0xee, 0x70, 0x92, 0x22, 0xc3, 0xc0, 
			0x99, 0x10, 0xb0, 0x99, 0x20, 0xc0, 0x20, 0x00, 0x92, 0x62, 0xc3, 0x41, 0x1e, 0x71, 0xc0, 0x20, 
			0x00, 0x32, 0x22, 0xc4, 0x40, 0x33, 0x20, 0xc0, 0x20, 0x00, 0x32, 0x62, 0xc4, 0x32, 0xa7, 0x40, 
			0xc0, 0x20, 0x00, 0x91, 0xff, 0x70, 0xc2, 0x22, 0xc5, 0x90, 0xcc, 0x10, 0x30, 0xcc, 0x20, 0xc0, 
			0x20, 0x00, 0xc2, 0x62, 0xc5, 0xc0, 0x20, 0x00, 0x41, 0xa5, 0x70, 0x32, 0x22, 0xcb, 0x40, 0x33, 
			0x20, 0xc0, 0x20, 0x00, 0x32, 0x62, 0xcb, 0xc0, 0x20, 0x00, 0xc2, 0x22, 0xcc, 0xc0, 0xc0, 0x74, 
			0xc0, 0x20, 0x00, 0xc2, 0x62, 0xcc, 0xc0, 0x20, 0x00, 0x42, 0x22, 0xcd, 0x40, 0x40, 0x74, 0xb0, 
			0x44, 0x20, 0xc0, 0x20, 0x00, 0x42, 0x62, 0xcd, 0x31, 0x09, 0x71, 0xc1, 0x07, 0x71, 0xc0, 0x20, 
			0x00, 0xb2, 0x22, 0xce, 0x30, 0xbb, 0x10, 0xc0, 0xbb, 0x20, 0xc0, 0x20, 0x00, 0xb2, 0x62, 0xce, 
			0xc0, 0x20, 0x00, 0x42, 0x22, 0xd0, 0xe0, 0x44, 0x10, 0x70, 0x44, 0x20, 0xc0, 0x20, 0x00, 0x42, 
			0x62, 0xd0, 0xc0, 0x20, 0x00, 0x32, 0x22, 0xd1, 0xe0, 0x33, 0x20, 0xc0, 0x20, 0x00, 0x32, 0x62, 
			0xd1, 0xc1, 0xfb, 0x70, 0xc0, 0x20, 0x00, 0xb2, 0x22, 0xd2, 0xd0, 0xbb, 0x10, 0xc0, 0xbb, 0x20, 
			0xc0, 0x20, 0x00, 0xb2, 0x62, 0xd2, 0xc0, 0x20, 0x00, 0x72, 0x22, 0xd4, 0x90, 0x77, 0x20, 0xc0, 
			0x20, 0x00, 0x72, 0x62, 0xd4, 0x41, 0xf3, 0x70, 0x1c, 0xc3, 0xc0, 0x20, 0x00, 0xd2, 0x22, 0xd6, 
			0x40, 0xdd, 0x10, 0x30, 0xdd, 0x20, 0xc0, 0x20, 0x00, 0xd2, 0x62, 0xd6, 0xc0, 0x20, 0x00, 0xb2, 
			0x22, 0xd7, 0xc2, 0xa0, 0xff, 0xc0, 0xbb, 0x20, 0xc0, 0x20, 0x00, 0xb2, 0x62, 0xd7, 0xb1, 0xea, 
			0x70, 0xc0, 0x20, 0x00, 0x92, 0x22, 0xda, 0x80, 0x99, 0x10, 0xb0, 0x99, 0x20, 0xc0, 0x20, 0x00, 
			0x92, 0x62, 0xda, 0x91, 0x32, 0x70, 0xc0, 0x20, 0x00, 0x72, 0x22, 0xdb, 0xe0, 0x77, 0x10, 0x90, 
			0x77, 0x20, 0xc0, 0x20, 0x00, 0x72, 0x62, 0xdb, 0x71, 0xe1, 0x70, 0xc0, 0x20, 0x00, 0x42, 0x22, 
			0xdc, 0xe0, 0x44, 0x10, 0x70, 0x44, 0x20, 0xc0, 0x20, 0x00, 0x42, 0x62, 0xdc, 0x32, 0xa8, 0xff, 
			0xd2, 0xa4, 0x00, 0xc0, 0x20, 0x00, 0xc2, 0x22, 0xdd, 0x30, 0xcc, 0x10, 0xd0, 0xcc, 0x20, 0xc0, 
			0x20, 0x00, 0xc2, 0x62, 0xdd, 0xb1, 0x78, 0x70, 0x91, 0x79, 0x70, 0xc0, 0x20, 0x00, 0x72, 0x2a, 
			0x45, 0xb0, 0x77, 0x10, 0x90, 0x77, 0x20, 0xc0, 0x20, 0x00, 0x72, 0x6a, 0x45, 0x0c, 0x14, 0xc0, 
			0x20, 0x00, 0xd1, 0x00, 0x70, 0x32, 0x2d, 0x80, 0x40, 0x33, 0x20, 0xc0, 0x20, 0x00, 0x32, 0x6d, 
			0x80, 0x21, 0xcb, 0x70, 0xc0, 0x20, 0x00, 0xc2, 0x2d, 0x84, 0x20, 0xcc, 0x20, 0xc0, 0x20, 0x00, 
			0xc2, 0x6d, 0x84, 0x46, 0xac, 0xfd, 0xc0, 0x20, 0x00, 0x22, 0x27, 0x82, 0x90, 0x22, 0x10, 0xd0, 
			0x22, 0x20, 0xc0, 0x20, 0x00, 0x22, 0x67, 0x82, 0x21, 0xc3, 0x70, 0xc0, 0x20, 0x00, 0xf2, 0x27, 
			0x83, 0xa0, 0xff, 0x10, 0x20, 0xff, 0x20, 0xc0, 0x20, 0x00, 0xf2, 0x67, 0x83, 0xc0, 0x20, 0x00, 
			0x31, 0x85, 0x70, 0xf2, 0x27, 0x84, 0x21, 0x63, 0x70, 0x30, 0xff, 0x10, 0x20, 0xff, 0x20, 0xc0, 
			0x20, 0x00, 0xf2, 0x67, 0x84, 0xc0, 0x20, 0x00, 0x31, 0x80, 0x70, 0x22, 0x27, 0x85, 0x30, 0x22, 
			0x10, 0x32, 0xa0, 0xc7, 0x30, 0x22, 0x20, 0xc0, 0x20, 0x00, 0x22, 0x67, 0x85, 0xc0, 0x20, 0x00, 
			0xf2, 0x27, 0x86, 0xc0, 0x20, 0x00, 0x42, 0x67, 0x86, 0x31, 0xaf, 0x70, 0xc0, 0x20, 0x00, 0x41, 
			0x79, 0x70, 0x22, 0x27, 0x87, 0x40, 0x22, 0x10, 0x30, 0x22, 0x20, 0xc0, 0x20, 0x00, 0x22, 0x67, 
			0x87, 0xc0, 0x20, 0x00, 0xf2, 0x27, 0x88, 0xe0, 0xff, 0x10, 0x60, 0xff, 0x20, 0xc0, 0x20, 0x00, 
			0xf2, 0x67, 0x88, 0xc0, 0x20, 0x00, 0x41, 0x70, 0x70, 0x32, 0x27, 0x90, 0x40, 0x33, 0x10, 0x60, 
			0x33, 0x20, 0xc0, 0x20, 0x00, 0x32, 0x67, 0x90, 0xc0, 0x20, 0x00, 0x21, 0x6d, 0x70, 0x42, 0x27, 
			0x92, 0xf1, 0x9e, 0x70, 0x20, 0x44, 0x10, 0xf0, 0x44, 0x20, 0xc0, 0x20, 0x00, 0x42, 0x67, 0x92, 
			0xc0, 0x20, 0x00, 0x22, 0x27, 0x94, 0x7c, 0x03, 0x30, 0x22, 0x10, 0x0c, 0x63, 0x30, 0x22, 0x20, 
			0xc0, 0x20, 0x00, 0x22, 0x67, 0x94, 0xc0, 0x20, 0x00, 0xf1, 0x63, 0x70, 0x32, 0x27, 0x96, 0x41, 
			0x94, 0x70, 0xf0, 0x33, 0x10, 0x40, 0x33, 0x20, 0xc0, 0x20, 0x00, 0x32, 0x67, 0x96, 0xc0, 0x20, 
			0x00, 0x21, 0x90, 0x70, 0xf2, 0x27, 0x9a, 0x20, 0xff, 0x20, 0xc0, 0x20, 0x00, 0xf2, 0x67, 0x9a, 
			0xc0, 0x20, 0x00, 0x41, 0x12, 0x70, 0x32, 0x27, 0x9d, 0x40, 0x33, 0x20, 0xc0, 0x20, 0x00, 0x32, 
			0x67, 0x9d, 0xc0, 0x20, 0x00, 0x21, 0x55, 0x70, 0xf2, 0x27, 0x9f, 0x20, 0xff, 0x10, 0xc0, 0x20, 
			0x00, 0xf2, 0x67, 0x9f, 0xc0, 0x20, 0x00, 0x41, 0x84, 0x70, 0x32, 0x27, 0xa3, 0x40, 0x33, 0x20, 
			0xc0, 0x20, 0x00, 0x32, 0x67, 0xa3, 0xc0, 0x20, 0x00, 0x21, 0xa3, 0x6f, 0xf2, 0x25, 0x1c, 0x20, 
			0xff, 0x10, 0xc0, 0x20, 0x00, 0xf2, 0x65, 0x1c, 0xc0, 0x20, 0x00, 0x41, 0x49, 0x70, 0x32, 0x25, 
			0x28, 0x40, 0x33, 0x10, 0x60, 0x33, 0x20, 0xc0, 0x20, 0x00, 0x32, 0x65, 0x28, 0xc0, 0x20, 0x00, 
			0xf1, 0x45, 0x70, 0x52, 0x2f, 0x80, 0x0c, 0x22, 0x20, 0x55, 0x20, 0xc0, 0x20, 0x00, 0x52, 0x6f, 
			0x80, 0xc0, 0x20, 0x00, 0x41, 0x41, 0x70, 0x32, 0x2f, 0x81, 0x40, 0x33, 0x10, 0x41, 0x3f, 0x70, 
			0x40, 0x33, 0x20, 0xc0, 0x20, 0x00, 0x32, 0x6f, 0x81, 0xc0, 0x20, 0x00, 0x22, 0x2f, 0x84, 0x31, 
			0x3c, 0x70, 0x20, 0x20, 0x74, 0x30, 0x22, 0x20, 0xc0, 0x20, 0x00, 0x22, 0x6f, 0x84, 0xc0, 0x20, 
			0x00, 0x52, 0x2f, 0x85, 0x41, 0x03, 0x70, 0xe0, 0x55, 0x10, 0x40, 0x55, 0x20, 0xc0, 0x20, 0x00, 
			0x52, 0x6f, 0x85, 0xc0, 0x20, 0x00, 0x32, 0x2f, 0x86, 0x51, 0x32, 0x70, 0x80, 0x33, 0x10, 0x50, 
			0x33, 0x20, 0xc0, 0x20, 0x00, 0x32, 0x6f, 0x86, 0xc0, 0x20, 0x00, 0x21, 0x2f, 0x70, 0x52, 0x2f, 
			0x87, 0x20, 0x55, 0x10, 0x21, 0x2e, 0x70, 0x20, 0x55, 0x20, 0xc0, 0x20, 0x00, 0x52, 0x6f, 0x87, 
			0xc0, 0x20, 0x00, 0x22, 0xaf, 0x00, 0x32, 0x2f, 0x8a, 0x52, 0xa0, 0xf0, 0x20, 0x33, 0x10, 0x50, 
			0x33, 0x20, 0xc0, 0x20, 0x00, 0x32, 0x6f, 0x8a, 0xc0, 0x20, 0x00, 0x52, 0x2f, 0x8c, 0xe0, 0x55, 
			0x10, 0x40, 0x55, 0x20, 0xc0, 0x20, 0x00, 0x52, 0x6f, 0x8c, 0xc0, 0x20, 0x00, 0x32, 0x2f, 0x8e, 
			0xe0, 0x33, 0x10, 0x40, 0x33, 0x20, 0xc0, 0x20, 0x00, 0x32, 0x6f, 0x8e, 0xc0, 0x20, 0x00, 0x52, 
			0x2f, 0x8f, 0x31, 0x46, 0x70, 0x50, 0x50, 0xf4, 0x30, 0x55, 0x20, 0xc0, 0x20, 0x00, 0x52, 0x6f, 
			0x8f, 0xc0, 0x20, 0x00, 0x41, 0x43, 0x70, 0x32, 0x2f, 0x92, 0x40, 0x33, 0x20, 0xc0, 0x20, 0x00, 
			0x32, 0x6f, 0x92, 0xc0, 0x20, 0x00, 0x51, 0x63, 0x6f, 0x42, 0x2f, 0x93, 0x50, 0x44, 0x10, 0xc0, 
			0x20, 0x00, 0x42, 0x6f, 0x93, 0xc0, 0x20, 0x00, 0x31, 0xf2, 0x6f, 0x52, 0x2f, 0x94, 0x30, 0x55, 
			0x10, 0x31, 0x0d, 0x70, 0x30, 0x55, 0x20, 0xc0, 0x20, 0x00, 0x52, 0x6f, 0x94, 0xc0, 0x20, 0x00, 
			0x41, 0x0b, 0x70, 0x32, 0x2f, 0x95, 0x40, 0x33, 0x10, 0x2c, 0x94, 0x40, 0x33, 0x20, 0xc0, 0x20, 
			0x00, 0x32, 0x6f, 0x95, 0xc0, 0x20, 0x00, 0x52, 0x2f, 0x96, 0x20, 0x55, 0x10, 0xc0, 0x20, 0x00, 
			0x52, 0x6f, 0x96, 0xc0, 0x20, 0x00, 0x42, 0x2f, 0x97, 0x40, 0x40, 0xf4, 0xc0, 0x20, 0x00, 0x42, 
			0x6f, 0x97, 0xc0, 0x20, 0x00, 0x51, 0xfe, 0x6f, 0x32, 0x2f, 0x98, 0x42, 0xa0, 0xc0, 0x50, 0x33, 
			0x10, 0x40, 0x33, 0x20, 0xc0, 0x20, 0x00, 0x32, 0x6f, 0x98, 0xc0, 0x20, 0x00, 0x22, 0x2f, 0x99, 
			0x42, 0xa2, 0x00, 0x80, 0x22, 0x10, 0x40, 0x22, 0x20, 0xc0, 0x20, 0x00, 0x22, 0x6f, 0x99, 0xc0, 
			0x20, 0x00, 0x32, 0x2f, 0x9a, 0x80, 0x33, 0x10, 0x40, 0x33, 0x20, 0xc0, 0x20, 0x00, 0x32, 0x6f, 
			0x9a, 0xc0, 0x20, 0x00, 0x22, 0x2f, 0x9b, 0x32, 0xa3, 0x00, 0x50, 0x22, 0x10, 0x30, 0x22, 0x20, 
			0xc0, 0x20, 0x00, 0x22, 0x6f, 0x9b, 0xc0, 0x20, 0x00, 0x42, 0x2f, 0x9c, 0x80, 0x44, 0x10, 0x30, 
			0x44, 0x20, 0xc0, 0x20, 0x00, 0x42, 0x6f, 0x9c, 0xc0, 0x20, 0x00, 0x22, 0x2f, 0x9d, 0x80, 0x22, 
			0x10, 0x30, 0x22, 0x20, 0xc0, 0x20, 0x00, 0x22, 0x6f, 0x9d, 0xc0, 0x20, 0x00, 0x31, 0x8d, 0x6f, 
			0x42, 0x2f, 0x9e, 0x21, 0xe1, 0x6f, 0x30, 0x44, 0x10, 0x20, 0x44, 0x20, 0xc0, 0x20, 0x00, 0x42, 
			0x6f, 0x9e, 0xc0, 0x20, 0x00, 0x22, 0x2f, 0x9f, 0x30, 0x22, 0x10, 0x31, 0xdc, 0x6f, 0x30, 0x22, 
			0x20, 0xc0, 0x20, 0x00, 0x22, 0x6f, 0x9f, 0xc0, 0x20, 0x00, 0x42, 0x2f, 0xa0, 0xc0, 0x20, 0x00, 
			0x31, 0xd8, 0x6f, 0x32, 0x6f, 0xa0, 0xc0, 0x20, 0x00, 0x22, 0x2f, 0xa4, 0x31, 0xd6, 0x6f, 0x20, 
			0x20, 0xf4, 0x30, 0x22, 0x20, 0xc0, 0x20, 0x00, 0x22, 0x6f, 0xa4, 0x31, 0xf6, 0x6f, 0xc0, 0x20, 
			0x00, 0x41, 0xd2, 0x6f, 0x22, 0x2f, 0xa5, 0x40, 0x22, 0x10, 0x30, 0x22, 0x20, 0xc0, 0x20, 0x00, 
			0x22, 0x6f, 0xa5, 0xc0, 0x20, 0x00, 0x42, 0x2f, 0xa6, 0x21, 0x81, 0x6f, 0xe0, 0x44, 0x10, 0x20, 
			0x44, 0x20, 0xc0, 0x20, 0x00, 0x42, 0x6f, 0xa6, 0xc0, 0x20, 0x00, 0x32, 0x2f, 0xa7, 0xc0, 0x20, 
			0x00, 0x21, 0xc7, 0x6f, 0x22, 0x6f, 0xa7, 0xc0, 0x20, 0x00, 0x42, 0x2f, 0xa8, 0x21, 0xc5, 0x6f, 
			0xe0, 0x44, 0x10, 0x20, 0x44, 0x20, 0xc0, 0x20, 0x00, 0x42, 0x6f, 0xa8, 0xc0, 0x20, 0x00, 0x31, 
			0xc2, 0x6f, 0x22, 0x2f, 0xa9, 0x30, 0x22, 0x10, 0x31, 0xc1, 0x6f, 0x30, 0x22, 0x20, 0xc0, 0x20, 
			0x00, 0x22, 0x6f, 0xa9, 0x41, 0xdd, 0x6f, 0xc0, 0x20, 0x00, 0x32, 0x2f, 0xaa, 0x50, 0x33, 0x10, 
			0x40, 0x33, 0x20, 0xc0, 0x20, 0x00, 0x32, 0x6f, 0xaa, 0xc0, 0x20, 0x00, 0x21, 0xba, 0x6f, 0x52, 
			0x2f, 0xab, 0x20, 0x55, 0x10, 0x21, 0xb8, 0x6f, 0x20, 0x55, 0x20, 0xc0, 0x20, 0x00, 0x52, 0x6f, 
			0xab, 0xc0, 0x20, 0x00, 0x41, 0xd2, 0x6f, 0x32, 0x2f, 0xad, 0x40, 0x33, 0x10, 0xc0, 0x20, 0x00, 
			0x32, 0x6f, 0xad, 0xc0, 0x20, 0x00, 0x21, 0xb1, 0x6f, 0x52, 0x2f, 0xae, 0x20, 0x55, 0x10, 0x21, 
			0xb0, 0x6f, 0x20, 0x55, 0x20, 0xc0, 0x20, 0x00, 0x52, 0x6f, 0xae, 0xc0, 0x20, 0x00, 0x21, 0xe5, 
			0x6e, 0x42, 0x22, 0xc2, 0xc0, 0x20, 0x00, 0xf1, 0xc6, 0x6f, 0xf2, 0x62, 0xc2, 0xc0, 0x20, 0x00, 
			0x32, 0x22, 0xc4, 0xc0, 0x20, 0x00, 0xf2, 0x62, 0xc4, 0xc0, 0x20, 0x00, 0x52, 0x2c, 0x80, 0xb0, 
			0x55, 0x20, 0xc0, 0x20, 0x00, 0x52, 0x6c, 0x80, 0xc0, 0x20, 0x00, 0x32, 0x2c, 0x9d, 0x7c, 0xe4, 
			0x40, 0x33, 0x10, 0xc0, 0x20, 0x00, 0x32, 0x6c, 0x9d, 0xc0, 0x20, 0x00, 0x41, 0xde, 0x6e, 0x21, 
			0xb9, 0x6f, 0xf2, 0x24, 0x80, 0x20, 0xff, 0x10, 0xc0, 0x20, 0x00, 0xf2, 0x64, 0x80, 0xc0, 0x20, 
			0x00, 0x51, 0xb5, 0x6f, 0x32, 0x24, 0x9c, 0x50, 0x33, 0x10, 0x51, 0xee, 0x6e, 0x50, 0x33, 0x20, 
			0xc0, 0x20, 0x00, 0x32, 0x64, 0x9c, 0x86, 0x87, 0xfc, 0xf2, 0xa1, 0x00, 0xb1, 0xb1, 0x6f, 0x41, 
			0xfa, 0x6e, 0x31, 0xae, 0x6f, 0xc0, 0x20, 0x00, 0x22, 0x27, 0x82, 0x90, 0x92, 0x10, 0xd0, 0x99, 
			0x20, 0xc0, 0x20, 0x00, 0x92, 0x67, 0x82, 0x91, 0xab, 0x6f, 0xc0, 0x20, 0x00, 0x22, 0x27, 0x83, 
			0xa0, 0x22, 0x10, 0x90, 0x22, 0x20, 0xc0, 0x20, 0x00, 0x22, 0x67, 0x83, 0xc0, 0x20, 0x00, 0xa1, 
			0x5d, 0x6f, 0x22, 0x27, 0x84, 0x91, 0x3b, 0x6f, 0xa0, 0x22, 0x10, 0x90, 0x22, 0x20, 0xc0, 0x20, 
			0x00, 0x22, 0x67, 0x84, 0xc0, 0x20, 0x00, 0xa1, 0x58, 0x6f, 0x92, 0x27, 0x85, 0xa0, 0x99, 0x10, 
			0xa2, 0xa0, 0xc7, 0xa0, 0x99, 0x20, 0xc0, 0x20, 0x00, 0x92, 0x67, 0x85, 0xc0, 0x20, 0x00, 0x22, 
			0x27, 0x86, 0xc0, 0x20, 0x00, 0xa1, 0x31, 0x6f, 0xa2, 0x67, 0x86, 0x21, 0x97, 0x6f, 0xc0, 0x20, 
			0x00, 0x91, 0x50, 0x6f, 0xa2, 0x27, 0x87, 0x90, 0xaa, 0x10, 0x20, 0xaa, 0x20, 0xc0, 0x20, 0x00, 
			0xa2, 0x67, 0x87, 0xc0, 0x20, 0x00, 0x92, 0x27, 0x88, 0xe0, 0x99, 0x10, 0x60, 0x99, 0x20, 0xc0, 
			0x20, 0x00, 0x92, 0x67, 0x88, 0xc0, 0x20, 0x00, 0x21, 0x48, 0x6f, 0xa2, 0x27, 0x90, 0x20, 0xaa, 
			0x10, 0x60, 0xaa, 0x20, 0xc0, 0x20, 0x00, 0xa2, 0x67, 0x90, 0xc0, 0x20, 0x00, 0x91, 0x44, 0x6f, 
			0xa2, 0x27, 0x92, 0x21, 0x76, 0x6f, 0x90, 0xaa, 0x10, 0x20, 0xaa, 0x20, 0xc0, 0x20, 0x00, 0xa2, 
			0x67, 0x92, 0xc0, 0x20, 0x00, 0x22, 0x27, 0x94, 0x7c, 0x09, 0x90, 0x22, 0x10, 0x0c, 0x69, 0x90, 
			0x22, 0x20, 0xc0, 0x20, 0x00, 0x22, 0x67, 0x94, 0xc0, 0x20, 0x00, 0xa1, 0x3b, 0x6f, 0x22, 0x27, 
			0x96, 0x91, 0x6b, 0x6f, 0xa0, 0x22, 0x10, 0x90, 0x22, 0x20, 0xc0, 0x20, 0x00, 0x22, 0x67, 0x96, 
			0xc0, 0x20, 0x00, 0xa1, 0x68, 0x6f, 0x92, 0x27, 0x9a, 0xa0, 0x99, 0x20, 0xc0, 0x20, 0x00, 0x92, 
			0x67, 0x9a, 0xc0, 0x20, 0x00, 0x21, 0xe9, 0x6e, 0xa2, 0x27, 0x9d, 0x20, 0xaa, 0x20, 0xc0, 0x20, 
			0x00, 0xa2, 0x67, 0x9d, 0xc0, 0x20, 0x00, 0x91, 0x2d, 0x6f, 0x22, 0x27, 0x9f, 0x90, 0x22, 0x10, 
			0xc0, 0x20, 0x00, 0x22, 0x67, 0x9f, 0xc0, 0x20, 0x00, 0xa1, 0x5b, 0x6f, 0x92, 0x27, 0xa3, 0xa0, 
			0x99, 0x20, 0xc0, 0x20, 0x00, 0x92, 0x67, 0xa3, 0xc0, 0x20, 0x00, 0x21, 0x7b, 0x6e, 0xa2, 0x25, 
			0x1c, 0x20, 0xaa, 0x10, 0xc0, 0x20, 0x00, 0xa2, 0x65, 0x1c, 0xc0, 0x20, 0x00, 0x91, 0x20, 0x6f, 
			0x72, 0x25, 0x28, 0x90, 0x77, 0x10, 0x60, 0x67, 0x20, 0xc0, 0x20, 0x00, 0x62, 0x65, 0x28, 0xc0, 
			0x20, 0x00, 0xa1, 0x1c, 0x6f, 0x22, 0x2a, 0x80, 0x0c, 0x25, 0x50, 0x22, 0x20, 0xc0, 0x20, 0x00, 
			0x22, 0x6a, 0x80, 0x91, 0x56, 0x6f, 0x72, 0xa0, 0x6c, 0xc0, 0x20, 0x00, 0x62, 0x2a, 0x81, 0x90, 
			0x66, 0x10, 0x70, 0x66, 0x20, 0xc0, 0x20, 0x00, 0x62, 0x6a, 0x81, 0xc0, 0x20, 0x00, 0x52, 0x2a, 
			0x84, 0x50, 0x50, 0x74, 0xc0, 0x20, 0x00, 0x52, 0x6a, 0x84, 0x51, 0x4d, 0x6f, 0xc0, 0x20, 0x00, 
			0x22, 0x2a, 0x85, 0xe0, 0x22, 0x10, 0x50, 0x22, 0x20, 0xc0, 0x20, 0x00, 0x22, 0x6a, 0x85, 0x21, 
			0x49, 0x6f, 0xc0, 0x20, 0x00, 0x92, 0x2a, 0x86, 0x80, 0x99, 0x10, 0x20, 0x99, 0x20, 0xc0, 0x20, 
			0x00, 0x92, 0x6a, 0x86, 0x61, 0x45, 0x6f, 0xc0, 0x20, 0x00, 0x71, 0x07, 0x6f, 0x52, 0x2a, 0x87, 
			0x70, 0x55, 0x10, 0x60, 0x55, 0x20, 0xc0, 0x20, 0x00, 0x52, 0x6a, 0x87, 0xc0, 0x20, 0x00, 0x72, 
			0xaf, 0x00, 0x22, 0x2a, 0x8a, 0x52, 0xa0, 0xf0, 0x70, 0x22, 0x10, 0x50, 0x22, 0x20, 0xc0, 0x20, 
			0x00, 0x22, 0x6a, 0x8a, 0xc0, 0x20, 0x00, 0x92, 0x2a, 0x8c, 0x21, 0xc5, 0x6e, 0xe0, 0x99, 0x10, 
			0x20, 0x99, 0x20, 0xc0, 0x20, 0x00, 0x92, 0x6a, 0x8c, 0xc0, 0x20, 0x00, 0x62, 0x2a, 0x8e, 0x91, 
			0xb8, 0x6e, 0xe0, 0x66, 0x10, 0x90, 0x66, 0x20, 0xc0, 0x20, 0x00, 0x62, 0x6a, 0x8e, 0xc0, 0x20, 
			0x00, 0x52, 0x2a, 0x8f, 0x61, 0x1e, 0x6f, 0x50, 0x50, 0xf4, 0x60, 0x55, 0x20, 0xc0, 0x20, 0x00, 
			0x52, 0x6a, 0x8f, 0xc0, 0x20, 0x00, 0x21, 0x1a, 0x6f, 0x62, 0x2a, 0x92, 0x20, 0x66, 0x20, 0xc0, 
			0x20, 0x00, 0x62, 0x6a, 0x92, 0xc0, 0x20, 0x00, 0x51, 0x3b, 0x6e, 0x22, 0x2a, 0x93, 0x50, 0x22, 
			0x10, 0xc0, 0x20, 0x00, 0x22, 0x6a, 0x93, 0x51, 0x38, 0x6e, 0xc0, 0x20, 0x00, 0x61, 0xc8, 0x6e, 
			0x22, 0x2a, 0x94, 0x60, 0x22, 0x10, 0x50, 0x22, 0x20, 0xc0, 0x20, 0x00, 0x22, 0x6a, 0x94, 0x0c, 
			0xf5, 0xc0, 0x20, 0x00, 0x61, 0xe2, 0x6e, 0x22, 0x2a, 0x95, 0x60, 0x22, 0x10, 0x50, 0x22, 0x20, 
			0xc0, 0x20, 0x00, 0x22, 0x6a, 0x95, 0x0c, 0x46, 0xc0, 0x20, 0x00, 0x52, 0x2a, 0x96, 0x70, 0x55, 
			0x10, 0x60, 0x55, 0x20, 0xc0, 0x20, 0x00, 0x52, 0x6a, 0x96, 0x51, 0x10, 0x6f, 0xc0, 0x20, 0x00, 
			0x22, 0x2a, 0x97, 0x20, 0x20, 0xf4, 0x50, 0x22, 0x20, 0xc0, 0x20, 0x00, 0x22, 0x6a, 0x97, 0xc0, 
			0x20, 0x00, 0x51, 0xd3, 0x6e, 0x72, 0x2a, 0x98, 0x62, 0xa0, 0xc0, 0x50, 0x77, 0x10, 0x60, 0x77, 
			0x20, 0xc0, 0x20, 0x00, 0x72, 0x6a, 0x98, 0xc0, 0x20, 0x00, 0x22, 0x2a, 0x99, 0x80, 0x22, 0x10, 
			0xf0, 0x22, 0x20, 0xc0, 0x20, 0x00, 0x22, 0x6a, 0x99, 0xc0, 0x20, 0x00, 0x72, 0x2a, 0x9a, 0x21, 
			0xc1, 0x6e, 0x80, 0x77, 0x10, 0x20, 0x77, 0x20, 0xc0, 0x20, 0x00, 0x72, 0x6a, 0x9a, 0xc0, 0x20, 
			0x00, 0x72, 0x2a, 0x9b, 0x50, 0x77, 0x10, 0x60, 0x77, 0x20, 0xc0, 0x20, 0x00, 0x72, 0x6a, 0x9b, 
			0xc0, 0x20, 0x00, 0x62, 0x2a, 0x9c, 0x80, 0x66, 0x10, 0xf0, 0x66, 0x20, 0xc0, 0x20, 0x00, 0x62, 
			0x6a, 0x9c, 0xc0, 0x20, 0x00, 0xf2, 0x2a, 0x9d, 0x80, 0xff, 0x10, 0x20, 0xff, 0x20, 0xc0, 0x20, 
			0x00, 0xf2, 0x6a, 0x9d, 0xc0, 0x20, 0x00, 0x61, 0x63, 0x6e, 0x72, 0x2a, 0x9e, 0x60, 0x77, 0x10, 
			0x30, 0x77, 0x20, 0xc0, 0x20, 0x00, 0x72, 0x6a, 0x9e, 0xc0, 0x20, 0x00, 0x22, 0x2a, 0x9f, 0x60, 
			0x22, 0x10, 0x30, 0x22, 0x20, 0xc0, 0x20, 0x00, 0x22, 0x6a, 0x9f, 0xc0, 0x20, 0x00, 0x71, 0xe4, 
			0x6e, 0xf2, 0x2a, 0xa0, 0xc0, 0x20, 0x00, 0x72, 0x6a, 0xa0, 0x71, 0xe2, 0x6e, 0xc0, 0x20, 0x00, 
			0x62, 0x2a, 0xa4, 0x60, 0x60, 0xf4, 0x70, 0x66, 0x20, 0xc0, 0x20, 0x00, 0x62, 0x6a, 0xa4, 0x21, 
			0xde, 0x6e, 0xc0, 0x20, 0x00, 0x31, 0xa9, 0x6e, 0xf2, 0x2a, 0xa5, 0x30, 0xff, 0x10, 0x20, 0xff, 
			0x20, 0xc0, 0x20, 0x00, 0xf2, 0x6a, 0xa5, 0xc0, 0x20, 0x00, 0x72, 0x2a, 0xa6, 0xe0, 0x77, 0x10, 
			0x90, 0x77, 0x20, 0xc0, 0x20, 0x00, 0x72, 0x6a, 0xa6, 0xc0, 0x20, 0x00, 0x31, 0xd4, 0x6e, 0x62, 
			0x2a, 0xa7, 0xc0, 0x20, 0x00, 0x32, 0x6a, 0xa7, 0xc0, 0x20, 0x00, 0x22, 0x2a, 0xa8, 0x71, 0xfd, 
			0x6d, 0xe0, 0x22, 0x10, 0x70, 0x22, 0x20, 0xc0, 0x20, 0x00, 0x22, 0x6a, 0xa8, 0x91, 0xcc, 0x6e, 
			0xc0, 0x20, 0x00, 0xf1, 0x99, 0x6e, 0x62, 0x2a, 0xa9, 0xf0, 0x66, 0x10, 0x90, 0x66, 0x20, 0xc0, 
			0x20, 0x00, 0x62, 0x6a, 0xa9, 0x31, 0xc7, 0x6e, 0xc0, 0x20, 0x00, 0x22, 0x2a, 0xaa, 0x50, 0x22, 
			0x10, 0x30, 0x22, 0x20, 0xc0, 0x20, 0x00, 0x22, 0x6a, 0xaa, 0xc0, 0x20, 0x00, 0xf1, 0x91, 0x6e, 
			0x62, 0x2a, 0xab, 0x91, 0x91, 0x6e, 0xf0, 0x66, 0x10, 0x90, 0x66, 0x20, 0xc0, 0x20, 0x00, 0x62, 
			0x6a, 0xab, 0xc0, 0x20, 0x00, 0x51, 0xa9, 0x6e, 0x32, 0x2a, 0xad, 0x50, 0x33, 0x10, 0xc0, 0x20, 
			0x00, 0x32, 0x6a, 0xad, 0xf1, 0xb9, 0x6e, 0xc0, 0x20, 0x00, 0x21, 0x88, 0x6e, 0x92, 0x2a, 0xae, 
			0x20, 0x99, 0x10, 0xf0, 0x99, 0x20, 0xc0, 0x20, 0x00, 0x92, 0x6a, 0xae, 0xc0, 0x20, 0x00, 0x31, 
			0xbd, 0x6d, 0x62, 0x23, 0xc2, 0xc0, 0x20, 0x00, 0x21, 0x9e, 0x6e, 0x22, 0x63, 0xc2, 0xc0, 0x20, 
			0x00, 0x52, 0x23, 0xc4, 0xc0, 0x20, 0x00, 0x22, 0x63, 0xc4, 0xc0, 0x20, 0x00, 0xf1, 0xb2, 0x6d, 
			0xa2, 0x2c, 0x80, 0xf0, 0xaa, 0x20, 0xc0, 0x20, 0x00, 0xa2, 0x6c, 0x80, 0xc0, 0x20, 0x00, 0x62, 
			0x2c, 0x9d, 0x7c, 0xe9, 0x90, 0x66, 0x10, 0xc0, 0x20, 0x00, 0x62, 0x6c, 0x9d, 0x51, 0xa4, 0x6e, 
			0x31, 0xa3, 0x6e, 0xc0, 0x20, 0x00, 0x22, 0x24, 0x85, 0x50, 0x22, 0x10, 0x30, 0x22, 0x20, 0xc0, 
			0x20, 0x00, 0x22, 0x64, 0x85, 0xf1, 0xa0, 0x6e, 0xa1, 0x9f, 0x6e, 0xc0, 0x20, 0x00, 0x92, 0x24, 
			0x87, 0xf0, 0x99, 0x10, 0xa0, 0x99, 0x20, 0xc0, 0x20, 0x00, 0x92, 0x64, 0x87, 0x61, 0x9c, 0x6e, 
			0x51, 0x9b, 0x6e, 0xc0, 0x20, 0x00, 0x32, 0x24, 0x88, 0x60, 0x33, 0x10, 0x50, 0x33, 0x20, 0xc0, 
			0x20, 0x00, 0x32, 0x64, 0x88, 0x32, 0xa7, 0x08, 0xc0, 0x20, 0x00, 0x22, 0x24, 0x89, 0xb0, 0x22, 
			0x10, 0x30, 0x22, 0x20, 0xc0, 0x20, 0x00, 0x22, 0x64, 0x89, 0x21, 0x92, 0x6e, 0xc0, 0x20, 0x00, 
			0x91, 0x7a, 0x6e, 0xf2, 0x24, 0x8a, 0x90, 0xff, 0x10, 0x20, 0xff, 0x20, 0xc0, 0x20, 0x00, 0xf2, 
			0x64, 0x8a, 0x51, 0x8d, 0x6e, 0xc0, 0x20, 0x00, 0x32, 0x24, 0x8c, 0xb0, 0x33, 0x10, 0x50, 0x33, 
			0x20, 0xc0, 0x20, 0x00, 0x32, 0x64, 0x8c, 0x21, 0x89, 0x6e, 0xc0, 0x20, 0x00, 0xb2, 0x24, 0x8d, 
			0xf1, 0x41, 0x6e, 0x20, 0xbb, 0x10, 0xf0, 0xbb, 0x20, 0xc0, 0x20, 0x00, 0xb2, 0x64, 0x8d, 0x61, 
			0x85, 0x6e, 0xa1, 0x83, 0x6e, 0xc0, 0x20, 0x00, 0x52, 0x24, 0x8f, 0xa0, 0x55, 0x10, 0x60, 0x55, 
			0x20, 0xc0, 0x20, 0x00, 0x52, 0x64, 0x8f, 0x51, 0x80, 0x6e, 0xc0, 0x20, 0x00, 0x32, 0x24, 0x90, 
			0x30, 0x30, 0xf4, 0x50, 0x33, 0x20, 0xc0, 0x20, 0x00, 0x32, 0x64, 0x90, 0xc0, 0x20, 0x00, 0x41, 
			0x81, 0x6d, 0x21, 0x5c, 0x6e, 0xf2, 0x24, 0x80, 0x20, 0xff, 0x10, 0xc0, 0x20, 0x00, 0xf2, 0x64, 
			0x80, 0xb1, 0x76, 0x6e, 0xc0, 0x20, 0x00, 0xa2, 0x24, 0x8a, 0xb0, 0xaa, 0x10, 0xc0, 0x20, 0x00, 
			0xa2, 0x64, 0x8a, 0xc0, 0x20, 0x00, 0x62, 0x24, 0x9c, 0x90, 0x66, 0x10, 0x70, 0x66, 0x20, 0xc0, 
			0x20, 0x00, 0x62, 0x64, 0x9c, 0xc0, 0x20, 0x00, 0x51, 0x6f, 0x6d, 0x32, 0x24, 0x84, 0x50, 0x33, 
			0x10, 0xc0, 0x20, 0x00, 0x32, 0x64, 0x84, 0x46, 0x23, 0xfb, 0x00, 0x00, 0x36, 0x41, 0x00, 0x22, 
			0x22, 0x03, 0x58, 0x72, 0x16, 0x85, 0x05, 0x0c, 0x03, 0xa8, 0x42, 0x41, 0x70, 0x6d, 0xa5, 0x75, 
			0x08, 0xdd, 0x04, 0xcd, 0x03, 0x25, 0x64, 0x07, 0xd1, 0x62, 0x6e, 0x0c, 0x0c, 0xa5, 0x3a, 0x07, 
			0x6d, 0x0a, 0x7d, 0x0b, 0xad, 0x05, 0x25, 0x74, 0x08, 0xdd, 0x04, 0xcd, 0x03, 0xa5, 0x62, 0x07, 
			0xdd, 0x0b, 0xcd, 0x0a, 0xbd, 0x07, 0xad, 0x06, 0xe5, 0x61, 0x07, 0x31, 0x55, 0x6d, 0x65, 0x90, 
			0x07, 0x9d, 0x0a, 0xa9, 0xa2, 0xb1, 0xa5, 0x6d, 0xa1, 0xb7, 0x6d, 0xb0, 0x99, 0x10, 0xc0, 0x20, 
			0x00, 0x82, 0x23, 0x80, 0xa0, 0x88, 0x10, 0x90, 0x88, 0x20, 0xc0, 0x20, 0x00, 0x82, 0x63, 0x80, 
			0x0c, 0x02, 0x1d, 0xf0, 0x36, 0x41, 0x00, 0xd2, 0xa0, 0x00, 0x28, 0x32, 0x0c, 0x0c, 0x48, 0x32, 
			0x38, 0x22, 0xbd, 0x04, 0xad, 0x03, 0xa5, 0x70, 0x07, 0x16, 0x6a, 0x03, 0xa8, 0x72, 0xa5, 0x6e, 
			0x08, 0xcd, 0x03, 0xdd, 0x04, 0x6d, 0x0b, 0x5d, 0x0a, 0xbd, 0x04, 0xad, 0x03, 0xe5, 0xf7, 0x06, 
			0xdd, 0x0b, 0xcd, 0x0a, 0xbd, 0x06, 0xad, 0x05, 0xe5, 0x5b, 0x07, 0xd1, 0x42, 0x6e, 0x0c, 0x0c, 
			0xa5, 0xf6, 0x06, 0xd1, 0x41, 0x6e, 0x0c, 0x0c, 0xe5, 0x31, 0x07, 0xa5, 0x89, 0x07, 0xa9, 0x92, 
			0x46, 0x00, 0x00, 0xa8, 0x92, 0xb1, 0x9b, 0x6d, 0x91, 0x89, 0x6d, 0x81, 0x35, 0x6d, 0x90, 0x9a, 
			0x10, 0xc0, 0x20, 0x00, 0x22, 0x28, 0x81, 0xb0, 0x22, 0x10, 0x90, 0x22, 0x20, 0xc0, 0x20, 0x00, 
			0x22, 0x68, 0x81, 0x0c, 0x02, 0x1d, 0xf0, 0x00, 0x36, 0x41, 0x00, 0x92, 0x22, 0x03, 0xa2, 0x22, 
			0x02, 0x92, 0x09, 0x36, 0xa2, 0xda, 0x01, 0xe6, 0x49, 0x0e, 0xa6, 0x19, 0x0b, 0xa2, 0x0a, 0x65, 
			0x66, 0x1a, 0x05, 0x20, 0xa2, 0x20, 0xe5, 0xb2, 0x03, 0x0c, 0x02, 0x1d, 0xf0, 0x00, 0x00, 0x00, 
			0x36, 0x41, 0x00, 0x31, 0x1c, 0x6d, 0xc0, 0x20, 0x00, 0x82, 0x23, 0x95, 0xc0, 0x20, 0x00, 0x42, 
			0x23, 0x96, 0xc0, 0x20, 0x00, 0x82, 0x63, 0xb9, 0xc0, 0x20, 0x00, 0x42, 0x63, 0xba, 0x5c, 0x02, 
			0xc0, 0x20, 0x00, 0x22, 0x63, 0xb4, 0x0c, 0x02, 0x1d, 0xf0, 0x00, 0x00, 0x36, 0x41, 0x00, 0x31, 
			0x11, 0x6d, 0xc0, 0x20, 0x00, 0x82, 0x23, 0x95, 0xc0, 0x20, 0x00, 0x52, 0x23, 0x96, 0xc0, 0x20, 
			0x00, 0x42, 0x23, 0x97, 0xc0, 0x20, 0x00, 0x82, 0x63, 0xb9, 0xc0, 0x20, 0x00, 0x52, 0x63, 0xba, 
			0xc0, 0x20, 0x00, 0x42, 0x63, 0xbb, 0xc0, 0x20, 0x00, 0x42, 0x63, 0xbc, 0x5c, 0x22, 0xc0, 0x20, 
			0x00, 0x22, 0x63, 0xb4, 0x0c, 0x02, 0x1d, 0xf0, 0x36, 0x41, 0x00, 0x0c, 0x03, 0xc0, 0x20, 0x00, 
			0x39, 0x02, 0xc0, 0x20, 0x00, 0x39, 0x12, 0x1d, 0xf0, 0x00, 0x00, 0x00, 0x36, 0x41, 0x00, 0xc0, 
			0x20, 0x00, 0x58, 0x12, 0xc0, 0x20, 0x00, 0x0c, 0x03, 0x48, 0x02, 0x0c, 0x12, 0x50, 0x44, 0xc0, 
			0x40, 0x23, 0x93, 0x1d, 0xf0, 0x00, 0x00, 0x00, 0x36, 0x41, 0x00, 0x1b, 0x32, 0x42, 0xa1, 0xff, 
			0x40, 0x42, 0xc0, 0x0c, 0x02, 0x40, 0x23, 0x93, 0x1d, 0xf0, 0x00, 0x00, 0x36, 0x41, 0x00, 0xc0, 
			0x20, 0x00, 0xa8, 0x12, 0x25, 0xfe, 0xff, 0xc0, 0x20, 0x00, 0x88, 0x02, 0xa7, 0x98, 0x03, 0x0c, 
			0x02, 0x1d, 0xf0, 0xc0, 0x20, 0x00, 0xa8, 0x12, 0xe5, 0xfc, 0xff, 0xc0, 0x20, 0x00, 0xa9, 0x12, 
			0xc0, 0x20, 0x00, 0x98, 0x12, 0x20, 0x99, 0xa0, 0xc0, 0x20, 0x00, 0x39, 0x29, 0x0c, 0x12, 0x1d, 
			0xf0, 0x00, 0x00, 0x00, 0x36, 0x41, 0x00, 0xad, 0x02, 0x25, 0xf9, 0xff, 0x8c, 0x2a, 0x0c, 0x02, 
			0x1d, 0xf0, 0xc0, 0x20, 0x00, 0xa8, 0x02, 0x25, 0xfa, 0xff, 0xc0, 0x20, 0x00, 0xa9, 0x02, 0xc0, 
			0x20, 0x00, 0x88, 0x02, 0x20, 0x28, 0xa0, 0xc0, 0x20, 0x00, 0x28, 0x22, 0x1d, 0xf0, 0x00, 0x00, 
			0x36, 0x41, 0x00, 0x42, 0xa0, 0x80, 0x38, 0x22, 0x0c, 0x02, 0x82, 0xd3, 0x03, 0x4a, 0x33, 0x22, 
			0x48, 0x8a, 0x22, 0x43, 0x9a, 0x22, 0x43, 0x9b, 0x22, 0x43, 0x9c, 0x22, 0x43, 0x9e, 0x22, 0x43, 
			0x9f, 0x22, 0x43, 0x9d, 0x22, 0x43, 0xa0, 0x22, 0x43, 0xa2, 0x22, 0x43, 0xa3, 0x22, 0x43, 0xa4, 
			0x22, 0x43, 0xa5, 0x1d, 0xf0, 0x00, 0x00, 0x00, 0x36, 0x41, 0x00, 0x1d, 0xf0, 0x00, 0x00, 0x00, 
			0x36, 0x41, 0x00, 0x1d, 0xf0, 0x00, 0x00, 0x00, 0x36, 0x41, 0x00, 0xa8, 0x32, 0xb1, 0x16, 0x6d, 
			0xa2, 0x0a, 0x34, 0x2c, 0x18, 0x87, 0x9a, 0x05, 0x31, 0x38, 0x6d, 0x06, 0x02, 0x00, 0x31, 0x36, 
			0x6d, 0xc2, 0xca, 0xe0, 0xc0, 0x3b, 0x83, 0xa8, 0x22, 0xa2, 0x2a, 0x1d, 0x65, 0x23, 0x00, 0x37, 
			0x3a, 0x1d, 0x0c, 0x1f, 0xe1, 0xcc, 0x6c, 0xc0, 0x20, 0x00, 0xd2, 0x2e, 0x80, 0xf0, 0xdd, 0x20, 
			0xc0, 0x20, 0x00, 0x0c, 0x2b, 0xc8, 0x22, 0xd2, 0x6e, 0x80, 0xc2, 0xdc, 0x03, 0xb2, 0x4c, 0x8a, 
			0x1d, 0xf0, 0x00, 0x00, 0x36, 0x41, 0x00, 0xa2, 0x22, 0x03, 0xc2, 0xa3, 0x80, 0xb2, 0x0a, 0x34, 
			0x42, 0xa0, 0xff, 0x26, 0x8b, 0x7e, 0x26, 0xbb, 0x7b, 0x26, 0xcb, 0x78, 0xd2, 0xa0, 0x21, 0xd7, 
			0x1b, 0x14, 0x26, 0xdb, 0x6f, 0x82, 0xa0, 0x48, 0x87, 0x1b, 0x69, 0x92, 0xa0, 0x60, 0x97, 0x1b, 
			0x63, 0xe2, 0xcb, 0x9f, 0x56, 0x3e, 0x11, 0x31, 0xe0, 0x6c, 0xc0, 0x20, 0x00, 0xf2, 0x23, 0xe8, 
			0xf0, 0xf0, 0x04, 0x16, 0x4f, 0x10, 0xe8, 0x22, 0xca, 0xee, 0x92, 0x0e, 0x23, 0x1b, 0x99, 0x92, 
			0x4e, 0x23, 0x98, 0x02, 0xc0, 0x20, 0x00, 0x82, 0x23, 0xe0, 0x80, 0x80, 0xf5, 0x82, 0x49, 0x04, 
			0xd7, 0x9b, 0x0a, 0xf2, 0x0a, 0x31, 0x66, 0x1f, 0x04, 0xad, 0x02, 0x65, 0x04, 0x03, 0xb1, 0x7c, 
			0x6d, 0xc0, 0x20, 0x00, 0xa2, 0x23, 0xd9, 0xb0, 0xaa, 0x20, 0xc0, 0x20, 0x00, 0xa2, 0x63, 0xd9, 
			0x91, 0xfb, 0x6c, 0xc0, 0x20, 0x00, 0x82, 0x23, 0xd9, 0x90, 0x88, 0x10, 0xc0, 0x20, 0x00, 0x82, 
			0x63, 0xd9, 0x46, 0x2d, 0x00, 0x52, 0xa0, 0xef, 0x31, 0x99, 0x6c, 0xc0, 0x20, 0x00, 0xd2, 0x23, 
			0xbc, 0xd0, 0xdf, 0x05, 0x16, 0x7d, 0x0a, 0xe8, 0x22, 0xca, 0xee, 0xd2, 0x0e, 0x23, 0x1b, 0xdd, 
			0xd2, 0x4e, 0x23, 0xc0, 0x20, 0x00, 0xc2, 0x23, 0xbd, 0xe8, 0x02, 0xc0, 0xd0, 0xf4, 0xc0, 0xc4, 
			0x74, 0xc7, 0x35, 0x02, 0x46, 0x32, 0x00, 0x42, 0x4e, 0x04, 0x86, 0x34, 0x00, 0x82, 0xcc, 0x10, 
			0xd0, 0xf0, 0x34, 0xfa, 0xfc, 0xc0, 0xf8, 0x93, 0xf2, 0x4a, 0x2d, 0xb2, 0xa2, 0x00, 0xc0, 0x20, 
			0x00, 0xa2, 0x23, 0x93, 0xb0, 0xaa, 0x20, 0xc0, 0x20, 0x00, 0xa2, 0x63, 0x93, 0x92, 0xad, 0xff, 
			0xc0, 0x20, 0x00, 0x82, 0x23, 0x93, 0x90, 0x88, 0x10, 0xc0, 0x20, 0x00, 0x82, 0x63, 0x93, 0xc0, 
			0x20, 0x00, 0xc2, 0x23, 0xbc, 0xd7, 0x7c, 0x42, 0xc0, 0x20, 0x00, 0xc2, 0x23, 0xbe, 0xa8, 0x72, 
			0xc0, 0xd0, 0xf4, 0xc0, 0xc4, 0x74, 0xc7, 0x35, 0x0a, 0xe2, 0xcc, 0x10, 0xd0, 0x40, 0x34, 0x4a, 
			0x4c, 0xc0, 0x4e, 0x93, 0x42, 0x4a, 0x2e, 0xc2, 0xa1, 0x00, 0xc0, 0x20, 0x00, 0xb2, 0x23, 0x93, 
			0xc0, 0xbb, 0x20, 0xc0, 0x20, 0x00, 0xb2, 0x63, 0x93, 0x92, 0xae, 0xff, 0xc0, 0x20, 0x00, 0x82, 
			0x23, 0x93, 0x90, 0x88, 0x10, 0xc0, 0x20, 0x00, 0x82, 0x63, 0x93, 0x0c, 0x02, 0x1d, 0xf0, 0x66, 
			0xcb, 0xf8, 0x0c, 0x09, 0xb8, 0x22, 0xd1, 0x66, 0x6c, 0xca, 0xbb, 0xc0, 0x20, 0x00, 0xd2, 0x2d, 
			0xb7, 0xd0, 0xdc, 0x05, 0x8c, 0xed, 0xc0, 0x20, 0x00, 0xc2, 0x23, 0xb0, 0xc0, 0xc8, 0x05, 0xcc, 
			0x3c, 0x92, 0x0b, 0x2e, 0x1b, 0x99, 0x92, 0x4b, 0x2e, 0xd1, 0x56, 0x6c, 0xe2, 0x0b, 0x2f, 0xc0, 
			0x20, 0x00, 0xe2, 0x6d, 0x5d, 0xc2, 0x0b, 0x2e, 0xc0, 0x20, 0x00, 0xc2, 0x6d, 0x5c, 0x06, 0x14, 
			0x00, 0x82, 0xcc, 0x10, 0xd0, 0xf0, 0x34, 0xf0, 0xfc, 0x80, 0xc0, 0xf8, 0x93, 0xf2, 0x4e, 0x04, 
			0x66, 0xcb, 0x1a, 0xc0, 0x20, 0x00, 0x82, 0x23, 0xb3, 0x37, 0x68, 0x02, 0x42, 0x4e, 0x04, 0x92, 
			0x0a, 0x31, 0x66, 0x19, 0x08, 0x20, 0xa2, 0x20, 0x65, 0xef, 0x02, 0xa2, 0x22, 0x03, 0xe1, 0x52, 
			0x6c, 0xc0, 0x20, 0x00, 0xd2, 0x23, 0x93, 0xe0, 0xdd, 0x20, 0xc0, 0x20, 0x00, 0xd2, 0x63, 0x93, 
			0xc1, 0x4d, 0x6c, 0xc0, 0x20, 0x00, 0xb2, 0x23, 0x93, 0xc0, 0xbb, 0x10, 0xc0, 0x20, 0x00, 0xb2, 
			0x63, 0x93, 0xf2, 0x0a, 0x34, 0xf2, 0xcf, 0xe0, 0x56, 0xff, 0xf5, 0xc0, 0x20, 0x00, 0x82, 0x23, 
			0xbc, 0x80, 0x8e, 0x05, 0x16, 0x78, 0xf0, 0xc0, 0x20, 0x00, 0xc2, 0x23, 0xbe, 0xa8, 0x72, 0xc0, 
			0xd0, 0xf5, 0xc0, 0xc4, 0x75, 0xc7, 0x35, 0x02, 0x46, 0xb0, 0xff, 0x42, 0x4a, 0x2d, 0x46, 0xb2, 
			0xff, 0x00, 0x00, 0x00, 0x36, 0x41, 0x00, 0x65, 0x76, 0xfb, 0x27, 0x3a, 0x04, 0x20, 0x2a, 0xc0, 
			0x1d, 0xf0, 0x20, 0x2a, 0xc0, 0x1d, 0xf0, 0x00, 0x36, 0x41, 0x00, 0x82, 0x22, 0x03, 0x82, 0x08, 
			0x34, 0x66, 0xd8, 0x05, 0x20, 0xa2, 0x20, 0xa5, 0xa8, 0x03, 0x22, 0xa0, 0x00, 0x1d, 0xf0, 0x00, 
			0x36, 0x41, 0x00, 0x91, 0x34, 0x6d, 0x81, 0x32, 0x6d, 0xc1, 0x30, 0x6d, 0xc2, 0x68, 0x03, 0x92, 
			0x68, 0x07, 0xb2, 0xc9, 0x30, 0xa2, 0xc9, 0x60, 0xe2, 0xcc, 0x58, 0xd2, 0xcc, 0x78, 0xd2, 0x68, 
			0x04, 0xe9, 0x58, 0xa9, 0x88, 0xb9, 0x68, 0xa2, 0xc8, 0x40, 0xb2, 0xc8, 0x38, 0xe1, 0x2a, 0x6d, 
			0xe9, 0x98, 0xb9, 0x08, 0x92, 0xc8, 0x6c, 0xa9, 0x18, 0xc1, 0x28, 0x6d, 0x0c, 0x1a, 0xc9, 0xc8, 
			0x99, 0x28, 0x22, 0xce, 0x30, 0xf2, 0xce, 0x4c, 0xf9, 0xb8, 0x29, 0xa8, 0xd2, 0xcc, 0x54, 0x21, 
			0x24, 0x6d, 0xd9, 0xd8, 0x89, 0x02, 0x65, 0x50, 0x08, 0x0c, 0x0a, 0xb1, 0x22, 0x6d, 0xe5, 0xea, 
			0x07, 0x0c, 0x1a, 0xa5, 0xeb, 0x07, 0x0c, 0x1f, 0x81, 0x0b, 0x6c, 0xc0, 0x20, 0x00, 0xa1, 0x1e, 
			0x6d, 0xf2, 0x68, 0x91, 0x25, 0xc1, 0xff, 0xa8, 0x02, 0x65, 0x5b, 0xfb, 0x1d, 0xf0, 0x00, 0x00, 
			0x36, 0x41, 0x00, 0xd2, 0xa0, 0xfe, 0x91, 0x03, 0x6c, 0xc0, 0x20, 0x00, 0xc2, 0x29, 0x90, 0xd0, 
			0xcc, 0x10, 0xc0, 0x20, 0x00, 0xc2, 0x69, 0x90, 0xc0, 0x20, 0x00, 0xb2, 0x29, 0x94, 0x0c, 0x08, 
			0xb0, 0xb0, 0x74, 0xc0, 0x20, 0x00, 0xa1, 0x10, 0x6d, 0x82, 0x69, 0xb4, 0xe5, 0xc1, 0xff, 0x1d, 
			0xf0, 0x00, 0x00, 0x00, 0x36, 0x61, 0x00, 0x21, 0x0a, 0x6d, 0x71, 0xfb, 0x6b, 0xa2, 0x22, 0x00, 
			0x61, 0x05, 0x6c, 0xd2, 0x2a, 0x02, 0x32, 0xa0, 0x80, 0x30, 0xed, 0x80, 0x82, 0x0e, 0x94, 0x51, 
			0xf7, 0x6b, 0x66, 0x18, 0x04, 0x25, 0x67, 0xfb, 0x1d, 0xf0, 0x82, 0x0e, 0xb3, 0x41, 0xf4, 0x6b, 
			0x66, 0x18, 0x2d, 0xb8, 0x3a, 0xf2, 0xa2, 0x80, 0xb2, 0x0b, 0x34, 0xc1, 0xf2, 0x6b, 0x82, 0xcb, 
			0xe0, 0x16, 0x98, 0x33, 0x82, 0xcb, 0xdf, 0x16, 0x38, 0x33, 0x92, 0xcb, 0xe8, 0x56, 0x99, 0x2f, 
			0xfa, 0x9d, 0x92, 0x09, 0xf2, 0x56, 0x19, 0x34, 0xa5, 0x83, 0x06, 0xc6, 0x13, 0x00, 0x00, 0x00, 
			0x00, 0x82, 0x0e, 0xb9, 0x66, 0x18, 0x46, 0x92, 0xa2, 0x80, 0x9a, 0x9d, 0x92, 0x09, 0xf3, 0x56, 
			0x19, 0x2a, 0xe5, 0xae, 0x02, 0x46, 0x0d, 0x00, 0x00, 0x00, 0x00, 0xa1, 0xc0, 0x6c, 0x91, 0x12, 
			0x6c, 0xc0, 0x20, 0x00, 0x82, 0x29, 0x80, 0xa0, 0x88, 0x20, 0xc0, 0x20, 0x00, 0x82, 0x69, 0x80, 
			0xc0, 0x20, 0x00, 0xc2, 0x26, 0x88, 0x6c, 0xff, 0xf0, 0xcc, 0x10, 0xc0, 0x20, 0x00, 0xc2, 0x66, 
			0x88, 0x0c, 0x0a, 0xb2, 0xa3, 0x80, 0xba, 0xbd, 0xa2, 0x4e, 0xb9, 0xa2, 0x4b, 0x0a, 0xc2, 0x22, 
			0x00, 0xd2, 0x2c, 0x02, 0x30, 0x9d, 0x80, 0xb2, 0x09, 0xb4, 0x66, 0x1b, 0x36, 0xa2, 0x2d, 0x17, 
			0x25, 0xe6, 0xff, 0xc8, 0x02, 0xa7, 0xb5, 0x25, 0x91, 0x4a, 0x6c, 0xc0, 0x20, 0x00, 0x82, 0x24, 
			0x80, 0x90, 0x88, 0x20, 0xc0, 0x20, 0x00, 0x0c, 0x0e, 0xf2, 0xa3, 0x80, 0xd8, 0x2c, 0x82, 0x64, 
			0x80, 0x3a, 0x9d, 0xfa, 0xfd, 0xe2, 0x49, 0xb4, 0xe2, 0x4f, 0x0a, 0x46, 0x01, 0x00, 0xd2, 0x2c, 
			0x02, 0x30, 0x9d, 0x80, 0xa2, 0x09, 0xb5, 0x66, 0x1a, 0x31, 0xa2, 0x2d, 0x18, 0x65, 0xe2, 0xff, 
			0xc2, 0x22, 0x00, 0xa7, 0xb5, 0x1f, 0xd8, 0x3c, 0xd2, 0x0d, 0x47, 0x91, 0xcc, 0x6c, 0xd2, 0xcd, 
			0xd0, 0x56, 0xbd, 0x3b, 0xc0, 0x20, 0x00, 0xe2, 0x24, 0x80, 0x90, 0xee, 0x20, 0xc0, 0x20, 0x00, 
			0xe2, 0x64, 0x80, 0x06, 0xee, 0x00, 0xd2, 0x2c, 0x02, 0x30, 0x9d, 0x80, 0xf2, 0x09, 0xb6, 0x66, 
			0x1f, 0x37, 0xa2, 0x2d, 0x19, 0xe5, 0xde, 0xff, 0xc2, 0x22, 0x00, 0xa7, 0xb5, 0x25, 0xd1, 0x4c, 
			0x6c, 0xc0, 0x20, 0x00, 0xb2, 0x24, 0x80, 0xd0, 0xbb, 0x20, 0xc0, 0x20, 0x00, 0x0c, 0x08, 0xa2, 
			0xa3, 0x80, 0xd8, 0x2c, 0xb2, 0x64, 0x80, 0x3a, 0x9d, 0xaa, 0xad, 0x82, 0x49, 0xb6, 0x82, 0x4a, 
			0x0a, 0x46, 0x01, 0x00, 0xd2, 0x2c, 0x02, 0x30, 0x9d, 0x80, 0xe2, 0x09, 0xb7, 0x66, 0x1e, 0x4d, 
			0xa2, 0x2d, 0x1a, 0x25, 0xdb, 0xff, 0xc2, 0x22, 0x00, 0xa7, 0xb5, 0x3b, 0xe1, 0xc5, 0x6b, 0xc0, 
			0x20, 0x00, 0xe8, 0x0e, 0xf1, 0xc3, 0x6b, 0x70, 0xee, 0x20, 0xc0, 0x20, 0x00, 0xe9, 0x0f, 0xd1, 
			0xac, 0x6c, 0xc0, 0x20, 0x00, 0xe1, 0x03, 0x6c, 0xb2, 0x2e, 0x29, 0xd0, 0xbb, 0x20, 0xc0, 0x20, 
			0x00, 0x0c, 0x08, 0xa2, 0xa3, 0x80, 0xd8, 0x2c, 0xb2, 0x6e, 0x29, 0x3a, 0x9d, 0xaa, 0xad, 0x82, 
			0x49, 0xb7, 0x82, 0x4a, 0x0a, 0x46, 0x01, 0x00, 0xd2, 0x2c, 0x02, 0x30, 0x9d, 0x80, 0xf2, 0x09, 
			0xb8, 0x66, 0x1f, 0x3f, 0xa2, 0x2d, 0x1b, 0xe5, 0xd5, 0xff, 0xc2, 0x22, 0x00, 0xa7, 0xb5, 0x2d, 
			0xb1, 0x4d, 0x6c, 0xc0, 0x20, 0x00, 0xa2, 0x24, 0x80, 0xb0, 0xaa, 0x20, 0xc0, 0x20, 0x00, 0xa2, 
			0x64, 0x80, 0xc0, 0x20, 0x00, 0xa1, 0xef, 0x6b, 0x98, 0x8a, 0x70, 0x99, 0x20, 0xc0, 0x20, 0x00, 
			0x0c, 0x08, 0xd8, 0x2c, 0x99, 0x8a, 0x3a, 0x9d, 0x82, 0x49, 0xb8, 0x46, 0x01, 0x00, 0xd2, 0x2c, 
			0x02, 0x30, 0x9d, 0x80, 0xe2, 0x09, 0xba, 0x51, 0x8f, 0x6c, 0x66, 0x1e, 0x51, 0xa2, 0x2d, 0x1d, 
			0x25, 0xd1, 0xff, 0xc2, 0x22, 0x00, 0xd8, 0x2c, 0xa7, 0xb5, 0x40, 0xa2, 0xa3, 0x80, 0xaa, 0xad, 
			0xf2, 0x0a, 0x11, 0x3a, 0x9d, 0xfc, 0x6f, 0xc9, 0x21, 0x99, 0x01, 0x0c, 0x1e, 0xe2, 0x4a, 0x11, 
			0xe8, 0x3c, 0x99, 0x11, 0xb2, 0x0e, 0x34, 0xa1, 0x78, 0x6b, 0xd2, 0xcb, 0xe0, 0x16, 0xdd, 0x2d, 
			0x99, 0x11, 0xc9, 0x21, 0xf2, 0xcb, 0xdf, 0x16, 0x3f, 0x2d, 0xc0, 0x20, 0x00, 0x82, 0x26, 0x84, 
			0xa0, 0x88, 0x20, 0xc0, 0x20, 0x00, 0x82, 0x66, 0x84, 0x06, 0xaa, 0x00, 0x30, 0x9d, 0x80, 0xa2, 
			0x09, 0xb3, 0xb2, 0x09, 0xb4, 0x56, 0x9a, 0x0a, 0x56, 0x6b, 0x0a, 0xd2, 0x09, 0xb5, 0x56, 0x0d, 
			0x0a, 0xe2, 0x09, 0xb6, 0x56, 0xae, 0x09, 0xf2, 0x09, 0xb7, 0x56, 0x4f, 0x09, 0x82, 0x09, 0xb8, 
			0x56, 0xe8, 0x08, 0xa2, 0x09, 0xb9, 0x56, 0x8a, 0x08, 0xb2, 0x09, 0xba, 0x56, 0x2b, 0x08, 0xc0, 
			0xac, 0x20, 0x25, 0x41, 0x00, 0xf8, 0x02, 0xc8, 0x3f, 0xc2, 0x0c, 0x34, 0xd2, 0xa0, 0xfa, 0xd7, 
			0x1c, 0x6f, 0xa8, 0x2f, 0xa8, 0x0a, 0xe5, 0xc7, 0xff, 0xf8, 0x02, 0xa7, 0x35, 0x02, 0xc6, 0xa5, 
			0x00, 0xb8, 0x3f, 0xb2, 0x0b, 0x34, 0xc2, 0xcb, 0xf0, 0x16, 0x8c, 0x3a, 0x2c, 0x1c, 0xb7, 0xac, 
			0x02, 0x86, 0xcb, 0x00, 0xe6, 0xcb, 0x02, 0x06, 0xca, 0x00, 0xad, 0x0f, 0xa5, 0x87, 0xff, 0xa8, 
			0x02, 0xe5, 0x72, 0x02, 0xa8, 0x02, 0xa5, 0x1a, 0x01, 0xf8, 0x02, 0xd8, 0x3f, 0xd2, 0x0d, 0x34, 
			0x66, 0xcd, 0x06, 0xad, 0x0f, 0xa5, 0x27, 0x01, 0xf8, 0x02, 0x42, 0x2f, 0x02, 0x30, 0x44, 0x80, 
			0xe2, 0x04, 0xd2, 0x56, 0xae, 0x00, 0xad, 0x0f, 0xa5, 0xed, 0x01, 0xf8, 0x02, 0x48, 0x2f, 0x3a, 
			0x44, 0x82, 0x04, 0xae, 0x56, 0x28, 0x30, 0xad, 0x0f, 0xa5, 0x2c, 0x01, 0x86, 0xbe, 0x00, 0x00, 
			0x00, 0x00, 0x1d, 0xf0, 0x66, 0x19, 0x08, 0x25, 0x87, 0x02, 0x06, 0x64, 0xff, 0x00, 0x00, 0x00, 
			0xa2, 0xc9, 0xfe, 0x56, 0x4a, 0xd5, 0xa2, 0x2d, 0x1c, 0xa5, 0xbf, 0xff, 0xa7, 0x35, 0x02, 0xc6, 
			0x5e, 0xff, 0xa2, 0x22, 0x00, 0xa5, 0x94, 0x02, 0xc2, 0x22, 0x00, 0x0c, 0x3b, 0xc8, 0x2c, 0xd2, 
			0xa2, 0x80, 0xda, 0xcc, 0xb2, 0x4c, 0xf3, 0xc6, 0x58, 0xff, 0xa2, 0x2d, 0x16, 0x65, 0xbd, 0xff, 
			0xa7, 0x35, 0x02, 0xc6, 0x55, 0xff, 0xc0, 0x20, 0x00, 0x92, 0x24, 0x80, 0x70, 0x99, 0x20, 0xc0, 
			0x20, 0x00, 0xf2, 0xa3, 0x80, 0xe2, 0x22, 0x00, 0xd2, 0xa0, 0x00, 0xe2, 0x2e, 0x02, 0x92, 0x64, 
			0x80, 0x3a, 0x8e, 0xd2, 0x48, 0xb3, 0xfa, 0xee, 0xd2, 0x4e, 0x0a, 0xc6, 0x4b, 0xff, 0xfa, 0xbd, 
			0x92, 0x0b, 0xf3, 0xcc, 0x79, 0xa5, 0x7d, 0x02, 0x86, 0x48, 0xff, 0x00, 0x00, 0x00, 0x66, 0x19, 
			0x14, 0x65, 0x7f, 0x02, 0x86, 0x45, 0xff, 0x00, 0x00, 0x00, 0x66, 0x19, 0x53, 0xe5, 0x51, 0x06, 
			0x86, 0x42, 0xff, 0x00, 0x00, 0x00, 0x26, 0x29, 0x02, 0xc6, 0x23, 0x00, 0xc0, 0x20, 0x00, 0xa2, 
			0x2c, 0xc1, 0xa0, 0xa0, 0x04, 0x16, 0x5a, 0xcf, 0xa2, 0x2d, 0x16, 0xa5, 0xb6, 0xff, 0xa7, 0x35, 
			0x02, 0x46, 0x3a, 0xff, 0xc0, 0x20, 0x00, 0xc1, 0x0f, 0x6b, 0xb2, 0x2c, 0xc0, 0xd2, 0xae, 0xff, 
			0xd0, 0xbb, 0x10, 0xc0, 0x20, 0x00, 0xb2, 0x6c, 0xc0, 0xa2, 0x22, 0x00, 0x25, 0x8a, 0x02, 0xf2, 
			0x22, 0x00, 0x0c, 0x3e, 0xf8, 0x2f, 0x82, 0xa2, 0x80, 0x8a, 0xff, 0xe2, 0x4f, 0xf3, 0x06, 0x2f, 
			0xff, 0x82, 0xc9, 0xfe, 0x56, 0x08, 0x0b, 0xc0, 0x20, 0x00, 0x92, 0x2c, 0xc1, 0x90, 0x90, 0x04, 
			0x16, 0xa9, 0xca, 0xa2, 0x2d, 0x16, 0xe5, 0xb1, 0xff, 0xa7, 0x35, 0x02, 0x86, 0x27, 0xff, 0xc0, 
			0x20, 0x00, 0xb1, 0xfc, 0x6a, 0xa2, 0x2b, 0xc0, 0xc2, 0xae, 0xff, 0xc0, 0xaa, 0x10, 0xc0, 0x20, 
			0x00, 0xa2, 0x6b, 0xc0, 0xa2, 0x22, 0x00, 0x65, 0x58, 0x06, 0xe2, 0x22, 0x00, 0x0c, 0x3d, 0xe8, 
			0x2e, 0xf2, 0xa2, 0x80, 0xfa, 0xee, 0xd2, 0x4e, 0xf2, 0x46, 0x1c, 0xff, 0xc0, 0x20, 0x00, 0xc2, 
			0x24, 0x80, 0x70, 0xcc, 0x20, 0xc0, 0x20, 0x00, 0xc2, 0x64, 0x80, 0xc0, 0x20, 0x00, 0x82, 0x26, 
			0x88, 0x92, 0xaf, 0xef, 0x90, 0x88, 0x10, 0xc0, 0x20, 0x00, 0x82, 0x66, 0x88, 0xf2, 0x0b, 0xf6, 
			0x66, 0x1f, 0x3c, 0xe5, 0x81, 0xff, 0xf1, 0xf8, 0x6b, 0xc0, 0x20, 0x00, 0xe2, 0x24, 0x83, 0xf0, 
			0xee, 0x20, 0xc0, 0x20, 0x00, 0xf2, 0x22, 0x00, 0xd2, 0x2f, 0x03, 0xe2, 0x64, 0x83, 0xd2, 0x0d, 
			0x34, 0x2c, 0x1e, 0xe7, 0x9d, 0x15, 0x0c, 0x69, 0x7c, 0x0a, 0xc0, 0x20, 0x00, 0x82, 0x24, 0x94, 
			0xa0, 0x88, 0x10, 0x90, 0x88, 0x20, 0xc0, 0x20, 0x00, 0x82, 0x64, 0x94, 0xe8, 0x2f, 0x3a, 0xee, 
			0x0c, 0x0f, 0xf2, 0x4e, 0xb3, 0x46, 0x01, 0xff, 0xc0, 0x20, 0x00, 0xb2, 0x24, 0x80, 0x70, 0xbb, 
			0x20, 0xc0, 0x20, 0x00, 0xb2, 0x64, 0x80, 0xc0, 0x20, 0x00, 0x92, 0x26, 0x88, 0x6c, 0xfa, 0xa0, 
			0x99, 0x10, 0xc0, 0x20, 0x00, 0x92, 0x66, 0x88, 0x0c, 0x08, 0x82, 0x4e, 0xb3, 0x46, 0xf7, 0xfe, 
			0xc0, 0x20, 0x00, 0xd2, 0x24, 0x80, 0x90, 0xdd, 0x20, 0xc0, 0x20, 0x00, 0xd2, 0x64, 0x80, 0xf2, 
			0xa3, 0x80, 0xd8, 0x2c, 0x0c, 0x0e, 0x3a, 0x9d, 0xe2, 0x49, 0xb5, 0xfa, 0xfd, 0xe2, 0x4f, 0x0a, 
			0x06, 0x0e, 0xff, 0xc0, 0x20, 0x00, 0xa1, 0xc8, 0x6a, 0x82, 0x26, 0x84, 0xa0, 0x88, 0x20, 0xc0, 
			0x20, 0x00, 0x82, 0x66, 0x84, 0xc0, 0x20, 0x00, 0xe2, 0x26, 0x80, 0x70, 0xee, 0x20, 0xc0, 0x20, 
			0x00, 0xe2, 0x66, 0x80, 0xd8, 0x01, 0x0c, 0x0b, 0xb2, 0x4d, 0xba, 0x06, 0x50, 0xff, 0xb2, 0x2e, 
			0x03, 0xa2, 0x2e, 0x02, 0xd1, 0xca, 0x6b, 0xc2, 0xa0, 0x00, 0xe5, 0xda, 0x06, 0xc8, 0x21, 0x98, 
			0x11, 0xd6, 0xea, 0xfb, 0x81, 0xb8, 0x6a, 0xc0, 0x20, 0x00, 0xf2, 0x26, 0x84, 0x80, 0xff, 0x10, 
			0xc0, 0x20, 0x00, 0xf2, 0x66, 0x84, 0xc6, 0xee, 0xff, 0xd2, 0x2f, 0x02, 0xa2, 0x2d, 0x01, 0x65, 
			0x9d, 0xff, 0x91, 0xbf, 0x6b, 0xa7, 0x39, 0x02, 0x86, 0x6d, 0xff, 0xf8, 0x02, 0xe8, 0x3f, 0xa2, 
			0x0e, 0x47, 0x3c, 0x0c, 0xc7, 0x1a, 0x2c, 0xd8, 0x2f, 0x3a, 0x8d, 0x82, 0x08, 0xab, 0xec, 0x28, 
			0x92, 0xa2, 0x80, 0x9a, 0x9d, 0x92, 0x09, 0xfa, 0xdc, 0x89, 0xb2, 0x0e, 0x34, 0xc2, 0xcb, 0xa0, 
			0x16, 0xfc, 0x10, 0xd2, 0xcb, 0x9f, 0x16, 0x9d, 0x10, 0xad, 0x0f, 0x25, 0x0d, 0xfd, 0xf2, 0x22, 
			0x00, 0xe2, 0x2f, 0x03, 0xb2, 0x0e, 0x34, 0x82, 0xcb, 0xe0, 0x16, 0xc8, 0x0b, 0x92, 0xcb, 0xdf, 
			0x16, 0x69, 0x0b, 0xc2, 0xcb, 0xf0, 0x16, 0x0c, 0x0b, 0x26, 0x8b, 0x07, 0x4c, 0x8d, 0xd7, 0x1b, 
			0x02, 0x66, 0xdb, 0x04, 0xad, 0x0f, 0x65, 0x2f, 0x05, 0xa8, 0x02, 0xb2, 0xa2, 0x80, 0xa8, 0x2a, 
			0xe2, 0xa3, 0x80, 0xea, 0xea, 0xe2, 0x0e, 0x00, 0xba, 0xaa, 0x16, 0x2e, 0x08, 0xb1, 0x85, 0x6a, 
			0xc0, 0x20, 0x00, 0xc2, 0x2b, 0xa2, 0xc0, 0xc8, 0x75, 0xc2, 0x4a, 0xff, 0xc0, 0x20, 0x00, 0xb2, 
			0x2b, 0xa2, 0xb0, 0xb0, 0xf5, 0xb2, 0x4a, 0xfe, 0x25, 0x0a, 0xfb, 0xd8, 0x02, 0xd8, 0x2d, 0xa9, 
			0x1d, 0x1d, 0xf0, 0xf0, 0xaf, 0x20, 0xe5, 0x1c, 0x06, 0xf2, 0x22, 0x00, 0xe8, 0x2f, 0x3a, 0xee, 
			0xe2, 0x0e, 0xd2, 0xcc, 0x3e, 0xad, 0x0f, 0xe5, 0x5d, 0x05, 0xf2, 0x22, 0x00, 0xd2, 0x2f, 0x02, 
			0x30, 0x8d, 0x80, 0x82, 0x08, 0xaf, 0xec, 0x58, 0x98, 0x3f, 0x92, 0x09, 0x47, 0x3c, 0x0a, 0xa7, 
			0x19, 0x1c, 0x92, 0xa3, 0x80, 0x9a, 0x9d, 0x92, 0x09, 0x0a, 0xcc, 0x69, 0xad, 0x0f, 0xe5, 0x7d, 
			0xfb, 0x06, 0x02, 0x00, 0x66, 0x19, 0x05, 0xf0, 0xaf, 0x20, 0xe5, 0x68, 0xff, 0xf8, 0x02, 0xad, 
			0x0f, 0x25, 0x6d, 0xff, 0x65, 0x04, 0xfb, 0xd8, 0x02, 0xd8, 0x2d, 0xa9, 0x0d, 0xc6, 0xbe, 0xff, 
			0x1c, 0xeb, 0x3c, 0x2e, 0xe2, 0x4a, 0xff, 0x86, 0xe2, 0xff, 0xad, 0x0f, 0x65, 0x6e, 0x01, 0x86, 
			0xd5, 0xff, 0x00, 0x00, 0x00, 0xad, 0x0f, 0xa5, 0x39, 0x02, 0xa8, 0x02, 0x25, 0xe1, 0x00, 0xf8, 
			0x02, 0x48, 0x2f, 0x3a, 0x44, 0x82, 0x04, 0xd2, 0xcc, 0x98, 0xad, 0x0f, 0x65, 0xb5, 0x01, 0xf8, 
			0x02, 0x48, 0x2f, 0x3a, 0x44, 0x82, 0x04, 0xae, 0x56, 0xe8, 0xf7, 0xad, 0x0f, 0x65, 0xf4, 0x00, 
			0x86, 0xdd, 0xff, 0x92, 0xca, 0xe0, 0x16, 0x49, 0xef, 0xad, 0x0f, 0x25, 0xfc, 0xfc, 0x06, 0xbb, 
			0xff, 0x00, 0x00, 0x00, 0x36, 0x41, 0x00, 0x31, 0x64, 0x6b, 0x30, 0xa3, 0x20, 0xe5, 0x53, 0xff, 
			0x42, 0xa0, 0xff, 0x56, 0x4a, 0x11, 0x30, 0xa3, 0x20, 0xa5, 0x59, 0xff, 0x5c, 0x38, 0xa0, 0xb0, 
			0x74, 0x87, 0x3b, 0x02, 0xc6, 0x86, 0x00, 0xa1, 0x63, 0x6b, 0xb0, 0x9b, 0x90, 0xaa, 0x99, 0xa0, 
			0x09, 0x00, 0x46, 0x83, 0x00, 0x86, 0x82, 0x00, 0xc6, 0x81, 0x00, 0x86, 0x92, 0x00, 0xc6, 0xd2, 
			0x00, 0x86, 0x7f, 0x00, 0xc6, 0x7e, 0x00, 0x06, 0x7e, 0x00, 0x46, 0x7d, 0x00, 0x86, 0x7c, 0x00, 
			0xc6, 0x7b, 0x00, 0x06, 0x7b, 0x00, 0x46, 0x7a, 0x00, 0x86, 0x79, 0x00, 0xc6, 0x78, 0x00, 0x06, 
			0x78, 0x00, 0x46, 0x77, 0x00, 0x86, 0xc6, 0x00, 0xc6, 0x75, 0x00, 0x06, 0x75, 0x00, 0x46, 0x74, 
			0x00, 0x86, 0x73, 0x00, 0xc6, 0x72, 0x00, 0x86, 0xbf, 0x00, 0x46, 0xbc, 0x00, 0x86, 0x70, 0x00, 
			0x46, 0xb8, 0x00, 0x06, 0xb5, 0x00, 0xc6, 0xb1, 0x00, 0x86, 0x6d, 0x00, 0xc6, 0x6c, 0x00, 0x06, 
			0xad, 0x00, 0x46, 0x6b, 0x00, 0x86, 0x6a, 0x00, 0xc6, 0x69, 0x00, 0x86, 0xa7, 0x00, 0x46, 0x68, 
			0x00, 0x86, 0x67, 0x00, 0xc6, 0x66, 0x00, 0x06, 0x66, 0x00, 0x46, 0xa1, 0x00, 0x06, 0x9e, 0x00, 
			0xc6, 0x9a, 0x00, 0x86, 0x97, 0x00, 0x46, 0x62, 0x00, 0x86, 0x61, 0x00, 0xc6, 0x60, 0x00, 0x06, 
			0x60, 0x00, 0x46, 0x5f, 0x00, 0x86, 0x5e, 0x00, 0x46, 0x90, 0x00, 0x06, 0x8d, 0x00, 0x46, 0x5c, 
			0x00, 0x86, 0x5b, 0x00, 0xc6, 0x5a, 0x00, 0x06, 0x5a, 0x00, 0x46, 0x59, 0x00, 0x06, 0x86, 0x00, 
			0xc6, 0x82, 0x00, 0x06, 0x57, 0x00, 0x46, 0x56, 0x00, 0x06, 0x7e, 0x00, 0xc6, 0x7a, 0x00, 0x06, 
			0x54, 0x00, 0xc6, 0x76, 0x00, 0x86, 0x73, 0x00, 0xc6, 0x51, 0x00, 0x86, 0x6f, 0x00, 0x46, 0x6c, 
			0x00, 0x86, 0x4f, 0x00, 0xc6, 0x4e, 0x00, 0x06, 0x4e, 0x00, 0x46, 0x4d, 0x00, 0x86, 0x4c, 0x00, 
			0xc6, 0x4b, 0x00, 0x06, 0x4b, 0x00, 0x46, 0x4a, 0x00, 0x86, 0x49, 0x00, 0xc6, 0x48, 0x00, 0x06, 
			0x48, 0x00, 0xc6, 0x60, 0x00, 0x86, 0x5d, 0x00, 0x46, 0x5a, 0x00, 0xb2, 0x22, 0x03, 0x92, 0x22, 
			0x02, 0x32, 0xa0, 0x80, 0x30, 0x99, 0x80, 0xc2, 0x09, 0x97, 0xa2, 0x0b, 0x34, 0x66, 0x1c, 0x1d, 
			0xc2, 0xca, 0xf8, 0x16, 0x7c, 0x10, 0xd2, 0xca, 0xf0, 0x16, 0xcd, 0x11, 0xe2, 0xca, 0xe8, 0x16, 
			0x6e, 0x10, 0xf2, 0xca, 0xc0, 0x16, 0x3f, 0x0c, 0x82, 0xca, 0xb8, 0x16, 0xd8, 0x0b, 0x2c, 0x19, 
			0x97, 0x9a, 0x33, 0xa8, 0x22, 0x3a, 0xca, 0xc2, 0x0c, 0xe8, 0x8c, 0x7c, 0xad, 0x02, 0xe5, 0x9d, 
			0x00, 0xb8, 0x32, 0xa8, 0x22, 0xd2, 0x0b, 0x31, 0x16, 0xdd, 0x01, 0x30, 0x9a, 0x80, 0xe2, 0x09, 
			0xea, 0xf2, 0x09, 0xeb, 0x66, 0x1e, 0x0f, 0x66, 0x1f, 0x0c, 0x82, 0x09, 0xf0, 0x56, 0x68, 0x00, 
			0xad, 0x02, 0x25, 0xbb, 0x00, 0x1d, 0xf0, 0x1d, 0xf0, 0xc2, 0xa2, 0x80, 0x0c, 0x0d, 0x0c, 0x1e, 
			0xb1, 0x23, 0x6a, 0xc0, 0x20, 0x00, 0x92, 0x2b, 0x90, 0x90, 0x98, 0x74, 0x26, 0x19, 0x02, 0x86, 
			0x21, 0x00, 0xc0, 0x20, 0x00, 0xf2, 0x2b, 0x92, 0xb7, 0x7f, 0x7d, 0x1c, 0x19, 0xca, 0xca, 0xc0, 
			0x20, 0x00, 0x82, 0x2b, 0x92, 0x80, 0x89, 0x65, 0x97, 0x88, 0x4b, 0x92, 0x0c, 0xf1, 0xf6, 0x59, 
			0x02, 0xc6, 0x2b, 0x00, 0xc0, 0x20, 0x00, 0xf2, 0x2b, 0xc0, 0xf0, 0xf8, 0x75, 0xc0, 0x20, 0x00, 
			0x92, 0x2b, 0x80, 0x90, 0x98, 0x75, 0xf7, 0x19, 0x2d, 0xf1, 0x42, 0x6a, 0xc0, 0x20, 0x00, 0x82, 
			0x2b, 0xc0, 0x91, 0x2e, 0x6a, 0xf0, 0x88, 0x10, 0xc0, 0x20, 0x00, 0xf2, 0x2b, 0x80, 0x90, 0xff, 
			0x10, 0x80, 0xff, 0x20, 0xc0, 0x20, 0x00, 0x3a, 0x8a, 0x0c, 0x29, 0xf2, 0x6b, 0x80, 0xd2, 0x4c, 
			0xf3, 0x92, 0x4c, 0xf4, 0xe2, 0x48, 0xb9, 0xd2, 0x4c, 0xf1, 0x1d, 0xf0, 0x92, 0x09, 0x96, 0x26, 
			0x19, 0x51, 0x26, 0x29, 0x4e, 0x26, 0x39, 0x05, 0x82, 0xc9, 0xfc, 0x56, 0xf8, 0xf2, 0xad, 0x02, 
			0xe5, 0x6b, 0x03, 0x86, 0x10, 0x00, 0x00, 0x00, 0x00, 0xca, 0xca, 0x3a, 0x9a, 0xe2, 0x49, 0xf0, 
			0xc6, 0xf4, 0xff, 0xa1, 0xc0, 0x69, 0xc0, 0x20, 0x00, 0x42, 0x6a, 0xb4, 0x1d, 0xf0, 0xad, 0x02, 
			0x65, 0xee, 0x02, 0xc6, 0x01, 0x00, 0x00, 0x00, 0x00, 0xad, 0x02, 0xa5, 0xde, 0x03, 0xb8, 0x32, 
			0xa2, 0x0b, 0x34, 0xc6, 0xbd, 0xff, 0x00, 0x00, 0x00, 0xad, 0x02, 0x65, 0x60, 0x00, 0x06, 0xfb, 
			0xff, 0x00, 0x00, 0x00, 0xad, 0x02, 0xa5, 0x14, 0x03, 0xb8, 0x32, 0xa2, 0x0b, 0x34, 0x06, 0xb7, 
			0xff, 0x00, 0x00, 0x00, 0x1b, 0xd9, 0x46, 0xe3, 0xff, 0x20, 0xa2, 0x20, 0xb2, 0xa0, 0x03, 0xa5, 
			0xfc, 0xfa, 0x90, 0x00, 0x00, 0xad, 0x02, 0x65, 0x26, 0xff, 0x1d, 0xf0, 0x00, 0x00, 0x00, 0xad, 
			0x02, 0x65, 0xc5, 0x03, 0x1d, 0xf0, 0x00, 0x00, 0x00, 0xad, 0x02, 0x65, 0x22, 0xff, 0x1d, 0xf0, 
			0x00, 0x00, 0x00, 0xad, 0x02, 0x25, 0x7f, 0x00, 0x1d, 0xf0, 0x00, 0x00, 0x00, 0xad, 0x02, 0xa5, 
			0xc5, 0x03, 0x1d, 0xf0, 0x00, 0x00, 0x00, 0xad, 0x02, 0xa5, 0x4d, 0x00, 0x1d, 0xf0, 0x00, 0x00, 
			0x00, 0xad, 0x02, 0xe5, 0xae, 0x00, 0x1d, 0xf0, 0x00, 0x00, 0x00, 0xad, 0x02, 0x25, 0x43, 0xfd, 
			0x1d, 0xf0, 0x00, 0x00, 0x00, 0xad, 0x02, 0xe5, 0x63, 0xfc, 0x1d, 0xf0, 0x00, 0x00, 0x00, 0xad, 
			0x02, 0xe5, 0xbf, 0xfc, 0x1d, 0xf0, 0x00, 0x00, 0x00, 0xad, 0x02, 0x25, 0x41, 0xfb, 0x1d, 0xf0, 
			0x00, 0x00, 0x00, 0xad, 0x02, 0x25, 0x9d, 0x03, 0x1d, 0xf0, 0x00, 0x00, 0x00, 0x65, 0xc8, 0xfa, 
			0x1d, 0xf0, 0x00, 0x00, 0x00, 0xad, 0x02, 0x25, 0xbf, 0xfc, 0x1d, 0xf0, 0x00, 0x00, 0x00, 0xad, 
			0x02, 0xe5, 0x38, 0xfd, 0x1d, 0xf0, 0x00, 0x00, 0x00, 0xad, 0x02, 0xe5, 0x8c, 0xfc, 0x1d, 0xf0, 
			0x00, 0x00, 0x00, 0xad, 0x02, 0x65, 0x15, 0xfd, 0x1d, 0xf0, 0x00, 0x00, 0x00, 0xad, 0x02, 0xa5, 
			0x55, 0xff, 0x1d, 0xf0, 0x00, 0x00, 0x00, 0xad, 0x02, 0x25, 0x95, 0x00, 0x1d, 0xf0, 0x00, 0x00, 
			0x00, 0xad, 0x02, 0x65, 0xa9, 0x03, 0x1d, 0xf0, 0x00, 0x00, 0x00, 0xad, 0x02, 0xa5, 0x33, 0x00, 
			0x1d, 0xf0, 0x00, 0x00, 0x00, 0xad, 0x02, 0x25, 0x88, 0x03, 0x1d, 0xf0, 0x00, 0x00, 0x00, 0xad, 
			0x02, 0x65, 0x1a, 0x00, 0x1d, 0xf0, 0x00, 0x00, 0x00, 0xad, 0x02, 0x25, 0x02, 0x00, 0x1d, 0xf0, 
			0x00, 0x00, 0x00, 0xad, 0x02, 0xe5, 0x3c, 0xfb, 0x1d, 0xf0, 0x00, 0x00, 0x00, 0x20, 0xa2, 0x20, 
			0xb2, 0xa0, 0x04, 0x65, 0xec, 0xfa, 0x90, 0x00, 0x00, 0x00, 0x00, 0x00, 0x36, 0x41, 0x00, 0x0c, 
			0x09, 0x31, 0x68, 0x69, 0xc0, 0x20, 0x00, 0x92, 0x63, 0xa4, 0xc0, 0x20, 0x00, 0x92, 0x63, 0xa5, 
			0xc0, 0x20, 0x00, 0x92, 0x63, 0xa6, 0xc0, 0x20, 0x00, 0x92, 0x63, 0xa7, 0xc0, 0x20, 0x00, 0x92, 
			0x63, 0xa8, 0xc0, 0x20, 0x00, 0x92, 0x63, 0xa9, 0xc0, 0x20, 0x00, 0x48, 0x72, 0x92, 0x63, 0xaa, 
			0xc8, 0x24, 0xb8, 0x14, 0xc0, 0xd8, 0x74, 0x00, 0xdd, 0x11, 0x80, 0xcc, 0x01, 0xd0, 0xcc, 0x20, 
			0xb0, 0xd0, 0x74, 0x80, 0xdd, 0x11, 0xb0, 0xb8, 0x74, 0xd0, 0xbb, 0x20, 0xc0, 0xbb, 0x20, 0xc0, 
			0x20, 0x00, 0xb2, 0x63, 0xa4, 0x88, 0x04, 0x68, 0x64, 0x80, 0x70, 0x75, 0x80, 0xa8, 0x74, 0x60, 
			0x60, 0x31, 0x80, 0x66, 0x01, 0x80, 0xaa, 0x11, 0x80, 0x80, 0x74, 0x00, 0x88, 0x11, 0xa0, 0x77, 
			0x20, 0x80, 0x66, 0x20, 0x70, 0x66, 0x20, 0xc0, 0x20, 0x00, 0x58, 0x32, 0x28, 0x02, 0x62, 0x63, 
			0xa5, 0xf8, 0x64, 0x52, 0x05, 0x34, 0x22, 0x02, 0x04, 0x00, 0x55, 0x11, 0x80, 0x22, 0x01, 0x50, 
			0x22, 0x20, 0xf0, 0x50, 0x74, 0x80, 0x55, 0x11, 0xf0, 0xf8, 0x74, 0x50, 0xff, 0x20, 0x20, 0xff, 
			0x20, 0xc0, 0x20, 0x00, 0xf2, 0x63, 0xa6, 0xc2, 0x04, 0x26, 0xd8, 0x44, 0xf2, 0x04, 0x25, 0xd0, 
			0xe8, 0x74, 0x00, 0xee, 0x11, 0x80, 0xdd, 0x01, 0xe0, 0xdd, 0x20, 0xe2, 0x04, 0x21, 0xc0, 0xff, 
			0x11, 0x90, 0xee, 0x11, 0xf0, 0xee, 0x20, 0xe0, 0xcc, 0x20, 0xe2, 0x04, 0x2c, 0xc0, 0xc0, 0x74, 
			0x80, 0xee, 0x11, 0xe0, 0xcc, 0x20, 0xd0, 0xcc, 0x20, 0xc0, 0x20, 0x00, 0xc2, 0x63, 0xa7, 0x82, 
			0x04, 0x24, 0xc2, 0x04, 0x28, 0xd2, 0x04, 0x29, 0xa8, 0x74, 0xd0, 0xdd, 0x11, 0xa0, 0xb0, 0x75, 
			0x90, 0xcc, 0x11, 0xa0, 0xa8, 0x21, 0x00, 0xbb, 0x11, 0x80, 0xaa, 0x01, 0xb0, 0xaa, 0x20, 0xb2, 
			0x04, 0x2a, 0xd0, 0xcc, 0x20, 0xc0, 0xbb, 0x20, 0xc2, 0x04, 0x27, 0xb0, 0xb0, 0x74, 0x80, 0xbb, 
			0x11, 0xb0, 0xcc, 0x11, 0xc0, 0x88, 0x20, 0x80, 0x80, 0x74, 0xb0, 0x88, 0x20, 0xa0, 0x88, 0x20, 
			0xc0, 0x20, 0x00, 0x82, 0x63, 0xa8, 0x58, 0x74, 0x82, 0x04, 0x22, 0x68, 0x34, 0xf0, 0x88, 0x11, 
			0x60, 0x78, 0x54, 0x00, 0x77, 0x11, 0x80, 0x66, 0x01, 0x70, 0x66, 0x20, 0x72, 0x04, 0x23, 0x50, 
			0x50, 0x74, 0x80, 0x77, 0x20, 0x70, 0x70, 0x74, 0x80, 0x77, 0x11, 0x70, 0x55, 0x20, 0x60, 0x55, 
			0x20, 0xc0, 0x20, 0x00, 0x52, 0x63, 0xa9, 0x52, 0x04, 0x2e, 0x42, 0x04, 0x2d, 0x80, 0x55, 0x11, 
			0x50, 0x44, 0x20, 0xc0, 0x20, 0x00, 0x42, 0x63, 0xaa, 0x1c, 0x72, 0xc0, 0x20, 0x00, 0x22, 0x63, 
			0xb4, 0x2d, 0x09, 0x1d, 0xf0, 0x00, 0x00, 0x00, 0x36, 0x41, 0x00, 0x0c, 0x0a, 0x31, 0x09, 0x69, 
			0xc0, 0x20, 0x00, 0xa2, 0x63, 0xa4, 0xc0, 0x20, 0x00, 0xa2, 0x63, 0xa5, 0xc0, 0x20, 0x00, 0xa2, 
			0x63, 0xa6, 0xc0, 0x20, 0x00, 0xa2, 0x63, 0xa7, 0xc0, 0x20, 0x00, 0xa2, 0x63, 0xa8, 0xc0, 0x20, 
			0x00, 0xa2, 0x63, 0xa9, 0xc0, 0x20, 0x00, 0x48, 0x92, 0xa2, 0x63, 0xaa, 0xd8, 0x24, 0xc8, 0x14, 
			0xd0, 0xe8, 0x74, 0x00, 0xee, 0x11, 0x80, 0xdd, 0x01, 0xe0, 0xdd, 0x20, 0xc0, 0xe0, 0x74, 0x80, 
			0xee, 0x11, 0xc0, 0xc8, 0x74, 0xe0, 0xcc, 0x20, 0xd0, 0xcc, 0x20, 0xc0, 0x20, 0x00, 0xc2, 0x63, 
			0xa4, 0x98, 0x04, 0x78, 0x44, 0x90, 0x80, 0x75, 0x90, 0xb8, 0x74, 0x70, 0x70, 0x31, 0x80, 0x77, 
			0x01, 0x80, 0xbb, 0x11, 0x90, 0x90, 0x74, 0xb0, 0x88, 0x20, 0x00, 0x99, 0x11, 0x90, 0x77, 0x20, 
			0x80, 0x77, 0x20, 0xc0, 0x20, 0x00, 0x58, 0x02, 0x68, 0x32, 0x72, 0x63, 0xa5, 0x28, 0x44, 0x62, 
			0x06, 0x34, 0x52, 0x05, 0x04, 0x00, 0x66, 0x11, 0x80, 0x55, 0x01, 0x60, 0x55, 0x20, 0x20, 0x60, 
			0x74, 0x80, 0x66, 0x11, 0x20, 0x28, 0x74, 0x60, 0x22, 0x20, 0x50, 0x22, 0x20, 0xc0, 0x20, 0x00, 
			0x22, 0x63, 0xa6, 0xc2, 0x04, 0x24, 0xe2, 0x04, 0x29, 0xf2, 0x04, 0x1d, 0x22, 0x04, 0x25, 0xd2, 
			0x04, 0x1f, 0xc0, 0x22, 0x11, 0x80, 0xdd, 0x01, 0xc0, 0xff, 0x11, 0xf0, 0xee, 0x20, 0xe0, 0xe0, 
			0x74, 0xf2, 0x04, 0x1c, 0x00, 0xee, 0x11, 0xe0, 0xdd, 0x20, 0xe2, 0x04, 0x2a, 0xc0, 0xff, 0x11, 
			0xf0, 0xee, 0x20, 0xf2, 0x04, 0x19, 0xe0, 0xe0, 0x74, 0x80, 0xee, 0x11, 0x90, 0xff, 0x11, 0x20, 
			0xff, 0x20, 0xf0, 0xcc, 0x20, 0xc0, 0xc0, 0x74, 0xe0, 0xcc, 0x20, 0xd0, 0xcc, 0x20, 0xc0, 0x20, 
			0x00, 0xc2, 0x63, 0xa7, 0xb8, 0x54, 0x92, 0x04, 0x28, 0xb0, 0xb0, 0x31, 0x00, 0x99, 0x11, 0x80, 
			0xbb, 0x01, 0xb0, 0x99, 0x20, 0xb2, 0x04, 0x22, 0x82, 0x04, 0x2b, 0x80, 0xbb, 0x11, 0xb0, 0x88, 
			0x20, 0x90, 0x88, 0x20, 0xc0, 0x20, 0x00, 0x82, 0x63, 0xa8, 0x68, 0x54, 0x60, 0x70, 0x74, 0x80, 
			0x77, 0x11, 0x60, 0x68, 0x74, 0x70, 0x66, 0x20, 0x72, 0x04, 0x1a, 0x52, 0x04, 0x1b, 0xf0, 0x77, 
			0x11, 0x70, 0x55, 0x20, 0x50, 0x50, 0x74, 0x00, 0x55, 0x11, 0x60, 0x55, 0x20, 0xc0, 0x20, 0x00, 
			0x52, 0x63, 0xa9, 0x58, 0x34, 0x42, 0x14, 0x17, 0x50, 0x60, 0x74, 0x80, 0x66, 0x11, 0x50, 0x58, 
			0x54, 0x60, 0x55, 0x20, 0x40, 0x68, 0x74, 0x00, 0x66, 0x11, 0x80, 0x44, 0x01, 0x60, 0x44, 0x20, 
			0x50, 0x44, 0x20, 0xc0, 0x20, 0x00, 0x42, 0x63, 0xaa, 0x1c, 0x82, 0xc0, 0x20, 0x00, 0x22, 0x63, 
			0xb4, 0x2d, 0x0a, 0x1d, 0xf0, 0x00, 0x00, 0x00, 0x36, 0x41, 0x00, 0x0c, 0x08, 0x31, 0xa9, 0x68, 
			0xc0, 0x20, 0x00, 0x82, 0x63, 0xa4, 0xc0, 0x20, 0x00, 0x82, 0x63, 0xa5, 0xc0, 0x20, 0x00, 0x82, 
			0x63, 0xa6, 0xc0, 0x20, 0x00, 0x82, 0x63, 0xa7, 0xc0, 0x20, 0x00, 0x82, 0x63, 0xa8, 0xc0, 0x20, 
			0x00, 0x82, 0x63, 0xa9, 0xc0, 0x20, 0x00, 0x58, 0x62, 0x82, 0x63, 0xaa, 0xa8, 0x25, 0x98, 0x15, 
			0xa0, 0xb8, 0x74, 0x00, 0xbb, 0x11, 0x80, 0xaa, 0x01, 0xb0, 0xaa, 0x20, 0x90, 0xb0, 0x74, 0x80, 
			0xbb, 0x11, 0x90, 0x98, 0x74, 0xb0, 0x99, 0x20, 0xa0, 0x99, 0x20, 0xc0, 0x20, 0x00, 0x92, 0x63, 
			0xa4, 0x68, 0x05, 0xf8, 0x55, 0x60, 0x40, 0x75, 0x60, 0x78, 0x74, 0xf0, 0xf0, 0x31, 0x80, 0xff, 
			0x01, 0x80, 0x77, 0x11, 0x60, 0x60, 0x74, 0x70, 0x44, 0x20, 0x00, 0x66, 0x11, 0x60, 0xff, 0x20, 
			0x40, 0xff, 0x20, 0xc0, 0x20, 0x00, 0xe8, 0x32, 0xd8, 0x02, 0xf2, 0x63, 0xa5, 0xc8, 0x55, 0xe2, 
			0x0e, 0x34, 0xd2, 0x0d, 0x04, 0x00, 0xee, 0x11, 0x80, 0xdd, 0x01, 0xe0, 0xdd, 0x20, 0xc0, 0xe0, 
			0x74, 0x80, 0xee, 0x11, 0xc0, 0xc8, 0x74, 0xe0, 0xcc, 0x20, 0xd0, 0xcc, 0x20, 0xc0, 0x20, 0x00, 
			0xc2, 0x63, 0xa6, 0xa8, 0x65, 0x72, 0x05, 0x1d, 0x80, 0x9a, 0x01, 0xa0, 0xb8, 0x74, 0x90, 0x77, 
			0x11, 0x70, 0x70, 0x74, 0x00, 0xbb, 0x11, 0xa0, 0xa0, 0x75, 0xb0, 0x99, 0x20, 0x80, 0xaa, 0x11, 
			0xa0, 0x77, 0x20, 0x90, 0x77, 0x20, 0xc0, 0x20, 0x00, 0x72, 0x63, 0xa7, 0x42, 0x05, 0x1f, 0x62, 
			0x05, 0x1e, 0x58, 0x35, 0xf0, 0x66, 0x11, 0x60, 0x44, 0x20, 0x40, 0x40, 0x74, 0x50, 0x68, 0x54, 
			0x80, 0x66, 0x11, 0x50, 0x50, 0x74, 0x00, 0x55, 0x11, 0x60, 0x44, 0x20, 0x50, 0x44, 0x20, 0xc0, 
			0x20, 0x00, 0x42, 0x63, 0xa8, 0x1c, 0xb2, 0xc0, 0x20, 0x00, 0x22, 0x63, 0xb4, 0x2d, 0x08, 0x1d, 
			0xf0, 0x00, 0x00, 0x00, 0x36, 0x41, 0x00, 0x0c, 0x09, 0x31, 0x66, 0x68, 0xc0, 0x20, 0x00, 0x92, 
			0x63, 0xa4, 0xc0, 0x20, 0x00, 0x92, 0x63, 0xa5, 0xc0, 0x20, 0x00, 0x92, 0x63, 0xa6, 0xc0, 0x20, 
			0x00, 0x92, 0x63, 0xa7, 0xc0, 0x20, 0x00, 0x92, 0x63, 0xa8, 0xc0, 0x20, 0x00, 0x48, 0x62, 0x92, 
			0x63, 0xa9, 0x82, 0x04, 0x22, 0xa2, 0x04, 0x26, 0xc2, 0x04, 0x27, 0xb2, 0x04, 0x28, 0xc0, 0xcc, 
			0x11, 0xc0, 0xbb, 0x20, 0xc2, 0x04, 0x25, 0x80, 0xbb, 0x01, 0xc0, 0xcc, 0x11, 0xc0, 0xaa, 0x20, 
			0xa0, 0xa0, 0x74, 0xc2, 0x04, 0x23, 0x00, 0xaa, 0x11, 0xb0, 0xaa, 0x20, 0xb2, 0x04, 0x24, 0xc0, 
			0xcc, 0x11, 0xc0, 0xbb, 0x20, 0xc2, 0x04, 0x21, 0xb0, 0xb0, 0x74, 0x80, 0xbb, 0x11, 0xc0, 0xcc, 
			0x11, 0xc0, 0x88, 0x20, 0x80, 0x80, 0x74, 0xb0, 0x88, 0x20, 0xa0, 0x88, 0x20, 0xc0, 0x20, 0x00, 
			0x82, 0x63, 0xa4, 0x52, 0x04, 0x2a, 0x72, 0x04, 0x2b, 0x62, 0x04, 0x2c, 0xc0, 0x77, 0x11, 0x70, 
			0x66, 0x20, 0x72, 0x04, 0x29, 0x60, 0x60, 0x74, 0xc0, 0x77, 0x11, 0x80, 0x66, 0x11, 0x70, 0x55, 
			0x20, 0x50, 0x50, 0x74, 0x60, 0x55, 0x20, 0x62, 0x04, 0x2d, 0x42, 0x04, 0x2e, 0xc0, 0x66, 0x11, 
			0x60, 0x44, 0x20, 0x40, 0x40, 0x74, 0x00, 0x44, 0x11, 0x50, 0x44, 0x20, 0xc0, 0x20, 0x00, 0x42, 
			0x63, 0xa5, 0x4c, 0x12, 0xc0, 0x20, 0x00, 0x22, 0x63, 0xb4, 0x2d, 0x09, 0x1d, 0xf0, 0x00, 0x00, 
			0x36, 0x21, 0x01, 0x72, 0xa0, 0x01, 0x0c, 0x06, 0x52, 0xa0, 0x80, 0x41, 0x39, 0x68, 0xad, 0x01, 
			0xb1, 0x4e, 0x69, 0x5c, 0x4c, 0x25, 0x3f, 0x07, 0xb8, 0x22, 0x5a, 0x3b, 0x92, 0x03, 0x96, 0x0c, 
			0x2a, 0xfc, 0x39, 0x91, 0x35, 0x68, 0xc0, 0x20, 0x00, 0x82, 0x24, 0x80, 0x90, 0x88, 0x10, 0xc0, 
			0x20, 0x00, 0x82, 0x64, 0x80, 0x72, 0x43, 0x97, 0x72, 0x43, 0x96, 0x25, 0x74, 0xfa, 0xb8, 0x22, 
			0xa2, 0x6b, 0x12, 0x5a, 0xab, 0x72, 0x4a, 0xb3, 0x25, 0x73, 0xfa, 0x38, 0x22, 0xa2, 0x63, 0x16, 
			0x5a, 0x33, 0x92, 0x03, 0xb2, 0x06, 0x30, 0x00, 0x82, 0xc9, 0xff, 0x56, 0x58, 0x0c, 0xc0, 0x20, 
			0x00, 0x92, 0x24, 0xb2, 0x90, 0x9b, 0x05, 0x16, 0xc9, 0x18, 0xa2, 0x43, 0x96, 0xc0, 0x20, 0x00, 
			0x92, 0x24, 0xb1, 0x68, 0x32, 0x90, 0x9c, 0x25, 0x56, 0x69, 0x13, 0x0c, 0x07, 0x0c, 0x4e, 0x0c, 
			0x0a, 0xb1, 0x32, 0x69, 0xc1, 0x32, 0x69, 0xc2, 0x61, 0x18, 0xb9, 0x16, 0xa9, 0x06, 0xe2, 0x46, 
			0x4e, 0xb2, 0x21, 0x18, 0xad, 0x07, 0x0c, 0x0d, 0x0c, 0x0c, 0x65, 0x24, 0x06, 0xac, 0x0a, 0xa2, 
			0x03, 0x98, 0xbd, 0x01, 0xb0, 0xaa, 0xa0, 0xa8, 0x0a, 0xa5, 0x22, 0x07, 0xcd, 0x07, 0xd2, 0x21, 
			0x18, 0x65, 0x10, 0x06, 0xd1, 0x15, 0x69, 0x0c, 0x0c, 0xe5, 0xe6, 0x05, 0xa5, 0x39, 0x06, 0xa9, 
			0xb6, 0x0c, 0x17, 0x0c, 0x06, 0x65, 0x6b, 0xfa, 0x38, 0x22, 0xa2, 0x63, 0x12, 0xc1, 0x6d, 0x68, 
			0xc0, 0x20, 0x00, 0xb1, 0x5a, 0x68, 0x88, 0x32, 0x92, 0x24, 0x90, 0x88, 0xb8, 0xc0, 0x99, 0x10, 
			0xb0, 0x88, 0x10, 0x90, 0x88, 0x20, 0xc0, 0x20, 0x00, 0x82, 0x64, 0x90, 0x5a, 0x33, 0xd2, 0x03, 
			0x98, 0x16, 0xdd, 0xf5, 0xb1, 0x8c, 0x68, 0xc0, 0x20, 0x00, 0xa2, 0x24, 0x80, 0xb0, 0xaa, 0x10, 
			0xc0, 0x20, 0x00, 0xa2, 0x64, 0x80, 0x72, 0x43, 0xb6, 0x25, 0x67, 0xfa, 0x38, 0x22, 0xa2, 0x63, 
			0x19, 0x5a, 0x33, 0xc6, 0xce, 0xff, 0x92, 0x03, 0xb2, 0xa8, 0x02, 0x56, 0x89, 0x04, 0x72, 0x4a, 
			0x01, 0x86, 0x0f, 0x00, 0x82, 0xc9, 0xfe, 0x56, 0x78, 0xf2, 0x92, 0x22, 0x03, 0x92, 0x09, 0x34, 
			0xc0, 0x20, 0x00, 0xc2, 0x24, 0xb3, 0xc0, 0xc8, 0x14, 0x66, 0x3c, 0x3b, 0x66, 0xb9, 0x05, 0xb2, 
			0x22, 0x06, 0x72, 0x4b, 0x1e, 0xc2, 0x22, 0x00, 0xa2, 0x4c, 0x01, 0x62, 0x43, 0x98, 0x62, 0x43, 
			0x97, 0x62, 0x43, 0x96, 0x65, 0x62, 0xfa, 0xd8, 0x22, 0xd2, 0x2d, 0x12, 0xe8, 0x12, 0xd0, 0xda, 
			0xc0, 0xd9, 0x2e, 0x0c, 0x02, 0x1d, 0xf0, 0x0c, 0x3e, 0xe2, 0x4a, 0x01, 0x62, 0x43, 0xb2, 0x62, 
			0x43, 0x97, 0x62, 0x43, 0x96, 0x86, 0xfa, 0xff, 0x66, 0xb9, 0x04, 0xf8, 0x62, 0x62, 0x4f, 0x1e, 
			0xa2, 0x2b, 0x12, 0x25, 0xe9, 0xfe, 0xb2, 0x22, 0x02, 0x82, 0x2b, 0x58, 0x50, 0x3b, 0x80, 0xa7, 
			0xb8, 0x83, 0x72, 0x43, 0x96, 0x92, 0x22, 0x03, 0xa2, 0x03, 0x98, 0x92, 0x09, 0x4e, 0x97, 0x3a, 
			0x77, 0x92, 0x03, 0xb2, 0x62, 0x43, 0x98, 0x1b, 0x99, 0x90, 0x90, 0x74, 0x92, 0x43, 0xb2, 0x86, 
			0xd9, 0xff, 0x66, 0x19, 0x15, 0x0c, 0x07, 0x1c, 0x2e, 0xa1, 0xe5, 0x68, 0x0c, 0x0b, 0xc1, 0xe4, 
			0x68, 0xc9, 0x16, 0xb9, 0x06, 0xa2, 0x61, 0x18, 0x86, 0xb0, 0xff, 0x66, 0x29, 0x15, 0x91, 0x01, 
			0x68, 0x0c, 0x07, 0x0c, 0x8e, 0x0c, 0x0d, 0xf1, 0xff, 0x67, 0xf9, 0x16, 0xd9, 0x06, 0x92, 0x61, 
			0x18, 0x46, 0xaa, 0xff, 0x0c, 0x1e, 0x91, 0xd8, 0x67, 0x81, 0xd7, 0x67, 0x0c, 0x07, 0x79, 0x06, 
			0x89, 0x16, 0x0c, 0x07, 0x86, 0xf9, 0xff, 0xa2, 0x2b, 0x12, 0xa5, 0xe1, 0xfe, 0x38, 0x22, 0x91, 
			0x06, 0x68, 0x5a, 0x33, 0xa7, 0x39, 0x02, 0xc6, 0x91, 0xff, 0x62, 0x43, 0x98, 0x62, 0x43, 0x97, 
			0x62, 0x43, 0x96, 0xc6, 0x8e, 0xff, 0x00, 0x00, 0x00, 0x1b, 0x8a, 0x80, 0x80, 0x74, 0x82, 0x43, 
			0x98, 0xf6, 0x38, 0x0b, 0x91, 0x21, 0x68, 0x92, 0x6b, 0x58, 0x92, 0x03, 0xb2, 0x06, 0xba, 0xff, 
			0x91, 0xc9, 0x68, 0x06, 0xfc, 0xff, 0x00, 0x00, 0x36, 0x41, 0x00, 0x0c, 0x08, 0x31, 0xa5, 0x67, 
			0xc0, 0x20, 0x00, 0x82, 0x63, 0xa4, 0xc0, 0x20, 0x00, 0x42, 0x23, 0x94, 0x58, 0x22, 0x40, 0x48, 
			0x74, 0x5a, 0x44, 0x52, 0xd4, 0x02, 0x52, 0x05, 0x70, 0x42, 0xd4, 0x01, 0x42, 0x04, 0x71, 0x80, 
			0x55, 0x11, 0x50, 0x44, 0x20, 0xc0, 0x20, 0x00, 0x42, 0x63, 0xa4, 0x4c, 0x42, 0xc0, 0x20, 0x00, 
			0x22, 0x63, 0xb4, 0x2d, 0x08, 0x1d, 0xf0, 0x00, 0x36, 0x41, 0x00, 0xb2, 0xa1, 0x80, 0xa2, 0xa0, 
			0x80, 0x26, 0x13, 0x2c, 0x26, 0x23, 0x29, 0x8c, 0x03, 0x1d, 0xf0, 0x6d, 0x07, 0xd8, 0x22, 0xc2, 
			0x07, 0x00, 0x00, 0x05, 0x40, 0xda, 0xcc, 0xba, 0xcc, 0x32, 0x4c, 0xf0, 0x82, 0x07, 0x00, 0x98, 
			0x22, 0x40, 0x20, 0x91, 0x9a, 0x88, 0xaa, 0x88, 0x22, 0x48, 0xf1, 0x22, 0x07, 0x00, 0x06, 0x08, 
			0x00, 0x88, 0x22, 0x72, 0x06, 0x00, 0x00, 0x05, 0x40, 0x8a, 0x77, 0xba, 0x77, 0x32, 0x47, 0xf0, 
			0x28, 0x22, 0xf2, 0x06, 0x00, 0x40, 0xe0, 0x91, 0x2a, 0xff, 0xaa, 0xff, 0xe2, 0x4f, 0xf1, 0x22, 
			0x06, 0x00, 0x1b, 0x92, 0x92, 0x46, 0x00, 0x1d, 0xf0, 0x00, 0x00, 0x00, 0x36, 0x61, 0x00, 0x0c, 
			0x03, 0x32, 0x41, 0x00, 0x32, 0x41, 0x01, 0x0c, 0x17, 0x52, 0xa0, 0x80, 0xa1, 0xb4, 0x67, 0xc0, 
			0x20, 0x00, 0xd2, 0x2a, 0x92, 0xd0, 0xde, 0x05, 0xc0, 0x20, 0x00, 0x62, 0x2a, 0x8e, 0x60, 0x60, 
			0x74, 0xc0, 0x20, 0x00, 0x98, 0x22, 0x42, 0x2a, 0x90, 0x5a, 0x99, 0xb2, 0x09, 0xec, 0x40, 0x48, 
			0x74, 0xec, 0x8b, 0xac, 0x14, 0xc2, 0xa1, 0x80, 0x0c, 0x0b, 0xf8, 0x22, 0xba, 0xff, 0xca, 0xff, 
			0x32, 0x4f, 0xf0, 0xe8, 0x22, 0x1b, 0xfb, 0xba, 0xee, 0xf0, 0xb0, 0x74, 0x5a, 0xee, 0x32, 0x4e, 
			0xf1, 0xb7, 0x94, 0xe5, 0x98, 0x22, 0x5a, 0x99, 0x72, 0x49, 0xec, 0x0c, 0x1b, 0xc2, 0xcb, 0xff, 
			0x56, 0xfc, 0x0d, 0x16, 0x0d, 0x0e, 0x20, 0xa2, 0x20, 0xe5, 0xc4, 0x01, 0x32, 0x61, 0x02, 0x62, 
			0x41, 0x01, 0x32, 0x41, 0x00, 0x40, 0x93, 0x41, 0x1b, 0x99, 0x90, 0x90, 0x74, 0x16, 0x19, 0x0b, 
			0x71, 0x97, 0x67, 0xb1, 0x96, 0x67, 0x51, 0x95, 0x67, 0xb0, 0xb9, 0xa0, 0xb9, 0x11, 0xc0, 0x20, 
			0x00, 0x32, 0x25, 0xa0, 0xc0, 0x20, 0x00, 0x62, 0x27, 0xc0, 0xc0, 0x20, 0x00, 0x42, 0x27, 0xc1, 
			0xad, 0x02, 0x30, 0xbc, 0x25, 0xcd, 0x06, 0x1c, 0x8d, 0xed, 0x01, 0x1b, 0xf1, 0xa5, 0xee, 0xff, 
			0xad, 0x02, 0x30, 0xb8, 0x25, 0xcd, 0x06, 0x1c, 0x0d, 0xed, 0x01, 0x1b, 0xf1, 0xa5, 0xed, 0xff, 
			0xad, 0x02, 0x30, 0xb4, 0x25, 0xcd, 0x06, 0x0c, 0x8d, 0xed, 0x01, 0x1b, 0xf1, 0xa5, 0xec, 0xff, 
			0xcd, 0x06, 0xad, 0x02, 0x30, 0xb0, 0x25, 0x0c, 0x0d, 0xed, 0x01, 0x1b, 0xf1, 0xa5, 0xeb, 0xff, 
			0xad, 0x02, 0x30, 0xbc, 0x24, 0xcd, 0x04, 0x1c, 0x8d, 0xed, 0x01, 0x1b, 0xf1, 0xa5, 0xea, 0xff, 
			0xad, 0x02, 0x30, 0xb8, 0x24, 0xcd, 0x04, 0x1c, 0x0d, 0xed, 0x01, 0x1b, 0xf1, 0xa5, 0xe9, 0xff, 
			0xad, 0x02, 0x30, 0xb4, 0x24, 0xcd, 0x04, 0x0c, 0x8d, 0xed, 0x01, 0x1b, 0xf1, 0xa5, 0xe8, 0xff, 
			0xc1, 0x5a, 0x68, 0xc7, 0x15, 0x0f, 0xcd, 0x04, 0x30, 0xb0, 0x24, 0xad, 0x02, 0x0c, 0x0d, 0xed, 
			0x01, 0x1b, 0xf1, 0x65, 0xe7, 0xff, 0x8b, 0x77, 0xd8, 0x11, 0x4b, 0x55, 0xd0, 0xd5, 0xc0, 0x56, 
			0xbd, 0xf5, 0x38, 0x21, 0x0c, 0x1e, 0x98, 0x22, 0xa2, 0xa0, 0x80, 0xaa, 0x99, 0xe2, 0x49, 0xeb, 
			0x32, 0x49, 0xe8, 0x0c, 0x02, 0x1d, 0xf0, 0x3d, 0x07, 0xc6, 0xfc, 0xff, 0x36, 0x41, 0x00, 0x52, 
			0xa0, 0x80, 0xb2, 0xa0, 0xff, 0x71, 0x61, 0x67, 0x81, 0x81, 0x67, 0x91, 0x26, 0x67, 0xc0, 0x20, 
			0x00, 0x62, 0x29, 0x94, 0x60, 0x68, 0x74, 0xc0, 0x20, 0x00, 0xa2, 0x27, 0x80, 0xa0, 0xa8, 0x75, 
			0xb7, 0x96, 0x24, 0x28, 0x22, 0x5a, 0x52, 0xc2, 0x05, 0xeb, 0x16, 0xec, 0x05, 0xc0, 0x20, 0x00, 
			0xe2, 0x27, 0x80, 0xd2, 0x05, 0xf1, 0x80, 0xee, 0x10, 0x80, 0xdd, 0x01, 0xe0, 0xdd, 0x20, 0xc0, 
			0x20, 0x00, 0xd2, 0x67, 0x80, 0x06, 0x06, 0x00, 0xc0, 0x20, 0x00, 0x32, 0x27, 0x80, 0x80, 0xf6, 
			0x01, 0x80, 0x33, 0x10, 0x30, 0xff, 0x20, 0xc0, 0x20, 0x00, 0x28, 0x22, 0xf2, 0x67, 0x80, 0x5a, 
			0x52, 0x0c, 0x27, 0x42, 0xa2, 0x80, 0x4a, 0x42, 0x72, 0x44, 0xf4, 0x0c, 0x02, 0x22, 0x44, 0xf3, 
			0x0c, 0x17, 0x72, 0x45, 0xb9, 0xb7, 0x16, 0x0e, 0x72, 0x45, 0xf0, 0x1c, 0xf8, 0xc0, 0x20, 0x00, 
			0x82, 0x69, 0xb4, 0x0c, 0x02, 0x1d, 0xf0, 0x7d, 0x02, 0xc6, 0xfa, 0xff, 0xc0, 0x20, 0x00, 0xd2, 
			0x27, 0x80, 0x80, 0xca, 0x01, 0x80, 0xdd, 0x10, 0xd0, 0xcc, 0x20, 0xc0, 0x20, 0x00, 0xc2, 0x67, 
			0x80, 0x06, 0xef, 0xff, 0x36, 0x41, 0x00, 0x0c, 0x19, 0x52, 0xa0, 0x80, 0x78, 0x22, 0x81, 0x37, 
			0x67, 0x5a, 0x57, 0xc0, 0x20, 0x00, 0x62, 0x28, 0x92, 0x22, 0x05, 0xed, 0x60, 0x6e, 0x05, 0x62, 
			0x45, 0xee, 0x27, 0x16, 0x56, 0x56, 0xa2, 0x04, 0x62, 0x45, 0xed, 0xc0, 0x20, 0x00, 0xb2, 0x28, 
			0x90, 0xa2, 0xa0, 0xff, 0xb0, 0xb8, 0x41, 0xb7, 0x0a, 0x20, 0xd2, 0x05, 0xf1, 0xe1, 0x5d, 0x67, 
			0x80, 0xdd, 0x01, 0xe0, 0xdd, 0x10, 0xe1, 0x49, 0x67, 0xc0, 0x20, 0x00, 0xc2, 0x28, 0x80, 0xe0, 
			0xcc, 0x10, 0xd0, 0xcc, 0x20, 0xc0, 0x20, 0x00, 0xc2, 0x68, 0x80, 0x0c, 0x2e, 0xf2, 0xa2, 0x80, 
			0x0c, 0x02, 0x22, 0x45, 0xea, 0xfa, 0xf7, 0x22, 0x4f, 0xf3, 0xe2, 0x4f, 0xf4, 0x92, 0x45, 0xb9, 
			0x06, 0x02, 0x00, 0x27, 0x16, 0x05, 0x66, 0x12, 0x02, 0x62, 0x45, 0xed, 0x0c, 0x02, 0x1d, 0xf0, 
			0x36, 0x41, 0x00, 0x31, 0xe0, 0x66, 0xc0, 0x20, 0x00, 0x82, 0x23, 0x95, 0xc0, 0x20, 0x00, 0x82, 
			0x63, 0xb8, 0x4c, 0x02, 0xc0, 0x20, 0x00, 0x22, 0x63, 0xb4, 0x0c, 0x02, 0x1d, 0xf0, 0x00, 0x00, 
			0x36, 0x41, 0x00, 0x0c, 0x09, 0x0c, 0x1a, 0x61, 0x8b, 0x67, 0xc0, 0x20, 0x00, 0x52, 0x26, 0xbe, 
			0x50, 0x50, 0xd5, 0xc0, 0x20, 0x00, 0x28, 0xb2, 0x62, 0x26, 0xbd, 0x82, 0x02, 0x01, 0xc2, 0x02, 
			0x00, 0xb2, 0x02, 0x00, 0x20, 0x88, 0x90, 0x20, 0xcc, 0x90, 0x20, 0x7b, 0x90, 0xc2, 0x1c, 0x0c, 
			0x1b, 0xbb, 0xc2, 0x52, 0x01, 0x82, 0x18, 0x1c, 0x82, 0x52, 0x02, 0xb2, 0x42, 0x00, 0x52, 0x57, 
			0x0c, 0x72, 0x02, 0x01, 0x60, 0x60, 0xd4, 0x20, 0x47, 0x90, 0x1b, 0x77, 0x72, 0x42, 0x01, 0x62, 
			0x54, 0x1c, 0x32, 0x02, 0x00, 0x42, 0x02, 0x01, 0x66, 0xb3, 0x05, 0x92, 0x42, 0x00, 0xa2, 0x42, 
			0x58, 0x82, 0x12, 0x01, 0x66, 0xb4, 0x0c, 0x92, 0x42, 0x01, 0xa2, 0x42, 0x59, 0x0c, 0x04, 0x0c, 
			0x17, 0x86, 0x00, 0x00, 0x72, 0x02, 0x59, 0x80, 0x55, 0xc0, 0x82, 0x12, 0x02, 0x98, 0x22, 0x80, 
			0x66, 0xc0, 0x5a, 0x59, 0x59, 0x22, 0x98, 0x32, 0x82, 0x02, 0x58, 0x6a, 0x69, 0x69, 0x32, 0xcc, 
			0xc8, 0x82, 0x02, 0x00, 0x66, 0x28, 0x34, 0x50, 0x51, 0x41, 0x59, 0x42, 0x06, 0x01, 0x00, 0x50, 
			0x94, 0x41, 0x99, 0x42, 0xcc, 0x97, 0x66, 0x24, 0x10, 0x60, 0x41, 0x41, 0x49, 0x52, 0x06, 0x01, 
			0x00, 0x60, 0xa4, 0x41, 0xa9, 0x52, 0x0c, 0x02, 0x1d, 0xf0, 0x66, 0x44, 0x05, 0x60, 0x42, 0x41, 
			0x06, 0xfa, 0xff, 0x66, 0x84, 0xef, 0x60, 0x43, 0x41, 0xc6, 0xf7, 0xff, 0x66, 0x48, 0x05, 0x50, 
			0x52, 0x41, 0x06, 0xf1, 0xff, 0x66, 0x88, 0xcb, 0x50, 0x53, 0x41, 0xc6, 0xee, 0xff, 0x00, 0x00, 
			0x36, 0x41, 0x00, 0x51, 0xaa, 0x66, 0x61, 0xf9, 0x66, 0xc0, 0x20, 0x00, 0x28, 0xc2, 0x52, 0x25, 
			0xa4, 0x32, 0x02, 0x00, 0x60, 0x55, 0x10, 0x1b, 0x43, 0x20, 0x33, 0xa0, 0x68, 0x43, 0x42, 0x42, 
			0x00, 0x69, 0x12, 0x59, 0x43, 0x42, 0x02, 0x00, 0x98, 0x22, 0x66, 0xb4, 0x10, 0x0c, 0x04, 0x0c, 
			0x08, 0x0c, 0x16, 0x62, 0x42, 0x50, 0x82, 0x42, 0x00, 0x0c, 0x16, 0x86, 0x00, 0x00, 0x62, 0x02, 
			0x50, 0x88, 0x12, 0x80, 0x55, 0xc0, 0x5a, 0x59, 0x59, 0x22, 0xcc, 0x96, 0x66, 0x24, 0x10, 0x50, 
			0x41, 0x41, 0x49, 0x32, 0x06, 0x01, 0x00, 0x50, 0x94, 0x41, 0x99, 0x32, 0x0c, 0x02, 0x1d, 0xf0, 
			0x66, 0x44, 0x05, 0x50, 0x42, 0x41, 0x06, 0xfa, 0xff, 0x66, 0x84, 0xef, 0x50, 0x43, 0x41, 0xc6, 
			0xf7, 0xff, 0x00, 0x00, 0x36, 0x41, 0x00, 0x0c, 0x79, 0xe2, 0xa4, 0x00, 0x61, 0x8c, 0x66, 0x81, 
			0x87, 0x67, 0xa8, 0x32, 0x51, 0x87, 0x66, 0x72, 0x0a, 0x34, 0x21, 0x32, 0x67, 0x32, 0xc7, 0xf0, 
			0x56, 0x23, 0x0c, 0xc0, 0x20, 0x00, 0x92, 0x25, 0xb7, 0x7c, 0x0f, 0x90, 0x9c, 0x05, 0x16, 0xc9, 
			0x16, 0xb1, 0xa2, 0x66, 0x72, 0xaf, 0x0f, 0xd1, 0x9b, 0x67, 0x91, 0x98, 0x67, 0x4c, 0x04, 0xa1, 
			0x78, 0x67, 0xc1, 0x97, 0x67, 0xc0, 0x20, 0x00, 0x32, 0x25, 0xb8, 0x30, 0x34, 0x24, 0x0b, 0x33, 
			0x16, 0x93, 0x2a, 0xc0, 0x20, 0x00, 0x32, 0x25, 0xb8, 0x30, 0x34, 0x24, 0x32, 0xc3, 0xfe, 0x16, 
			0xe3, 0x48, 0xc0, 0x20, 0x00, 0x32, 0x25, 0xb8, 0x30, 0x34, 0x24, 0x32, 0xc3, 0xfd, 0x56, 0xf3, 
			0x2a, 0xc0, 0x20, 0x00, 0x32, 0x25, 0xb8, 0x30, 0x30, 0x24, 0x16, 0x63, 0x65, 0xc0, 0x20, 0x00, 
			0x32, 0x25, 0xb8, 0x30, 0x30, 0x24, 0x0b, 0x33, 0x16, 0x33, 0x68, 0xc0, 0x20, 0x00, 0x32, 0x25, 
			0xb8, 0x30, 0x30, 0x24, 0x32, 0xc3, 0xfe, 0x16, 0x23, 0x68, 0xc0, 0x20, 0x00, 0x32, 0x25, 0xb8, 
			0x30, 0x30, 0x24, 0xf6, 0x53, 0x0e, 0xc0, 0x20, 0x00, 0x32, 0x25, 0xb8, 0x30, 0x30, 0x24, 0xb6, 
			0x33, 0x02, 0x86, 0x94, 0x01, 0x0c, 0x07, 0x0c, 0x04, 0xc0, 0x20, 0x00, 0x32, 0x22, 0xaa, 0x90, 
			0x93, 0x10, 0x40, 0x34, 0x11, 0x90, 0x33, 0x20, 0xc0, 0x20, 0x00, 0x32, 0x62, 0xaa, 0xc0, 0x20, 
			0x00, 0x92, 0x26, 0x84, 0xf0, 0x99, 0x10, 0x90, 0x97, 0x20, 0xc0, 0x20, 0x00, 0x92, 0x66, 0x84, 
			0x91, 0x6f, 0x67, 0x86, 0x8f, 0x00, 0xb2, 0xa5, 0x00, 0x66, 0xc7, 0x28, 0xc0, 0x20, 0x00, 0x72, 
			0x25, 0xb7, 0x70, 0x7c, 0x14, 0xc0, 0x20, 0x00, 0x42, 0x25, 0xb7, 0x40, 0x48, 0x41, 0x47, 0x89, 
			0x02, 0x06, 0x29, 0x00, 0xc0, 0x20, 0x00, 0x92, 0x26, 0x80, 0x90, 0x90, 0x04, 0x16, 0x19, 0x09, 
			0x0c, 0x07, 0xc6, 0x24, 0x00, 0x2c, 0x1a, 0xa7, 0x17, 0x02, 0x06, 0x20, 0x00, 0x71, 0x77, 0x66, 
			0xa1, 0x62, 0x67, 0xc0, 0x20, 0x00, 0xc2, 0x25, 0xb1, 0xc0, 0xc4, 0x24, 0xc0, 0x20, 0x00, 0x92, 
			0x25, 0xb1, 0x90, 0x9c, 0x25, 0xc0, 0x20, 0x00, 0xd2, 0x27, 0x92, 0x61, 0x5c, 0x67, 0xd0, 0xde, 
			0x05, 0x16, 0xbd, 0x0d, 0xc0, 0x20, 0x00, 0x42, 0x27, 0x95, 0x40, 0x44, 0x25, 0xc0, 0x20, 0x00, 
			0x72, 0x27, 0x95, 0x70, 0x70, 0x25, 0xc0, 0x20, 0x00, 0xe2, 0x22, 0xb2, 0xe0, 0xd9, 0x05, 0xc0, 
			0x20, 0x00, 0xf2, 0x22, 0xaa, 0x80, 0xff, 0x10, 0xc0, 0x20, 0x00, 0xf2, 0x62, 0xaa, 0xe0, 0xe9, 
			0x05, 0x16, 0xce, 0x12, 0xe1, 0x3f, 0x67, 0xc0, 0x20, 0x00, 0x82, 0x22, 0xab, 0x60, 0x88, 0x10, 
			0xe0, 0x88, 0x20, 0xc0, 0x20, 0x00, 0x82, 0x62, 0xab, 0x46, 0x4a, 0x00, 0xc0, 0x20, 0x00, 0x92, 
			0x22, 0xaa, 0x80, 0x99, 0x10, 0xa0, 0x99, 0x20, 0xc0, 0x20, 0x00, 0x92, 0x62, 0xaa, 0x0c, 0x02, 
			0x1d, 0xf0, 0x0c, 0x1c, 0x0b, 0x77, 0x70, 0x7c, 0x93, 0xc0, 0x20, 0x00, 0xd2, 0x26, 0x80, 0x07, 
			0x6d, 0x0b, 0xc0, 0x20, 0x00, 0x42, 0x25, 0xb7, 0x40, 0x44, 0x24, 0x06, 0x02, 0x00, 0xc0, 0x20, 
			0x00, 0x42, 0x25, 0xb7, 0x40, 0x40, 0x24, 0x61, 0xd2, 0x66, 0xd2, 0xa0, 0xf0, 0xc0, 0x20, 0x00, 
			0x92, 0x25, 0xb1, 0x90, 0x9c, 0x25, 0xc0, 0x20, 0x00, 0xc2, 0x25, 0xb1, 0xc0, 0xc4, 0x24, 0xc0, 
			0x20, 0x00, 0x52, 0x0a, 0x35, 0xe2, 0x22, 0xb3, 0x66, 0x75, 0x55, 0xc0, 0x20, 0x00, 0xe2, 0x22, 
			0xaa, 0x80, 0xee, 0x10, 0xb0, 0xee, 0x20, 0xc0, 0x20, 0x00, 0xe2, 0x62, 0xaa, 0x0b, 0xa9, 0x56, 
			0x9a, 0x2d, 0xf2, 0xcc, 0xfe, 0x56, 0x3f, 0x2d, 0x42, 0xa0, 0x60, 0xc0, 0x20, 0x00, 0x32, 0x22, 
			0x8a, 0x60, 0x33, 0x10, 0x40, 0x33, 0x20, 0xc0, 0x20, 0x00, 0x32, 0x62, 0x8a, 0x46, 0xdf, 0xff, 
			0xb2, 0xc9, 0xfb, 0x56, 0x5b, 0xf6, 0xd2, 0xcc, 0xfe, 0x56, 0xfd, 0xf5, 0xc0, 0x20, 0x00, 0xf2, 
			0x22, 0xaa, 0x80, 0xff, 0x10, 0xe0, 0xff, 0x20, 0xc0, 0x20, 0x00, 0xf2, 0x62, 0xaa, 0x06, 0xd7, 
			0xff, 0x66, 0x65, 0x26, 0xc0, 0x20, 0x00, 0x92, 0x22, 0xaa, 0x80, 0x99, 0x10, 0xb0, 0x99, 0x20, 
			0xc0, 0x20, 0x00, 0x92, 0x62, 0xaa, 0xc0, 0x20, 0x00, 0x32, 0x22, 0x8a, 0x60, 0x33, 0x10, 0xd0, 
			0x33, 0x20, 0xc0, 0x20, 0x00, 0x32, 0x62, 0x8a, 0x86, 0xcc, 0xff, 0xc0, 0x20, 0x00, 0xa2, 0x22, 
			0xbe, 0xa0, 0xa8, 0x04, 0x16, 0x0a, 0x1c, 0xe2, 0xa2, 0x00, 0xc0, 0x20, 0x00, 0xc2, 0x22, 0xaa, 
			0x80, 0xcc, 0x10, 0xe0, 0xcc, 0x20, 0xc0, 0x20, 0x00, 0xc2, 0x62, 0xaa, 0xc0, 0x20, 0x00, 0xb2, 
			0x22, 0x8a, 0x60, 0xbb, 0x10, 0xd0, 0xbb, 0x20, 0xc0, 0x20, 0x00, 0xb2, 0x62, 0x8a, 0x06, 0xbf, 
			0xff, 0xf1, 0xc2, 0x66, 0xc0, 0x20, 0x00, 0xe2, 0x22, 0xab, 0x60, 0xee, 0x10, 0xf0, 0xee, 0x20, 
			0xc0, 0x20, 0x00, 0xe2, 0x62, 0xab, 0xf6, 0x27, 0x02, 0x06, 0x71, 0x00, 0x82, 0xa7, 0x00, 0x16, 
			0x54, 0x2b, 0x61, 0xed, 0x66, 0x0b, 0xf4, 0x16, 0x4f, 0x2d, 0xa2, 0xa6, 0x00, 0x32, 0xc4, 0xfe, 
			0x16, 0x83, 0x34, 0x92, 0xc4, 0xfd, 0x16, 0xc9, 0x38, 0xc2, 0xc4, 0xfc, 0x16, 0x2c, 0x3a, 0xd2, 
			0xc4, 0xfb, 0x56, 0x8d, 0xeb, 0xe2, 0xc7, 0xfd, 0x56, 0xee, 0x31, 0xc0, 0x20, 0x00, 0xf2, 0x22, 
			0xaa, 0xb0, 0xff, 0x20, 0xc0, 0x20, 0x00, 0xf2, 0x62, 0xaa, 0x06, 0xa8, 0xff, 0xc0, 0x20, 0x00, 
			0x32, 0x22, 0xaa, 0xa0, 0x33, 0x10, 0xb0, 0x33, 0x20, 0xc0, 0x20, 0x00, 0x32, 0x62, 0xaa, 0xc0, 
			0x20, 0x00, 0x32, 0x26, 0x84, 0x80, 0x33, 0x10, 0xe0, 0x33, 0x20, 0xc0, 0x20, 0x00, 0x32, 0x66, 
			0x84, 0x0c, 0x07, 0x0c, 0x04, 0xc0, 0x20, 0x00, 0x32, 0x25, 0xb9, 0x30, 0x34, 0x25, 0x26, 0x13, 
			0x68, 0xc0, 0x20, 0x00, 0x32, 0x25, 0xb9, 0x30, 0x34, 0x25, 0x32, 0xc3, 0xfe, 0x16, 0x73, 0x1d, 
			0xc0, 0x20, 0x00, 0x32, 0x25, 0xb9, 0x30, 0x34, 0x25, 0x66, 0x33, 0x71, 0xc0, 0x20, 0x00, 0x32, 
			0x25, 0xb9, 0x30, 0x30, 0x25, 0x16, 0xe3, 0x1e, 0xc0, 0x20, 0x00, 0x32, 0x25, 0xb9, 0x30, 0x30, 
			0x25, 0x0b, 0x33, 0x16, 0xf3, 0x3a, 0xc0, 0x20, 0x00, 0x32, 0x25, 0xb9, 0x30, 0x30, 0x25, 0x32, 
			0xc3, 0xfe, 0x16, 0xe3, 0x3a, 0xc0, 0x20, 0x00, 0x32, 0x25, 0xb9, 0x30, 0x30, 0x25, 0xb6, 0x53, 
			0x02, 0x86, 0x71, 0x00, 0xc0, 0x20, 0x00, 0x32, 0x25, 0xb9, 0x30, 0x30, 0x25, 0xf6, 0x33, 0x02, 
			0xc6, 0x6d, 0x00, 0x0c, 0x87, 0x0c, 0xa4, 0x06, 0x6c, 0x00, 0xc0, 0x20, 0x00, 0x32, 0x22, 0xaa, 
			0xa0, 0x33, 0x10, 0xb0, 0x33, 0x20, 0xc0, 0x20, 0x00, 0x32, 0x62, 0xaa, 0xc0, 0x20, 0x00, 0x32, 
			0x26, 0x84, 0x80, 0x33, 0x10, 0xe0, 0x33, 0x20, 0xc0, 0x20, 0x00, 0x32, 0x66, 0x84, 0xc0, 0x20, 
			0x00, 0x32, 0x25, 0xb9, 0x30, 0x34, 0x24, 0x0b, 0x33, 0x16, 0xa3, 0x1e, 0xc0, 0x20, 0x00, 0x82, 
			0x25, 0xb9, 0x80, 0x84, 0x24, 0x82, 0xc8, 0xfe, 0x16, 0x28, 0x20, 0xc0, 0x20, 0x00, 0xa2, 0x25, 
			0xb9, 0xa0, 0xa4, 0x24, 0xa2, 0xca, 0xfd, 0x56, 0x3a, 0xdb, 0xc0, 0x20, 0x00, 0xb2, 0x25, 0xb9, 
			0xb0, 0xb0, 0x24, 0x16, 0x7b, 0x0b, 0xc0, 0x20, 0x00, 0xc2, 0x25, 0xb9, 0xc0, 0xc0, 0x24, 0x0b, 
			0xcc, 0x16, 0x6c, 0x27, 0xc0, 0x20, 0x00, 0xd2, 0x25, 0xb9, 0xd0, 0xd0, 0x24, 0xd2, 0xcd, 0xfe, 
			0x16, 0x5d, 0x29, 0xc0, 0x20, 0x00, 0xe2, 0x25, 0xb9, 0xe0, 0xe0, 0x24, 0xb6, 0x5e, 0x02, 0xc6, 
			0x23, 0x00, 0xc0, 0x20, 0x00, 0x32, 0x25, 0xb9, 0x30, 0x30, 0x24, 0xf6, 0x33, 0x02, 0x06, 0x20, 
			0x00, 0x0c, 0x87, 0x0c, 0xa4, 0x46, 0x1e, 0x00, 0xc0, 0x20, 0x00, 0xa2, 0x22, 0xaa, 0x80, 0xaa, 
			0x10, 0xb0, 0xaa, 0x20, 0xc0, 0x20, 0x00, 0xa2, 0x62, 0xaa, 0x66, 0x27, 0x1e, 0x66, 0x24, 0x1b, 
			0x66, 0x19, 0x18, 0xdc, 0x5c, 0x2c, 0x0c, 0xc0, 0x20, 0x00, 0xb2, 0x22, 0x8a, 0x60, 0xbb, 0x10, 
			0xc0, 0xbb, 0x20, 0xc0, 0x20, 0x00, 0xb2, 0x62, 0x8a, 0x46, 0x4c, 0xff, 0xc0, 0x20, 0x00, 0xc2, 
			0x22, 0x8a, 0x60, 0xcc, 0x10, 0xd0, 0xcc, 0x20, 0xc0, 0x20, 0x00, 0xc2, 0x62, 0x8a, 0x06, 0x47, 
			0xff, 0x66, 0x17, 0x14, 0xe1, 0x8b, 0x66, 0xc0, 0x20, 0x00, 0xd2, 0x22, 0xaa, 0xe0, 0xdd, 0x20, 
			0xc0, 0x20, 0x00, 0xd2, 0x62, 0xaa, 0x06, 0x41, 0xff, 0x31, 0x86, 0x66, 0xc0, 0x20, 0x00, 0xf2, 
			0x22, 0xaa, 0x30, 0xff, 0x20, 0xc0, 0x20, 0x00, 0xf2, 0x62, 0xaa, 0xc6, 0x3b, 0xff, 0x0c, 0x57, 
			0x0c, 0xc4, 0xc0, 0x20, 0x00, 0xa2, 0x22, 0xaa, 0x40, 0x84, 0x11, 0x90, 0xaa, 0x10, 0xa0, 0x88, 
			0x20, 0xc0, 0x20, 0x00, 0x82, 0x62, 0xaa, 0xc0, 0x20, 0x00, 0x52, 0x26, 0x84, 0xf0, 0x55, 0x10, 
			0x50, 0x57, 0x20, 0xc0, 0x20, 0x00, 0x52, 0x66, 0x84, 0x46, 0x30, 0xff, 0xc0, 0x20, 0x00, 0xb2, 
			0x22, 0x8a, 0x60, 0xbb, 0x10, 0xd0, 0xbb, 0x20, 0xc0, 0x20, 0x00, 0xb2, 0x62, 0x8a, 0x06, 0x2b, 
			0xff, 0xc0, 0x20, 0x00, 0x32, 0x22, 0xaa, 0xd0, 0x33, 0x10, 0xc0, 0x33, 0x20, 0xc0, 0x20, 0x00, 
			0x32, 0x62, 0xaa, 0xc0, 0x20, 0x00, 0x32, 0x26, 0x84, 0x70, 0x33, 0x10, 0x40, 0x33, 0x20, 0xc0, 
			0x20, 0x00, 0x32, 0x66, 0x84, 0x06, 0x82, 0xff, 0xc0, 0x20, 0x00, 0x32, 0x22, 0xaa, 0xd0, 0x33, 
			0x10, 0xc0, 0x33, 0x20, 0xc0, 0x20, 0x00, 0x32, 0x62, 0xaa, 0xc0, 0x20, 0x00, 0x22, 0x26, 0x84, 
			0x32, 0xaf, 0x0f, 0x30, 0x22, 0x10, 0x4c, 0x03, 0x30, 0x22, 0x20, 0xc0, 0x20, 0x00, 0x22, 0x66, 
			0x84, 0x21, 0xe8, 0x65, 0x86, 0x9d, 0xff, 0x0c, 0x57, 0x0c, 0xc4, 0xc0, 0x20, 0x00, 0x32, 0x22, 
			0xaa, 0x90, 0x93, 0x10, 0x40, 0x34, 0x11, 0x90, 0x33, 0x20, 0xc0, 0x20, 0x00, 0x32, 0x62, 0xaa, 
			0xc0, 0x20, 0x00, 0x92, 0x26, 0x84, 0xf0, 0x99, 0x10, 0x90, 0x97, 0x20, 0xc0, 0x20, 0x00, 0x92, 
			0x66, 0x84, 0x91, 0x4a, 0x66, 0x46, 0x91, 0xff, 0x66, 0x37, 0x11, 0xc0, 0x20, 0x00, 0x92, 0x22, 
			0xaa, 0x80, 0x99, 0x20, 0xc0, 0x20, 0x00, 0x92, 0x62, 0xaa, 0x06, 0x04, 0xff, 0xc0, 0x20, 0x00, 
			0xb2, 0x22, 0xaa, 0xa0, 0xbb, 0x20, 0xc0, 0x20, 0x00, 0xb2, 0x62, 0xaa, 0x86, 0xff, 0xfe, 0xc2, 
			0xc7, 0xfd, 0x56, 0xec, 0x0a, 0xc0, 0x20, 0x00, 0xd2, 0x22, 0xaa, 0x60, 0xdd, 0x20, 0xc0, 0x20, 
			0x00, 0xd2, 0x62, 0xaa, 0x86, 0xf9, 0xfe, 0xc0, 0x20, 0x00, 0x32, 0x22, 0xaa, 0xa0, 0x33, 0x10, 
			0xb0, 0x33, 0x20, 0xc0, 0x20, 0x00, 0x32, 0x62, 0xaa, 0xc0, 0x20, 0x00, 0xf2, 0x26, 0x84, 0x80, 
			0xff, 0x10, 0xe0, 0xff, 0x20, 0xc0, 0x20, 0x00, 0xf2, 0x66, 0x84, 0xc6, 0xef, 0xfe, 0xc0, 0x20, 
			0x00, 0xa2, 0x22, 0xaa, 0xd0, 0xaa, 0x10, 0xc0, 0xaa, 0x20, 0xc0, 0x20, 0x00, 0xa2, 0x62, 0xaa, 
			0xc0, 0x20, 0x00, 0x82, 0x26, 0x84, 0x92, 0xaf, 0x0f, 0x90, 0x88, 0x10, 0x4c, 0x09, 0x90, 0x88, 
			0x20, 0xc0, 0x20, 0x00, 0x82, 0x66, 0x84, 0xc6, 0xe4, 0xfe, 0xc0, 0x20, 0x00, 0xb2, 0x22, 0xaa, 
			0x80, 0xbb, 0x20, 0xc0, 0x20, 0x00, 0xb2, 0x62, 0xaa, 0x46, 0xe0, 0xfe, 0xe2, 0xc7, 0xfd, 0x56, 
			0xde, 0x08, 0xc0, 0x20, 0x00, 0x72, 0x22, 0xb3, 0x70, 0x70, 0xd4, 0xc0, 0x20, 0x00, 0x42, 0x25, 
			0xbf, 0x40, 0x4c, 0x25, 0xc0, 0x20, 0x00, 0x62, 0x22, 0xb7, 0x0b, 0xfd, 0x60, 0x60, 0x14, 0x56, 
			0x8f, 0x09, 0xc0, 0x20, 0x00, 0x82, 0x22, 0xaa, 0xb0, 0x88, 0x20, 0xc0, 0x20, 0x00, 0x82, 0x62, 
			0xaa, 0x46, 0xd2, 0xfe, 0xc0, 0x20, 0x00, 0x92, 0x22, 0xaa, 0xa0, 0x99, 0x20, 0xc0, 0x20, 0x00, 
			0x92, 0x62, 0xaa, 0xc6, 0xcd, 0xfe, 0x66, 0x37, 0x2d, 0xc0, 0x20, 0x00, 0xb2, 0x22, 0xaa, 0xa0, 
			0xbb, 0x20, 0xc0, 0x20, 0x00, 0xb2, 0x62, 0xaa, 0x86, 0xc8, 0xfe, 0x0c, 0x57, 0x0c, 0xb4, 0xc6, 
			0x8b, 0xff, 0x66, 0x37, 0x3c, 0xc0, 0x20, 0x00, 0xc2, 0x22, 0xaa, 0xa0, 0xcc, 0x20, 0xc0, 0x20, 
			0x00, 0xc2, 0x62, 0xaa, 0x86, 0xc1, 0xfe, 0xc0, 0x20, 0x00, 0xd2, 0x22, 0xaa, 0x60, 0xdd, 0x20, 
			0xc0, 0x20, 0x00, 0xd2, 0x62, 0xaa, 0x06, 0xbd, 0xfe, 0x0c, 0x57, 0x0c, 0x74, 0x46, 0x80, 0xff, 
			0xc0, 0x20, 0x00, 0xe2, 0x22, 0xaa, 0x60, 0xee, 0x20, 0xc0, 0x20, 0x00, 0xe2, 0x62, 0xaa, 0xc6, 
			0xb6, 0xfe, 0xc0, 0x20, 0x00, 0xf2, 0x22, 0xaa, 0x60, 0xff, 0x20, 0xc0, 0x20, 0x00, 0xf2, 0x62, 
			0xaa, 0x46, 0xb2, 0xfe, 0x0c, 0x57, 0x0c, 0xc4, 0x46, 0x77, 0xfe, 0xc0, 0x20, 0x00, 0x32, 0x25, 
			0xbd, 0xf7, 0x73, 0x6a, 0x66, 0x59, 0x43, 0x66, 0x4c, 0x52, 0x66, 0x64, 0x4f, 0x66, 0x26, 0x70, 
			0x42, 0xa3, 0x00, 0x77, 0xb4, 0x6a, 0xc0, 0x20, 0x00, 0x82, 0x22, 0xaa, 0xa0, 0x88, 0x20, 0xc0, 
			0x20, 0x00, 0x82, 0x62, 0xaa, 0x46, 0xa5, 0xfe, 0x0c, 0x87, 0x0c, 0xa4, 0x46, 0x6a, 0xfe, 0x0c, 
			0x57, 0x0c, 0xb4, 0x86, 0x68, 0xfe, 0x0c, 0x57, 0x0c, 0xb4, 0x46, 0x8b, 0xff, 0x0c, 0x57, 0x0c, 
			0x74, 0x06, 0x65, 0xfe, 0x0c, 0x57, 0x0c, 0x74, 0xc6, 0x87, 0xff, 0xc0, 0x20, 0x00, 0x92, 0x22, 
			0xaa, 0x80, 0x99, 0x20, 0xc0, 0x20, 0x00, 0x92, 0x62, 0xaa, 0x06, 0x98, 0xfe, 0xc0, 0x20, 0x00, 
			0xa2, 0x22, 0xaa, 0x80, 0xaa, 0x20, 0xc0, 0x20, 0x00, 0xa2, 0x62, 0xaa, 0x86, 0x93, 0xfe, 0xc0, 
			0x20, 0x00, 0xb2, 0x22, 0xaa, 0x80, 0xbb, 0x20, 0xc0, 0x20, 0x00, 0xb2, 0x62, 0xaa, 0x06, 0x8f, 
			0xfe, 0xc0, 0x20, 0x00, 0xc2, 0x22, 0xaa, 0x80, 0xcc, 0x20, 0xc0, 0x20, 0x00, 0xc2, 0x62, 0xaa, 
			0x86, 0x8a, 0xfe, 0x00, 0x36, 0x41, 0x00, 0x0c, 0xf7, 0x0c, 0x49, 0x0c, 0x28, 0x0c, 0x1d, 0x0c, 
			0x0b, 0xa1, 0xfe, 0x64, 0x48, 0x32, 0xc1, 0xad, 0x64, 0x42, 0x04, 0x34, 0x51, 0xa9, 0x64, 0x32, 
			0xc4, 0xf0, 0x16, 0xf3, 0x17, 0xd2, 0xc4, 0xe0, 0x16, 0x7d, 0x2f, 0xe2, 0xc4, 0xdf, 0x56, 0xfe, 
			0x16, 0xc1, 0xd5, 0x64, 0x48, 0x92, 0xc0, 0x20, 0x00, 0x32, 0x25, 0xa4, 0xe8, 0xb2, 0x30, 0x30, 
			0xf4, 0x39, 0x14, 0xf8, 0x4e, 0xf0, 0xf0, 0xd4, 0xf9, 0x24, 0xe8, 0x5e, 0xe0, 0xe0, 0xd4, 0xe9, 
			0x34, 0xd1, 0xbd, 0x65, 0xc0, 0x20, 0x00, 0x62, 0x2c, 0xaa, 0xd0, 0x66, 0x10, 0x69, 0x04, 0xc0, 
			0x20, 0x00, 0x32, 0x25, 0xa7, 0x30, 0x38, 0x41, 0x39, 0x44, 0xc0, 0x20, 0x00, 0xf2, 0x2c, 0xe7, 
			0x77, 0x6f, 0x23, 0x22, 0xa1, 0x00, 0xc0, 0x20, 0x00, 0xf2, 0x2c, 0xd8, 0x20, 0xff, 0x20, 0xc0, 
			0x20, 0x00, 0xf2, 0x6c, 0xd8, 0xe2, 0xae, 0xff, 0xc0, 0x20, 0x00, 0xd2, 0x2c, 0xd8, 0xe0, 0xdd, 
			0x10, 0xc0, 0x20, 0x00, 0xd2, 0x6c, 0xd8, 0x0c, 0x66, 0x21, 0xbc, 0x64, 0xc0, 0x20, 0x00, 0x32, 
			0x22, 0x95, 0x30, 0x30, 0x25, 0x16, 0x23, 0x3a, 0xc0, 0x20, 0x00, 0xc2, 0x22, 0x95, 0xc0, 0xc0, 
			0x25, 0x0b, 0xcc, 0x16, 0xac, 0x39, 0xc0, 0x20, 0x00, 0xd2, 0x22, 0x95, 0xd0, 0xd0, 0x25, 0xd2, 
			0xcd, 0xfe, 0x16, 0x7d, 0x39, 0xc0, 0x20, 0x00, 0xe2, 0x22, 0x95, 0xe0, 0xe0, 0x25, 0xe2, 0xce, 
			0xfd, 0x16, 0x2e, 0x38, 0x72, 0x44, 0x1c, 0xc0, 0x20, 0x00, 0xf2, 0x22, 0x99, 0xf0, 0xf0, 0x25, 
			0xac, 0xcf, 0xc0, 0x20, 0x00, 0x32, 0x22, 0x99, 0x30, 0x30, 0x25, 0x0b, 0x33, 0x16, 0xc3, 0x34, 
			0xc0, 0x20, 0x00, 0x82, 0x22, 0x99, 0x80, 0x80, 0x25, 0x82, 0xc8, 0xfe, 0x16, 0xf8, 0x33, 0xc0, 
			0x20, 0x00, 0x92, 0x22, 0x99, 0x90, 0x90, 0x25, 0x66, 0x39, 0x06, 0x7d, 0x06, 0x46, 0x00, 0x00, 
			0x7d, 0x0b, 0x72, 0x44, 0x2a, 0xc0, 0x20, 0x00, 0xe2, 0x25, 0xbb, 0xe0, 0xef, 0x05, 0xe2, 0x44, 
			0x19, 0xc0, 0x20, 0x00, 0xd2, 0x25, 0xb1, 0xd0, 0xdc, 0x25, 0xd2, 0x44, 0x25, 0xc0, 0x20, 0x00, 
			0xc2, 0x25, 0xb1, 0xc0, 0xc4, 0x24, 0xc2, 0x44, 0x24, 0xc0, 0x20, 0x00, 0xb2, 0x22, 0x95, 0xb0, 
			0xb4, 0x25, 0xb2, 0x44, 0x1d, 0xc0, 0x20, 0x00, 0x92, 0x22, 0x99, 0x90, 0x94, 0x25, 0x92, 0x44, 
			0x29, 0xc0, 0x20, 0x00, 0x82, 0x22, 0x94, 0x80, 0x88, 0x75, 0x82, 0x44, 0x1f, 0xc0, 0x20, 0x00, 
			0x32, 0x22, 0x98, 0x30, 0x38, 0x75, 0x32, 0x44, 0x2b, 0xc0, 0x20, 0x00, 0xf2, 0x22, 0x90, 0xf0, 
			0xf8, 0x41, 0xf2, 0x44, 0x22, 0xc0, 0x20, 0x00, 0xe2, 0x22, 0x8e, 0xe2, 0x44, 0x28, 0xc0, 0x20, 
			0x00, 0xd2, 0x25, 0xa6, 0xa0, 0xdd, 0x10, 0xd9, 0x54, 0xc0, 0x20, 0x00, 0xc2, 0x25, 0xb3, 0xc0, 
			0xc9, 0x04, 0xc2, 0x44, 0x2c, 0xc0, 0x20, 0x00, 0xb2, 0x22, 0x8b, 0xb0, 0xb0, 0xf5, 0xb2, 0x54, 
			0x17, 0x0c, 0x02, 0x1d, 0xf0, 0x68, 0x62, 0xc0, 0x20, 0x00, 0x32, 0x25, 0xa4, 0xe8, 0xb2, 0x30, 
			0x30, 0xf4, 0x39, 0x16, 0xf8, 0x4e, 0xf0, 0xf0, 0xd4, 0xf9, 0x26, 0xe8, 0x5e, 0xe0, 0xe0, 0xd4, 
			0xe9, 0x36, 0xc0, 0x20, 0x00, 0x42, 0x2c, 0xb1, 0x40, 0x48, 0x41, 0x49, 0x06, 0xc0, 0x20, 0x00, 
			0x32, 0x25, 0xa7, 0x30, 0x38, 0x41, 0x39, 0x56, 0xc0, 0x20, 0x00, 0xf2, 0x25, 0xbb, 0xf0, 0xff, 
			0x05, 0xf2, 0x46, 0x1d, 0xc0, 0x20, 0x00, 0xe2, 0x25, 0xb1, 0xe0, 0xec, 0x25, 0xe2, 0x46, 0x21, 
			0xc0, 0x20, 0x00, 0x42, 0x25, 0xb1, 0x40, 0x44, 0x24, 0x42, 0x46, 0x22, 0xc0, 0x20, 0x00, 0x32, 
			0x25, 0xb8, 0x30, 0x30, 0x24, 0x32, 0x46, 0x24, 0xc0, 0x20, 0x00, 0xf2, 0x25, 0xb8, 0xf0, 0xf4, 
			0x24, 0x16, 0xef, 0x24, 0xc0, 0x20, 0x00, 0xc2, 0x25, 0xb8, 0xc0, 0xc4, 0x24, 0x0b, 0xcc, 0x16, 
			0xcc, 0x24, 0xc0, 0x20, 0x00, 0xe2, 0x25, 0xb8, 0xe0, 0xe4, 0x24, 0xe2, 0xce, 0xfe, 0x16, 0x5e, 
			0x25, 0xc0, 0x20, 0x00, 0xf2, 0x25, 0xb8, 0xf0, 0xf4, 0x24, 0xf2, 0xcf, 0xfd, 0x16, 0xaf, 0x23, 
			0x72, 0x46, 0x23, 0x0c, 0xdc, 0xc0, 0x20, 0x00, 0x42, 0x25, 0xb9, 0x40, 0x4c, 0x25, 0x42, 0x46, 
			0x25, 0xc0, 0x20, 0x00, 0x32, 0x25, 0xb9, 0x30, 0x38, 0x35, 0x37, 0xbc, 0x02, 0x86, 0x74, 0x00, 
			0xc0, 0x20, 0x00, 0x22, 0x25, 0xb9, 0x20, 0x28, 0x35, 0x22, 0x46, 0x26, 0xc0, 0x20, 0x00, 0xe2, 
			0x25, 0xb9, 0xe0, 0xe0, 0x25, 0xe2, 0x46, 0x28, 0xc0, 0x20, 0x00, 0x32, 0x25, 0xb9, 0x30, 0x34, 
			0x25, 0x16, 0x43, 0x1e, 0xc0, 0x20, 0x00, 0xf2, 0x25, 0xb9, 0xf0, 0xf4, 0x25, 0x0b, 0xff, 0x16, 
			0x2f, 0x1e, 0xc0, 0x20, 0x00, 0x32, 0x25, 0xb9, 0x30, 0x34, 0x25, 0x32, 0xc3, 0xfe, 0x16, 0xb3, 
			0x1e, 0xc0, 0x20, 0x00, 0xe2, 0x25, 0xb9, 0xe0, 0xe4, 0x25, 0xe2, 0xce, 0xfd, 0x16, 0x0e, 0x1d, 
			0x72, 0x46, 0x27, 0xc0, 0x20, 0x00, 0x32, 0x25, 0xb9, 0x30, 0x3c, 0x24, 0x32, 0x46, 0x29, 0xc0, 
			0x20, 0x00, 0xf2, 0x25, 0xb9, 0xf0, 0xf8, 0x34, 0xf7, 0xbc, 0x02, 0x46, 0x5a, 0x00, 0xc0, 0x20, 
			0x00, 0x22, 0x25, 0xb9, 0x20, 0x28, 0x34, 0x22, 0x46, 0x2a, 0xc0, 0x20, 0x00, 0xe2, 0x25, 0xb9, 
			0xe0, 0xe0, 0x24, 0xe2, 0x46, 0x2c, 0xc0, 0x20, 0x00, 0x32, 0x25, 0xb9, 0x30, 0x34, 0x24, 0x16, 
			0x93, 0x10, 0xc0, 0x20, 0x00, 0xf2, 0x25, 0xb9, 0xf0, 0xf4, 0x24, 0x0b, 0xff, 0x16, 0x3f, 0x14, 
			0xc0, 0x20, 0x00, 0x32, 0x25, 0xb9, 0x30, 0x34, 0x24, 0x32, 0xc3, 0xfe, 0x16, 0x63, 0x13, 0xc0, 
			0x20, 0x00, 0x82, 0x25, 0xb9, 0x80, 0x84, 0x24, 0x82, 0xc8, 0xfd, 0x56, 0xf8, 0x0d, 0x7d, 0x09, 
			0x86, 0x36, 0x00, 0x48, 0x72, 0xc0, 0x20, 0x00, 0xe2, 0x25, 0xa4, 0x68, 0xb2, 0xe0, 0xe0, 0xf4, 
			0xe9, 0x14, 0xd8, 0x46, 0xd0, 0xd0, 0xd4, 0xd9, 0x24, 0x68, 0x56, 0x38, 0xc2, 0x60, 0x60, 0xd4, 
			0x69, 0x34, 0x38, 0x33, 0xa0, 0x33, 0x10, 0x39, 0x04, 0xc0, 0x20, 0x00, 0xf2, 0x25, 0xa7, 0xf0, 
			0xf8, 0x41, 0xf9, 0x64, 0xc0, 0x20, 0x00, 0xe2, 0x25, 0xbb, 0xe0, 0xef, 0x05, 0xe2, 0x44, 0x21, 
			0xc0, 0x20, 0x00, 0xd2, 0x25, 0xb1, 0xd0, 0xdc, 0x25, 0xd2, 0x44, 0x25, 0xc0, 0x20, 0x00, 0x62, 
			0x25, 0xb1, 0x60, 0x64, 0x24, 0x62, 0x44, 0x26, 0xc0, 0x20, 0x00, 0x32, 0x25, 0xb7, 0x30, 0x30, 
			0x55, 0x32, 0x44, 0x2c, 0xc0, 0x20, 0x00, 0xf2, 0x25, 0xb7, 0xf0, 0xf8, 0x24, 0xf2, 0x44, 0x27, 
			0xc0, 0x20, 0x00, 0xe2, 0x25, 0xb7, 0xe0, 0xe4, 0x24, 0xe2, 0x44, 0x29, 0xc0, 0x20, 0x00, 0xd2, 
			0x25, 0xb7, 0xd0, 0xdc, 0x14, 0x9c, 0xbd, 0xc0, 0x20, 0x00, 0xf2, 0x25, 0xb7, 0xf0, 0xfc, 0x14, 
			0x26, 0x1f, 0x12, 0xc0, 0x20, 0x00, 0x32, 0x25, 0xb7, 0x30, 0x3c, 0x14, 0x66, 0x23, 0x08, 0x7d, 
			0x09, 0xc6, 0x00, 0x00, 0x8d, 0x0b, 0x7d, 0x08, 0x72, 0x44, 0x24, 0xc0, 0x20, 0x00, 0xd2, 0x25, 
			0xb7, 0xd0, 0xd0, 0x24, 0xd2, 0x44, 0x2a, 0xc0, 0x20, 0x00, 0xb2, 0x2c, 0x80, 0xb0, 0xb0, 0x04, 
			0xb2, 0x44, 0x28, 0xc0, 0x20, 0x00, 0x92, 0x25, 0xb8, 0x90, 0x98, 0xf4, 0x99, 0x44, 0xc0, 0x20, 
			0x00, 0x82, 0x25, 0xa6, 0xa0, 0x88, 0x10, 0x89, 0x74, 0x06, 0x69, 0xff, 0x7d, 0x0d, 0x72, 0x46, 
			0x2b, 0xc0, 0x20, 0x00, 0xf2, 0x25, 0xba, 0xf0, 0xfc, 0x25, 0xf2, 0x46, 0x2d, 0xc0, 0x20, 0x00, 
			0xe2, 0x25, 0xba, 0xe0, 0xe8, 0x35, 0xe7, 0x3c, 0x08, 0xc0, 0x20, 0x00, 0xb2, 0x25, 0xb7, 0xb0, 
			0xb8, 0x35, 0xb2, 0x46, 0x2e, 0xc0, 0x20, 0x00, 0xc2, 0x25, 0xa6, 0xa0, 0xcc, 0x10, 0xc9, 0x66, 
			0x46, 0x5b, 0xff, 0x2d, 0x0b, 0x06, 0x8c, 0xff, 0x2d, 0x0b, 0x46, 0xa6, 0xff, 0x9d, 0x08, 0x7d, 
			0x09, 0x46, 0x33, 0xff, 0x8d, 0x0b, 0x7d, 0x08, 0x86, 0xec, 0xff, 0xb2, 0x44, 0x1c, 0x46, 0x21, 
			0xff, 0x82, 0x44, 0x1c, 0xc6, 0x1f, 0xff, 0x62, 0x44, 0x1c, 0x46, 0x1e, 0xff, 0x92, 0x44, 0x1c, 
			0xc6, 0x1c, 0xff, 0xd2, 0x46, 0x23, 0x46, 0x76, 0xff, 0xd2, 0x46, 0x27, 0xc6, 0x90, 0xff, 0xb2, 
			0x46, 0x23, 0x46, 0x73, 0xff, 0xb2, 0x46, 0x27, 0xc6, 0x8d, 0xff, 0x92, 0x46, 0x23, 0x46, 0x70, 
			0xff, 0x92, 0x46, 0x27, 0xc6, 0x8a, 0xff, 0x82, 0x46, 0x23, 0x46, 0x6d, 0xff, 0x82, 0x46, 0x27, 
			0xc6, 0x87, 0xff, 0x00, 0x36, 0x61, 0x00, 0x31, 0x37, 0x64, 0x51, 0xac, 0x64, 0xe1, 0x65, 0x64, 
			0x61, 0x42, 0x64, 0xa1, 0x31, 0x64, 0xd8, 0x32, 0xb1, 0x86, 0x63, 0x72, 0x0d, 0x34, 0x2c, 0x18, 
			0x87, 0x17, 0x02, 0xc6, 0x26, 0x00, 0xc0, 0x20, 0x00, 0xf2, 0x23, 0xb3, 0xf0, 0xf0, 0xd4, 0xc0, 
			0x20, 0x00, 0xd2, 0x2b, 0xb1, 0xd0, 0xdc, 0x25, 0xc0, 0x20, 0x00, 0xc2, 0x2b, 0xb1, 0xc0, 0xc4, 
			0x24, 0xc0, 0x20, 0x00, 0x72, 0x2b, 0xbf, 0x70, 0x7c, 0x25, 0xc0, 0x20, 0x00, 0x92, 0x23, 0xb7, 
			0x90, 0x90, 0x14, 0x99, 0x01, 0x81, 0xa9, 0x63, 0xc0, 0x20, 0x00, 0x82, 0x28, 0x95, 0x80, 0x80, 
			0x25, 0x89, 0x11, 0xc0, 0x20, 0x00, 0x92, 0x2b, 0xbf, 0x90, 0x9f, 0x05, 0x16, 0xa9, 0x25, 0x41, 
			0x4f, 0x64, 0x92, 0xa4, 0x00, 0x82, 0xcd, 0xfb, 0x56, 0x48, 0x41, 0x82, 0xcc, 0xfc, 0x56, 0x98, 
			0x5f, 0x82, 0xc7, 0xfa, 0x56, 0x38, 0x5f, 0x88, 0x01, 0x82, 0xc8, 0xfe, 0x56, 0x98, 0x77, 0x92, 
			0xa3, 0x00, 0xf7, 0x39, 0x02, 0x06, 0xdc, 0x01, 0x92, 0xab, 0xff, 0xc0, 0x20, 0x00, 0x82, 0x23, 
			0x86, 0x90, 0x88, 0x10, 0xc0, 0x20, 0x00, 0x82, 0x63, 0x86, 0x81, 0x3f, 0x64, 0xc0, 0x20, 0x00, 
			0xf2, 0x23, 0x8f, 0xf0, 0xf0, 0xf4, 0x80, 0xff, 0x20, 0xc0, 0x20, 0x00, 0xf2, 0x63, 0x8f, 0x86, 
			0xfb, 0x00, 0x66, 0xc7, 0x44, 0xc0, 0x20, 0x00, 0x72, 0x23, 0xb3, 0x70, 0x70, 0xd4, 0xc0, 0x20, 
			0x00, 0xf2, 0x2b, 0xb1, 0xf0, 0xfc, 0x25, 0xf9, 0x21, 0xc0, 0x20, 0x00, 0xc2, 0x2b, 0xb1, 0xc0, 
			0xc4, 0x24, 0xc0, 0x20, 0x00, 0x42, 0x2b, 0xb7, 0x40, 0x4c, 0x14, 0xc0, 0x20, 0x00, 0x82, 0x2b, 
			0xb7, 0x0c, 0x7f, 0x80, 0x88, 0x41, 0x87, 0x0f, 0x54, 0x81, 0x50, 0x63, 0xc0, 0x20, 0x00, 0x82, 
			0x28, 0x80, 0x07, 0x68, 0x41, 0x0c, 0x04, 0xc6, 0x10, 0x00, 0x66, 0xb7, 0x35, 0xc0, 0x20, 0x00, 
			0x92, 0x2b, 0xb8, 0x90, 0x97, 0x04, 0xc0, 0x20, 0x00, 0xc2, 0x2b, 0xb8, 0xc0, 0xc4, 0x24, 0xc0, 
			0x20, 0x00, 0xa2, 0x2b, 0xb9, 0xa0, 0xa4, 0x25, 0x16, 0x4c, 0x3f, 0x66, 0x19, 0x02, 0x16, 0xea, 
			0x3e, 0xb1, 0xf3, 0x63, 0xc0, 0x20, 0x00, 0xa2, 0x23, 0x92, 0xb0, 0xaa, 0x20, 0xc0, 0x20, 0x00, 
			0xa2, 0x63, 0x92, 0x0c, 0x02, 0x1d, 0xf0, 0x0c, 0x1f, 0x0b, 0x44, 0x40, 0x4f, 0x93, 0x0c, 0x8f, 
			0x1c, 0x08, 0x40, 0x8f, 0x93, 0xf8, 0x22, 0x92, 0xa0, 0x80, 0x9a, 0x9f, 0x82, 0x49, 0xa1, 0xd2, 
			0x0d, 0x35, 0x91, 0xc7, 0x63, 0x66, 0x8d, 0x14, 0xc0, 0x20, 0x00, 0x82, 0x23, 0x9e, 0x90, 0x88, 
			0x10, 0x60, 0x88, 0x20, 0xc0, 0x20, 0x00, 0x82, 0x63, 0x9e, 0x06, 0x0b, 0x00, 0x66, 0x6d, 0x17, 
			0xc0, 0x20, 0x00, 0xd2, 0x23, 0x9e, 0x81, 0x06, 0x64, 0x90, 0xdd, 0x10, 0x80, 0xdd, 0x20, 0xc0, 
			0x20, 0x00, 0xd2, 0x63, 0x9e, 0x46, 0x04, 0x00, 0xc0, 0x20, 0x00, 0x82, 0x23, 0x9e, 0x90, 0x88, 
			0x10, 0x60, 0x88, 0x20, 0xc0, 0x20, 0x00, 0x82, 0x63, 0x9e, 0xc0, 0x20, 0x00, 0x92, 0x2b, 0xbf, 
			0xf7, 0x79, 0x3a, 0xd8, 0x21, 0x66, 0x1d, 0x23, 0x56, 0xdc, 0x58, 0x82, 0xa5, 0x60, 0x77, 0x38, 
			0x02, 0xc6, 0x8b, 0x01, 0xd1, 0x3f, 0x64, 0xc0, 0x20, 0x00, 0x92, 0x23, 0xa3, 0xa0, 0x99, 0x10, 
			0xd0, 0x99, 0x20, 0xc0, 0x20, 0x00, 0x92, 0x63, 0xa3, 0x46, 0x04, 0x00, 0xc0, 0x20, 0x00, 0xd2, 
			0x23, 0xa3, 0xa0, 0xdd, 0x10, 0x50, 0xdd, 0x20, 0xc0, 0x20, 0x00, 0xd2, 0x63, 0xa3, 0xc0, 0x20, 
			0x00, 0x52, 0x23, 0xb6, 0x50, 0x50, 0xf5, 0xc0, 0x20, 0x00, 0xa2, 0x23, 0xb5, 0xd2, 0xa3, 0x80, 
			0xd0, 0xdf, 0x80, 0xa0, 0xa0, 0xf4, 0xc0, 0x20, 0x00, 0x92, 0x23, 0xb1, 0x82, 0x21, 0x02, 0x90, 
			0x9b, 0x05, 0x92, 0x4d, 0x1e, 0x66, 0x18, 0x35, 0x56, 0x7c, 0x3c, 0xc0, 0x20, 0x00, 0x82, 0x2b, 
			0x83, 0xb7, 0xe8, 0x29, 0xc0, 0x20, 0x00, 0xb2, 0x23, 0xb7, 0x17, 0x6b, 0x20, 0xc0, 0x20, 0x00, 
			0xc2, 0x23, 0xb0, 0x37, 0xfc, 0x17, 0x66, 0x19, 0x14, 0x57, 0xba, 0x11, 0xc0, 0x20, 0x00, 0xd2, 
			0x23, 0xb5, 0xd0, 0xd0, 0xf5, 0xd7, 0xbe, 0x05, 0x20, 0xa2, 0x20, 0x25, 0x88, 0x00, 0xa1, 0x4b, 
			0x63, 0x66, 0x24, 0x36, 0xe8, 0x21, 0x66, 0x1e, 0x31, 0x4c, 0x0f, 0x77, 0x3f, 0x2c, 0xb1, 0xe0, 
			0x63, 0xc0, 0x20, 0x00, 0x92, 0x23, 0xa4, 0xa0, 0x99, 0x10, 0xb0, 0x99, 0x20, 0xc0, 0x20, 0x00, 
			0x92, 0x63, 0xa4, 0x91, 0x14, 0x64, 0xc0, 0x20, 0x00, 0x82, 0x23, 0xa5, 0x80, 0x80, 0xf4, 0x90, 
			0x88, 0x20, 0xc0, 0x20, 0x00, 0x82, 0x63, 0xa5, 0xc6, 0xad, 0xff, 0xd1, 0xf8, 0x63, 0xc0, 0x20, 
			0x00, 0xc2, 0x23, 0xa4, 0xa0, 0xcc, 0x10, 0xd0, 0xcc, 0x20, 0xc0, 0x20, 0x00, 0xc2, 0x63, 0xa4, 
			0xc1, 0x0a, 0x64, 0xc0, 0x20, 0x00, 0xb2, 0x23, 0xa5, 0xb0, 0xb0, 0xf4, 0xc0, 0xbb, 0x20, 0xc0, 
			0x20, 0x00, 0xb2, 0x63, 0xa5, 0x86, 0xa2, 0xff, 0xc0, 0x20, 0x00, 0xf2, 0x23, 0xa3, 0xa0, 0xff, 
			0x10, 0x50, 0xff, 0x20, 0xc0, 0x20, 0x00, 0xf2, 0x63, 0xa3, 0xc0, 0x20, 0x00, 0x52, 0x23, 0xb6, 
			0x50, 0x50, 0xf5, 0xc0, 0x20, 0x00, 0x42, 0xa3, 0x80, 0xa2, 0x23, 0xb5, 0xf8, 0x22, 0xa0, 0xa0, 
			0xf4, 0x4a, 0x4f, 0xc0, 0x20, 0x00, 0x92, 0x23, 0xb1, 0x90, 0x9b, 0x05, 0x92, 0x44, 0x1e, 0x66, 
			0x5d, 0x5a, 0x82, 0xcc, 0xfc, 0x56, 0x08, 0x25, 0xc0, 0x20, 0x00, 0xc2, 0x2b, 0x83, 0xc0, 0xcb, 
			0x04, 0x56, 0xcc, 0x4a, 0xc0, 0x20, 0x00, 0xd2, 0x23, 0xb7, 0xd0, 0xd1, 0x04, 0x16, 0x0d, 0x4a, 
			0xc0, 0x20, 0x00, 0xf2, 0x23, 0xb0, 0xf0, 0xf3, 0x05, 0x56, 0x4f, 0x49, 0x0b, 0x89, 0x56, 0xf8, 
			0x48, 0x57, 0x3a, 0x02, 0x46, 0x22, 0x01, 0xc0, 0x20, 0x00, 0x92, 0x23, 0xb5, 0x90, 0x90, 0xf5, 
			0x97, 0x3e, 0x02, 0x86, 0x1e, 0x01, 0xad, 0x02, 0x25, 0x79, 0x00, 0x46, 0x01, 0x00, 0x20, 0xa2, 
			0x20, 0xe5, 0x7b, 0x00, 0xf2, 0x22, 0x02, 0x42, 0xa3, 0x80, 0x40, 0x4f, 0x80, 0x82, 0x04, 0x12, 
			0x66, 0x18, 0x3d, 0xb2, 0xdf, 0x03, 0xc2, 0x1b, 0x4a, 0x92, 0xa2, 0x57, 0xc7, 0xb9, 0x02, 0x06, 
			0xf0, 0x00, 0xa1, 0xbc, 0x62, 0xc0, 0x20, 0x00, 0xd2, 0x2a, 0x95, 0xd0, 0xdf, 0x05, 0x16, 0xfd, 
			0x36, 0xc0, 0x20, 0x00, 0xe2, 0x2a, 0xa7, 0xe0, 0xeb, 0x05, 0x16, 0x3e, 0x36, 0xad, 0x02, 0x0c, 
			0x0b, 0x25, 0xa5, 0x00, 0xb8, 0x22, 0xb2, 0xdb, 0x03, 0xc2, 0x1b, 0x4a, 0x1b, 0x9c, 0x92, 0x5b, 
			0x4a, 0xd8, 0x32, 0xa1, 0x3d, 0x63, 0xd2, 0x0d, 0x35, 0x91, 0x5d, 0x63, 0x66, 0x7d, 0x14, 0xc0, 
			0x20, 0x00, 0xe2, 0x23, 0xa4, 0x90, 0xee, 0x10, 0xa0, 0xee, 0x20, 0xc0, 0x20, 0x00, 0xe2, 0x63, 
			0xa4, 0x06, 0x0b, 0x00, 0x66, 0x6d, 0x14, 0xc0, 0x20, 0x00, 0xf2, 0x23, 0xa4, 0x90, 0xff, 0x10, 
			0xa0, 0xff, 0x20, 0xc0, 0x20, 0x00, 0xf2, 0x63, 0xa4, 0x06, 0x05, 0x00, 0xa2, 0xa5, 0x00, 0xc0, 
			0x20, 0x00, 0x82, 0x23, 0xa4, 0x90, 0x88, 0x10, 0xa0, 0x88, 0x20, 0xc0, 0x20, 0x00, 0x82, 0x63, 
			0xa4, 0x7c, 0xd9, 0xc0, 0x20, 0x00, 0xa2, 0x23, 0xb7, 0xa0, 0xa0, 0x14, 0xdc, 0x5a, 0xb8, 0x11, 
			0x56, 0x1b, 0x14, 0xc0, 0x20, 0x00, 0xc2, 0x23, 0xa3, 0x90, 0xcc, 0x10, 0xc0, 0x20, 0x00, 0xc2, 
			0x63, 0xa3, 0x86, 0x03, 0x00, 0xc0, 0x20, 0x00, 0xd2, 0x23, 0xa3, 0x90, 0xdd, 0x10, 0xc0, 0x20, 
			0x00, 0xd2, 0x63, 0xa3, 0xe8, 0x11, 0x91, 0xeb, 0x62, 0xdc, 0x6e, 0x81, 0xac, 0x63, 0xc0, 0x20, 
			0x00, 0xf2, 0x23, 0x9e, 0x90, 0xff, 0x10, 0x80, 0xff, 0x20, 0xc0, 0x20, 0x00, 0xf2, 0x63, 0x9e, 
			0x06, 0x05, 0x00, 0xa1, 0x66, 0x63, 0xc0, 0x20, 0x00, 0x82, 0x23, 0x9e, 0x90, 0x88, 0x10, 0xa0, 
			0x88, 0x20, 0xc0, 0x20, 0x00, 0x82, 0x63, 0x9e, 0xb1, 0xa2, 0x63, 0xc1, 0xa2, 0x63, 0x91, 0xaa, 
			0x62, 0xa1, 0x5d, 0x63, 0xc0, 0x20, 0x00, 0xd2, 0x23, 0xb0, 0xd0, 0xd3, 0x05, 0x56, 0xbd, 0x09, 
			0xc0, 0x20, 0x00, 0xe2, 0x23, 0xbe, 0x87, 0xee, 0x6b, 0xc0, 0x20, 0x00, 0x82, 0x23, 0xab, 0xc0, 
			0x88, 0x20, 0xc0, 0x20, 0x00, 0x82, 0x63, 0xab, 0x81, 0x98, 0x63, 0xc0, 0x20, 0x00, 0xf2, 0x29, 
			0x90, 0xa0, 0xff, 0x10, 0x80, 0xff, 0x20, 0xc0, 0x20, 0x00, 0xf2, 0x69, 0x90, 0x86, 0x2c, 0xff, 
			0xc0, 0x20, 0x00, 0x82, 0x23, 0x86, 0x90, 0x88, 0x20, 0xc0, 0x20, 0x00, 0x82, 0x63, 0x86, 0xc0, 
			0x20, 0x00, 0xf2, 0x23, 0x8f, 0xf0, 0xf0, 0xf4, 0x40, 0xff, 0x20, 0xc0, 0x20, 0x00, 0xf2, 0x63, 
			0x8f, 0x92, 0xcd, 0xfb, 0x56, 0x09, 0xe0, 0xf2, 0xcc, 0xfc, 0x56, 0xdf, 0x1e, 0x91, 0x17, 0x63, 
			0xc0, 0x20, 0x00, 0x82, 0x23, 0xa3, 0xa0, 0x88, 0x10, 0x90, 0x88, 0x20, 0xc0, 0x20, 0x00, 0x82, 
			0x63, 0xa3, 0x06, 0x7d, 0xff, 0xe1, 0x81, 0x63, 0xc0, 0x20, 0x00, 0xd2, 0x23, 0xab, 0xe0, 0xdd, 
			0x10, 0xc0, 0x20, 0x00, 0xd2, 0x63, 0xab, 0xc0, 0x20, 0x00, 0xc2, 0x29, 0x90, 0xa0, 0xcc, 0x10, 
			0xb0, 0xcc, 0x20, 0xc0, 0x20, 0x00, 0xc2, 0x69, 0x90, 0x86, 0x11, 0xff, 0xc0, 0x20, 0x00, 0x82, 
			0x23, 0xab, 0xc0, 0x88, 0x20, 0xc0, 0x20, 0x00, 0x82, 0x63, 0xab, 0xc0, 0x20, 0x00, 0xf2, 0x29, 
			0x90, 0xa0, 0xff, 0x10, 0xb0, 0xff, 0x20, 0xc0, 0x20, 0x00, 0xf2, 0x69, 0x90, 0x86, 0x08, 0xff, 
			0xa1, 0xa8, 0x62, 0xc0, 0x20, 0x00, 0x92, 0x23, 0x92, 0xa0, 0x99, 0x10, 0xc0, 0x20, 0x00, 0x92, 
			0x63, 0x92, 0x46, 0x03, 0xff, 0x0c, 0x2c, 0xc0, 0x20, 0x00, 0xb2, 0x23, 0xa3, 0xc0, 0xbb, 0x20, 
			0xc0, 0x20, 0x00, 0xb2, 0x63, 0xa3, 0x86, 0xb2, 0xff, 0x56, 0x8c, 0x04, 0xc0, 0x20, 0x00, 0xd2, 
			0x2b, 0x83, 0xd0, 0xdb, 0x04, 0x56, 0x3d, 0x26, 0xc0, 0x20, 0x00, 0xf2, 0x23, 0xb7, 0xf0, 0xf1, 
			0x04, 0x16, 0x7f, 0x25, 0xc0, 0x20, 0x00, 0x82, 0x23, 0xb0, 0x80, 0x83, 0x05, 0x56, 0xb8, 0x24, 
			0x0b, 0xb9, 0x56, 0x6b, 0x24, 0x57, 0x3a, 0x02, 0x06, 0x90, 0x00, 0xc0, 0x20, 0x00, 0xc2, 0x23, 
			0xb5, 0xc0, 0xc0, 0xf5, 0xc7, 0x3e, 0x02, 0x46, 0x8c, 0x00, 0xad, 0x02, 0xe5, 0x53, 0x00, 0x46, 
			0x6c, 0xff, 0x00, 0x00, 0x00, 0xd2, 0xcc, 0xff, 0x56, 0x2d, 0xda, 0xc0, 0x20, 0x00, 0xf2, 0x2b, 
			0x83, 0xf0, 0xfb, 0x04, 0x56, 0xef, 0x1f, 0xc0, 0x20, 0x00, 0x82, 0x23, 0xb7, 0x80, 0x81, 0x04, 
			0x16, 0x28, 0x1f, 0xc0, 0x20, 0x00, 0xb2, 0x23, 0xb0, 0xb0, 0xb3, 0x05, 0x56, 0x6b, 0x1e, 0xc2, 
			0xc9, 0xff, 0x56, 0x0c, 0x1e, 0x57, 0x3a, 0x02, 0x86, 0x76, 0x00, 0xc0, 0x20, 0x00, 0xd2, 0x23, 
			0xb5, 0xd0, 0xd0, 0xf5, 0xd7, 0x3e, 0x02, 0xc6, 0x72, 0x00, 0x20, 0xa2, 0x20, 0xe5, 0x4e, 0x00, 
			0x06, 0x58, 0xff, 0x66, 0x2c, 0x48, 0xc0, 0x20, 0x00, 0xf2, 0x2b, 0x83, 0xf0, 0xfb, 0x04, 0x56, 
			0xbf, 0xc5, 0xc0, 0x20, 0x00, 0x82, 0x23, 0xb7, 0x80, 0x81, 0x04, 0x16, 0xf8, 0xc4, 0xc0, 0x20, 
			0x00, 0xb2, 0x23, 0xb0, 0xb0, 0xb3, 0x05, 0x56, 0x3b, 0xc4, 0x0b, 0xc9, 0x56, 0xec, 0xc3, 0x57, 
			0x3a, 0x02, 0x06, 0x0e, 0xff, 0xc0, 0x20, 0x00, 0xd2, 0x23, 0xb5, 0xd0, 0xd0, 0xf5, 0xd7, 0x3e, 
			0x02, 0x46, 0x0a, 0xff, 0xad, 0x02, 0x65, 0x4a, 0x00, 0x46, 0x08, 0xff, 0x00, 0x00, 0x00, 0xf2, 
			0xcc, 0xfd, 0x56, 0x8f, 0xc1, 0xc0, 0x20, 0x00, 0x82, 0x2b, 0x83, 0x80, 0x8b, 0x04, 0x56, 0xc8, 
			0xc0, 0xc0, 0x20, 0x00, 0xb2, 0x23, 0xb7, 0xb0, 0xb1, 0x04, 0x16, 0x0b, 0xc0, 0xc0, 0x20, 0x00, 
			0xc2, 0x23, 0xb0, 0xc0, 0xc3, 0x05, 0x56, 0x4c, 0xbf, 0x0b, 0xd9, 0x56, 0xfd, 0xbe, 0x57, 0x3a, 
			0x02, 0x46, 0xfa, 0xfe, 0xc0, 0x20, 0x00, 0xf2, 0x23, 0xb5, 0xf0, 0xf0, 0xf5, 0xf7, 0x3e, 0x02, 
			0x86, 0xf6, 0xfe, 0xad, 0x02, 0x65, 0x45, 0x00, 0x86, 0xf4, 0xfe, 0x66, 0x1c, 0x44, 0xc0, 0x20, 
			0x00, 0xf2, 0x23, 0x86, 0x90, 0xff, 0x20, 0xc0, 0x20, 0x00, 0xf2, 0x63, 0x86, 0x82, 0xc7, 0xfd, 
			0x56, 0xb8, 0x14, 0x91, 0xc7, 0x62, 0xc0, 0x20, 0x00, 0x82, 0x23, 0x8f, 0x80, 0x80, 0xf4, 0x90, 
			0x88, 0x20, 0xc0, 0x20, 0x00, 0x82, 0x63, 0x8f, 0x46, 0x81, 0xff, 0x56, 0xcc, 0x07, 0xc0, 0x20, 
			0x00, 0x92, 0x23, 0xa3, 0xa0, 0x99, 0x10, 0x60, 0x99, 0x20, 0xc0, 0x20, 0x00, 0x92, 0x63, 0xa3, 
			0x86, 0x01, 0xff, 0x66, 0x2c, 0x38, 0x66, 0x17, 0x35, 0x81, 0x6e, 0x62, 0xc0, 0x20, 0x00, 0xf2, 
			0x23, 0x8f, 0xf0, 0xf0, 0xf4, 0x80, 0xff, 0x20, 0xc0, 0x20, 0x00, 0xf2, 0x63, 0x8f, 0xc6, 0x73, 
			0xff, 0xc0, 0x20, 0x00, 0x92, 0x2a, 0xa8, 0x82, 0xa0, 0x07, 0x90, 0x94, 0x41, 0x97, 0x88, 0x02, 
			0x06, 0x26, 0xff, 0x20, 0xa2, 0x20, 0xb2, 0xa0, 0x01, 0xa5, 0x6d, 0x00, 0x06, 0x21, 0xff, 0xc0, 
			0x20, 0x00, 0x82, 0x23, 0x86, 0x90, 0x88, 0x20, 0xc0, 0x20, 0x00, 0x82, 0x63, 0x86, 0xc0, 0x20, 
			0x00, 0xf2, 0x23, 0x8f, 0xf0, 0xf0, 0xf4, 0x40, 0xff, 0x20, 0xc0, 0x20, 0x00, 0xf2, 0x63, 0x8f, 
			0x46, 0x63, 0xff, 0x0c, 0x09, 0x92, 0x44, 0x12, 0x86, 0x18, 0xff, 0x66, 0x1c, 0x4d, 0x26, 0x17, 
			0x02, 0x86, 0x24, 0x00, 0xc0, 0x20, 0x00, 0x92, 0x23, 0xa3, 0xa0, 0x99, 0x10, 0x50, 0x99, 0x20, 
			0xc0, 0x20, 0x00, 0x92, 0x63, 0xa3, 0x06, 0xe0, 0xfe, 0x66, 0x2c, 0x14, 0xc0, 0x20, 0x00, 0xd2, 
			0x23, 0xa3, 0xa0, 0xdd, 0x10, 0x60, 0xdd, 0x20, 0xc0, 0x20, 0x00, 0xd2, 0x63, 0xa3, 0x06, 0xa3, 
			0xfe, 0x66, 0x3c, 0x2c, 0x91, 0xdf, 0x62, 0xc0, 0x20, 0x00, 0x82, 0x23, 0xa3, 0xa0, 0x88, 0x10, 
			0x90, 0x88, 0x20, 0xc0, 0x20, 0x00, 0x82, 0x63, 0xa3, 0x46, 0x9c, 0xfe, 0xc0, 0x20, 0x00, 0x92, 
			0x23, 0xa3, 0xa0, 0x99, 0x10, 0x50, 0x99, 0x20, 0xc0, 0x20, 0x00, 0x92, 0x63, 0xa3, 0x06, 0xce, 
			0xfe, 0xc0, 0x20, 0x00, 0xd2, 0x23, 0xa3, 0xa0, 0xdd, 0x10, 0x50, 0xdd, 0x20, 0xc0, 0x20, 0x00, 
			0xd2, 0x63, 0xa3, 0xc6, 0x91, 0xfe, 0xad, 0x02, 0x65, 0x35, 0x00, 0x46, 0xe5, 0xfe, 0x00, 0x00, 
			0x00, 0xad, 0x02, 0xe5, 0x34, 0x00, 0x86, 0xe2, 0xfe, 0x00, 0x00, 0x00, 0xad, 0x02, 0x25, 0x34, 
			0x00, 0xc6, 0xdf, 0xfe, 0x00, 0x00, 0x00, 0xc0, 0x20, 0x00, 0xf2, 0x23, 0xa3, 0x81, 0x74, 0x62, 
			0xa0, 0xff, 0x10, 0x80, 0xff, 0x20, 0xc0, 0x20, 0x00, 0xf2, 0x63, 0xa3, 0x86, 0xba, 0xfe, 0xc0, 
			0x20, 0x00, 0x82, 0x23, 0x8f, 0x80, 0x80, 0xf4, 0x40, 0x88, 0x20, 0xc0, 0x20, 0x00, 0x82, 0x63, 
			0x8f, 0x06, 0x2f, 0xff, 0xc0, 0x20, 0x00, 0x92, 0x23, 0xa3, 0xa0, 0x99, 0x10, 0x60, 0x99, 0x20, 
			0xc0, 0x20, 0x00, 0x92, 0x63, 0xa3, 0x06, 0x79, 0xfe, 0xc0, 0x20, 0x00, 0x82, 0x23, 0x86, 0xf2, 
			0xa4, 0x00, 0xf0, 0x88, 0x20, 0xc0, 0x20, 0x00, 0x82, 0x63, 0x86, 0xc0, 0x20, 0x00, 0xf2, 0x23, 
			0x8f, 0xf0, 0xf0, 0xf4, 0x40, 0xff, 0x20, 0xc0, 0x20, 0x00, 0xf2, 0x63, 0x8f, 0x06, 0x20, 0xff, 
			0x36, 0x41, 0x00, 0x62, 0xa0, 0x01, 0x32, 0xa0, 0x00, 0xc2, 0xa3, 0x80, 0xf1, 0x7d, 0x61, 0xa2, 
			0x22, 0x03, 0xb8, 0x02, 0xa2, 0x0a, 0x34, 0xa2, 0x4b, 0x02, 0x82, 0xca, 0xf0, 0x16, 0x98, 0x0b, 
			0x42, 0xa0, 0x80, 0x0c, 0x25, 0x0c, 0x3d, 0x26, 0xca, 0x34, 0x2c, 0x1e, 0xe7, 0x9a, 0x48, 0xe8, 
			0x22, 0x71, 0xa6, 0x61, 0x4a, 0x9e, 0x92, 0x09, 0xe7, 0xad, 0x0e, 0x66, 0x29, 0x3d, 0xa8, 0x5e, 
			0x25, 0x4e, 0xfd, 0xc1, 0x9c, 0x62, 0xb8, 0x02, 0xa7, 0xbc, 0x02, 0xc6, 0x3e, 0x00, 0xc0, 0x20, 
			0x00, 0xe2, 0x27, 0x92, 0xe0, 0xeb, 0x05, 0x56, 0xae, 0x0f, 0x5d, 0x06, 0x46, 0x3d, 0x00, 0xe8, 
			0x22, 0xca, 0xae, 0x82, 0x0a, 0x1b, 0x4a, 0x9e, 0x0b, 0x88, 0x16, 0x78, 0x0a, 0x62, 0x4b, 0x01, 
			0x98, 0x72, 0x32, 0x49, 0x23, 0x32, 0x4b, 0x00, 0x0c, 0x02, 0x1d, 0xf0, 0x8c, 0x39, 0x66, 0x39, 
			0x04, 0x6d, 0x0d, 0x62, 0x4b, 0x01, 0xca, 0xda, 0xd2, 0x0d, 0x20, 0xc8, 0x92, 0x66, 0x1d, 0x07, 
			0x0c, 0x09, 0x32, 0x4c, 0x1b, 0xc6, 0x02, 0x00, 0xc0, 0x20, 0x00, 0x92, 0x27, 0x92, 0x90, 0x9b, 
			0x05, 0x92, 0x4c, 0x1b, 0x92, 0x4b, 0x00, 0x16, 0xd9, 0xfc, 0x40, 0xba, 0x80, 0xb2, 0x0b, 0xe4, 
			0x16, 0x4b, 0xfc, 0xa5, 0xbd, 0xf8, 0xc2, 0x22, 0x02, 0xe2, 0x22, 0x03, 0xd8, 0x5c, 0xe8, 0x5e, 
			0xd0, 0xda, 0xc0, 0xe0, 0xdd, 0xc2, 0xd0, 0xd0, 0xb4, 0xe1, 0x7f, 0x61, 0xc0, 0x20, 0x00, 0xd2, 
			0x6e, 0xd6, 0x4a, 0xcc, 0x32, 0x4c, 0xe4, 0x46, 0xe7, 0xff, 0xd8, 0x62, 0xc0, 0x20, 0x00, 0x92, 
			0x2f, 0xb7, 0x90, 0x9c, 0x05, 0x92, 0x4d, 0x1f, 0x92, 0x4b, 0x00, 0xa8, 0x22, 0xca, 0xaa, 0x82, 
			0x0a, 0x16, 0x0b, 0xb9, 0x66, 0x18, 0x80, 0x56, 0xdb, 0xf7, 0x32, 0x4a, 0x16, 0xe1, 0x3e, 0x61, 
			0xd1, 0x43, 0x61, 0xc0, 0x20, 0x00, 0xc2, 0x2d, 0x80, 0xe0, 0xcc, 0x20, 0xc0, 0x20, 0x00, 0xc2, 
			0x6d, 0x80, 0x86, 0xd8, 0xff, 0x92, 0x09, 0xe7, 0x26, 0x19, 0x0b, 0xcc, 0x39, 0x5d, 0x06, 0x06, 
			0x01, 0x00, 0x66, 0x39, 0x04, 0x5d, 0x0d, 0x52, 0x4b, 0x01, 0xc2, 0x0a, 0x20, 0xa8, 0x72, 0x66, 
			0x1c, 0x09, 0x0c, 0x09, 0x32, 0x4a, 0x23, 0x3d, 0x09, 0x06, 0xce, 0xff, 0xc0, 0x20, 0x00, 0x92, 
			0x2f, 0xb7, 0x90, 0x9c, 0x05, 0x3d, 0x09, 0x46, 0xfa, 0xff, 0xc0, 0x20, 0x00, 0xc2, 0x27, 0x92, 
			0xb7, 0xfc, 0x01, 0x0c, 0x35, 0xc2, 0xa3, 0x80, 0x52, 0x4b, 0x01, 0xa8, 0x22, 0x46, 0xc9, 0xff, 
			0x36, 0x41, 0x00, 0x91, 0x55, 0x62, 0x81, 0x59, 0x61, 0xc0, 0x20, 0x00, 0x52, 0x28, 0x84, 0x90, 
			0x55, 0x20, 0xc0, 0x20, 0x00, 0x38, 0x22, 0x52, 0x68, 0x84, 0x0c, 0x12, 0x32, 0xd3, 0x03, 0x22, 
			0x43, 0x73, 0x0c, 0x02, 0x1d, 0xf0, 0x00, 0x00, 0x36, 0x41, 0x00, 0x32, 0xa2, 0x80, 0x41, 0x4f, 
			0x61, 0xc0, 0x20, 0x00, 0x82, 0x24, 0x85, 0x0c, 0x1f, 0x80, 0x88, 0x14, 0x66, 0x38, 0x3c, 0xa8, 
			0x32, 0x2c, 0x1b, 0xa2, 0x0a, 0x34, 0x98, 0x22, 0x26, 0xca, 0x3b, 0xb7, 0x1a, 0x38, 0x3a, 0x99, 
			0xe1, 0x78, 0x61, 0xc0, 0x20, 0x00, 0xd2, 0x24, 0x80, 0xe0, 0xdd, 0x10, 0xc0, 0x20, 0x00, 0xd2, 
			0x64, 0x80, 0xc1, 0x3e, 0x62, 0xc0, 0x20, 0x00, 0xb2, 0x24, 0x84, 0xc0, 0xbb, 0x10, 0xc0, 0x20, 
			0x00, 0xb2, 0x64, 0x84, 0x0c, 0x2a, 0xa2, 0x49, 0xf3, 0x86, 0x01, 0x00, 0x88, 0x22, 0x3a, 0x88, 
			0xf2, 0x48, 0xf3, 0x0c, 0x02, 0x1d, 0xf0, 0xd1, 0x08, 0x61, 0xe2, 0xa1, 0x00, 0x92, 0x22, 0x02, 
			0xc1, 0x04, 0x61, 0x30, 0x99, 0x80, 0xa2, 0x09, 0xf4, 0xb1, 0x02, 0x61, 0x56, 0x9a, 0x02, 0xc0, 
			0x20, 0x00, 0xf2, 0x2c, 0x80, 0xd0, 0xdf, 0x10, 0xc0, 0x20, 0x00, 0xd2, 0x6c, 0x80, 0xc0, 0x20, 
			0x00, 0xa2, 0x2b, 0xc0, 0xe0, 0xaa, 0x20, 0xc0, 0x20, 0x00, 0xa2, 0x6b, 0xc0, 0xe5, 0xa6, 0xf8, 
			0x98, 0x22, 0xa9, 0x49, 0x3a, 0x99, 0x86, 0xe1, 0xff, 0x66, 0x1a, 0x2b, 0xc0, 0x20, 0x00, 0x92, 
			0x2c, 0x80, 0xd0, 0x99, 0x10, 0xc0, 0x20, 0x00, 0x92, 0x6c, 0x80, 0xc0, 0x20, 0x00, 0x82, 0x2b, 
			0xc0, 0xe0, 0x88, 0x20, 0xc0, 0x20, 0x00, 0x82, 0x6b, 0xc0, 0x25, 0xa4, 0xf8, 0x98, 0x22, 0xa2, 
			0x69, 0x16, 0x86, 0xf3, 0xff, 0x00, 0x00, 0x00, 0xb2, 0xca, 0xfe, 0x56, 0x1b, 0xf5, 0xe1, 0x18, 
			0x62, 0xd1, 0x19, 0x61, 0xc0, 0x20, 0x00, 0xc2, 0x2d, 0x80, 0xe0, 0xcc, 0x10, 0xc0, 0x20, 0x00, 
			0xc2, 0x6d, 0x80, 0xa5, 0xa1, 0xf8, 0x98, 0x22, 0xa2, 0x69, 0x1c, 0x46, 0xe9, 0xff, 0x00, 0x00, 
			0x36, 0x41, 0x00, 0x41, 0x93, 0x61, 0x31, 0x11, 0x61, 0xc0, 0x20, 0x00, 0x22, 0x23, 0x80, 0x40, 
			0x22, 0x20, 0xc0, 0x20, 0x00, 0x22, 0x63, 0x80, 0x0c, 0x02, 0x1d, 0xf0, 0x36, 0x41, 0x00, 0x0c, 
			0x13, 0x82, 0xa2, 0x80, 0x42, 0xa0, 0x80, 0x58, 0x22, 0x0c, 0x02, 0x4a, 0x45, 0x8a, 0x55, 0x22, 
			0x44, 0x9f, 0x22, 0x44, 0x9d, 0x22, 0x44, 0x9c, 0x22, 0x44, 0x9b, 0x22, 0x44, 0x9a, 0x22, 0x44, 
			0xa0, 0x32, 0x45, 0xf4, 0x32, 0x45, 0xf6, 0x22, 0x45, 0xf3, 0x32, 0x44, 0xb3, 0x1d, 0xf0, 0x00, 
			0x36, 0x41, 0x00, 0x0c, 0x66, 0x38, 0x22, 0x7c, 0x05, 0x32, 0xd3, 0x03, 0x32, 0x03, 0x76, 0x41, 
			0xc8, 0x60, 0x66, 0x13, 0x14, 0xc0, 0x20, 0x00, 0x82, 0x24, 0x94, 0x50, 0x88, 0x10, 0x60, 0x88, 
			0x20, 0xc0, 0x20, 0x00, 0x82, 0x64, 0x94, 0x46, 0x14, 0x00, 0x91, 0xf4, 0x60, 0xc0, 0x20, 0x00, 
			0x92, 0x29, 0x92, 0xc7, 0x79, 0x33, 0xa8, 0x32, 0xa2, 0x0a, 0x35, 0x0c, 0x5d, 0x66, 0x6a, 0x14, 
			0xc0, 0x20, 0x00, 0xb2, 0x24, 0x94, 0x50, 0xbb, 0x10, 0x60, 0xbb, 0x20, 0xc0, 0x20, 0x00, 0xb2, 
			0x64, 0x94, 0x86, 0x09, 0x00, 0xc0, 0x20, 0x00, 0xc2, 0x24, 0x94, 0x50, 0xcc, 0x10, 0xd0, 0xcc, 
			0x20, 0xc0, 0x20, 0x00, 0xc2, 0x64, 0x94, 0x46, 0x04, 0x00, 0xc0, 0x20, 0x00, 0xd2, 0x24, 0x94, 
			0x50, 0xdd, 0x10, 0x60, 0xdd, 0x20, 0xc0, 0x20, 0x00, 0xd2, 0x64, 0x94, 0x0c, 0x02, 0x1d, 0xf0, 
			0x36, 0x41, 0x00, 0x31, 0xab, 0x60, 0xc0, 0x20, 0x00, 0x42, 0x23, 0xb1, 0x40, 0x44, 0x24, 0xc0, 
			0x20, 0x00, 0x32, 0x23, 0xbf, 0x30, 0x3c, 0x25, 0x9c, 0x14, 0x26, 0x14, 0x47, 0x26, 0x24, 0x49, 
			0x82, 0xc4, 0xfd, 0x0c, 0x26, 0x0c, 0x75, 0x80, 0x56, 0x83, 0x46, 0x00, 0x00, 0x0c, 0x55, 0x21, 
			0xb2, 0x61, 0x9c, 0xa3, 0xe6, 0x33, 0x02, 0xe6, 0x13, 0x10, 0xe6, 0x53, 0x07, 0xa6, 0x33, 0x04, 
			0x0c, 0xc4, 0x06, 0x03, 0x00, 0xe6, 0x73, 0x02, 0xe6, 0x53, 0x14, 0x0c, 0x64, 0x46, 0x00, 0x00, 
			0x0c, 0x34, 0x00, 0x05, 0x40, 0x20, 0x20, 0xb1, 0x20, 0x24, 0xd1, 0x20, 0x20, 0xf4, 0x1d, 0xf0, 
			0x1c, 0x84, 0x06, 0xfb, 0xff, 0x0c, 0x45, 0x06, 0xf1, 0xff, 0x0c, 0x35, 0xc6, 0xef, 0xff, 0x00, 
			0x36, 0x41, 0x00, 0x0c, 0x5f, 0x0c, 0x33, 0x0c, 0x1d, 0x0c, 0x0c, 0xa8, 0x32, 0xb2, 0xa3, 0x80, 
			0xa2, 0x0a, 0x34, 0xe2, 0xa0, 0xff, 0x66, 0xca, 0x31, 0x98, 0x22, 0x81, 0x89, 0x60, 0xba, 0xb9, 
			0xc0, 0x20, 0x00, 0x82, 0x28, 0xb7, 0xa8, 0x02, 0x80, 0x8c, 0x05, 0x16, 0x28, 0x08, 0xa2, 0x0a, 
			0x04, 0xe7, 0x9a, 0x5f, 0xc2, 0x0b, 0x21, 0x56, 0x3c, 0x04, 0x92, 0x0b, 0x1f, 0xb6, 0x59, 0x02, 
			0x06, 0x25, 0x00, 0x1b, 0xd9, 0xd2, 0x4b, 0x1f, 0x86, 0x0c, 0x00, 0x2c, 0x18, 0x87, 0x9a, 0x2d, 
			0xa8, 0x22, 0x91, 0xae, 0x60, 0xba, 0xba, 0xc0, 0x20, 0x00, 0x92, 0x29, 0x92, 0xa8, 0x02, 0xb7, 
			0x79, 0x42, 0xa2, 0x0a, 0x04, 0xe7, 0x9a, 0x19, 0xc2, 0x0b, 0x21, 0xcc, 0xfc, 0x92, 0x0b, 0x1f, 
			0xf6, 0x59, 0x53, 0x1b, 0xd9, 0xd2, 0x4b, 0x1f, 0x86, 0x00, 0x00, 0xc2, 0x4b, 0x1f, 0x0c, 0x02, 
			0x1d, 0xf0, 0x56, 0x5a, 0xff, 0x92, 0x0b, 0x22, 0xb6, 0x39, 0x2b, 0x32, 0x4b, 0x22, 0xd2, 0x4b, 
			0x21, 0x46, 0xfa, 0xff, 0xdc, 0x3a, 0x92, 0x0b, 0x22, 0xb6, 0x39, 0x22, 0x32, 0x4b, 0x22, 0xd2, 
			0x4b, 0x21, 0x06, 0xf6, 0xff, 0xc2, 0x4b, 0x1f, 0x86, 0xf4, 0xff, 0xc2, 0x4b, 0x1f, 0x06, 0xf3, 
			0xff, 0xc2, 0x4b, 0x1f, 0x86, 0xf1, 0xff, 0x1b, 0xe9, 0xe2, 0x4b, 0x22, 0x86, 0xef, 0xff, 0x1b, 
			0xf9, 0xf2, 0x4b, 0x22, 0x86, 0xed, 0xff, 0xad, 0x02, 0xf2, 0x4b, 0x1f, 0xd2, 0x4b, 0x20, 0xa5, 
			0xa1, 0xf8, 0x06, 0xea, 0xff, 0x00, 0x00, 0x00, 0xad, 0x02, 0xf2, 0x4b, 0x1f, 0xd2, 0x4b, 0x20, 
			0x65, 0xa0, 0xf8, 0xc6, 0xe5, 0xff, 0x00, 0x00, 0x36, 0x41, 0x00, 0x41, 0x88, 0x60, 0x0c, 0x09, 
			0x0c, 0x27, 0x0c, 0x68, 0x0c, 0xf6, 0x58, 0x92, 0x0c, 0x42, 0xc0, 0x20, 0x00, 0x32, 0x24, 0x95, 
			0x30, 0x30, 0x25, 0x16, 0x33, 0x0c, 0xc0, 0x20, 0x00, 0xa2, 0x24, 0x95, 0xa0, 0xa0, 0x25, 0x0b, 
			0xaa, 0x16, 0xba, 0x0b, 0xc0, 0x20, 0x00, 0xb2, 0x24, 0x95, 0xb0, 0xb0, 0x25, 0xb2, 0xcb, 0xfe, 
			0x16, 0x8b, 0x0b, 0xc0, 0x20, 0x00, 0xc2, 0x24, 0x95, 0xc0, 0xc0, 0x25, 0xc2, 0xcc, 0xfd, 0x16, 
			0x3c, 0x0a, 0x62, 0x45, 0x1c, 0xc0, 0x20, 0x00, 0xd2, 0x24, 0x99, 0xd0, 0xd0, 0x25, 0xac, 0x7d, 
			0xc0, 0x20, 0x00, 0xe2, 0x24, 0x99, 0xe0, 0xe0, 0x25, 0x26, 0x1e, 0x76, 0xc0, 0x20, 0x00, 0xf2, 
			0x24, 0x99, 0xf0, 0xf0, 0x25, 0x26, 0x2f, 0x6c, 0xc0, 0x20, 0x00, 0x32, 0x24, 0x99, 0x30, 0x30, 
			0x25, 0x66, 0x33, 0x06, 0x6d, 0x08, 0x46, 0x00, 0x00, 0x6d, 0x09, 0x62, 0x45, 0x2a, 0xc0, 0x20, 
			0x00, 0xe2, 0x24, 0x95, 0xe0, 0xe4, 0x25, 0xe2, 0x45, 0x1d, 0xc0, 0x20, 0x00, 0xd2, 0x24, 0x99, 
			0xd0, 0xd4, 0x25, 0xd2, 0x45, 0x29, 0xc0, 0x20, 0x00, 0xc2, 0x24, 0x94, 0xc0, 0xc8, 0x75, 0xc2, 
			0x45, 0x1f, 0xc0, 0x20, 0x00, 0xb2, 0x24, 0x98, 0xb0, 0xb8, 0x75, 0xb2, 0x45, 0x2b, 0xc0, 0x20, 
			0x00, 0xa2, 0x24, 0x90, 0xa0, 0xa8, 0x41, 0xa2, 0x45, 0x22, 0xc0, 0x20, 0x00, 0x92, 0x24, 0x8e, 
			0x92, 0x45, 0x28, 0xc0, 0x20, 0x00, 0x82, 0x24, 0x8b, 0x0c, 0x02, 0x80, 0x80, 0xf5, 0x82, 0x55, 
			0x17, 0x1d, 0xf0, 0x2d, 0x07, 0x6d, 0x02, 0x06, 0xe8, 0xff, 0x92, 0x45, 0x1c, 0x06, 0xd9, 0xff, 
			0x72, 0x45, 0x1c, 0x86, 0xd7, 0xff, 0x82, 0x45, 0x1c, 0x06, 0xd6, 0xff, 0x22, 0x45, 0x1c, 0x86, 
			0xd4, 0xff, 0x00, 0x00, 0x36, 0x41, 0x00, 0x41, 0x1f, 0x60, 0x0c, 0x1e, 0x51, 0x0e, 0x60, 0xc0, 
			0x20, 0x00, 0x88, 0x15, 0xc0, 0x20, 0x00, 0xb8, 0x35, 0xb0, 0xbf, 0x05, 0xc0, 0x20, 0x00, 0xc8, 
			0x55, 0xc0, 0xcf, 0x05, 0xc0, 0x20, 0x00, 0xd8, 0x75, 0xd0, 0xdf, 0x05, 0xf7, 0x78, 0x6a, 0xc2, 
			0xd4, 0x04, 0xc0, 0x20, 0x00, 0xc8, 0x0c, 0xd2, 0xd4, 0x04, 0xe0, 0xcc, 0x20, 0xc0, 0x20, 0x00, 
			0xc9, 0x0d, 0xc0, 0x20, 0x00, 0xa8, 0x25, 0x25, 0x1f, 0x05, 0x6d, 0x0a, 0x7d, 0x0b, 0xc0, 0x20, 
			0x00, 0xa8, 0x95, 0xa0, 0xa0, 0xf5, 0x25, 0x1e, 0x05, 0xdd, 0x0b, 0xcd, 0x0a, 0xf2, 0xd4, 0x04, 
			0xad, 0x06, 0xc0, 0x20, 0x00, 0xb8, 0x0f, 0x7c, 0xee, 0xe0, 0xbb, 0x10, 0xe2, 0xd4, 0x04, 0xc0, 
			0x20, 0x00, 0xb9, 0x0e, 0xbd, 0x07, 0x25, 0x0b, 0x04, 0xcd, 0x0a, 0xdd, 0x0b, 0xad, 0x02, 0xa5, 
			0x16, 0x00, 0xdc, 0x03, 0xc0, 0x20, 0x00, 0x91, 0x06, 0x61, 0x82, 0x24, 0x80, 0x90, 0x88, 0x20, 
			0xc0, 0x20, 0x00, 0x82, 0x64, 0x80, 0x0c, 0x02, 0x1d, 0xf0, 0x66, 0x1b, 0x6a, 0xa2, 0xd4, 0x04, 
			0xc0, 0x20, 0x00, 0xa8, 0x0a, 0xb2, 0xd4, 0x04, 0xe0, 0xaa, 0x20, 0xc0, 0x20, 0x00, 0xa9, 0x0b, 
			0xc0, 0x20, 0x00, 0xa8, 0x45, 0x25, 0x18, 0x05, 0x6d, 0x0a, 0x7d, 0x0b, 0xc0, 0x20, 0x00, 0xa8, 
			0x95, 0xa0, 0xa0, 0xf4, 0x25, 0x17, 0x05, 0xdd, 0x0b, 0xcd, 0x0a, 0xf2, 0xd4, 0x04, 0xad, 0x06, 
			0xc0, 0x20, 0x00, 0xb8, 0x0f, 0x7c, 0xee, 0xe0, 0xbb, 0x10, 0xe2, 0xd4, 0x04, 0xc0, 0x20, 0x00, 
			0xb9, 0x0e, 0xbd, 0x07, 0x25, 0x04, 0x04, 0xcd, 0x0a, 0xdd, 0x0b, 0xad, 0x02, 0xa5, 0x0f, 0x00, 
			0x56, 0x23, 0xfa, 0xc0, 0x20, 0x00, 0x91, 0xea, 0x60, 0x82, 0x24, 0x80, 0x90, 0x88, 0x20, 0xc0, 
			0x20, 0x00, 0x82, 0x64, 0x80, 0x46, 0xe3, 0xff, 0x66, 0x1c, 0x6a, 0xa2, 0xd4, 0x04, 0xc0, 0x20, 
			0x00, 0xa8, 0x0a, 0xb2, 0xd4, 0x04, 0xe0, 0xaa, 0x20, 0xc0, 0x20, 0x00, 0xa9, 0x0b, 0xc0, 0x20, 
			0x00, 0xa8, 0x65, 0x65, 0x11, 0x05, 0x6d, 0x0a, 0x7d, 0x0b, 0xc0, 0x20, 0x00, 0xa8, 0xa5, 0xa0, 
			0xa0, 0xf5, 0x65, 0x10, 0x05, 0xdd, 0x0b, 0xcd, 0x0a, 0xf2, 0xd4, 0x04, 0xad, 0x06, 0xc0, 0x20, 
			0x00, 0xb8, 0x0f, 0x7c, 0xee, 0xe0, 0xbb, 0x10, 0xe2, 0xd4, 0x04, 0xc0, 0x20, 0x00, 0xb9, 0x0e, 
			0xbd, 0x07, 0x65, 0xfd, 0x03, 0xcd, 0x0a, 0xdd, 0x0b, 0xad, 0x02, 0xe5, 0x08, 0x00, 0x56, 0x43, 
			0xf3, 0xc0, 0x20, 0x00, 0x91, 0xcf, 0x60, 0x82, 0x24, 0x80, 0x90, 0x88, 0x20, 0xc0, 0x20, 0x00, 
			0x82, 0x64, 0x80, 0xc6, 0xc7, 0xff, 0xa2, 0xcd, 0xff, 0x56, 0x9a, 0xf1, 0xb2, 0xd4, 0x04, 0xc0, 
			0x20, 0x00, 0xb8, 0x0b, 0xc2, 0xd4, 0x04, 0xe0, 0xbb, 0x20, 0xc0, 0x20, 0x00, 0xb9, 0x0c, 0xc0, 
			0x20, 0x00, 0xa8, 0x85, 0x25, 0x0a, 0x05, 0x6d, 0x0a, 0x7d, 0x0b, 0xc0, 0x20, 0x00, 0xa8, 0xa5, 
			0xa0, 0xa0, 0xf4, 0x65, 0x09, 0x05, 0xdd, 0x0b, 0xcd, 0x0a, 0xf2, 0xd4, 0x04, 0xad, 0x06, 0xc0, 
			0x20, 0x00, 0xb8, 0x0f, 0x7c, 0xee, 0xe0, 0xbb, 0x10, 0xe2, 0xd4, 0x04, 0xc0, 0x20, 0x00, 0xb9, 
			0x0e, 0xbd, 0x07, 0x65, 0xf6, 0x03, 0xcd, 0x0a, 0xdd, 0x0b, 0xad, 0x02, 0xa5, 0x01, 0x00, 0x56, 
			0x33, 0xec, 0xc0, 0x20, 0x00, 0x91, 0xb2, 0x60, 0x82, 0x24, 0x80, 0x90, 0x88, 0x20, 0xc0, 0x20, 
			0x00, 0x82, 0x64, 0x80, 0x86, 0xab, 0xff, 0x00, 0x36, 0xe1, 0x00, 0x62, 0xa0, 0x00, 0x52, 0x61, 
			0x04, 0xa8, 0x32, 0x49, 0x51, 0xb1, 0xd3, 0x5f, 0xb9, 0xf1, 0x0c, 0x04, 0x21, 0xa2, 0x5f, 0xa9, 
			0x61, 0x51, 0x9f, 0x5f, 0xa8, 0x7a, 0x25, 0x03, 0x05, 0xd1, 0x9f, 0x5f, 0x0c, 0x0c, 0xa5, 0xf1, 
			0x03, 0xd1, 0xa2, 0x5f, 0x3d, 0x0a, 0x7d, 0x0b, 0xa8, 0x61, 0x0c, 0x0c, 0xb8, 0x3a, 0xa8, 0x2a, 
			0x65, 0xf0, 0x03, 0xcd, 0x0a, 0xdd, 0x0b, 0xb9, 0x81, 0xa9, 0x91, 0xb8, 0x41, 0xa8, 0x51, 0xa5, 
			0xc6, 0x03, 0xd1, 0xbc, 0x60, 0x0c, 0x0c, 0x25, 0xef, 0x03, 0xd8, 0xf1, 0xcd, 0x04, 0xa5, 0xc5, 
			0x03, 0xd1, 0xb9, 0x60, 0x0c, 0x0c, 0x65, 0x89, 0x03, 0xa9, 0x71, 0xb9, 0xa1, 0x65, 0x22, 0x04, 
			0xb0, 0xb0, 0x14, 0x7c, 0xcc, 0xc0, 0x20, 0x00, 0x92, 0x22, 0x88, 0xc0, 0x99, 0x10, 0xb0, 0x99, 
			0x20, 0xc0, 0x20, 0x00, 0x92, 0x62, 0x88, 0xc0, 0x20, 0x00, 0xa2, 0x62, 0x89, 0x1c, 0x08, 0xc0, 
			0x20, 0x00, 0xf2, 0x22, 0x88, 0x80, 0xff, 0x20, 0xc0, 0x20, 0x00, 0xf2, 0x62, 0x88, 0xc0, 0x20, 
			0x00, 0xe2, 0x22, 0x9c, 0xf7, 0x7e, 0x19, 0xb1, 0x81, 0x5f, 0x0c, 0x0a, 0xdd, 0x07, 0xcd, 0x03, 
			0x65, 0xc0, 0x03, 0xdd, 0x05, 0xcd, 0x06, 0x25, 0xc0, 0x03, 0x5d, 0x0a, 0x6d, 0x0b, 0x06, 0x06, 
			0x00, 0x70, 0xb7, 0x20, 0x30, 0xa3, 0x20, 0x70, 0xd7, 0x20, 0xcd, 0x03, 0xe5, 0x82, 0x03, 0xdd, 
			0x05, 0xcd, 0x06, 0x65, 0xbe, 0x03, 0x5d, 0x0a, 0x6d, 0x0b, 0x0c, 0x02, 0xb1, 0xa0, 0x5f, 0x0c, 
			0x0a, 0xc8, 0x91, 0xe1, 0x6e, 0x5f, 0x0c, 0x0d, 0xd9, 0xe1, 0xe9, 0xd1, 0xd8, 0x81, 0xa5, 0xbc, 
			0x03, 0xcd, 0x04, 0xd8, 0xf1, 0xb9, 0xb1, 0xa9, 0xc1, 0xb1, 0x99, 0x5f, 0x0c, 0x0a, 0xa5, 0xbb, 
			0x03, 0x48, 0x71, 0xdd, 0x0b, 0xcd, 0x0a, 0xb8, 0xb1, 0xa8, 0xc1, 0xe5, 0xba, 0x03, 0xcd, 0x04, 
			0xd8, 0xa1, 0x65, 0xe3, 0x03, 0xb9, 0x31, 0x4d, 0x0a, 0xd1, 0x76, 0x5f, 0x0c, 0x0c, 0xa5, 0xb9, 
			0x03, 0xd1, 0x75, 0x5f, 0x0c, 0x0c, 0x49, 0x21, 0xe5, 0xe1, 0x03, 0xd8, 0xd1, 0xc8, 0xe1, 0x79, 
			0x11, 0x65, 0xb8, 0x03, 0x7d, 0x0a, 0xb2, 0x61, 0x10, 0x41, 0x70, 0x5f, 0x39, 0x01, 0x32, 0xc2, 
			0x01, 0x30, 0xa3, 0x20, 0x25, 0xf1, 0x04, 0xdd, 0x0b, 0xcd, 0x0a, 0xbd, 0x06, 0xad, 0x05, 0xa5, 
			0xdf, 0x03, 0xd2, 0x21, 0x10, 0xcd, 0x07, 0xe5, 0xf4, 0x03, 0xa6, 0x1a, 0x20, 0x2b, 0xa2, 0xa5, 
			0xef, 0x04, 0xdd, 0x0b, 0xcd, 0x0a, 0xbd, 0x06, 0xad, 0x05, 0xe5, 0xdd, 0x03, 0xd2, 0x21, 0x10, 
			0xcd, 0x07, 0x65, 0xfe, 0x03, 0xd6, 0x5a, 0x00, 0x30, 0xe0, 0xf4, 0x86, 0x01, 0x00, 0x2d, 0x03, 
			0x47, 0x93, 0xba, 0x0c, 0x0e, 0xa1, 0x5a, 0x5f, 0x91, 0x5f, 0x5f, 0xc0, 0x20, 0x00, 0x21, 0x45, 
			0x5f, 0x82, 0x22, 0x9c, 0xa0, 0x88, 0x10, 0x80, 0x8e, 0x20, 0x90, 0x88, 0x20, 0xc0, 0x20, 0x00, 
			0xb8, 0x31, 0xa8, 0x21, 0xd8, 0x11, 0xc8, 0x01, 0x82, 0x62, 0x9c, 0xe5, 0xd9, 0x03, 0xd8, 0xd1, 
			0xc8, 0xe1, 0x65, 0xb0, 0x03, 0xd1, 0x4d, 0x5f, 0x0c, 0x0c, 0xe5, 0xaf, 0x03, 0x65, 0x07, 0x04, 
			0xc1, 0x52, 0x5f, 0xd1, 0x52, 0x5f, 0xc0, 0xca, 0x10, 0xc0, 0x20, 0x00, 0xb2, 0x22, 0x81, 0xd0, 
			0xbb, 0x10, 0xc0, 0xbb, 0x20, 0xc0, 0x20, 0x00, 0xb2, 0x62, 0x81, 0x1d, 0xf0, 0x00, 0x00, 0x00, 
			0x36, 0x61, 0x00, 0x72, 0xa0, 0x01, 0xb2, 0x22, 0x02, 0x92, 0xa0, 0x80, 0x90, 0x3b, 0x80, 0xa2, 
			0x03, 0xe6, 0x0c, 0x04, 0x16, 0x0a, 0x17, 0x61, 0x22, 0x5f, 0x26, 0x1a, 0x24, 0x66, 0x2a, 0x1f, 
			0x0c, 0x35, 0xc0, 0x20, 0x00, 0x82, 0x26, 0xb3, 0x80, 0x88, 0x14, 0x82, 0xc8, 0xfd, 0x56, 0xf8, 
			0x0d, 0x42, 0x43, 0xe7, 0x52, 0x43, 0x96, 0x65, 0x2f, 0xf8, 0x98, 0x22, 0xa9, 0x69, 0x1d, 0xf0, 
			0x1d, 0xf0, 0xc0, 0x20, 0x00, 0x92, 0x26, 0xb1, 0x52, 0x22, 0x03, 0x90, 0x9c, 0x25, 0x56, 0x79, 
			0x0a, 0x72, 0xa0, 0x00, 0xe2, 0xa0, 0x04, 0x0c, 0x0a, 0xb1, 0x28, 0x60, 0xc1, 0x28, 0x60, 0xc9, 
			0x01, 0xb9, 0x15, 0xa9, 0x05, 0xe2, 0x45, 0x4e, 0xb8, 0x01, 0xad, 0x07, 0x0c, 0x0d, 0x0c, 0x0c, 
			0xe5, 0xe1, 0x03, 0xac, 0x4a, 0xb1, 0x3d, 0x60, 0xa2, 0x03, 0x98, 0xb0, 0xaa, 0x90, 0xa2, 0x9a, 
			0x00, 0x25, 0xe0, 0x04, 0xd8, 0x01, 0xcd, 0x07, 0xe5, 0xcd, 0x03, 0xd1, 0x0b, 0x60, 0x0c, 0x0c, 
			0x65, 0xa4, 0x03, 0x65, 0xf7, 0x03, 0xa9, 0xb5, 0x86, 0x00, 0x00, 0xa2, 0x25, 0x0b, 0x82, 0xa0, 
			0x02, 0x82, 0x43, 0xe6, 0xf1, 0x64, 0x5f, 0xc0, 0x20, 0x00, 0xe2, 0x26, 0x90, 0xd1, 0x4f, 0x5f, 
			0xf0, 0xee, 0x10, 0xd0, 0xda, 0x10, 0xe0, 0xdd, 0x20, 0xc0, 0x20, 0x00, 0xd2, 0x66, 0x90, 0xc2, 
			0x03, 0x98, 0x16, 0xec, 0x01, 0xb1, 0x83, 0x5f, 0xc0, 0x20, 0x00, 0xa2, 0x26, 0x80, 0xb0, 0xaa, 
			0x10, 0xc0, 0x20, 0x00, 0xa2, 0x66, 0x80, 0x0c, 0x19, 0x92, 0x43, 0xb6, 0xe5, 0x24, 0xf8, 0xd8, 
			0x22, 0xa2, 0x6d, 0x19, 0x65, 0x24, 0xf8, 0x32, 0x22, 0x02, 0x82, 0xa0, 0x80, 0xa2, 0x63, 0x12, 
			0x80, 0x33, 0x80, 0x42, 0x43, 0xe7, 0x90, 0x00, 0x00, 0x66, 0x19, 0x60, 0x0c, 0x07, 0x1c, 0x2e, 
			0x91, 0x00, 0x60, 0x0c, 0x0a, 0xb1, 0xfe, 0x5f, 0xb9, 0x15, 0xa9, 0x05, 0x99, 0x01, 0xc6, 0xd4, 
			0xff, 0xc2, 0x22, 0x03, 0xc2, 0x0c, 0x34, 0x66, 0xcc, 0x05, 0xd2, 0x22, 0x07, 0x42, 0x4d, 0x22, 
			0xa2, 0x2b, 0x12, 0x25, 0xaa, 0xfc, 0xb2, 0x22, 0x02, 0x32, 0xa0, 0x80, 0xe2, 0x2b, 0x57, 0x3a, 
			0x3b, 0xe7, 0x3a, 0x23, 0xa1, 0x49, 0x5f, 0x92, 0x03, 0x98, 0x72, 0x43, 0xe6, 0x1b, 0x99, 0x90, 
			0x90, 0x74, 0x92, 0x43, 0x98, 0x88, 0x32, 0xa2, 0x6b, 0x57, 0x82, 0x08, 0x4e, 0x97, 0xb8, 0x07, 
			0x42, 0x43, 0x98, 0x42, 0x43, 0xe6, 0x4d, 0x05, 0x42, 0x43, 0xe7, 0x1d, 0xf0, 0x66, 0x29, 0x14, 
			0x91, 0x09, 0x5f, 0x0c, 0x07, 0x0c, 0x8e, 0x0c, 0x0a, 0xb1, 0x06, 0x5f, 0xb9, 0x15, 0xa9, 0x05, 
			0x99, 0x01, 0xc6, 0xbb, 0xff, 0x0c, 0x07, 0x0c, 0x1e, 0x91, 0xdf, 0x5e, 0x0c, 0x0c, 0xd1, 0xde, 
			0x5e, 0xd9, 0x15, 0xc9, 0x05, 0xc6, 0xf9, 0xff, 0x72, 0x43, 0xe6, 0x42, 0x43, 0x98, 0x46, 0xd8, 
			0xff, 0x00, 0x00, 0x00, 0x36, 0x41, 0x00, 0xa8, 0x22, 0x52, 0xa0, 0x80, 0x5a, 0xaa, 0x82, 0x0a, 
			0xb9, 0x0c, 0x03, 0x66, 0x18, 0x04, 0x32, 0x4a, 0x96, 0x1d, 0xf0, 0x32, 0x4a, 0x9a, 0x32, 0x4a, 
			0x9b, 0x32, 0x4a, 0x9c, 0x32, 0x4a, 0x9d, 0x32, 0x4a, 0x9f, 0x32, 0x4a, 0xa0, 0x32, 0x4a, 0xa2, 
			0x32, 0x4a, 0xa3, 0x32, 0x4a, 0xa4, 0x32, 0x4a, 0xa5, 0x32, 0x4a, 0xe7, 0x42, 0xa0, 0x01, 0x42, 
			0x4a, 0x96, 0xa5, 0x15, 0xf8, 0xb2, 0x22, 0x02, 0xc2, 0xa2, 0x80, 0xa2, 0x6b, 0x05, 0xca, 0xcb, 
			0x32, 0x4c, 0xf3, 0x42, 0x4c, 0xf4, 0x5a, 0xbb, 0x42, 0x4b, 0xb3, 0x1d, 0xf0, 0x00, 0x00, 0x00, 
			0x36, 0x61, 0x00, 0x38, 0x22, 0xb2, 0xa0, 0x80, 0xba, 0x43, 0x92, 0x04, 0xe7, 0x0c, 0x05, 0xac, 
			0x69, 0x72, 0xa2, 0x80, 0x62, 0xa3, 0x80, 0x26, 0x19, 0x20, 0x82, 0xc9, 0xfe, 0x16, 0x48, 0x0a, 
			0x66, 0x39, 0x15, 0x52, 0x44, 0xe8, 0x52, 0x44, 0xe5, 0x52, 0x44, 0x96, 0x52, 0x44, 0xe6, 0x52, 
			0x44, 0x98, 0x7a, 0x93, 0x52, 0x49, 0xfa, 0x1d, 0xf0, 0x1d, 0xf0, 0xb1, 0xd0, 0x5f, 0x0c, 0x1c, 
			0xf8, 0x32, 0x2c, 0x0e, 0xe2, 0x4f, 0x34, 0x52, 0x44, 0xe5, 0xd8, 0x72, 0xf9, 0x01, 0xc2, 0x4d, 
			0x22, 0xa2, 0x04, 0x98, 0xd9, 0x11, 0xb0, 0xaa, 0x90, 0xa2, 0x9a, 0x00, 0x65, 0xc3, 0x04, 0x7d, 
			0x0a, 0x2d, 0x0b, 0xa8, 0x93, 0x25, 0xc2, 0x04, 0xd1, 0xa1, 0x5e, 0x0c, 0x0c, 0x29, 0x21, 0xa5, 
			0xb0, 0x03, 0xc8, 0x01, 0x6d, 0x0b, 0x2d, 0x0a, 0xb1, 0xc2, 0x5f, 0x0c, 0x0a, 0xd8, 0x3c, 0xc8, 
			0x2c, 0x65, 0xaf, 0x03, 0xdd, 0x0b, 0xcd, 0x0a, 0xbd, 0x06, 0xad, 0x02, 0xa5, 0x85, 0x03, 0x28, 
			0x21, 0xd1, 0xa5, 0x5e, 0x0c, 0x0c, 0x25, 0xae, 0x03, 0xdd, 0x0b, 0xcd, 0x0a, 0xbd, 0x02, 0xad, 
			0x07, 0x65, 0x84, 0x03, 0x72, 0xa2, 0x80, 0x28, 0x11, 0x62, 0xa3, 0x80, 0xa5, 0xd6, 0x03, 0x6a, 
			0xd3, 0xa9, 0x52, 0x52, 0x44, 0xe6, 0x52, 0x44, 0x98, 0x52, 0x44, 0xe8, 0x52, 0x44, 0x96, 0x52, 
			0x4d, 0x0a, 0x06, 0xdb, 0xff, 0x42, 0xa0, 0x01, 0x20, 0xa2, 0x20, 0xf2, 0x22, 0x03, 0x2c, 0x1e, 
			0xe2, 0x4f, 0x34, 0x65, 0xd0, 0xfa, 0xe2, 0xa0, 0x8f, 0x1c, 0x4d, 0x0c, 0x2c, 0x0c, 0xab, 0x38, 
			0x22, 0x92, 0xa0, 0x80, 0x6a, 0xa3, 0x9a, 0x93, 0xb2, 0x49, 0xa8, 0xb2, 0x49, 0xa7, 0xb2, 0x49, 
			0xa6, 0x52, 0x49, 0xa5, 0x52, 0x49, 0xa4, 0x52, 0x49, 0xa3, 0x52, 0x49, 0xa2, 0x52, 0x49, 0xa0, 
			0x52, 0x49, 0x9f, 0x52, 0x49, 0x9d, 0x52, 0x49, 0x9c, 0x52, 0x49, 0x9b, 0x52, 0x49, 0x9a, 0xc2, 
			0x49, 0xa1, 0x42, 0x49, 0xaa, 0xd2, 0x49, 0xa9, 0xe2, 0x49, 0x99, 0x52, 0x4a, 0x24, 0x52, 0x4a, 
			0x23, 0x42, 0x49, 0xe4, 0x52, 0x49, 0x96, 0x52, 0x49, 0x98, 0x52, 0x49, 0xe6, 0x52, 0x49, 0xf0, 
			0x42, 0x49, 0xea, 0x42, 0x49, 0xe8, 0x52, 0x49, 0xe5, 0x88, 0x92, 0x42, 0x48, 0x1a, 0x06, 0xbc, 
			0xff, 0x00, 0x00, 0x00, 0x36, 0x41, 0x00, 0x71, 0x5a, 0x5e, 0x42, 0xa0, 0x80, 0xc0, 0x20, 0x00, 
			0xe2, 0x22, 0x02, 0x52, 0x27, 0xa6, 0x40, 0xde, 0x80, 0xd2, 0x0d, 0x96, 0x50, 0x58, 0x75, 0x16, 
			0x1d, 0x0e, 0x61, 0x9a, 0x5e, 0x32, 0xa0, 0x01, 0x26, 0x1d, 0x6a, 0x26, 0x2d, 0x49, 0x66, 0x3d, 
			0x3f, 0xa8, 0x5e, 0x25, 0x86, 0xfc, 0xb8, 0x22, 0xa7, 0xb6, 0x02, 0x46, 0x23, 0x00, 0x0c, 0x06, 
			0x2c, 0x1e, 0xe7, 0x95, 0x09, 0x4a, 0x8b, 0x0c, 0x2f, 0xf2, 0x48, 0xe7, 0x46, 0x08, 0x00, 0xa2, 
			0x2b, 0x06, 0x25, 0x84, 0xfc, 0xb2, 0x22, 0x02, 0x92, 0x2b, 0x07, 0x4a, 0xbb, 0xa7, 0xb9, 0x02, 
			0x86, 0x35, 0x00, 0xc0, 0x20, 0x00, 0xc2, 0x27, 0xb7, 0xc7, 0xfc, 0x01, 0x3d, 0x06, 0x32, 0x4b, 
			0xe7, 0xad, 0x02, 0xe5, 0xe4, 0xff, 0x1d, 0xf0, 0xa2, 0x2e, 0x05, 0xa5, 0x81, 0xfc, 0xb2, 0x22, 
			0x02, 0xa7, 0x36, 0x33, 0x40, 0xab, 0x80, 0x2c, 0x1d, 0xd7, 0x95, 0x61, 0x0c, 0x29, 0x0c, 0x2e, 
			0xe2, 0x4a, 0xe7, 0x86, 0x0a, 0x00, 0xa2, 0x2e, 0x05, 0xf2, 0xde, 0x03, 0x32, 0x4f, 0x9b, 0x65, 
			0x7f, 0xfc, 0xb2, 0x22, 0x02, 0xa7, 0x36, 0x4b, 0x82, 0xa0, 0x21, 0x87, 0x95, 0x5d, 0x4a, 0xab, 
			0x0c, 0x29, 0x92, 0x4a, 0xe7, 0x06, 0xee, 0xff, 0x0c, 0x09, 0x4a, 0xdb, 0x0c, 0x0c, 0xc2, 0x4d, 
			0xe7, 0x26, 0x29, 0xac, 0xad, 0x02, 0xa5, 0xc0, 0xff, 0x06, 0xe9, 0xff, 0xa2, 0x2b, 0x06, 0x65, 
			0x7c, 0xfc, 0xb2, 0x22, 0x02, 0xe2, 0x2b, 0x07, 0x4a, 0xbb, 0xa7, 0x3e, 0x62, 0xc0, 0x20, 0x00, 
			0xc2, 0x27, 0xb7, 0xc7, 0xfc, 0x01, 0x0c, 0x03, 0x32, 0x4b, 0xe7, 0x86, 0xe0, 0xff, 0x92, 0x0a, 
			0xe7, 0x06, 0xf3, 0xff, 0x4a, 0x9b, 0xd2, 0x09, 0xe9, 0x56, 0x4d, 0xf7, 0x0c, 0x3e, 0xe2, 0x49, 
			0xe7, 0x06, 0xdb, 0xff, 0xad, 0x02, 0xe5, 0xd5, 0xff, 0x06, 0xd9, 0xff, 0xa2, 0x2b, 0x05, 0x65, 
			0x78, 0xfc, 0xf1, 0x4c, 0x5f, 0xa7, 0xbf, 0x02, 0x46, 0xd5, 0xff, 0xb2, 0x22, 0x02, 0x40, 0xbb, 
			0x80, 0xc0, 0x20, 0x00, 0x82, 0x27, 0xb2, 0xb7, 0x78, 0x07, 0x32, 0x4b, 0xe9, 0x0c, 0x2c, 0xc2, 
			0x4b, 0x96, 0x0c, 0x0d, 0xd2, 0x4b, 0xe7, 0x86, 0xcd, 0xff, 0x62, 0x4b, 0xe7, 0x06, 0xcc, 0xff, 
			0x0c, 0x33, 0x86, 0xe8, 0xff, 0x00, 0x00, 0x00, 0x36, 0xe1, 0x00, 0x62, 0xa0, 0x01, 0x52, 0xa0, 
			0x80, 0x41, 0x07, 0x5e, 0x31, 0x0b, 0x5f, 0x0c, 0x07, 0xad, 0x01, 0xb1, 0x3b, 0x5f, 0x1c, 0xcc, 
			0x0c, 0x08, 0x91, 0x19, 0x5e, 0x99, 0xf1, 0x82, 0x61, 0x10, 0xe5, 0xb1, 0x04, 0xb8, 0x22, 0x39, 
			0x81, 0x5a, 0x9b, 0xa2, 0x09, 0x96, 0x0c, 0x03, 0x56, 0xea, 0x04, 0xe8, 0x02, 0x0c, 0x0d, 0x62, 
			0x4e, 0x01, 0xd2, 0x49, 0x98, 0x38, 0x32, 0x99, 0x91, 0xc8, 0x73, 0xc9, 0xe1, 0x16, 0xec, 0x16, 
			0xb8, 0x43, 0xad, 0x01, 0xa8, 0x0a, 0xba, 0xaa, 0xe5, 0x9a, 0x04, 0xa9, 0xb1, 0xb9, 0xa1, 0xa8, 
			0xe1, 0x65, 0x9a, 0x04, 0xdd, 0x0b, 0xcd, 0x0a, 0xb8, 0xf1, 0xa2, 0x21, 0x10, 0xa5, 0x88, 0x03, 
			0xdd, 0x0b, 0xcd, 0x0a, 0xb8, 0xa1, 0xa8, 0xb1, 0xe5, 0x5e, 0x03, 0xcd, 0x07, 0xd8, 0x81, 0xa5, 
			0x5e, 0x03, 0x25, 0xb6, 0x03, 0xa9, 0xa3, 0xc6, 0x4d, 0x00, 0xc2, 0xca, 0xff, 0x56, 0x1c, 0x09, 
			0xc2, 0x22, 0x04, 0xc2, 0x61, 0x11, 0x10, 0xe1, 0x20, 0x1c, 0x1f, 0xc0, 0x20, 0x00, 0xd2, 0x24, 
			0xae, 0x99, 0x91, 0xd0, 0xd3, 0x41, 0xf0, 0xdd, 0x10, 0xd2, 0xcd, 0xef, 0x56, 0x6d, 0x07, 0xa8, 
			0x91, 0xa2, 0x0a, 0x98, 0x42, 0x21, 0x11, 0xe0, 0xaa, 0xa0, 0xa8, 0x0a, 0x65, 0x95, 0x04, 0xd1, 
			0x13, 0x5f, 0xc1, 0x13, 0x5f, 0x25, 0x5a, 0x03, 0xd1, 0xf8, 0x5d, 0x0c, 0x0c, 0xa5, 0x82, 0x03, 
			0x65, 0xac, 0x03, 0x62, 0x44, 0x1a, 0xa9, 0x34, 0x25, 0xde, 0xf7, 0xb8, 0x22, 0xa2, 0x6b, 0x11, 
			0x5a, 0xbb, 0x32, 0x4b, 0x98, 0x32, 0x4b, 0x97, 0x32, 0x4b, 0x96, 0xc6, 0x0c, 0x00, 0xa2, 0x23, 
			0x0a, 0xd1, 0x22, 0x5e, 0xe1, 0x75, 0x5e, 0xd0, 0xda, 0x10, 0xc0, 0x20, 0x00, 0xc2, 0x24, 0x80, 
			0xe0, 0xcc, 0x10, 0xd0, 0xcc, 0x20, 0xc0, 0x20, 0x00, 0xc2, 0x64, 0x80, 0xe5, 0xda, 0xf7, 0xe2, 
			0x22, 0x02, 0xa2, 0x6e, 0x12, 0x5a, 0xee, 0x62, 0x4e, 0xb5, 0x25, 0xda, 0xf7, 0xf8, 0x22, 0xa2, 
			0x6f, 0x16, 0x0c, 0x02, 0x1d, 0xf0, 0x32, 0x4c, 0x1a, 0xa2, 0x2b, 0x12, 0x65, 0x62, 0xfc, 0x81, 
			0xf9, 0x5e, 0xa7, 0xb8, 0xec, 0xb2, 0x22, 0x02, 0x50, 0xbb, 0x80, 0x92, 0x0b, 0x98, 0xb6, 0x69, 
			0x11, 0xa2, 0x0b, 0xb2, 0x32, 0x4b, 0x98, 0xa2, 0xca, 0x01, 0xa0, 0xa0, 0x74, 0xa2, 0x4b, 0xb2, 
			0xc6, 0x01, 0x00, 0xa2, 0x0b, 0xb2, 0x1b, 0xc9, 0xc2, 0x4b, 0x98, 0x98, 0x02, 0xf6, 0x2a, 0x05, 
			0x62, 0x49, 0x01, 0x86, 0x03, 0x00, 0xd2, 0xa0, 0x03, 0xd2, 0x49, 0x01, 0x32, 0x4b, 0xb2, 0x32, 
			0x4b, 0x97, 0x32, 0x4b, 0x96, 0x32, 0x22, 0x03, 0xe8, 0x73, 0xe9, 0xe1, 0x16, 0xee, 0xf6, 0xcd, 
			0x01, 0xa2, 0x0b, 0x98, 0xb8, 0x43, 0xc0, 0xaa, 0xa0, 0xa8, 0x0a, 0xba, 0xaa, 0xa5, 0x87, 0x04, 
			0xa9, 0xd1, 0xb9, 0xc1, 0xa8, 0xe1, 0x25, 0x87, 0x04, 0xdd, 0x0b, 0xcd, 0x0a, 0xb8, 0xf1, 0xa2, 
			0x21, 0x10, 0x65, 0x75, 0x03, 0xdd, 0x0b, 0xcd, 0x0a, 0xb8, 0xc1, 0xa8, 0xd1, 0xa5, 0x4b, 0x03, 
			0xcd, 0x07, 0xd8, 0x81, 0x25, 0x4b, 0x03, 0xe5, 0xa2, 0x03, 0xa9, 0xa3, 0x46, 0xcc, 0xff, 0xa2, 
			0x23, 0x0a, 0xf1, 0xee, 0x5d, 0x81, 0xd4, 0x5e, 0xf0, 0xfa, 0x10, 0xc0, 0x20, 0x00, 0xe2, 0x24, 
			0x80, 0x80, 0xee, 0x10, 0xf0, 0xee, 0x20, 0xc0, 0x20, 0x00, 0xd2, 0x21, 0x09, 0xe2, 0x64, 0x80, 
			0x62, 0x4d, 0x97, 0x62, 0x4d, 0x96, 0x65, 0xcd, 0xf7, 0x88, 0x22, 0xa2, 0x68, 0x12, 0x5a, 0x88, 
			0x62, 0x48, 0xb3, 0xa5, 0xcc, 0xf7, 0x98, 0x22, 0xa2, 0x69, 0x16, 0xc6, 0xc8, 0xff, 0x00, 0x00, 
			0x36, 0x41, 0x00, 0x41, 0x84, 0x5d, 0x32, 0xa0, 0x80, 0x52, 0x22, 0x02, 0x62, 0xa0, 0x01, 0x3a, 
			0x35, 0xc0, 0x20, 0x00, 0xc2, 0x24, 0x94, 0xc0, 0xcf, 0x04, 0xc2, 0x43, 0xb1, 0xc0, 0x20, 0x00, 
			0xb2, 0x24, 0x94, 0xc1, 0xe3, 0x5d, 0xb0, 0xb8, 0x75, 0xc0, 0x20, 0x00, 0xa2, 0x24, 0x94, 0x28, 
			0x32, 0xa0, 0xa8, 0x41, 0xc0, 0xaa, 0x10, 0xb0, 0xaa, 0x20, 0xa2, 0x65, 0x1f, 0xa5, 0x7c, 0x04, 
			0x0c, 0x29, 0xa9, 0x22, 0xb9, 0x32, 0x0c, 0x38, 0x72, 0xa3, 0x80, 0x7a, 0x75, 0x82, 0x42, 0x50, 
			0x62, 0x43, 0x96, 0x92, 0x47, 0x0f, 0x82, 0x02, 0x34, 0x66, 0xd8, 0x23, 0x92, 0x03, 0xb1, 0xdc, 
			0x09, 0x62, 0x47, 0x27, 0x62, 0x43, 0xb1, 0xe5, 0x97, 0x03, 0xa2, 0x65, 0xea, 0x92, 0x07, 0x27, 
			0x86, 0x01, 0x00, 0x0c, 0x09, 0x0c, 0x0a, 0xa2, 0x47, 0x27, 0xc0, 0x20, 0x00, 0x92, 0x64, 0x42, 
			0x62, 0x43, 0x97, 0x2c, 0x3b, 0xc0, 0x20, 0x00, 0xb2, 0x64, 0xb4, 0x0c, 0x02, 0x1d, 0xf0, 0x00, 
			0x36, 0xe1, 0x00, 0x32, 0xa0, 0x01, 0xe2, 0xa0, 0x00, 0x71, 0x65, 0x5d, 0xb8, 0x32, 0x0c, 0x5c, 
			0xc2, 0x4b, 0x50, 0xc8, 0x22, 0xf2, 0xa0, 0x80, 0xfa, 0xdc, 0xa2, 0x0d, 0x96, 0x41, 0xc9, 0x5d, 
			0x0b, 0x8a, 0x56, 0x18, 0x0e, 0xe2, 0x4b, 0x4f, 0xf1, 0x04, 0x5e, 0xc0, 0x20, 0x00, 0xb2, 0x27, 
			0x80, 0xf0, 0xbb, 0x10, 0xc0, 0x20, 0x00, 0xb2, 0x67, 0x80, 0xc0, 0x20, 0x00, 0xa1, 0xbd, 0x5d, 
			0x92, 0x27, 0x81, 0xa0, 0x99, 0x10, 0xc0, 0x20, 0x00, 0x92, 0x67, 0x81, 0x81, 0x53, 0x5d, 0xc0, 
			0x20, 0x00, 0xf2, 0x24, 0x1c, 0x80, 0xff, 0x20, 0xc0, 0x20, 0x00, 0xb8, 0x02, 0xf2, 0x64, 0x1c, 
			0x32, 0x4b, 0x01, 0xc0, 0x20, 0x00, 0x98, 0x74, 0xa2, 0xaf, 0x33, 0xa0, 0x99, 0x10, 0xc0, 0x20, 
			0x00, 0x99, 0x74, 0x81, 0x31, 0x5e, 0xc0, 0x20, 0x00, 0xf2, 0x27, 0x85, 0x80, 0xff, 0x10, 0xc0, 
			0x20, 0x00, 0xf2, 0x67, 0x85, 0xa1, 0x82, 0x5e, 0xb1, 0x81, 0x5e, 0xc0, 0x20, 0x00, 0x92, 0x24, 
			0x1c, 0xb0, 0x99, 0x10, 0xa0, 0x99, 0x20, 0xc0, 0x20, 0x00, 0x92, 0x64, 0x1c, 0x81, 0x7d, 0x5e, 
			0xc0, 0x20, 0x00, 0xf2, 0x24, 0x1d, 0x80, 0xff, 0x10, 0xc0, 0x20, 0x00, 0xf2, 0x64, 0x1d, 0xb1, 
			0xa4, 0x5d, 0xc0, 0x20, 0x00, 0xa2, 0x24, 0x1e, 0xb0, 0xaa, 0x10, 0xc0, 0x20, 0x00, 0xa2, 0x64, 
			0x1e, 0xc0, 0x20, 0x00, 0xe2, 0x64, 0x1f, 0x91, 0x32, 0x5e, 0xc0, 0x20, 0x00, 0x82, 0x24, 0x27, 
			0x90, 0x88, 0x10, 0xc0, 0x20, 0x00, 0x0c, 0x2e, 0x82, 0x64, 0x27, 0xf2, 0xa3, 0x80, 0xfa, 0xfc, 
			0x81, 0x6e, 0x5e, 0x89, 0xac, 0x32, 0x4f, 0x03, 0xe2, 0x4d, 0x96, 0x25, 0xb4, 0xf7, 0x88, 0x22, 
			0x92, 0xa0, 0x80, 0xa2, 0x68, 0x12, 0x9a, 0x88, 0x32, 0x48, 0xb5, 0x25, 0xb3, 0xf7, 0xb8, 0x22, 
			0xa2, 0x6b, 0x18, 0x0c, 0x02, 0x1d, 0xf0, 0x66, 0x2a, 0xf8, 0xf2, 0x0d, 0xb1, 0x51, 0x26, 0x5d, 
			0xcc, 0xdf, 0xc0, 0x20, 0x00, 0x82, 0x24, 0x1c, 0x50, 0x88, 0x10, 0xc0, 0x20, 0x00, 0x82, 0x64, 
			0x1c, 0x4c, 0x8d, 0x0c, 0x36, 0xc0, 0x20, 0x00, 0x92, 0x24, 0x36, 0x90, 0x9c, 0x05, 0x16, 0x79, 
			0x0f, 0xa5, 0xaf, 0xf7, 0xb8, 0x12, 0xc8, 0x0b, 0xc0, 0xaa, 0xc0, 0xa9, 0x2b, 0xe5, 0xae, 0xf7, 
			0x68, 0x22, 0x82, 0x26, 0x12, 0x91, 0x0f, 0x5d, 0x80, 0x8a, 0xc0, 0xc0, 0x20, 0x00, 0x82, 0x69, 
			0xb7, 0x52, 0xa0, 0x80, 0x5a, 0x56, 0xd2, 0x05, 0xb1, 0x38, 0x32, 0x16, 0xdd, 0x12, 0xc0, 0x20, 
			0x00, 0xa2, 0x24, 0x1c, 0xa0, 0xad, 0x05, 0x16, 0xda, 0x34, 0x0c, 0x0b, 0xc1, 0x4c, 0x5e, 0xc9, 
			0xb1, 0xb9, 0xc1, 0xb1, 0x4a, 0x5e, 0xb9, 0x13, 0x0c, 0x09, 0x81, 0x11, 0x5d, 0x89, 0xd1, 0x99, 
			0xe1, 0x99, 0x03, 0xc0, 0x20, 0x00, 0x0c, 0x1d, 0xf2, 0x24, 0x3a, 0xe2, 0xa3, 0x80, 0xea, 0xe6, 
			0xf0, 0xf0, 0xd4, 0xf9, 0x51, 0xd2, 0x4e, 0x03, 0xa8, 0x73, 0xa9, 0x01, 0xa5, 0x5d, 0x04, 0xd8, 
			0xd1, 0xc8, 0xe1, 0xb9, 0x61, 0xa9, 0x71, 0xb8, 0xb1, 0xa8, 0xc1, 0xe5, 0x22, 0x03, 0xa9, 0x91, 
			0xb9, 0x81, 0xa8, 0x51, 0xe5, 0x5c, 0x04, 0xdd, 0x0b, 0xcd, 0x0a, 0xb8, 0x81, 0xa8, 0x91, 0x25, 
			0xfb, 0x02, 0xdd, 0x0b, 0xcd, 0x0a, 0xb8, 0x61, 0xa8, 0x71, 0xe5, 0x20, 0x03, 0xd8, 0xb1, 0xc8, 
			0xc1, 0x65, 0x49, 0x03, 0xd8, 0xd1, 0xc8, 0xe1, 0x25, 0xe4, 0x02, 0xa5, 0x77, 0x03, 0xa5, 0x59, 
			0x04, 0xa9, 0x23, 0x7d, 0x0a, 0xb9, 0x33, 0xb9, 0x11, 0xa5, 0x76, 0x03, 0xa2, 0x66, 0x1f, 0xd2, 
			0x03, 0x34, 0xcd, 0x0a, 0xd2, 0xcd, 0xc0, 0x56, 0xad, 0x09, 0xad, 0x07, 0x0c, 0x0d, 0x38, 0x11, 
			0x0c, 0x0c, 0xbd, 0x03, 0xa5, 0x58, 0x03, 0x16, 0x6a, 0x2e, 0xdd, 0x03, 0xcd, 0x07, 0xb1, 0x24, 
			0x5e, 0x0c, 0x0a, 0x65, 0x45, 0x03, 0xd8, 0xd1, 0xc8, 0xe1, 0x25, 0xe0, 0x02, 0x65, 0x73, 0x03, 
			0xa2, 0x45, 0xa1, 0xc2, 0x26, 0x1f, 0xc6, 0x1a, 0x00, 0xa2, 0x0b, 0x34, 0xd7, 0x9a, 0x24, 0x98, 
			0x52, 0xe2, 0x49, 0x1a, 0x72, 0xa0, 0x80, 0xa2, 0x2c, 0x12, 0xa5, 0x28, 0xfc, 0x52, 0x22, 0x02, 
			0xb2, 0x22, 0x00, 0xe2, 0x25, 0x0a, 0x7a, 0x55, 0xe7, 0xba, 0x10, 0x32, 0x45, 0x97, 0x32, 0x4b, 
			0x01, 0x86, 0xab, 0xff, 0x66, 0xda, 0xdc, 0x98, 0x82, 0x06, 0xf5, 0xff, 0x0c, 0x0c, 0xc2, 0x45, 
			0x97, 0xc2, 0x45, 0x96, 0x62, 0x4b, 0x01, 0xa8, 0x32, 0xa2, 0x0a, 0x34, 0x4c, 0x88, 0x87, 0x1a, 
			0x02, 0x66, 0xda, 0x02, 0x62, 0x4b, 0x01, 0xc0, 0x20, 0x00, 0xe1, 0xcb, 0x5c, 0xd2, 0x24, 0x1c, 
			0xe0, 0xdd, 0x10, 0xc0, 0x20, 0x00, 0xd2, 0x64, 0x1c, 0x86, 0x9d, 0xff, 0xf8, 0x32, 0xc2, 0x26, 
			0x1f, 0xf8, 0x7f, 0xf9, 0x01, 0x71, 0xc2, 0x5c, 0x52, 0xa3, 0x80, 0x20, 0xa2, 0x20, 0xb2, 0x21, 
			0x00, 0x65, 0xcc, 0x02, 0x68, 0x22, 0x5a, 0xa6, 0xa9, 0xa1, 0xd1, 0x35, 0x5d, 0xc0, 0x20, 0x00, 
			0xc2, 0x27, 0x85, 0xa2, 0x0a, 0x02, 0xd0, 0xcc, 0x10, 0x80, 0xaa, 0x01, 0xc0, 0xaa, 0x20, 0xc0, 
			0x20, 0x00, 0x4c, 0x89, 0x38, 0x32, 0xa2, 0x67, 0x85, 0x82, 0x03, 0x34, 0x89, 0xf1, 0x97, 0x98, 
			0x46, 0x7c, 0x85, 0xb8, 0x33, 0xa8, 0x23, 0xd1, 0xf3, 0x5d, 0x0c, 0x0c, 0xa5, 0x59, 0x03, 0xd6, 
			0x9a, 0x01, 0xc0, 0x20, 0x00, 0xd1, 0xae, 0x5c, 0xc2, 0x2d, 0x8a, 0x0c, 0x2e, 0x50, 0xcc, 0x10, 
			0xe0, 0xcc, 0x20, 0xc0, 0x20, 0x00, 0xc2, 0x6d, 0x8a, 0x86, 0x05, 0x00, 0x0c, 0x4f, 0xc0, 0x20, 
			0x00, 0xe1, 0xa7, 0x5c, 0xd2, 0x2e, 0x8a, 0x50, 0xdd, 0x10, 0xf0, 0xdd, 0x20, 0xc0, 0x20, 0x00, 
			0xd2, 0x6e, 0x8a, 0xe2, 0x03, 0x34, 0xe9, 0xf1, 0xc2, 0x21, 0x0a, 0xa2, 0x26, 0x1f, 0xc2, 0x0c, 
			0x03, 0xc0, 0xaa, 0x82, 0x16, 0xaa, 0x03, 0x25, 0x45, 0x04, 0xa9, 0x41, 0xb9, 0x31, 0xa8, 0x73, 
			0x65, 0x44, 0x04, 0x5d, 0x0a, 0x7d, 0x0b, 0xd8, 0x31, 0xc8, 0x41, 0xbd, 0x0d, 0xad, 0x0c, 0xe5, 
			0xcd, 0x02, 0xdd, 0x0b, 0xcd, 0x0a, 0xbd, 0x07, 0xad, 0x05, 0xe5, 0x31, 0x03, 0xd1, 0x99, 0x5d, 
			0x0c, 0x0c, 0xa5, 0xcc, 0x02, 0xd1, 0x98, 0x5d, 0x0c, 0x0c, 0xe5, 0x07, 0x03, 0x65, 0x5f, 0x03, 
			0xa9, 0x93, 0xd2, 0x21, 0x0f, 0xe2, 0xa0, 0x48, 0xe7, 0x9d, 0x4e, 0xd1, 0xcf, 0x5d, 0xc2, 0xa0, 
			0x00, 0x58, 0x33, 0x78, 0x23, 0xbd, 0x05, 0xad, 0x07, 0xa5, 0x44, 0x03, 0xa6, 0x1a, 0x0e, 0xbd, 
			0x05, 0xad, 0x07, 0xd1, 0xca, 0x5d, 0x0c, 0x0c, 0xe5, 0x4e, 0x03, 0x96, 0x1a, 0x15, 0xbd, 0x05, 
			0xad, 0x07, 0xd1, 0xc7, 0x5d, 0x0c, 0x0c, 0xe5, 0x42, 0x03, 0xa6, 0x1a, 0x0e, 0xbd, 0x05, 0xad, 
			0x07, 0xd1, 0xc4, 0x5d, 0x0c, 0x0c, 0x25, 0x4d, 0x03, 0x96, 0x3a, 0x13, 0xa8, 0x52, 0x0c, 0x09, 
			0x92, 0x4a, 0x1a, 0x88, 0x02, 0x0c, 0x3f, 0xf2, 0x48, 0x01, 0x52, 0xa0, 0x80, 0xc8, 0xf1, 0x5a, 
			0x56, 0xc2, 0xcc, 0xc0, 0x56, 0xcc, 0x09, 0x98, 0x02, 0xa8, 0x82, 0x88, 0xa1, 0xa2, 0x61, 0x11, 
			0x82, 0x08, 0x27, 0x92, 0x61, 0x10, 0x0b, 0x88, 0x56, 0xb8, 0x0e, 0x28, 0x33, 0x78, 0x23, 0xa2, 
			0x26, 0xea, 0x65, 0x39, 0x04, 0xa2, 0x61, 0x13, 0xb2, 0x61, 0x12, 0xdd, 0x02, 0xcd, 0x07, 0xe5, 
			0x3f, 0x03, 0xe2, 0x21, 0x13, 0xf2, 0x21, 0x12, 0xa6, 0x1a, 0x02, 0xc6, 0x46, 0x00, 0xdd, 0x0f, 
			0xcd, 0x0e, 0xbd, 0x02, 0xad, 0x07, 0xa5, 0xd6, 0x02, 0xa5, 0x54, 0x03, 0xcd, 0x0a, 0xbd, 0x02, 
			0xad, 0x07, 0xc0, 0xd0, 0x74, 0xd9, 0x21, 0xe5, 0x53, 0x03, 0xc2, 0x21, 0x10, 0xb2, 0x21, 0x11, 
			0xc0, 0x20, 0x00, 0x91, 0x58, 0x5c, 0xa2, 0x69, 0x40, 0xa2, 0x26, 0x1f, 0xc0, 0x20, 0x00, 0xa2, 
			0x69, 0x41, 0xc0, 0x20, 0x00, 0xf8, 0x21, 0xf2, 0x69, 0x43, 0x82, 0x26, 0xea, 0xc0, 0x20, 0x00, 
			0x82, 0x69, 0x44, 0x1c, 0xee, 0xf7, 0x3e, 0x02, 0x86, 0x2a, 0x00, 0x0c, 0x02, 0x0c, 0x3d, 0x0c, 
			0x1f, 0x0c, 0x0e, 0xe2, 0x45, 0x97, 0xf2, 0x45, 0x96, 0xe9, 0x93, 0xe2, 0x4b, 0x1a, 0xd2, 0x4c, 
			0x01, 0x06, 0x2a, 0x00, 0x0c, 0x12, 0x0c, 0x38, 0x82, 0x45, 0x96, 0x22, 0x45, 0x97, 0x28, 0x93, 
			0x81, 0x9f, 0x5c, 0x80, 0x82, 0x10, 0xc0, 0x20, 0x00, 0xf1, 0x49, 0x5c, 0x91, 0xae, 0x5c, 0xe2, 
			0x2f, 0x81, 0x90, 0xee, 0x10, 0x80, 0xee, 0x20, 0xc0, 0x20, 0x00, 0xe2, 0x6f, 0x81, 0xc0, 0x20, 
			0x00, 0xd1, 0x45, 0x5c, 0xc2, 0x24, 0x1c, 0xd0, 0xcc, 0x10, 0xc0, 0x20, 0x00, 0xc2, 0x64, 0x1c, 
			0xc0, 0x20, 0x00, 0xa8, 0x74, 0xb2, 0xaf, 0x33, 0xb0, 0xaa, 0x10, 0xc0, 0x20, 0x00, 0xa9, 0x74, 
			0x91, 0x83, 0x5c, 0x99, 0xb6, 0x86, 0x12, 0xff, 0xb1, 0x52, 0x5d, 0x0c, 0x09, 0xa1, 0x50, 0x5d, 
			0xa9, 0xb1, 0x99, 0xc1, 0x86, 0x2b, 0xff, 0x0c, 0x2b, 0x0c, 0x1c, 0xc2, 0x4a, 0x1a, 0xb2, 0x49, 
			0x01, 0x28, 0x93, 0x0c, 0x3d, 0x0c, 0x1e, 0xe2, 0x45, 0x97, 0xd2, 0x45, 0x96, 0xc6, 0xe3, 0xff, 
			0xa8, 0x52, 0x0c, 0x19, 0x92, 0x4a, 0x1a, 0x88, 0x02, 0x0c, 0x2f, 0xf2, 0x48, 0x01, 0x06, 0xb2, 
			0xff, 0x0c, 0x5a, 0x46, 0x4a, 0xff, 0xd2, 0xa0, 0x02, 0xf2, 0xa0, 0x03, 0xe2, 0xa0, 0x01, 0xe2, 
			0x45, 0x97, 0xf2, 0x45, 0x96, 0xe2, 0x4b, 0x1a, 0xd2, 0x4c, 0x01, 0x28, 0x93, 0xa2, 0x26, 0xea, 
			0x65, 0x26, 0x04, 0xb9, 0x33, 0xa9, 0x23, 0x06, 0xee, 0xff, 0xf0, 0xbf, 0x20, 0xe0, 0xae, 0x20, 
			0xdd, 0x02, 0xcd, 0x07, 0xa5, 0xc4, 0x02, 0xe5, 0x42, 0x03, 0xcd, 0x0a, 0x86, 0xb7, 0xff, 0x00, 
			0x36, 0x81, 0x00, 0x0c, 0x09, 0xb1, 0x6d, 0x5c, 0xd2, 0xa3, 0x80, 0xa1, 0x7e, 0x5c, 0x61, 0x18, 
			0x5c, 0x41, 0x80, 0x5c, 0x58, 0x32, 0x0c, 0x67, 0x72, 0x45, 0x50, 0x38, 0x22, 0xc2, 0xa0, 0x80, 
			0xca, 0xe3, 0xf2, 0x0e, 0x96, 0x71, 0x2c, 0x5c, 0x66, 0x3f, 0x34, 0x81, 0xad, 0x5c, 0xc1, 0x56, 
			0x5d, 0xc0, 0x20, 0x00, 0xf2, 0x24, 0x1d, 0x80, 0xff, 0x20, 0xc0, 0x20, 0x00, 0xf2, 0x64, 0x1d, 
			0xda, 0x83, 0x92, 0x48, 0x17, 0x82, 0x05, 0x47, 0x82, 0xc8, 0xd0, 0x56, 0x08, 0x0c, 0xc0, 0x20, 
			0x00, 0x92, 0x26, 0x80, 0xc0, 0x99, 0x10, 0xc0, 0x20, 0x00, 0x92, 0x66, 0x80, 0x46, 0x2f, 0x00, 
			0xe2, 0xcf, 0xfc, 0x56, 0x4e, 0x18, 0x51, 0x00, 0x5c, 0xc0, 0x20, 0x00, 0xf2, 0x24, 0x3c, 0xf0, 
			0xff, 0x05, 0x16, 0x9f, 0x17, 0xd0, 0xa3, 0x80, 0x92, 0xa0, 0x02, 0x92, 0x4a, 0x17, 0xe5, 0x67, 
			0xf7, 0x82, 0x22, 0x01, 0xf8, 0x08, 0xf0, 0xfa, 0xc0, 0xf9, 0x38, 0xf1, 0x40, 0x5d, 0xc0, 0x20, 
			0x00, 0xe2, 0x24, 0x3c, 0xe0, 0xec, 0x41, 0xf0, 0xee, 0x10, 0xc0, 0x20, 0x00, 0x58, 0x32, 0xb2, 
			0x24, 0x28, 0xc1, 0x3b, 0x5d, 0xb0, 0xbc, 0x05, 0xe7, 0xac, 0x04, 0x81, 0x3a, 0x5d, 0x8a, 0xee, 
			0x16, 0xdb, 0x22, 0xf1, 0x2e, 0x5d, 0x0c, 0x09, 0xa1, 0x2d, 0x5d, 0xa9, 0x31, 0x99, 0x41, 0xad, 
			0x0e, 0xe0, 0xbf, 0x31, 0xf9, 0x15, 0x38, 0x22, 0x0c, 0x0d, 0xd9, 0x05, 0xc2, 0x23, 0x1f, 0xe5, 
			0x42, 0x03, 0xd1, 0x31, 0x5d, 0x0c, 0x0c, 0xb9, 0x11, 0xa9, 0x21, 0xb8, 0x31, 0xa8, 0x41, 0xa5, 
			0xdc, 0x02, 0x65, 0x2f, 0x03, 0xcd, 0x0a, 0xa0, 0xdf, 0x31, 0xb8, 0x11, 0xa8, 0x21, 0x65, 0x75, 
			0x03, 0x0c, 0x0d, 0xbd, 0x0a, 0xa2, 0x63, 0x43, 0x98, 0x75, 0xc2, 0x05, 0x34, 0x99, 0x51, 0xe2, 
			0xcc, 0xb8, 0x56, 0x4e, 0x13, 0xa8, 0x52, 0x16, 0x59, 0x1e, 0xb9, 0x4a, 0x46, 0x4e, 0x00, 0xc0, 
			0x20, 0x00, 0xf2, 0x26, 0x80, 0xc0, 0xff, 0x10, 0xc0, 0x20, 0x00, 0xf2, 0x66, 0x80, 0xc2, 0x05, 
			0x34, 0x91, 0xd5, 0x5b, 0x82, 0xcc, 0xa0, 0x16, 0x08, 0x1a, 0xd2, 0xcc, 0x9f, 0x16, 0xad, 0x19, 
			0xc0, 0x20, 0x00, 0xf2, 0x27, 0xc0, 0x90, 0xff, 0x10, 0xc0, 0x20, 0x00, 0xf2, 0x67, 0xc0, 0x72, 
			0xa0, 0x80, 0xc2, 0xa0, 0x08, 0xc0, 0x20, 0x00, 0x92, 0x26, 0x88, 0xc0, 0x99, 0x20, 0xc0, 0x20, 
			0x00, 0x92, 0x66, 0x88, 0x81, 0x2a, 0x5c, 0xc0, 0x20, 0x00, 0x32, 0x26, 0x89, 0x80, 0x33, 0x20, 
			0xc0, 0x20, 0x00, 0x32, 0x66, 0x89, 0xf1, 0xf2, 0x5c, 0xc0, 0x20, 0x00, 0xd2, 0x24, 0x1c, 0xf0, 
			0xdd, 0x10, 0xc0, 0x20, 0x00, 0xd2, 0x64, 0x1c, 0xc1, 0xfb, 0x5c, 0xc0, 0x20, 0x00, 0x92, 0x24, 
			0x1d, 0xc0, 0x99, 0x10, 0xc0, 0x20, 0x00, 0x92, 0x64, 0x1d, 0x81, 0x04, 0x5d, 0x31, 0x04, 0x5d, 
			0xc0, 0x20, 0x00, 0xf2, 0x24, 0x28, 0x80, 0xff, 0x10, 0x30, 0xff, 0x20, 0xc0, 0x20, 0x00, 0xf2, 
			0x64, 0x28, 0xc0, 0x20, 0x00, 0xc2, 0x26, 0x80, 0xd2, 0x25, 0x0a, 0xa0, 0xac, 0x10, 0xb0, 0xbd, 
			0x10, 0xa0, 0xab, 0x20, 0xc0, 0x20, 0x00, 0xa2, 0x66, 0x80, 0x91, 0x29, 0x5c, 0xc0, 0x20, 0x00, 
			0x82, 0x24, 0x28, 0x90, 0x88, 0x20, 0xc0, 0x20, 0x00, 0x82, 0x64, 0x28, 0x0c, 0x43, 0x32, 0x4e, 
			0x96, 0x0c, 0x13, 0x32, 0x4e, 0x97, 0x65, 0x52, 0xf7, 0xd8, 0x22, 0xa2, 0x6d, 0x12, 0x7a, 0xdd, 
			0x32, 0x4d, 0xb5, 0xa5, 0x51, 0xf7, 0xe8, 0x22, 0xa2, 0x6e, 0x18, 0x0c, 0x02, 0x1d, 0xf0, 0xa2, 
			0x23, 0x12, 0x25, 0xda, 0xfb, 0x32, 0x22, 0x02, 0xf2, 0x23, 0x0b, 0xf7, 0x3a, 0xec, 0xb2, 0xa0, 
			0x00, 0x0c, 0x4d, 0xe2, 0xa3, 0x80, 0xc2, 0xa0, 0x80, 0xca, 0xc3, 0xea, 0xe3, 0xd2, 0x4e, 0x17, 
			0xb2, 0x4c, 0x97, 0xb2, 0x4c, 0x96, 0xc0, 0x20, 0x00, 0xa1, 0xe2, 0x5c, 0x92, 0x24, 0x28, 0xa0, 
			0x99, 0x10, 0xc0, 0x20, 0x00, 0x92, 0x64, 0x28, 0xc0, 0x20, 0x00, 0x82, 0x27, 0xc0, 0x50, 0x88, 
			0x20, 0xc0, 0x20, 0x00, 0x82, 0x67, 0xc0, 0x06, 0xec, 0xff, 0x66, 0xdc, 0x0b, 0xa8, 0x82, 0xcc, 
			0x39, 0xd9, 0x4a, 0x86, 0x00, 0x00, 0xb2, 0x6a, 0x04, 0x16, 0x09, 0x07, 0xa2, 0x25, 0x04, 0x90, 
			0x29, 0x20, 0xba, 0xaa, 0xe5, 0xff, 0x03, 0xd1, 0x8a, 0x5c, 0x0c, 0x0c, 0xa5, 0xc4, 0x02, 0x5d, 
			0x0a, 0xb9, 0x01, 0xad, 0x02, 0x25, 0xfe, 0x03, 0xcd, 0x0a, 0xdd, 0x0b, 0xad, 0x05, 0xb8, 0x01, 
			0x65, 0xec, 0x02, 0x65, 0x16, 0x03, 0xa2, 0x63, 0x41, 0x0c, 0x0d, 0xc0, 0x20, 0x00, 0xa1, 0xc9, 
			0x5c, 0x92, 0x24, 0x28, 0xa0, 0x99, 0x10, 0xc0, 0x20, 0x00, 0x92, 0x64, 0x28, 0xc0, 0x20, 0x00, 
			0x81, 0xdd, 0x5b, 0xf2, 0x26, 0x80, 0xe2, 0x23, 0x41, 0x80, 0xff, 0x10, 0x81, 0xc8, 0x5b, 0x80, 
			0xee, 0x10, 0xf0, 0xee, 0x20, 0xc0, 0x20, 0x00, 0xe2, 0x66, 0x80, 0xc0, 0x20, 0x00, 0xc1, 0x6e, 
			0x5b, 0xb2, 0x27, 0xc0, 0xc0, 0xbb, 0x20, 0xc0, 0x20, 0x00, 0xb2, 0x67, 0xc0, 0xb2, 0xa0, 0x80, 
			0xba, 0xb3, 0xd2, 0x4b, 0x97, 0xd2, 0x4b, 0x96, 0xc6, 0xc7, 0xff, 0xc2, 0xd7, 0x04, 0xc0, 0x20, 
			0x00, 0xc8, 0x0c, 0xd2, 0xd7, 0x04, 0x90, 0xcc, 0x10, 0xc0, 0x20, 0x00, 0xc9, 0x0d, 0x46, 0x97, 
			0xff, 0x0c, 0x0d, 0xf1, 0x7b, 0x5c, 0xf9, 0x31, 0xd9, 0x41, 0xf1, 0x79, 0x5c, 0x86, 0x73, 0xff, 
			0xd9, 0x4a, 0xc6, 0xd4, 0xff, 0x00, 0x00, 0x00, 0x36, 0x41, 0x00, 0x0c, 0x08, 0x31, 0x55, 0x5b, 
			0xc0, 0x20, 0x00, 0x82, 0x63, 0xa4, 0xc0, 0x20, 0x00, 0x82, 0x63, 0xa5, 0xc0, 0x20, 0x00, 0x82, 
			0x63, 0xa6, 0xc0, 0x20, 0x00, 0x82, 0x63, 0xa7, 0xc0, 0x20, 0x00, 0x82, 0x63, 0xa8, 0xc0, 0x20, 
			0x00, 0x48, 0x42, 0x82, 0x63, 0xa9, 0x78, 0x24, 0x68, 0x14, 0x70, 0x98, 0x74, 0x00, 0x99, 0x11, 
			0x80, 0x77, 0x01, 0x90, 0x77, 0x20, 0x60, 0x90, 0x74, 0x80, 0x99, 0x11, 0x60, 0x68, 0x74, 0x90, 
			0x66, 0x20, 0x70, 0x66, 0x20, 0xc0, 0x20, 0x00, 0x62, 0x63, 0xa4, 0xf8, 0x04, 0xd8, 0x44, 0xf0, 
			0xe0, 0x75, 0xf0, 0x58, 0x74, 0xd0, 0xd0, 0x31, 0x80, 0xdd, 0x01, 0x80, 0x55, 0x11, 0xf0, 0xf0, 
			0x74, 0x50, 0xee, 0x20, 0x00, 0xff, 0x11, 0xf0, 0xdd, 0x20, 0xe0, 0xdd, 0x20, 0xc0, 0x20, 0x00, 
			0xc8, 0x32, 0xb8, 0x02, 0xd2, 0x63, 0xa5, 0xa8, 0x44, 0xc2, 0x0c, 0x34, 0xb2, 0x0b, 0x04, 0x00, 
			0xcc, 0x11, 0x80, 0xbb, 0x01, 0xc0, 0xbb, 0x20, 0xa0, 0xc0, 0x74, 0x80, 0xcc, 0x11, 0xa0, 0xa8, 
			0x74, 0xc0, 0xaa, 0x20, 0xb0, 0xaa, 0x20, 0xc0, 0x20, 0x00, 0xa2, 0x63, 0xa6, 0x78, 0x54, 0x52, 
			0x04, 0x19, 0x80, 0x67, 0x01, 0x70, 0x98, 0x74, 0x90, 0x55, 0x11, 0x50, 0x50, 0x74, 0x00, 0x99, 
			0x11, 0x70, 0x70, 0x75, 0x80, 0x77, 0x11, 0x90, 0x66, 0x20, 0x70, 0x55, 0x20, 0x60, 0x55, 0x20, 
			0xc0, 0x20, 0x00, 0x52, 0x63, 0xa7, 0x52, 0x04, 0x1a, 0x42, 0x04, 0x1b, 0xf0, 0x55, 0x11, 0x50, 
			0x44, 0x20, 0x40, 0x40, 0x74, 0xc0, 0x20, 0x00, 0x42, 0x63, 0xa8, 0x1c, 0xa2, 0xc0, 0x20, 0x00, 
			0x22, 0x63, 0xb4, 0x2d, 0x08, 0x1d, 0xf0, 0x00, 0x36, 0x41, 0x00, 0x0c, 0x09, 0x31, 0x19, 0x5b, 
			0xc0, 0x20, 0x00, 0x92, 0x63, 0xa4, 0xc0, 0x20, 0x00, 0x92, 0x63, 0xa5, 0xc0, 0x20, 0x00, 0x92, 
			0x63, 0xa6, 0xc0, 0x20, 0x00, 0x92, 0x63, 0xa7, 0xc0, 0x20, 0x00, 0x92, 0x63, 0xa8, 0xc0, 0x20, 
			0x00, 0x48, 0x52, 0x92, 0x63, 0xa9, 0x78, 0x24, 0x68, 0x14, 0x70, 0x88, 0x74, 0x00, 0x88, 0x11, 
			0x80, 0x77, 0x01, 0x80, 0x77, 0x20, 0x60, 0x80, 0x74, 0x80, 0x88, 0x11, 0x60, 0x68, 0x74, 0x80, 
			0x66, 0x20, 0x70, 0x66, 0x20, 0xc0, 0x20, 0x00, 0x62, 0x63, 0xa4, 0xf8, 0x04, 0xd8, 0x44, 0xf0, 
			0xe0, 0x75, 0xf0, 0x58, 0x74, 0xd0, 0xd0, 0x31, 0x80, 0xdd, 0x01, 0x80, 0x55, 0x11, 0xf0, 0xf0, 
			0x74, 0x50, 0xee, 0x20, 0x00, 0xff, 0x11, 0xf0, 0xdd, 0x20, 0xe0, 0xdd, 0x20, 0xc0, 0x20, 0x00, 
			0xc8, 0x32, 0xb8, 0x02, 0xd2, 0x63, 0xa5, 0xa8, 0x44, 0xc2, 0x0c, 0x34, 0xb2, 0x0b, 0x04, 0x00, 
			0xcc, 0x11, 0x80, 0xbb, 0x01, 0xc0, 0xbb, 0x20, 0xa0, 0xc0, 0x74, 0x80, 0xcc, 0x11, 0xa0, 0xa8, 
			0x74, 0xc0, 0xaa, 0x20, 0xb0, 0xaa, 0x20, 0xc0, 0x20, 0x00, 0xa2, 0x63, 0xa6, 0x72, 0x04, 0x1c, 
			0x88, 0x54, 0xa8, 0x34, 0x80, 0x80, 0x31, 0xa0, 0xb0, 0x74, 0x00, 0xbb, 0x11, 0x80, 0x88, 0x01, 
			0xa0, 0xa8, 0x74, 0xb0, 0x88, 0x20, 0xb2, 0x04, 0x19, 0x80, 0xaa, 0x11, 0x90, 0xbb, 0x11, 0xb0, 
			0x77, 0x20, 0x70, 0x70, 0x74, 0xa0, 0x77, 0x20, 0x80, 0x77, 0x20, 0xc0, 0x20, 0x00, 0x72, 0x63, 
			0xa7, 0x58, 0x54, 0x50, 0x60, 0x74, 0x80, 0x66, 0x11, 0x50, 0x58, 0x74, 0x60, 0x55, 0x20, 0x62, 
			0x04, 0x1a, 0x42, 0x04, 0x1b, 0xf0, 0x66, 0x11, 0x60, 0x44, 0x20, 0x40, 0x40, 0x74, 0x00, 0x44, 
			0x11, 0x50, 0x44, 0x20, 0xc0, 0x20, 0x00, 0x42, 0x63, 0xa8, 0x3c, 0x32, 0xc0, 0x20, 0x00, 0x22, 
			0x63, 0xb4, 0x2d, 0x09, 0x1d, 0xf0, 0x00, 0x00, 0x36, 0x41, 0x00, 0x0c, 0x09, 0x31, 0xd5, 0x5a, 
			0xc0, 0x20, 0x00, 0x92, 0x63, 0xa4, 0xc0, 0x20, 0x00, 0x92, 0x63, 0xa5, 0xc0, 0x20, 0x00, 0x92, 
			0x63, 0xa6, 0xc0, 0x20, 0x00, 0x92, 0x63, 0xa7, 0xc0, 0x20, 0x00, 0x92, 0x63, 0xa8, 0xc0, 0x20, 
			0x00, 0x48, 0x82, 0x92, 0x63, 0xa9, 0x78, 0x24, 0x68, 0x14, 0x70, 0x88, 0x74, 0x00, 0x88, 0x11, 
			0x80, 0x77, 0x01, 0x80, 0x77, 0x20, 0x60, 0x80, 0x74, 0x80, 0x88, 0x11, 0x60, 0x68, 0x74, 0x80, 
			0x66, 0x20, 0x70, 0x66, 0x20, 0xc0, 0x20, 0x00, 0x62, 0x63, 0xa4, 0xf8, 0x04, 0xd8, 0x44, 0xf0, 
			0xe0, 0x75, 0xf0, 0x58, 0x74, 0xd0, 0xd0, 0x31, 0x80, 0xdd, 0x01, 0x80, 0x55, 0x11, 0xf0, 0xf0, 
			0x74, 0x50, 0xee, 0x20, 0x00, 0xff, 0x11, 0xf0, 0xdd, 0x20, 0xe0, 0xdd, 0x20, 0xc0, 0x20, 0x00, 
			0xc8, 0x32, 0xb8, 0x02, 0xd2, 0x63, 0xa5, 0xa8, 0x44, 0xc2, 0x0c, 0x34, 0xb2, 0x0b, 0x04, 0x00, 
			0xcc, 0x11, 0x80, 0xbb, 0x01, 0xc0, 0xbb, 0x20, 0xa0, 0xc0, 0x74, 0x80, 0xcc, 0x11, 0xa0, 0xa8, 
			0x74, 0xc0, 0xaa, 0x20, 0xb0, 0xaa, 0x20, 0xc0, 0x20, 0x00, 0xa2, 0x63, 0xa6, 0x72, 0x04, 0x1c, 
			0x88, 0x54, 0xa8, 0x34, 0x80, 0x80, 0x31, 0xa0, 0xb0, 0x74, 0x00, 0xbb, 0x11, 0x80, 0x88, 0x01, 
			0xa0, 0xa8, 0x74, 0xb0, 0x88, 0x20, 0xb2, 0x04, 0x19, 0x80, 0xaa, 0x11, 0x90, 0xbb, 0x11, 0xb0, 
			0x77, 0x20, 0x70, 0x70, 0x74, 0xa0, 0x77, 0x20, 0x80, 0x77, 0x20, 0xc0, 0x20, 0x00, 0x72, 0x63, 
			0xa7, 0x58, 0x54, 0x50, 0x60, 0x74, 0x80, 0x66, 0x11, 0x50, 0x58, 0x74, 0x60, 0x55, 0x20, 0x62, 
			0x04, 0x1a, 0x42, 0x04, 0x1b, 0xf0, 0x66, 0x11, 0x60, 0x44, 0x20, 0x40, 0x40, 0x74, 0x00, 0x44, 
			0x11, 0x50, 0x44, 0x20, 0xc0, 0x20, 0x00, 0x42, 0x63, 0xa8, 0x1c, 0xc2, 0xc0, 0x20, 0x00, 0x22, 
			0x63, 0xb4, 0x2d, 0x09, 0x1d, 0xf0, 0x00, 0x00, 0x36, 0x41, 0x00, 0x31, 0x92, 0x5a, 0xc0, 0x20, 
			0x00, 0x82, 0x23, 0x95, 0xc0, 0x20, 0x00, 0x82, 0x63, 0xbd, 0x5c, 0x12, 0xc0, 0x20, 0x00, 0x22, 
			0x63, 0xb4, 0x0c, 0x02, 0x1d, 0xf0, 0x00, 0x00, 0x36, 0x41, 0x00, 0x0c, 0x08, 0x31, 0x89, 0x5a, 
			0xc0, 0x20, 0x00, 0x82, 0x63, 0xa4, 0xc0, 0x20, 0x00, 0x82, 0x63, 0xa5, 0xc0, 0x20, 0x00, 0x82, 
			0x63, 0xa6, 0xc0, 0x20, 0x00, 0x82, 0x63, 0xa7, 0xc0, 0x20, 0x00, 0x82, 0x63, 0xa8, 0xc0, 0x20, 
			0x00, 0x48, 0xd2, 0x82, 0x63, 0xa9, 0xc8, 0x24, 0xb8, 0x14, 0xc0, 0xd8, 0x74, 0x00, 0xdd, 0x11, 
			0x80, 0xcc, 0x01, 0xd0, 0xcc, 0x20, 0xb0, 0xd0, 0x74, 0x80, 0xdd, 0x11, 0xb0, 0xb8, 0x74, 0xd0, 
			0xbb, 0x20, 0xc0, 0xbb, 0x20, 0xc0, 0x20, 0x00, 0xb2, 0x63, 0xa4, 0x98, 0x04, 0x68, 0x44, 0x90, 
			0x70, 0x75, 0x90, 0xa8, 0x74, 0x60, 0x60, 0x31, 0x80, 0x66, 0x01, 0x80, 0xaa, 0x11, 0x90, 0x90, 
			0x74, 0xa0, 0x77, 0x20, 0x00, 0x99, 0x11, 0x90, 0x66, 0x20, 0x70, 0x66, 0x20, 0xc0, 0x20, 0x00, 
			0xf8, 0x02, 0x58, 0x32, 0x62, 0x63, 0xa5, 0xe8, 0x44, 0x22, 0x05, 0x34, 0xf2, 0x0f, 0x04, 0x00, 
			0x22, 0x11, 0x80, 0xff, 0x01, 0x20, 0xff, 0x20, 0xe0, 0x20, 0x74, 0x80, 0x22, 0x11, 0xe0, 0xe8, 
			0x74, 0x20, 0xee, 0x20, 0xf0, 0xee, 0x20, 0xc0, 0x20, 0x00, 0xe2, 0x63, 0xa6, 0xc8, 0x54, 0xa2, 
			0x04, 0x19, 0x80, 0xbc, 0x01, 0xc0, 0xd8, 0x74, 0x90, 0xaa, 0x11, 0xa0, 0xa0, 0x74, 0x00, 0xdd, 
			0x11, 0xc0, 0xc0, 0x75, 0xd0, 0xbb, 0x20, 0x80, 0xcc, 0x11, 0xc0, 0xaa, 0x20, 0xb0, 0xaa, 0x20, 
			0xc0, 0x20, 0x00, 0xa2, 0x63, 0xa7, 0x52, 0x04, 0x1c, 0x92, 0x04, 0x22, 0x72, 0x04, 0x20, 0xa0, 
			0x99, 0x11, 0x90, 0x77, 0x11, 0x90, 0x77, 0x20, 0x92, 0x04, 0x21, 0x62, 0x04, 0x1d, 0xc0, 0x99, 
			0x11, 0x90, 0x66, 0x20, 0x70, 0x66, 0x20, 0x72, 0x04, 0x23, 0x60, 0x60, 0x74, 0xc0, 0x77, 0x11, 
			0x80, 0x66, 0x11, 0x70, 0x55, 0x20, 0x50, 0x50, 0x74, 0x60, 0x55, 0x20, 0x62, 0x04, 0x1a, 0x42, 
			0x04, 0x1b, 0xf0, 0x66, 0x11, 0x60, 0x44, 0x20, 0x40, 0x40, 0x74, 0x00, 0x44, 0x11, 0x50, 0x44, 
			0x20, 0xc0, 0x20, 0x00, 0x42, 0x63, 0xa8, 0x4c, 0x32, 0xc0, 0x20, 0x00, 0x22, 0x63, 0xb4, 0x2d, 
			0x08, 0x1d, 0xf0, 0x00, 0x36, 0x61, 0x00, 0x0c, 0x07, 0x31, 0x69, 0x5a, 0x41, 0x48, 0x5a, 0xe1, 
			0x42, 0x5a, 0xd1, 0x45, 0x5a, 0x61, 0x42, 0x5a, 0x0c, 0x3c, 0xb8, 0x22, 0x0c, 0x29, 0x0c, 0x15, 
			0x52, 0x41, 0x00, 0x92, 0x41, 0x01, 0x92, 0xa0, 0x80, 0x9a, 0xab, 0xf2, 0x0a, 0x96, 0xc2, 0x41, 
			0x02, 0x82, 0xcf, 0xf8, 0x56, 0xc8, 0x0b, 0xc0, 0x20, 0x00, 0xf2, 0x23, 0x80, 0xd0, 0xff, 0x10, 
			0xc0, 0x20, 0x00, 0xf2, 0x63, 0x80, 0xc0, 0x20, 0x00, 0xc2, 0x24, 0x80, 0xd0, 0xcc, 0x10, 0xc0, 
			0x20, 0x00, 0xc2, 0x64, 0x80, 0xc0, 0x20, 0x00, 0xb2, 0x26, 0xa8, 0xf1, 0xa2, 0x5a, 0xb0, 0xbf, 
			0x05, 0x16, 0x0b, 0x16, 0xc1, 0xa2, 0x5a, 0xb1, 0xa0, 0x5a, 0x42, 0xa0, 0xc7, 0x22, 0xaf, 0x00, 
			0xc0, 0x20, 0x00, 0x82, 0x26, 0xa8, 0x51, 0x79, 0x5b, 0x80, 0x8e, 0x05, 0x16, 0x78, 0x25, 0xd1, 
			0x76, 0x5b, 0xc0, 0x20, 0x00, 0x82, 0x23, 0x9e, 0xe0, 0x88, 0x20, 0xc0, 0x20, 0x00, 0x82, 0x63, 
			0x9e, 0xc0, 0x20, 0x00, 0xe2, 0x26, 0xa8, 0x91, 0x72, 0x5b, 0xe0, 0xe0, 0xc5, 0xe7, 0x39, 0x02, 
			0x46, 0x9f, 0x00, 0x91, 0x70, 0x5b, 0xe7, 0xb9, 0x02, 0x06, 0x9d, 0x00, 0xc2, 0xa0, 0xe7, 0xc0, 
			0x20, 0x00, 0x92, 0x26, 0x85, 0x20, 0x99, 0x10, 0xc0, 0x99, 0x20, 0xc0, 0x20, 0x00, 0x92, 0x66, 
			0x85, 0xc0, 0x20, 0x00, 0xf1, 0x69, 0x5b, 0x82, 0x26, 0x86, 0xc0, 0x20, 0x00, 0xe2, 0x26, 0xa8, 
			0xd0, 0xee, 0x10, 0xf0, 0xee, 0x20, 0xc0, 0x20, 0x00, 0xe2, 0x66, 0x86, 0xe1, 0x64, 0x5b, 0xc0, 
			0x20, 0x00, 0xc2, 0x26, 0x87, 0xb0, 0xcc, 0x10, 0xe0, 0xcc, 0x20, 0xc0, 0x20, 0x00, 0xc2, 0x66, 
			0x87, 0x46, 0x88, 0x00, 0x41, 0x0c, 0x5a, 0x56, 0x1f, 0x09, 0xb1, 0x12, 0x5a, 0xc0, 0x20, 0x00, 
			0x52, 0x6b, 0x9e, 0x72, 0x4a, 0x98, 0x52, 0x4a, 0x96, 0xc0, 0x20, 0x00, 0x82, 0x0a, 0x98, 0x92, 
			0x24, 0x40, 0x10, 0xa1, 0x20, 0xa0, 0x88, 0x80, 0xa1, 0x56, 0x5b, 0x82, 0x08, 0x00, 0xa0, 0x99, 
			0x10, 0xa0, 0x88, 0x01, 0x90, 0x88, 0x20, 0xc0, 0x20, 0x00, 0x82, 0x64, 0x40, 0xe1, 0x51, 0x5b, 
			0xc0, 0x20, 0x00, 0xf1, 0x4e, 0x5a, 0xd2, 0x24, 0x41, 0xf0, 0xdd, 0x10, 0xe0, 0xdd, 0x20, 0xc0, 
			0x20, 0x00, 0xd2, 0x64, 0x41, 0xb1, 0xc4, 0x5a, 0xc0, 0x20, 0x00, 0xc1, 0xc4, 0x5a, 0xa2, 0x24, 
			0x5b, 0xc0, 0xaa, 0x10, 0xb0, 0xaa, 0x20, 0xc0, 0x20, 0x00, 0xa2, 0x64, 0x5b, 0xc0, 0x20, 0x00, 
			0x92, 0x23, 0xdd, 0x50, 0x99, 0x20, 0xc0, 0x20, 0x00, 0x88, 0xd2, 0x92, 0x63, 0xdd, 0x52, 0x48, 
			0x21, 0xa5, 0xe3, 0xf6, 0xc8, 0x22, 0xd2, 0xa0, 0x80, 0xa2, 0x6c, 0x12, 0xda, 0xcc, 0x52, 0x4c, 
			0xb5, 0xa5, 0xe2, 0xf6, 0xe8, 0x22, 0xa2, 0x6e, 0x18, 0x06, 0x0e, 0x00, 0x66, 0x1f, 0x39, 0xb2, 
			0x22, 0x00, 0xc0, 0x20, 0x00, 0x92, 0x24, 0x64, 0xc2, 0x61, 0x01, 0x90, 0x98, 0x04, 0x16, 0x39, 
			0x1f, 0xd2, 0xa0, 0x04, 0x0c, 0x2e, 0xe2, 0x4b, 0x01, 0x72, 0x4a, 0x98, 0xd2, 0x4a, 0x96, 0xb8, 
			0xd2, 0xc0, 0x20, 0x00, 0xc2, 0x23, 0xdd, 0xc0, 0xc0, 0x04, 0x16, 0xec, 0x15, 0xad, 0x02, 0x52, 
			0x4b, 0x20, 0xe5, 0x4d, 0x00, 0x0c, 0x02, 0x1d, 0xf0, 0x66, 0x2f, 0x37, 0xc0, 0x20, 0x00, 0xf2, 
			0x24, 0x63, 0xc9, 0x11, 0xf0, 0xf6, 0x04, 0x16, 0xdf, 0x27, 0x0c, 0x49, 0xc8, 0x02, 0x0c, 0x2b, 
			0xb2, 0x4c, 0x01, 0x72, 0x4a, 0x98, 0x92, 0x4a, 0x96, 0xb8, 0xd2, 0xc0, 0x20, 0x00, 0x82, 0x23, 
			0xdd, 0x07, 0xe8, 0x01, 0x5d, 0x07, 0xad, 0x02, 0x52, 0x4b, 0x20, 0x65, 0x4a, 0x00, 0xc6, 0xf0, 
			0xff, 0x00, 0x00, 0x00, 0x62, 0xa0, 0x80, 0x66, 0x4f, 0x38, 0xc0, 0x20, 0x00, 0xd2, 0x24, 0x60, 
			0xf7, 0x7d, 0xb1, 0xc0, 0x20, 0x00, 0xe2, 0x24, 0x61, 0xf7, 0x7e, 0xa8, 0xc0, 0x20, 0x00, 0x81, 
			0xbe, 0x59, 0xf2, 0x23, 0x80, 0x80, 0xff, 0x20, 0xc0, 0x20, 0x00, 0xf2, 0x63, 0x80, 0xe5, 0xd7, 
			0xf6, 0xb2, 0x22, 0x02, 0x92, 0xa0, 0x05, 0xa2, 0x6b, 0x12, 0x60, 0xab, 0x80, 0x92, 0x4a, 0x96, 
			0x46, 0xe0, 0xff, 0x66, 0x5f, 0x6d, 0x65, 0xd6, 0xf6, 0xb2, 0x22, 0x02, 0xc2, 0x2b, 0x12, 0xd2, 
			0x2b, 0x0c, 0xc0, 0xca, 0xc0, 0xd7, 0x3c, 0x02, 0xc6, 0xdc, 0x00, 0xc0, 0x20, 0x00, 0xd2, 0x23, 
			0xb4, 0xd0, 0xd7, 0x05, 0x16, 0x9d, 0x3e, 0x81, 0xd1, 0x59, 0xc0, 0x20, 0x00, 0xf2, 0x24, 0x45, 
			0x80, 0xff, 0x20, 0xc0, 0x20, 0x00, 0xf2, 0x64, 0x45, 0xc0, 0x20, 0x00, 0xe2, 0x24, 0x60, 0xe0, 
			0xef, 0x05, 0x16, 0xee, 0x3f, 0xc0, 0x20, 0x00, 0x92, 0x24, 0x61, 0x90, 0x9f, 0x05, 0x16, 0x29, 
			0x3f, 0xc0, 0x20, 0x00, 0xe1, 0xa6, 0x59, 0xf1, 0xa0, 0x59, 0xd2, 0x2e, 0x80, 0xf0, 0xdd, 0x20, 
			0xc0, 0x20, 0x00, 0xa2, 0xa0, 0x06, 0xd2, 0x6e, 0x80, 0x6a, 0xcb, 0x72, 0x4c, 0x97, 0xa2, 0x4c, 
			0x96, 0x06, 0xc4, 0xff, 0x82, 0xcf, 0xf9, 0x56, 0xa8, 0xf0, 0xa2, 0x2b, 0x12, 0x65, 0x58, 0xfb, 
			0xb2, 0x22, 0x02, 0x92, 0x2b, 0x0f, 0x97, 0xba, 0x02, 0x06, 0xbe, 0xff, 0x60, 0xcb, 0x80, 0x0c, 
			0x4a, 0xa2, 0x4c, 0x96, 0x46, 0xbb, 0xff, 0xc0, 0x20, 0x00, 0xe2, 0x23, 0x9e, 0xd0, 0xee, 0x10, 
			0xc0, 0x20, 0x00, 0xe2, 0x63, 0x9e, 0xc0, 0x20, 0x00, 0x92, 0x26, 0x85, 0x20, 0x99, 0x10, 0x40, 
			0x99, 0x20, 0xc0, 0x20, 0x00, 0x92, 0x66, 0x85, 0xc0, 0x20, 0x00, 0x82, 0x26, 0x86, 0xc0, 0x20, 
			0x00, 0xf2, 0x66, 0x86, 0xc0, 0x20, 0x00, 0xe2, 0x26, 0x87, 0xb0, 0xee, 0x10, 0xc0, 0xee, 0x20, 
			0xc0, 0x20, 0x00, 0xe2, 0x66, 0x87, 0x72, 0x4a, 0x96, 0x06, 0xaa, 0xff, 0x5d, 0x07, 0xc6, 0xa6, 
			0xff, 0x81, 0xd5, 0x5a, 0xe7, 0xb8, 0x05, 0x91, 0xd5, 0x5a, 0xe7, 0xb9, 0x1f, 0x82, 0xa2, 0x10, 
			0xe7, 0xb8, 0x05, 0x92, 0xa2, 0x2b, 0xe7, 0xb9, 0x13, 0x0c, 0xd8, 0xe7, 0xb8, 0x0e, 0x91, 0xd0, 
			0x5a, 0xe7, 0x39, 0x02, 0x86, 0xb5, 0x00, 0xe7, 0xb5, 0x02, 0x06, 0xb4, 0x00, 0xc2, 0xa0, 0xe1, 
			0xc0, 0x20, 0x00, 0x92, 0x26, 0x85, 0x20, 0x99, 0x10, 0xc0, 0x99, 0x20, 0xc0, 0x20, 0x00, 0x92, 
			0x66, 0x85, 0xc0, 0x20, 0x00, 0xf1, 0xc7, 0x5a, 0x82, 0x26, 0x86, 0xc0, 0x20, 0x00, 0xe2, 0x26, 
			0xa8, 0xd0, 0xee, 0x10, 0xf0, 0xee, 0x20, 0xc0, 0x20, 0x00, 0xe2, 0x66, 0x86, 0xe1, 0xc2, 0x5a, 
			0xc0, 0x20, 0x00, 0xc2, 0x26, 0x87, 0xb0, 0xcc, 0x10, 0xe0, 0xcc, 0x20, 0xc0, 0x20, 0x00, 0xc2, 
			0x66, 0x87, 0x06, 0xe0, 0xff, 0x52, 0x4b, 0x01, 0x25, 0xc1, 0xf6, 0x10, 0xc1, 0x20, 0xd8, 0x11, 
			0xb8, 0x22, 0xe1, 0x63, 0x59, 0x92, 0x2b, 0x12, 0x82, 0x2b, 0x53, 0x90, 0xfa, 0xc0, 0x87, 0xbf, 
			0x02, 0x06, 0x84, 0xff, 0xa2, 0xa0, 0x80, 0xaa, 0xab, 0x92, 0x0a, 0x98, 0xf6, 0x29, 0x02, 0x46, 
			0x34, 0x00, 0xc0, 0x20, 0x00, 0xf2, 0x26, 0x80, 0xe0, 0xef, 0x10, 0xc0, 0x20, 0x00, 0x0c, 0x2d, 
			0xe2, 0x66, 0x80, 0x72, 0x4a, 0x98, 0xd2, 0x4a, 0x96, 0xc0, 0x20, 0x00, 0xb2, 0x0a, 0x98, 0xd2, 
			0x24, 0x40, 0xca, 0xbb, 0xc1, 0xa3, 0x5a, 0xb2, 0x0b, 0x00, 0xc0, 0xcd, 0x10, 0xa0, 0xbb, 0x01, 
			0xc0, 0xbb, 0x20, 0xc0, 0x20, 0x00, 0xb2, 0x64, 0x40, 0x91, 0xc5, 0x59, 0xc0, 0x20, 0x00, 0xa1, 
			0x9b, 0x59, 0x82, 0x24, 0x41, 0xa0, 0x88, 0x10, 0x90, 0x88, 0x20, 0xc0, 0x20, 0x00, 0x82, 0x64, 
			0x41, 0xe1, 0x2f, 0x5a, 0xc0, 0x20, 0x00, 0xf1, 0x11, 0x5a, 0xd2, 0x24, 0x5b, 0xf0, 0xdd, 0x10, 
			0xe0, 0xdd, 0x20, 0xc0, 0x20, 0x00, 0xd2, 0x64, 0x5b, 0xc0, 0x20, 0x00, 0xc2, 0x23, 0xdd, 0x50, 
			0xcc, 0x20, 0xc0, 0x20, 0x00, 0xb8, 0xd2, 0xc2, 0x63, 0xdd, 0x52, 0x4b, 0x21, 0xe5, 0xb6, 0xf6, 
			0x88, 0x22, 0x92, 0xa0, 0x80, 0xa2, 0x68, 0x12, 0x9a, 0x88, 0x52, 0x48, 0xb5, 0xe5, 0xb5, 0xf6, 
			0xb8, 0x22, 0xa2, 0x6b, 0x18, 0x06, 0x5b, 0xff, 0x25, 0xb5, 0xf6, 0xb2, 0x22, 0x02, 0xe2, 0x2b, 
			0x12, 0xd2, 0x2b, 0x0e, 0xe0, 0xca, 0xc0, 0xd7, 0xbc, 0x08, 0xf2, 0x22, 0x00, 0x52, 0x4f, 0x01, 
			0x46, 0x54, 0xff, 0xa2, 0xa0, 0x80, 0xaa, 0xab, 0x92, 0x0a, 0x98, 0xf6, 0x29, 0x02, 0xc6, 0x2a, 
			0x00, 0x72, 0x4a, 0x98, 0x72, 0x4a, 0x97, 0x72, 0x4a, 0x96, 0xc8, 0x02, 0xb8, 0x11, 0xb2, 0x4c, 
			0x01, 0x06, 0x4c, 0xff, 0xf2, 0xc9, 0x01, 0xf0, 0xf0, 0x74, 0xf2, 0x4a, 0x98, 0xc0, 0x20, 0x00, 
			0xb1, 0x74, 0x5a, 0x82, 0x24, 0x40, 0xc0, 0xff, 0x80, 0xf2, 0x0f, 0x00, 0xb0, 0x88, 0x10, 0xa0, 
			0xff, 0x01, 0x80, 0xff, 0x20, 0xc0, 0x20, 0x00, 0xf2, 0x64, 0x40, 0xc0, 0x20, 0x00, 0xb1, 0x6b, 
			0x59, 0x82, 0x24, 0x5b, 0xb0, 0x88, 0x10, 0xb1, 0x3c, 0x5a, 0xb0, 0x88, 0x20, 0xc0, 0x20, 0x00, 
			0x82, 0x64, 0x5b, 0xf2, 0x0a, 0x98, 0x66, 0x2f, 0x3d, 0xc0, 0x20, 0x00, 0x82, 0x23, 0xdd, 0x50, 
			0x88, 0x20, 0xc0, 0x20, 0x00, 0x82, 0x63, 0xdd, 0xa8, 0xd2, 0xd2, 0x4a, 0x21, 0xc0, 0x20, 0x00, 
			0x92, 0x26, 0x80, 0xe0, 0x99, 0x10, 0xc0, 0x20, 0x00, 0x92, 0x66, 0x80, 0xe5, 0xaa, 0xf6, 0xb8, 
			0x22, 0xc2, 0xa0, 0x80, 0xa2, 0x6b, 0x12, 0xca, 0xbb, 0x52, 0x4b, 0xb5, 0xe5, 0xa9, 0xf6, 0xd8, 
			0x22, 0xa2, 0x6d, 0x18, 0x46, 0x2b, 0xff, 0x0c, 0x2d, 0xc0, 0x20, 0x00, 0xf2, 0x23, 0xdd, 0x7c, 
			0xe8, 0x80, 0xff, 0x10, 0xc0, 0x20, 0x00, 0xf2, 0x63, 0xdd, 0x86, 0xee, 0xff, 0xe2, 0xc9, 0x01, 
			0xe0, 0xe0, 0x74, 0xe2, 0x4a, 0x98, 0xc0, 0x20, 0x00, 0x10, 0xf1, 0x20, 0x81, 0x4d, 0x5a, 0xfa, 
			0xee, 0xf2, 0x24, 0x40, 0xe2, 0x0e, 0x00, 0x80, 0xff, 0x10, 0xa0, 0xee, 0x01, 0xf0, 0xee, 0x20, 
			0xc0, 0x20, 0x00, 0xe2, 0x64, 0x40, 0xc0, 0x20, 0x00, 0xd1, 0x44, 0x59, 0xc2, 0x24, 0x5b, 0xd0, 
			0xcc, 0x10, 0xd1, 0x15, 0x5a, 0xd0, 0xcc, 0x20, 0xc0, 0x20, 0x00, 0xc2, 0x64, 0x5b, 0xb2, 0x0a, 
			0x98, 0x66, 0x2b, 0x42, 0xc0, 0x20, 0x00, 0xf2, 0x23, 0xdd, 0x50, 0xff, 0x20, 0xc0, 0x20, 0x00, 
			0xf2, 0x63, 0xdd, 0xb8, 0xd2, 0xa8, 0x11, 0xa2, 0x4b, 0x21, 0xc0, 0x20, 0x00, 0x91, 0xe8, 0x58, 
			0x82, 0x26, 0x80, 0x90, 0x88, 0x10, 0xc0, 0x20, 0x00, 0x82, 0x66, 0x80, 0xe5, 0xa0, 0xf6, 0xc8, 
			0x22, 0xd2, 0xa0, 0x80, 0xa2, 0x6c, 0x12, 0xda, 0xcc, 0x52, 0x4c, 0xb5, 0xe5, 0x9f, 0xf6, 0xe8, 
			0x22, 0xa2, 0x6e, 0x18, 0x46, 0x03, 0xff, 0x0c, 0x29, 0x99, 0x11, 0xc0, 0x20, 0x00, 0xf2, 0x23, 
			0xdd, 0x7c, 0xe8, 0x80, 0xff, 0x10, 0xc0, 0x20, 0x00, 0xf2, 0x63, 0xdd, 0xc6, 0xec, 0xff, 0xc0, 
			0x20, 0x00, 0xc1, 0xd5, 0x58, 0xb2, 0x23, 0x80, 0xc0, 0xbb, 0x10, 0xc0, 0x20, 0x00, 0xb2, 0x63, 
			0x80, 0xc0, 0x20, 0x00, 0xa2, 0x23, 0xdd, 0x07, 0xea, 0x02, 0x86, 0x20, 0x00, 0xc0, 0x20, 0x00, 
			0xd2, 0x23, 0xdd, 0xe2, 0xaf, 0xfe, 0xe0, 0xdd, 0x10, 0xc0, 0x20, 0x00, 0xd2, 0x63, 0xdd, 0xf2, 
			0x22, 0x0d, 0xad, 0x02, 0x72, 0x4f, 0x20, 0xa5, 0x09, 0x00, 0x98, 0x22, 0x0c, 0x78, 0x6a, 0x99, 
			0x82, 0x49, 0x96, 0xa5, 0x99, 0xf6, 0xb8, 0x22, 0xa2, 0x6b, 0x12, 0x86, 0xe9, 0xfe, 0xc0, 0x20, 
			0x00, 0x82, 0x26, 0x85, 0x20, 0x88, 0x10, 0x40, 0x88, 0x20, 0xc0, 0x20, 0x00, 0x82, 0x66, 0x85, 
			0xc0, 0x20, 0x00, 0xe2, 0x26, 0x86, 0xc0, 0x20, 0x00, 0xf2, 0x66, 0x86, 0xc0, 0x20, 0x00, 0xd2, 
			0x26, 0x87, 0xb0, 0xdd, 0x10, 0xc0, 0xdd, 0x20, 0xc0, 0x20, 0x00, 0xd2, 0x66, 0x87, 0x06, 0x31, 
			0xff, 0xc0, 0x20, 0x00, 0x92, 0x24, 0x60, 0xf7, 0x79, 0x0b, 0xc0, 0x20, 0x00, 0xa2, 0x24, 0x61, 
			0xa0, 0xaf, 0x05, 0x56, 0xea, 0xb5, 0x6a, 0xdb, 0x0c, 0x4c, 0xc2, 0x4d, 0x96, 0x06, 0xd5, 0xfe, 
			0x7d, 0x05, 0xc0, 0x20, 0x00, 0xe2, 0x23, 0xdd, 0x50, 0xee, 0x20, 0xc0, 0x20, 0x00, 0xe2, 0x63, 
			0xdd, 0x86, 0xde, 0xff, 0xa1, 0xc9, 0x58, 0xc0, 0x20, 0x00, 0x92, 0x24, 0x45, 0xa0, 0x99, 0x10, 
			0xc0, 0x20, 0x00, 0x92, 0x64, 0x45, 0x6a, 0x8b, 0x0c, 0x4f, 0xf2, 0x48, 0x96, 0x06, 0xc9, 0xfe, 
			0x36, 0x61, 0x00, 0x0c, 0xae, 0x82, 0xa4, 0x00, 0x41, 0xc2, 0x58, 0x71, 0x16, 0x59, 0x51, 0x03, 
			0x59, 0xd1, 0xfe, 0x58, 0xb2, 0xaf, 0x00, 0xa1, 0xf5, 0x59, 0xc1, 0xf5, 0x59, 0x61, 0x98, 0x58, 
			0x38, 0xd2, 0x91, 0x2b, 0x59, 0x32, 0x03, 0x20, 0x21, 0x97, 0x58, 0xfc, 0x73, 0xf1, 0x77, 0x59, 
			0xc0, 0x20, 0x00, 0x32, 0x22, 0x40, 0x67, 0x73, 0x02, 0xc6, 0x53, 0x02, 0x31, 0x00, 0x59, 0xc0, 
			0x20, 0x00, 0xc2, 0x26, 0x83, 0x50, 0xcc, 0x10, 0x30, 0xcc, 0x20, 0xc0, 0x20, 0x00, 0xc2, 0x66, 
			0x83, 0xc0, 0x20, 0x00, 0x72, 0x24, 0x87, 0xf0, 0x77, 0x10, 0x80, 0x77, 0x20, 0xc0, 0x20, 0x00, 
			0x72, 0x64, 0x87, 0xc6, 0x59, 0x02, 0xf1, 0xe3, 0x59, 0x81, 0xf5, 0x58, 0xb1, 0xb1, 0x59, 0xe1, 
			0xe2, 0x59, 0xc0, 0x20, 0x00, 0x31, 0x16, 0x59, 0x92, 0x22, 0x9b, 0x30, 0x99, 0x10, 0xb0, 0x99, 
			0x20, 0xc0, 0x20, 0x00, 0x92, 0x62, 0x9b, 0x91, 0xa1, 0x59, 0xc0, 0x20, 0x00, 0x72, 0x22, 0x9d, 
			0x30, 0x77, 0x10, 0x90, 0x77, 0x20, 0xc0, 0x20, 0x00, 0x72, 0x62, 0x9d, 0xc0, 0x20, 0x00, 0x92, 
			0x22, 0x9f, 0x80, 0x99, 0x20, 0xc0, 0x20, 0x00, 0x92, 0x62, 0x9f, 0xc0, 0x20, 0x00, 0x72, 0x22, 
			0xa0, 0x80, 0x77, 0x20, 0xc0, 0x20, 0x00, 0x72, 0x62, 0xa0, 0xc0, 0x20, 0x00, 0x92, 0x22, 0xa1, 
			0x80, 0x99, 0x20, 0xc0, 0x20, 0x00, 0x92, 0x62, 0xa1, 0xc0, 0x20, 0x00, 0x72, 0x22, 0xb4, 0x80, 
			0x77, 0x20, 0xc0, 0x20, 0x00, 0x72, 0x62, 0xb4, 0xc0, 0x20, 0x00, 0x92, 0x22, 0xb5, 0x80, 0x99, 
			0x20, 0xc0, 0x20, 0x00, 0x92, 0x62, 0xb5, 0xc0, 0x20, 0x00, 0x72, 0x22, 0xb6, 0x80, 0x77, 0x20, 
			0xc0, 0x20, 0x00, 0x72, 0x62, 0xb6, 0xc0, 0x20, 0x00, 0x92, 0x22, 0xa7, 0x72, 0xa2, 0x00, 0x50, 
			0x99, 0x10, 0x70, 0x99, 0x20, 0xc0, 0x20, 0x00, 0x92, 0x62, 0xa7, 0xc0, 0x20, 0x00, 0x72, 0x22, 
			0xa9, 0x80, 0x77, 0x20, 0xc0, 0x20, 0x00, 0x72, 0x62, 0xa9, 0xc0, 0x20, 0x00, 0x92, 0x22, 0xaa, 
			0x80, 0x99, 0x20, 0xc0, 0x20, 0x00, 0x92, 0x62, 0xaa, 0xc0, 0x20, 0x00, 0x72, 0x22, 0xab, 0x80, 
			0x77, 0x20, 0xc0, 0x20, 0x00, 0x72, 0x62, 0xab, 0xc0, 0x20, 0x00, 0x92, 0x22, 0xb1, 0x30, 0x99, 
			0x10, 0xb0, 0x99, 0x20, 0xc0, 0x20, 0x00, 0x92, 0x62, 0xb1, 0xc0, 0x20, 0x00, 0x72, 0x24, 0xdd, 
			0x0c, 0x18, 0x80, 0x77, 0x20, 0xc0, 0x20, 0x00, 0x72, 0x64, 0xdd, 0xc0, 0x20, 0x00, 0x71, 0xa7, 
			0x59, 0x81, 0xa7, 0x59, 0x91, 0xa8, 0x59, 0x32, 0x24, 0xb6, 0xb1, 0xdc, 0x58, 0x30, 0x3f, 0x05, 
			0x16, 0x63, 0x11, 0xc0, 0x20, 0x00, 0x32, 0x26, 0x83, 0xa1, 0xa3, 0x59, 0x50, 0x33, 0x10, 0xa0, 
			0x33, 0x20, 0xc0, 0x20, 0x00, 0x32, 0x66, 0x83, 0xc0, 0x20, 0x00, 0xa2, 0xaf, 0x00, 0xc2, 0x22, 
			0x81, 0x0c, 0xa3, 0xa0, 0xcc, 0x10, 0x30, 0xcc, 0x20, 0xc0, 0x20, 0x00, 0xc2, 0x62, 0x81, 0xc0, 
			0x20, 0x00, 0xc2, 0x22, 0x91, 0xa0, 0xcc, 0x10, 0x30, 0xcc, 0x20, 0xc0, 0x20, 0x00, 0xc2, 0x62, 
			0x91, 0xc0, 0x20, 0x00, 0x32, 0x22, 0xa3, 0xa2, 0xa8, 0xff, 0xa0, 0x33, 0x10, 0xa2, 0xa2, 0x00, 
			0xa0, 0x33, 0x20, 0xc0, 0x20, 0x00, 0x32, 0x62, 0xa3, 0xc0, 0x20, 0x00, 0xc2, 0x22, 0xb8, 0x31, 
			0xa5, 0x58, 0xe0, 0xcc, 0x10, 0x30, 0xcc, 0x20, 0xc0, 0x20, 0x00, 0xc2, 0x62, 0xb8, 0xc0, 0x20, 
			0x00, 0xa2, 0x22, 0xa4, 0x70, 0xaa, 0x10, 0xc0, 0x20, 0x00, 0xa2, 0x62, 0xa4, 0xa1, 0x87, 0x59, 
			0xc0, 0x20, 0x00, 0x32, 0x22, 0xa5, 0x90, 0x33, 0x10, 0xa0, 0x33, 0x20, 0xc0, 0x20, 0x00, 0x32, 
			0x62, 0xa5, 0x31, 0x83, 0x59, 0xc0, 0x20, 0x00, 0xc2, 0x22, 0xb9, 0xf0, 0xcc, 0x10, 0x30, 0xcc, 
			0x20, 0xc0, 0x20, 0x00, 0xc2, 0x62, 0xb9, 0xc0, 0x20, 0x00, 0x32, 0x24, 0xc0, 0x7c, 0xca, 0xa0, 
			0x33, 0x10, 0x0c, 0x2a, 0xa0, 0x33, 0x20, 0xc0, 0x20, 0x00, 0x32, 0x64, 0xc0, 0xc0, 0x20, 0x00, 
			0xc2, 0x24, 0xc4, 0x50, 0xcc, 0x10, 0xc0, 0x20, 0x00, 0xc2, 0x64, 0xc4, 0xc0, 0x20, 0x00, 0xa2, 
			0x24, 0xc5, 0xd0, 0xaa, 0x20, 0xc0, 0x20, 0x00, 0xa2, 0x64, 0xc5, 0xa1, 0xb6, 0x58, 0xc0, 0x20, 
			0x00, 0x32, 0x24, 0xcb, 0x80, 0x33, 0x10, 0xa0, 0x33, 0x20, 0xc0, 0x20, 0x00, 0x32, 0x64, 0xcb, 
			0x31, 0x6d, 0x59, 0xc0, 0x20, 0x00, 0xc2, 0x24, 0xcc, 0xc0, 0xc0, 0x74, 0x30, 0xcc, 0x20, 0xc0, 
			0x20, 0x00, 0xc2, 0x64, 0xcc, 0xc0, 0x20, 0x00, 0xa2, 0x24, 0xcd, 0xa0, 0xa0, 0x74, 0xb0, 0xaa, 
			0x20, 0xc0, 0x20, 0x00, 0xa2, 0x64, 0xcd, 0x06, 0xd6, 0x00, 0xc1, 0xf0, 0x58, 0xb1, 0x0c, 0x59, 
			0xc0, 0x20, 0x00, 0x32, 0x26, 0xa8, 0x30, 0x3e, 0x05, 0x16, 0x43, 0x11, 0xc0, 0x20, 0x00, 0x32, 
			0x26, 0x83, 0xd1, 0x53, 0x59, 0x50, 0x33, 0x10, 0xd0, 0x33, 0x20, 0xc0, 0x20, 0x00, 0x32, 0x66, 
			0x83, 0xc0, 0x20, 0x00, 0x62, 0xaf, 0x00, 0xd2, 0x22, 0x81, 0x0c, 0xa3, 0x60, 0xdd, 0x10, 0x30, 
			0xdd, 0x20, 0xc0, 0x20, 0x00, 0xd2, 0x62, 0x81, 0xc0, 0x20, 0x00, 0xd2, 0x22, 0x91, 0x60, 0xdd, 
			0x10, 0x30, 0xdd, 0x20, 0xc0, 0x20, 0x00, 0xd2, 0x62, 0x91, 0xc0, 0x20, 0x00, 0x32, 0x22, 0xa3, 
			0x62, 0xa8, 0xff, 0x60, 0x33, 0x10, 0x62, 0xa4, 0x00, 0x60, 0x33, 0x20, 0xc0, 0x20, 0x00, 0x32, 
			0x62, 0xa3, 0xc0, 0x20, 0x00, 0xd2, 0x22, 0xb8, 0x31, 0x48, 0x59, 0xe0, 0xdd, 0x10, 0x30, 0xdd, 
			0x20, 0xc0, 0x20, 0x00, 0xd2, 0x62, 0xb8, 0xc0, 0x20, 0x00, 0x62, 0x22, 0xa4, 0x70, 0x66, 0x10, 
			0xc0, 0x66, 0x20, 0xc0, 0x20, 0x00, 0x62, 0x62, 0xa4, 0xc0, 0x20, 0x00, 0x32, 0x22, 0xa5, 0x90, 
			0x33, 0x10, 0xa0, 0x33, 0x20, 0xc0, 0x20, 0x00, 0x32, 0x62, 0xa5, 0xc0, 0x20, 0x00, 0xd2, 0x22, 
			0xb9, 0x31, 0x3a, 0x59, 0xf0, 0xdd, 0x10, 0x30, 0xdd, 0x20, 0xc0, 0x20, 0x00, 0xd2, 0x62, 0xb9, 
			0xc0, 0x20, 0x00, 0x32, 0x24, 0xc0, 0x7c, 0xc6, 0x60, 0x33, 0x10, 0xc0, 0x20, 0x00, 0x32, 0x64, 
			0xc0, 0xc0, 0x20, 0x00, 0xd2, 0x24, 0xc4, 0x50, 0xdd, 0x10, 0xc0, 0x20, 0x00, 0xd2, 0x64, 0xc4, 
			0xc0, 0x20, 0x00, 0x62, 0x24, 0xcb, 0x80, 0x66, 0x10, 0xb0, 0x66, 0x20, 0xc0, 0x20, 0x00, 0x62, 
			0x64, 0xcb, 0xc0, 0x20, 0x00, 0x32, 0x24, 0xcc, 0x61, 0xee, 0x58, 0x30, 0x30, 0x74, 0x60, 0x33, 
			0x20, 0xc0, 0x20, 0x00, 0x32, 0x64, 0xcc, 0xc0, 0x20, 0x00, 0xd2, 0x24, 0xcd, 0x31, 0x53, 0x58, 
			0xd0, 0xd0, 0x74, 0x30, 0xdd, 0x20, 0xc0, 0x20, 0x00, 0xd2, 0x64, 0xcd, 0x61, 0x21, 0x58, 0xc0, 
			0x20, 0x00, 0x32, 0x24, 0xc5, 0x60, 0x33, 0x10, 0xc0, 0x20, 0x00, 0x32, 0x64, 0xc5, 0x46, 0x8c, 
			0x00, 0xc0, 0x20, 0x00, 0x32, 0x24, 0xf2, 0x30, 0x38, 0x05, 0x16, 0x93, 0x22, 0xc0, 0x20, 0x00, 
			0x32, 0x26, 0x83, 0x50, 0x53, 0x10, 0x31, 0x10, 0x59, 0x30, 0x55, 0x20, 0xc0, 0x20, 0x00, 0x52, 
			0x66, 0x83, 0xc0, 0x20, 0x00, 0x62, 0xaf, 0x00, 0x32, 0x22, 0x81, 0x0c, 0xa5, 0x60, 0x33, 0x10, 
			0x50, 0x33, 0x20, 0xc0, 0x20, 0x00, 0x32, 0x62, 0x81, 0xc0, 0x20, 0x00, 0x32, 0x22, 0x91, 0x60, 
			0x33, 0x10, 0x50, 0x33, 0x20, 0xc0, 0x20, 0x00, 0x32, 0x62, 0x91, 0xc0, 0x20, 0x00, 0x52, 0x22, 
			0xa3, 0x62, 0xa8, 0xff, 0x60, 0x55, 0x10, 0x62, 0xa4, 0x00, 0x60, 0x55, 0x20, 0xc0, 0x20, 0x00, 
			0x52, 0x62, 0xa3, 0xc0, 0x20, 0x00, 0x32, 0x22, 0xb8, 0x51, 0xff, 0x58, 0xe0, 0x33, 0x10, 0x50, 
			0x33, 0x20, 0xc0, 0x20, 0x00, 0x32, 0x62, 0xb8, 0xc0, 0x20, 0x00, 0x62, 0x22, 0xa4, 0x70, 0x66, 
			0x10, 0xc0, 0x66, 0x20, 0xc0, 0x20, 0x00, 0x62, 0x62, 0xa4, 0xc0, 0x20, 0x00, 0x52, 0x22, 0xa5, 
			0x90, 0x55, 0x10, 0xa0, 0x55, 0x20, 0xc0, 0x20, 0x00, 0x52, 0x62, 0xa5, 0xc0, 0x20, 0x00, 0x32, 
			0x22, 0xb9, 0x51, 0xf2, 0x58, 0xf0, 0x33, 0x10, 0x50, 0x33, 0x20, 0xc0, 0x20, 0x00, 0x32, 0x62, 
			0xb9, 0xc0, 0x20, 0x00, 0x52, 0x24, 0xc0, 0x7c, 0xc6, 0x60, 0x55, 0x10, 0x0c, 0x26, 0x60, 0x55, 
			0x20, 0xc0, 0x20, 0x00, 0x52, 0x64, 0xc0, 0xc0, 0x20, 0x00, 0x31, 0xe8, 0x57, 0x62, 0x24, 0xc4, 
			0x30, 0x66, 0x10, 0xc0, 0x20, 0x00, 0x62, 0x64, 0xc4, 0xc0, 0x20, 0x00, 0x52, 0x24, 0xcb, 0x80, 
			0x55, 0x10, 0xb0, 0x55, 0x20, 0xc0, 0x20, 0x00, 0x52, 0x64, 0xcb, 0xc0, 0x20, 0x00, 0x32, 0x24, 
			0xcc, 0x30, 0x30, 0x74, 0xc0, 0x20, 0x00, 0x32, 0x64, 0xcc, 0xc0, 0x20, 0x00, 0x62, 0x24, 0xcd, 
			0x31, 0x0b, 0x58, 0x60, 0x60, 0x74, 0x30, 0x66, 0x20, 0xc0, 0x20, 0x00, 0x62, 0x64, 0xcd, 0xc0, 
			0x20, 0x00, 0x52, 0x24, 0xc5, 0xd0, 0x55, 0x20, 0xc0, 0x20, 0x00, 0x52, 0x64, 0xc5, 0x46, 0x44, 
			0x00, 0x59, 0x01, 0xc0, 0x20, 0x00, 0x32, 0x22, 0xa3, 0x52, 0xa8, 0xff, 0x50, 0x33, 0x10, 0x52, 
			0xa4, 0x00, 0x50, 0x33, 0x20, 0xc0, 0x20, 0x00, 0x32, 0x62, 0xa3, 0xc0, 0x20, 0x00, 0x52, 0x22, 
			0xa4, 0x70, 0x55, 0x10, 0xc0, 0x55, 0x20, 0xc0, 0x20, 0x00, 0x52, 0x62, 0xa4, 0xc0, 0x20, 0x00, 
			0x32, 0x22, 0xa5, 0x90, 0x33, 0x10, 0xa0, 0x33, 0x20, 0xc0, 0x20, 0x00, 0x32, 0x62, 0xa5, 0xc0, 
			0x20, 0x00, 0x52, 0x24, 0xcb, 0x80, 0x55, 0x10, 0xb0, 0x55, 0x20, 0xc0, 0x20, 0x00, 0x52, 0x64, 
			0xcb, 0xc0, 0x20, 0x00, 0x32, 0x24, 0xcc, 0x30, 0x30, 0x74, 0xc0, 0x20, 0x00, 0x32, 0x64, 0xcc, 
			0xc0, 0x20, 0x00, 0x52, 0x24, 0xcd, 0x31, 0xcb, 0x57, 0x50, 0x50, 0x74, 0x30, 0x55, 0x20, 0xc0, 
			0x20, 0x00, 0x52, 0x64, 0xcd, 0x58, 0x01, 0xc0, 0x20, 0x00, 0xc2, 0x26, 0x83, 0x31, 0xa8, 0x58, 
			0x50, 0xcc, 0x10, 0x30, 0xcc, 0x20, 0xc0, 0x20, 0x00, 0xc2, 0x66, 0x83, 0xc0, 0x20, 0x00, 0xa2, 
			0xaf, 0x00, 0xb2, 0x22, 0x81, 0x0c, 0xa9, 0xa0, 0xbb, 0x10, 0x90, 0xbb, 0x20, 0xc0, 0x20, 0x00, 
			0xb2, 0x62, 0x81, 0xc0, 0x20, 0x00, 0x82, 0x22, 0x91, 0xa0, 0x88, 0x10, 0x90, 0x88, 0x20, 0xc0, 
			0x20, 0x00, 0x82, 0x62, 0x91, 0xc0, 0x20, 0x00, 0x32, 0x22, 0xb8, 0x81, 0xa3, 0x58, 0xe0, 0x33, 
			0x10, 0x80, 0x33, 0x20, 0xc0, 0x20, 0x00, 0x32, 0x62, 0xb8, 0xc0, 0x20, 0x00, 0xc2, 0x22, 0xb9, 
			0x31, 0x9f, 0x58, 0xf0, 0xcc, 0x10, 0x30, 0xcc, 0x20, 0xc0, 0x20, 0x00, 0xc2, 0x62, 0xb9, 0xc0, 
			0x20, 0x00, 0xa2, 0x24, 0xc0, 0x7c, 0xcb, 0xb0, 0xaa, 0x10, 0x0c, 0x2b, 0xb0, 0xaa, 0x20, 0xc0, 
			0x20, 0x00, 0xa2, 0x64, 0xc0, 0xc0, 0x20, 0x00, 0x92, 0x24, 0xc4, 0x50, 0x99, 0x10, 0xc0, 0x20, 
			0x00, 0x92, 0x64, 0xc4, 0xc0, 0x20, 0x00, 0x82, 0x24, 0xc5, 0xd0, 0x88, 0x20, 0xc0, 0x20, 0x00, 
			0x82, 0x64, 0xc5, 0x0c, 0x02, 0x1d, 0xf0, 0xc0, 0x20, 0x00, 0x32, 0x24, 0xb7, 0x30, 0x3f, 0x05, 
			0x16, 0xe3, 0x11, 0xc0, 0x20, 0x00, 0x62, 0x26, 0x83, 0x31, 0x7d, 0x58, 0x50, 0x66, 0x10, 0x30, 
			0x66, 0x20, 0xc0, 0x20, 0x00, 0x31, 0x1e, 0x57, 0x62, 0x63, 0x83, 0xc0, 0x20, 0x00, 0x62, 0x22, 
			0x81, 0x32, 0xaf, 0x00, 0x30, 0x66, 0x10, 0x0c, 0xa3, 0x30, 0x66, 0x20, 0xc0, 0x20, 0x00, 0x62, 
			0x62, 0x81, 0xc0, 0x20, 0x00, 0x62, 0x22, 0x91, 0x32, 0xaf, 0x00, 0x30, 0x66, 0x10, 0x0c, 0xa3, 
			0x30, 0x66, 0x20, 0xc0, 0x20, 0x00, 0x62, 0x62, 0x91, 0xc0, 0x20, 0x00, 0x62, 0x22, 0xa3, 0x32, 
			0xa8, 0xff, 0x30, 0x66, 0x10, 0x32, 0xa4, 0x00, 0x30, 0x66, 0x20, 0xc0, 0x20, 0x00, 0x62, 0x62, 
			0xa3, 0xc0, 0x20, 0x00, 0x32, 0x22, 0xb8, 0x61, 0x70, 0x58, 0xe0, 0x33, 0x10, 0x60, 0x33, 0x20, 
			0xc0, 0x20, 0x00, 0x32, 0x62, 0xb8, 0xc0, 0x20, 0x00, 0x62, 0x22, 0xa4, 0x70, 0x66, 0x10, 0xc0, 
			0x66, 0x20, 0xc0, 0x20, 0x00, 0x62, 0x62, 0xa4, 0xc0, 0x20, 0x00, 0x32, 0x22, 0xa5, 0x90, 0x33, 
			0x10, 0xa0, 0x33, 0x20, 0xc0, 0x20, 0x00, 0x32, 0x62, 0xa5, 0xc0, 0x20, 0x00, 0x62, 0x22, 0xb9, 
			0x31, 0x63, 0x58, 0xf0, 0x66, 0x10, 0x30, 0x66, 0x20, 0xc0, 0x20, 0x00, 0x62, 0x62, 0xb9, 0xc0, 
			0x20, 0x00, 0x62, 0x24, 0xc0, 0x7c, 0xc3, 0x30, 0x66, 0x10, 0x0c, 0x23, 0x30, 0x66, 0x20, 0xc0, 
			0x20, 0x00, 0x62, 0x64, 0xc0, 0x62, 0xa3, 0x00, 0xc0, 0x20, 0x00, 0x32, 0x24, 0xc4, 0x50, 0x33, 
			0x10, 0x60, 0x33, 0x20, 0xc0, 0x20, 0x00, 0x32, 0x64, 0xc4, 0xc0, 0x20, 0x00, 0x62, 0x24, 0xcb, 
			0x80, 0x66, 0x10, 0xb0, 0x66, 0x20, 0xc0, 0x20, 0x00, 0x62, 0x64, 0xcb, 0xc0, 0x20, 0x00, 0x32, 
			0x24, 0xcc, 0x30, 0x30, 0x74, 0xc0, 0x20, 0x00, 0x32, 0x64, 0xcc, 0xc0, 0x20, 0x00, 0x62, 0x24, 
			0xcd, 0x31, 0x7a, 0x57, 0x60, 0x60, 0x74, 0x30, 0x66, 0x20, 0xc0, 0x20, 0x00, 0x62, 0x64, 0xcd, 
			0xc0, 0x20, 0x00, 0x32, 0x24, 0xc5, 0xd0, 0x33, 0x20, 0xc0, 0x20, 0x00, 0x32, 0x64, 0xc5, 0x06, 
			0xb4, 0xff, 0xc0, 0x20, 0x00, 0x32, 0x24, 0xb4, 0x30, 0x34, 0x25, 0x32, 0xc3, 0xfe, 0x56, 0x03, 
			0x16, 0xc0, 0x20, 0x00, 0x32, 0x22, 0x40, 0x30, 0x36, 0x15, 0x0b, 0x33, 0x56, 0x23, 0x15, 0xc0, 
			0x20, 0x00, 0x32, 0x22, 0x63, 0x30, 0x33, 0x04, 0x56, 0x63, 0x14, 0x81, 0x24, 0x57, 0x91, 0x3a, 
			0x57, 0xa1, 0x38, 0x58, 0xc1, 0x37, 0x58, 0xc0, 0x20, 0x00, 0x32, 0x26, 0x84, 0x30, 0x30, 0xf4, 
			0xc0, 0x33, 0x20, 0xc0, 0x20, 0x00, 0x32, 0x66, 0x84, 0x31, 0x33, 0x58, 0xc0, 0x20, 0x00, 0xc2, 
			0x22, 0x41, 0x80, 0xcc, 0x10, 0x30, 0xcc, 0x20, 0xc0, 0x20, 0x00, 0xc2, 0x62, 0x41, 0x31, 0x38, 
			0x57, 0xc0, 0x20, 0x00, 0xc2, 0x22, 0x59, 0x80, 0xcc, 0x10, 0x30, 0xcc, 0x20, 0xc0, 0x20, 0x00, 
			0xc2, 0x62, 0x59, 0x31, 0x2a, 0x58, 0x81, 0x23, 0x57, 0xc0, 0x20, 0x00, 0xc2, 0x22, 0x9b, 0x80, 
			0xcc, 0x10, 0x30, 0xcc, 0x20, 0xc0, 0x20, 0x00, 0xc2, 0x62, 0x9b, 0xc0, 0x20, 0x00, 0xc1, 0x24, 
			0x58, 0x82, 0x22, 0x9f, 0xc0, 0x88, 0x10, 0xa0, 0x88, 0x20, 0xc0, 0x20, 0x00, 0x82, 0x62, 0x9f, 
			0xc0, 0x20, 0x00, 0x32, 0x22, 0xa0, 0xc0, 0x33, 0x10, 0xa0, 0x33, 0x20, 0xc0, 0x20, 0x00, 0x32, 
			0x62, 0xa0, 0xc0, 0x20, 0x00, 0x82, 0x22, 0xa1, 0xc0, 0x88, 0x10, 0xa0, 0x88, 0x20, 0xc0, 0x20, 
			0x00, 0x82, 0x62, 0xa1, 0xc0, 0x20, 0x00, 0xc1, 0x17, 0x58, 0x32, 0x22, 0xa2, 0xc0, 0x20, 0x00, 
			0xc2, 0x62, 0xa2, 0x81, 0x16, 0x58, 0xa1, 0x14, 0x58, 0xc0, 0x20, 0x00, 0x32, 0x22, 0xa3, 0xa0, 
			0x33, 0x10, 0x80, 0x33, 0x20, 0xc0, 0x20, 0x00, 0x32, 0x62, 0xa3, 0x31, 0x11, 0x58, 0xc0, 0x20, 
			0x00, 0xc2, 0x22, 0xa4, 0x70, 0xcc, 0x10, 0x30, 0xcc, 0x20, 0xc0, 0x20, 0x00, 0xc2, 0x62, 0xa4, 
			0x81, 0x0e, 0x58, 0xa1, 0x0c, 0x58, 0xc0, 0x20, 0x00, 0x32, 0x22, 0xa5, 0xa0, 0x33, 0x10, 0x80, 
			0x33, 0x20, 0xc0, 0x20, 0x00, 0x32, 0x62, 0xa5, 0xc1, 0x09, 0x58, 0xc0, 0x20, 0x00, 0xa2, 0x24, 
			0xcb, 0xc0, 0xaa, 0x10, 0xb0, 0xaa, 0x20, 0xc0, 0x20, 0x00, 0xa2, 0x64, 0xcb, 0xa2, 0xa1, 0x00, 
			0xc0, 0x20, 0x00, 0x82, 0x24, 0xcc, 0x80, 0x80, 0x74, 0xa0, 0x88, 0x20, 0xc0, 0x20, 0x00, 0x82, 
			0x64, 0xcc, 0x81, 0xff, 0x57, 0xc0, 0x20, 0x00, 0x32, 0x24, 0xcd, 0x30, 0x30, 0x74, 0x80, 0x33, 
			0x20, 0xc0, 0x20, 0x00, 0x32, 0x64, 0xcd, 0xa1, 0x22, 0x57, 0xc1, 0xff, 0x56, 0xc0, 0x20, 0x00, 
			0x82, 0x29, 0x45, 0xc0, 0x88, 0x10, 0xa0, 0x88, 0x20, 0xc0, 0x20, 0x00, 0x82, 0x69, 0x45, 0x06, 
			0x31, 0xff, 0xc0, 0x20, 0x00, 0x32, 0x24, 0xb4, 0x30, 0x34, 0x25, 0x66, 0x23, 0x78, 0x59, 0x01, 
			0xc0, 0x20, 0x00, 0x32, 0x22, 0xa3, 0x52, 0xa8, 0xff, 0x50, 0x33, 0x10, 0x52, 0xa4, 0x00, 0x50, 
			0x33, 0x20, 0xc0, 0x20, 0x00, 0x32, 0x62, 0xa3, 0xc0, 0x20, 0x00, 0x52, 0x22, 0xa4, 0x70, 0x55, 
			0x10, 0xc0, 0x55, 0x20, 0xc0, 0x20, 0x00, 0x52, 0x62, 0xa4, 0xc0, 0x20, 0x00, 0x32, 0x22, 0xa5, 
			0x90, 0x33, 0x10, 0xa0, 0x33, 0x20, 0xc0, 0x20, 0x00, 0x32, 0x62, 0xa5, 0xc0, 0x20, 0x00, 0x52, 
			0x24, 0xcb, 0x80, 0x55, 0x10, 0xb0, 0x55, 0x20, 0xc0, 0x20, 0x00, 0x52, 0x64, 0xcb, 0xc0, 0x20, 
			0x00, 0x32, 0x24, 0xcc, 0x30, 0x30, 0x74, 0xc0, 0x20, 0x00, 0x32, 0x64, 0xcc, 0xc0, 0x20, 0x00, 
			0x52, 0x24, 0xcd, 0x31, 0xdc, 0x56, 0x50, 0x50, 0x74, 0x30, 0x55, 0x20, 0xc0, 0x20, 0x00, 0x52, 
			0x64, 0xcd, 0x58, 0x01, 0xc6, 0x0f, 0xff, 0xc0, 0x20, 0x00, 0x32, 0x22, 0x63, 0x30, 0x33, 0x04, 
			0x16, 0xd3, 0xbb, 0x59, 0x01, 0xc0, 0x20, 0x00, 0x32, 0x22, 0xa3, 0x52, 0xa8, 0xff, 0x50, 0x33, 
			0x10, 0x52, 0xa4, 0x00, 0x50, 0x33, 0x20, 0xc0, 0x20, 0x00, 0x32, 0x62, 0xa3, 0xc0, 0x20, 0x00, 
			0x52, 0x22, 0xa4, 0x70, 0x55, 0x10, 0xc0, 0x55, 0x20, 0xc0, 0x20, 0x00, 0x52, 0x62, 0xa4, 0xc0, 
			0x20, 0x00, 0x32, 0x22, 0xa5, 0x90, 0x33, 0x10, 0xa0, 0x33, 0x20, 0xc0, 0x20, 0x00, 0x32, 0x62, 
			0xa5, 0xc0, 0x20, 0x00, 0x52, 0x24, 0xcb, 0x80, 0x55, 0x10, 0xb0, 0x55, 0x20, 0xc0, 0x20, 0x00, 
			0x52, 0x64, 0xcb, 0xc0, 0x20, 0x00, 0x32, 0x24, 0xcc, 0x30, 0x30, 0x74, 0xc0, 0x20, 0x00, 0x32, 
			0x64, 0xcc, 0xc0, 0x20, 0x00, 0x52, 0x24, 0xcd, 0x31, 0xd9, 0x56, 0x50, 0x50, 0x74, 0x30, 0x55, 
			0x20, 0xc0, 0x20, 0x00, 0x52, 0x64, 0xcd, 0x58, 0x01, 0x86, 0xee, 0xfe, 0xc0, 0x20, 0x00, 0x32, 
			0x26, 0x83, 0x50, 0x33, 0x10, 0xc0, 0x33, 0x20, 0xc0, 0x20, 0x00, 0x32, 0x66, 0x83, 0xc0, 0x20, 
			0x00, 0x32, 0x22, 0x63, 0x37, 0x63, 0x14, 0xc0, 0x20, 0x00, 0x82, 0x24, 0x87, 0xf0, 0x88, 0x10, 
			0x70, 0x88, 0x20, 0xc0, 0x20, 0x00, 0x82, 0x64, 0x87, 0x46, 0x04, 0x00, 0xc0, 0x20, 0x00, 0xc2, 
			0x24, 0x87, 0xf0, 0xcc, 0x10, 0x80, 0xcc, 0x20, 0xc0, 0x20, 0x00, 0xc2, 0x64, 0x87, 0xc1, 0xa1, 
			0x57, 0x71, 0x54, 0x57, 0xc0, 0x20, 0x00, 0x62, 0x22, 0x81, 0xb0, 0x66, 0x10, 0xe0, 0x66, 0x20, 
			0xc0, 0x20, 0x00, 0x62, 0x62, 0x81, 0xc0, 0x20, 0x00, 0x32, 0x22, 0x91, 0xb0, 0x33, 0x10, 0xe0, 
			0x33, 0x20, 0xc0, 0x20, 0x00, 0x32, 0x62, 0x91, 0xc0, 0x20, 0x00, 0xf2, 0x22, 0x9b, 0x90, 0xff, 
			0x10, 0x70, 0xff, 0x20, 0xc0, 0x20, 0x00, 0xf2, 0x62, 0x9b, 0xc0, 0x20, 0x00, 0x82, 0x22, 0x9d, 
			0x90, 0x88, 0x10, 0xd0, 0x88, 0x20, 0xc0, 0x20, 0x00, 0x82, 0x62, 0x9d, 0xc0, 0x20, 0x00, 0xf1, 
			0x84, 0x57, 0x62, 0x22, 0x9f, 0xf0, 0x66, 0x10, 0xc0, 0x66, 0x20, 0xc0, 0x20, 0x00, 0x62, 0x62, 
			0x9f, 0xc0, 0x20, 0x00, 0x32, 0x22, 0xa0, 0xf0, 0x33, 0x10, 0xc0, 0x33, 0x20, 0xc0, 0x20, 0x00, 
			0x32, 0x62, 0xa0, 0xc0, 0x20, 0x00, 0x82, 0x22, 0xa1, 0xf0, 0x88, 0x10, 0xc0, 0x88, 0x20, 0xc0, 
			0x20, 0x00, 0x82, 0x62, 0xa1, 0x61, 0x80, 0x57, 0xc0, 0x20, 0x00, 0x32, 0x22, 0xa5, 0x60, 0x33, 
			0x10, 0xa0, 0x33, 0x20, 0xc0, 0x20, 0x00, 0x32, 0x62, 0xa5, 0x81, 0x7c, 0x57, 0x61, 0x7c, 0x57, 
			0xc0, 0x20, 0x00, 0x32, 0x22, 0xb9, 0x80, 0x33, 0x10, 0x60, 0x33, 0x20, 0xc0, 0x20, 0x00, 0x32, 
			0x62, 0xb9, 0xc0, 0x20, 0x00, 0x82, 0x22, 0xb4, 0xf0, 0x88, 0x10, 0xc0, 0x88, 0x20, 0xc0, 0x20, 
			0x00, 0x82, 0x62, 0xb4, 0xc0, 0x20, 0x00, 0x62, 0x22, 0xb5, 0xf0, 0x66, 0x10, 0xc0, 0x66, 0x20, 
			0xc0, 0x20, 0x00, 0x62, 0x62, 0xb5, 0xc0, 0x20, 0x00, 0x32, 0x22, 0xb6, 0xf0, 0x33, 0x10, 0xc0, 
			0x33, 0x20, 0xc0, 0x20, 0x00, 0x32, 0x62, 0xb6, 0x31, 0x04, 0x57, 0xc0, 0x20, 0x00, 0x82, 0x22, 
			0xa7, 0x50, 0x88, 0x10, 0x30, 0x88, 0x20, 0xc0, 0x20, 0x00, 0x82, 0x62, 0xa7, 0xc0, 0x20, 0x00, 
			0x62, 0x22, 0xa9, 0xf0, 0x66, 0x10, 0xc0, 0x66, 0x20, 0xc0, 0x20, 0x00, 0x62, 0x62, 0xa9, 0xc0, 
			0x20, 0x00, 0x32, 0x22, 0xaa, 0xf0, 0x33, 0x10, 0xc0, 0x33, 0x20, 0xc0, 0x20, 0x00, 0x32, 0x62, 
			0xaa, 0xc0, 0x20, 0x00, 0x82, 0x22, 0xab, 0xf0, 0x88, 0x10, 0xc0, 0x88, 0x20, 0xc0, 0x20, 0x00, 
			0x82, 0x62, 0xab, 0xc0, 0x20, 0x00, 0x62, 0x22, 0xb1, 0x90, 0x66, 0x10, 0x70, 0x66, 0x20, 0xc0, 
			0x20, 0x00, 0x62, 0x62, 0xb1, 0x7c, 0xe3, 0xc0, 0x20, 0x00, 0xf2, 0x24, 0xdd, 0x30, 0xff, 0x10, 
			0xc0, 0x20, 0x00, 0xf2, 0x64, 0xdd, 0x46, 0xae, 0xfe, 0x00, 0x00, 0x00, 0x36, 0x81, 0x00, 0x31, 
			0xee, 0x55, 0x61, 0x26, 0x56, 0xc1, 0xd5, 0x55, 0xd2, 0x22, 0x03, 0x71, 0x36, 0x56, 0x92, 0x0d, 
			0x34, 0x41, 0xcf, 0x55, 0x82, 0xc9, 0xf8, 0x16, 0xc8, 0x0c, 0xf2, 0xa0, 0x02, 0xe2, 0xa0, 0x04, 
			0x0c, 0x5b, 0x0c, 0xf5, 0x0c, 0x6a, 0x82, 0xc9, 0xe8, 0xa9, 0x01, 0x0c, 0x3a, 0x16, 0xf8, 0x11, 
			0xb9, 0x41, 0xa9, 0x31, 0x82, 0xc9, 0xc0, 0x16, 0x78, 0x1e, 0xa2, 0xc9, 0xb8, 0x56, 0x2a, 0x0a, 
			0xe8, 0x52, 0xe9, 0x11, 0xc0, 0x20, 0x00, 0x82, 0x24, 0xa4, 0x80, 0x80, 0xf4, 0x89, 0x1e, 0xc0, 
			0x20, 0x00, 0xf2, 0x23, 0xe0, 0xf0, 0xf8, 0xf4, 0xf9, 0x2e, 0xc0, 0x20, 0x00, 0xc2, 0x2c, 0xb1, 
			0xc0, 0xc8, 0x41, 0xc9, 0x0e, 0xc0, 0x20, 0x00, 0xb2, 0x24, 0xb3, 0xb0, 0xbb, 0x04, 0xb2, 0x4e, 
			0x19, 0xb8, 0x3d, 0xa8, 0x2d, 0xe5, 0xa8, 0x01, 0xb8, 0x11, 0xa9, 0x3b, 0xc0, 0x20, 0x00, 0x92, 
			0x23, 0xe2, 0x90, 0x98, 0x24, 0x92, 0xc9, 0xfe, 0x16, 0x79, 0x14, 0xc0, 0x20, 0x00, 0xa2, 0x23, 
			0xe2, 0xa0, 0xa8, 0x24, 0xa2, 0xca, 0xfc, 0x56, 0xaa, 0x13, 0x58, 0x01, 0x46, 0x4d, 0x00, 0xb9, 
			0x01, 0x58, 0x01, 0x52, 0x4c, 0x1d, 0xa1, 0x14, 0x56, 0xc0, 0x20, 0x00, 0x82, 0x29, 0xb4, 0x80, 
			0x80, 0x15, 0x82, 0x4c, 0x23, 0xf1, 0xa7, 0x55, 0xc0, 0x20, 0x00, 0xf2, 0x2f, 0x63, 0xf0, 0xf3, 
			0x04, 0xf2, 0x4c, 0x22, 0xc0, 0x20, 0x00, 0xe8, 0x22, 0xf2, 0x24, 0xa6, 0xe2, 0xde, 0x01, 0x60, 
			0xff, 0x10, 0xf9, 0x5c, 0xe2, 0x0e, 0x2d, 0x16, 0x3e, 0x1f, 0xc0, 0x20, 0x00, 0x92, 0x2a, 0x7d, 
			0x92, 0x4c, 0x18, 0x0c, 0x02, 0x1d, 0xf0, 0xb8, 0x42, 0xc0, 0x20, 0x00, 0xf2, 0x24, 0xa4, 0xf0, 
			0xf0, 0xf4, 0xf9, 0x1b, 0xc0, 0x20, 0x00, 0xe2, 0x23, 0x98, 0xe0, 0xe0, 0xf5, 0xe9, 0x2b, 0xc0, 
			0x20, 0x00, 0xd2, 0x2c, 0xaa, 0xd0, 0xd8, 0x41, 0xd9, 0x0b, 0xc0, 0x20, 0x00, 0xa2, 0x24, 0xad, 
			0x60, 0xaa, 0x10, 0xc0, 0x20, 0x00, 0x92, 0x24, 0xaf, 0x60, 0x99, 0x10, 0x77, 0x7a, 0x02, 0x70, 
			0xaa, 0x20, 0xd8, 0x3b, 0x77, 0x79, 0x02, 0x70, 0x99, 0x20, 0x9a, 0xea, 0xea, 0xdd, 0xd9, 0x4b, 
			0xc0, 0x20, 0x00, 0xc2, 0x24, 0xb3, 0xc0, 0xcb, 0x04, 0xc2, 0x4b, 0x19, 0xc0, 0x20, 0x00, 0x92, 
			0x24, 0xac, 0x60, 0x99, 0x10, 0x77, 0x79, 0x9a, 0x70, 0xf9, 0x20, 0xf9, 0x5b, 0x86, 0xe4, 0xff, 
			0x91, 0xa4, 0x55, 0xc8, 0xd2, 0xc0, 0x20, 0x00, 0xd2, 0x24, 0xa0, 0x82, 0x0c, 0x20, 0xd0, 0xd0, 
			0xf4, 0xd9, 0x1c, 0x56, 0x38, 0x06, 0xc0, 0x20, 0x00, 0xd2, 0x29, 0xb2, 0xd0, 0x80, 0xf4, 0x89, 
			0x2c, 0x0c, 0x08, 0x89, 0x0c, 0xc0, 0x20, 0x00, 0x82, 0x24, 0xa7, 0x80, 0x88, 0x41, 0x89, 0x4c, 
			0xc0, 0x20, 0x00, 0x82, 0x29, 0xb4, 0x80, 0x84, 0x25, 0x16, 0x38, 0x18, 0xc0, 0x20, 0x00, 0xd2, 
			0x29, 0xb4, 0xd0, 0xd4, 0x25, 0x0b, 0xdd, 0x16, 0x0d, 0x11, 0xc0, 0x20, 0x00, 0xf2, 0x29, 0xb4, 
			0xf0, 0xf4, 0x25, 0xf2, 0xcf, 0xfe, 0x16, 0x7f, 0x04, 0xc0, 0x20, 0x00, 0x82, 0x29, 0xb4, 0x80, 
			0x84, 0x25, 0x82, 0xc8, 0xfd, 0x16, 0xe8, 0x16, 0xc0, 0x20, 0x00, 0xa2, 0x29, 0xb4, 0xa0, 0xa4, 
			0x25, 0x26, 0x4a, 0x2a, 0x52, 0x4c, 0x1c, 0x46, 0x0a, 0x00, 0xc0, 0x20, 0x00, 0xd2, 0x29, 0xf1, 
			0x06, 0xe6, 0xff, 0x0c, 0x45, 0x52, 0x4b, 0x1c, 0xc0, 0x20, 0x00, 0x92, 0x24, 0xac, 0x60, 0x99, 
			0x10, 0x90, 0xc7, 0x05, 0x16, 0xbc, 0xef, 0x70, 0xa9, 0x20, 0xa9, 0x5b, 0xc6, 0xbc, 0xff, 0x0c, 
			0xea, 0xa2, 0x4c, 0x1c, 0xc0, 0x20, 0x00, 0xd2, 0x29, 0xb4, 0xd0, 0xd2, 0x15, 0x16, 0xed, 0xe9, 
			0xc0, 0x20, 0x00, 0xe2, 0x29, 0xb4, 0xe0, 0xe2, 0x15, 0x0b, 0xee, 0x16, 0x2e, 0xe9, 0xc0, 0x20, 
			0x00, 0xf2, 0x29, 0xb4, 0xf0, 0xf2, 0x15, 0xf2, 0xcf, 0xfe, 0x56, 0x5f, 0xe8, 0x0c, 0x75, 0x06, 
			0xa0, 0xff, 0x92, 0x22, 0x08, 0x92, 0x61, 0x02, 0xc0, 0x20, 0x00, 0xe2, 0x24, 0xa4, 0xe0, 0xe0, 
			0xf4, 0xe2, 0x69, 0x01, 0xc0, 0x20, 0x00, 0xb2, 0x23, 0xe0, 0xb0, 0xb8, 0xf4, 0xb9, 0x29, 0xc0, 
			0x20, 0x00, 0xa2, 0x2c, 0xb1, 0xa0, 0xaa, 0x41, 0xa9, 0x09, 0xc0, 0x20, 0x00, 0x82, 0x24, 0xb3, 
			0x80, 0x8b, 0x04, 0x82, 0x49, 0x19, 0xb8, 0x3d, 0xa8, 0x2d, 0xa5, 0x8a, 0x01, 0xc8, 0x21, 0xa9, 
			0x3c, 0xb8, 0x31, 0x98, 0x41, 0xc0, 0x20, 0x00, 0xf2, 0x23, 0xe2, 0xf0, 0xf8, 0x24, 0xbc, 0xef, 
			0xc0, 0x20, 0x00, 0x82, 0x23, 0xe2, 0x80, 0x88, 0x24, 0x26, 0x18, 0x35, 0xc0, 0x20, 0x00, 0xa2, 
			0x23, 0xe2, 0xa0, 0xa8, 0x24, 0xa2, 0xca, 0xfe, 0x16, 0x0a, 0x0a, 0xc0, 0x20, 0x00, 0xb2, 0x23, 
			0xe2, 0xb0, 0xb8, 0x24, 0xb2, 0xcb, 0xfd, 0x16, 0x3b, 0x09, 0xc0, 0x20, 0x00, 0xd2, 0x23, 0xe2, 
			0xd0, 0xd8, 0x24, 0x66, 0x4d, 0x0d, 0x58, 0x01, 0x06, 0x02, 0x00, 0xad, 0x0f, 0x06, 0xd0, 0xff, 
			0x0c, 0x2b, 0x5d, 0x0b, 0x52, 0x4c, 0x1c, 0xc0, 0x20, 0x00, 0x92, 0x24, 0xac, 0x60, 0x99, 0x10, 
			0x90, 0xe7, 0x05, 0x16, 0xce, 0xe1, 0x70, 0xa9, 0x20, 0xa9, 0x5c, 0x06, 0x85, 0xff, 0xc0, 0x20, 
			0x00, 0xb2, 0x2a, 0x7c, 0xf7, 0x7b, 0x3d, 0xc0, 0x20, 0x00, 0xd2, 0x2a, 0x70, 0xf7, 0x7d, 0x34, 
			0xc0, 0x20, 0x00, 0xb2, 0x2a, 0x7d, 0xb2, 0x4c, 0x18, 0x91, 0x1f, 0x55, 0xc0, 0x20, 0x00, 0x82, 
			0x2a, 0x53, 0x90, 0x88, 0x20, 0xc0, 0x20, 0x00, 0x82, 0x6a, 0x53, 0xf1, 0x1a, 0x55, 0xc0, 0x20, 
			0x00, 0xe2, 0x2a, 0x53, 0xf0, 0xee, 0x10, 0xc0, 0x20, 0x00, 0xe2, 0x6a, 0x53, 0x86, 0x74, 0xff, 
			0x0c, 0xba, 0xc6, 0xb6, 0xff, 0xc0, 0x20, 0x00, 0xd2, 0x2a, 0x70, 0xd0, 0xdf, 0x05, 0x56, 0x1d, 
			0xdc, 0x92, 0xa0, 0xff, 0x06, 0x6e, 0xff, 0xad, 0x0e, 0x06, 0xb1, 0xff, 0x0c, 0x49, 0x5d, 0x09, 
			0x06, 0xe0, 0xff, 0x00, 0x36, 0x61, 0x00, 0x48, 0x32, 0x51, 0x05, 0x55, 0x42, 0x04, 0x34, 0x1c, 
			0x87, 0x66, 0x84, 0x35, 0x21, 0x1d, 0x55, 0xc0, 0x20, 0x00, 0x82, 0x22, 0xa2, 0x80, 0x80, 0x04, 
			0x16, 0x88, 0x0d, 0xc0, 0x20, 0x00, 0x92, 0x22, 0xa3, 0xb1, 0x76, 0x56, 0x90, 0x90, 0x04, 0x56, 
			0x99, 0x0c, 0xc1, 0x73, 0x55, 0xc0, 0x20, 0x00, 0xa2, 0x25, 0x8c, 0xc0, 0xaa, 0x10, 0xb0, 0xaa, 
			0x20, 0xc0, 0x20, 0x00, 0xa2, 0x65, 0x8c, 0xc6, 0x30, 0x00, 0xd2, 0xc4, 0xe8, 0x56, 0x7d, 0x0a, 
			0xe8, 0x22, 0xe2, 0xde, 0x01, 0xe2, 0x0e, 0x16, 0xe2, 0xce, 0xfa, 0x56, 0x9e, 0x09, 0xd1, 0x6b, 
			0x56, 0x21, 0x13, 0x55, 0xe1, 0x69, 0x56, 0x91, 0x3c, 0x56, 0x81, 0x5f, 0x55, 0xc2, 0xaf, 0x00, 
			0xf2, 0xa0, 0xe1, 0xb1, 0x44, 0x56, 0xa1, 0x44, 0x56, 0xc0, 0x20, 0x00, 0x72, 0x25, 0xa8, 0x70, 
			0x70, 0xc5, 0xc0, 0x20, 0x00, 0x32, 0x22, 0xdd, 0x41, 0x9e, 0x55, 0x30, 0x30, 0x04, 0x16, 0x93, 
			0x10, 0x61, 0xe4, 0x54, 0xc0, 0x20, 0x00, 0x32, 0x26, 0x40, 0x30, 0x36, 0x15, 0x0b, 0x33, 0x56, 
			0x43, 0x16, 0xc0, 0x20, 0x00, 0x32, 0x26, 0x63, 0x30, 0x33, 0x04, 0x56, 0x83, 0x15, 0xc0, 0x20, 
			0x00, 0x32, 0x22, 0xb4, 0x30, 0x34, 0x25, 0x32, 0xc3, 0xfd, 0x56, 0x93, 0x14, 0xc0, 0x20, 0x00, 
			0x32, 0x22, 0xb4, 0x30, 0x32, 0x15, 0x0b, 0x33, 0x56, 0xb3, 0x13, 0xc0, 0x20, 0x00, 0x32, 0x22, 
			0xc5, 0x40, 0x43, 0x10, 0x32, 0xa3, 0x00, 0x30, 0x44, 0x20, 0xc0, 0x20, 0x00, 0x42, 0x62, 0xc5, 
			0x06, 0x4f, 0x00, 0x91, 0xf0, 0x55, 0xc0, 0x20, 0x00, 0x82, 0x25, 0x89, 0x40, 0x88, 0x10, 0x90, 
			0x88, 0x20, 0xc0, 0x20, 0x00, 0x82, 0x65, 0x89, 0x0c, 0x02, 0x1d, 0xf0, 0xa1, 0xee, 0x55, 0xc0, 
			0x20, 0x00, 0x92, 0x25, 0x8c, 0xa0, 0x99, 0x20, 0xc0, 0x20, 0x00, 0x92, 0x65, 0x8c, 0xc0, 0x20, 
			0x00, 0xb2, 0x25, 0xac, 0x61, 0x3f, 0x56, 0xf7, 0x7b, 0xdd, 0xc0, 0x20, 0x00, 0xc2, 0x22, 0x9f, 
			0xe1, 0x3d, 0x56, 0xc0, 0xc8, 0x75, 0xc7, 0xb7, 0x14, 0xc0, 0x20, 0x00, 0xd2, 0x25, 0x83, 0x60, 
			0xdd, 0x10, 0xe0, 0xdd, 0x20, 0xc0, 0x20, 0x00, 0xd2, 0x65, 0x83, 0x46, 0x0d, 0x00, 0xc0, 0x20, 
			0x00, 0xe2, 0x22, 0xa1, 0x31, 0x35, 0x56, 0x07, 0x7e, 0x14, 0xc0, 0x20, 0x00, 0xf2, 0x25, 0x83, 
			0x60, 0xff, 0x10, 0x30, 0xff, 0x20, 0xc0, 0x20, 0x00, 0xf2, 0x65, 0x83, 0x06, 0x05, 0x00, 0x41, 
			0x2f, 0x56, 0xc0, 0x20, 0x00, 0x32, 0x25, 0x83, 0x60, 0x33, 0x10, 0x40, 0x33, 0x20, 0xc0, 0x20, 
			0x00, 0x32, 0x65, 0x83, 0x41, 0xaa, 0x55, 0xc0, 0x20, 0x00, 0x82, 0x22, 0xa3, 0xa1, 0x28, 0x56, 
			0x80, 0x80, 0x04, 0x16, 0xc8, 0xf5, 0xc0, 0x20, 0x00, 0x92, 0x25, 0x89, 0x40, 0x99, 0x10, 0xa0, 
			0x99, 0x20, 0xc0, 0x20, 0x00, 0x92, 0x65, 0x89, 0x06, 0xd7, 0xff, 0x31, 0xf1, 0x55, 0x61, 0x9e, 
			0x54, 0x77, 0x33, 0x02, 0x46, 0x7d, 0x00, 0x41, 0xef, 0x55, 0x77, 0xb4, 0x02, 0x06, 0x7b, 0x00, 
			0x42, 0xa0, 0xe7, 0xc0, 0x20, 0x00, 0x32, 0x25, 0x85, 0xc0, 0x33, 0x10, 0x40, 0x33, 0x20, 0xc0, 
			0x20, 0x00, 0x32, 0x65, 0x85, 0xc0, 0x20, 0x00, 0xe1, 0xe8, 0x55, 0xf2, 0x25, 0x86, 0xc0, 0x20, 
			0x00, 0xd2, 0x25, 0xa8, 0x90, 0xdd, 0x10, 0xe0, 0xdd, 0x20, 0xc0, 0x20, 0x00, 0xd2, 0x65, 0x86, 
			0xd1, 0xe3, 0x55, 0xc0, 0x20, 0x00, 0xb2, 0x25, 0x87, 0x80, 0xbb, 0x10, 0xd0, 0xbb, 0x20, 0xc0, 
			0x20, 0x00, 0xb2, 0x65, 0x87, 0xc0, 0x20, 0x00, 0xa2, 0x22, 0x9e, 0x60, 0xaa, 0x20, 0xc0, 0x20, 
			0x00, 0xa2, 0x62, 0x9e, 0x06, 0xbc, 0xff, 0x59, 0x01, 0x32, 0xa7, 0x40, 0xc0, 0x20, 0x00, 0x52, 
			0x22, 0xc5, 0x40, 0x55, 0x10, 0x30, 0x55, 0x20, 0xc0, 0x20, 0x00, 0x52, 0x62, 0xc5, 0x58, 0x01, 
			0x77, 0xbd, 0x3e, 0x77, 0x3e, 0x3b, 0xc0, 0x20, 0x00, 0xd2, 0x25, 0x85, 0xc0, 0xdd, 0x10, 0xf0, 
			0xdd, 0x20, 0xc0, 0x20, 0x00, 0xd2, 0x65, 0x85, 0xc0, 0x20, 0x00, 0x32, 0x25, 0x86, 0xc0, 0x20, 
			0x00, 0xe2, 0x25, 0xa8, 0x90, 0xee, 0x10, 0xb0, 0xee, 0x20, 0xc0, 0x20, 0x00, 0xe2, 0x65, 0x86, 
			0xc0, 0x20, 0x00, 0xd2, 0x25, 0x87, 0x80, 0xdd, 0x10, 0xa0, 0xdd, 0x20, 0xc0, 0x20, 0x00, 0xd2, 
			0x65, 0x87, 0x41, 0xce, 0x55, 0x91, 0x05, 0x55, 0x71, 0xce, 0x55, 0xb2, 0xa8, 0xff, 0xa1, 0xcf, 
			0x54, 0x81, 0xcc, 0x55, 0xd1, 0xd2, 0x54, 0xe1, 0xc8, 0x55, 0xf1, 0xc6, 0x55, 0xc0, 0x20, 0x00, 
			0x32, 0x22, 0xb6, 0x30, 0x3f, 0x05, 0x16, 0x23, 0x1a, 0xc0, 0x20, 0x00, 0x42, 0x25, 0x83, 0x31, 
			0xc6, 0x55, 0xd0, 0x44, 0x10, 0x30, 0x44, 0x20, 0xc0, 0x20, 0x00, 0x42, 0x65, 0x83, 0xc0, 0x20, 
			0x00, 0x32, 0x26, 0x81, 0x0c, 0xa4, 0xc0, 0x33, 0x10, 0x40, 0x33, 0x20, 0xc0, 0x20, 0x00, 0x32, 
			0x66, 0x81, 0xc0, 0x20, 0x00, 0x32, 0x26, 0x91, 0xc0, 0x33, 0x10, 0x40, 0x33, 0x20, 0xc0, 0x20, 
			0x00, 0x32, 0x66, 0x91, 0x32, 0xa2, 0x00, 0xc0, 0x20, 0x00, 0x42, 0x26, 0xa3, 0xb0, 0x44, 0x10, 
			0x30, 0x44, 0x20, 0xc0, 0x20, 0x00, 0x42, 0x66, 0xa3, 0xc0, 0x20, 0x00, 0x32, 0x26, 0xb8, 0x41, 
			0xc9, 0x54, 0xe0, 0x33, 0x10, 0x40, 0x33, 0x20, 0xc0, 0x20, 0x00, 0x32, 0x66, 0xb8, 0xc0, 0x20, 
			0x00, 0x41, 0xaa, 0x55, 0x32, 0x26, 0xa4, 0x40, 0x33, 0x10, 0xc0, 0x20, 0x00, 0x32, 0x66, 0xa4, 
			0x31, 0xab, 0x55, 0xc0, 0x20, 0x00, 0x42, 0x26, 0xa5, 0x80, 0x44, 0x10, 0x30, 0x44, 0x20, 0xc0, 
			0x20, 0x00, 0x42, 0x66, 0xa5, 0x41, 0xa6, 0x55, 0xc0, 0x20, 0x00, 0x32, 0x26, 0xb9, 0xf0, 0x33, 
			0x10, 0x40, 0x33, 0x20, 0xc0, 0x20, 0x00, 0x32, 0x66, 0xb9, 0xc0, 0x20, 0x00, 0x32, 0x22, 0xc0, 
			0x7c, 0xc4, 0x40, 0x33, 0x10, 0x0c, 0x24, 0x40, 0x33, 0x20, 0xc0, 0x20, 0x00, 0x32, 0x62, 0xc0, 
			0xc0, 0x20, 0x00, 0x42, 0x22, 0xc4, 0xd0, 0x44, 0x10, 0xc0, 0x20, 0x00, 0x42, 0x62, 0xc4, 0x41, 
			0xdd, 0x54, 0xc0, 0x20, 0x00, 0x32, 0x22, 0xcb, 0x70, 0x33, 0x10, 0x40, 0x33, 0x20, 0xc0, 0x20, 
			0x00, 0x32, 0x62, 0xcb, 0x31, 0x94, 0x55, 0xc0, 0x20, 0x00, 0x42, 0x22, 0xcc, 0x40, 0x40, 0x74, 
			0x30, 0x44, 0x20, 0xc0, 0x20, 0x00, 0x42, 0x62, 0xcc, 0xc0, 0x20, 0x00, 0x32, 0x22, 0xcd, 0x30, 
			0x30, 0x74, 0x90, 0x33, 0x20, 0xc0, 0x20, 0x00, 0x32, 0x62, 0xcd, 0xc0, 0x20, 0x00, 0x42, 0x22, 
			0xc5, 0xa0, 0x44, 0x20, 0xc0, 0x20, 0x00, 0x42, 0x62, 0xc5, 0x86, 0x56, 0xff, 0x31, 0x76, 0x55, 
			0x77, 0xb3, 0x08, 0x41, 0x76, 0x55, 0x77, 0x34, 0x02, 0xc6, 0xfb, 0x00, 0x32, 0xa2, 0x10, 0x77, 
			0xb3, 0x08, 0x42, 0xa2, 0x2b, 0x77, 0x34, 0x02, 0x06, 0xf8, 0x00, 0x0c, 0xd3, 0x77, 0x33, 0x02, 
			0x06, 0xf6, 0x00, 0x41, 0x6f, 0x55, 0x77, 0xb4, 0x08, 0x31, 0x64, 0x55, 0x77, 0x33, 0x02, 0x46, 
			0xf2, 0x00, 0x77, 0x3d, 0x02, 0x46, 0x04, 0x01, 0x77, 0xbe, 0x02, 0xc6, 0x02, 0x01, 0xc0, 0x20, 
			0x00, 0xe2, 0x25, 0x85, 0xc0, 0xee, 0x10, 0xf0, 0xee, 0x20, 0xc0, 0x20, 0x00, 0xe2, 0x65, 0x85, 
			0xc0, 0x20, 0x00, 0xd2, 0x25, 0x86, 0xc0, 0x20, 0x00, 0x32, 0x25, 0xa8, 0x90, 0x33, 0x10, 0xb0, 
			0x33, 0x20, 0xc0, 0x20, 0x00, 0x32, 0x65, 0x86, 0xc0, 0x20, 0x00, 0xe2, 0x25, 0x87, 0x80, 0xee, 
			0x10, 0xa0, 0xee, 0x20, 0xc0, 0x20, 0x00, 0xe2, 0x65, 0x87, 0xc0, 0x20, 0x00, 0xd2, 0x22, 0x9e, 
			0x60, 0xdd, 0x20, 0xc0, 0x20, 0x00, 0xd2, 0x62, 0x9e, 0xc6, 0x32, 0xff, 0xa1, 0x58, 0x55, 0xb1, 
			0xef, 0x54, 0x91, 0x0b, 0x55, 0xc0, 0x20, 0x00, 0x32, 0x25, 0xa8, 0x30, 0x3e, 0x05, 0x16, 0x43, 
			0x11, 0xc0, 0x20, 0x00, 0x42, 0x25, 0x83, 0x31, 0x52, 0x55, 0xd0, 0x44, 0x10, 0x30, 0x44, 0x20, 
			0xc0, 0x20, 0x00, 0x42, 0x65, 0x83, 0xc0, 0x20, 0x00, 0x32, 0x26, 0x81, 0x0c, 0xa4, 0xc0, 0x33, 
			0x10, 0x40, 0x33, 0x20, 0xc0, 0x20, 0x00, 0x32, 0x66, 0x81, 0xc0, 0x20, 0x00, 0x32, 0x26, 0x91, 
			0xc0, 0x33, 0x10, 0x40, 0x33, 0x20, 0xc0, 0x20, 0x00, 0x32, 0x66, 0x91, 0xc0, 0x20, 0x00, 0x32, 
			0x26, 0xa3, 0x42, 0xa8, 0xff, 0x40, 0x33, 0x10, 0x42, 0xa4, 0x00, 0x40, 0x33, 0x20, 0xc0, 0x20, 
			0x00, 0x32, 0x66, 0xa3, 0xc0, 0x20, 0x00, 0x42, 0x26, 0xb8, 0x31, 0x47, 0x55, 0xe0, 0x44, 0x10, 
			0x30, 0x44, 0x20, 0xc0, 0x20, 0x00, 0x42, 0x66, 0xb8, 0xc0, 0x20, 0x00, 0x31, 0x3c, 0x55, 0x42, 
			0x26, 0xa4, 0x30, 0x44, 0x10, 0xb0, 0x44, 0x20, 0xc0, 0x20, 0x00, 0x42, 0x66, 0xa4, 0xc0, 0x20, 
			0x00, 0x32, 0x26, 0xa5, 0x80, 0x33, 0x10, 0xa0, 0x33, 0x20, 0xc0, 0x20, 0x00, 0x32, 0x66, 0xa5, 
			0xc0, 0x20, 0x00, 0x42, 0x26, 0xb9, 0x31, 0x39, 0x55, 0xf0, 0x44, 0x10, 0x30, 0x44, 0x20, 0xc0, 
			0x20, 0x00, 0x42, 0x66, 0xb9, 0xc0, 0x20, 0x00, 0x42, 0x22, 0xc0, 0x7c, 0xc3, 0x30, 0x44, 0x10, 
			0xc0, 0x20, 0x00, 0x42, 0x62, 0xc0, 0xc0, 0x20, 0x00, 0x32, 0x22, 0xc4, 0xd0, 0x33, 0x10, 0xc0, 
			0x20, 0x00, 0x32, 0x62, 0xc4, 0xc0, 0x20, 0x00, 0x42, 0x22, 0xcb, 0x70, 0x44, 0x10, 0x90, 0x44, 
			0x20, 0xc0, 0x20, 0x00, 0x42, 0x62, 0xcb, 0x41, 0xee, 0x54, 0xc0, 0x20, 0x00, 0x32, 0x22, 0xcc, 
			0x30, 0x30, 0x74, 0x40, 0x33, 0x20, 0xc0, 0x20, 0x00, 0x32, 0x62, 0xcc, 0xc0, 0x20, 0x00, 0x42, 
			0x22, 0xcd, 0x31, 0x52, 0x54, 0x40, 0x40, 0x74, 0x30, 0x44, 0x20, 0xc0, 0x20, 0x00, 0x42, 0x62, 
			0xcd, 0x31, 0x1f, 0x54, 0xc0, 0x20, 0x00, 0x42, 0x22, 0xc5, 0x30, 0x44, 0x10, 0xc0, 0x20, 0x00, 
			0x42, 0x62, 0xc5, 0x46, 0xe8, 0xfe, 0xc0, 0x20, 0x00, 0x32, 0x22, 0xf2, 0x30, 0x38, 0x05, 0x16, 
			0x33, 0x11, 0xc0, 0x20, 0x00, 0x42, 0x25, 0x83, 0x31, 0x10, 0x55, 0xd0, 0x44, 0x10, 0x30, 0x44, 
			0x20, 0xc0, 0x20, 0x00, 0x42, 0x65, 0x83, 0xc0, 0x20, 0x00, 0x32, 0x26, 0x81, 0x0c, 0xa4, 0xc0, 
			0x33, 0x10, 0x40, 0x33, 0x20, 0xc0, 0x20, 0x00, 0x32, 0x66, 0x81, 0xc0, 0x20, 0x00, 0x32, 0x26, 
			0x91, 0xc0, 0x33, 0x10, 0x40, 0x33, 0x20, 0xc0, 0x20, 0x00, 0x32, 0x66, 0x91, 0xc0, 0x20, 0x00, 
			0x32, 0x26, 0xa3, 0x42, 0xa8, 0xff, 0x40, 0x33, 0x10, 0x42, 0xa4, 0x00, 0x40, 0x33, 0x20, 0xc0, 
			0x20, 0x00, 0x32, 0x66, 0xa3, 0xc0, 0x20, 0x00, 0x42, 0x26, 0xb8, 0x31, 0xff, 0x54, 0xe0, 0x44, 
			0x10, 0x30, 0x44, 0x20, 0xc0, 0x20, 0x00, 0x42, 0x66, 0xb8, 0xc0, 0x20, 0x00, 0x31, 0xf3, 0x54, 
			0x42, 0x26, 0xa4, 0x30, 0x44, 0x10, 0xb0, 0x44, 0x20, 0xc0, 0x20, 0x00, 0x42, 0x66, 0xa4, 0xc0, 
			0x20, 0x00, 0x32, 0x26, 0xa5, 0x80, 0x33, 0x10, 0xa0, 0x33, 0x20, 0xc0, 0x20, 0x00, 0x32, 0x66, 
			0xa5, 0xc0, 0x20, 0x00, 0x42, 0x26, 0xb9, 0x31, 0xf1, 0x54, 0xf0, 0x44, 0x10, 0x30, 0x44, 0x20, 
			0xc0, 0x20, 0x00, 0x42, 0x66, 0xb9, 0xc0, 0x20, 0x00, 0x42, 0x22, 0xc0, 0x7c, 0xc3, 0x30, 0x44, 
			0x10, 0x0c, 0x23, 0x30, 0x44, 0x20, 0xc0, 0x20, 0x00, 0x42, 0x62, 0xc0, 0xc0, 0x20, 0x00, 0x32, 
			0x22, 0xc4, 0xd0, 0x33, 0x10, 0xc0, 0x20, 0x00, 0x32, 0x62, 0xc4, 0xc0, 0x20, 0x00, 0x42, 0x22, 
			0xcb, 0x70, 0x44, 0x10, 0x90, 0x44, 0x20, 0xc0, 0x20, 0x00, 0x42, 0x62, 0xcb, 0xc0, 0x20, 0x00, 
			0x32, 0x22, 0xcc, 0x30, 0x30, 0x74, 0xc0, 0x20, 0x00, 0x32, 0x62, 0xcc, 0xc0, 0x20, 0x00, 0x42, 
			0x22, 0xcd, 0x31, 0x0a, 0x54, 0x40, 0x40, 0x74, 0x30, 0x44, 0x20, 0xc0, 0x20, 0x00, 0x42, 0x62, 
			0xcd, 0xc0, 0x20, 0x00, 0x31, 0xd2, 0x53, 0x42, 0x22, 0xc5, 0x30, 0x44, 0x20, 0xc0, 0x20, 0x00, 
			0x42, 0x62, 0xc5, 0x46, 0xa0, 0xfe, 0xc0, 0x20, 0x00, 0x32, 0x22, 0xb7, 0x30, 0x3f, 0x05, 0x16, 
			0xe3, 0x1b, 0xc0, 0x20, 0x00, 0x42, 0x25, 0x83, 0x31, 0xc2, 0x54, 0xd0, 0x44, 0x10, 0x30, 0x44, 
			0x20, 0xc0, 0x20, 0x00, 0x42, 0x65, 0x83, 0xc0, 0x20, 0x00, 0x32, 0x26, 0x81, 0x0c, 0xa4, 0xc0, 
			0x33, 0x10, 0x40, 0x33, 0x20, 0xc0, 0x20, 0x00, 0x32, 0x66, 0x81, 0xc0, 0x20, 0x00, 0x32, 0x26, 
			0x91, 0xc0, 0x33, 0x10, 0x40, 0x33, 0x20, 0xc0, 0x20, 0x00, 0x32, 0x66, 0x91, 0xc0, 0x20, 0x00, 
			0x32, 0x26, 0xa3, 0x42, 0xa8, 0xff, 0x40, 0x33, 0x10, 0x42, 0xa4, 0x00, 0x40, 0x33, 0x20, 0xc0, 
			0x20, 0x00, 0x32, 0x66, 0xa3, 0xc0, 0x20, 0x00, 0x42, 0x26, 0xb8, 0x31, 0xb7, 0x54, 0xe0, 0x44, 
			0x10, 0x30, 0x44, 0x20, 0xc0, 0x20, 0x00, 0x42, 0x66, 0xb8, 0xc0, 0x20, 0x00, 0x31, 0xab, 0x54, 
			0x42, 0x26, 0xa4, 0x30, 0x44, 0x10, 0xb0, 0x44, 0x20, 0xc0, 0x20, 0x00, 0x42, 0x66, 0xa4, 0xc0, 
			0x20, 0x00, 0x32, 0x26, 0xa5, 0x80, 0x33, 0x10, 0xa0, 0x33, 0x20, 0xc0, 0x20, 0x00, 0x32, 0x66, 
			0xa5, 0xc0, 0x20, 0x00, 0x42, 0x26, 0xb9, 0x31, 0xa9, 0x54, 0xf0, 0x44, 0x10, 0x30, 0x44, 0x20, 
			0xc0, 0x20, 0x00, 0x42, 0x66, 0xb9, 0xc0, 0x20, 0x00, 0x42, 0x22, 0xc0, 0x7c, 0xc3, 0x30, 0x44, 
			0x10, 0x0c, 0x23, 0x30, 0x44, 0x20, 0xc0, 0x20, 0x00, 0x42, 0x62, 0xc0, 0xc0, 0x20, 0x00, 0x32, 
			0x22, 0xc4, 0x42, 0xa3, 0x00, 0xd0, 0x33, 0x10, 0x40, 0x33, 0x20, 0xc0, 0x20, 0x00, 0x32, 0x62, 
			0xc4, 0xc0, 0x20, 0x00, 0x42, 0x22, 0xcb, 0x70, 0x44, 0x10, 0x90, 0x44, 0x20, 0xc0, 0x20, 0x00, 
			0x42, 0x62, 0xcb, 0xc0, 0x20, 0x00, 0x32, 0x22, 0xcc, 0x30, 0x30, 0x74, 0xc0, 0x20, 0x00, 0x32, 
			0x62, 0xcc, 0xc0, 0x20, 0x00, 0x42, 0x22, 0xcd, 0x31, 0xc1, 0x53, 0x40, 0x40, 0x74, 0x30, 0x44, 
			0x20, 0xc0, 0x20, 0x00, 0x42, 0x62, 0xcd, 0xc0, 0x20, 0x00, 0x31, 0x88, 0x53, 0x42, 0x22, 0xc5, 
			0x30, 0x44, 0x20, 0xc0, 0x20, 0x00, 0x42, 0x62, 0xc5, 0xc6, 0x56, 0xfe, 0xc0, 0x20, 0x00, 0xe2, 
			0x25, 0x85, 0xc0, 0xee, 0x10, 0xf0, 0xee, 0x20, 0xc0, 0x20, 0x00, 0xe2, 0x65, 0x85, 0xc0, 0x20, 
			0x00, 0xd2, 0x25, 0x86, 0xc0, 0x20, 0x00, 0x32, 0x25, 0xa8, 0x90, 0x33, 0x10, 0xb0, 0x33, 0x20, 
			0xc0, 0x20, 0x00, 0x32, 0x65, 0x86, 0xc0, 0x20, 0x00, 0xe2, 0x25, 0x87, 0x80, 0xee, 0x10, 0xa0, 
			0xee, 0x20, 0xc0, 0x20, 0x00, 0xe2, 0x65, 0x87, 0xc0, 0x20, 0x00, 0xd2, 0x22, 0x9e, 0x60, 0xdd, 
			0x20, 0xc0, 0x20, 0x00, 0xd2, 0x62, 0x9e, 0x46, 0x43, 0xfe, 0xb2, 0xa0, 0xc7, 0xc0, 0x20, 0x00, 
			0xa2, 0x25, 0x85, 0xc0, 0xaa, 0x10, 0xb0, 0xaa, 0x20, 0xc0, 0x20, 0x00, 0xa2, 0x65, 0x85, 0xc0, 
			0x20, 0x00, 0x41, 0x78, 0x53, 0x92, 0x25, 0x86, 0xc0, 0x20, 0x00, 0x42, 0x65, 0x86, 0x41, 0x77, 
			0x53, 0xc0, 0x20, 0x00, 0x32, 0x25, 0x87, 0x80, 0x33, 0x10, 0x40, 0x33, 0x20, 0xc0, 0x20, 0x00, 
			0x32, 0x65, 0x87, 0xc0, 0x20, 0x00, 0xf2, 0x25, 0xa8, 0xf0, 0xfe, 0x05, 0x16, 0xdf, 0x39, 0xc0, 
			0x20, 0x00, 0xb2, 0x22, 0x9e, 0x60, 0xbb, 0x20, 0xc0, 0x20, 0x00, 0xb2, 0x62, 0x9e, 0x86, 0x2d, 
			0xfe, 0xc0, 0x20, 0x00, 0x32, 0x22, 0xb4, 0x30, 0x34, 0x25, 0x32, 0xc3, 0xfe, 0x56, 0x03, 0x16, 
			0xc0, 0x20, 0x00, 0x32, 0x26, 0x40, 0x30, 0x36, 0x15, 0x0b, 0x33, 0x56, 0x23, 0x15, 0xc0, 0x20, 
			0x00, 0x32, 0x26, 0x63, 0x30, 0x33, 0x04, 0x56, 0x63, 0x14, 0x81, 0x55, 0x54, 0xa1, 0x55, 0x54, 
			0xb1, 0x58, 0x54, 0x71, 0x3e, 0x53, 0xc0, 0x20, 0x00, 0x32, 0x25, 0x84, 0x30, 0x30, 0xf4, 0x80, 
			0x33, 0x20, 0xc0, 0x20, 0x00, 0x32, 0x65, 0x84, 0x31, 0x50, 0x54, 0xc0, 0x20, 0x00, 0x82, 0x26, 
			0x41, 0x70, 0x88, 0x10, 0x30, 0x88, 0x20, 0xc0, 0x20, 0x00, 0x82, 0x66, 0x41, 0x31, 0x54, 0x53, 
			0xc0, 0x20, 0x00, 0x82, 0x26, 0x59, 0x70, 0x88, 0x10, 0x30, 0x88, 0x20, 0xc0, 0x20, 0x00, 0x82, 
			0x66, 0x59, 0x71, 0x40, 0x53, 0x31, 0x45, 0x54, 0xc0, 0x20, 0x00, 0x82, 0x26, 0x9b, 0x70, 0x88, 
			0x10, 0x30, 0x88, 0x20, 0xc0, 0x20, 0x00, 0x82, 0x66, 0x9b, 0xc0, 0x20, 0x00, 0x72, 0x26, 0x9f, 
			0xb0, 0x77, 0x10, 0xa0, 0x77, 0x20, 0xc0, 0x20, 0x00, 0x72, 0x66, 0x9f, 0xc0, 0x20, 0x00, 0x32, 
			0x26, 0xa0, 0xb0, 0x33, 0x10, 0xa0, 0x33, 0x20, 0xc0, 0x20, 0x00, 0x32, 0x66, 0xa0, 0xc0, 0x20, 
			0x00, 0x82, 0x26, 0xa1, 0xb0, 0x88, 0x10, 0xa0, 0x88, 0x20, 0xc0, 0x20, 0x00, 0x82, 0x66, 0xa1, 
			0xc0, 0x20, 0x00, 0x31, 0x34, 0x54, 0x72, 0x26, 0xa2, 0xc0, 0x20, 0x00, 0x32, 0x66, 0xa2, 0xb1, 
			0x32, 0x54, 0xa1, 0x32, 0x54, 0xc0, 0x20, 0x00, 0x82, 0x26, 0xa3, 0xb0, 0x88, 0x10, 0xa0, 0x88, 
			0x20, 0xc0, 0x20, 0x00, 0x82, 0x66, 0xa3, 0x81, 0x2e, 0x54, 0xc0, 0x20, 0x00, 0x72, 0x26, 0xa4, 
			0x40, 0x77, 0x10, 0x80, 0x77, 0x20, 0xc0, 0x20, 0x00, 0x72, 0x66, 0xa4, 0x31, 0x2a, 0x54, 0xb1, 
			0x2a, 0x54, 0xc0, 0x20, 0x00, 0xa2, 0x26, 0xa5, 0x30, 0xaa, 0x10, 0xb0, 0xaa, 0x20, 0xc0, 0x20, 
			0x00, 0xa2, 0x66, 0xa5, 0x81, 0x26, 0x54, 0xc0, 0x20, 0x00, 0x72, 0x22, 0xcb, 0x80, 0x77, 0x10, 
			0x90, 0x77, 0x20, 0xc0, 0x20, 0x00, 0x72, 0x62, 0xcb, 0x72, 0xa1, 0x00, 0xc0, 0x20, 0x00, 0x32, 
			0x22, 0xcc, 0x30, 0x30, 0x74, 0x70, 0x33, 0x20, 0xc0, 0x20, 0x00, 0x32, 0x62, 0xcc, 0x31, 0x1c, 
			0x54, 0xc0, 0x20, 0x00, 0xb2, 0x22, 0xcd, 0xb0, 0xb0, 0x74, 0x30, 0xbb, 0x20, 0xc0, 0x20, 0x00, 
			0xb2, 0x62, 0xcd, 0xa1, 0x1d, 0x53, 0x81, 0x3e, 0x53, 0xc0, 0x20, 0x00, 0x71, 0x0b, 0x53, 0x32, 
			0x27, 0x45, 0xa0, 0x33, 0x10, 0x80, 0x33, 0x20, 0xc0, 0x20, 0x00, 0x32, 0x67, 0x45, 0x06, 0x5f, 
			0x00, 0xc0, 0x20, 0x00, 0x32, 0x22, 0xb4, 0x30, 0x34, 0x25, 0x66, 0x23, 0x78, 0x59, 0x01, 0xc0, 
			0x20, 0x00, 0x32, 0x26, 0xa3, 0x52, 0xa8, 0xff, 0x50, 0x33, 0x10, 0x52, 0xa4, 0x00, 0x50, 0x33, 
			0x20, 0xc0, 0x20, 0x00, 0x32, 0x66, 0xa3, 0xc0, 0x20, 0x00, 0x52, 0x26, 0xa4, 0x40, 0x55, 0x10, 
			0xb0, 0x55, 0x20, 0xc0, 0x20, 0x00, 0x52, 0x66, 0xa4, 0xc0, 0x20, 0x00, 0x32, 0x26, 0xa5, 0x80, 
			0x33, 0x10, 0xa0, 0x33, 0x20, 0xc0, 0x20, 0x00, 0x32, 0x66, 0xa5, 0xc0, 0x20, 0x00, 0x52, 0x22, 
			0xcb, 0x70, 0x55, 0x10, 0x90, 0x55, 0x20, 0xc0, 0x20, 0x00, 0x52, 0x62, 0xcb, 0xc0, 0x20, 0x00, 
			0x32, 0x22, 0xcc, 0x30, 0x30, 0x74, 0xc0, 0x20, 0x00, 0x32, 0x62, 0xcc, 0xc0, 0x20, 0x00, 0x52, 
			0x22, 0xcd, 0x31, 0xf8, 0x52, 0x50, 0x50, 0x74, 0x30, 0x55, 0x20, 0xc0, 0x20, 0x00, 0x52, 0x62, 
			0xcd, 0x58, 0x01, 0xc6, 0x3d, 0x00, 0xc0, 0x20, 0x00, 0x32, 0x26, 0x63, 0x37, 0x63, 0x78, 0x59, 
			0x01, 0xc0, 0x20, 0x00, 0x32, 0x26, 0xa3, 0x52, 0xa8, 0xff, 0x50, 0x33, 0x10, 0x52, 0xa4, 0x00, 
			0x50, 0x33, 0x20, 0xc0, 0x20, 0x00, 0x32, 0x66, 0xa3, 0xc0, 0x20, 0x00, 0x52, 0x26, 0xa4, 0x40, 
			0x55, 0x10, 0xb0, 0x55, 0x20, 0xc0, 0x20, 0x00, 0x52, 0x66, 0xa4, 0xc0, 0x20, 0x00, 0x32, 0x26, 
			0xa5, 0x80, 0x33, 0x10, 0xa0, 0x33, 0x20, 0xc0, 0x20, 0x00, 0x32, 0x66, 0xa5, 0xc0, 0x20, 0x00, 
			0x52, 0x22, 0xcb, 0x70, 0x55, 0x10, 0x90, 0x55, 0x20, 0xc0, 0x20, 0x00, 0x52, 0x62, 0xcb, 0xc0, 
			0x20, 0x00, 0x32, 0x22, 0xcc, 0x30, 0x30, 0x74, 0xc0, 0x20, 0x00, 0x32, 0x62, 0xcc, 0xc0, 0x20, 
			0x00, 0x52, 0x22, 0xcd, 0x31, 0xf6, 0x52, 0x50, 0x50, 0x74, 0x30, 0x55, 0x20, 0xc0, 0x20, 0x00, 
			0x52, 0x62, 0xcd, 0x58, 0x01, 0x46, 0x1d, 0x00, 0x59, 0x01, 0xc0, 0x20, 0x00, 0x32, 0x26, 0xa3, 
			0x52, 0xa8, 0xff, 0x50, 0x33, 0x10, 0x52, 0xa4, 0x00, 0x50, 0x33, 0x20, 0xc0, 0x20, 0x00, 0x32, 
			0x66, 0xa3, 0xc0, 0x20, 0x00, 0x52, 0x26, 0xa4, 0x40, 0x55, 0x10, 0xb0, 0x55, 0x20, 0xc0, 0x20, 
			0x00, 0x52, 0x66, 0xa4, 0xc0, 0x20, 0x00, 0x32, 0x26, 0xa5, 0x80, 0x33, 0x10, 0xa0, 0x33, 0x20, 
			0xc0, 0x20, 0x00, 0x32, 0x66, 0xa5, 0xc0, 0x20, 0x00, 0x52, 0x22, 0xcb, 0x70, 0x55, 0x10, 0x90, 
			0x55, 0x20, 0xc0, 0x20, 0x00, 0x52, 0x62, 0xcb, 0xc0, 0x20, 0x00, 0x32, 0x22, 0xcc, 0x30, 0x30, 
			0x74, 0xc0, 0x20, 0x00, 0x32, 0x62, 0xcc, 0xc0, 0x20, 0x00, 0x52, 0x22, 0xcd, 0x31, 0xb9, 0x52, 
			0x50, 0x50, 0x74, 0x30, 0x55, 0x20, 0xc0, 0x20, 0x00, 0x52, 0x62, 0xcd, 0x58, 0x01, 0xc0, 0x20, 
			0x00, 0x82, 0x25, 0x83, 0x91, 0x97, 0x53, 0xd0, 0x88, 0x10, 0x90, 0x88, 0x20, 0xc0, 0x20, 0x00, 
			0x82, 0x65, 0x83, 0xc0, 0x20, 0x00, 0x32, 0x26, 0x81, 0x0c, 0xab, 0xc0, 0x33, 0x10, 0xb0, 0x33, 
			0x20, 0xc0, 0x20, 0x00, 0x32, 0x66, 0x81, 0xc0, 0x20, 0x00, 0xa2, 0x26, 0x91, 0xc0, 0xaa, 0x10, 
			0xb0, 0xaa, 0x20, 0xc0, 0x20, 0x00, 0xa2, 0x66, 0x91, 0xc0, 0x20, 0x00, 0x92, 0x26, 0xb8, 0xa1, 
			0x92, 0x53, 0xe0, 0x99, 0x10, 0xa0, 0x99, 0x20, 0xc0, 0x20, 0x00, 0x92, 0x66, 0xb8, 0xc0, 0x20, 
			0x00, 0x82, 0x26, 0xb9, 0x91, 0x8e, 0x53, 0xf0, 0x88, 0x10, 0x90, 0x88, 0x20, 0xc0, 0x20, 0x00, 
			0x82, 0x66, 0xb9, 0xc0, 0x20, 0x00, 0xb2, 0x22, 0xc0, 0x7c, 0xc3, 0x30, 0xbb, 0x10, 0x0c, 0x23, 
			0x30, 0xbb, 0x20, 0xc0, 0x20, 0x00, 0xb2, 0x62, 0xc0, 0xc0, 0x20, 0x00, 0xa2, 0x22, 0xc4, 0xd0, 
			0xaa, 0x10, 0xc0, 0x20, 0x00, 0xa2, 0x62, 0xc4, 0xc0, 0x20, 0x00, 0x91, 0x7c, 0x52, 0x82, 0x22, 
			0xc5, 0x90, 0x88, 0x20, 0xc0, 0x20, 0x00, 0x82, 0x62, 0xc5, 0x86, 0x4a, 0xfd, 0xa1, 0x16, 0x52, 
			0xc0, 0x20, 0x00, 0x92, 0x22, 0x9e, 0xa0, 0x99, 0x10, 0xc0, 0x20, 0x00, 0x92, 0x62, 0x9e, 0x46, 
			0x45, 0xfd, 0x00, 0x00, 0x36, 0x41, 0x00, 0x0c, 0x13, 0xd1, 0x27, 0x52, 0xb8, 0x32, 0xc8, 0x02, 
			0xb2, 0x0b, 0x34, 0xb2, 0x4c, 0x02, 0x26, 0x8b, 0x3b, 0x0c, 0x0a, 0x1c, 0x8e, 0xe7, 0x1b, 0x17, 
			0x26, 0xdb, 0x6c, 0x4c, 0x8f, 0xf7, 0x9b, 0x28, 0x82, 0x0c, 0x01, 0xb8, 0x52, 0x26, 0x28, 0x76, 
			0x9d, 0x0a, 0xa2, 0x4b, 0x1b, 0x46, 0x05, 0x00, 0x91, 0x26, 0x52, 0xb8, 0xd2, 0xc0, 0x20, 0x00, 
			0x92, 0x29, 0xb4, 0x87, 0x79, 0x59, 0x0c, 0x19, 0x32, 0x4b, 0x1f, 0x92, 0x4b, 0x1b, 0x92, 0x4c, 
			0x00, 0x0c, 0x02, 0x1d, 0xf0, 0xe2, 0x22, 0x04, 0xc0, 0x20, 0x00, 0xb2, 0x2d, 0xa4, 0xa2, 0x0e, 
			0x1a, 0xb0, 0xb0, 0x04, 0xb2, 0x4e, 0x1b, 0x66, 0x1a, 0x20, 0xa2, 0x22, 0x02, 0xa2, 0x2a, 0x11, 
			0x25, 0x6f, 0xf9, 0xc2, 0x22, 0x00, 0x0c, 0x2d, 0xb8, 0x42, 0xe1, 0x72, 0x53, 0xb2, 0x0b, 0x1b, 
			0xa7, 0xbe, 0x3f, 0x26, 0x1b, 0x46, 0x0c, 0x39, 0x92, 0x4c, 0x01, 0x9d, 0x0b, 0x46, 0xef, 0xff, 
			0xe2, 0x0c, 0x01, 0xb8, 0x82, 0x26, 0x2e, 0x1c, 0x9d, 0x0a, 0xa2, 0x4b, 0x1b, 0x46, 0xeb, 0xff, 
			0x3d, 0x0a, 0x0c, 0x09, 0x06, 0xe8, 0xff, 0xc0, 0x20, 0x00, 0x92, 0x2d, 0xe3, 0x90, 0x90, 0x05, 
			0xad, 0x09, 0x06, 0xdf, 0xff, 0xc0, 0x20, 0x00, 0x92, 0x2d, 0xe3, 0x90, 0x90, 0x05, 0xad, 0x09, 
			0x86, 0xf5, 0xff, 0x66, 0x1b, 0x01, 0x3d, 0x0d, 0x9d, 0x03, 0x86, 0xee, 0xff, 0x9d, 0x0d, 0x46, 
			0xed, 0xff, 0x00, 0x00, 0x36, 0x41, 0x00, 0x0c, 0x89, 0x81, 0x43, 0x52, 0xc0, 0x20, 0x00, 0x52, 
			0x28, 0x4e, 0x90, 0x55, 0x20, 0xc0, 0x20, 0x00, 0x38, 0x22, 0x52, 0x68, 0x4e, 0x0c, 0x12, 0x32, 
			0xd3, 0x03, 0x22, 0x43, 0x72, 0x0c, 0x02, 0x1d, 0xf0, 0x00, 0x00, 0x00, 0x36, 0x41, 0x00, 0x92, 
			0xa0, 0x01, 0x31, 0x39, 0x52, 0xa2, 0x22, 0x02, 0x42, 0xa2, 0x80, 0x40, 0xaa, 0x80, 0xc0, 0x20, 
			0x00, 0x82, 0x23, 0x66, 0xb8, 0x32, 0x47, 0x78, 0x6a, 0xb2, 0x0b, 0x34, 0x1c, 0x8c, 0xc7, 0x9b, 
			0x38, 0xd1, 0xc9, 0x51, 0xe2, 0xa1, 0x00, 0xc1, 0xc6, 0x51, 0x92, 0x0a, 0xf5, 0xb1, 0xc5, 0x51, 
			0x56, 0x79, 0x05, 0xc0, 0x20, 0x00, 0xf2, 0x2c, 0x80, 0xd0, 0xdf, 0x10, 0xc0, 0x20, 0x00, 0xd2, 
			0x6c, 0x80, 0xc0, 0x20, 0x00, 0xc2, 0x2b, 0xc0, 0xe0, 0xcc, 0x20, 0xc0, 0x20, 0x00, 0xc2, 0x6b, 
			0xc0, 0xa5, 0xd7, 0xf4, 0x98, 0x22, 0xa9, 0x49, 0x4a, 0xa9, 0x7c, 0xed, 0xc0, 0x20, 0x00, 0xc2, 
			0x23, 0x4e, 0xd0, 0xcc, 0x10, 0xc0, 0x20, 0x00, 0xc2, 0x63, 0x4e, 0x7c, 0x7b, 0xc0, 0x20, 0x00, 
			0x92, 0x23, 0x4e, 0xb0, 0x99, 0x10, 0xc0, 0x20, 0x00, 0x92, 0x63, 0x4e, 0x0c, 0x28, 0x82, 0x4a, 
			0xf2, 0x86, 0x00, 0x00, 0x92, 0x4a, 0xf3, 0x0c, 0x02, 0x1d, 0xf0, 0x66, 0x19, 0x2b, 0xc0, 0x20, 
			0x00, 0x82, 0x2c, 0x80, 0xd0, 0x88, 0x10, 0xc0, 0x20, 0x00, 0x82, 0x6c, 0x80, 0xc0, 0x20, 0x00, 
			0xf2, 0x2b, 0xc0, 0xe0, 0xef, 0x20, 0xc0, 0x20, 0x00, 0xe2, 0x6b, 0xc0, 0xe5, 0xd1, 0xf4, 0x98, 
			0x22, 0xa2, 0x69, 0x16, 0x06, 0xe8, 0xff, 0x00, 0x00, 0x00, 0x66, 0x29, 0x9c, 0xd1, 0xa4, 0x51, 
			0xc0, 0x20, 0x00, 0xa2, 0x2c, 0x80, 0xd0, 0xaa, 0x10, 0xc0, 0x20, 0x00, 0xa2, 0x6c, 0x80, 0xc0, 
			0x20, 0x00, 0x92, 0x2b, 0xc0, 0xe0, 0x99, 0x20, 0xc0, 0x20, 0x00, 0x92, 0x6b, 0xc0, 0xe5, 0xce, 
			0xf4, 0x98, 0x22, 0xa2, 0x69, 0x18, 0x86, 0xdb, 0xff, 0x00, 0x00, 0x00, 0x36, 0x41, 0x00, 0x0c, 
			0x14, 0x31, 0xfd, 0x51, 0xc0, 0x20, 0x00, 0x22, 0x23, 0x4e, 0x40, 0x22, 0x20, 0xc0, 0x20, 0x00, 
			0x22, 0x63, 0x4e, 0x0c, 0x02, 0x1d, 0xf0, 0x00, 0x36, 0x41, 0x00, 0x72, 0xa3, 0x80, 0x68, 0x22, 
			0xe0, 0x54, 0x11, 0x7a, 0x26, 0x0c, 0x17, 0x37, 0x35, 0x09, 0x0c, 0x08, 0x82, 0x42, 0x02, 0x72, 
			0x42, 0x03, 0x1d, 0xf0, 0x0c, 0x28, 0xd0, 0x94, 0x11, 0x37, 0x39, 0x07, 0x72, 0x42, 0x02, 0x7d, 
			0x08, 0x86, 0xfa, 0xff, 0x0c, 0x49, 0xc0, 0xa4, 0x11, 0x37, 0xba, 0x09, 0xb0, 0xb4, 0x11, 0x37, 
			0x3b, 0x0b, 0x0c, 0x38, 0x0c, 0x89, 0x7d, 0x09, 0x82, 0x42, 0x02, 0x06, 0xf4, 0xff, 0xa0, 0xc4, 
			0x11, 0x37, 0x3c, 0x07, 0x92, 0x42, 0x02, 0x1c, 0x07, 0x86, 0xf0, 0xff, 0x90, 0xd4, 0x11, 0x37, 
			0x3d, 0x09, 0x2c, 0x07, 0x0c, 0x5e, 0xe2, 0x42, 0x02, 0x86, 0xec, 0xff, 0x80, 0xf4, 0x11, 0x37, 
			0x3f, 0x09, 0x4c, 0x07, 0x0c, 0x65, 0x52, 0x42, 0x02, 0x86, 0xe8, 0xff, 0x70, 0x64, 0x11, 0x37, 
			0x36, 0x9c, 0x0c, 0x77, 0x72, 0x42, 0x02, 0x72, 0xa0, 0x80, 0x46, 0xe4, 0xff, 0x00, 0x00, 0x00, 
			0x36, 0x41, 0x00, 0xe5, 0x4f, 0xf9, 0xe5, 0x5a, 0xf9, 0x46, 0xfe, 0xff, 0x67, 0xc5, 0x08, 0x40, 
			0x73, 0x11, 0x20, 0x77, 0x20, 0x16, 0x17, 0x00, 0x1d, 0xf0, 0x3d, 0x05, 0x2d, 0x04, 0x1d, 0xf0, 
			0x50, 0x76, 0x11, 0x70, 0x55, 0x30, 0x86, 0x58, 0x00, 0x00, 0x00, 0x00, 0x36, 0x21, 0x00, 0x61, 
			0xe2, 0x52, 0x50, 0x73, 0x30, 0x96, 0x77, 0xfe, 0x67, 0x43, 0xd0, 0x67, 0x45, 0xdb, 0x30, 0x74, 
			0xb5, 0x50, 0x84, 0xb5, 0x87, 0x37, 0x78, 0x67, 0x05, 0x31, 0x60, 0x55, 0x20, 0x50, 0x55, 0x11, 
			0x50, 0x5b, 0x41, 0x80, 0xa7, 0xc0, 0xf6, 0xca, 0x3e, 0x00, 0x0a, 0x40, 0x92, 0xa0, 0x00, 0x90, 
			0x94, 0x81, 0x40, 0x45, 0x81, 0x50, 0x50, 0x91, 0x4a, 0x22, 0x5a, 0x33, 0x47, 0xb2, 0x01, 0x1b, 
			0x33, 0x30, 0xa4, 0xb5, 0x77, 0x1a, 0x76, 0x8d, 0x07, 0xc6, 0x28, 0x00, 0x40, 0x55, 0x11, 0x50, 
			0x5c, 0x41, 0x67, 0x03, 0x04, 0x1b, 0x88, 0x06, 0xf2, 0xff, 0x4a, 0x22, 0x5a, 0x33, 0x47, 0xb2, 
			0x02, 0x32, 0xc3, 0x01, 0x1d, 0xf0, 0x00, 0x00, 0xf6, 0xda, 0xf8, 0x00, 0x0a, 0x40, 0x00, 0xb4, 
			0xa1, 0x40, 0x95, 0x81, 0x50, 0x40, 0x91, 0x0c, 0x05, 0x16, 0xbb, 0xfb, 0xa0, 0x99, 0x20, 0x46, 
			0xed, 0xff, 0x00, 0x00, 0x40, 0x33, 0x11, 0x30, 0x3c, 0x41, 0x1b, 0x77, 0x06, 0x03, 0x00, 0x00, 
			0x67, 0x03, 0xf0, 0x60, 0x33, 0x20, 0x50, 0x33, 0x11, 0x30, 0x3b, 0x41, 0x70, 0xa8, 0xc0, 0xf6, 
			0xca, 0x2d, 0x00, 0x0a, 0x40, 0x00, 0x92, 0xa1, 0x20, 0x23, 0x81, 0x30, 0x30, 0x91, 0x4a, 0x22, 
			0x50, 0x33, 0x80, 0x47, 0xb2, 0x01, 0x1b, 0x33, 0x30, 0xa4, 0xb5, 0x87, 0x9a, 0x31, 0xd6, 0xa9, 
			0x00, 0x1b, 0x22, 0x16, 0x12, 0x06, 0xf0, 0x99, 0x11, 0x16, 0x39, 0x05, 0x1d, 0xf0, 0x00, 0x00, 
			0xf6, 0xda, 0x16, 0x00, 0x0a, 0x40, 0x00, 0xb2, 0xa1, 0x20, 0x93, 0x81, 0x30, 0x20, 0x91, 0x0c, 
			0x03, 0x16, 0x9b, 0xfc, 0xa0, 0x99, 0x20, 0xc6, 0xf0, 0xff, 0x3d, 0x05, 0x2d, 0x04, 0x1d, 0xf0, 
			0xad, 0x02, 0x00, 0x41, 0x40, 0x20, 0x23, 0x81, 0x30, 0x30, 0x91, 0x1b, 0x88, 0xd0, 0x88, 0x01, 
			0x8a, 0x33, 0x67, 0x43, 0x0a, 0x07, 0x6a, 0x05, 0x1b, 0x22, 0x9c, 0xa2, 0x9c, 0x09, 0x1d, 0xf0, 
			0x0c, 0x02, 0x30, 0x34, 0xb5, 0xc0, 0x33, 0x01, 0xf0, 0x88, 0x11, 0x80, 0x33, 0x20, 0x1d, 0xf0, 
			0x20, 0x21, 0x41, 0xf0, 0x22, 0x11, 0x1d, 0xf0, 0x1b, 0x33, 0x1d, 0xf0, 0x67, 0xc5, 0x05, 0x41, 
			0x3d, 0x52, 0x40, 0x33, 0x20, 0x1d, 0xf0, 0x00, 0x50, 0x76, 0x11, 0x70, 0x35, 0x30, 0x2d, 0x04, 
			0x1d, 0xf0, 0x00, 0x00, 0x50, 0x76, 0x11, 0x70, 0x55, 0x30, 0x86, 0xae, 0xff, 0x00, 0x00, 0x00, 
			0x36, 0x21, 0x00, 0x61, 0x8d, 0x52, 0x50, 0x73, 0x30, 0x96, 0x77, 0xfe, 0x67, 0x43, 0xcc, 0x67, 
			0x45, 0xd5, 0x30, 0x74, 0xa5, 0x50, 0x84, 0xa5, 0x57, 0x33, 0x7c, 0x57, 0x13, 0x41, 0x67, 0x05, 
			0x4a, 0x60, 0x55, 0x20, 0x50, 0x55, 0x11, 0x50, 0x5b, 0x41, 0x80, 0xa7, 0xc0, 0xf6, 0xca, 0x4b, 
			0x00, 0x0a, 0x40, 0x0c, 0x09, 0x90, 0x94, 0x81, 0x40, 0x45, 0x81, 0x50, 0x50, 0x91, 0x50, 0x33, 
			0xc0, 0x47, 0xb2, 0x01, 0x0b, 0x33, 0x40, 0x22, 0xc0, 0x90, 0x90, 0x60, 0x8c, 0x59, 0x0b, 0x53, 
			0x20, 0x35, 0x83, 0x0b, 0x22, 0x30, 0xa4, 0xa5, 0x77, 0x1a, 0x7f, 0x46, 0x31, 0x00, 0x00, 0x00, 
			0x47, 0x32, 0x34, 0x27, 0x34, 0xb7, 0x0c, 0x03, 0x0c, 0x02, 0x1d, 0xf0, 0x40, 0x55, 0x11, 0x50, 
			0x5c, 0x41, 0x67, 0x03, 0xb4, 0x1b, 0x88, 0xc6, 0xeb, 0xff, 0x00, 0x00, 0xf6, 0xda, 0xea, 0x00, 
			0x0a, 0x40, 0x00, 0xb4, 0xa1, 0x40, 0x95, 0x81, 0x50, 0x40, 0x91, 0x0c, 0x05, 0x16, 0xdb, 0xfa, 
			0xa0, 0x99, 0x20, 0xc6, 0xe9, 0xff, 0x00, 0x00, 0x67, 0x03, 0x50, 0x60, 0x33, 0x20, 0x50, 0x33, 
			0x11, 0x30, 0x3b, 0x41, 0x70, 0xa8, 0xc0, 0xf6, 0xca, 0x51, 0x00, 0x0a, 0x40, 0x0c, 0x09, 0x90, 
			0x92, 0x81, 0x20, 0x23, 0x81, 0x30, 0x30, 0x91, 0x50, 0xb6, 0x11, 0xb0, 0x55, 0x30, 0x20, 0x24, 
			0xc0, 0x30, 0x35, 0xc0, 0x27, 0xb4, 0x01, 0x0b, 0x33, 0x90, 0x90, 0x60, 0x8c, 0x59, 0x0b, 0x53, 
			0x20, 0x35, 0x83, 0x0b, 0x22, 0x30, 0xa4, 0xa5, 0x87, 0x9a, 0x48, 0xd6, 0xa9, 0x00, 0x1b, 0x22, 
			0x16, 0x42, 0x07, 0xf0, 0x99, 0x11, 0x16, 0x69, 0x06, 0x1d, 0xf0, 0x00, 0x40, 0x33, 0x11, 0x30, 
			0x3c, 0x41, 0x67, 0x05, 0xae, 0x1b, 0x77, 0x46, 0xea, 0xff, 0x00, 0x00, 0xf6, 0xda, 0x18, 0x00, 
			0x0a, 0x40, 0x00, 0xb2, 0xa1, 0x20, 0x93, 0x81, 0x30, 0x20, 0x91, 0x50, 0x36, 0x11, 0x16, 0xcb, 
			0xfa, 0xa0, 0x99, 0x20, 0x86, 0xe9, 0xff, 0x00, 0x50, 0x76, 0x11, 0x70, 0x35, 0x30, 0x2d, 0x04, 
			0x1d, 0xf0, 0x00, 0x00, 0x40, 0x83, 0x11, 0xbc, 0x18, 0x60, 0xf8, 0x40, 0x80, 0x8c, 0x41, 0xa7, 
			0xa6, 0x4e, 0x1b, 0x66, 0x00, 0x16, 0x40, 0x20, 0x88, 0x81, 0x90, 0x22, 0x81, 0x00, 0x99, 0xa1, 
			0x30, 0x34, 0xb5, 0x60, 0x33, 0xc0, 0xc0, 0x33, 0x01, 0x8a, 0x33, 0x06, 0xe3, 0xff, 0x00, 0x00, 
			0x20, 0x21, 0x41, 0xf0, 0x22, 0x11, 0x1d, 0xf0, 0x1b, 0x33, 0x1d, 0xf0, 0x60, 0xf2, 0x40, 0x62, 
			0xc6, 0x15, 0x67, 0x2a, 0x1b, 0xb6, 0xc6, 0xcb, 0x00, 0x16, 0x40, 0x90, 0x82, 0x81, 0x00, 0x29, 
			0xa1, 0x0c, 0x09, 0x30, 0x34, 0xb5, 0x60, 0x33, 0xc0, 0xc0, 0x33, 0x01, 0x8a, 0x33, 0x46, 0xd6, 
			0xff, 0x6d, 0x0a, 0x86, 0xf7, 0xff, 0x00, 0x00, 0xf0, 0x33, 0x11, 0x30, 0x31, 0x41, 0x20, 0xa3, 
			0x20, 0x16, 0x4a, 0x08, 0x9c, 0x53, 0xa0, 0xf3, 0x40, 0xa2, 0xca, 0xf5, 0x00, 0x1a, 0x40, 0x20, 
			0x33, 0x81, 0x00, 0x22, 0xa1, 0x0c, 0x18, 0xa0, 0x88, 0xc0, 0x86, 0x34, 0x00, 0xa0, 0xf2, 0x40, 
			0xa2, 0xca, 0xf5, 0x6c, 0x18, 0xa0, 0x88, 0xc0, 0x00, 0x1a, 0x40, 0x96, 0x9a, 0x00, 0x00, 0x32, 
			0xa1, 0x0c, 0x02, 0x46, 0x2e, 0x00, 0x00, 0x00, 0x20, 0x30, 0x91, 0x00, 0x22, 0xa1, 0x86, 0x2b, 
			0x00, 0xf0, 0x55, 0x11, 0x50, 0x51, 0x41, 0x40, 0xa5, 0x20, 0xbc, 0xba, 0x9c, 0x55, 0xa0, 0xf5, 
			0x40, 0xa2, 0xca, 0xf5, 0x00, 0x1a, 0x40, 0x40, 0x55, 0x81, 0x00, 0x44, 0xa1, 0x0c, 0x19, 0xa0, 
			0x99, 0xc0, 0x46, 0x23, 0x00, 0xa0, 0xf4, 0x40, 0xa2, 0xca, 0xf5, 0x6c, 0x19, 0xa0, 0x99, 0xc0, 
			0x00, 0x1a, 0x40, 0x96, 0x9a, 0x00, 0x00, 0x54, 0xa1, 0x0c, 0x04, 0x06, 0x1d, 0x00, 0x00, 0x00, 
			0x40, 0x50, 0x91, 0x00, 0x44, 0xa1, 0x46, 0x1a, 0x00, 0x70, 0x3f, 0x05, 0x10, 0x33, 0x01, 0x0c, 
			0x02, 0x46, 0x62, 0x00, 0xcc, 0xd4, 0xf0, 0x85, 0x11, 0xcc, 0x88, 0x41, 0xaa, 0x51, 0x40, 0x33, 
			0x20, 0x46, 0x5e, 0x00, 0x00, 0x67, 0xc5, 0x0b, 0x40, 0x85, 0x11, 0x40, 0x88, 0x20, 0x8c, 0x28, 
			0x3d, 0x05, 0x2d, 0x04, 0x70, 0x7f, 0x05, 0xf0, 0x33, 0x11, 0x00, 0x41, 0x40, 0x30, 0x37, 0x81, 
			0x86, 0x56, 0x00, 0x00, 0x56, 0x82, 0xfe, 0xf0, 0x83, 0x11, 0x56, 0x28, 0xfe, 0x71, 0x9d, 0x51, 
			0x70, 0x35, 0x20, 0xc6, 0x51, 0x00, 0x00, 0x00, 0x36, 0x41, 0x00, 0x61, 0xf3, 0x51, 0x50, 0x73, 
			0x30, 0x67, 0x43, 0xaf, 0x67, 0x45, 0xdc, 0x30, 0x84, 0xa5, 0x50, 0x94, 0xa5, 0x16, 0x78, 0xf0, 
			0x16, 0xd9, 0xf4, 0x9a, 0x88, 0xa1, 0xed, 0x51, 0x60, 0x33, 0x20, 0xa0, 0x33, 0x10, 0x60, 0x55, 
			0x20, 0xa0, 0x55, 0x10, 0x79, 0x11, 0x20, 0xc0, 0xf5, 0x40, 0xd0, 0xf5, 0x30, 0xe0, 0xf5, 0x50, 
			0xf0, 0xf5, 0xd0, 0xa2, 0xc1, 0x40, 0xbc, 0xc1, 0x0c, 0x09, 0xba, 0xaa, 0xb7, 0xba, 0x01, 0x1b, 
			0x99, 0x10, 0x40, 0x40, 0xa0, 0x69, 0x81, 0x40, 0xb2, 0xc1, 0x00, 0xaa, 0xa1, 0xba, 0xaa, 0xb7, 
			0xba, 0x02, 0x62, 0xc6, 0x01, 0x50, 0xb2, 0xc1, 0x0c, 0x09, 0xba, 0x66, 0xb7, 0xb6, 0x01, 0x1b, 
			0x99, 0xd0, 0xbc, 0xc1, 0xb0, 0x66, 0x80, 0xb7, 0xb6, 0x01, 0x1b, 0x99, 0x40, 0xb3, 0xc1, 0xba, 
			0x66, 0xb7, 0xb6, 0x01, 0x1b, 0x99, 0x8c, 0x3a, 0x0c, 0x1b, 0xb0, 0x66, 0x20, 0xf0, 0x72, 0xc1, 
			0x40, 0xbe, 0xc1, 0x0c, 0x0a, 0x7a, 0xbb, 0x77, 0xbb, 0x02, 0xa2, 0xca, 0x01, 0x50, 0x7c, 0xc1, 
			0x70, 0xbb, 0x80, 0x77, 0xbb, 0x01, 0x1b, 0xaa, 0xd0, 0x73, 0xc1, 0xf0, 0x20, 0x00, 0x7a, 0xbb, 
			0x77, 0xbb, 0x01, 0x1b, 0xaa, 0xb0, 0xaa, 0x81, 0x9a, 0xaa, 0x00, 0xbb, 0xa1, 0xba, 0x66, 0xb7, 
			0xb6, 0x02, 0xa2, 0xca, 0x01, 0xf0, 0x2c, 0xc1, 0x0c, 0x09, 0xaa, 0x22, 0xa7, 0xb2, 0x01, 0x1b, 
			0x99, 0x50, 0xa3, 0xc1, 0xa0, 0x22, 0x80, 0xa7, 0xb2, 0x01, 0x1b, 0x99, 0xd0, 0xae, 0xc1, 0xf0, 
			0x20, 0x00, 0xaa, 0x22, 0xa7, 0xb2, 0x01, 0x1b, 0x99, 0xf0, 0xb3, 0xc1, 0x50, 0x7e, 0xc1, 0x0c, 
			0x0a, 0x7a, 0xbb, 0x77, 0xbb, 0x02, 0xa2, 0xca, 0x01, 0xb0, 0xaa, 0x81, 0x9a, 0xaa, 0x00, 0xbb, 
			0xa1, 0xba, 0x22, 0xb7, 0xb2, 0x01, 0x1b, 0xaa, 0xf0, 0x3e, 0xc1, 0x0c, 0xb4, 0x78, 0x11, 0xaa, 
			0x33, 0x30, 0x59, 0x41, 0xcc, 0x45, 0x42, 0xc4, 0x01, 0x82, 0xc8, 0xff, 0x00, 0x14, 0x40, 0x20, 
			0x33, 0x81, 0x60, 0x22, 0x81, 0x00, 0x66, 0xa1, 0x42, 0xa3, 0xff, 0x40, 0x88, 0xc0, 0xf0, 0x44, 
			0x11, 0x47, 0xb8, 0x2b, 0xd6, 0x86, 0x00, 0x1b, 0x22, 0x9c, 0xc2, 0xf0, 0x66, 0x11, 0x8c, 0xe6, 
			0xc0, 0x88, 0x01, 0x8a, 0x33, 0x70, 0x7f, 0x05, 0x10, 0x77, 0x01, 0x70, 0x33, 0x20, 0x1d, 0xf0, 
			0x20, 0x21, 0x41, 0xf0, 0x22, 0x11, 0x86, 0xf9, 0xff, 0x1b, 0x33, 0x46, 0xf8, 0xff, 0x00, 0x00, 
			0x96, 0x98, 0x00, 0x1b, 0x84, 0xc0, 0x38, 0x01, 0x0c, 0x02, 0xc6, 0xf5, 0xff, 0x80, 0x80, 0x60, 
			0x9d, 0x06, 0x00, 0x08, 0x40, 0xf6, 0xc8, 0x0b, 0x00, 0x62, 0xa1, 0x20, 0x23, 0x81, 0x30, 0x30, 
			0x91, 0x06, 0x04, 0x00, 0xf6, 0xd8, 0x1c, 0x00, 0xa2, 0xa1, 0x20, 0x63, 0x81, 0x30, 0x20, 0x91, 
			0x0c, 0x03, 0xa0, 0x99, 0x20, 0x0c, 0x08, 0x16, 0x99, 0xf9, 0x0c, 0x19, 0x90, 0x66, 0x20, 0x46, 
			0xe4, 0xff, 0x00, 0x00, 0x70, 0x3f, 0x05, 0x10, 0x33, 0x01, 0x0c, 0x02, 0x86, 0xe7, 0xff, 0x00, 
			0xf0, 0x55, 0x11, 0x50, 0x51, 0x41, 0x40, 0xa5, 0x20, 0xbc, 0xba, 0x9c, 0x55, 0xa0, 0xf5, 0x40, 
			0xa2, 0xca, 0xf5, 0x00, 0x1a, 0x40, 0x40, 0x55, 0x81, 0x00, 0x44, 0xa1, 0x0c, 0x19, 0xa0, 0x99, 
			0xc0, 0xc6, 0x36, 0x00, 0xa0, 0xf4, 0x40, 0xa2, 0xca, 0xf5, 0x6c, 0x19, 0xa0, 0x99, 0xc0, 0x00, 
			0x1a, 0x40, 0x96, 0x7a, 0x00, 0x00, 0x54, 0xa1, 0x0c, 0x04, 0x86, 0x30, 0x00, 0x40, 0x50, 0x91, 
			0x00, 0x44, 0xa1, 0x46, 0x2e, 0x00, 0x00, 0x00, 0xf0, 0x33, 0x11, 0x30, 0x31, 0x41, 0x30, 0x22, 
			0x20, 0x70, 0x3f, 0x05, 0x10, 0x33, 0x01, 0x60, 0x33, 0x20, 0xcc, 0x42, 0x41, 0x1a, 0x51, 0x40, 
			0x33, 0x20, 0x0c, 0x02, 0x1d, 0xf0, 0x00, 0x00, 0xf0, 0x33, 0x11, 0x30, 0x31, 0x41, 0x20, 0xa3, 
			0x20, 0xbc, 0xba, 0x9c, 0x53, 0xa0, 0xf3, 0x40, 0xa2, 0xca, 0xf5, 0x00, 0x1a, 0x40, 0x20, 0x33, 
			0x81, 0x00, 0x22, 0xa1, 0x0c, 0x18, 0xa0, 0x88, 0xc0, 0x86, 0x1d, 0x00, 0xa0, 0xf2, 0x40, 0xa2, 
			0xca, 0xf5, 0x6c, 0x18, 0xa0, 0x88, 0xc0, 0x00, 0x1a, 0x40, 0x96, 0x7a, 0x00, 0x00, 0x32, 0xa1, 
			0x0c, 0x02, 0x46, 0x17, 0x00, 0x20, 0x30, 0x91, 0x00, 0x22, 0xa1, 0x06, 0x15, 0x00, 0x00, 0x00, 
			0x70, 0x3f, 0x05, 0x10, 0x33, 0x01, 0x0c, 0x02, 0x1d, 0xf0, 0x00, 0x00, 0x50, 0x7f, 0x05, 0x10, 
			0x77, 0x01, 0x70, 0x33, 0x30, 0x67, 0xc5, 0x05, 0x41, 0xff, 0x50, 0x40, 0x33, 0x20, 0x1d, 0xf0, 
			0x40, 0x85, 0x11, 0x40, 0x88, 0x20, 0x16, 0x68, 0xfd, 0x3d, 0x05, 0x2d, 0x04, 0x1d, 0xf0, 0x00, 
			0x47, 0x32, 0x3a, 0xc6, 0x0f, 0x00, 0x00, 0x00, 0x36, 0x21, 0x00, 0x61, 0x4f, 0x51, 0x50, 0x73, 
			0x30, 0x67, 0x43, 0xc7, 0x67, 0x45, 0xd8, 0x30, 0x84, 0xa5, 0x50, 0x94, 0xa5, 0x16, 0xf9, 0xef, 
			0x16, 0x48, 0xf6, 0x90, 0x88, 0xc0, 0xa1, 0x49, 0x51, 0x60, 0x33, 0x20, 0xa0, 0x33, 0x10, 0x60, 
			0x55, 0x20, 0xa0, 0x55, 0x10, 0x10, 0x4f, 0x40, 0x37, 0x35, 0x0a, 0x37, 0x15, 0xc1, 0x20, 0x33, 
			0x81, 0x00, 0x22, 0xa1, 0x0b, 0x88, 0x50, 0x33, 0xc0, 0x47, 0xb2, 0x01, 0x0b, 0x33, 0x40, 0x22, 
			0xc0, 0x20, 0x33, 0x81, 0x00, 0x22, 0xa1, 0x0c, 0x0a, 0x0c, 0x1b, 0x3c, 0x49, 0xb0, 0xaa, 0x81, 
			0x00, 0xbb, 0xa1, 0x57, 0x33, 0x10, 0x57, 0x13, 0x42, 0x1b, 0xbb, 0x50, 0x33, 0xc0, 0x47, 0xb2, 
			0x02, 0x32, 0xc3, 0xff, 0x40, 0x22, 0xc0, 0x20, 0x33, 0x81, 0x00, 0x22, 0xa1, 0x0b, 0x99, 0x56, 
			0xa9, 0xfd, 0x92, 0xa3, 0xfe, 0x90, 0x88, 0x80, 0x92, 0xd9, 0x04, 0x97, 0xb8, 0x39, 0x57, 0x33, 
			0x07, 0x57, 0x13, 0x1f, 0x1b, 0xbb, 0x16, 0x6b, 0x08, 0x2d, 0x0b, 0xc0, 0x88, 0x01, 0x8a, 0x3a, 
			0x70, 0x7f, 0x05, 0x10, 0x77, 0x01, 0x70, 0x33, 0x20, 0x1d, 0xf0, 0x00, 0x47, 0xb2, 0xb9, 0x06, 
			0xf1, 0xff, 0x00, 0x00, 0x47, 0x32, 0xe1, 0x47, 0x92, 0xd9, 0x1b, 0xbb, 0x16, 0x0b, 0x06, 0xb0, 
			0xb1, 0x41, 0xf0, 0xbb, 0x11, 0x06, 0xf4, 0xff, 0x96, 0x98, 0x00, 0x1b, 0x89, 0xc0, 0x38, 0x01, 
			0x0c, 0x02, 0x86, 0xf2, 0xff, 0x80, 0x80, 0x60, 0x00, 0x08, 0x40, 0xf6, 0xc8, 0x0d, 0x00, 0x6b, 
			0xa1, 0xb0, 0xba, 0x81, 0xa0, 0xa0, 0x91, 0x86, 0x04, 0x00, 0x00, 0x00, 0xf6, 0xd8, 0x35, 0x00, 
			0x9b, 0xa1, 0xb0, 0x6a, 0x81, 0xa0, 0xb0, 0x91, 0x0c, 0x0a, 0x90, 0x22, 0x20, 0x0c, 0x08, 0x20, 
			0x33, 0x20, 0x8c, 0x33, 0x0c, 0x19, 0x90, 0x66, 0x20, 0xd6, 0xc6, 0xf8, 0x1b, 0xbb, 0x8c, 0xeb, 
			0xf0, 0x66, 0x11, 0x56, 0x26, 0xf8, 0xb0, 0xb1, 0x41, 0xf0, 0xbb, 0x11, 0x46, 0xde, 0xff, 0x00, 
			0x1b, 0xaa, 0xc6, 0xdc, 0xff, 0x70, 0x3f, 0x05, 0x10, 0x33, 0x01, 0x0c, 0x02, 0x1d, 0xf0, 0x00, 
			0x36, 0x21, 0x00, 0x47, 0x92, 0x0d, 0x57, 0x93, 0x17, 0x61, 0x03, 0x51, 0x67, 0x43, 0x08, 0x0c, 
			0x02, 0x1d, 0xf0, 0x00, 0x0c, 0x12, 0x1d, 0xf0, 0x40, 0x73, 0x11, 0x20, 0x77, 0x20, 0x06, 0x02, 
			0x00, 0x50, 0x73, 0x20, 0xf0, 0x77, 0x11, 0x20, 0x77, 0x20, 0x0c, 0x02, 0x0c, 0x13, 0x70, 0x23, 
			0x93, 0x1d, 0xf0, 0x00, 0x36, 0x21, 0x00, 0x61, 0xf8, 0x50, 0x67, 0x43, 0x0e, 0x67, 0xc5, 0x40, 
			0x40, 0x75, 0x11, 0x40, 0x77, 0x20, 0xbc, 0x77, 0x0c, 0x02, 0x1d, 0xf0, 0x40, 0x73, 0x11, 0x20, 
			0x77, 0x20, 0x16, 0x77, 0xfe, 0x0c, 0x02, 0x1d, 0xf0, 0x00, 0x00, 0x00, 0x36, 0x21, 0x00, 0x61, 
			0xee, 0x50, 0x67, 0x43, 0x0e, 0x67, 0xc5, 0x18, 0x40, 0x75, 0x11, 0x40, 0x77, 0x20, 0x8c, 0xf7, 
			0x0c, 0x12, 0x1d, 0xf0, 0x40, 0x73, 0x11, 0x20, 0x77, 0x20, 0x16, 0x77, 0xfe, 0x0c, 0x12, 0x1d, 
			0xf0, 0x50, 0x73, 0x30, 0x96, 0xd7, 0x01, 0x96, 0xd3, 0x00, 0x57, 0x33, 0x05, 0x57, 0x93, 0x10, 
			0x27, 0x34, 0x0d, 0x0c, 0x02, 0x1d, 0xf0, 0x00, 0x37, 0x35, 0xf7, 0x37, 0x95, 0x02, 0x47, 0xb2, 
			0xf1, 0x0c, 0x12, 0x1d, 0xf0, 0x96, 0xa3, 0xfe, 0x50, 0x73, 0x20, 0xf0, 0x77, 0x11, 0x20, 0x77, 
			0x20, 0x40, 0x77, 0x20, 0x0c, 0x12, 0x0c, 0x03, 0x70, 0x23, 0x83, 0x1d, 0xf0, 0x00, 0x00, 0x00, 
			0x36, 0x21, 0x00, 0x61, 0xd5, 0x50, 0x67, 0x43, 0x0e, 0x67, 0xc5, 0x40, 0x40, 0x75, 0x11, 0x40, 
			0x77, 0x20, 0xbc, 0x77, 0x7c, 0xf2, 0x1d, 0xf0, 0x40, 0x73, 0x11, 0x20, 0x77, 0x20, 0x16, 0x77, 
			0xfe, 0x7c, 0xf2, 0x1d, 0xf0, 0x00, 0x00, 0x00, 0x36, 0x21, 0x00, 0x61, 0xcb, 0x50, 0x67, 0x43, 
			0x0e, 0x67, 0xc5, 0x18, 0x40, 0x75, 0x11, 0x40, 0x77, 0x20, 0x8c, 0xf7, 0x0c, 0x02, 0x1d, 0xf0, 
			0x40, 0x73, 0x11, 0x20, 0x77, 0x20, 0x16, 0x77, 0xfe, 0x0c, 0x02, 0x1d, 0xf0, 0x50, 0x73, 0x30, 
			0x96, 0xd7, 0x01, 0x96, 0xd3, 0x00, 0x57, 0x33, 0x05, 0x57, 0x93, 0x10, 0x47, 0xb2, 0x0d, 0x7c, 
			0xf2, 0x1d, 0xf0, 0x00, 0x37, 0x35, 0xf7, 0x37, 0x95, 0x02, 0x27, 0x34, 0xf1, 0x0c, 0x02, 0x1d, 
			0xf0, 0xd6, 0x83, 0xff, 0x50, 0x73, 0x20, 0xf0, 0x77, 0x11, 0x20, 0x77, 0x20, 0x40, 0x77, 0x20, 
			0x0c, 0x02, 0x7c, 0xf3, 0x70, 0x23, 0x93, 0x1d, 0xf0, 0x00, 0x00, 0x00, 0x36, 0x21, 0x00, 0x61, 
			0xb2, 0x50, 0x67, 0x43, 0x06, 0x67, 0x45, 0x10, 0x0c, 0x02, 0x1d, 0xf0, 0x40, 0x73, 0x11, 0x20, 
			0x77, 0x20, 0x16, 0xf7, 0xfe, 0x0c, 0x12, 0x1d, 0xf0, 0x40, 0x75, 0x11, 0x40, 0x77, 0x20, 0x16, 
			0x57, 0xfe, 0x0c, 0x12, 0x1d, 0xf0, 0x00, 0x00, 0x36, 0x21, 0x00, 0x61, 0xa7, 0x50, 0x67, 0x43, 
			0x26, 0x30, 0x44, 0xa5, 0x60, 0x53, 0x95, 0x50, 0x44, 0xc0, 0xe6, 0xc4, 0x26, 0xa6, 0x14, 0x2f, 
			0x60, 0x73, 0x20, 0x10, 0x45, 0x40, 0x20, 0x57, 0x81, 0x00, 0x14, 0x40, 0x50, 0x50, 0x91, 0x50, 
			0x20, 0x60, 0x70, 0x25, 0xb3, 0x1d, 0xf0, 0x00, 0x40, 0x43, 0x11, 0x20, 0x44, 0x20, 0x16, 0x24, 
			0x00, 0x32, 0xa0, 0x00, 0x50, 0x46, 0x11, 0x0b, 0x54, 0x30, 0x45, 0xb3, 0x2d, 0x04, 0x1d, 0xf0, 
			0x0c, 0x02, 0x1d, 0xf0, 0x36, 0x21, 0x00, 0x61, 0x94, 0x50, 0x67, 0x43, 0x2a, 0x30, 0x44, 0xa5, 
			0x60, 0x54, 0x95, 0x50, 0x44, 0xc0, 0xe6, 0xc4, 0x2a, 0x96, 0x34, 0x03, 0x60, 0x73, 0x20, 0x10, 
			0x45, 0x40, 0x20, 0x57, 0x81, 0x1b, 0x44, 0x26, 0xc4, 0x29, 0x00, 0x14, 0x40, 0x50, 0x50, 0x91, 
			0x50, 0x20, 0x60, 0x70, 0x25, 0xb3, 0x1d, 0xf0, 0x40, 0x43, 0x11, 0x20, 0x44, 0x20, 0x8c, 0x24, 
			0x7c, 0xf2, 0x1d, 0xf0, 0x50, 0x46, 0x11, 0x7c, 0xf5, 0x30, 0x45, 0xb3, 0x2d, 0x04, 0x1d, 0xf0, 
			0x0c, 0x02, 0x1d, 0xf0, 0x96, 0x43, 0x00, 0x2d, 0x05, 0x1d, 0xf0, 0x00, 0x50, 0x26, 0x11, 0x1d, 
			0xf0, 0x00, 0x00, 0x00, 0x36, 0x21, 0x00, 0x61, 0x7c, 0x50, 0x67, 0x43, 0x43, 0x30, 0x44, 0xa5, 
			0x60, 0x54, 0x95, 0x50, 0x44, 0xc0, 0xe6, 0xd4, 0x47, 0x96, 0xf4, 0x04, 0x60, 0x73, 0x20, 0x10, 
			0x45, 0x40, 0x20, 0x37, 0x81, 0x00, 0x22, 0xa1, 0x1b, 0x44, 0x26, 0xd4, 0x46, 0x00, 0x14, 0x40, 
			0xe6, 0xc4, 0x14, 0x30, 0x20, 0x91, 0x0c, 0x03, 0xd6, 0x97, 0x00, 0x20, 0x20, 0x60, 0x30, 0x30, 
			0x60, 0x8c, 0x02, 0x0b, 0x33, 0x1d, 0xf0, 0x00, 0x20, 0x23, 0x81, 0x30, 0x30, 0x91, 0x86, 0xf9, 
			0xff, 0x40, 0x43, 0x11, 0x20, 0x44, 0x20, 0x8c, 0x64, 0x7c, 0xf3, 0x7c, 0xf2, 0x1d, 0xf0, 0x00, 
			0x00, 0xd6, 0x43, 0xff, 0x50, 0x36, 0x11, 0x0c, 0x02, 0x1d, 0xf0, 0x00, 0x0c, 0x03, 0x0c, 0x02, 
			0x1d, 0xf0, 0x00, 0x00, 0x96, 0xc7, 0xfe, 0x1d, 0xf0, 0x00, 0x00, 0x00, 0x36, 0x81, 0x00, 0x20, 
			0xa2, 0x20, 0x40, 0xb4, 0x20, 0x32, 0x61, 0x01, 0x29, 0x01, 0x59, 0x31, 0x49, 0x21, 0xe5, 0xdf, 
			0x00, 0x38, 0x11, 0x88, 0x31, 0x40, 0x33, 0x82, 0x20, 0x88, 0x82, 0x2d, 0x0a, 0x8a, 0x33, 0x3a, 
			0x3b, 0x1d, 0xf0, 0x00, 0x36, 0xc1, 0x00, 0x39, 0x11, 0x29, 0x01, 0x59, 0x31, 0x49, 0x21, 0xad, 
			0x03, 0xcd, 0x02, 0xbd, 0x04, 0x2c, 0x0d, 0x16, 0x15, 0x13, 0x57, 0xb3, 0x12, 0x8c, 0x86, 0x29, 
			0x06, 0x39, 0x16, 0x0c, 0x02, 0x0c, 0x03, 0x1d, 0xf0, 0x0c, 0x02, 0x0c, 0x03, 0x1d, 0xf0, 0x00, 
			0x70, 0xf5, 0x40, 0x16, 0x17, 0x2b, 0x70, 0x3d, 0xc0, 0x00, 0x17, 0x40, 0x00, 0x55, 0xa1, 0x39, 
			0xd1, 0x00, 0x03, 0x40, 0x40, 0x80, 0x91, 0x80, 0x55, 0x20, 0xa0, 0x80, 0x91, 0x50, 0xd0, 0xf4, 
			0x00, 0x17, 0x40, 0x00, 0xea, 0xa1, 0x00, 0x03, 0x40, 0x20, 0xf0, 0x91, 0xf0, 0xee, 0x20, 0x10, 
			0x40, 0x40, 0x50, 0xf0, 0xf5, 0xf0, 0x38, 0xc2, 0xcd, 0x03, 0x30, 0xbd, 0x82, 0xf0, 0x88, 0xe2, 
			0xe0, 0x88, 0x81, 0x89, 0xa1, 0xad, 0x08, 0xb7, 0xb8, 0x0e, 0x0b, 0xc3, 0x8a, 0xa5, 0x57, 0x3a, 
			0x07, 0xb7, 0xba, 0x04, 0xc2, 0xc3, 0xfe, 0xaa, 0xa5, 0xb0, 0xaa, 0xc0, 0xe0, 0xb0, 0xf4, 0xf0, 
			0xea, 0xe2, 0xf0, 0xaa, 0xc2, 0x00, 0xee, 0x11, 0xe0, 0xbb, 0x20, 0x3d, 0x0b, 0xa0, 0xed, 0x82, 
			0xdd, 0x0a, 0xe7, 0xbb, 0x0e, 0x0b, 0xda, 0xba, 0x35, 0x57, 0x33, 0x07, 0xe7, 0xb3, 0x04, 0xd2, 
			0xca, 0xfe, 0x3a, 0x35, 0xe0, 0x33, 0xc0, 0x00, 0xac, 0x11, 0x00, 0x17, 0x40, 0x00, 0xb4, 0xa1, 
			0xa0, 0xad, 0x20, 0xa9, 0xb1, 0xb9, 0xc1, 0xa0, 0x4a, 0x20, 0x25, 0xd2, 0x00, 0xdd, 0x0b, 0xcd, 
			0x0b, 0xb7, 0x33, 0x0b, 0x37, 0x9b, 0x20, 0x00, 0x17, 0x40, 0x00, 0xe2, 0xa1, 0xa7, 0xbe, 0x17, 
			0x0c, 0x1b, 0x48, 0xb1, 0xc8, 0xc1, 0x0b, 0x44, 0xc0, 0xca, 0xc0, 0xc7, 0x3a, 0x01, 0x0c, 0x0b, 
			0xad, 0x0c, 0x50, 0xcd, 0xc0, 0xb0, 0xcc, 0xc0, 0x16, 0xd6, 0x1d, 0x00, 0x17, 0x40, 0x00, 0xd2, 
			0xa1, 0xa0, 0xbd, 0xc0, 0xb7, 0x3d, 0x20, 0xc0, 0xe3, 0xc0, 0x38, 0xd1, 0x00, 0x13, 0x40, 0x00, 
			0x2e, 0xa1, 0x0c, 0x03, 0x00, 0x07, 0x40, 0xb0, 0xf0, 0x91, 0xe0, 0xe0, 0x91, 0xe9, 0x16, 0x20, 
			0xff, 0x20, 0xf9, 0x06, 0x2d, 0x04, 0x1d, 0xf0, 0xc0, 0xe3, 0xc0, 0x38, 0xd1, 0x0b, 0xee, 0x00, 
			0x13, 0x40, 0x00, 0x2e, 0xa1, 0x0c, 0x03, 0x00, 0x07, 0x40, 0xb0, 0xf0, 0x91, 0xe0, 0xe0, 0x91, 
			0xe9, 0x16, 0x20, 0xff, 0x20, 0xf9, 0x06, 0x2d, 0x04, 0x1d, 0xf0, 0x00, 0x47, 0x33, 0x02, 0xc6, 
			0x20, 0x00, 0xf0, 0xf4, 0x40, 0x9c, 0x9f, 0xf0, 0x9d, 0xc0, 0x00, 0x1f, 0x40, 0x00, 0xb4, 0xa1, 
			0x00, 0x83, 0xa1, 0x00, 0x09, 0x40, 0x20, 0x30, 0x91, 0x80, 0x33, 0x20, 0x00, 0x1f, 0x40, 0x00, 
			0xc2, 0xa1, 0x10, 0x40, 0x40, 0xb0, 0xa0, 0xf4, 0xb0, 0xd0, 0xf5, 0xd0, 0x53, 0xe2, 0xd0, 0x43, 
			0xc2, 0x40, 0x2a, 0x82, 0xc0, 0x55, 0x81, 0xed, 0x05, 0x3d, 0x04, 0x27, 0xb5, 0x0e, 0x0b, 0x34, 
			0xba, 0xe5, 0xb7, 0x3e, 0x07, 0x27, 0xbe, 0x04, 0x32, 0xc4, 0xfe, 0xea, 0xeb, 0x20, 0xee, 0xc0, 
			0xc0, 0x20, 0xf4, 0xd0, 0x8e, 0xe2, 0x00, 0x88, 0x11, 0xd0, 0xee, 0xc2, 0xcd, 0x0e, 0x80, 0x22, 
			0x20, 0xe0, 0xda, 0x82, 0xad, 0x02, 0xd7, 0xb2, 0x0e, 0x0b, 0xce, 0xba, 0xa2, 0xb7, 0x3a, 0x07, 
			0xd7, 0xba, 0x04, 0xaa, 0xab, 0xc2, 0xce, 0xfe, 0x00, 0x43, 0x11, 0x0c, 0x0e, 0x40, 0x4c, 0x20, 
			0xd0, 0xca, 0xc0, 0x86, 0x3b, 0x00, 0xcc, 0x34, 0x0c, 0x1b, 0x40, 0xbb, 0xc2, 0xf0, 0xfb, 0x40, 
			0x16, 0x0f, 0x13, 0x00, 0x1f, 0x40, 0xf0, 0x5d, 0xc0, 0x00, 0xbb, 0xa1, 0x00, 0x05, 0x40, 0xb0, 
			0xd0, 0xf5, 0xa0, 0x70, 0x91, 0x00, 0x1f, 0x40, 0x00, 0x4a, 0xa1, 0x00, 0x05, 0x40, 0xb0, 0xa0, 
			0xf4, 0xd0, 0x57, 0xc2, 0x20, 0x30, 0x91, 0xd0, 0x77, 0xe2, 0x40, 0x33, 0x20, 0x00, 0x1f, 0x40, 
			0x00, 0xc2, 0xa1, 0x4d, 0x05, 0x50, 0x2a, 0x82, 0x10, 0x40, 0x40, 0x30, 0x77, 0x81, 0xed, 0x07, 
			0x27, 0xb7, 0x10, 0x0b, 0x45, 0xb0, 0xe7, 0x80, 0xb7, 0x3e, 0x08, 0x27, 0xbe, 0x05, 0x42, 0xc5, 
			0xfe, 0xe0, 0xeb, 0x80, 0x30, 0x70, 0xf4, 0x20, 0x5e, 0xc0, 0xd0, 0x85, 0xe2, 0x00, 0x88, 0x11, 
			0xd0, 0x55, 0xc2, 0x2d, 0x05, 0x80, 0x77, 0x20, 0x50, 0x3a, 0x82, 0xed, 0x07, 0x37, 0xb7, 0x10, 
			0x0b, 0x25, 0xb0, 0xe7, 0x80, 0xb7, 0x3e, 0x08, 0x37, 0xbe, 0x05, 0x22, 0xc5, 0xfe, 0xe0, 0xeb, 
			0x80, 0x30, 0x3e, 0xc0, 0x00, 0xe4, 0x11, 0xe0, 0xe2, 0x20, 0x10, 0x40, 0x40, 0xd0, 0x73, 0xe2, 
			0xd0, 0x53, 0xc2, 0x4d, 0x05, 0x50, 0x2a, 0x82, 0xc0, 0x77, 0x81, 0x3d, 0x07, 0x27, 0xb7, 0x0f, 
			0x0b, 0x45, 0xba, 0x37, 0xb7, 0x33, 0x08, 0x27, 0xb3, 0x05, 0x42, 0xc5, 0xfe, 0x30, 0x3b, 0x80, 
			0x20, 0x23, 0xc0, 0xc0, 0x30, 0xf4, 0xd0, 0x82, 0xe2, 0x00, 0x88, 0x11, 0xd0, 0x22, 0xc2, 0xdd, 
			0x02, 0x80, 0x33, 0x20, 0x20, 0xca, 0x82, 0xad, 0x03, 0xc7, 0xb3, 0x0f, 0x0b, 0xd2, 0xba, 0xa3, 
			0xb7, 0x3a, 0x08, 0xc7, 0xba, 0x05, 0xa0, 0xab, 0x80, 0xd2, 0xc2, 0xfe, 0xc0, 0xca, 0xc0, 0x00, 
			0x44, 0x11, 0x40, 0x4d, 0x20, 0x9c, 0x76, 0x3d, 0x0e, 0x2d, 0x04, 0x00, 0x0f, 0x40, 0x0c, 0x08, 
			0x89, 0x16, 0xc0, 0x90, 0x91, 0x99, 0x06, 0x1d, 0xf0, 0x0c, 0x03, 0x2d, 0x04, 0x1d, 0xf0, 0x00, 
			0x3d, 0x0e, 0x2d, 0x04, 0x1d, 0xf0, 0x00, 0x00, 0x37, 0x35, 0x08, 0x47, 0xb2, 0x05, 0x0c, 0x04, 
			0x86, 0x04, 0x00, 0x00, 0x0c, 0x1b, 0x40, 0xc2, 0xc0, 0xc7, 0x32, 0x01, 0x0c, 0x0b, 0x0c, 0x14, 
			0x50, 0x3a, 0xc0, 0xb0, 0x33, 0xc0, 0x16, 0xf6, 0xfc, 0x2d, 0x04, 0x39, 0x16, 0xc9, 0x06, 0x0c, 
			0x03, 0x1d, 0xf0, 0x00, 0xb0, 0xd0, 0xf5, 0xb0, 0x3a, 0xc0, 0x0c, 0x1e, 0xb0, 0xa0, 0xf4, 0xc6, 
			0xd1, 0xff, 0x00, 0x00, 0x36, 0x81, 0x00, 0x39, 0x11, 0x29, 0x01, 0x49, 0x21, 0xcd, 0x04, 0xdd, 
			0x05, 0xad, 0x02, 0xbd, 0x03, 0x59, 0x31, 0x88, 0x31, 0x96, 0x33, 0x04, 0x0c, 0x06, 0xd6, 0xb8, 
			0x01, 0x49, 0x41, 0x59, 0x51, 0x0c, 0x1e, 0x40, 0xd0, 0x60, 0x7c, 0xff, 0xf0, 0x66, 0x30, 0xd9, 
			0x61, 0xcd, 0x0d, 0xd0, 0xde, 0x93, 0xda, 0xd5, 0xd0, 0xd0, 0x60, 0xd9, 0x71, 0x0c, 0x0e, 0x65, 
			0xca, 0xff, 0x9c, 0x36, 0x0c, 0x18, 0xa0, 0x30, 0x60, 0x39, 0x61, 0x28, 0x61, 0x30, 0x38, 0x93, 
			0x3a, 0x3b, 0x30, 0x30, 0x60, 0x39, 0x71, 0x1d, 0xf0, 0x3d, 0x0b, 0x2d, 0x0a, 0x1d, 0xf0, 0x00, 
			0x29, 0x41, 0x39, 0x51, 0x7c, 0xf6, 0x0c, 0x1e, 0x20, 0xb0, 0x60, 0xb9, 0x61, 0xa8, 0x61, 0xb0, 
			0xbe, 0x93, 0xba, 0xb3, 0xb0, 0xb0, 0x60, 0xb9, 0x71, 0x46, 0xe8, 0xff, 0x36, 0x81, 0x00, 0x39, 
			0x11, 0x29, 0x01, 0x59, 0x31, 0x49, 0x21, 0xcd, 0x02, 0xbd, 0x03, 0xad, 0x04, 0x2c, 0x0e, 0x16, 
			0x95, 0x0b, 0x57, 0xb3, 0x07, 0x0c, 0x02, 0x0c, 0x03, 0x1d, 0xf0, 0x00, 0x00, 0xd0, 0xf5, 0x40, 
			0x16, 0x4d, 0x22, 0xd0, 0x8e, 0xc0, 0x00, 0x1d, 0x40, 0x00, 0x55, 0xa1, 0x00, 0x22, 0xa1, 0x00, 
			0x08, 0x40, 0x30, 0x70, 0x91, 0x40, 0x60, 0x91, 0x60, 0x55, 0x20, 0x00, 0x1d, 0x40, 0x00, 0xe3, 
			0xa1, 0x50, 0x30, 0xf5, 0x00, 0x08, 0x40, 0xc0, 0xf0, 0x91, 0x30, 0x67, 0xc2, 0x10, 0x40, 0x40, 
			0x30, 0x77, 0xe2, 0xf0, 0xee, 0x20, 0x50, 0xc0, 0xf4, 0x60, 0xbc, 0x82, 0xfd, 0x06, 0xe0, 0x77, 
			0x81, 0xad, 0x07, 0xb7, 0xb7, 0x0e, 0x0b, 0xf6, 0x7a, 0xa5, 0x57, 0x3a, 0x07, 0xb7, 0xba, 0x04, 
			0xf2, 0xc6, 0xfe, 0xaa, 0xa5, 0xb0, 0xaa, 0xc0, 0xe0, 0xb0, 0xf4, 0x30, 0xea, 0xe2, 0x00, 0xee, 
			0x11, 0x30, 0xaa, 0xc2, 0xa0, 0x3c, 0x82, 0xe0, 0xbb, 0x20, 0xcd, 0x0b, 0xed, 0x0a, 0x37, 0xbb, 
			0x0e, 0x0b, 0xea, 0xba, 0xc5, 0x57, 0x3c, 0x07, 0x37, 0xbc, 0x04, 0xca, 0xc5, 0xe2, 0xca, 0xfe, 
			0x00, 0x1d, 0x40, 0x30, 0x3c, 0xc0, 0x00, 0xb4, 0xa1, 0x00, 0x4f, 0x11, 0x40, 0x4e, 0x20, 0x40, 
			0xa4, 0x20, 0xa5, 0x99, 0x00, 0xb7, 0x33, 0x0b, 0x30, 0x8b, 0xc0, 0x56, 0x98, 0x09, 0xa7, 0x32, 
			0x02, 0xc6, 0x24, 0x00, 0x0b, 0x24, 0x0c, 0x03, 0x1d, 0xf0, 0x00, 0x00, 0x47, 0x33, 0x02, 0xc6, 
			0x22, 0x00, 0x90, 0xf4, 0x40, 0x9c, 0x99, 0x90, 0xfe, 0xc0, 0x00, 0x19, 0x40, 0x00, 0xa4, 0xa1, 
			0x00, 0xd3, 0xa1, 0x00, 0x0f, 0x40, 0x20, 0xb0, 0x91, 0xd0, 0xbb, 0x20, 0x00, 0x19, 0x40, 0x00, 
			0x22, 0xa1, 0xa0, 0xc0, 0xf4, 0x10, 0x40, 0x40, 0xa0, 0xd0, 0xf5, 0xd0, 0x4b, 0xe2, 0xd0, 0x3b, 
			0xc2, 0xfd, 0x03, 0x20, 0x44, 0x81, 0x30, 0xbc, 0x82, 0xed, 0x04, 0xb7, 0xb4, 0x0e, 0x0b, 0xf3, 
			0xaa, 0xe4, 0xa7, 0x3e, 0x07, 0xb7, 0xbe, 0x04, 0xf2, 0xc3, 0xfe, 0xea, 0xea, 0xb0, 0x8e, 0xc0, 
			0x20, 0xe0, 0xf4, 0xd0, 0x98, 0xe2, 0x00, 0x99, 0x11, 0xd0, 0xd8, 0xc2, 0xbd, 0x0d, 0xd0, 0xcc, 
			0x82, 0x90, 0xee, 0x20, 0xc7, 0xbe, 0x16, 0x0b, 0xbd, 0xaa, 0xee, 0xa7, 0x3e, 0x0f, 0xc7, 0xbe, 
			0x0c, 0x0c, 0x03, 0x00, 0x2f, 0x11, 0xb2, 0xcd, 0xfe, 0x20, 0x2b, 0x20, 0x1d, 0xf0, 0x0c, 0x03, 
			0x00, 0x2f, 0x11, 0x20, 0x2b, 0x20, 0x1d, 0xf0, 0x0c, 0x03, 0x2d, 0x04, 0x1d, 0xf0, 0xcc, 0x34, 
			0x0c, 0x1a, 0x40, 0xaa, 0xc2, 0xd0, 0xfa, 0x40, 0x16, 0x8d, 0x0f, 0x00, 0x1d, 0x40, 0xd0, 0xfe, 
			0xc0, 0x00, 0xaa, 0xa1, 0x00, 0x0f, 0x40, 0x30, 0x50, 0x91, 0x00, 0x1d, 0x40, 0x00, 0xe3, 0xa1, 
			0x00, 0x0f, 0x40, 0xc0, 0xb0, 0x91, 0xe0, 0xbb, 0x20, 0x00, 0x1d, 0x40, 0x00, 0x2c, 0xa1, 0xa0, 
			0xd0, 0xf5, 0xa0, 0xc0, 0xf4, 0x10, 0x40, 0x40, 0xd0, 0x45, 0xc2, 0xfd, 0x04, 0xd0, 0x55, 0xe2, 
			0xb0, 0x55, 0x81, 0x40, 0x3c, 0x82, 0xed, 0x05, 0x37, 0xb5, 0x10, 0x0b, 0xf4, 0xa0, 0xe5, 0x80, 
			0xa7, 0x3e, 0x08, 0x37, 0xbe, 0x05, 0xf2, 0xc4, 0xfe, 0xe0, 0xea, 0x80, 0xb0, 0x50, 0xf4, 0x30, 
			0x4e, 0xc0, 0xd0, 0x84, 0xe2, 0x00, 0x88, 0x11, 0xd0, 0x44, 0xc2, 0xed, 0x04, 0x80, 0x55, 0x20, 
			0x40, 0x3c, 0x82, 0xbd, 0x05, 0x37, 0xb5, 0x0f, 0x0b, 0xe4, 0xa0, 0xb5, 0x80, 0xa7, 0x3b, 0x07, 
			0x37, 0xbb, 0x04, 0xe2, 0xc4, 0xfe, 0xba, 0xba, 0x30, 0xbb, 0xc0, 0x00, 0x3f, 0x11, 0x30, 0x3e, 
			0x20, 0x10, 0x40, 0x40, 0xd0, 0x5b, 0xe2, 0xd0, 0x4b, 0xc2, 0xfd, 0x04, 0x20, 0x55, 0x81, 0x40, 
			0xbc, 0x82, 0xed, 0x05, 0xb7, 0xb5, 0x10, 0x0b, 0xf4, 0xa0, 0xe5, 0x80, 0xa7, 0x3e, 0x08, 0xb7, 
			0xbe, 0x05, 0xf2, 0xc4, 0xfe, 0xe0, 0xea, 0x80, 0xb0, 0x8e, 0xc0, 0x20, 0xe0, 0xf4, 0xd0, 0x98, 
			0xe2, 0x00, 0x99, 0x11, 0xd0, 0xd8, 0xc2, 0xbd, 0x0d, 0xd0, 0xcc, 0x82, 0x90, 0xee, 0x20, 0xc7, 
			0xbe, 0x21, 0x0b, 0xbd, 0xaa, 0xee, 0xa7, 0x3e, 0x1a, 0xc7, 0xbe, 0x17, 0x00, 0x8f, 0x11, 0x22, 
			0xcd, 0xfe, 0x80, 0x22, 0x20, 0x1d, 0xf0, 0x00, 0x37, 0x35, 0x02, 0x47, 0x32, 0x0d, 0x0c, 0x12, 
			0x0c, 0x03, 0x1d, 0xf0, 0x00, 0x2f, 0x11, 0x20, 0x2b, 0x20, 0x1d, 0xf0, 0x0c, 0x02, 0x0c, 0x03, 
			0x1d, 0xf0, 0x00, 0x00, 0xa0, 0xd0, 0xf5, 0xa0, 0xb3, 0xc0, 0xa0, 0xc0, 0xf4, 0x0c, 0x13, 0x86, 
			0xdf, 0xff, 0x00, 0x00, 0x36, 0x41, 0x00, 0xa1, 0xd3, 0x4e, 0x8c, 0x73, 0x91, 0xd1, 0x4e, 0x82, 
			0x23, 0x00, 0x82, 0x69, 0x00, 0x49, 0x0a, 0x8c, 0x15, 0xe0, 0x05, 0x00, 0x8c, 0x66, 0xad, 0x06, 
			0x10, 0x11, 0x20, 0xe5, 0x0c, 0x00, 0x1d, 0xf0, 0x36, 0x41, 0x00, 0x20, 0xa2, 0x20, 0xb2, 0xa0, 
			0x00, 0x65, 0x01, 0x00, 0xa1, 0xc9, 0x4e, 0xa2, 0x2a, 0x00, 0xb8, 0xfa, 0x8c, 0x1b, 0xe0, 0x0b, 
			0x00, 0xad, 0x02, 0x25, 0x92, 0x00, 0x00, 0x00, 0x36, 0x61, 0x00, 0x72, 0xaf, 0x78, 0x29, 0x01, 
			0xd1, 0xc2, 0x4e, 0xd8, 0x0d, 0xe2, 0xa1, 0x48, 0x62, 0x2d, 0x52, 0xea, 0xdd, 0xd9, 0x11, 0x16, 
			0xd6, 0x07, 0x58, 0x16, 0xbd, 0x05, 0x0b, 0x55, 0x96, 0x95, 0x06, 0x60, 0x45, 0xa0, 0x8c, 0x73, 
			0x77, 0x16, 0x59, 0x82, 0x24, 0x42, 0x37, 0x98, 0x53, 0xc8, 0x24, 0x0b, 0xbb, 0x57, 0x9b, 0x04, 
			0xb9, 0x16, 0x46, 0x01, 0x00, 0xb8, 0x16, 0x0c, 0x09, 0x99, 0x24, 0xbc, 0xec, 0x2d, 0x0b, 0x77, 
			0x16, 0x22, 0xa2, 0x26, 0x62, 0x00, 0x15, 0x40, 0xd2, 0xa0, 0x01, 0x00, 0xdd, 0xa1, 0xa7, 0x0d, 
			0x13, 0xe2, 0x26, 0x63, 0xb2, 0x24, 0x22, 0xe7, 0x8d, 0x11, 0xa2, 0x21, 0x00, 0xe0, 0x0c, 0x00, 
			0x46, 0x03, 0x00, 0x00, 0x00, 0xe0, 0x0c, 0x00, 0x46, 0x01, 0x00, 0x00, 0xad, 0x0b, 0xe0, 0x0c, 
			0x00, 0xb8, 0x16, 0xf8, 0x11, 0x27, 0x9b, 0x87, 0xf8, 0x0f, 0x67, 0x9f, 0x82, 0x42, 0xc4, 0xfc, 
			0x0b, 0x55, 0x66, 0x05, 0x98, 0x98, 0x06, 0x8c, 0x9b, 0x69, 0x11, 0x6d, 0x09, 0x56, 0x19, 0xf8, 
			0x1d, 0xf0, 0x00, 0x00, 0x16, 0x19, 0xff, 0x68, 0x11, 0x99, 0x06, 0x6d, 0x09, 0x06, 0xfb, 0xff, 
			0x36, 0x41, 0x00, 0x51, 0x9a, 0x4e, 0x58, 0x05, 0x42, 0x25, 0x52, 0xcc, 0x64, 0x42, 0xa1, 0x4c, 
			0x4a, 0x45, 0x42, 0x65, 0x52, 0x58, 0x14, 0xa6, 0xc5, 0x03, 0x7c, 0xf2, 0x1d, 0xf0, 0x1b, 0x95, 
			0x40, 0x85, 0xa0, 0x99, 0x14, 0x29, 0x28, 0x0c, 0x02, 0x1d, 0xf0, 0x00, 0x36, 0x41, 0x00, 0x41, 
			0x90, 0x4e, 0x38, 0x04, 0x52, 0xc4, 0x10, 0x5a, 0x53, 0x22, 0x45, 0x00, 0x1b, 0x33, 0x30, 0x30, 
			0x74, 0x39, 0x04, 0x1d, 0xf0, 0x00, 0x00, 0x00, 0x36, 0x41, 0x00, 0x7c, 0xf2, 0x1d, 0xf0, 0x00, 
			0x36, 0x41, 0x00, 0x1d, 0xf0, 0x00, 0x00, 0x00, 0x30, 0xb1, 0x03, 0x59, 0x71, 0x3b, 0x23, 0x20, 
			0xb1, 0x13, 0x1b, 0x33, 0x30, 0x20, 0x14, 0x20, 0x33, 0xc0, 0x38, 0x03, 0x40, 0x03, 0x03, 0x00, 
			0x22, 0x40, 0x30, 0x30, 0x91, 0x30, 0x30, 0x34, 0x40, 0x03, 0x13, 0x41, 0x7e, 0x4e, 0x5d, 0x01, 
			0x12, 0xc1, 0x60, 0x40, 0x43, 0xa0, 0xa0, 0x04, 0x00, 0x00, 0x00, 0x00, 0x1d, 0x00, 0xfc, 0x84, 
			0xfc, 0x64, 0x00, 0x00, 0x18, 0x45, 0xfc, 0x04, 0x18, 0x55, 0xec, 0xc4, 0x18, 0x65, 0xec, 0x84, 
			0x18, 0x75, 0xec, 0x44, 0x1d, 0x06, 0xec, 0x04, 0x1d, 0x07, 0xdc, 0xc4, 0x1d, 0x08, 0xdc, 0x84, 
			0x1d, 0x09, 0xdc, 0x44, 0x1d, 0x0a, 0xdc, 0x04, 0x1d, 0x0b, 0xcc, 0xc4, 0x1d, 0x0c, 0xcc, 0x84, 
			0x1d, 0x0d, 0xcc, 0x44, 0x1d, 0x0e, 0xcc, 0x04, 0x1d, 0x0f, 0x10, 0x30, 0x14, 0x8c, 0x43, 0xf0, 
			0x41, 0x00, 0x30, 0x11, 0xc0, 0x22, 0xc5, 0x60, 0x42, 0xa0, 0x60, 0x50, 0x31, 0xc0, 0x47, 0xb3, 
			0x16, 0x40, 0x55, 0xc0, 0x32, 0x25, 0x1c, 0x42, 0x25, 0x1d, 0x39, 0x45, 0x49, 0x55, 0x32, 0x25, 
			0x1e, 0x42, 0x25, 0x1f, 0x39, 0x65, 0x49, 0x75, 0x30, 0xc2, 0x09, 0x40, 0xd2, 0x09, 0x30, 0xc1, 
			0x49, 0x40, 0xd1, 0x49, 0x30, 0xe2, 0x09, 0x40, 0xf2, 0x09, 0x30, 0xe1, 0x49, 0x40, 0xf1, 0x49, 
			0x28, 0x45, 0x38, 0x55, 0x48, 0x65, 0x58, 0x75, 0x00, 0x30, 0x00, 0x00, 0x30, 0xb1, 0x03, 0x28, 
			0x41, 0x3b, 0x33, 0x30, 0xb1, 0x13, 0x32, 0x21, 0x05, 0x56, 0x62, 0x04, 0x32, 0x61, 0x11, 0x42, 
			0x61, 0x12, 0x52, 0x61, 0x13, 0x31, 0x50, 0x4e, 0x20, 0xe6, 0x03, 0x30, 0xe6, 0x13, 0x30, 0xb1, 
			0x03, 0x12, 0xc1, 0x60, 0x10, 0x20, 0x00, 0x42, 0xa0, 0x00, 0x36, 0x81, 0x00, 0xf5, 0x01, 0x00, 
			0xe1, 0x4b, 0x4e, 0xea, 0x0c, 0x1d, 0xf0, 0x20, 0xe6, 0x13, 0x0c, 0x02, 0x48, 0xa5, 0x10, 0x20, 
			0x00, 0x30, 0xb1, 0x13, 0x38, 0x95, 0x58, 0xb5, 0x00, 0x30, 0x00, 0x00, 0x36, 0x61, 0x00, 0xfd, 
			0x0f, 0x1d, 0xf0, 0x7c, 0xf2, 0x12, 0xc1, 0x60, 0x00, 0x30, 0x00, 0x00, 0x59, 0x71, 0x21, 0x3e, 
			0x4e, 0x30, 0xb1, 0x03, 0x20, 0xe6, 0x61, 0x39, 0x01, 0x29, 0x11, 0x22, 0x21, 0x13, 0x12, 0xc1, 
			0x60, 0x10, 0x20, 0x00, 0x41, 0xd2, 0x4c, 0x30, 0x34, 0x20, 0x30, 0x44, 0x90, 0x36, 0xc1, 0x00, 
			0xf0, 0x61, 0x00, 0xe1, 0x37, 0x4e, 0xf0, 0xe2, 0x03, 0xc0, 0xe4, 0x03, 0xd8, 0x1e, 0xc0, 0xff, 
			0x10, 0xc0, 0x03, 0x03, 0xd9, 0x31, 0x16, 0x2f, 0x06, 0xc9, 0x21, 0x22, 0x61, 0x08, 0x22, 0xaf, 
			0xff, 0xc0, 0xff, 0x40, 0xf1, 0xa1, 0x4c, 0x00, 0x0c, 0x40, 0xf0, 0xf0, 0x91, 0xf0, 0x22, 0x30, 
			0xd1, 0x2d, 0x4e, 0xf0, 0xe3, 0x13, 0xd0, 0xcc, 0xb0, 0xd2, 0x2c, 0x2c, 0xf0, 0x66, 0x00, 0xf8, 
			0x0e, 0xd9, 0x1e, 0xd0, 0xff, 0x10, 0xf0, 0xe4, 0x13, 0x10, 0x20, 0x00, 0xf0, 0x60, 0x00, 0xd8, 
			0x0c, 0xfd, 0x01, 0xe8, 0x1c, 0xf0, 0x0d, 0x00, 0xe1, 0x22, 0x4e, 0xf0, 0xe2, 0x03, 0xd0, 0x66, 
			0x00, 0xd8, 0x0e, 0xc8, 0x31, 0xc0, 0xdd, 0x10, 0xd0, 0xff, 0x10, 0x56, 0xef, 0x01, 0x28, 0x81, 
			0xc2, 0x6e, 0x01, 0xc2, 0x21, 0x02, 0xd0, 0xe4, 0x13, 0xd0, 0x63, 0x00, 0x01, 0x1b, 0x4e, 0xd1, 
			0xaf, 0x4c, 0xc0, 0x03, 0x13, 0xd0, 0x00, 0x20, 0x00, 0x0d, 0x90, 0x1d, 0xf0, 0xd0, 0xff, 0x40, 
			0xc1, 0x15, 0x4e, 0xc0, 0xcd, 0xb0, 0xe2, 0x2c, 0x2d, 0x20, 0xff, 0x10, 0xe0, 0xff, 0x10, 0xe1, 
			0x10, 0x4e, 0x56, 0xbf, 0xf7, 0xf1, 0x80, 0x4c, 0x00, 0x0d, 0x40, 0xf0, 0xd0, 0x91, 0xf2, 0x2c, 
			0x2d, 0xd0, 0xe3, 0x13, 0xf0, 0x22, 0x20, 0xd0, 0x22, 0x30, 0xc6, 0xde, 0xff, 0x00, 0x00, 0x00, 
			0x36, 0x41, 0x00, 0x1c, 0x55, 0x27, 0x35, 0x3b, 0x81, 0x09, 0x4e, 0x8a, 0x82, 0x82, 0x08, 0x00, 
			0x71, 0x08, 0x4e, 0xf6, 0x78, 0x31, 0xd0, 0x82, 0x11, 0x80, 0x77, 0xc0, 0x81, 0x06, 0x4e, 0x62, 
			0x27, 0x2a, 0x8c, 0xe3, 0x32, 0x67, 0x2a, 0x42, 0x67, 0x2b, 0x80, 0x96, 0xc0, 0x0c, 0x02, 0x90, 
			0x26, 0x93, 0x1d, 0xf0, 0x82, 0x67, 0x2a, 0x22, 0x67, 0x2b, 0x80, 0xa6, 0xc0, 0x0c, 0x02, 0xa0, 
			0x26, 0x93, 0x1d, 0xf0, 0x0c, 0x02, 0x1d, 0xf0, 0x0c, 0x02, 0x1d, 0xf0, 0x36, 0x41, 0x00, 0xad, 
			0x02, 0xbd, 0x03, 0xcd, 0x02, 0xa5, 0xfa, 0xff, 0x2d, 0x0a, 0x1d, 0xf0, 0x36, 0x21, 0x00, 0x41, 
			0xf0, 0x4d, 0x70, 0x66, 0x00, 0x38, 0x04, 0x68, 0x14, 0x20, 0x53, 0x20, 0x59, 0x04, 0x60, 0x55, 
			0x10, 0x50, 0xe4, 0x13, 0x70, 0xe6, 0x13, 0x10, 0x20, 0x00, 0x2d, 0x03, 0x1d, 0xf0, 0x00, 0x00, 
			0x20, 0xd2, 0x61, 0x12, 0xc1, 0xa0, 0x29, 0x41, 0x21, 0xe4, 0x4d, 0x49, 0x61, 0x59, 0x71, 0x20, 
			0xe6, 0x13, 0x10, 0x20, 0x00, 0x22, 0x21, 0x13, 0x12, 0xc1, 0x60, 0x40, 0xb2, 0x03, 0x51, 0x77, 
			0x4c, 0x40, 0x45, 0x20, 0x40, 0x45, 0x90, 0x36, 0xc1, 0x00, 0xf0, 0x62, 0x00, 0xe0, 0x03, 0x03, 
			0xc2, 0xa1, 0x00, 0xe9, 0x21, 0xc0, 0xe3, 0x13, 0xc1, 0xe0, 0x4d, 0xd8, 0x0c, 0xe8, 0x1c, 0xfd, 
			0x01, 0xf0, 0x0d, 0x00, 0xe8, 0x21, 0x01, 0xdd, 0x4d, 0xd1, 0x6c, 0x4c, 0xe0, 0x03, 0x13, 0xd0, 
			0x00, 0x20, 0x00, 0x0d, 0x90, 0xe0, 0x63, 0x00, 0x1d, 0xf0, 0x22, 0x65, 0x13, 0x28, 0x45, 0x48, 
			0x65, 0x58, 0x75, 0x10, 0x32, 0x00, 0x00, 0x00, 0x20, 0xd3, 0x61, 0x12, 0xc1, 0xa0, 0x29, 0x41, 
			0x21, 0xca, 0x4d, 0x49, 0x61, 0x59, 0x71, 0x20, 0xe6, 0x13, 0x10, 0x20, 0x00, 0x22, 0x21, 0x13, 
			0x12, 0xc1, 0x60, 0x40, 0xb3, 0x03, 0x51, 0x5d, 0x4c, 0x40, 0x45, 0x20, 0x40, 0x45, 0x90, 0x36, 
			0xc1, 0x00, 0xf0, 0x63, 0x00, 0xf0, 0xe2, 0x03, 0xc0, 0xe4, 0x03, 0xd1, 0xc9, 0x4d, 0xc0, 0xff, 
			0x10, 0xd0, 0xff, 0x10, 0xe0, 0x03, 0x03, 0x16, 0xdf, 0x03, 0xe9, 0x21, 0xf0, 0xc0, 0x60, 0xf0, 
			0xcc, 0x10, 0xc0, 0xe3, 0x13, 0xd1, 0xbe, 0x4d, 0x1c, 0xfe, 0xc0, 0xfc, 0x40, 0xc0, 0xfe, 0xc0, 
			0xf0, 0xf0, 0x60, 0xf2, 0xcf, 0x15, 0xd0, 0xcf, 0xb0, 0xd8, 0x0c, 0xe2, 0x2c, 0x01, 0x10, 0xf1, 
			0x20, 0xf0, 0x0d, 0x00, 0xf0, 0xe2, 0x03, 0xc0, 0xe4, 0x03, 0xd1, 0xb9, 0x4d, 0xc0, 0xff, 0x10, 
			0xd0, 0xff, 0x10, 0x56, 0x5f, 0xfc, 0xe8, 0x21, 0x01, 0xb7, 0x4d, 0xd1, 0x44, 0x4c, 0xe0, 0x03, 
			0x13, 0xd0, 0x00, 0x20, 0x00, 0x0d, 0x90, 0x1d, 0xf0, 0x22, 0x65, 0x13, 0x28, 0x45, 0x48, 0x65, 
			0x58, 0x75, 0x10, 0x33, 0x00, 0x00, 0x00, 0x00, 0x21, 0xb0, 0x4d, 0x09, 0x82, 0x01, 0xaf, 0x4d, 
			0x19, 0x92, 0x08, 0x00, 0x39, 0xb2, 0x00, 0xd4, 0x61, 0x49, 0xc2, 0x09, 0xa2, 0x30, 0xb1, 0x03, 
			0x40, 0xe8, 0x03, 0x39, 0x32, 0x49, 0x42, 0x30, 0xee, 0x03, 0x39, 0x52, 0x40, 0xd1, 0x03, 0x49, 
			0x62, 0x1c, 0x80, 0x59, 0xd2, 0x69, 0xe2, 0x79, 0xf2, 0x82, 0x62, 0x10, 0x92, 0x62, 0x11, 0xa2, 
			0x62, 0x12, 0xb2, 0x62, 0x13, 0xc2, 0x62, 0x14, 0xd2, 0x62, 0x15, 0xe2, 0x62, 0x16, 0xf2, 0x62, 
			0x17, 0x82, 0xc0, 0xf8, 0xa2, 0xc2, 0x20, 0x20, 0x80, 0x40, 0x56, 0xb0, 0xfd, 0x20, 0x80, 0x40, 
			0x30, 0x49, 0x03, 0x40, 0x48, 0x03, 0x39, 0x12, 0x49, 0x22, 0x0c, 0x13, 0x0c, 0x04, 0x30, 0x49, 
			0x13, 0x40, 0x48, 0x13, 0x10, 0x20, 0x00, 0x11, 0x94, 0x4d, 0x02, 0xa0, 0x00, 0x21, 0x94, 0x4d, 
			0x20, 0xe6, 0x13, 0x10, 0x20, 0x00, 0xe0, 0x03, 0x03, 0xe2, 0x61, 0x00, 0xd1, 0xd6, 0x4c, 0xc1, 
			0x88, 0x4d, 0xd0, 0xe3, 0x13, 0xd2, 0x2c, 0x12, 0x62, 0x2c, 0x13, 0xd0, 0x0d, 0x00, 0xf8, 0x01, 
			0xf0, 0x03, 0x13, 0x3c, 0x42, 0x20, 0xe6, 0x13, 0x10, 0x20, 0x00, 0x28, 0x11, 0x38, 0x21, 0x20, 
			0x49, 0x13, 0x30, 0x48, 0x13, 0x10, 0x20, 0x00, 0x11, 0x84, 0x4d, 0x1c, 0x86, 0x72, 0xc1, 0xe0, 
			0xe2, 0xc6, 0xf8, 0xf2, 0xc7, 0x20, 0x48, 0xcf, 0x58, 0xdf, 0x68, 0xef, 0x78, 0xff, 0x82, 0x2f, 
			0x10, 0x92, 0x2f, 0x11, 0xa2, 0x2f, 0x12, 0xb2, 0x2f, 0x13, 0x20, 0x80, 0x40, 0x56, 0xf6, 0xfd, 
			0x42, 0x27, 0x14, 0x52, 0x27, 0x15, 0x62, 0x27, 0x16, 0x72, 0x27, 0x17, 0x20, 0x80, 0x40, 0x28, 
			0x31, 0x38, 0x41, 0x20, 0xb1, 0x13, 0x30, 0xe8, 0x13, 0x28, 0x51, 0x20, 0xee, 0x13, 0x38, 0x61, 
			0x30, 0xd1, 0x13, 0x08, 0x81, 0x28, 0xa1, 0x38, 0xb1, 0x18, 0x91, 0x10, 0x34, 0x00, 0x00, 0x00, 
			0x21, 0x71, 0x4d, 0x09, 0x82, 0x01, 0x70, 0x4d, 0x19, 0x92, 0x08, 0x00, 0x39, 0xb2, 0x00, 0xd5, 
			0x61, 0x49, 0xc2, 0x09, 0xa2, 0x30, 0xb1, 0x03, 0x40, 0xe8, 0x03, 0x39, 0x32, 0x49, 0x42, 0x30, 
			0xee, 0x03, 0x39, 0x52, 0x40, 0xd1, 0x03, 0x49, 0x62, 0x1c, 0x80, 0x59, 0xd2, 0x69, 0xe2, 0x79, 
			0xf2, 0x82, 0x62, 0x10, 0x92, 0x62, 0x11, 0xa2, 0x62, 0x12, 0xb2, 0x62, 0x13, 0xc2, 0x62, 0x14, 
			0xd2, 0x62, 0x15, 0xe2, 0x62, 0x16, 0xf2, 0x62, 0x17, 0x82, 0xc0, 0xf8, 0xa2, 0xc2, 0x20, 0x20, 
			0x80, 0x40, 0x56, 0xb0, 0xfd, 0x20, 0x80, 0x40, 0x30, 0x49, 0x03, 0x40, 0x48, 0x03, 0x39, 0x12, 
			0x49, 0x22, 0x0c, 0x13, 0x0c, 0x04, 0x30, 0x49, 0x13, 0x40, 0x48, 0x13, 0x10, 0x20, 0x00, 0x11, 
			0x55, 0x4d, 0x02, 0xa0, 0x00, 0x21, 0x55, 0x4d, 0x20, 0xe6, 0x13, 0x10, 0x20, 0x00, 0xe0, 0x03, 
			0x03, 0xe2, 0x61, 0x00, 0xd1, 0x30, 0x4c, 0xc1, 0x46, 0x4d, 0xd0, 0xe3, 0x13, 0xd2, 0x2c, 0x10, 
			0x62, 0x2c, 0x11, 0xd0, 0x0d, 0x00, 0xf8, 0x01, 0xf0, 0x03, 0x13, 0x3c, 0x52, 0x20, 0xe6, 0x13, 
			0x10, 0x20, 0x00, 0x28, 0x11, 0x38, 0x21, 0x20, 0x49, 0x13, 0x30, 0x48, 0x13, 0x10, 0x20, 0x00, 
			0x11, 0x45, 0x4d, 0x1c, 0x86, 0x72, 0xc1, 0xe0, 0xe2, 0xc6, 0xf8, 0xf2, 0xc7, 0x20, 0x48, 0xcf, 
			0x58, 0xdf, 0x68, 0xef, 0x78, 0xff, 0x82, 0x2f, 0x10, 0x92, 0x2f, 0x11, 0xa2, 0x2f, 0x12, 0xb2, 
			0x2f, 0x13, 0x20, 0x80, 0x40, 0x56, 0xf6, 0xfd, 0x42, 0x27, 0x14, 0x52, 0x27, 0x15, 0x62, 0x27, 
			0x16, 0x72, 0x27, 0x17, 0x20, 0x80, 0x40, 0x28, 0x31, 0x38, 0x41, 0x20, 0xb1, 0x13, 0x30, 0xe8, 
			0x13, 0x28, 0x51, 0x20, 0xee, 0x13, 0x38, 0x61, 0x30, 0xd1, 0x13, 0x08, 0x81, 0x28, 0xa1, 0x38, 
			0xb1, 0x18, 0x91, 0x10, 0x35, 0x00, 0x00, 0x00, 0x36, 0x61, 0x00, 0x31, 0x31, 0x4d, 0x39, 0x01, 
			0x28, 0x01, 0x28, 0x02, 0x26, 0x02, 0x14, 0x88, 0x01, 0x88, 0x08, 0xe0, 0x08, 0x00, 0xa8, 0x01, 
			0xa2, 0xca, 0xfc, 0xa9, 0x01, 0x98, 0x01, 0x98, 0x09, 0x66, 0x09, 0xea, 0x1d, 0xf0, 0x00, 0x00, 
			0x36, 0x41, 0x00, 0x1d, 0xf0, 0x00, 0x00, 0x00, 0x36, 0x21, 0x00, 0xbc, 0x22, 0x0c, 0x07, 0x06, 
			0x03, 0x00, 0x00, 0x00, 0x36, 0x21, 0x00, 0xac, 0x62, 0x20, 0x7f, 0x05, 0x20, 0x21, 0x60, 0x40, 
			0xf2, 0x40, 0x00, 0x14, 0x40, 0x00, 0x52, 0xa1, 0x50, 0x3b, 0x41, 0xb0, 0x25, 0x01, 0x52, 0xa4, 
			0x1d, 0x40, 0x55, 0xc0, 0xc0, 0x55, 0x01, 0x5a, 0x33, 0x10, 0x77, 0x01, 0x70, 0x33, 0x20, 0x1d, 
			0xf0, 0x0c, 0x03, 0x1d, 0xf0, 0x00, 0x00, 0x00, 0x36, 0x21, 0x00, 0x20, 0x43, 0x20, 0x16, 0x64, 
			0x05, 0x0c, 0x07, 0x86, 0x06, 0x00, 0x00, 0x00, 0x36, 0x21, 0x00, 0x20, 0x43, 0x20, 0x16, 0x64, 
			0x04, 0x30, 0x7f, 0x05, 0xd6, 0x93, 0x00, 0x20, 0x20, 0x60, 0x30, 0x30, 0x60, 0x8c, 0x02, 0x0b, 
			0x33, 0xbc, 0x73, 0x40, 0xf3, 0x40, 0x00, 0x14, 0x40, 0x20, 0x33, 0x81, 0x00, 0x22, 0xa1, 0x00, 
			0x4b, 0x40, 0x00, 0x62, 0xa1, 0x20, 0x23, 0x81, 0x30, 0x30, 0x91, 0x52, 0xa4, 0x3d, 0x40, 0x55, 
			0xc0, 0xc0, 0x55, 0x01, 0x5a, 0x33, 0x10, 0x77, 0x01, 0x70, 0x33, 0x20, 0xd6, 0x86, 0x00, 0x1b, 
			0x22, 0xac, 0x02, 0xf0, 0x66, 0x11, 0x9c, 0x36, 0x1d, 0xf0, 0x00, 0x00, 0x40, 0xf2, 0x40, 0x00, 
			0x14, 0x40, 0x00, 0x32, 0xa1, 0x0c, 0x02, 0x42, 0xc4, 0x20, 0x46, 0xf0, 0xff, 0x20, 0x21, 0x41, 
			0xf0, 0x22, 0x11, 0x1d, 0xf0, 0x1b, 0x33, 0x1d, 0xf0, 0x00, 0x00, 0x00, 0x36, 0x41, 0x00, 0x20, 
			0x40, 0xf5, 0x30, 0x50, 0xf5, 0x50, 0x62, 0xc1, 0x30, 0xb4, 0xc1, 0x0c, 0x09, 0xba, 0x66, 0xb7, 
			0xb6, 0x02, 0x92, 0xc9, 0x01, 0x10, 0x40, 0x40, 0x60, 0x99, 0x81, 0x30, 0xb2, 0xc1, 0x00, 0x66, 
			0xa1, 0xba, 0x66, 0xb7, 0xb6, 0x01, 0x1b, 0x99, 0x50, 0x34, 0xc1, 0x2d, 0x06, 0x9a, 0x33, 0x1d, 
			0xf0, 0x00, 0x00, 0x00, 0x00, 0x8c, 0xd4, 0x4a, 0x73, 0x62, 0x03, 0x00, 0x1b, 0x33, 0x62, 0x45, 
			0x00, 0x1b, 0x55, 0x77, 0x23, 0xf2, 0x1d, 0xf0, 0xb6, 0x74, 0xe9, 0x62, 0x03, 0x00, 0x1b, 0x33, 
			0x42, 0xc4, 0xff, 0x62, 0x45, 0x00, 0x52, 0xc5, 0x01, 0x17, 0x65, 0x27, 0xb6, 0x64, 0xd5, 0x62, 
			0x03, 0x00, 0x72, 0x03, 0x01, 0x2b, 0x33, 0x42, 0xc4, 0xfe, 0x62, 0x45, 0x00, 0x72, 0x45, 0x01, 
			0x2b, 0x55, 0x86, 0x03, 0x00, 0x00, 0x00, 0x00, 0x36, 0x21, 0x00, 0x20, 0x52, 0x20, 0x07, 0xe2, 
			0xc6, 0x17, 0xe2, 0xd7, 0x40, 0x74, 0x41, 0x82, 0xa0, 0x03, 0x87, 0x83, 0x66, 0x16, 0x07, 0x02, 
			0xc0, 0x87, 0x11, 0x3a, 0x88, 0x68, 0x03, 0x78, 0x13, 0x69, 0x05, 0x68, 0x23, 0x79, 0x15, 0x72, 
			0x23, 0x03, 0x62, 0x65, 0x02, 0x32, 0xc3, 0x10, 0x72, 0x65, 0x03, 0x52, 0xc5, 0x10, 0x87, 0x23, 
			0xe3, 0x37, 0x64, 0x0b, 0x68, 0x03, 0x78, 0x13, 0x8b, 0x33, 0x69, 0x05, 0x79, 0x15, 0x8b, 0x55, 
			0x27, 0xe4, 0x08, 0x17, 0xe4, 0x15, 0x07, 0xe4, 0x22, 0x1d, 0xf0, 0x00, 0x68, 0x03, 0x4b, 0x33, 
			0x69, 0x05, 0x4b, 0x55, 0x17, 0xe4, 0x04, 0x07, 0xe4, 0x11, 0x1d, 0xf0, 0x62, 0x13, 0x00, 0x2b, 
			0x33, 0x62, 0x55, 0x00, 0x2b, 0x55, 0x07, 0xe4, 0x02, 0x1d, 0xf0, 0x00, 0x62, 0x03, 0x00, 0x62, 
			0x45, 0x00, 0x1d, 0xf0, 0x16, 0xa4, 0xff, 0x00, 0x23, 0x40, 0x80, 0xb3, 0x10, 0xb0, 0x33, 0xc0, 
			0x68, 0x03, 0xac, 0xa7, 0xc0, 0xa7, 0x11, 0x30, 0xaa, 0x80, 0x78, 0x13, 0x88, 0x23, 0x60, 0x67, 
			0x81, 0x69, 0x05, 0x98, 0x33, 0x70, 0x78, 0x81, 0x79, 0x15, 0x68, 0x43, 0x80, 0x89, 0x81, 0x89, 
			0x25, 0x32, 0xc3, 0x10, 0x90, 0x96, 0x81, 0x92, 0x65, 0x03, 0x52, 0xc5, 0x10, 0xa7, 0x23, 0xd9, 
			0x37, 0x64, 0x14, 0x78, 0x13, 0x88, 0x23, 0x60, 0x67, 0x81, 0x69, 0x05, 0x8b, 0x33, 0x70, 0x78, 
			0x81, 0x79, 0x15, 0x8b, 0x55, 0x80, 0x68, 0x20, 0x27, 0x64, 0x0c, 0x78, 0x13, 0x4b, 0x33, 0x60, 
			0x67, 0x81, 0x69, 0x05, 0x4b, 0x55, 0x6d, 0x07, 0xba, 0x33, 0x17, 0xe4, 0x06, 0x07, 0xe4, 0x18, 
			0x1d, 0xf0, 0x00, 0x00, 0x62, 0x03, 0x00, 0x72, 0x03, 0x01, 0x2b, 0x33, 0x62, 0x45, 0x00, 0x72, 
			0x45, 0x01, 0x2b, 0x55, 0x07, 0xe4, 0x01, 0x1d, 0xf0, 0x62, 0x03, 0x00, 0x62, 0x45, 0x00, 0x1d, 
			0xf0, 0x00, 0x00, 0x00, 0x36, 0x21, 0x00, 0xd0, 0x20, 0x00, 0x00, 0x40, 0x00, 0x46, 0xfe, 0xff, 
			0x36, 0x21, 0x00, 0xf0, 0x41, 0x00, 0x1d, 0xf0, 0x28, 0x41, 0x38, 0x51, 0x12, 0xc1, 0x60, 0x10, 
			0x41, 0x00, 0x00, 0x30, 0x00, 0x00, 0x00, 0x00, 0x22, 0x65, 0x13, 0x28, 0x15, 0x38, 0x05, 0x20, 
			0xe6, 0x13, 0x28, 0x45, 0x48, 0x65, 0x10, 0x20, 0x00, 0x30, 0xb1, 0x13, 0x38, 0x55, 0x58, 0x75, 
			0x00, 0x30, 0x00, 0x00, 0x36, 0x21, 0x00, 0x20, 0xea, 0x03, 0x1d, 0xf0, 0x36, 0x21, 0x00, 0xcc, 
			0x52, 0x30, 0xf0, 0x13, 0xc6, 0x03, 0x00, 0x00, 0xf6, 0x22, 0x05, 0x30, 0xf1, 0x13, 0x46, 0x01, 
			0x00, 0xf6, 0x32, 0x05, 0x30, 0xf2, 0x13, 0x00, 0x20, 0x00, 0x1d, 0xf0, 0x36, 0x21, 0x00, 0xcc, 
			0x52, 0x20, 0xf0, 0x03, 0x1d, 0xf0, 0x00, 0x00, 0xf6, 0x22, 0x04, 0x20, 0xf1, 0x03, 0x1d, 0xf0, 
			0xf6, 0x32, 0x04, 0x20, 0xf2, 0x03, 0x1d, 0xf0, 0x0c, 0x02, 0x1d, 0xf0, 0x36, 0x21, 0x00, 0x20, 
			0xe3, 0x13, 0x1d, 0xf0, 0x36, 0x81, 0x00, 0x65, 0x07, 0xf3, 0x1d, 0xf0, 0x00, 0x00, 0x00, 0x00, 
			0x00, 0x00, 0x00, 0x00, 0x00, 0x00, 0x00, 0x00, 0x00, 0x00, 0x00, 0x00, 0x00, 0x00, 0x00, 0x00, 
			0x00, 0x00, 0x00, 0x00, 0x00, 0x00, 0x00, 0x00, 0x00, 0x00, 0x00, 0x00, 0x00, 0x00, 0x00, 0x00, 
			0x00, 0x00, 0x00, 0x00, 0x00, 0x00, 0x00, 0x00, 0x00, 0x00, 0x00, 0x00, 0x00, 0x00, 0x00, 0x00, 
			0x00, 0x00, 0x00, 0x00, 0x00, 0x00, 0x00, 0x00, 0x00, 0x00, 0x00, 0x00, 0x00, 0x00, 0x00, 0x00, 
			0x00, 0x00, 0x00, 0x00, 0x00, 0x00, 0x00, 0x00, 0x00, 0x00, 0x00, 0x00, 0x00, 0x00, 0x00, 0x00, 
			0x00, 0x00, 0x00, 0x00, 0x00, 0x00, 0x00, 0x00, 0x00, 0x00, 0x00, 0x00, 0x00, 0x00, 0x00, 0x00, 
			0x00, 0x00, 0x00, 0x00, 0x00, 0x00, 0x00, 0x00, 0x00, 0x00, 0x00, 0x00, 0x00, 0x00, 0x00, 0x00, 
			0x00, 0x00, 0x00, 0x00, 0x00, 0x00, 0x00, 0x00, 0x00, 0x00, 0x00, 0x00, 0x00, 0x00, 0x00, 0x00, 
			0x00, 0x00, 0x00, 0x00, 0x00, 0x00, 0x00, 0x00, 0x00, 0x00, 0x00, 0x00, 0x00, 0x00, 0x00, 0x00, 
			0x00, 0x00, 0x00, 0x00, 0x00, 0x00, 0x00, 0x00, 0x00, 0x00, 0x00, 0x00, 0x00, 0x00, 0x00, 0x00, 
			0x00, 0x00, 0x00, 0x00, 0x00, 0x00, 0x00, 0x00, 0x00, 0x00, 0x00, 0x00, 0x00, 0x00, 0x00, 0x00, 
			0x00, 0x00, 0x00, 0x00, 0x00, 0x00, 0x00, 0x00, 0x00, 0x00, 0x00, 0x00, 0x00, 0x00, 0x00, 0x00, 
			0x00, 0x00, 0x00, 0x00, 0x00, 0x00, 0x00, 0x00, 0x00, 0x00, 0x00, 0x00, 0x00, 0x00, 0x00, 0x00, 
			0x00, 0x00, 0x00, 0x00, 0x00, 0x00, 0x00, 0x00, 0x00, 0x00, 0x00, 0x00, 0x00, 0x00, 0x00, 0x00, 
			0x00, 0x00, 0x00, 0x00, 0x00, 0x00, 0x00, 0x00, 0x00, 0x00, 0x00, 0x00, 0x00, 0x00, 0x00, 0x00, 
			0x00, 0x00, 0x00, 0x00, 0x00, 0x00, 0x00, 0x00, 0x00, 0x00, 0x00, 0x00, 0x00, 0x00, 0x00, 0x00, 
			0x00, 0x00, 0x00, 0x00, 0x00, 0x00, 0x00, 0x00, 0x00, 0x00, 0x00, 0x00, 0x00, 0x00, 0x00, 0x00, 
			0x00, 0x00, 0x00, 0x00, 0x00, 0x00, 0x00, 0x00, 0x00, 0x00, 0x00, 0x00, 0x00, 0x00, 0x00, 0x00, 
			0x00, 0x00, 0x00, 0x00, 0x00, 0x00, 0x00, 0x00, 0x00, 0x00, 0x00, 0x00, 0x00, 0x00, 0x00, 0x00, 
			0x00, 0x00, 0x00, 0x00, 0x00, 0x00, 0x00, 0x00, 0x00, 0x00, 0x00, 0x00, 0x00, 0x00, 0x00, 0x00, 
			0x00, 0x00, 0x00, 0x00, 0x00, 0x00, 0x00, 0x00, 0x00, 0x00, 0x00, 0x00, 0x00, 0x00, 0x00, 0x00, 
			0x00, 0x00, 0x00, 0x00, 0x00, 0x00, 0x00, 0x00, 0x00, 0x00, 0x00, 0x00, 0x00, 0x00, 0x00, 0x00, 
			0x00, 0x00, 0x00, 0x00, 0x00, 0x00, 0x00, 0x00, 0x00, 0x00, 0x00, 0x00, 0x00, 0x00, 0x00, 0x00, 
			0x00, 0x00, 0x00, 0x00, 0x00, 0x00, 0x00, 0x00, 0x00, 0x00, 0x00, 0x00, 0x00, 0x00, 0x00, 0x00, 
			0x00, 0x00, 0x00, 0x00, 0x00, 0x00, 0x00, 0x00, 0x00, 0x00, 0x00, 0x00, 0x00, 0x00, 0x00, 0x00, 
			0x00, 0x00, 0x00, 0x00, 0x00, 0x00, 0x00, 0x00, 0x00, 0x00, 0x00, 0x00, 0x00, 0x00, 0x00, 0x00, 
			0x00, 0x00, 0x00, 0x00, 0x00, 0x00, 0x00, 0x00, 0x00, 0x00, 0x00, 0x00, 0x00, 0x00, 0x00, 0x00, 
			0x00, 0x00, 0x00, 0x00, 0x00, 0x00, 0x00, 0x00, 0x00, 0x00, 0x00, 0x00, 0x00, 0x00, 0x00, 0x00, 
			0x00, 0x00, 0x00, 0x00, 0x00, 0x00, 0x00, 0x00, 0x00, 0x00, 0x00, 0x00, 0x00, 0x00, 0x00, 0x00, 
			0x00, 0x00, 0x00, 0x00, 0x00, 0x00, 0x00, 0x00, 0x00, 0x00, 0x00, 0x00, 0x00, 0x00, 0x00, 0x00, 
			0x00, 0x00, 0x00, 0x00, 0x00, 0x00, 0x00, 0x00, 0x00, 0x00, 0x00, 0x00, 0x00, 0x00, 0x00, 0x00, 
			0x00, 0x00, 0x00, 0x00, 0x00, 0x00, 0x00, 0x00, 0x00, 0x00, 0x00, 0x00, 0x00, 0x00, 0x00, 0x00, 
			0x00, 0x00, 0x00, 0x00, 0x00, 0x00, 0x00, 0x00, 0x00, 0x00, 0x00, 0x00, 0x00, 0x00, 0x00, 0x00, 
			0x00, 0x00, 0x00, 0x00, 0x00, 0x00, 0x00, 0x00, 0x00, 0x00, 0x00, 0x00, 0x00, 0x00, 0x00, 0x00, 
			0x00, 0x00, 0x00, 0x00, 0x00, 0x00, 0x00, 0x00, 0x00, 0x00, 0x00, 0x00, 0x00, 0x00, 0x00, 0x00, 
			0x00, 0x00, 0x00, 0x00, 0x00, 0x00, 0x00, 0x00, 0x00, 0x00, 0x00, 0x00, 0x00, 0x00, 0x00, 0x00, 
			0x00, 0x00, 0x00, 0x00, 0x00, 0x00, 0x00, 0x00, 0x00, 0x00, 0x00, 0x00, 0x00, 0x00, 0x00, 0x00, 
			0x00, 0x00, 0x00, 0x00, 0x00, 0x00, 0x00, 0x00, 0x00, 0x00, 0x00, 0x00, 0x00, 0x00, 0x00, 0x00, 
			0x00, 0x00, 0x00, 0x00, 0x00, 0x00, 0x00, 0x00, 0x00, 0x00, 0x00, 0x00, 0x00, 0x00, 0x00, 0x00, 
			0x00, 0x00, 0x00, 0x00, 0x00, 0x00, 0x00, 0x00, 0x00, 0x00, 0x00, 0x00, 0x00, 0x00, 0x00, 0x00, 
			0x00, 0x00, 0x00, 0x00, 0x00, 0x00, 0x00, 0x00, 0x00, 0x00, 0x00, 0x00, 0x00, 0x00, 0x00, 0x00, 
			0x00, 0x00, 0x00, 0x00, 0x00, 0x00, 0x00, 0x00, 0x00, 0x00, 0x00, 0x00, 0x00, 0x00, 0x00, 0x00, 
			0x00, 0x00, 0x00, 0x00, 0x00, 0x00, 0x00, 0x00, 0x00, 0x00, 0x00, 0x00, 0x00, 0x00, 0x00, 0x00, 
			0x00, 0x00, 0x00, 0x00, 0x00, 0x00, 0x00, 0x00, 0x00, 0x00, 0x00, 0x00, 0x00, 0x00, 0x00, 0x00, 
			0x00, 0x00, 0x00, 0x00, 0x00, 0x00, 0x00, 0x00, 0x00, 0x00, 0x00, 0x00, 0x00, 0x00, 0x00, 0x00, 
			0x00, 0x00, 0x00, 0x00, 0x00, 0x00, 0x00, 0x00, 0x00, 0x00, 0x00, 0x00, 0x00, 0x00, 0x00, 0x00, 
			0x00, 0x00, 0x00, 0x00, 0x00, 0x00, 0x00, 0x00, 0x00, 0x00, 0x00, 0x00, 0x00, 0x00, 0x00, 0x00, 
			0x00, 0x00, 0x00, 0x00, 0x00, 0x00, 0x00, 0x00, 0x00, 0x00, 0x00, 0x00, 0x00, 0x00, 0x00, 0x00, 
			0x00, 0x00, 0x00, 0x00, 0x00, 0x00, 0x00, 0x00, 0x00, 0x00, 0x00, 0x00, 0x00, 0x00, 0x00, 0x00, 
			0x00, 0x00, 0x00, 0x00, 0x00, 0x00, 0x00, 0x00, 0x00, 0x00, 0x00, 0x00, 0x00, 0x00, 0x00, 0x00, 
			0x00, 0x00, 0x00, 0x00, 0x00, 0x00, 0x00, 0x00, 0x00, 0x00, 0x00, 0x00, 0x00, 0x00, 0x00, 0x00, 
			0x00, 0x00, 0x00, 0x00, 0x00, 0x00, 0x00, 0x00, 0x00, 0x00, 0x00, 0x00, 0x00, 0x00, 0x00, 0x00, 
			0x00, 0x00, 0x00, 0x00, 0x00, 0x00, 0x00, 0x00, 0x00, 0x00, 0x00, 0x00, 0x00, 0x00, 0x00, 0x00, 
			0x00, 0x00, 0x00, 0x00, 0x00, 0x00, 0x00, 0x00, 0x00, 0x00, 0x00, 0x00, 0x00, 0x00, 0x00, 0x00, 
			0x00, 0x00, 0x00, 0x00, 0x00, 0x00, 0x00, 0x00, 0x00, 0x00, 0x00, 0x00, 0x00, 0x00, 0x00, 0x00, 
			0x00, 0x00, 0x00, 0x00, 0x00, 0x00, 0x00, 0x00, 0x00, 0x00, 0x00, 0x00, 0x00, 0x00, 0x00, 0x00, 
			0x00, 0x00, 0x00, 0x00, 0x00, 0x00, 0x00, 0x00, 0x00, 0x00, 0x00, 0x00, 0x00, 0x00, 0x00, 0x00, 
			0x00, 0x00, 0x00, 0x00, 0x00, 0x00, 0x00, 0x00, 0x00, 0x00, 0x00, 0x00, 0x00, 0x00, 0x00, 0x00, 
			0x00, 0x00, 0x00, 0x00, 0x00, 0x00, 0x00, 0x00, 0x00, 0x00, 0x00, 0x00, 0x00, 0x00, 0x00, 0x00, 
			0x00, 0x00, 0x00, 0x00, 0x00, 0x00, 0x00, 0x00, 0x00, 0x00, 0x00, 0x00, 0x00, 0x00, 0x00, 0x00, 
			0x00, 0x00, 0x00, 0x00, 0x00, 0x00, 0x00, 0x00, 0x00, 0x00, 0x00, 0x00, 0x00, 0x00, 0x00, 0x00, 
			0x00, 0x00, 0x00, 0x00, 0x00, 0x00, 0x00, 0x00, 0x00, 0x00, 0x00, 0x00, 0x00, 0x00, 0x00, 0x00, 
			0x00, 0x00, 0x00, 0x00, 0x00, 0x00, 0x00, 0x00, 0x00, 0x00, 0x00, 0x00, 0x00, 0x00, 0x00, 0x00, 
			0x00, 0x00, 0x00, 0x00, 0x00, 0x00, 0x00, 0x00, 0x00, 0x00, 0x00, 0x00, 0x00, 0x00, 0x00, 0x00, 
			0x00, 0x00, 0x00, 0x00, 0x00, 0x00, 0x00, 0x00, 0x00, 0x00, 0x00, 0x00, 0x00, 0x00, 0x00, 0x00, 
			0x00, 0x00, 0x00, 0x00, 0x00, 0x00, 0x00, 0x00, 0x00, 0x00, 0x00, 0x00, 0x00, 0x00, 0x00, 0x00, 
			0x00, 0x00, 0x00, 0x00, 0x00, 0x00, 0x00, 0x00, 0x00, 0x00, 0x00, 0x00, 0x00, 0x00, 0x00, 0x00, 
			0x00, 0x00, 0x00, 0x00, 0x00, 0x00, 0x00, 0x00, 0x00, 0x00, 0x00, 0x00, 0x00, 0x00, 0x00, 0x00, 
			0x00, 0x00, 0x00, 0x00, 0x00, 0x00, 0x00, 0x00, 0x00, 0x00, 0x00, 0x00, 0x00, 0x00, 0x00, 0x00, 
			0x00, 0x00, 0x00, 0x00, 0x00, 0x00, 0x00, 0x00, 0x00, 0x00, 0x00, 0x00, 0x00, 0x00, 0x00, 0x00, 
			0x00, 0x00, 0x00, 0x00, 0x00, 0x00, 0x00, 0x00, 0x00, 0x00, 0x00, 0x00, 0x00, 0x00, 0x00, 0x00, 
			0x00, 0x00, 0x00, 0x00, 0x00, 0x00, 0x00, 0x00, 0x00, 0x00, 0x00, 0x00, 0x00, 0x00, 0x00, 0x00, 
			0x00, 0x00, 0x00, 0x00, 0x00, 0x00, 0x00, 0x00, 0x00, 0x00, 0x00, 0x00, 0x00, 0x00, 0x00, 0x00, 
			0x00, 0x00, 0x00, 0x00, 0x00, 0x00, 0x00, 0x00, 0x00, 0x00, 0x00, 0x00, 0x00, 0x00, 0x00, 0x00, 
			0x00, 0x00, 0x00, 0x00, 0x00, 0x00, 0x00, 0x00, 0x00, 0x00, 0x00, 0x00, 0x00, 0x00, 0x00, 0x00, 
			0x00, 0x00, 0x00, 0x00, 0x00, 0x00, 0x00, 0x00, 0x00, 0x00, 0x00, 0x00, 0x00, 0x00, 0x00, 0x00, 
			0x00, 0x00, 0x00, 0x00, 0x00, 0x00, 0x00, 0x00, 0x00, 0x00, 0x00, 0x00, 0x00, 0x00, 0x00, 0x00, 
			0x00, 0x00, 0x00, 0x00, 0x00, 0x00, 0x00, 0x00, 0x00, 0x00, 0x00, 0x00, 0x00, 0x00, 0x00, 0x00, 
			0x00, 0x00, 0x00, 0x00, 0x00, 0x00, 0x00, 0x00, 0x00, 0x00, 0x00, 0x00, 0x00, 0x00, 0x00, 0x00, 
			0x00, 0x00, 0x00, 0x00, 0x00, 0x00, 0x00, 0x00, 0x00, 0x00, 0x00, 0x00, 0x00, 0x00, 0x00, 0x00, 
			0x00, 0x00, 0x00, 0x00, 0x00, 0x00, 0x00, 0x00, 0x00, 0x00, 0x00, 0x00, 0x00, 0x00, 0x00, 0x00, 
			0x00, 0x00, 0x00, 0x00, 0x00, 0x00, 0x00, 0x00, 0x00, 0x00, 0x00, 0x00, 0x00, 0x00, 0x00, 0x00, 
			0x00, 0x00, 0x00, 0x00, 0x00, 0x00, 0x00, 0x00, 0x00, 0x00, 0x00, 0x00, 0x00, 0x00, 0x00, 0x00, 
			0x00, 0x00, 0x00, 0x00, 0x00, 0x00, 0x00, 0x00, 0x00, 0x00, 0x00, 0x00, 0x00, 0x00, 0x00, 0x00, 
			0x00, 0x00, 0x00, 0x00, 0x00, 0x00, 0x00, 0x00, 0x00, 0x00, 0x00, 0x00, 0x00, 0x00, 0x00, 0x00, 
			0x00, 0x00, 0x00, 0x00, 0x00, 0x00, 0x00, 0x00, 0x00, 0x00, 0x00, 0x00, 0x00, 0x00, 0x00, 0x00, 
			0x00, 0x00, 0x00, 0x00, 0x00, 0x00, 0x00, 0x00, 0x00, 0x00, 0x00, 0x00, 0x00, 0x00, 0x00, 0x00, 
			0x00, 0x00, 0x00, 0x00, 0x00, 0x00, 0x00, 0x00, 0x00, 0x00, 0x00, 0x00, 0x00, 0x00, 0x00, 0x00, 
			0x00, 0x00, 0x00, 0x00, 0x00, 0x00, 0x00, 0x00, 0x00, 0x00, 0x00, 0x00, 0x00, 0x00, 0x00, 0x00, 
			0x00, 0x00, 0x00, 0x00, 0x00, 0x00, 0x00, 0x00, 0x00, 0x00, 0x00, 0x00, 0x00, 0x00, 0x00, 0x00, 
			0x00, 0x00, 0x00, 0x00, 0x00, 0x00, 0x00, 0x00, 0x00, 0x00, 0x00, 0x00, 0x00, 0x00, 0x00, 0x00, 
			0x00, 0x00, 0x00, 0x00, 0x00, 0x00, 0x00, 0x00, 0x00, 0x00, 0x00, 0x00, 0x00, 0x00, 0x00, 0x00, 
			0x00, 0x00, 0x00, 0x00, 0x00, 0x00, 0x00, 0x00, 0x00, 0x00, 0x00, 0x00, 0x00, 0x00, 0x00, 0x00, 
			0x00, 0x00, 0x00, 0x00, 0x00, 0x00, 0x00, 0x00, 0x00, 0x00, 0x00, 0x00, 0x00, 0x00, 0x00, 0x00, 
			0x00, 0x00, 0x00, 0x00, 0x00, 0x00, 0x00, 0x00, 0x00, 0x00, 0x00, 0x00, 0x00, 0x00, 0x00, 0x00, 
			0x00, 0x00, 0x00, 0x00, 0x00, 0x00, 0x00, 0x00, 0x00, 0x00, 0x00, 0x00, 0x00, 0x00, 0x00, 0x00, 
			0x00, 0x00, 0x00, 0x00, 0x00, 0x00, 0x00, 0x00, 0x00, 0x00, 0x00, 0x00, 0x00, 0x00, 0x00, 0x00, 
			0x00, 0x00, 0x00, 0x00, 0x00, 0x00, 0x00, 0x00, 0x00, 0x00, 0x00, 0x00, 0x00, 0x00, 0x00, 0x00, 
			0x00, 0x00, 0x00, 0x00, 0x00, 0x00, 0x00, 0x00, 0x00, 0x00, 0x00, 0x00, 0x00, 0x00, 0x00, 0x00, 
			0x00, 0x00, 0x00, 0x00, 0x00, 0x00, 0x00, 0x00, 0x00, 0x00, 0x00, 0x00, 0x00, 0x00, 0x00, 0x00, 
			0x00, 0x00, 0x00, 0x00, 0x00, 0x00, 0x00, 0x00, 0x00, 0x00, 0x00, 0x00, 0x00, 0x00, 0x00, 0x00, 
			0x00, 0x00, 0x00, 0x00, 0x00, 0x00, 0x00, 0x00, 0x00, 0x00, 0x00, 0x00, 0x00, 0x00, 0x00, 0x00, 
			0x00, 0x00, 0x00, 0x00, 0x00, 0x00, 0x00, 0x00, 0x00, 0x00, 0x00, 0x00, 0x00, 0x00, 0x00, 0x00, 
			0x00, 0x00, 0x00, 0x00, 0x00, 0x00, 0x00, 0x00, 0x00, 0x00, 0x00, 0x00, 0x00, 0x00, 0x00, 0x00, 
			0x00, 0x00, 0x00, 0x00, 0x00, 0x00, 0x00, 0x00, 0x00, 0x00, 0x00, 0x00, 0x00, 0x00, 0x00, 0x00, 
			0x00, 0x00, 0x00, 0x00, 0x00, 0x00, 0x00, 0x00, 0x00, 0x00, 0x00, 0x00, 0x00, 0x00, 0x00, 0x00, 
			0x00, 0x00, 0x00, 0x00, 0x00, 0x00, 0x00, 0x00, 0x00, 0x00, 0x00, 0x00, 0x00, 0x00, 0x00, 0x00, 
			0x00, 0x00, 0x00, 0x00, 0x00, 0x00, 0x00, 0x00, 0x00, 0x00, 0x00, 0x00, 0x00, 0x00, 0x00, 0x00, 
			0x00, 0x00, 0x00, 0x00, 0x00, 0x00, 0x00, 0x00, 0x00, 0x00, 0x00, 0x00, 0x00, 0x00, 0x00, 0x00, 
			0x00, 0x00, 0x00, 0x00, 0x00, 0x00, 0x00, 0x00, 0x00, 0x00, 0x00, 0x00, 0x00, 0x00, 0x00, 0x00, 
			0x00, 0x00, 0x00, 0x00, 0x00, 0x00, 0x00, 0x00, 0x00, 0x00, 0x00, 0x00, 0x00, 0x00, 0x00, 0x00, 
			0x00, 0x00, 0x00, 0x00, 0x00, 0x00, 0x00, 0x00, 0x00, 0x00, 0x00, 0x00, 0x00, 0x00, 0x00, 0x00, 
			0x00, 0x00, 0x00, 0x00, 0x00, 0x00, 0x00, 0x00, 0x00, 0x00, 0x00, 0x00, 0x00, 0x00, 0x00, 0x00, 
			0x00, 0x00, 0x00, 0x00, 0x00, 0x00, 0x00, 0x00, 0x00, 0x00, 0x00, 0x00, 0x00, 0x00, 0x00, 0x00, 
			0x00, 0x00, 0x00, 0x00, 0x00, 0x00, 0x00, 0x00, 0x00, 0x00, 0x00, 0x00, 0x00, 0x00, 0x00, 0x00, 
			0x00, 0x00, 0x00, 0x00, 0x00, 0x00, 0x00, 0x00, 0x00, 0x00, 0x00, 0x00, 0x00, 0x00, 0x00, 0x00, 
			0x00, 0x00, 0x00, 0x00, 0x00, 0x00, 0x00, 0x00, 0x00, 0x00, 0x00, 0x00, 0x00, 0x00, 0x00, 0x00, 
			0x00, 0x00, 0x00, 0x00, 0x00, 0x00, 0x00, 0x00, 0x00, 0x00, 0x00, 0x00, 0x00, 0x00, 0x00, 0x00, 
			0x00, 0x00, 0x00, 0x00, 0x00, 0x00, 0x00, 0x00, 0x00, 0x00, 0x00, 0x00, 0x00, 0x00, 0x00, 0x00, 
			0x00, 0x00, 0x00, 0x00, 0x00, 0x00, 0x00, 0x00, 0x00, 0x00, 0x00, 0x00, 0x00, 0x00, 0x00, 0x00, 
			0x00, 0x00, 0x00, 0x00, 0x00, 0x00, 0x00, 0x00, 0x00, 0x00, 0x00, 0x00, 0x00, 0x00, 0x00, 0x00, 
			0x00, 0x00, 0x00, 0x00, 0x00, 0x00, 0x00, 0x00, 0x00, 0x00, 0x00, 0x00, 0x00, 0x00, 0x00, 0x00, 
			0x00, 0x00, 0x00, 0x00, 0x00, 0x00, 0x00, 0x00, 0x00, 0x00, 0x00, 0x00, 0x00, 0x00, 0x00, 0x00, 
			0x00, 0x00, 0x00, 0x00, 0x00, 0x00, 0x00, 0x00, 0x00, 0x00, 0x00, 0x00, 0x00, 0x00, 0x00, 0x00, 
			0x00, 0x00, 0x00, 0x00, 0x00, 0x00, 0x00, 0x00, 0x00, 0x00, 0x00, 0x00, 0x00, 0x00, 0x00, 0x00, 
			0x00, 0x00, 0x00, 0x00, 0x00, 0x00, 0x00, 0x00, 0x00, 0x00, 0x00, 0x00, 0x00, 0x00, 0x00, 0x00, 
			0x00, 0x00, 0x00, 0x00, 0x00, 0x00, 0x00, 0x00, 0x00, 0x00, 0x00, 0x00, 0x00, 0x00, 0x00, 0x00, 
			0x00, 0x00, 0x00, 0x00, 0x00, 0x00, 0x00, 0x00, 0x00, 0x00, 0x00, 0x00, 0x00, 0x00, 0x00, 0x00, 
			0x00, 0x00, 0x00, 0x00, 0x00, 0x00, 0x00, 0x00, 0x00, 0x00, 0x00, 0x00, 0x00, 0x00, 0x00, 0x00, 
			0x00, 0x00, 0x00, 0x00, 0x00, 0x00, 0x00, 0x00, 0x00, 0x00, 0x00, 0x00, 0x00, 0x00, 0x00, 0x00, 
			0x00, 0x00, 0x00, 0x00, 0x00, 0x00, 0x00, 0x00, 0x00, 0x00, 0x00, 0x00, 0x00, 0x00, 0x00, 0x00, 
			0x00, 0x00, 0x00, 0x00, 0x00, 0x00, 0x00, 0x00, 0x00, 0x00, 0x00, 0x00, 0x00, 0x00, 0x00, 0x00, 
			0x00, 0x00, 0x00, 0x00, 0x00, 0x00, 0x00, 0x00, 0x00, 0x00, 0x00, 0x00, 0x00, 0x00, 0x00, 0x00, 
			0x00, 0x00, 0x00, 0x00, 0x00, 0x00, 0x00, 0x00, 0x00, 0x00, 0x00, 0x00, 0x00, 0x00, 0x00, 0x00, 
			0x00, 0x00, 0x00, 0x00, 0x00, 0x00, 0x00, 0x00, 0x00, 0x00, 0x00, 0x00, 0x00, 0x00, 0x00, 0x00, 
			0x00, 0x00, 0x00, 0x00, 0x00, 0x00, 0x00, 0x00, 0x00, 0x00, 0x00, 0x00, 0x00, 0x00, 0x00, 0x00, 
			0x00, 0x00, 0x00, 0x00, 0x00, 0x00, 0x00, 0x00, 0x00, 0x00, 0x00, 0x00, 0x00, 0x00, 0x00, 0x00, 
			0x00, 0x00, 0x00, 0x00, 0x00, 0x00, 0x00, 0x00, 0x00, 0x00, 0x00, 0x00, 0x00, 0x00, 0x00, 0x00, 
			0x00, 0x00, 0x00, 0x00, 0x00, 0x00, 0x00, 0x00, 0x00, 0x00, 0x00, 0x00, 0x00, 0x00, 0x00, 0x00, 
			0x00, 0x00, 0x00, 0x00, 0x00, 0x00, 0x00, 0x00, 0x00, 0x00, 0x00, 0x00, 0x00, 0x00, 0x00, 0x00, 
			0x00, 0x00, 0x00, 0x00, 0x00, 0x00, 0x00, 0x00, 0x00, 0x00, 0x00, 0x00, 0x00, 0x00, 0x00, 0x00, 
			0x00, 0x00, 0x00, 0x00, 0x00, 0x00, 0x00, 0x00, 0x00, 0x00, 0x00, 0x00, 0x00, 0x00, 0x00, 0x00, 
			0x00, 0x00, 0x00, 0x00, 0x00, 0x00, 0x00, 0x00, 0x00, 0x00, 0x00, 0x00, 0x00, 0x00, 0x00, 0x00, 
			0x00, 0x00, 0x00, 0x00, 0x00, 0x00, 0x00, 0x00, 0x00, 0x00, 0x00, 0x00, 0x00, 0x00, 0x00, 0x00, 
			0x00, 0x00, 0x00, 0x00, 0x00, 0x00, 0x00, 0x00, 0x00, 0x00, 0x00, 0x00, 0x00, 0x00, 0x00, 0x00, 
			0x00, 0x00, 0x00, 0x00, 0x00, 0x00, 0x00, 0x00, 0x00, 0x00, 0x00, 0x00, 0x00, 0x00, 0x00, 0x00, 
			0x00, 0x00, 0x00, 0x00, 0x00, 0x00, 0x00, 0x00, 0x00, 0x00, 0x00, 0x00, 0x00, 0x00, 0x00, 0x00, 
			0x00, 0x00, 0x00, 0x00, 0x00, 0x00, 0x00, 0x00, 0x00, 0x00, 0x00, 0x00, 0x00, 0x00, 0x00, 0x00, 
			0x00, 0x00, 0x00, 0x00, 0x00, 0x00, 0x00, 0x00, 0x00, 0x00, 0x00, 0x00, 0x00, 0x00, 0x00, 0x00, 
			0x00, 0x00, 0x00, 0x00, 0x00, 0x00, 0x00, 0x00, 0x00, 0x00, 0x00, 0x00, 0x00, 0x00, 0x00, 0x00, 
			0x00, 0x00, 0x00, 0x00, 0x00, 0x00, 0x00, 0x00, 0x00, 0x00, 0x00, 0x00, 0x00, 0x00, 0x00, 0x00, 
			0x00, 0x00, 0x00, 0x00, 0x00, 0x00, 0x00, 0x00, 0x00, 0x00, 0x00, 0x00, 0x00, 0x00, 0x00, 0x00, 
			0x00, 0x00, 0x00, 0x00, 0x00, 0x00, 0x00, 0x00, 0x00, 0x00, 0x00, 0x00, 0x00, 0x00, 0x00, 0x00, 
			0x00, 0x00, 0x00, 0x00, 0x00, 0x00, 0x00, 0x00, 0x00, 0x00, 0x00, 0x00, 0x00, 0x00, 0x00, 0x00, 
			0x00, 0x00, 0x00, 0x00, 0x00, 0x00, 0x00, 0x00, 0x00, 0x00, 0x00, 0x00, 0x00, 0x00, 0x00, 0x00, 
			0x00, 0x00, 0x00, 0x00, 0x00, 0x00, 0x00, 0x00, 0x00, 0x00, 0x00, 0x00, 0x00, 0x00, 0x00, 0x00, 
			0x00, 0x00, 0x00, 0x00, 0x00, 0x00, 0x00, 0x00, 0x00, 0x00, 0x00, 0x00, 0x00, 0x00, 0x00, 0x00, 
			0x00, 0x00, 0x00, 0x00, 0x00, 0x00, 0x00, 0x00, 0x00, 0x00, 0x00, 0x00, 0x00, 0x00, 0x00, 0x00, 
			0x00, 0x00, 0x00, 0x00, 0x00, 0x00, 0x00, 0x00, 0x00, 0x00, 0x00, 0x00, 0x00, 0x00, 0x00, 0x00, 
			0x00, 0x00, 0x00, 0x00, 0x00, 0x00, 0x00, 0x00, 0x00, 0x00, 0x00, 0x00, 0x00, 0x00, 0x00, 0x00, 
			0x00, 0x00, 0x00, 0x00, 0x00, 0x00, 0x00, 0x00, 0x00, 0x00, 0x00, 0x00, 0x00, 0x00, 0x00, 0x00, 
			0x00, 0x00, 0x00, 0x00, 0x00, 0x00, 0x00, 0x00, 0x00, 0x00, 0x00, 0x00, 0x00, 0x00, 0x00, 0x00, 
			0x00, 0x00, 0x00, 0x00, 0x00, 0x00, 0x00, 0x00, 0x00, 0x00, 0x00, 0x00, 0x00, 0x00, 0x00, 0x00, 
			0x00, 0x00, 0x00, 0x00, 0x00, 0x00, 0x00, 0x00, 0x00, 0x00, 0x00, 0x00, 0x00, 0x00, 0x00, 0x00, 
			0x00, 0x00, 0x00, 0x00, 0x00, 0x00, 0x00, 0x00, 0x00, 0x00, 0x00, 0x00, 0x00, 0x00, 0x00, 0x00, 
			0x00, 0x00, 0x00, 0x00, 0x00, 0x00, 0x00, 0x00, 0x00, 0x00, 0x00, 0x00, 0x00, 0x00, 0x00, 0x00, 
			0x00, 0x00, 0x00, 0x00, 0x00, 0x00, 0x00, 0x00, 0x00, 0x00, 0x00, 0x00, 0x00, 0x00, 0x00, 0x00, 
			0x00, 0x00, 0x00, 0x00, 0x00, 0x00, 0x00, 0x00, 0x00, 0x00, 0x00, 0x00, 0x00, 0x00, 0x00, 0x00, 
			0x00, 0x00, 0x00, 0x00, 0x00, 0x00, 0x00, 0x00, 0x00, 0x00, 0x00, 0x00, 0x00, 0x00, 0x00, 0x00, 
			0x00, 0x00, 0x00, 0x00, 0x00, 0x00, 0x00, 0x00, 0x00, 0x00, 0x00, 0x00, 0x00, 0x00, 0x00, 0x00, 
			0x00, 0x00, 0x00, 0x00, 0x00, 0x00, 0x00, 0x00, 0x00, 0x00, 0x00, 0x00, 0x00, 0x00, 0x00, 0x00, 
			0x00, 0x00, 0x00, 0x00, 0x00, 0x00, 0x00, 0x00, 0x00, 0x00, 0x00, 0x00, 0x00, 0x00, 0x00, 0x00, 
			0x00, 0x00, 0x00, 0x00, 0x00, 0x00, 0x00, 0x00, 0x00, 0x00, 0x00, 0x00, 0x00, 0x00, 0x00, 0x00, 
			0x00, 0x00, 0x00, 0x00, 0x00, 0x00, 0x00, 0x00, 0x00, 0x00, 0x00, 0x00, 0x00, 0x00, 0x00, 0x00, 
			0x00, 0x00, 0x00, 0x00, 0x00, 0x00, 0x00, 0x00, 0x00, 0x00, 0x00, 0x00, 0x00, 0x00, 0x00, 0x00, 
			0x00, 0x00, 0x00, 0x00, 0x00, 0x00, 0x00, 0x00, 0x00, 0x00, 0x00, 0x00, 0x00, 0x00, 0x00, 0x00, 
			0x00, 0x00, 0x00, 0x00, 0x00, 0x00, 0x00, 0x00, 0x00, 0x00, 0x00, 0x00, 0x00, 0x00, 0x00, 0x00, 
			0x00, 0x00, 0x00, 0x00, 0x00, 0x00, 0x00, 0x00, 0x00, 0x00, 0x00, 0x00, 0x00, 0x00, 0x00, 0x00, 
			0x00, 0x00, 0x00, 0x00, 0x00, 0x00, 0x00, 0x00, 0x00, 0x00, 0x00, 0x00, 0x00, 0x00, 0x00, 0x00, 
			0x00, 0x00, 0x00, 0x00, 0x00, 0x00, 0x00, 0x00, 0x00, 0x00, 0x00, 0x00, 0x00, 0x00, 0x00, 0x00, 
			0x00, 0x00, 0x00, 0x00, 0x00, 0x00, 0x00, 0x00, 0x00, 0x00, 0x00, 0x00, 0x00, 0x00, 0x00, 0x00, 
			0x00, 0x00, 0x00, 0x00, 0x00, 0x00, 0x00, 0x00, 0x00, 0x00, 0x00, 0x00, 0x00, 0x00, 0x00, 0x00, 
			0x00, 0x00, 0x00, 0x00, 0x00, 0x00, 0x00, 0x00, 0x00, 0x00, 0x00, 0x00, 0x00, 0x00, 0x00, 0x00, 
			0x00, 0x00, 0x00, 0x00, 0x00, 0x00, 0x00, 0x00, 0x00, 0x00, 0x00, 0x00, 0x00, 0x00, 0x00, 0x00, 
			0x00, 0x00, 0x00, 0x00, 0x00, 0x00, 0x00, 0x00, 0x00, 0x00, 0x00, 0x00, 0x00, 0x00, 0x00, 0x00, 
			0x00, 0x00, 0x00, 0x00, 0x00, 0x00, 0x00, 0x00, 0x00, 0x00, 0x00, 0x00, 0x00, 0x00, 0x00, 0x00, 
			0x00, 0x00, 0x00, 0x00, 0x00, 0x00, 0x00, 0x00, 0x00, 0x00, 0x00, 0x00, 0x00, 0x00, 0x00, 0x00, 
			0x00, 0x00, 0x00, 0x00, 0x00, 0x00, 0x00, 0x00, 0x00, 0x00, 0x00, 0x00, 0x00, 0x00, 0x00, 0x00, 
			0x00, 0x00, 0x00, 0x00, 0x00, 0x00, 0x00, 0x00, 0x00, 0x00, 0x00, 0x00, 0x00, 0x00, 0x00, 0x00, 
			0x00, 0x00, 0x00, 0x00, 0x00, 0x00, 0x00, 0x00, 0x00, 0x00, 0x00, 0x00, 0x00, 0x00, 0x00, 0x00, 
			0x00, 0x00, 0x00, 0x00, 0x00, 0x00, 0x00, 0x00, 0x00, 0x00, 0x00, 0x00, 0x00, 0x00, 0x00, 0x00, 
			0x00, 0x00, 0x00, 0x00, 0x00, 0x00, 0x00, 0x00, 0x00, 0x00, 0x00, 0x00, 0x00, 0x00, 0x00, 0x00, 
			0x00, 0x00, 0x00, 0x00, 0x00, 0x00, 0x00, 0x00, 0x00, 0x00, 0x00, 0x00, 0x00, 0x00, 0x00, 0x00, 
			0x00, 0x00, 0x00, 0x00, 0x00, 0x00, 0x00, 0x00, 0x00, 0x00, 0x00, 0x00, 0x00, 0x00, 0x00, 0x00, 
			0x00, 0x00, 0x00, 0x00, 0x00, 0x00, 0x00, 0x00, 0x00, 0x00, 0x00, 0x00, 0x00, 0x00, 0x00, 0x00, 
			0x00, 0x00, 0x00, 0x00, 0x00, 0x00, 0x00, 0x00, 0x00, 0x00, 0x00, 0x00, 0x00, 0x00, 0x00, 0x00, 
			0x00, 0x00, 0x00, 0x00, 0x00, 0x00, 0x00, 0x00, 0x00, 0x00, 0x00, 0x00, 0x00, 0x00, 0x00, 0x00, 
			0x00, 0x00, 0x00, 0x00, 0x00, 0x00, 0x00, 0x00, 0x00, 0x00, 0x00, 0x00, 0x00, 0x00, 0x00, 0x00, 
			0x00, 0x00, 0x00, 0x00, 0x00, 0x00, 0x00, 0x00, 0x00, 0x00, 0x00, 0x00, 0x00, 0x00, 0x00, 0x00, 
			0x00, 0x00, 0x00, 0x00, 0x00, 0x00, 0x00, 0x00, 0x00, 0x00, 0x00, 0x00, 0x00, 0x00, 0x00, 0x00, 
			0x00, 0x00, 0x00, 0x00, 0x00, 0x00, 0x00, 0x00, 0x00, 0x00, 0x00, 0x00, 0x00, 0x00, 0x00, 0x00, 
			0x00, 0x00, 0x00, 0x00, 0x00, 0x00, 0x00, 0x00, 0x00, 0x00, 0x00, 0x00, 0x00, 0x00, 0x00, 0x00, 
			0x00, 0x00, 0x00, 0x00, 0x00, 0x00, 0x00, 0x00, 0x00, 0x00, 0x00, 0x00, 0x00, 0x00, 0x00, 0x00, 
			0x00, 0x00, 0x00, 0x00, 0x00, 0x00, 0x00, 0x00, 0x00, 0x00, 0x00, 0x00, 0x00, 0x00, 0x00, 0x00, 
			0x00, 0x00, 0x00, 0x00, 0x00, 0x00, 0x00, 0x00, 0x00, 0x00, 0x00, 0x00, 0x00, 0x00, 0x00, 0x00, 
			0x00, 0x00, 0x00, 0x00, 0x00, 0x00, 0x00, 0x00, 0x00, 0x00, 0x00, 0x00, 0x00, 0x00, 0x00, 0x00, 
			0x00, 0x00, 0x00, 0x00, 0x00, 0x00, 0x00, 0x00, 0x00, 0x00, 0x00, 0x00, 0x00, 0x00, 0x00, 0x00, 
			0x00, 0x00, 0x00, 0x00, 0x00, 0x00, 0x00, 0x00, 0x00, 0x00, 0x00, 0x00, 0x00, 0x00, 0x00, 0x00, 
			0x00, 0x00, 0x00, 0x00, 0x00, 0x00, 0x00, 0x00, 0x00, 0x00, 0x00, 0x00, 0x00, 0x00, 0x00, 0x00, 
			0x00, 0x00, 0x00, 0x00, 0x00, 0x00, 0x00, 0x00, 0x00, 0x00, 0x00, 0x00, 0x00, 0x00, 0x00, 0x00, 
			0x00, 0x00, 0x00, 0x00, 0x00, 0x00, 0x00, 0x00, 0x00, 0x00, 0x00, 0x00, 0x00, 0x00, 0x00, 0x00, 
			0x00, 0x00, 0x00, 0x00, 0x00, 0x00, 0x00, 0x00, 0x00, 0x00, 0x00, 0x00, 0x00, 0x00, 0x00, 0x00, 
			0x00, 0x00, 0x00, 0x00, 0x00, 0x00, 0x00, 0x00, 0x00, 0x00, 0x00, 0x00, 0x00, 0x00, 0x00, 0x00, 
			0x00, 0x00, 0x00, 0x00, 0x00, 0x00, 0x00, 0x00, 0x00, 0x00, 0x00, 0x00, 0x00, 0x00, 0x00, 0x00, 
			0x00, 0x00, 0x00, 0x00, 0x00, 0x00, 0x00, 0x00, 0x00, 0x00, 0x00, 0x00, 0x00, 0x00, 0x00, 0x00, 
			0x00, 0x00, 0x00, 0x00, 0x00, 0x00, 0x00, 0x00, 0x00, 0x00, 0x00, 0x00, 0x00, 0x00, 0x00, 0x00, 
			0x00, 0x00, 0x00, 0x00, 0x00, 0x00, 0x00, 0x00, 0x00, 0x00, 0x00, 0x00, 0x00, 0x00, 0x00, 0x00, 
			0x00, 0x00, 0x00, 0x00, 0x00, 0x00, 0x00, 0x00, 0x00, 0x00, 0x00, 0x00, 0x00, 0x00, 0x00, 0x00, 
			0x00, 0x00, 0x00, 0x00, 0x00, 0x00, 0x00, 0x00, 0x00, 0x00, 0x00, 0x00, 0x00, 0x00, 0x00, 0x00, 
			0x00, 0x00, 0x00, 0x00, 0x00, 0x00, 0x00, 0x00, 0x00, 0x00, 0x00, 0x00, 0x00, 0x00, 0x00, 0x00, 
			0x00, 0x00, 0x00, 0x00, 0x00, 0x00, 0x00, 0x00, 0x00, 0x00, 0x00, 0x00, 0x00, 0x00, 0x00, 0x00, 
			0x00, 0x00, 0x00, 0x00, 0x00, 0x00, 0x00, 0x00, 0x00, 0x00, 0x00, 0x00, 0x00, 0x00, 0x00, 0x00, 
			0x00, 0x00, 0x00, 0x00, 0x00, 0x00, 0x00, 0x00, 0x00, 0x00, 0x00, 0x00, 0x00, 0x00, 0x00, 0x00, 
			0x00, 0x00, 0x00, 0x00, 0x00, 0x00, 0x00, 0x00, 0x00, 0x00, 0x00, 0x00, 0x00, 0x00, 0x00, 0x00, 
			0x00, 0x00, 0x00, 0x00, 0x00, 0x00, 0x00, 0x00, 0x00, 0x00, 0x00, 0x00, 0x00, 0x00, 0x00, 0x00, 
			0x00, 0x00, 0x00, 0x00, 0x00, 0x00, 0x00, 0x00, 0x00, 0x00, 0x00, 0x00, 0x00, 0x00, 0x00, 0x00, 
			0x00, 0x00, 0x00, 0x00, 0x00, 0x00, 0x00, 0x00, 0x00, 0x00, 0x00, 0x00, 0x00, 0x00, 0x00, 0x00, 
			0x00, 0x00, 0x00, 0x00, 0x00, 0x00, 0x00, 0x00, 0x00, 0x00, 0x00, 0x00, 0x00, 0x00, 0x00, 0x00, 
			0x00, 0x00, 0x00, 0x00, 0x00, 0x00, 0x00, 0x00, 0x00, 0x00, 0x00, 0x00, 0x00, 0x00, 0x00, 0x00, 
			0x00, 0x00, 0x00, 0x00, 0x00, 0x00, 0x00, 0x00, 0x00, 0x00, 0x00, 0x00, 0x00, 0x00, 0x00, 0x00, 
			0x00, 0x00, 0x00, 0x00, 0x00, 0x00, 0x00, 0x00, 0x00, 0x00, 0x00, 0x00, 0x00, 0x00, 0x00, 0x00, 
			0x00, 0x00, 0x00, 0x00, 0x00, 0x00, 0x00, 0x00, 0x00, 0x00, 0x00, 0x00, 0x00, 0x00, 0x00, 0x00, 
			0x00, 0x00, 0x00, 0x00, 0x00, 0x00, 0x00, 0x00, 0x00, 0x00, 0x00, 0x00, 0x00, 0x00, 0x00, 0x00, 
			0x00, 0x00, 0x00, 0x00, 0x00, 0x00, 0x00, 0x00, 0x00, 0x00, 0x00, 0x00, 0x00, 0x00, 0x00, 0x00, 
			0x00, 0x00, 0x00, 0x00, 0x00, 0x00, 0x00, 0x00, 0x00, 0x00, 0x00, 0x00, 0x00, 0x00, 0x00, 0x00, 
			0x00, 0x00, 0x00, 0x00, 0x00, 0x00, 0x00, 0x00, 0x00, 0x00, 0x00, 0x00, 0x00, 0x00, 0x00, 0x00, 
			0x00, 0x00, 0x00, 0x00, 0x00, 0x00, 0x00, 0x00, 0x00, 0x00, 0x00, 0x00, 0x00, 0x00, 0x00, 0x00, 
			0x00, 0x00, 0x00, 0x00, 0x00, 0x00, 0x00, 0x00, 0x00, 0x00, 0x00, 0x00, 0x00, 0x00, 0x00, 0x00, 
			0x00, 0x00, 0x00, 0x00, 0x00, 0x00, 0x00, 0x00, 0x00, 0x00, 0x00, 0x00, 0x00, 0x00, 0x00, 0x00, 
			0x00, 0x00, 0x00, 0x00, 0x00, 0x00, 0x00, 0x00, 0x00, 0x00, 0x00, 0x00, 0x00, 0x00, 0x00, 0x00, 
			0x00, 0x00, 0x00, 0x00, 0x00, 0x00, 0x00, 0x00, 0x00, 0x00, 0x00, 0x00, 0x00, 0x00, 0x00, 0x00, 
			0x00, 0x00, 0x00, 0x00, 0x00, 0x00, 0x00, 0x00, 0x00, 0x00, 0x00, 0x00, 0x00, 0x00, 0x00, 0x00, 
			0x00, 0x00, 0x00, 0x00, 0x00, 0x00, 0x00, 0x00, 0x00, 0x00, 0x00, 0x00, 0x00, 0x00, 0x00, 0x00, 
			0x00, 0x00, 0x00, 0x00, 0x00, 0x00, 0x00, 0x00, 0x00, 0x00, 0x00, 0x00, 0x00, 0x00, 0x00, 0x00, 
			0x00, 0x00, 0x00, 0x00, 0x00, 0x00, 0x00, 0x00, 0x00, 0x00, 0x00, 0x00, 0x00, 0x00, 0x00, 0x00, 
			0x00, 0x00, 0x00, 0x00, 0x00, 0x00, 0x00, 0x00, 0x00, 0x00, 0x00, 0x00, 0x00, 0x00, 0x00, 0x00, 
			0x00, 0x00, 0x00, 0x00, 0x00, 0x00, 0x00, 0x00, 0x00, 0x00, 0x00, 0x00, 0x00, 0x00, 0x00, 0x00, 
			0x00, 0x00, 0x00, 0x00, 0x00, 0x00, 0x00, 0x00, 0x00, 0x00, 0x00, 0x00, 0x00, 0x00, 0x00, 0x00, 
			0x00, 0x00, 0x00, 0x00, 0x00, 0x00, 0x00, 0x00, 0x00, 0x00, 0x00, 0x00, 0x00, 0x00, 0x00, 0x00, 
			0x00, 0x00, 0x00, 0x00, 0x00, 0x00, 0x00, 0x00, 0x00, 0x00, 0x00, 0x00, 0x00, 0x00, 0x00, 0x00, 
			0x00, 0x00, 0x00, 0x00, 0x00, 0x00, 0x00, 0x00, 0x00, 0x00, 0x00, 0x00, 0x00, 0x00, 0x00, 0x00, 
			0x00, 0x00, 0x00, 0x00, 0x00, 0x00, 0x00, 0x00, 0x00, 0x00, 0x00, 0x00, 0x00, 0x00, 0x00, 0x00, 
			0x00, 0x00, 0x00, 0x00, 0x00, 0x00, 0x00, 0x00, 0x00, 0x00, 0x00, 0x00, 0x00, 0x00, 0x00, 0x00, 
			0x00, 0x00, 0x00, 0x00, 0x00, 0x00, 0x00, 0x00, 0x00, 0x00, 0x00, 0x00, 0x00, 0x00, 0x00, 0x00, 
			0x00, 0x00, 0x00, 0x00, 0x00, 0x00, 0x00, 0x00, 0x00, 0x00, 0x00, 0x00, 0x00, 0x00, 0x00, 0x00, 
			0x00, 0x00, 0x00, 0x00, 0x00, 0x00, 0x00, 0x00, 0x00, 0x00, 0x00, 0x00, 0x00, 0x00, 0x00, 0x00, 
			0x00, 0x00, 0x00, 0x00, 0x00, 0x00, 0x00, 0x00, 0x00, 0x00, 0x00, 0x00, 0x00, 0x00, 0x00, 0x00, 
			0x00, 0x00, 0x00, 0x00, 0x00, 0x00, 0x00, 0x00, 0x00, 0x00, 0x00, 0x00, 0x00, 0x00, 0x00, 0x00, 
			0x00, 0x00, 0x00, 0x00, 0x00, 0x00, 0x00, 0x00, 0x00, 0x00, 0x00, 0x00, 0x00, 0x00, 0x00, 0x00, 
			0x00, 0x00, 0x00, 0x00, 0x00, 0x00, 0x00, 0x00, 0x00, 0x00, 0x00, 0x00, 0x00, 0x00, 0x00, 0x00, 
			0x00, 0x00, 0x00, 0x00, 0x00, 0x00, 0x00, 0x00, 0x00, 0x00, 0x00, 0x00, 0x00, 0x00, 0x00, 0x00, 
			0x00, 0x00, 0x00, 0x00, 0x00, 0x00, 0x00, 0x00, 0x00, 0x00, 0x00, 0x00, 0x00, 0x00, 0x00, 0x00, 
			0x00, 0x00, 0x00, 0x00, 0x00, 0x00, 0x00, 0x00, 0x00, 0x00, 0x00, 0x00, 0x00, 0x00, 0x00, 0x00, 
			0x00, 0x00, 0x00, 0x00, 0x00, 0x00, 0x00, 0x00, 0x00, 0x00, 0x00, 0x00, 0x00, 0x00, 0x00, 0x00, 
			0x00, 0x00, 0x00, 0x00, 0x00, 0x00, 0x00, 0x00, 0x00, 0x00, 0x00, 0x00, 0x00, 0x00, 0x00, 0x00, 
			0x00, 0x00, 0x00, 0x00, 0x00, 0x00, 0x00, 0x00, 0x00, 0x00, 0x00, 0x00, 0x00, 0x00, 0x00, 0x00, 
			0x00, 0x00, 0x00, 0x00, 0x00, 0x00, 0x00, 0x00, 0x00, 0x00, 0x00, 0x00, 0x00, 0x00, 0x00, 0x00, 
			0x00, 0x00, 0x00, 0x00, 0x00, 0x00, 0x00, 0x00, 0x00, 0x00, 0x00, 0x00, 0x00, 0x00, 0x00, 0x00, 
			0x00, 0x00, 0x00, 0x00, 0x00, 0x00, 0x00, 0x00, 0x00, 0x00, 0x00, 0x00, 0x00, 0x00, 0x00, 0x00, 
			0x00, 0x00, 0x00, 0x00, 0x00, 0x00, 0x00, 0x00, 0x00, 0x00, 0x00, 0x00, 0x00, 0x00, 0x00, 0x00, 
			0x00, 0x00, 0x00, 0x00, 0x00, 0x00, 0x00, 0x00, 0x00, 0x00, 0x00, 0x00, 0x00, 0x00, 0x00, 0x00, 
			0x00, 0x00, 0x00, 0x00, 0x00, 0x00, 0x00, 0x00, 0x00, 0x00, 0x00, 0x00, 0x00, 0x00, 0x00, 0x00, 
			0x00, 0x00, 0x00, 0x00, 0x00, 0x00, 0x00, 0x00, 0x00, 0x00, 0x00, 0x00, 0x00, 0x00, 0x00, 0x00, 
			0x00, 0x00, 0x00, 0x00, 0x00, 0x00, 0x00, 0x00, 0x00, 0x00, 0x00, 0x00, 0x00, 0x00, 0x00, 0x00, 
			0x00, 0x00, 0x00, 0x00, 0x00, 0x00, 0x00, 0x00, 0x00, 0x00, 0x00, 0x00, 0x00, 0x00, 0x00, 0x00, 
			0x00, 0x00, 0x00, 0x00, 0x00, 0x00, 0x00, 0x00, 0x00, 0x00, 0x00, 0x00, 0x00, 0x00, 0x00, 0x00, 
			0x00, 0x00, 0x00, 0x00, 0x00, 0x00, 0x00, 0x00, 0x00, 0x00, 0x00, 0x00, 0x00, 0x00, 0x00, 0x00, 
			0x00, 0x00, 0x00, 0x00, 0x00, 0x00, 0x00, 0x00, 0x00, 0x00, 0x00, 0x00, 0x00, 0x00, 0x00, 0x00, 
			0x00, 0x00, 0x00, 0x00, 0x00, 0x00, 0x00, 0x00, 0x00, 0x00, 0x00, 0x00, 0x00, 0x00, 0x00, 0x00, 
			0x00, 0x00, 0x00, 0x00, 0x00, 0x00, 0x00, 0x00, 0x00, 0x00, 0x00, 0x00, 0x00, 0x00, 0x00, 0x00, 
			0x00, 0x00, 0x00, 0x00, 0x00, 0x00, 0x00, 0x00, 0x00, 0x00, 0x00, 0x00, 0x00, 0x00, 0x00, 0x00, 
			0x00, 0x00, 0x00, 0x00, 0x00, 0x00, 0x00, 0x00, 0x00, 0x00, 0x00, 0x00, 0x00, 0x00, 0x00, 0x00, 
			0x00, 0x00, 0x00, 0x00, 0x00, 0x00, 0x00, 0x00, 0x00, 0x00, 0x00, 0x00, 0x00, 0x00, 0x00, 0x00, 
			0x00, 0x00, 0x00, 0x00, 0x00, 0x00, 0x00, 0x00, 0x00, 0x00, 0x00, 0x00, 0x00, 0x00, 0x00, 0x00, 
			0x00, 0x00, 0x00, 0x00, 0x00, 0x00, 0x00, 0x00, 0x00, 0x00, 0x00, 0x00, 0x00, 0x00, 0x00, 0x00, 
			0x00, 0x00, 0x00, 0x00, 0x00, 0x00, 0x00, 0x00, 0x00, 0x00, 0x00, 0x00, 0x00, 0x00, 0x00, 0x00, 
			0x00, 0x00, 0x00, 0x00, 0x00, 0x00, 0x00, 0x00, 0x00, 0x00, 0x00, 0x00, 0x00, 0x00, 0x00, 0x00, 
			0x00, 0x00, 0x00, 0x00, 0x00, 0x00, 0x00, 0x00, 0x00, 0x00, 0x00, 0x00, 0x00, 0x00, 0x00, 0x00, 
			0x00, 0x00, 0x00, 0x00, 0x00, 0x00, 0x00, 0x00, 0x00, 0x00, 0x00, 0x00, 0x00, 0x00, 0x00, 0x00, 
			0x00, 0x00, 0x00, 0x00, 0x00, 0x00, 0x00, 0x00, 0x00, 0x00, 0x00, 0x00, 0x00, 0x00, 0x00, 0x00, 
			0x00, 0x00, 0x00, 0x00, 0x00, 0x00, 0x00, 0x00, 0x00, 0x00, 0x00, 0x00, 0x00, 0x00, 0x00, 0x00, 
			0x00, 0x00, 0x00, 0x00, 0x00, 0x00, 0x00, 0x00, 0x00, 0x00, 0x00, 0x00, 0x00, 0x00, 0x00, 0x00, 
			0x00, 0x00, 0x00, 0x00, 0x00, 0x00, 0x00, 0x00, 0x00, 0x00, 0x00, 0x00, 0x00, 0x00, 0x00, 0x00, 
			0x00, 0x00, 0x00, 0x00, 0x00, 0x00, 0x00, 0x00, 0x00, 0x00, 0x00, 0x00, 0x00, 0x00, 0x00, 0x00, 
			0x00, 0x00, 0x00, 0x00, 0x00, 0x00, 0x00, 0x00, 0x00, 0x00, 0x00, 0x00, 0x00, 0x00, 0x00, 0x00, 
			0x00, 0x00, 0x00, 0x00, 0x00, 0x00, 0x00, 0x00, 0x00, 0x00, 0x00, 0x00, 0x00, 0x00, 0x00, 0x00, 
			0x00, 0x00, 0x00, 0x00, 0x00, 0x00, 0x00, 0x00, 0x00, 0x00, 0x00, 0x00, 0x00, 0x00, 0x00, 0x00, 
			0x00, 0x00, 0x00, 0x00, 0x00, 0x00, 0x00, 0x00, 0x00, 0x00, 0x00, 0x00, 0x00, 0x00, 0x00, 0x00, 
			0x00, 0x00, 0x00, 0x00, 0x00, 0x00, 0x00, 0x00, 0x00, 0x00, 0x00, 0x00, 0x00, 0x00, 0x00, 0x00, 
			0x00, 0x00, 0x00, 0x00, 0x00, 0x00, 0x00, 0x00, 0x00, 0x00, 0x00, 0x00, 0x00, 0x00, 0x00, 0x00, 
			0x00, 0x00, 0x00, 0x00, 0x00, 0x00, 0x00, 0x00, 0x00, 0x00, 0x00, 0x00, 0x00, 0x00, 0x00, 0x00, 
			0x00, 0x00, 0x00, 0x00, 0x00, 0x00, 0x00, 0x00, 0x00, 0x00, 0x00, 0x00, 0x00, 0x00, 0x00, 0x00, 
			0x00, 0x00, 0x00, 0x00, 0x00, 0x00, 0x00, 0x00, 0x00, 0x00, 0x00, 0x00, 0x00, 0x00, 0x00, 0x00, 
			0x00, 0x00, 0x00, 0x00, 0x00, 0x00, 0x00, 0x00, 0x00, 0x00, 0x00, 0x00, 0x00, 0x00, 0x00, 0x00, 
			0x00, 0x00, 0x00, 0x00, 0x00, 0x00, 0x00, 0x00, 0x00, 0x00, 0x00, 0x00, 0x00, 0x00, 0x00, 0x00, 
			0x00, 0x00, 0x00, 0x00, 0x00, 0x00, 0x00, 0x00, 0x00, 0x00, 0x00, 0x00, 0x00, 0x00, 0x00, 0x00, 
			0x00, 0x00, 0x00, 0x00, 0x00, 0x00, 0x00, 0x00, 0x00, 0x00, 0x00, 0x00, 0x00, 0x00, 0x00, 0x00, 
			0x00, 0x00, 0x00, 0x00, 0x00, 0x00, 0x00, 0x00, 0x00, 0x00, 0x00, 0x00, 0x00, 0x00, 0x00, 0x00, 
			0x00, 0x00, 0x00, 0x00, 0x00, 0x00, 0x00, 0x00, 0x00, 0x00, 0x00, 0x00, 0x00, 0x00, 0x00, 0x00, 
			0x00, 0x00, 0x00, 0x00, 0x00, 0x00, 0x00, 0x00, 0x00, 0x00, 0x00, 0x00, 0x00, 0x00, 0x00, 0x00, 
			0x00, 0x00, 0x00, 0x00, 0x00, 0x00, 0x00, 0x00, 0x00, 0x00, 0x00, 0x00, 0x00, 0x00, 0x00, 0x00, 
			0x00, 0x00, 0x00, 0x00, 0x00, 0x00, 0x00, 0x00, 0x00, 0x00, 0x00, 0x00, 0x00, 0x00, 0x00, 0x00, 
			0x00, 0x00, 0x00, 0x00, 0x00, 0x00, 0x00, 0x00, 0x00, 0x00, 0x00, 0x00, 0x00, 0x00, 0x00, 0x00, 
			0x00, 0x00, 0x00, 0x00, 0x00, 0x00, 0x00, 0x00, 0x00, 0x00, 0x00, 0x00, 0x00, 0x00, 0x00, 0x00, 
			0x00, 0x00, 0x00, 0x00, 0x00, 0x00, 0x00, 0x00, 0x00, 0x00, 0x00, 0x00, 0x00, 0x00, 0x00, 0x00, 
			0x00, 0x00, 0x00, 0x00, 0x00, 0x00, 0x00, 0x00, 0x00, 0x00, 0x00, 0x00, 0x00, 0x00, 0x00, 0x00, 
			0x00, 0x00, 0x00, 0x00, 0x00, 0x00, 0x00, 0x00, 0x00, 0x00, 0x00, 0x00, 0x00, 0x00, 0x00, 0x00, 
			0x00, 0x00, 0x00, 0x00, 0x00, 0x00, 0x00, 0x00, 0x00, 0x00, 0x00, 0x00, 0x00, 0x00, 0x00, 0x00, 
			0x00, 0x00, 0x00, 0x00, 0x00, 0x00, 0x00, 0x00, 0x00, 0x00, 0x00, 0x00, 0x00, 0x00, 0x00, 0x00, 
			0x00, 0x00, 0x00, 0x00, 0x00, 0x00, 0x00, 0x00, 0x00, 0x00, 0x00, 0x00, 0x00, 0x00, 0x00, 0x00, 
			0x00, 0x00, 0x00, 0x00, 0x00, 0x00, 0x00, 0x00, 0x00, 0x00, 0x00, 0x00, 0x00, 0x00, 0x00, 0x00, 
			0x00, 0x00, 0x00, 0x00, 0x00, 0x00, 0x00, 0x00, 0x00, 0x00, 0x00, 0x00, 0x00, 0x00, 0x00, 0x00, 
			0x00, 0x00, 0x00, 0x00, 0x00, 0x00, 0x00, 0x00, 0x00, 0x00, 0x00, 0x00, 0x00, 0x00, 0x00, 0x00, 
			0x00, 0x00, 0x00, 0x00, 0x00, 0x00, 0x00, 0x00, 0x00, 0x00, 0x00, 0x00, 0x00, 0x00, 0x00, 0x00, 
			0x00, 0x00, 0x00, 0x00, 0x00, 0x00, 0x00, 0x00, 0x00, 0x00, 0x00, 0x00, 0x00, 0x00, 0x00, 0x00, 
			0x00, 0x00, 0x00, 0x00, 0x00, 0x00, 0x00, 0x00, 0x00, 0x00, 0x00, 0x00, 0x00, 0x00, 0x00, 0x00, 
			0x00, 0x00, 0x00, 0x00, 0x00, 0x00, 0x00, 0x00, 0x00, 0x00, 0x00, 0x00, 0x00, 0x00, 0x00, 0x00, 
			0x00, 0x00, 0x00, 0x00, 0x00, 0x00, 0x00, 0x00, 0x00, 0x00, 0x00, 0x00, 0x00, 0x00, 0x00, 0x00, 
			0x00, 0x00, 0x00, 0x00, 0x00, 0x00, 0x00, 0x00, 0x00, 0x00, 0x00, 0x00, 0x00, 0x00, 0x00, 0x00, 
			0x00, 0x00, 0x00, 0x00, 0x00, 0x00, 0x00, 0x00, 0x00, 0x00, 0x00, 0x00, 0x00, 0x00, 0x00, 0x00, 
			0x00, 0x00, 0x00, 0x00, 0x00, 0x00, 0x00, 0x00, 0x00, 0x00, 0x00, 0x00, 0x00, 0x00, 0x00, 0x00, 
			0x00, 0x00, 0x00, 0x00, 0x00, 0x00, 0x00, 0x00, 0x00, 0x00, 0x00, 0x00, 0x00, 0x00, 0x00, 0x00, 
			0x00, 0x00, 0x00, 0x00, 0x00, 0x00, 0x00, 0x00, 0x00, 0x00, 0x00, 0x00, 0x00, 0x00, 0x00, 0x00, 
			0x00, 0x00, 0x00, 0x00, 0x00, 0x00, 0x00, 0x00, 0x00, 0x00, 0x00, 0x00, 0x00, 0x00, 0x00, 0x00, 
			0x00, 0x00, 0x00, 0x00, 0x00, 0x00, 0x00, 0x00, 0x00, 0x00, 0x00, 0x00, 0x00, 0x00, 0x00, 0x00, 
			0x00, 0x00, 0x00, 0x00, 0x00, 0x00, 0x00, 0x00, 0x00, 0x00, 0x00, 0x00, 0x00, 0x00, 0x00, 0x00, 
			0x00, 0x00, 0x00, 0x00, 0x00, 0x00, 0x00, 0x00, 0x00, 0x00, 0x00, 0x00, 0x00, 0x00, 0x00, 0x00, 
			0x00, 0x00, 0x00, 0x00, 0x00, 0x00, 0x00, 0x00, 0x00, 0x00, 0x00, 0x00, 0x00, 0x00, 0x00, 0x00, 
			0x00, 0x00, 0x00, 0x00, 0x00, 0x00, 0x00, 0x00, 0x00, 0x00, 0x00, 0x00, 0x00, 0x00, 0x00, 0x00, 
			0x00, 0x00, 0x00, 0x00, 0x00, 0x00, 0x00, 0x00, 0x00, 0x00, 0x00, 0x00, 0x00, 0x00, 0x00, 0x00, 
			0x00, 0x00, 0x00, 0x00, 0x00, 0x00, 0x00, 0x00, 0x00, 0x00, 0x00, 0x00, 0x00, 0x00, 0x00, 0x00, 
			0x00, 0x00, 0x00, 0x00, 0x00, 0x00, 0x00, 0x00, 0x00, 0x00, 0x00, 0x00, 0x00, 0x00, 0x00, 0x00, 
			0x00, 0x00, 0x00, 0x00, 0x00, 0x00, 0x00, 0x00, 0x00, 0x00, 0x00, 0x00, 0x00, 0x00, 0x00, 0x00, 
			0x00, 0x00, 0x00, 0x00, 0x00, 0x00, 0x00, 0x00, 0x00, 0x00, 0x00, 0x00, 0x00, 0x00, 0x00, 0x00, 
			0x00, 0x00, 0x00, 0x00, 0x00, 0x00, 0x00, 0x00, 0x00, 0x00, 0x00, 0x00, 0x00, 0x00, 0x00, 0x00, 
			0x00, 0x00, 0x00, 0x00, 0x00, 0x00, 0x00, 0x00, 0x00, 0x00, 0x00, 0x00, 0x00, 0x00, 0x00, 0x00, 
			0x00, 0x00, 0x00, 0x00, 0x00, 0x00, 0x00, 0x00, 0x00, 0x00, 0x00, 0x00, 0x00, 0x00, 0x00, 0x00, 
			0x00, 0x00, 0x00, 0x00, 0x00, 0x00, 0x00, 0x00, 0x00, 0x00, 0x00, 0x00, 0x00, 0x00, 0x00, 0x00, 
			0x00, 0x00, 0x00, 0x00, 0x00, 0x00, 0x00, 0x00, 0x00, 0x00, 0x00, 0x00, 0x00, 0x00, 0x00, 0x00, 
			0x00, 0x00, 0x00, 0x00, 0x00, 0x00, 0x00, 0x00, 0x00, 0x00, 0x00, 0x00, 0x00, 0x00, 0x00, 0x00, 
			0x00, 0x00, 0x00, 0x00, 0x00, 0x00, 0x00, 0x00, 0x00, 0x00, 0x00, 0x00, 0x00, 0x00, 0x00, 0x00, 
			0x00, 0x00, 0x00, 0x00, 0x00, 0x00, 0x00, 0x00, 0x00, 0x00, 0x00, 0x00, 0x00, 0x00, 0x00, 0x00, 
			0x00, 0x00, 0x00, 0x00, 0x00, 0x00, 0x00, 0x00, 0x00, 0x00, 0x00, 0x00, 0x00, 0x00, 0x00, 0x00, 
			0x00, 0x00, 0x00, 0x00, 0x00, 0x00, 0x00, 0x00, 0x00, 0x00, 0x00, 0x00, 0x00, 0x00, 0x00, 0x00, 
			0x00, 0x00, 0x00, 0x00, 0x00, 0x00, 0x00, 0x00, 0x00, 0x00, 0x00, 0x00, 0x00, 0x00, 0x00, 0x00, 
			0x00, 0x00, 0x00, 0x00, 0x00, 0x00, 0x00, 0x00, 0x00, 0x00, 0x00, 0x00, 0x00, 0x00, 0x00, 0x00, 
			0x00, 0x00, 0x00, 0x00, 0x00, 0x00, 0x00, 0x00, 0x00, 0x00, 0x00, 0x00, 0x00, 0x00, 0x00, 0x00, 
			0x00, 0x00, 0x00, 0x00, 0x00, 0x00, 0x00, 0x00, 0x00, 0x00, 0x00, 0x00, 0x00, 0x00, 0x00, 0x00, 
			0x00, 0x00, 0x00, 0x00, 0x00, 0x00, 0x00, 0x00, 0x00, 0x00, 0x00, 0x00, 0x00, 0x00, 0x00, 0x00, 
			0x00, 0x00, 0x00, 0x00, 0x00, 0x00, 0x00, 0x00, 0x00, 0x00, 0x00, 0x00, 0x00, 0x00, 0x00, 0x00, 
			0x00, 0x00, 0x00, 0x00, 0x00, 0x00, 0x00, 0x00, 0x00, 0x00, 0x00, 0x00, 0x00, 0x00, 0x00, 0x00, 
			0x00, 0x00, 0x00, 0x00, 0x00, 0x00, 0x00, 0x00, 0x00, 0x00, 0x00, 0x00, 0x00, 0x00, 0x00, 0x00, 
			0x00, 0x00, 0x00, 0x00, 0x00, 0x00, 0x00, 0x00, 0x00, 0x00, 0x00, 0x00, 0x00, 0x00, 0x00, 0x00, 
			0x00, 0x00, 0x00, 0x00, 0x00, 0x00, 0x00, 0x00, 0x00, 0x00, 0x00, 0x00, 0x00, 0x00, 0x00, 0x00, 
			0x00, 0x00, 0x00, 0x00, 0x00, 0x00, 0x00, 0x00, 0x00, 0x00, 0x00, 0x00, 0x00, 0x00, 0x00, 0x00, 
			0x00, 0x00, 0x00, 0x00, 0x00, 0x00, 0x00, 0x00, 0x00, 0x00, 0x00, 0x00, 0x00, 0x00, 0x00, 0x00, 
			0x00, 0x00, 0x00, 0x00, 0x00, 0x00, 0x00, 0x00, 0x00, 0x00, 0x00, 0x00, 0x00, 0x00, 0x00, 0x00, 
			0x00, 0x00, 0x00, 0x00, 0x00, 0x00, 0x00, 0x00, 0x00, 0x00, 0x00, 0x00, 0x00, 0x00, 0x00, 0x00, 
			0x00, 0x00, 0x00, 0x00, 0x00, 0x00, 0x00, 0x00, 0x00, 0x00, 0x00, 0x00, 0x00, 0x00, 0x00, 0x00, 
			0x00, 0x00, 0x00, 0x00, 0x00, 0x00, 0x00, 0x00, 0x00, 0x00, 0x00, 0x00, 0x00, 0x00, 0x00, 0x00, 
			0x00, 0x00, 0x00, 0x00, 0x00, 0x00, 0x00, 0x00, 0x00, 0x00, 0x00, 0x00, 0x00, 0x00, 0x00, 0x00, 
			0x00, 0x00, 0x00, 0x00, 0x00, 0x00, 0x00, 0x00, 0x00, 0x00, 0x00, 0x00, 0x00, 0x00, 0x00, 0x00, 
			0x00, 0x00, 0x00, 0x00, 0x00, 0x00, 0x00, 0x00, 0x00, 0x00, 0x00, 0x00, 0x00, 0x00, 0x00, 0x00, 
			0x00, 0x00, 0x00, 0x00, 0x00, 0x00, 0x00, 0x00, 0x00, 0x00, 0x00, 0x00, 0x00, 0x00, 0x00, 0x00, 
			0x00, 0x00, 0x00, 0x00, 0x00, 0x00, 0x00, 0x00, 0x00, 0x00, 0x00, 0x00, 0x00, 0x00, 0x00, 0x00, 
			0x00, 0x00, 0x00, 0x00, 0x00, 0x00, 0x00, 0x00, 0x00, 0x00, 0x00, 0x00, 0x00, 0x00, 0x00, 0x00, 
			0x00, 0x00, 0x00, 0x00, 0x00, 0x00, 0x00, 0x00, 0x00, 0x00, 0x00, 0x00, 0x00, 0x00, 0x00, 0x00, 
			0x00, 0x00, 0x00, 0x00, 0x00, 0x00, 0x00, 0x00, 0x00, 0x00, 0x00, 0x00, 0x00, 0x00, 0x00, 0x00, 
			0x00, 0x00, 0x00, 0x00, 0x00, 0x00, 0x00, 0x00, 0x00, 0x00, 0x00, 0x00, 0x00, 0x00, 0x00, 0x00, 
			0x00, 0x00, 0x00, 0x00, 0x00, 0x00, 0x00, 0x00, 0x00, 0x00, 0x00, 0x00, 0x00, 0x00, 0x00, 0x00, 
			0x00, 0x00, 0x00, 0x00, 0x00, 0x00, 0x00, 0x00, 0x00, 0x00, 0x00, 0x00, 0x00, 0x00, 0x00, 0x00, 
			0x00, 0x00, 0x00, 0x00, 0x00, 0x00, 0x00, 0x00, 0x00, 0x00, 0x00, 0x00, 0x00, 0x00, 0x00, 0x00, 
			0x00, 0x00, 0x00, 0x00, 0x00, 0x00, 0x00, 0x00, 0x00, 0x00, 0x00, 0x00, 0x00, 0x00, 0x00, 0x00, 
			0x00, 0x00, 0x00, 0x00, 0x00, 0x00, 0x00, 0x00, 0x00, 0x00, 0x00, 0x00, 0x00, 0x00, 0x00, 0x00, 
			0x00, 0x00, 0x00, 0x00, 0x00, 0x00, 0x00, 0x00, 0x00, 0x00, 0x00, 0x00, 0x00, 0x00, 0x00, 0x00, 
			0x00, 0x00, 0x00, 0x00, 0x00, 0x00, 0x00, 0x00, 0x00, 0x00, 0x00, 0x00, 0x00, 0x00, 0x00, 0x00, 
			0x00, 0x00, 0x00, 0x00, 0x00, 0x00, 0x00, 0x00, 0x00, 0x00, 0x00, 0x00, 0x00, 0x00, 0x00, 0x00, 
			0x00, 0x00, 0x00, 0x00, 0x00, 0x00, 0x00, 0x00, 0x00, 0x00, 0x00, 0x00, 0x00, 0x00, 0x00, 0x00, 
			0x00, 0x00, 0x00, 0x00, 0x00, 0x00, 0x00, 0x00, 0x00, 0x00, 0x00, 0x00, 0x00, 0x00, 0x00, 0x00, 
			0x00, 0x00, 0x00, 0x00, 0x00, 0x00, 0x00, 0x00, 0x00, 0x00, 0x00, 0x00, 0x00, 0x00, 0x00, 0x00, 
			0x00, 0x00, 0x00, 0x00, 0x00, 0x00, 0x00, 0x00, 0x00, 0x00, 0x00, 0x00, 0x00, 0x00, 0x00, 0x00, 
			0x00, 0x00, 0x00, 0x00, 0x00, 0x00, 0x00, 0x00, 0x00, 0x00, 0x00, 0x00, 0x00, 0x00, 0x00, 0x00, 
			0x00, 0x00, 0x00, 0x00, 0x00, 0x00, 0x00, 0x00, 0x00, 0x00, 0x00, 0x00, 0x00, 0x00, 0x00, 0x00, 
			0x00, 0x00, 0x00, 0x00, 0x00, 0x00, 0x00, 0x00, 0x00, 0x00, 0x00, 0x00, 0x00, 0x00, 0x00, 0x00, 
			0x00, 0x00, 0x00, 0x00, 0x00, 0x00, 0x00, 0x00, 0x00, 0x00, 0x00, 0x00, 0x00, 0x00, 0x00, 0x00, 
			0x00, 0x00, 0x00, 0x00, 0x00, 0x00, 0x00, 0x00, 0x00, 0x00, 0x00, 0x00, 0x00, 0x00, 0x00, 0x00, 
			0x00, 0x00, 0x00, 0x00, 0x00, 0x00, 0x00, 0x00, 0x00, 0x00, 0x00, 0x00, 0x00, 0x00, 0x00, 0x00, 
			0x00, 0x00, 0x00, 0x00, 0x00, 0x00, 0x00, 0x00, 0x00, 0x00, 0x00, 0x00, 0x00, 0x00, 0x00, 0x00, 
			0x00, 0x00, 0x00, 0x00, 0x00, 0x00, 0x00, 0x00, 0x00, 0x00, 0x00, 0x00, 0x00, 0x00, 0x00, 0x00, 
			0x00, 0x00, 0x00, 0x00, 0x00, 0x00, 0x00, 0x00, 0x00, 0x00, 0x00, 0x00, 0x00, 0x00, 0x00, 0x00, 
			0x00, 0x00, 0x00, 0x00, 0x00, 0x00, 0x00, 0x00, 0x00, 0x00, 0x00, 0x00, 0x00, 0x00, 0x00, 0x00, 
			0x00, 0x00, 0x00, 0x00, 0x00, 0x00, 0x00, 0x00, 0x00, 0x00, 0x00, 0x00, 0x00, 0x00, 0x00, 0x00, 
			0x00, 0x00, 0x00, 0x00, 0x00, 0x00, 0x00, 0x00, 0x00, 0x00, 0x00, 0x00, 0x00, 0x00, 0x00, 0x00, 
			0x00, 0x00, 0x00, 0x00, 0x00, 0x00, 0x00, 0x00, 0x00, 0x00, 0x00, 0x00, 0x00, 0x00, 0x00, 0x00, 
			0x00, 0x00, 0x00, 0x00, 0x00, 0x00, 0x00, 0x00, 0x00, 0x00, 0x00, 0x00, 0x00, 0x00, 0x00, 0x00, 
			0x00, 0x00, 0x00, 0x00, 0x00, 0x00, 0x00, 0x00, 0x00, 0x00, 0x00, 0x00, 0x00, 0x00, 0x00, 0x00, 
			0x00, 0x00, 0x00, 0x00, 0x00, 0x00, 0x00, 0x00, 0x00, 0x00, 0x00, 0x00, 0x00, 0x00, 0x00, 0x00, 
			0x00, 0x00, 0x00, 0x00, 0x00, 0x00, 0x00, 0x00, 0x00, 0x00, 0x00, 0x00, 0x00, 0x00, 0x00, 0x00, 
			0x00, 0x00, 0x00, 0x00, 0x00, 0x00, 0x00, 0x00, 0x00, 0x00, 0x00, 0x00, 0x00, 0x00, 0x00, 0x00, 
			0x00, 0x00, 0x00, 0x00, 0x00, 0x00, 0x00, 0x00, 0x00, 0x00, 0x00, 0x00, 0x00, 0x00, 0x00, 0x00, 
			0x00, 0x00, 0x00, 0x00, 0x00, 0x00, 0x00, 0x00, 0x00, 0x00, 0x00, 0x00, 0x00, 0x00, 0x00, 0x00, 
			0x00, 0x00, 0x00, 0x00, 0x00, 0x00, 0x00, 0x00, 0x00, 0x00, 0x00, 0x00, 0x00, 0x00, 0x00, 0x00, 
			0x00, 0x00, 0x00, 0x00, 0x00, 0x00, 0x00, 0x00, 0x00, 0x00, 0x00, 0x00, 0x00, 0x00, 0x00, 0x00, 
			0x00, 0x00, 0x00, 0x00, 0x00, 0x00, 0x00, 0x00, 0x00, 0x00, 0x00, 0x00, 0x00, 0x00, 0x00, 0x00, 
			0x00, 0x00, 0x00, 0x00, 0x00, 0x00, 0x00, 0x00, 0x00, 0x00, 0x00, 0x00, 0x00, 0x00, 0x00, 0x00, 
			0x00, 0x00, 0x00, 0x00, 0x00, 0x00, 0x00, 0x00, 0x00, 0x00, 0x00, 0x00, 0x00, 0x00, 0x00, 0x00, 
			0x00, 0x00, 0x00, 0x00, 0x00, 0x00, 0x00, 0x00, 0x00, 0x00, 0x00, 0x00, 0x00, 0x00, 0x00, 0x00, 
			0x00, 0x00, 0x00, 0x00, 0x00, 0x00, 0x00, 0x00, 0x00, 0x00, 0x00, 0x00, 0x00, 0x00, 0x00, 0x00, 
			0x00, 0x00, 0x00, 0x00, 0x00, 0x00, 0x00, 0x00, 0x00, 0x00, 0x00, 0x00, 0x00, 0x00, 0x00, 0x00, 
			0x00, 0x00, 0x00, 0x00, 0x00, 0x00, 0x00, 0x00, 0x00, 0x00, 0x00, 0x00, 0x00, 0x00, 0x00, 0x00, 
			0x00, 0x00, 0x00, 0x00, 0x00, 0x00, 0x00, 0x00, 0x00, 0x00, 0x00, 0x00, 0x00, 0x00, 0x00, 0x00, 
			0x00, 0x00, 0x00, 0x00, 0x00, 0x00, 0x00, 0x00, 0x00, 0x00, 0x00, 0x00, 0x00, 0x00, 0x00, 0x00, 
			0x00, 0x00, 0x00, 0x00, 0x00, 0x00, 0x00, 0x00, 0x00, 0x00, 0x00, 0x00, 0x00, 0x00, 0x00, 0x00, 
			0x00, 0x00, 0x00, 0x00, 0x00, 0x00, 0x00, 0x00, 0x00, 0x00, 0x00, 0x00, 0x00, 0x00, 0x00, 0x00, 
			0x00, 0x00, 0x00, 0x00, 0x00, 0x00, 0x00, 0x00, 0x00, 0x00, 0x00, 0x00, 0x00, 0x00, 0x00, 0x00, 
			0x00, 0x00, 0x00, 0x00, 0x00, 0x00, 0x00, 0x00, 0x00, 0x00, 0x00, 0x00, 0x00, 0x00, 0x00, 0x00, 
			0x00, 0x00, 0x00, 0x00, 0x00, 0x00, 0x00, 0x00, 0x00, 0x00, 0x00, 0x00, 0x00, 0x00, 0x00, 0x00, 
			0x00, 0x00, 0x00, 0x00, 0x00, 0x00, 0x00, 0x00, 0x00, 0x00, 0x00, 0x00, 0x00, 0x00, 0x00, 0x00, 
			0x00, 0x00, 0x00, 0x00, 0x00, 0x00, 0x00, 0x00, 0x00, 0x00, 0x00, 0x00, 0x00, 0x00, 0x00, 0x00, 
			0x00, 0x00, 0x00, 0x00, 0x00, 0x00, 0x00, 0x00, 0x00, 0x00, 0x00, 0x00, 0x00, 0x00, 0x00, 0x00, 
			0x00, 0x00, 0x00, 0x00, 0x00, 0x00, 0x00, 0x00, 0x00, 0x00, 0x00, 0x00, 0x00, 0x00, 0x00, 0x00, 
			0x00, 0x00, 0x00, 0x00, 0x00, 0x00, 0x00, 0x00, 0x00, 0x00, 0x00, 0x00, 0x00, 0x00, 0x00, 0x00, 
			0x00, 0x00, 0x00, 0x00, 0x00, 0x00, 0x00, 0x00, 0x00, 0x00, 0x00, 0x00, 0x00, 0x00, 0x00, 0x00, 
			0x00, 0x00, 0x00, 0x00, 0x00, 0x00, 0x00, 0x00, 0x00, 0x00, 0x00, 0x00, 0x00, 0x00, 0x00, 0x00, 
			0x00, 0x00, 0x00, 0x00, 0x00, 0x00, 0x00, 0x00, 0x00, 0x00, 0x00, 0x00, 0x00, 0x00, 0x00, 0x00, 
			0x00, 0x00, 0x00, 0x00, 0x00, 0x00, 0x00, 0x00, 0x00, 0x00, 0x00, 0x00, 0x00, 0x00, 0x00, 0x00, 
			0x00, 0x00, 0x00, 0x00, 0x00, 0x00, 0x00, 0x00, 0x00, 0x00, 0x00, 0x00, 0x00, 0x00, 0x00, 0x00, 
			0x00, 0x00, 0x00, 0x00, 0x00, 0x00, 0x00, 0x00, 0x00, 0x00, 0x00, 0x00, 0x00, 0x00, 0x00, 0x00, 
			0x00, 0x00, 0x00, 0x00, 0x00, 0x00, 0x00, 0x00, 0x00, 0x00, 0x00, 0x00, 0x00, 0x00, 0x00, 0x00, 
			0x00, 0x00, 0x00, 0x00, 0x00, 0x00, 0x00, 0x00, 0x00, 0x00, 0x00, 0x00, 0x00, 0x00, 0x00, 0x00, 
			0x00, 0x00, 0x00, 0x00, 0x00, 0x00, 0x00, 0x00, 0x00, 0x00, 0x00, 0x00, 0x00, 0x00, 0x00, 0x00, 
			0x00, 0x00, 0x00, 0x00, 0x00, 0x00, 0x00, 0x00, 0x00, 0x00, 0x00, 0x00, 0x00, 0x00, 0x00, 0x00, 
			0x00, 0x00, 0x00, 0x00, 0x00, 0x00, 0x00, 0x00, 0x00, 0x00, 0x00, 0x00, 0x00, 0x00, 0x00, 0x00, 
			0x00, 0x00, 0x00, 0x00, 0x00, 0x00, 0x00, 0x00, 0x00, 0x00, 0x00, 0x00, 0x00, 0x00, 0x00, 0x00, 
			0x00, 0x00, 0x00, 0x00, 0x00, 0x00, 0x00, 0x00, 0x00, 0x00, 0x00, 0x00, 0x00, 0x00, 0x00, 0x00, 
			0x00, 0x00, 0x00, 0x00, 0x00, 0x00, 0x00, 0x00, 0x00, 0x00, 0x00, 0x00, 0x00, 0x00, 0x00, 0x00, 
			0x00, 0x00, 0x00, 0x00, 0x00, 0x00, 0x00, 0x00, 0x00, 0x00, 0x00, 0x00, 0x00, 0x00, 0x00, 0x00, 
			0x00, 0x00, 0x00, 0x00, 0x00, 0x00, 0x00, 0x00, 0x00, 0x00, 0x00, 0x00, 0x00, 0x00, 0x00, 0x00, 
			0x00, 0x00, 0x00, 0x00, 0x00, 0x00, 0x00, 0x00, 0x00, 0x00, 0x00, 0x00, 0x00, 0x00, 0x00, 0x00, 
			0x00, 0x00, 0x00, 0x00, 0x00, 0x00, 0x00, 0x00, 0x00, 0x00, 0x00, 0x00, 0x00, 0x00, 0x00, 0x00, 
			0x00, 0x00, 0x00, 0x00, 0x00, 0x00, 0x00, 0x00, 0x00, 0x00, 0x00, 0x00, 0x00, 0x00, 0x00, 0x00, 
			0x00, 0x00, 0x00, 0x00, 0x00, 0x00, 0x00, 0x00, 0x00, 0x00, 0x00, 0x00, 0x00, 0x00, 0x00, 0x00, 
			0x00, 0x00, 0x00, 0x00, 0x00, 0x00, 0x00, 0x00, 0x00, 0x00, 0x00, 0x00, 0x00, 0x00, 0x00, 0x00, 
			0x00, 0x00, 0x00, 0x00, 0x00, 0x00, 0x00, 0x00, 0x00, 0x00, 0x00, 0x00, 0x00, 0x00, 0x00, 0x00, 
			0x00, 0x00, 0x00, 0x00, 0x00, 0x00, 0x00, 0x00, 0x00, 0x00, 0x00, 0x00, 0x00, 0x00, 0x00, 0x00, 
			0x00, 0x00, 0x00, 0x00, 0x00, 0x00, 0x00, 0x00, 0x00, 0x00, 0x00, 0x00, 0x00, 0x00, 0x00, 0x00, 
			0x00, 0x00, 0x00, 0x00, 0x00, 0x00, 0x00, 0x00, 0x00, 0x00, 0x00, 0x00, 0x00, 0x00, 0x00, 0x00, 
			0x00, 0x00, 0x00, 0x00, 0x00, 0x00, 0x00, 0x00, 0x00, 0x00, 0x00, 0x00, 0x00, 0x00, 0x00, 0x00, 
			0x00, 0x00, 0x00, 0x00, 0x00, 0x00, 0x00, 0x00, 0x00, 0x00, 0x00, 0x00, 0x00, 0x00, 0x00, 0x00, 
			0x00, 0x00, 0x00, 0x00, 0x00, 0x00, 0x00, 0x00, 0x00, 0x00, 0x00, 0x00, 0x00, 0x00, 0x00, 0x00, 
			0x00, 0x00, 0x00, 0x00, 0x00, 0x00, 0x00, 0x00, 0x00, 0x00, 0x00, 0x00, 0x00, 0x00, 0x00, 0x00, 
			0x00, 0x00, 0x00, 0x00, 0x00, 0x00, 0x00, 0x00, 0x00, 0x00, 0x00, 0x00, 0x00, 0x00, 0x00, 0x00, 
			0x00, 0x00, 0x00, 0x00, 0x00, 0x00, 0x00, 0x00, 0x00, 0x00, 0x00, 0x00, 0x00, 0x00, 0x00, 0x00, 
			0x00, 0x00, 0x00, 0x00, 0x00, 0x00, 0x00, 0x00, 0x00, 0x00, 0x00, 0x00, 0x00, 0x00, 0x00, 0x00, 
			0x00, 0x00, 0x00, 0x00, 0x00, 0x00, 0x00, 0x00, 0x00, 0x00, 0x00, 0x00, 0x00, 0x00, 0x00, 0x00, 
			0x00, 0x00, 0x00, 0x00, 0x00, 0x00, 0x00, 0x00, 0x00, 0x00, 0x00, 0x00, 0x00, 0x00, 0x00, 0x00, 
			0x00, 0x00, 0x00, 0x00, 0x00, 0x00, 0x00, 0x00, 0x00, 0x00, 0x00, 0x00, 0x00, 0x00, 0x00, 0x00, 
			0x00, 0x00, 0x00, 0x00, 0x00, 0x00, 0x00, 0x00, 0x00, 0x00, 0x00, 0x00, 0x00, 0x00, 0x00, 0x00, 
			0x00, 0x00, 0x00, 0x00, 0x00, 0x00, 0x00, 0x00, 0x00, 0x00, 0x00, 0x00, 0x00, 0x00, 0x00, 0x00, 
			0x00, 0x00, 0x00, 0x00, 0x00, 0x00, 0x00, 0x00, 0x00, 0x00, 0x00, 0x00, 0x00, 0x00, 0x00, 0x00, 
			0x00, 0x00, 0x00, 0x00, 0x00, 0x00, 0x00, 0x00, 0x00, 0x00, 0x00, 0x00, 0x00, 0x00, 0x00, 0x00, 
			0x00, 0x00, 0x00, 0x00, 0x00, 0x00, 0x00, 0x00, 0x00, 0x00, 0x00, 0x00, 0x00, 0x00, 0x00, 0x00, 
			0x00, 0x00, 0x00, 0x00, 0x00, 0x00, 0x00, 0x00, 0x00, 0x00, 0x00, 0x00, 0x00, 0x00, 0x00, 0x00, 
			0x00, 0x00, 0x00, 0x00, 0x00, 0x00, 0x00, 0x00, 0x00, 0x00, 0x00, 0x00, 0x00, 0x00, 0x00, 0x00, 
			0x00, 0x00, 0x00, 0x00, 0x00, 0x00, 0x00, 0x00, 0x00, 0x00, 0x00, 0x00, 0x00, 0x00, 0x00, 0x00, 
			0x00, 0x00, 0x00, 0x00, 0x00, 0x00, 0x00, 0x00, 0x00, 0x00, 0x00, 0x00, 0x00, 0x00, 0x00, 0x00, 
			0x00, 0x00, 0x00, 0x00, 0x00, 0x00, 0x00, 0x00, 0x00, 0x00, 0x00, 0x00, 0x00, 0x00, 0x00, 0x00, 
			0x00, 0x00, 0x00, 0x00, 0x00, 0x00, 0x00, 0x00, 0x00, 0x00, 0x00, 0x00, 0x00, 0x00, 0x00, 0x00, 
			0x00, 0x00, 0x00, 0x00, 0x00, 0x00, 0x00, 0x00, 0x00, 0x00, 0x00, 0x00, 0x00, 0x00, 0x00, 0x00, 
			0x00, 0x00, 0x00, 0x00, 0x00, 0x00, 0x00, 0x00, 0x00, 0x00, 0x00, 0x00, 0x00, 0x00, 0x00, 0x00, 
			0x00, 0x00, 0x00, 0x00, 0x00, 0x00, 0x00, 0x00, 0x00, 0x00, 0x00, 0x00, 0x00, 0x00, 0x00, 0x00, 
			0x00, 0x00, 0x00, 0x00, 0x00, 0x00, 0x00, 0x00, 0x00, 0x00, 0x00, 0x00, 0x00, 0x00, 0x00, 0x00, 
			0x00, 0x00, 0x00, 0x00, 0x00, 0x00, 0x00, 0x00, 0x00, 0x00, 0x00, 0x00, 0x00, 0x00, 0x00, 0x00, 
			0x00, 0x00, 0x00, 0x00, 0x00, 0x00, 0x00, 0x00, 0x00, 0x00, 0x00, 0x00, 0x00, 0x00, 0x00, 0x00, 
			0x00, 0x00, 0x00, 0x00, 0x00, 0x00, 0x00, 0x00, 0x00, 0x00, 0x00, 0x00, 0x00, 0x00, 0x00, 0x00, 
			0x00, 0x00, 0x00, 0x00, 0x00, 0x00, 0x00, 0x00, 0x00, 0x00, 0x00, 0x00, 0x00, 0x00, 0x00, 0x00, 
			0x00, 0x00, 0x00, 0x00, 0x00, 0x00, 0x00, 0x00, 0x00, 0x00, 0x00, 0x00, 0x00, 0x00, 0x00, 0x00, 
			0x00, 0x00, 0x00, 0x00, 0x00, 0x00, 0x00, 0x00, 0x00, 0x00, 0x00, 0x00, 0x00, 0x00, 0x00, 0x00, 
			0x00, 0x00, 0x00, 0x00, 0x00, 0x00, 0x00, 0x00, 0x00, 0x00, 0x00, 0x00, 0x00, 0x00, 0x00, 0x00, 
			0x00, 0x00, 0x00, 0x00, 0x00, 0x00, 0x00, 0x00, 0x00, 0x00, 0x00, 0x00, 0x00, 0x00, 0x00, 0x00, 
			0x00, 0x00, 0x00, 0x00, 0x00, 0x00, 0x00, 0x00, 0x00, 0x00, 0x00, 0x00, 0x00, 0x00, 0x00, 0x00, 
			0x00, 0x00, 0x00, 0x00, 0x00, 0x00, 0x00, 0x00, 0x00, 0x00, 0x00, 0x00, 0x00, 0x00, 0x00, 0x00, 
			0x00, 0x00, 0x00, 0x00, 0x00, 0x00, 0x00, 0x00, 0x00, 0x00, 0x00, 0x00, 0x00, 0x00, 0x00, 0x00, 
			0x00, 0x00, 0x00, 0x00, 0x00, 0x00, 0x00, 0x00, 0x00, 0x00, 0x00, 0x00, 0x00, 0x00, 0x00, 0x00, 
			0x00, 0x00, 0x00, 0x00, 0x00, 0x00, 0x00, 0x00, 0x00, 0x00, 0x00, 0x00, 0x00, 0x00, 0x00, 0x00, 
			0x00, 0x00, 0x00, 0x00, 0x00, 0x00, 0x00, 0x00, 0x00, 0x00, 0x00, 0x00, 0x00, 0x00, 0x00, 0x00, 
			0x00, 0x00, 0x00, 0x00, 0x00, 0x00, 0x00, 0x00, 0x00, 0x00, 0x00, 0x00, 0x00, 0x00, 0x00, 0x00, 
			0x00, 0x00, 0x00, 0x00, 0x00, 0x00, 0x00, 0x00, 0x00, 0x00, 0x00, 0x00, 0x00, 0x00, 0x00, 0x00, 
			0x00, 0x00, 0x00, 0x00, 0x00, 0x00, 0x00, 0x00, 0x00, 0x00, 0x00, 0x00, 0x00, 0x00, 0x00, 0x00, 
			0x00, 0x00, 0x00, 0x00, 0x00, 0x00, 0x00, 0x00, 0x00, 0x00, 0x00, 0x00, 0x00, 0x00, 0x00, 0x00, 
			0x00, 0x00, 0x00, 0x00, 0x00, 0x00, 0x00, 0x00, 0x00, 0x00, 0x00, 0x00, 0x00, 0x00, 0x00, 0x00, 
			0x00, 0x00, 0x00, 0x00, 0x00, 0x00, 0x00, 0x00, 0x00, 0x00, 0x00, 0x00, 0x00, 0x00, 0x00, 0x00, 
			0x00, 0x00, 0x00, 0x00, 0x00, 0x00, 0x00, 0x00, 0x00, 0x00, 0x00, 0x00, 0x00, 0x00, 0x00, 0x00, 
			0x00, 0x00, 0x00, 0x00, 0x00, 0x00, 0x00, 0x00, 0x00, 0x00, 0x00, 0x00, 0x00, 0x00, 0x00, 0x00, 
			0x00, 0x00, 0x00, 0x00, 0x00, 0x00, 0x00, 0x00, 0x00, 0x00, 0x00, 0x00, 0x00, 0x00, 0x00, 0x00, 
			0x00, 0x00, 0x00, 0x00, 0x00, 0x00, 0x00, 0x00, 0x00, 0x00, 0x00, 0x00, 0x00, 0x00, 0x00, 0x00, 
			0x00, 0x00, 0x00, 0x00, 0x00, 0x00, 0x00, 0x00, 0x00, 0x00, 0x00, 0x00, 0x00, 0x00, 0x00, 0x00, 
			0x00, 0x00, 0x00, 0x00, 0x00, 0x00, 0x00, 0x00, 0x00, 0x00, 0x00, 0x00, 0x00, 0x00, 0x00, 0x00, 
			0x00, 0x00, 0x00, 0x00, 0x00, 0x00, 0x00, 0x00, 0x00, 0x00, 0x00, 0x00, 0x00, 0x00, 0x00, 0x00, 
			0x00, 0x00, 0x00, 0x00, 0x00, 0x00, 0x00, 0x00, 0x00, 0x00, 0x00, 0x00, 0x00, 0x00, 0x00, 0x00, 
			0x00, 0x00, 0x00, 0x00, 0x00, 0x00, 0x00, 0x00, 0x00, 0x00, 0x00, 0x00, 0x00, 0x00, 0x00, 0x00, 
			0x00, 0x00, 0x00, 0x00, 0x00, 0x00, 0x00, 0x00, 0x00, 0x00, 0x00, 0x00, 0x00, 0x00, 0x00, 0x00, 
			0x00, 0x00, 0x00, 0x00, 0x00, 0x00, 0x00, 0x00, 0x00, 0x00, 0x00, 0x00, 0x00, 0x00, 0x00, 0x00, 
			0x00, 0x00, 0x00, 0x00, 0x00, 0x00, 0x00, 0x00, 0x00, 0x00, 0x00, 0x00, 0x00, 0x00, 0x00, 0x00, 
			0x00, 0x00, 0x00, 0x00, 0x00, 0x00, 0x00, 0x00, 0x00, 0x00, 0x00, 0x00, 0x00, 0x00, 0x00, 0x00, 
			0x00, 0x00, 0x00, 0x00, 0x00, 0x00, 0x00, 0x00, 0x00, 0x00, 0x00, 0x00, 0x00, 0x00, 0x00, 0x00, 
			0x00, 0x00, 0x00, 0x00, 0x00, 0x00, 0x00, 0x00, 0x00, 0x00, 0x00, 0x00, 0x00, 0x00, 0x00, 0x00, 
			0x00, 0x00, 0x00, 0x00, 0x00, 0x00, 0x00, 0x00, 0x00, 0x00, 0x00, 0x00, 0x00, 0x00, 0x00, 0x00, 
			0x00, 0x00, 0x00, 0x00, 0x00, 0x00, 0x00, 0x00, 0x00, 0x00, 0x00, 0x00, 0x00, 0x00, 0x00, 0x00, 
			0x00, 0x00, 0x00, 0x00, 0x00, 0x00, 0x00, 0x00, 0x00, 0x00, 0x00, 0x00, 0x00, 0x00, 0x00, 0x00, 
			0x00, 0x00, 0x00, 0x00, 0x00, 0x00, 0x00, 0x00, 0x00, 0x00, 0x00, 0x00, 0x00, 0x00, 0x00, 0x00, 
			0x00, 0x00, 0x00, 0x00, 0x00, 0x00, 0x00, 0x00, 0x00, 0x00, 0x00, 0x00, 0x00, 0x00, 0x00, 0x00, 
			0x00, 0x00, 0x00, 0x00, 0x00, 0x00, 0x00, 0x00, 0x00, 0x00, 0x00, 0x00, 0x00, 0x00, 0x00, 0x00, 
			0x00, 0x00, 0x00, 0x00, 0x00, 0x00, 0x00, 0x00, 0x00, 0x00, 0x00, 0x00, 0x00, 0x00, 0x00, 0x00, 
			0x00, 0x00, 0x00, 0x00, 0x00, 0x00, 0x00, 0x00, 0x00, 0x00, 0x00, 0x00, 0x00, 0x00, 0x00, 0x00, 
			0x00, 0x00, 0x00, 0x00, 0x00, 0x00, 0x00, 0x00, 0x00, 0x00, 0x00, 0x00, 0x00, 0x00, 0x00, 0x00, 
			0x00, 0x00, 0x00, 0x00, 0x00, 0x00, 0x00, 0x00, 0x00, 0x00, 0x00, 0x00, 0x00, 0x00, 0x00, 0x00, 
			0x00, 0x00, 0x00, 0x00, 0x00, 0x00, 0x00, 0x00, 0x00, 0x00, 0x00, 0x00, 0x00, 0x00, 0x00, 0x00, 
			0x00, 0x00, 0x00, 0x00, 0x00, 0x00, 0x00, 0x00, 0x00, 0x00, 0x00, 0x00, 0x00, 0x00, 0x00, 0x00, 
			0x00, 0x00, 0x00, 0x00, 0x00, 0x00, 0x00, 0x00, 0x00, 0x00, 0x00, 0x00, 0x00, 0x00, 0x00, 0x00, 
			0x00, 0x00, 0x00, 0x00, 0x00, 0x00, 0x00, 0x00, 0x00, 0x00, 0x00, 0x00, 0x00, 0x00, 0x00, 0x00, 
			0x00, 0x00, 0x00, 0x00, 0x00, 0x00, 0x00, 0x00, 0x00, 0x00, 0x00, 0x00, 0x00, 0x00, 0x00, 0x00, 
			0x00, 0x00, 0x00, 0x00, 0x00, 0x00, 0x00, 0x00, 0x00, 0x00, 0x00, 0x00, 0x00, 0x00, 0x00, 0x00, 
			0x00, 0x00, 0x00, 0x00, 0x00, 0x00, 0x00, 0x00, 0x00, 0x00, 0x00, 0x00, 0x00, 0x00, 0x00, 0x00, 
			0x00, 0x00, 0x00, 0x00, 0x00, 0x00, 0x00, 0x00, 0x00, 0x00, 0x00, 0x00, 0x00, 0x00, 0x00, 0x00, 
			0x00, 0x00, 0x00, 0x00, 0x00, 0x00, 0x00, 0x00, 0x00, 0x00, 0x00, 0x00, 0x00, 0x00, 0x00, 0x00, 
			0x00, 0x00, 0x00, 0x00, 0x00, 0x00, 0x00, 0x00, 0x00, 0x00, 0x00, 0x00, 0x00, 0x00, 0x00, 0x00, 
			0x00, 0x00, 0x00, 0x00, 0x00, 0x00, 0x00, 0x00, 0x00, 0x00, 0x00, 0x00, 0x00, 0x00, 0x00, 0x00, 
			0x00, 0x00, 0x00, 0x00, 0x00, 0x00, 0x00, 0x00, 0x00, 0x00, 0x00, 0x00, 0x00, 0x00, 0x00, 0x00, 
			0x00, 0x00, 0x00, 0x00, 0x00, 0x00, 0x00, 0x00, 0x00, 0x00, 0x00, 0x00, 0x00, 0x00, 0x00, 0x00, 
			0x00, 0x00, 0x00, 0x00, 0x00, 0x00, 0x00, 0x00, 0x00, 0x00, 0x00, 0x00, 0x00, 0x00, 0x00, 0x00, 
			0x00, 0x00, 0x00, 0x00, 0x00, 0x00, 0x00, 0x00, 0x00, 0x00, 0x00, 0x00, 0x00, 0x00, 0x00, 0x00, 
			0x00, 0x00, 0x00, 0x00, 0x00, 0x00, 0x00, 0x00, 0x00, 0x00, 0x00, 0x00, 0x00, 0x00, 0x00, 0x00, 
			0x00, 0x00, 0x00, 0x00, 0x00, 0x00, 0x00, 0x00, 0x00, 0x00, 0x00, 0x00, 0x00, 0x00, 0x00, 0x00, 
			0x00, 0x00, 0x00, 0x00, 0x00, 0x00, 0x00, 0x00, 0x00, 0x00, 0x00, 0x00, 0x00, 0x00, 0x00, 0x00, 
			0x00, 0x00, 0x00, 0x00, 0x00, 0x00, 0x00, 0x00, 0x00, 0x00, 0x00, 0x00, 0x00, 0x00, 0x00, 0x00, 
			0x00, 0x00, 0x00, 0x00, 0x00, 0x00, 0x00, 0x00, 0x00, 0x00, 0x00, 0x00, 0x00, 0x00, 0x00, 0x00, 
			0x00, 0x00, 0x00, 0x00, 0x00, 0x00, 0x00, 0x00, 0x00, 0x00, 0x00, 0x00, 0x00, 0x00, 0x00, 0x00, 
			0x00, 0x00, 0x00, 0x00, 0x00, 0x00, 0x00, 0x00, 0x00, 0x00, 0x00, 0x00, 0x00, 0x00, 0x00, 0x00, 
			0x00, 0x00, 0x00, 0x00, 0x00, 0x00, 0x00, 0x00, 0x00, 0x00, 0x00, 0x00, 0x00, 0x00, 0x00, 0x00, 
			0x00, 0x00, 0x00, 0x00, 0x00, 0x00, 0x00, 0x00, 0x00, 0x00, 0x00, 0x00, 0x00, 0x00, 0x00, 0x00, 
			0x00, 0x00, 0x00, 0x00, 0x00, 0x00, 0x00, 0x00, 0x00, 0x00, 0x00, 0x00, 0x00, 0x00, 0x00, 0x00, 
			0x00, 0x00, 0x00, 0x00, 0x00, 0x00, 0x00, 0x00, 0x00, 0x00, 0x00, 0x00, 0x00, 0x00, 0x00, 0x00, 
			0x00, 0x00, 0x00, 0x00, 0x00, 0x00, 0x00, 0x00, 0x00, 0x00, 0x00, 0x00, 0x00, 0x00, 0x00, 0x00, 
			0x00, 0x00, 0x00, 0x00, 0x00, 0x00, 0x00, 0x00, 0x00, 0x00, 0x00, 0x00, 0x00, 0x00, 0x00, 0x00, 
			0x00, 0x00, 0x00, 0x00, 0x00, 0x00, 0x00, 0x00, 0x00, 0x00, 0x00, 0x00, 0x00, 0x00, 0x00, 0x00, 
			0x00, 0x00, 0x00, 0x00, 0x00, 0x00, 0x00, 0x00, 0x00, 0x00, 0x00, 0x00, 0x00, 0x00, 0x00, 0x00, 
			0x00, 0x00, 0x00, 0x00, 0x00, 0x00, 0x00, 0x00, 0x00, 0x00, 0x00, 0x00, 0x00, 0x00, 0x00, 0x00, 
			0x00, 0x00, 0x00, 0x00, 0x00, 0x00, 0x00, 0x00, 0x00, 0x00, 0x00, 0x00, 0x00, 0x00, 0x00, 0x00, 
			0x00, 0x00, 0x00, 0x00, 0x00, 0x00, 0x00, 0x00, 0x00, 0x00, 0x00, 0x00, 0x00, 0x00, 0x00, 0x00, 
			0x00, 0x00, 0x00, 0x00, 0x00, 0x00, 0x00, 0x00, 0x00, 0x00, 0x00, 0x00, 0x00, 0x00, 0x00, 0x00, 
			0x00, 0x00, 0x00, 0x00, 0x00, 0x00, 0x00, 0x00, 0x00, 0x00, 0x00, 0x00, 0x00, 0x00, 0x00, 0x00, 
			0x00, 0x00, 0x00, 0x00, 0x00, 0x00, 0x00, 0x00, 0x00, 0x00, 0x00, 0x00, 0x00, 0x00, 0x00, 0x00, 
			0x00, 0x00, 0x00, 0x00, 0x00, 0x00, 0x00, 0x00, 0x00, 0x00, 0x00, 0x00, 0x00, 0x00, 0x00, 0x00, 
			0x00, 0x00, 0x00, 0x00, 0x00, 0x00, 0x00, 0x00, 0x00, 0x00, 0x00, 0x00, 0x00, 0x00, 0x00, 0x00, 
			0x00, 0x00, 0x00, 0x00, 0x00, 0x00, 0x00, 0x00, 0x00, 0x00, 0x00, 0x00, 0x00, 0x00, 0x00, 0x00, 
			0x00, 0x00, 0x00, 0x00, 0x00, 0x00, 0x00, 0x00, 0x00, 0x00, 0x00, 0x00, 0x00, 0x00, 0x00, 0x00, 
			0x00, 0x00, 0x00, 0x00, 0x00, 0x00, 0x00, 0x00, 0x00, 0x00, 0x00, 0x00, 0x00, 0x00, 0x00, 0x00, 
			0x00, 0x00, 0x00, 0x00, 0x00, 0x00, 0x00, 0x00, 0x00, 0x00, 0x00, 0x00, 0x00, 0x00, 0x00, 0x00, 
			0x00, 0x00, 0x00, 0x00, 0x00, 0x00, 0x00, 0x00, 0x00, 0x00, 0x00, 0x00, 0x00, 0x00, 0x00, 0x00, 
			0x00, 0x00, 0x00, 0x00, 0x00, 0x00, 0x00, 0x00, 0x00, 0x00, 0x00, 0x00, 0x00, 0x00, 0x00, 0x00, 
			0x00, 0x00, 0x00, 0x00, 0x00, 0x00, 0x00, 0x00, 0x00, 0x00, 0x00, 0x00, 0x00, 0x00, 0x00, 0x00, 
			0x00, 0x00, 0x00, 0x00, 0x00, 0x00, 0x00, 0x00, 0x00, 0x00, 0x00, 0x00, 0x00, 0x00, 0x00, 0x00, 
			0x00, 0x00, 0x00, 0x00, 0x00, 0x00, 0x00, 0x00, 0x00, 0x00, 0x00, 0x00, 0x00, 0x00, 0x00, 0x00, 
			0x00, 0x00, 0x00, 0x00, 0x00, 0x00, 0x00, 0x00, 0x00, 0x00, 0x00, 0x00, 0x00, 0x00, 0x00, 0x00, 
			0x00, 0x00, 0x00, 0x00, 0x00, 0x00, 0x00, 0x00, 0x00, 0x00, 0x00, 0x00, 0x00, 0x00, 0x00, 0x00, 
			0x00, 0x00, 0x00, 0x00, 0x00, 0x00, 0x00, 0x00, 0x00, 0x00, 0x00, 0x00, 0x00, 0x00, 0x00, 0x00, 
			0x00, 0x00, 0x00, 0x00, 0x00, 0x00, 0x00, 0x00, 0x00, 0x00, 0x00, 0x00, 0x00, 0x00, 0x00, 0x00, 
			0x00, 0x00, 0x00, 0x00, 0x00, 0x00, 0x00, 0x00, 0x00, 0x00, 0x00, 0x00, 0x00, 0x00, 0x00, 0x00, 
			0x00, 0x00, 0x00, 0x00, 0x00, 0x00, 0x00, 0x00, 0x00, 0x00, 0x00, 0x00, 0x00, 0x00, 0x00, 0x00, 
			0x00, 0x00, 0x00, 0x00, 0x00, 0x00, 0x00, 0x00, 0x00, 0x00, 0x00, 0x00, 0x00, 0x00, 0x00, 0x00, 
			0x00, 0x00, 0x00, 0x00, 0x00, 0x00, 0x00, 0x00, 0x00, 0x00, 0x00, 0x00, 0x00, 0x00, 0x00, 0x00, 
			0x00, 0x00, 0x00, 0x00, 0x00, 0x00, 0x00, 0x00, 0x00, 0x00, 0x00, 0x00, 0x00, 0x00, 0x00, 0x00, 
			0x00, 0x00, 0x00, 0x00, 0x00, 0x00, 0x00, 0x00, 0x00, 0x00, 0x00, 0x00, 0x00, 0x00, 0x00, 0x00, 
			0x00, 0x00, 0x00, 0x00, 0x00, 0x00, 0x00, 0x00, 0x00, 0x00, 0x00, 0x00, 0x00, 0x00, 0x00, 0x00, 
			0x00, 0x00, 0x00, 0x00, 0x00, 0x00, 0x00, 0x00, 0x00, 0x00, 0x00, 0x00, 0x00, 0x00, 0x00, 0x00, 
			0x00, 0x00, 0x00, 0x00, 0x00, 0x00, 0x00, 0x00, 0x00, 0x00, 0x00, 0x00, 0x00, 0x00, 0x00, 0x00, 
			0x00, 0x00, 0x00, 0x00, 0x00, 0x00, 0x00, 0x00, 0x00, 0x00, 0x00, 0x00, 0x00, 0x00, 0x00, 0x00, 
			0x00, 0x00, 0x00, 0x00, 0x00, 0x00, 0x00, 0x00, 0x00, 0x00, 0x00, 0x00, 0x00, 0x00, 0x00, 0x00, 
			0x00, 0x00, 0x00, 0x00, 0x00, 0x00, 0x00, 0x00, 0x00, 0x00, 0x00, 0x00, 0x00, 0x00, 0x00, 0x00, 
			0x00, 0x00, 0x00, 0x00, 0x00, 0x00, 0x00, 0x00, 0x00, 0x00, 0x00, 0x00, 0x00, 0x00, 0x00, 0x00, 
			0x00, 0x00, 0x00, 0x00, 0x00, 0x00, 0x00, 0x00, 0x00, 0x00, 0x00, 0x00, 0x00, 0x00, 0x00, 0x00, 
			0x00, 0x00, 0x00, 0x00, 0x00, 0x00, 0x00, 0x00, 0x00, 0x00, 0x00, 0x00, 0x00, 0x00, 0x00, 0x00, 
			0x00, 0x00, 0x00, 0x00, 0x00, 0x00, 0x00, 0x00, 0x00, 0x00, 0x00, 0x00, 0x00, 0x00, 0x00, 0x00, 
			0x00, 0x00, 0x00, 0x00, 0x00, 0x00, 0x00, 0x00, 0x00, 0x00, 0x00, 0x00, 0x00, 0x00, 0x00, 0x00, 
			0x00, 0x00, 0x00, 0x00, 0x00, 0x00, 0x00, 0x00, 0x00, 0x00, 0x00, 0x00, 0x00, 0x00, 0x00, 0x00, 
			0x00, 0x00, 0x00, 0x00, 0x00, 0x00, 0x00, 0x00, 0x00, 0x00, 0x00, 0x00, 0x00, 0x00, 0x00, 0x00, 
			0x00, 0x00, 0x00, 0x00, 0x00, 0x00, 0x00, 0x00, 0x00, 0x00, 0x00, 0x00, 0x00, 0x00, 0x00, 0x00, 
			0x00, 0x00, 0x00, 0x00, 0x00, 0x00, 0x00, 0x00, 0x00, 0x00, 0x00, 0x00, 0x00, 0x00, 0x00, 0x00, 
			0x00, 0x00, 0x00, 0x00, 0x00, 0x00, 0x00, 0x00, 0x00, 0x00, 0x00, 0x00, 0x00, 0x00, 0x00, 0x00, 
			0x00, 0x00, 0x00, 0x00, 0x00, 0x00, 0x00, 0x00, 0x00, 0x00, 0x00, 0x00, 0x00, 0x00, 0x00, 0x00, 
			0x00, 0x00, 0x00, 0x00, 0x00, 0x00, 0x00, 0x00, 0x00, 0x00, 0x00, 0x00, 0x00, 0x00, 0x00, 0x00, 
			0x00, 0x00, 0x00, 0x00, 0x00, 0x00, 0x00, 0x00, 0x00, 0x00, 0x00, 0x00, 0x00, 0x00, 0x00, 0x00, 
			0x00, 0x00, 0x00, 0x00, 0x00, 0x00, 0x00, 0x00, 0x00, 0x00, 0x00, 0x00, 0x00, 0x00, 0x00, 0x00, 
			0x00, 0x00, 0x00, 0x00, 0x00, 0x00, 0x00, 0x00, 0x00, 0x00, 0x00, 0x00, 0x00, 0x00, 0x00, 0x00, 
			0x00, 0x00, 0x00, 0x00, 0x00, 0x00, 0x00, 0x00, 0x00, 0x00, 0x00, 0x00, 0x00, 0x00, 0x00, 0x00, 
			0x00, 0x00, 0x00, 0x00, 0x00, 0x00, 0x00, 0x00, 0x00, 0x00, 0x00, 0x00, 0x00, 0x00, 0x00, 0x00, 
			0x00, 0x00, 0x00, 0x00, 0x00, 0x00, 0x00, 0x00, 0x00, 0x00, 0x00, 0x00, 0x00, 0x00, 0x00, 0x00, 
			0x00, 0x00, 0x00, 0x00, 0x00, 0x00, 0x00, 0x00, 0x00, 0x00, 0x00, 0x00, 0x00, 0x00, 0x00, 0x00, 
			0x00, 0x00, 0x00, 0x00, 0x00, 0x00, 0x00, 0x00, 0x00, 0x00, 0x00, 0x00, 0x00, 0x00, 0x00, 0x00, 
			0x00, 0x00, 0x00, 0x00, 0x00, 0x00, 0x00, 0x00, 0x00, 0x00, 0x00, 0x00, 0x00, 0x00, 0x00, 0x00, 
			0x00, 0x00, 0x00, 0x00, 0x00, 0x00, 0x00, 0x00, 0x00, 0x00, 0x00, 0x00, 0x00, 0x00, 0x00, 0x00, 
			0x00, 0x00, 0x00, 0x00, 0x00, 0x00, 0x00, 0x00, 0x00, 0x00, 0x00, 0x00, 0x00, 0x00, 0x00, 0x00, 
			0x00, 0x00, 0x00, 0x00, 0x00, 0x00, 0x00, 0x00, 0x00, 0x00, 0x00, 0x00, 0x00, 0x00, 0x00, 0x00, 
			0x00, 0x00, 0x00, 0x00, 0x00, 0x00, 0x00, 0x00, 0x00, 0x00, 0x00, 0x00, 0x00, 0x00, 0x00, 0x00, 
			0x00, 0x00, 0x00, 0x00, 0x00, 0x00, 0x00, 0x00, 0x00, 0x00, 0x00, 0x00, 0x00, 0x00, 0x00, 0x00, 
			0x00, 0x00, 0x00, 0x00, 0x00, 0x00, 0x00, 0x00, 0x00, 0x00, 0x00, 0x00, 0x00, 0x00, 0x00, 0x00, 
			0x00, 0x00, 0x00, 0x00, 0x00, 0x00, 0x00, 0x00, 0x00, 0x00, 0x00, 0x00, 0x00, 0x00, 0x00, 0x00, 
			0x00, 0x00, 0x00, 0x00, 0x00, 0x00, 0x00, 0x00, 0x00, 0x00, 0x00, 0x00, 0x00, 0x00, 0x00, 0x00, 
			0x00, 0x00, 0x00, 0x00, 0x00, 0x00, 0x00, 0x00, 0x00, 0x00, 0x00, 0x00, 0x00, 0x00, 0x00, 0x00, 
			0x00, 0x00, 0x00, 0x00, 0x00, 0x00, 0x00, 0x00, 0x00, 0x00, 0x00, 0x00, 0x00, 0x00, 0x00, 0x00, 
			0x00, 0x00, 0x00, 0x00, 0x00, 0x00, 0x00, 0x00, 0x00, 0x00, 0x00, 0x00, 0x00, 0x00, 0x00, 0x00, 
			0x00, 0x00, 0x00, 0x00, 0x00, 0x00, 0x00, 0x00, 0x00, 0x00, 0x00, 0x00, 0x00, 0x00, 0x00, 0x00, 
			0x00, 0x00, 0x00, 0x00, 0x00, 0x00, 0x00, 0x00, 0x00, 0x00, 0x00, 0x00, 0x00, 0x00, 0x00, 0x00, 
			0x00, 0x00, 0x00, 0x00, 0x00, 0x00, 0x00, 0x00, 0x00, 0x00, 0x00, 0x00, 0x00, 0x00, 0x00, 0x00, 
			0x00, 0x00, 0x00, 0x00, 0x00, 0x00, 0x00, 0x00, 0x00, 0x00, 0x00, 0x00, 0x00, 0x00, 0x00, 0x00, 
			0x00, 0x00, 0x00, 0x00, 0x00, 0x00, 0x00, 0x00, 0x00, 0x00, 0x00, 0x00, 0x00, 0x00, 0x00, 0x00, 
			0x00, 0x00, 0x00, 0x00, 0x00, 0x00, 0x00, 0x00, 0x00, 0x00, 0x00, 0x00, 0x00, 0x00, 0x00, 0x00, 
			0x00, 0x00, 0x00, 0x00, 0x00, 0x00, 0x00, 0x00, 0x00, 0x00, 0x00, 0x00, 0x00, 0x00, 0x00, 0x00, 
			0x00, 0x00, 0x00, 0x00, 0x00, 0x00, 0x00, 0x00, 0x00, 0x00, 0x00, 0x00, 0x00, 0x00, 0x00, 0x00, 
			0x00, 0x00, 0x00, 0x00, 0x00, 0x00, 0x00, 0x00, 0x00, 0x00, 0x00, 0x00, 0x00, 0x00, 0x00, 0x00, 
			0x00, 0x00, 0x00, 0x00, 0x00, 0x00, 0x00, 0x00, 0x00, 0x00, 0x00, 0x00, 0x00, 0x00, 0x00, 0x00, 
			0x00, 0x00, 0x00, 0x00, 0x00, 0x00, 0x00, 0x00, 0x00, 0x00, 0x00, 0x00, 0x00, 0x00, 0x00, 0x00, 
			0x00, 0x00, 0x00, 0x00, 0x00, 0x00, 0x00, 0x00, 0x00, 0x00, 0x00, 0x00, 0x00, 0x00, 0x00, 0x00, 
			0x00, 0x00, 0x00, 0x00, 0x00, 0x00, 0x00, 0x00, 0x00, 0x00, 0x00, 0x00, 0x00, 0x00, 0x00, 0x00, 
			0x00, 0x00, 0x00, 0x00, 0x00, 0x00, 0x00, 0x00, 0x00, 0x00, 0x00, 0x00, 0x00, 0x00, 0x00, 0x00, 
			0x00, 0x00, 0x00, 0x00, 0x00, 0x00, 0x00, 0x00, 0x00, 0x00, 0x00, 0x00, 0x00, 0x00, 0x00, 0x00, 
			0x00, 0x00, 0x00, 0x00, 0x00, 0x00, 0x00, 0x00, 0x00, 0x00, 0x00, 0x00, 0x00, 0x00, 0x00, 0x00, 
			0x00, 0x00, 0x00, 0x00, 0x00, 0x00, 0x00, 0x00, 0x00, 0x00, 0x00, 0x00, 0x00, 0x00, 0x00, 0x00, 
			0x00, 0x00, 0x00, 0x00, 0x00, 0x00, 0x00, 0x00, 0x00, 0x00, 0x00, 0x00, 0x00, 0x00, 0x00, 0x00, 
			0x00, 0x00, 0x00, 0x00, 0x00, 0x00, 0x00, 0x00, 0x00, 0x00, 0x00, 0x00, 0x00, 0x00, 0x00, 0x00, 
			0x00, 0x00, 0x00, 0x00, 0x00, 0x00, 0x00, 0x00, 0x00, 0x00, 0x00, 0x00, 0x00, 0x00, 0x00, 0x00, 
			0x00, 0x00, 0x00, 0x00, 0x00, 0x00, 0x00, 0x00, 0x00, 0x00, 0x00, 0x00, 0x00, 0x00, 0x00, 0x00, 
			0x00, 0x00, 0x00, 0x00, 0x00, 0x00, 0x00, 0x00, 0x00, 0x00, 0x00, 0x00, 0x00, 0x00, 0x00, 0x00, 
			0x00, 0x00, 0x00, 0x00, 0x00, 0x00, 0x00, 0x00, 0x00, 0x00, 0x00, 0x00, 0x00, 0x00, 0x00, 0x00, 
			0x00, 0x00, 0x00, 0x00, 0x00, 0x00, 0x00, 0x00, 0x00, 0x00, 0x00, 0x00, 0x00, 0x00, 0x00, 0x00, 
			0x00, 0x00, 0x00, 0x00, 0x00, 0x00, 0x00, 0x00, 0x00, 0x00, 0x00, 0x00, 0x00, 0x00, 0x00, 0x00, 
			0x00, 0x00, 0x00, 0x00, 0x00, 0x00, 0x00, 0x00, 0x00, 0x00, 0x00, 0x00, 0x00, 0x00, 0x00, 0x00, 
			0x00, 0x00, 0x00, 0x00, 0x00, 0x00, 0x00, 0x00, 0x00, 0x00, 0x00, 0x00, 0x00, 0x00, 0x00, 0x00, 
			0x00, 0x00, 0x00, 0x00, 0x00, 0x00, 0x00, 0x00, 0x00, 0x00, 0x00, 0x00, 0x00, 0x00, 0x00, 0x00, 
			0x00, 0x00, 0x00, 0x00, 0x00, 0x00, 0x00, 0x00, 0x00, 0x00, 0x00, 0x00, 0x00, 0x00, 0x00, 0x00, 
			0x00, 0x00, 0x00, 0x00, 0x00, 0x00, 0x00, 0x00, 0x00, 0x00, 0x00, 0x00, 0x00, 0x00, 0x00, 0x00, 
			0x00, 0x00, 0x00, 0x00, 0x00, 0x00, 0x00, 0x00, 0x00, 0x00, 0x00, 0x00, 0x00, 0x00, 0x00, 0x00, 
			0x00, 0x00, 0x00, 0x00, 0x00, 0x00, 0x00, 0x00, 0x00, 0x00, 0x00, 0x00, 0x00, 0x00, 0x00, 0x00, 
			0x00, 0x00, 0x00, 0x00, 0x00, 0x00, 0x00, 0x00, 0x00, 0x00, 0x00, 0x00, 0x00, 0x00, 0x00, 0x00, 
			0x00, 0x00, 0x00, 0x00, 0x00, 0x00, 0x00, 0x00, 0x00, 0x00, 0x00, 0x00, 0x00, 0x00, 0x00, 0x00, 
			0x00, 0x00, 0x00, 0x00, 0x00, 0x00, 0x00, 0x00, 0x00, 0x00, 0x00, 0x00, 0x00, 0x00, 0x00, 0x00, 
			0x00, 0x00, 0x00, 0x00, 0x00, 0x00, 0x00, 0x00, 0x00, 0x00, 0x00, 0x00, 0x00, 0x00, 0x00, 0x00, 
			0x00, 0x00, 0x00, 0x00, 0x00, 0x00, 0x00, 0x00, 0x00, 0x00, 0x00, 0x00, 0x00, 0x00, 0x00, 0x00, 
			0x00, 0x00, 0x00, 0x00, 0x00, 0x00, 0x00, 0x00, 0x00, 0x00, 0x00, 0x00, 0x00, 0x00, 0x00, 0x00, 
			0x00, 0x00, 0x00, 0x00, 0x00, 0x00, 0x00, 0x00, 0x00, 0x00, 0x00, 0x00, 0x00, 0x00, 0x00, 0x00, 
			0x00, 0x00, 0x00, 0x00, 0x00, 0x00, 0x00, 0x00, 0x00, 0x00, 0x00, 0x00, 0x00, 0x00, 0x00, 0x00, 
			0x00, 0x00, 0x00, 0x00, 0x00, 0x00, 0x00, 0x00, 0x00, 0x00, 0x00, 0x00, 0x00, 0x00, 0x00, 0x00, 
			0x00, 0x00, 0x00, 0x00, 0x00, 0x00, 0x00, 0x00, 0x00, 0x00, 0x00, 0x00, 0x00, 0x00, 0x00, 0x00, 
			0x00, 0x00, 0x00, 0x00, 0x00, 0x00, 0x00, 0x00, 0x00, 0x00, 0x00, 0x00, 0x00, 0x00, 0x00, 0x00, 
			0x00, 0x00, 0x00, 0x00, 0x00, 0x00, 0x00, 0x00, 0x00, 0x00, 0x00, 0x00, 0x00, 0x00, 0x00, 0x00, 
			0x00, 0x00, 0x00, 0x00, 0x00, 0x00, 0x00, 0x00, 0x00, 0x00, 0x00, 0x00, 0x00, 0x00, 0x00, 0x00, 
			0x00, 0x00, 0x00, 0x00, 0x00, 0x00, 0x00, 0x00, 0x00, 0x00, 0x00, 0x00, 0x00, 0x00, 0x00, 0x00, 
			0x00, 0x00, 0x00, 0x00, 0x00, 0x00, 0x00, 0x00, 0x00, 0x00, 0x00, 0x00, 0x00, 0x00, 0x00, 0x00, 
			0x00, 0x00, 0x00, 0x00, 0x00, 0x00, 0x00, 0x00, 0x00, 0x00, 0x00, 0x00, 0x00, 0x00, 0x00, 0x00, 
			0x00, 0x00, 0x00, 0x00, 0x00, 0x00, 0x00, 0x00, 0x00, 0x00, 0x00, 0x00, 0x00, 0x00, 0x00, 0x00, 
			0x00, 0x00, 0x00, 0x00, 0x00, 0x00, 0x00, 0x00, 0x00, 0x00, 0x00, 0x00, 0x00, 0x00, 0x00, 0x00, 
			0x00, 0x00, 0x00, 0x00, 0x00, 0x00, 0x00, 0x00, 0x00, 0x00, 0x00, 0x00, 0x00, 0x00, 0x00, 0x00, 
			0x00, 0x00, 0x00, 0x00, 0x00, 0x00, 0x00, 0x00, 0x00, 0x00, 0x00, 0x00, 0x00, 0x00, 0x00, 0x00, 
			0x00, 0x00, 0x00, 0x00, 0x00, 0x00, 0x00, 0x00, 0x00, 0x00, 0x00, 0x00, 0x00, 0x00, 0x00, 0x00, 
			0x00, 0x00, 0x00, 0x00, 0x00, 0x00, 0x00, 0x00, 0x00, 0x00, 0x00, 0x00, 0x00, 0x00, 0x00, 0x00, 
			0x00, 0x00, 0x00, 0x00, 0x00, 0x00, 0x00, 0x00, 0x00, 0x00, 0x00, 0x00, 0x00, 0x00, 0x00, 0x00, 
			0x00, 0x00, 0x00, 0x00, 0x00, 0x00, 0x00, 0x00, 0x00, 0x00, 0x00, 0x00, 0x00, 0x00, 0x00, 0x00, 
			0x00, 0x00, 0x00, 0x00, 0x00, 0x00, 0x00, 0x00, 0x00, 0x00, 0x00, 0x00, 0x00, 0x00, 0x00, 0x00, 
			0x00, 0x00, 0x00, 0x00, 0x00, 0x00, 0x00, 0x00, 0x00, 0x00, 0x00, 0x00, 0x00, 0x00, 0x00, 0x00, 
			0x00, 0x00, 0x00, 0x00, 0x00, 0x00, 0x00, 0x00, 0x00, 0x00, 0x00, 0x00, 0x00, 0x00, 0x00, 0x00, 
			0x00, 0x00, 0x00, 0x00, 0x00, 0x00, 0x00, 0x00, 0x00, 0x00, 0x00, 0x00, 0x00, 0x00, 0x00, 0x00, 
			0x00, 0x00, 0x00, 0x00, 0x00, 0x00, 0x00, 0x00, 0x00, 0x00, 0x00, 0x00, 0x00, 0x00, 0x00, 0x00, 
			0x00, 0x00, 0x00, 0x00, 0x00, 0x00, 0x00, 0x00, 0x00, 0x00, 0x00, 0x00, 0x00, 0x00, 0x00, 0x00, 
			0x00, 0x00, 0x00, 0x00, 0x00, 0x00, 0x00, 0x00, 0x00, 0x00, 0x00, 0x00, 0x00, 0x00, 0x00, 0x00, 
			0x00, 0x00, 0x00, 0x00, 0x00, 0x00, 0x00, 0x00, 0x00, 0x00, 0x00, 0x00, 0x00, 0x00, 0x00, 0x00, 
			0x00, 0x00, 0x00, 0x00, 0x00, 0x00, 0x00, 0x00, 0x00, 0x00, 0x00, 0x00, 0x00, 0x00, 0x00, 0x00, 
			0x00, 0x80, 0xfe, 0x3f, 0x20, 0x00, 0x04, 0x00, 0xa4, 0x07, 0xfe, 0x3f, 0xb4, 0x07, 0xfe, 0x3f, 
			0xc8, 0x07, 0xfe, 0x3f, 0xc0, 0x07, 0xfe, 0x3f, 0xc4, 0x07, 0xfe, 0x3f, 0x00, 0x05, 0x00, 0x40, 
			0x04, 0xd5, 0x00, 0x40, 0xa4, 0x0e, 0xfe, 0x3f, 0xcc, 0x07, 0xfe, 0x3f, 0x00, 0x00, 0xa0, 0x19, 
			0x00, 0x77, 0x01, 0x00, 0x00, 0x52, 0x04, 0xf0, 0x12, 0x06, 0x19, 0x20, 0x70, 0x17, 0x00, 0x00, 
			0xc0, 0x5d, 0x00, 0x00, 0x00, 0xcf, 0x99, 0x00, 0x00, 0x00, 0x00, 0x80, 0xff, 0x76, 0x01, 0x00, 
			0x00, 0xfe, 0x03, 0xf0, 0x00, 0x02, 0x04, 0xf0, 0xff, 0xff, 0xff, 0x7f, 0x00, 0x3e, 0x04, 0xf0, 
			0xff, 0xff, 0xff, 0xef, 0xff, 0x7f, 0xff, 0xff, 0x00, 0x80, 0x00, 0x00, 0x00, 0x00, 0xc0, 0x3f, 
			0x00, 0x00, 0xe0, 0x3f, 0x00, 0x4e, 0x04, 0xf0, 0x00, 0x40, 0x6f, 0x40, 0x00, 0x00, 0x10, 0x40, 
			0x00, 0x00, 0xa0, 0x3f, 0x00, 0x00, 0xe8, 0x3f, 0x00, 0x00, 0xec, 0x3f, 0x00, 0x40, 0x8f, 0x40, 
			0x00, 0x00, 0xb0, 0x3f, 0x00, 0x00, 0xd0, 0x3f, 0x55, 0x55, 0xe5, 0x3f, 0x55, 0x55, 0x55, 0x55, 
			0xaa, 0xaa, 0xea, 0x3f, 0xab, 0xaa, 0xaa, 0xaa, 0x00, 0x00, 0xf0, 0x3f, 0x7d, 0x7d, 0xed, 0x3f, 
			0x7d, 0x7d, 0x7d, 0x7d, 0x00, 0x88, 0xb3, 0x40, 0x00, 0x1e, 0x04, 0xf0, 0x00, 0x00, 0xc0, 0x41, 
			0x00, 0x00, 0xff, 0xfe, 0x00, 0xc0, 0x5a, 0x40, 0x00, 0x00, 0x59, 0x40, 0xff, 0xff, 0x00, 0x00, 
			0xc8, 0xaf, 0x00, 0x00, 0x00, 0x00, 0x00, 0x01, 0xff, 0xff, 0xff, 0x3f, 0x00, 0x00, 0x00, 0xc0, 
			0x00, 0x22, 0x04, 0xf0, 0x00, 0x88, 0xbd, 0x40, 0xe6, 0xaf, 0x1f, 0x01, 0xb7, 0xd9, 0xce, 0xc0, 
			0x00, 0xd7, 0xb9, 0x40, 0x00, 0x80, 0xe3, 0x3f, 0x00, 0x26, 0xb6, 0x40, 0x9b, 0xb5, 0xe9, 0x3f, 
			0x5a, 0x9b, 0xb5, 0x59, 0x9b, 0xb5, 0xd9, 0x3f, 0x00, 0x88, 0xad, 0x40, 0x00, 0x40, 0xad, 0x40, 
			0x00, 0x00, 0x40, 0x40, 0x3d, 0x04, 0x9e, 0x01, 0x00, 0x46, 0x04, 0xf0, 0x00, 0x2e, 0x04, 0xf0, 
			0x34, 0x48, 0xe3, 0x3f, 0x83, 0x34, 0x48, 0x83, 0x00, 0xa0, 0xe7, 0x3f, 0x00, 0x80, 0x67, 0x40, 
			0x00, 0x00, 0x20, 0x40, 0x00, 0x00, 0xb0, 0x40, 0x40, 0x30, 0x00, 0x00, 0x10, 0x33, 0x00, 0x00, 
			0x70, 0xc9, 0x00, 0x00, 0x00, 0xd2, 0x00, 0x00, 0x28, 0x1b, 0x00, 0x00, 0x80, 0x7d, 0x00, 0x00, 
			0x00, 0x25, 0x00, 0x00, 0xd0, 0x96, 0x00, 0x00, 0x38, 0x29, 0x00, 0x00, 0xd0, 0xa7, 0x00, 0x00, 
			0x70, 0x2d, 0x00, 0x00, 0xc8, 0xbc, 0x00, 0x00, 0x00, 0x05, 0xc5, 0x40, 0x00, 0x74, 0xb7, 0x01, 
			0xf0, 0xfb, 0xbe, 0xef, 0xfb, 0xbe, 0xbf, 0x40, 0x00, 0x8a, 0x66, 0x00, 0x00, 0xb3, 0xf1, 0x00, 
			0x00, 0x0d, 0xe3, 0x00, 0x00, 0x1b, 0xb7, 0x00, 0x00, 0x1f, 0x00, 0x00, 0xff, 0xe0, 0xff, 0xff, 
			0x00, 0x60, 0xea, 0x00, 0xb7, 0x6d, 0xdb, 0xb6, 0x6d, 0xdb, 0xc1, 0x40, 0xff, 0xff, 0xff, 0x00, 
			0x00, 0x40, 0xbf, 0x40, 0x6d, 0xdb, 0x0b, 0x01, 0x00, 0x80, 0x38, 0x01, 0x92, 0x24, 0x49, 0x92, 
			0x24, 0xc9, 0xba, 0x40, 0x00, 0xac, 0x07, 0x01, 0x00, 0x67, 0xd4, 0x00, 0x49, 0x52, 0xb6, 0x40, 
			0x25, 0x49, 0x92, 0x24, 0x00, 0x00, 0x77, 0x01, 0x00, 0x9e, 0x33, 0x01, 0xff, 0xff, 0xfe, 0xff, 
			0x00, 0xff, 0x00, 0x00, 0xff, 0xef, 0xff, 0xff, 0x31, 0x23, 0x00, 0x40, 0x00, 0x00, 0x10, 0x00, 
			0xff, 0xff, 0xbf, 0xff, 0x00, 0x00, 0x00, 0xff, 0xff, 0xff, 0xff, 0xf3, 0xff, 0x00, 0xff, 0xff, 
			0xff, 0xff, 0xef, 0xff, 0x00, 0x06, 0x04, 0xf0, 0x00, 0x42, 0x04, 0xf0, 0x00, 0x00, 0x00, 0xa0, 
			0xb4, 0x2b, 0x00, 0x40, 0x01, 0x00, 0x00, 0x80, 0x00, 0xf2, 0x2b, 0x00, 0x00, 0x50, 0x00, 0x00, 
			0x1f, 0x1f, 0x1f, 0x00, 0x00, 0x40, 0x00, 0xc0, 0xff, 0xe0, 0x00, 0x00, 0x00, 0x04, 0x00, 0x40, 
			0x00, 0x00, 0x00, 0x08, 0x10, 0x10, 0x04, 0x00, 0xd2, 0x97, 0xf0, 0xf0, 0x00, 0x00, 0x79, 0x70, 
			0xff, 0xff, 0xff, 0xf8, 0x00, 0x20, 0x00, 0x00, 0xff, 0xff, 0x7f, 0xfc, 0x00, 0x00, 0x80, 0x01, 
			0x00, 0x00, 0x00, 0x20, 0x00, 0x00, 0xff, 0xb8, 0x00, 0x00, 0xcf, 0xff, 0xff, 0xff, 0xcf, 0xff, 
			0x00, 0x00, 0x00, 0x10, 0x00, 0x08, 0x40, 0x2f, 0xa0, 0x17, 0x00, 0x43, 0x00, 0x60, 0x00, 0x60, 
			0x03, 0x51, 0x20, 0x00, 0x7f, 0xd1, 0x00, 0x00, 0x00, 0x08, 0x00, 0x70, 0xfb, 0xff, 0xff, 0x78, 
			0xff, 0xff, 0xff, 0x1f, 0x00, 0x00, 0x00, 0x60, 0xff, 0xd0, 0xff, 0xff, 0x00, 0x00, 0xe0, 0xff, 
			0x11, 0x57, 0x07, 0x00, 0xff, 0xff, 0xff, 0xfd, 0xff, 0xfc, 0xff, 0x8f, 0xff, 0xff, 0x88, 0x7f, 
			0x00, 0x00, 0x23, 0x00, 0x00, 0x00, 0x00, 0xdf, 0x00, 0x00, 0xff, 0xcf, 0x08, 0x04, 0x00, 0x10, 
			0xff, 0xff, 0x00, 0xff, 0x00, 0x00, 0x28, 0x00, 0x00, 0x28, 0x00, 0x00, 0x00, 0x40, 0x00, 0x00, 
			0xff, 0x1f, 0xff, 0xff, 0xa0, 0x17, 0x00, 0x41, 0x03, 0x61, 0x20, 0x00, 0x68, 0x6d, 0x1b, 0x00, 
			0x00, 0x00, 0x00, 0x02, 0xff, 0xcf, 0xff, 0xff, 0x08, 0x00, 0x00, 0x10, 0x00, 0xff, 0xff, 0xcf, 
			0x00, 0x00, 0x1f, 0x00, 0xff, 0xd1, 0x00, 0x00, 0x00, 0xff, 0xff, 0x78, 0x00, 0x60, 0x00, 0x80, 
			0x00, 0x05, 0x00, 0x60, 0xff, 0xd0, 0x00, 0x00, 0x00, 0x00, 0x00, 0xef, 0x00, 0x56, 0x00, 0x03, 
			0xff, 0x00, 0xff, 0xf0, 0x00, 0x00, 0x05, 0x00, 0xff, 0xff, 0xf0, 0xff, 0xff, 0xff, 0x00, 0xf0, 
			0xff, 0xff, 0xff, 0xcf, 0x00, 0x26, 0x04, 0xf0, 0x00, 0xf7, 0x00, 0xff, 0x2c, 0x00, 0x84, 0x00, 
			0x00, 0x43, 0x33, 0x44, 0x00, 0x0f, 0x00, 0x00, 0xff, 0x00, 0x00, 0xff, 0x00, 0x01, 0x0f, 0x00, 
			0x00, 0x00, 0x40, 0x00, 0xff, 0xff, 0x9f, 0xff, 0x00, 0xc0, 0x00, 0x00, 0x00, 0xff, 0xff, 0x7f, 
			0x00, 0x00, 0xff, 0xff, 0x00, 0x0c, 0x00, 0x00, 0x00, 0x00, 0x07, 0x00, 0x00, 0x00, 0x03, 0x00, 
			0x00, 0x00, 0x03, 0x60, 0x00, 0x00, 0x10, 0x14, 0x00, 0x08, 0x00, 0x08, 0xff, 0x00, 0xff, 0x00, 
			0x00, 0x04, 0x00, 0x04, 0x00, 0x00, 0x00, 0x04, 0x00, 0xff, 0xff, 0x33, 0xc5, 0x00, 0x00, 0x44, 
			0x18, 0x76, 0x00, 0x00, 0xff, 0xff, 0x70, 0xff, 0x00, 0x00, 0x88, 0x00, 0xcf, 0x8f, 0x00, 0x00, 
			0x10, 0x00, 0x90, 0xa0, 0x06, 0x50, 0x20, 0x00, 0x00, 0x08, 0xcf, 0xff, 0x00, 0x24, 0x00, 0x40, 
			0x00, 0x00, 0x00, 0x0c, 0x00, 0x00, 0x04, 0x08, 0x00, 0x00, 0x01, 0x06, 0xff, 0xff, 0xfe, 0x00, 
			0x00, 0x00, 0x20, 0x00, 0x00, 0x00, 0x0f, 0x00, 0x00, 0x00, 0x06, 0x08, 0xff, 0xff, 0xe0, 0xe0, 
			0xff, 0xff, 0x7f, 0x00, 0x00, 0xff, 0xff, 0x83, 0x00, 0x58, 0x00, 0x00, 0x00, 0x00, 0x00, 0x8f, 
			0x01, 0x80, 0x00, 0x00, 0x03, 0x51, 0x10, 0x00, 0x00, 0x06, 0x00, 0x60, 0x00, 0x56, 0x00, 0x05, 
			0x00, 0x00, 0x01, 0x00, 0x00, 0x10, 0x00, 0x00, 0x00, 0x00, 0x30, 0x00, 0x00, 0x00, 0x80, 0x00, 
			0x00, 0x00, 0x60, 0x00, 0x00, 0x08, 0x00, 0x0a, 0x18, 0x75, 0x00, 0x00, 0xff, 0x80, 0xff, 0xff, 
			0xc0, 0xe9, 0x60, 0x00, 0xff, 0xff, 0xfd, 0xff, 0xff, 0xff, 0xff, 0xf0, 0x18, 0x80, 0x01, 0x00, 
			0xf0, 0xf0, 0xff, 0xff, 0x03, 0x41, 0x10, 0x00, 0x00, 0x07, 0x00, 0x60, 0x00, 0xff, 0x00, 0xff, 
			0x00, 0x00, 0x00, 0x06, 0x00, 0x8f, 0x00, 0x00, 0x00, 0x0f, 0x01, 0x00, 0x00, 0x00, 0x0f, 0x0f, 
			0xf8, 0x80, 0x0f, 0x00, 0x00, 0x00, 0x20, 0x14, 0x00, 0x06, 0x00, 0x06, 0x00, 0x01, 0x00, 0x01, 
			0xc4, 0x00, 0x00, 0xc0, 0x04, 0x79, 0x00, 0x00, 0x30, 0x60, 0x83, 0x83, 0x00, 0x00, 0x90, 0xb0, 
			0xff, 0xff, 0x0f, 0x0f, 0x08, 0x08, 0x08, 0x08, 0xf0, 0xf0, 0xf0, 0xf0, 0x00, 0x00, 0x00, 0xb0, 
			0xff, 0xff, 0xff, 0x0f, 0x00, 0x00, 0x00, 0x09, 0x0a, 0x09, 0x00, 0x00, 0xff, 0xf0, 0xff, 0xff, 
			0x00, 0xf0, 0xff, 0xff, 0x7b, 0x0a, 0x00, 0x00, 0x00, 0x00, 0xbd, 0xbd, 0xff, 0x7c, 0xff, 0xff, 
			0x00, 0x00, 0x70, 0x41, 0x00, 0x00, 0xf0, 0xbf, 0x00, 0x00, 0x60, 0x41, 0xd8, 0x1a, 0xfe, 0x3f, 
			0xb4, 0x16, 0xfe, 0x3f, 0x6c, 0x1b, 0xfe, 0x3f, 0xec, 0x1b, 0xfe, 0x3f, 0x94, 0x1c, 0xfe, 0x3f, 
			0xa8, 0x0e, 0xfe, 0x3f, 0x20, 0x50, 0x00, 0x40, 0xac, 0x0e, 0xfe, 0x3f, 0x00, 0x00, 0x00, 0x14, 
			0x00, 0x00, 0x02, 0x00, 0xff, 0x52, 0x07, 0x00, 0x00, 0x08, 0x00, 0x00, 0x00, 0x40, 0x9f, 0x40, 
			0xff, 0x7b, 0x92, 0x00, 0x22, 0x57, 0x00, 0x40, 0xd0, 0x06, 0xfe, 0x3f, 0x00, 0x00, 0xa0, 0x40, 
			0x00, 0x00, 0xc0, 0x40, 0x00, 0x4c, 0x1d, 0x00, 0x7c, 0x2e, 0x04, 0xf0, 0xff, 0x0f, 0xff, 0xff, 
			0x00, 0x00, 0xc0, 0x00, 0xff, 0xff, 0x0f, 0xff, 0x00, 0x09, 0x00, 0x00, 0xff, 0xff, 0x78, 0xff, 
			0x00, 0x0a, 0x00, 0x00, 0x00, 0x0b, 0x00, 0x00, 0xff, 0xff, 0x0f, 0x00, 0x00, 0x00, 0x0a, 0x00, 
			0x00, 0x00, 0x09, 0x00, 0x00, 0x00, 0x00, 0x07, 0x00, 0x00, 0x00, 0x0a, 0x30, 0x00, 0x03, 0x00, 
			0x00, 0x00, 0x00, 0x0e, 0x00, 0x00, 0x08, 0x00, 0x00, 0x00, 0x00, 0x0d, 0xff, 0xff, 0xf7, 0xff, 
			0x00, 0x00, 0x04, 0x00, 0x00, 0xd8, 0xb8, 0x05, 0x00, 0x00, 0x44, 0x00, 0xff, 0xff, 0xbb, 0xff, 
			0xff, 0xff, 0x7f, 0xff, 0x00, 0x00, 0x3b, 0x40, 0x00, 0x00, 0x48, 0xc0, 0xd0, 0x07, 0xfe, 0x3f, 
			0x00, 0x00, 0xc9, 0x41, 0xff, 0x89, 0x66, 0x00, 0x30, 0x07, 0xfe, 0x3f, 0xa8, 0x07, 0x03, 0x41, 
			0x85, 0x9e, 0xcc, 0xd7, 0xff, 0x4b, 0x1d, 0x00, 0x00, 0x00, 0x00, 0x7f, 0xff, 0xff, 0x08, 0xdf, 
			0x00, 0x00, 0xa4, 0x20, 0xff, 0xff, 0x80, 0xfd, 0x00, 0x3e, 0x49, 0x00, 0x00, 0x00, 0xe0, 0x40, 
			0x00, 0x70, 0xd7, 0x40, 0x00, 0x59, 0xb4, 0x40, 0x00, 0xbd, 0xb3, 0x40, 0x00, 0xc3, 0xb3, 0x40, 
			0x00, 0xed, 0xb4, 0x40, 0x00, 0xf3, 0xb4, 0x40, 0xff, 0xff, 0xff, 0xeb, 0xff, 0xff, 0x07, 0x00, 
			0xff, 0xff, 0x03, 0x00, 0x00, 0x00, 0xf8, 0xff, 0x00, 0x00, 0x48, 0x40, 0xff, 0xff, 0xf0, 0xbf, 
			0x00, 0x00, 0x01, 0x40, 0xff, 0xff, 0xff, 0xdf, 0x00, 0x00, 0xff, 0x1f, 0xff, 0x1f, 0x00, 0x00, 
			0x20, 0x1a, 0x00, 0x00, 0x3b, 0x1a, 0x00, 0x00, 0xc1, 0x4d, 0x00, 0x40, 0x00, 0x07, 0xa0, 0x7b, 
			0xff, 0xff, 0x3f, 0xff, 0x00, 0x00, 0x00, 0x40, 0xd3, 0x1d, 0x00, 0x00, 0xee, 0x1d, 0x00, 0x00, 
			0xf1, 0x1f, 0x00, 0x00, 0x00, 0x40, 0x00, 0x40, 0x00, 0x07, 0x00, 0x40, 0x00, 0x00, 0x02, 0x03, 
			0x00, 0x44, 0x00, 0x00, 0xff, 0xc7, 0xc0, 0xc7, 0x8f, 0x8f, 0xff, 0xff, 0xff, 0xf8, 0xff, 0xf8, 
			0xff, 0xff, 0xf8, 0xff, 0xff, 0xf8, 0xf8, 0xf8, 0x00, 0x51, 0x00, 0x00, 0x00, 0x01, 0x02, 0x02, 
			0x00, 0x08, 0x12, 0x00, 0x00, 0xd0, 0x00, 0x00, 0x10, 0x40, 0x00, 0x00, 0x00, 0x00, 0x1a, 0x08, 
			0x00, 0x00, 0x40, 0x4f, 0x08, 0x08, 0x08, 0x00, 0x00, 0x00, 0x00, 0x50, 0x02, 0x02, 0x02, 0x00, 
			0xe0, 0xe0, 0xe0, 0xff, 0x72, 0xe8, 0xe8, 0xe8, 0xff, 0xf8, 0x00, 0x00, 0x00, 0x04, 0x72, 0x72, 
			0x00, 0x01, 0x00, 0x03, 0xf8, 0xf8, 0xf8, 0xf8, 0x05, 0x00, 0x02, 0x03, 0xff, 0xff, 0xe8, 0xff, 
			0x00, 0x18, 0x00, 0x00, 0x0f, 0x0f, 0x0f, 0x00, 0xff, 0xff, 0xf8, 0xf8, 0xff, 0xff, 0xc0, 0xff, 
			0x00, 0x00, 0x1a, 0x00, 0x00, 0x00, 0x00, 0x03, 0xd3, 0x17, 0x00, 0x00, 0x2c, 0x08, 0x00, 0x00, 
			0xff, 0x08, 0xff, 0xff, 0x00, 0x66, 0x00, 0x00, 0x00, 0x70, 0x00, 0x00, 0x00, 0x61, 0x00, 0x00, 
			0x00, 0x0d, 0x00, 0x00, 0xff, 0x6b, 0xdc, 0x02, 0x00, 0x00, 0xf0, 0x7f, 0xff, 0xff, 0x1f, 0x00, 
			0x10, 0x1d, 0xfe, 0x3f, 0xfc, 0x07, 0xfe, 0x3f, 0x78, 0x07, 0xfe, 0x3f, 0x08, 0x0c, 0xfe, 0x3f, 
			0x20, 0x1d, 0xfe, 0x3f, 0x8c, 0xcc, 0x00, 0x40, 0x23, 0x00, 0x05, 0x00, 0x07, 0x00, 0x00, 0x80, 
			0x20, 0x0d, 0xfe, 0x3f, 0xd8, 0x0c, 0xfe, 0x3f, 0x98, 0xd4, 0x00, 0x40, 0x80, 0x07, 0xfe, 0x3f, 
			0x28, 0x0d, 0xfe, 0x3f, 0x80, 0xd4, 0x00, 0x40, 0x90, 0x0d, 0xfe, 0x3f, 0x3a, 0xcf, 0x00, 0x40, 
			0x00, 0x0e, 0x20, 0x00, 0xd9, 0xcf, 0x00, 0x40, 0x30, 0x22, 0xfe, 0x3f, 0x14, 0x0d, 0xfe, 0x3f, 
			0x24, 0x00, 0x05, 0x00, 0x70, 0x27, 0xfe, 0x3f, 0x18, 0x0d, 0xfe, 0x3f, 0x25, 0x00, 0x05, 0x00, 
			0x88, 0x0e, 0xfe, 0x3f, 0x00, 0x00, 0x00, 0x00, 0x00, 0x00, 0x00, 0x00, 0x00, 0x00, 0x00, 0x00, 
			0x00, 0x00, 0x00, 0x00, 0x3c, 0x00, 0x00, 0x00, 0xc4, 0xff, 0xff, 0xff, 0x78, 0x00, 0x00, 0x00, 
			0x88, 0xff, 0xff, 0xff, 0xb4, 0x00, 0x00, 0x00, 0x4c, 0xff, 0xff, 0xff, 0xf0, 0x00, 0x00, 0x00, 
			0x10, 0xff, 0xff, 0xff, 0x2c, 0x01, 0x00, 0x00, 0xd4, 0xfe, 0xff, 0xff, 0x68, 0x01, 0x00, 0x00, 
			0x98, 0xfe, 0xff, 0xff, 0xa4, 0x01, 0x00, 0x00, 0x5c, 0xfe, 0xff, 0xff, 0xe0, 0x01, 0x00, 0x00, 
			0x20, 0xfe, 0xff, 0xff, 0x1c, 0x02, 0x00, 0x00, 0xe4, 0xfd, 0xff, 0xff, 0x58, 0x02, 0x00, 0x00, 
			0xa8, 0xfd, 0xff, 0xff, 0x00, 0x00, 0x00, 0x00, 0x00, 0x00, 0x00, 0x00, 0x00, 0x00, 0x00, 0x00, 
			0x00, 0x00, 0x00, 0x00, 0x64, 0x00, 0x00, 0x00, 0x9c, 0xff, 0xff, 0xff, 0xc8, 0x00, 0x00, 0x00, 
			0x38, 0xff, 0xff, 0xff, 0x2c, 0x01, 0x00, 0x00, 0xd4, 0xfe, 0xff, 0xff, 0x00, 0x00, 0x00, 0x00, 
			0x00, 0x00, 0x00, 0x00, 0x00, 0x00, 0x00, 0x00, 0x00, 0x00, 0x00, 0x00, 0x00, 0x00, 0x00, 0x00, 
			0x00, 0x00, 0x00, 0x00, 0x00, 0x00, 0x00, 0x00, 0x00, 0x00, 0x00, 0x00, 0x00, 0x00, 0x00, 0x00, 
			0x00, 0x00, 0x00, 0x00, 0x00, 0x00, 0x00, 0x00, 0x08, 0x08, 0xfe, 0x3f, 0x00, 0x00, 0x00, 0x00, 
			0x01, 0x01, 0x01, 0x01, 0x01, 0x01, 0x01, 0x01, 0x02, 0x03, 0x03, 0x03, 0x04, 0x05, 0x07, 0x01, 
			0x01, 0x01, 0x01, 0x01, 0x01, 0x03, 0x00, 0x00, 0x00, 0x00, 0x00, 0x00, 0x00, 0x00, 0x00, 0x00, 
			0x43, 0x00, 0x00, 0x00, 0xa0, 0x0e, 0xfe, 0x3f, 0xb0, 0x28, 0xfe, 0x3f, 0x00, 0x00, 0x00, 0x60, 
			0x00, 0x00, 0x00, 0x60, 0x14, 0x0c, 0xfe, 0x3f, 0x00, 0x00, 0x00, 0x00, 0x00, 0x00, 0x00, 0x00, 
			0xc4, 0x07, 0xfe, 0x3f, 0x00, 0x00, 0x00, 0x00, 0x01, 0x00, 0x00, 0x00, 0x94, 0x0e, 0xfe, 0x3f, 
			0x00, 0x00, 0x3c, 0x00, 0xc4, 0xff, 0x78, 0x00, 0x88, 0xff, 0xb4, 0x00, 0x4c, 0xff, 0xf0, 0x00, 
			0x10, 0xff, 0x2c, 0x01, 0xd4, 0xfe, 0x68, 0x01, 0x98, 0xfe, 0xa4, 0x01, 0x5c, 0xfe, 0xe0, 0x01, 
			0x20, 0xfe, 0x1c, 0x02, 0xe4, 0xfd, 0x58, 0x02, 0xa8, 0xfd, 0x00, 0x00, 0x00, 0x08, 0xfe, 0x3f, 
			0x00, 0x00, 0x00, 0x00, 0x00, 0x00, 0x00, 0x00, 0x00, 0x00, 0x00, 0x00, 0xf4, 0x0a, 0xfe, 0x3f, 
			0x50, 0x0b, 0xfe, 0x3f, 0xac, 0x0b, 0xfe, 0x3f, 0x00, 0x00, 0x00, 0x00, 0x00, 0x00, 0x00, 0x00, 
			0x00, 0x00, 0x00, 0x00, 0x00, 0x00, 0x00, 0x00, 0x00, 0x00, 0x00, 0x00, 0x00, 0x00, 0x00, 0x00, 
			0x00, 0x00, 0x00, 0x00, 0x00, 0x00, 0x00, 0x00, 0x00, 0x00, 0x00, 0x00, 0xa0, 0x07, 0xfe, 0x3f, 
			0x00, 0x00, 0x00, 0x00, 0x00, 0x00, 0x00, 0x00, 0x00, 0x00, 0x00, 0x00, 0x00, 0x00, 0x00, 0x00, 
			0x00, 0x00, 0x00, 0x00, 0x00, 0x00, 0x00, 0x00, 0x00, 0x00, 0x00, 0x00, 0x00, 0x00, 0x00, 0x00, 
			0x00, 0x00, 0x00, 0x00, 0x00, 0x00, 0x00, 0x00, 0x00, 0x00, 0x00, 0x00, 0x00, 0x00, 0x00, 0x00, 
			0x00, 0x00, 0x00, 0x00, 0x00, 0x00, 0x00, 0x00, 0x00, 0x00, 0x00, 0x00, 0x00, 0x00, 0x00, 0x00, 
			0x00, 0x00, 0x00, 0x00, 0x00, 0x00, 0x00, 0x00, 0x00, 0x00, 0x00, 0x00, 0x00, 0x00, 0x00, 0x00, 
			0x00, 0x00, 0x00, 0x00, 0x00, 0x00, 0x00, 0x00, 0x00, 0x00, 0x00, 0x00, 0x00, 0x00, 0x00, 0x00, 
			0x00, 0x00, 0x00, 0x00, 0x00, 0x00, 0x00, 0x00, 0x00, 0x00, 0x00, 0x00, 0x00, 0x00, 0x00, 0x00, 
			0x01, 0x00, 0x00, 0x00, 0x00, 0x00, 0x00, 0x00, 0x0e, 0x33, 0xcd, 0xab, 0x34, 0x12, 0x6d, 0xe6, 
			0xec, 0xde, 0x05, 0x00, 0x0b, 0x00, 0x00, 0x00, 0x00, 0x00, 0x00, 0x00, 0x00, 0x00, 0x00, 0x00, 
			0x00, 0x00, 0x00, 0x00, 0x00, 0x00, 0x00, 0x00, 0x00, 0x00, 0x00, 0x00, 0x00, 0x00, 0x00, 0x00, 
			0x00, 0x00, 0x00, 0x00, 0x00, 0x00, 0x00, 0x00, 0x00, 0x00, 0x00, 0x00, 0x00, 0x00, 0x00, 0x00, 
			0x00, 0x00, 0x00, 0x00, 0x00, 0x00, 0x00, 0x00, 0x00, 0x00, 0x00, 0x00, 0x00, 0x00, 0x00, 0x00, 
			0x00, 0x00, 0x00, 0x00, 0x00, 0x00, 0x00, 0x00, 0x00, 0x00, 0x00, 0x00, 0x00, 0x00, 0x00, 0x00, 
			0x00, 0x00, 0x00, 0x00, 0x00, 0x00, 0x00, 0x00, 0x00, 0x00, 0x00, 0x00, 0x00, 0x00, 0x00, 0x00, 
			0x00, 0x00, 0x00, 0x00, 0x00, 0x00, 0x00, 0x00, 0x00, 0x00, 0x00, 0x00, 0x00, 0x00, 0x00, 0x00, 
			0x00, 0x00, 0x00, 0x00, 0x00, 0x00, 0x00, 0x00, 0x00, 0x00, 0x00, 0x00, 0x00, 0x00, 0x00, 0x00, 
			0x00, 0x00, 0x00, 0x00, 0x00, 0x00, 0x00, 0x00, 0x00, 0x00, 0x00, 0x00, 0x00, 0x00, 0x00, 0x00, 
			0x00, 0x00, 0x00, 0x00, 0x00, 0x00, 0x00, 0x00, 0x00, 0x00, 0x00, 0x00, 0x00, 0x00, 0x00, 0x00, 
			0x00, 0x00, 0x00, 0x00, 0x00, 0x00, 0x00, 0x00, 0x00, 0x00, 0x00, 0x00, 0x00, 0x00, 0x00, 0x00, 
			0x00, 0x00, 0x00, 0x00, 0x00, 0x00, 0x00, 0x00, 0x00, 0x00, 0x00, 0x00, 0x00, 0x00, 0x00, 0x00, 
			0x00, 0x00, 0x00, 0x00, 0x00, 0x00, 0x00, 0x00, 0x00, 0x00, 0x00, 0x00, 0x00, 0x00, 0x00, 0x00, 
			0x00, 0x00, 0x00, 0x00, 0x00, 0x00, 0x00, 0x00, 0x00, 0x00, 0x00, 0x00, 0x00, 0x00, 0x00, 0x00, 
			0x00, 0x00, 0x00, 0x00, 0x00, 0x00, 0x00, 0x00, 0x00, 0x00, 0x00, 0x00, 0x00, 0x00, 0x00, 0x00, 
			0x00, 0x00, 0x00, 0x00, 0x00, 0x00, 0x00, 0x00, 0x00, 0x00, 0x00, 0x00, 0x00, 0x00, 0x00, 0x00, 
			0x00, 0x00, 0x00, 0x00, 0x00, 0x00, 0x00, 0x00, 0x00, 0x00, 0x00, 0x00, 0x00, 0x00, 0x00, 0x00, 
			0x00, 0x00, 0x00, 0x00, 0x00, 0x00, 0x00, 0x00, 0x00, 0x00, 0x00, 0x00, 0x00, 0x00, 0x00, 0x00, 
			0x00, 0x00, 0x00, 0x00, 0x00, 0x00, 0x00, 0x00, 0x00, 0x00, 0x00, 0x00, 0x00, 0x00, 0x00, 0x00, 
			0x00, 0x00, 0x00, 0x00, 0x00, 0x00, 0x00, 0x00, 0x00, 0x00, 0x00, 0x00, 0x00, 0x00, 0x00, 0x00, 
			0x00, 0x00, 0x00, 0x00, 0x00, 0x00, 0x00, 0x00, 0x00, 0x00, 0x00, 0x00, 0x00, 0x00, 0x00, 0x00, 
			0x00, 0x00, 0x00, 0x00, 0x00, 0x00, 0x00, 0x00, 0x00, 0x00, 0x00, 0x00, 0x00, 0x00, 0x00, 0x00, 
			0x00, 0x00, 0x00, 0x00, 0x00, 0x00, 0x00, 0x00, 0x00, 0x00, 0x00, 0x00, 0x00, 0x00, 0x00, 0x00, 
			0x00, 0x00, 0x00, 0x00, 0x00, 0x00, 0x00, 0x00, 0x00, 0x00, 0x00, 0x00, 0x00, 0x00, 0x00, 0x00, 
			0x00, 0x00, 0x00, 0x00, 0x00, 0x00, 0x00, 0x00, 0x00, 0x00, 0x00, 0x00, 0x00, 0x00, 0x00, 0x00, 
			0x00, 0x00, 0x00, 0x00, 0x00, 0x00, 0x00, 0x00, 0x00, 0x00, 0x00, 0x00, 0x00, 0x00, 0x00, 0x00, 
			0x00, 0x00, 0x00, 0x00, 0x00, 0x00, 0x00, 0x00, 0x00, 0x00, 0x00, 0x00, 0x00, 0x00, 0x00, 0x00, 
			0x00, 0x00, 0x00, 0x00, 0x00, 0x00, 0x00, 0x00, 0x00, 0x00, 0x00, 0x00, 0x00, 0x00, 0x00, 0x00, 
			0x00, 0x00, 0x00, 0x00, 0x00, 0x00, 0x00, 0x00, 0x00, 0x00, 0x00, 0x00, 0x00, 0x00, 0x00, 0x00, 
			0x00, 0x00, 0x00, 0x00, 0x00, 0x00, 0x00, 0x00, 0x00, 0x00, 0x00, 0x00, 0x00, 0x00, 0x00, 0x00, 
			0x00, 0x00, 0x00, 0x00, 0x00, 0x00, 0x00, 0x00, 0x00, 0x00, 0x00, 0x00, 0x00, 0x00, 0x00, 0x00, 
			0x00, 0x00, 0x00, 0x00, 0x00, 0x00, 0x00, 0x00, 0x00, 0x00, 0x00, 0x00, 0x00, 0x00, 0x00, 0x00, 
			0x00, 0x00, 0x00, 0x00, 0x00, 0x00, 0x00, 0x00, 0x00, 0x00, 0x00, 0x00, 0x00, 0x00, 0x00, 0x00, 
			0x00, 0x00, 0x00, 0x00, 0x00, 0x00, 0x00, 0x00, 0x00, 0x00, 0x00, 0x00, 0x00, 0x00, 0x00, 0x00, 
			0x00, 0x00, 0x00, 0x00, 0x00, 0x00, 0x00, 0x00, 0x00, 0x00, 0x00, 0x00, 0x00, 0x00, 0x00, 0x00, 
			0x00, 0x00, 0x00, 0x00, 0x00, 0x00, 0x00, 0x00, 0x00, 0x00, 0x00, 0x00, 0x00, 0x00, 0x00, 0x00, 
			0x00, 0x00, 0x00, 0x00, 0x00, 0x00, 0x00, 0x00, 0x00, 0x00, 0x00, 0x00, 0x00, 0x00, 0x00, 0x00, 
			0x00, 0x00, 0x00, 0x00, 0x00, 0x00, 0x00, 0x00, 0x00, 0x00, 0x00, 0x00, 0x00, 0x00, 0x00, 0x00, 
			0x00, 0x00, 0x00, 0x00, 0x00, 0x00, 0x00, 0x00, 0x00, 0x00, 0x00, 0x00, 0x00, 0x00, 0x00, 0x00, 
			0x00, 0x00, 0x00, 0x00, 0x00, 0x00, 0x00, 0x00, 0x00, 0x00, 0x00, 0x00, 0x00, 0x00, 0x00, 0x00, 
			0x00, 0x00, 0x00, 0x00, 0x00, 0x00, 0x00, 0x00, 0x00, 0x00, 0x00, 0x00, 0x00, 0x00, 0x00, 0x00, 
			0x00, 0x00, 0x00, 0x00, 0x00, 0x00, 0x00, 0x00, 0x00, 0x00, 0x00, 0x00, 0x00, 0x00, 0x00, 0x00, 
			0x00, 0x00, 0x00, 0x00, 0x00, 0x00, 0x00, 0x00, 0x00, 0x00, 0x00, 0x00, 0x00, 0x00, 0x00, 0x00, 
			0x00, 0x00, 0x00, 0x00, 0x00, 0x00, 0x00, 0x00, 0x00, 0x00, 0x00, 0x00, 0x00, 0x00, 0x00, 0x00, 
			0x00, 0x00, 0x00, 0x00, 0x00, 0x00, 0x00, 0x00, 0x00, 0x00, 0x00, 0x00, 0x00, 0x00, 0x00, 0x00, 
			0x00, 0x00, 0x00, 0x00, 0x00, 0x00, 0x00, 0x00, 0x00, 0x00, 0x00, 0x00, 0x00, 0x00, 0x00, 0x00, 
			0x00, 0x00, 0x00, 0x00, 0x00, 0x00, 0x00, 0x00, 0x00, 0x00, 0x00, 0x00, 0x00, 0x00, 0x00, 0x00, 
			0x00, 0x00, 0x00, 0x00, 0x00, 0x00, 0x00, 0x00, 0x00, 0x00, 0x00, 0x00, 0x00, 0x00, 0x00, 0x00, 
			0x00, 0x00, 0x00, 0x00, 0x00, 0x00, 0x00, 0x00, 0x00, 0x00, 0x00, 0x00, 0x00, 0x00, 0x00, 0x00, 
			0x00, 0x00, 0x00, 0x00, 0x00, 0x00, 0x00, 0x00, 0x00, 0x00, 0x00, 0x00, 0x00, 0x00, 0x00, 0x00, 
			0x00, 0x00, 0x00, 0x00, 0x00, 0x00, 0x00, 0x00, 0x00, 0x00, 0x00, 0x00, 0x00, 0x00, 0x00, 0x00, 
			0x00, 0x00, 0x00, 0x00, 0x00, 0x00, 0x00, 0x00, 0x00, 0x00, 0x00, 0x00, 0x00, 0x00, 0x00, 0x00, 
			0x00, 0x00, 0x00, 0x00, 0x00, 0x00, 0x00, 0x00, 0x08, 0x08, 0xfe, 0x3f, 0x00, 0x00, 0x00, 0x00, 
			0x00, 0x00, 0x00, 0x00, 0x88, 0xd4, 0x00, 0x40, 0x1c, 0xcd, 0x00, 0x40, 0x88, 0xd4, 0x00, 0x40, 
			0x88, 0xd4, 0x00, 0x40, 0x7c, 0xcd, 0x00, 0x40, 0x58, 0xcc, 0x00, 0x40, 0x88, 0xd4, 0x00, 0x40, 
			0x88, 0xd4, 0x00, 0x40, 0x88, 0xd4, 0x00, 0x40, 0x88, 0xd4, 0x00, 0x40, 0x88, 0xd4, 0x00, 0x40, 
			0x88, 0xd4, 0x00, 0x40, 0x88, 0xd4, 0x00, 0x40, 0x88, 0xd4, 0x00, 0x40, 0x88, 0xd4, 0x00, 0x40, 
			0x88, 0xd4, 0x00, 0x40, 0x88, 0xd4, 0x00, 0x40, 0x88, 0xd4, 0x00, 0x40, 0x88, 0xd4, 0x00, 0x40, 
			0x88, 0xd4, 0x00, 0x40, 0x88, 0xd4, 0x00, 0x40, 0x88, 0xd4, 0x00, 0x40, 0x88, 0xd4, 0x00, 0x40, 
			0x88, 0xd4, 0x00, 0x40, 0x88, 0xd4, 0x00, 0x40, 0x88, 0xd4, 0x00, 0x40, 0x88, 0xd4, 0x00, 0x40, 
			0x88, 0xd4, 0x00, 0x40, 0x88, 0xd4, 0x00, 0x40, 0x88, 0xd4, 0x00, 0x40, 0x88, 0xd4, 0x00, 0x40, 
			0x88, 0xd4, 0x00, 0x40, 0x88, 0xd4, 0x00, 0x40, 0x88, 0xd4, 0x00, 0x40, 0x88, 0xd4, 0x00, 0x40, 
			0x88, 0xd4, 0x00, 0x40, 0x88, 0xd4, 0x00, 0x40, 0x88, 0xd4, 0x00, 0x40, 0x88, 0xd4, 0x00, 0x40, 
			0x88, 0xd4, 0x00, 0x40, 0x88, 0xd4, 0x00, 0x40, 0x88, 0xd4, 0x00, 0x40, 0x88, 0xd4, 0x00, 0x40, 
			0x88, 0xd4, 0x00, 0x40, 0x88, 0xd4, 0x00, 0x40, 0x88, 0xd4, 0x00, 0x40, 0x88, 0xd4, 0x00, 0x40, 
			0x88, 0xd4, 0x00, 0x40, 0x88, 0xd4, 0x00, 0x40, 0x88, 0xd4, 0x00, 0x40, 0x88, 0xd4, 0x00, 0x40, 
			0x88, 0xd4, 0x00, 0x40, 0x88, 0xd4, 0x00, 0x40, 0x88, 0xd4, 0x00, 0x40, 0x88, 0xd4, 0x00, 0x40, 
			0x88, 0xd4, 0x00, 0x40, 0x88, 0xd4, 0x00, 0x40, 0x88, 0xd4, 0x00, 0x40, 0x88, 0xd4, 0x00, 0x40, 
			0x88, 0xd4, 0x00, 0x40, 0x88, 0xd4, 0x00, 0x40, 0x88, 0xd4, 0x00, 0x40, 0x88, 0xd4, 0x00, 0x40, 
			0x88, 0xd4, 0x00, 0x40, 0x00, 0x00, 0x00, 0x00, 0x00, 0x00, 0x00, 0x00, 0x00, 0x00, 0x00, 0x00, 
			0x00, 0x00, 0x00, 0x00, 0xff, 0xff, 0xff, 0xff, 0x80, 0xd4, 0x00, 0x40, 0x15, 0x00, 0x00, 0x00, 
			0x80, 0xd4, 0x00, 0x40, 0x14, 0x00, 0x00, 0x00, 0x80, 0xd4, 0x00, 0x40, 0x13, 0x00, 0x00, 0x00, 
			0x80, 0xd4, 0x00, 0x40, 0x12, 0x00, 0x00, 0x00, 0x80, 0xd4, 0x00, 0x40, 0x11, 0x00, 0x00, 0x00, 
			0x80, 0xd4, 0x00, 0x40, 0x10, 0x00, 0x00, 0x00, 0x80, 0xd4, 0x00, 0x40, 0x0f, 0x00, 0x00, 0x00, 
			0x80, 0xd4, 0x00, 0x40, 0x0e, 0x00, 0x00, 0x00, 0x80, 0xd4, 0x00, 0x40, 0x0d, 0x00, 0x00, 0x00, 
			0x80, 0xd4, 0x00, 0x40, 0x0c, 0x00, 0x00, 0x00, 0x80, 0xd4, 0x00, 0x40, 0x0b, 0x00, 0x00, 0x00, 
			0x80, 0xd4, 0x00, 0x40, 0x0a, 0x00, 0x00, 0x00, 0x80, 0xd4, 0x00, 0x40, 0x09, 0x00, 0x00, 0x00, 
			0x80, 0xd4, 0x00, 0x40, 0x08, 0x00, 0x00, 0x00, 0x80, 0xd4, 0x00, 0x40, 0x07, 0x00, 0x00, 0x00, 
			0x80, 0xd4, 0x00, 0x40, 0x06, 0x00, 0x00, 0x00, 0x80, 0xd4, 0x00, 0x40, 0x05, 0x00, 0x00, 0x00, 
			0x80, 0xd4, 0x00, 0x40, 0x04, 0x00, 0x00, 0x00, 0x80, 0xd4, 0x00, 0x40, 0x03, 0x00, 0x00, 0x00, 
			0x80, 0xd4, 0x00, 0x40, 0x02, 0x00, 0x00, 0x00, 0x80, 0xd4, 0x00, 0x40, 0x01, 0x00, 0x00, 0x00, 
			0x80, 0xd4, 0x00, 0x40, 0x00, 0x00, 0x00, 0x00, 0x00, 0x7f, 0xe0, 0xff, 0x00, 0x00, 0x20, 0x00, 
			0x00, 0x7f, 0xe0, 0xff, 0x00, 0x00, 0x10, 0x00, 0x00, 0x7f, 0xf0, 0xff, 0x00, 0x00, 0x08, 0x00, 
			0x00, 0x7f, 0xf8, 0xff, 0x00, 0x00, 0x04, 0x00, 0x00, 0x7f, 0xfc, 0xff, 0x00, 0x00, 0x02, 0x00, 
			0x00, 0x7f, 0xfe, 0xff, 0x00, 0x00, 0x01, 0x00, 0x00, 0x7f, 0xff, 0xff, 0x00, 0x80, 0x00, 0x00, 
			0x00, 0xff, 0xff, 0xff, 0x00, 0x40, 0x00, 0x00, 0x00, 0xff, 0xff, 0xff, 0x00, 0x20, 0x00, 0x00, 
			0x00, 0xff, 0xff, 0xff, 0x00, 0x10, 0x00, 0x00, 0x00, 0xff, 0xff, 0xff, 0x00, 0x08, 0x00, 0x00, 
			0x00, 0xff, 0xff, 0xff, 0x00, 0x04, 0x00, 0x00, 0x00, 0xff, 0xff, 0xff, 0x00, 0x02, 0x00, 0x00, 
			0x00, 0xff, 0xff, 0xff, 0x00, 0x01, 0x00, 0x00, 0x00, 0xff, 0xff, 0xff, 0x80, 0x00, 0x00, 0x00, 
			0x80, 0xff, 0xff, 0xff, 0x40, 0x00, 0x00, 0x00, 0xc0, 0xff, 0xff, 0xff, 0x20, 0x00, 0x00, 0x00, 
			0xe0, 0xff, 0xff, 0xff, 0x10, 0x00, 0x00, 0x00, 0xf0, 0xff, 0xff, 0xff, 0x08, 0x00, 0x00, 0x00, 
			0xf8, 0xff, 0xff, 0xff, 0x04, 0x00, 0x00, 0x00, 0xfc, 0xff, 0xff, 0xff, 0x02, 0x00, 0x00, 0x00, 
			0xfe, 0xff, 0xff, 0xff, 0x01, 0x00, 0x00, 0x00, 0xff, 0xff, 0xff, 0xff, 0x00, 0x00, 0x00, 0x00, 
			0xff, 0xff, 0xff, 0xff, 		}
	}
};
#endif
