#ifndef _M16P_DEMOD_FIRMWARE_0_8_0_H_ 
#define _M16P_DEMOD_FIRMWARE_0_8_0_H_ 

static const LX_DEMOD_FIRMWARE_STRUCT M16P_DEMOD_FW_0_8_0[] = { 
 {	0x00, 0xc000,  
{  
	0x00,0xc5,0x49,0x10, 
	0xd5,0x49,0x20,0xe5, 
	0x49,0x30,0xf5,0x49, 
	0x00,0x34,0x00,0x00, 
	0x00,0x00,0x00,0x00, 
	0x00,0x00,0x00,0x00, 
	0x00,0x00,0x00,0x00, 
	0x00,0x00,0x00,0x00, 
	0x00,0x00,0x00,0x00, 
	0x00,0x00,0x00,0x00, 
	0x00,0x00,0x00,0x00, 
	0x00,0x00,0x00,0x00, 
	0x00,0x00,0x00,0x00, 
	0x00,0x00,0x00,0x00, 
	0x00,0x00,0x00,0x00, 
	0x00,0x00,0x00,0x00, 
	0x00,0xc5,0x09,0x10, 
	0xd5,0x09,0x20,0xe5, 
	0x09,0x30,0xf5,0x09, 
	0x00,0x35,0x00,0x00, 
	0x00,0x00,0x00,0x00, 
	0x00,0x00,0x00,0x00, 
	0x00,0x00,0x00,0x00, 
	0x00,0x00,0x00,0x00, 
	0x00,0x00,0x00,0x00, 
	0x00,0x00,0x00,0x00, 
	0x00,0x00,0x00,0x00, 
	0x00,0x00,0x00,0x00, 
	0x00,0x00,0x00,0x00, 
	0x00,0x00,0x00,0x00, 
	0x00,0x00,0x00,0x00, 
	0x00,0x00,0x00,0x00, 
	0x00,0xc9,0x49,0x00, 
	0xd1,0x09,0x10,0xd9, 
	0x49,0x20,0xe9,0x49, 
	0x30,0xf9,0x49,0x40, 
	0x80,0x49,0x50,0x90, 
	0x49,0x60,0xa0,0x49, 
	0x70,0xb0,0x49,0x00, 
	0x34,0x00,0x00,0x00, 
	0x00,0x00,0x00,0x00, 
	0x00,0x00,0x00,0x00, 
	0x00,0x00,0x00,0x00, 
	0x00,0x00,0x00,0x00, 
	0x00,0x00,0x00,0x00, 
	0x00,0x00,0x00,0x00, 
	0x00,0x00,0x00,0x00, 
	0x00,0x00,0x00,0x00, 
	0x00,0xc9,0x09,0x10, 
	0xd9,0x09,0x20,0xe9, 
	0x09,0x70,0xd1,0x09, 
	0x30,0xf9,0x09,0x40, 
	0x87,0x09,0x50,0x97, 
	0x09,0x60,0xa7,0x09, 
	0x70,0xb7,0x09,0x00, 
	0x35,0x00,0x00,0x00, 
	0x00,0x00,0x00,0x00, 
	0x00,0x00,0x00,0x00, 
	0x00,0x00,0x00,0x00, 
	0x00,0x00,0x00,0x00, 
	0x00,0x00,0x00,0x00, 
	0x00,0x00,0x00,0x00, 
	0x00,0x00,0x00,0x00, 
	0x00,0x00,0x00,0x00, 
	0x00,0xcd,0x49,0x00, 
	0xd1,0x09,0x10,0xdd, 
	0x49,0x20,0xed,0x49, 
	0x30,0xfd,0x49,0x40, 
	0x40,0x49,0x50,0x50, 
	0x49,0x60,0x60,0x49, 
	0x70,0x70,0x49,0x80, 
	0x80,0x49,0x90,0x90, 
	0x49,0xa0,0xa0,0x49, 
	0xb0,0xb0,0x49,0x00, 
	0x34,0x00,0x00,0x00, 
	0x00,0x00,0x00,0x00, 
	0x00,0x00,0x00,0x00, 
	0x00,0x00,0x00,0x00, 
	0x00,0x00,0x00,0x00, 
	0x00,0x00,0x00,0x00, 
	0x00,0xcd,0x09,0x10, 
	0xdd,0x09,0x20,0xed, 
	0x09,0xb0,0xd1,0x09, 
	0x30,0xfd,0x09,0x40, 
	0x4b,0x09,0x50,0x5b, 
	0x09,0x60,0x6b,0x09, 
	0x70,0x7b,0x09,0x80, 
	0x8b,0x09,0x90,0x9b, 
	0x09,0xa0,0xab,0x09, 
	0xb0,0xbb,0x09,0x00, 
	0x35,0x00,0x00,0x00, 
	0x00,0x00,0x00,0x00, 
	0x00,0x00,0x00,0x00, 
	0x00,0x00,0x00,0x00, 
	0x00,0x00,0x00,0x00, 
	0x00,0x00,0x00,0x00, 
	0x20,0xd2,0x61,0xa0, 
	0x02,0x00,0x00,0x00, 
	0x00,0x00,0x00,0x00, 
	0x00,0x00,0x00,0x00, 
	0x00,0x00,0x00,0x00, 
	0x00,0x00,0x00,0x00, 
	0x00,0x00,0x00,0x00, 
	0x00,0x00,0x00,0x00, 
	0x00,0x00,0x00,0x00, 
	0x00,0x00,0x00,0x00, 
	0x00,0x00,0x00,0x00, 
	0x00,0x00,0x00,0x00, 
	0x00,0x00,0x00,0x00, 
	0x00,0x00,0x00,0x00, 
	0x00,0x00,0x00,0x00, 
	0x00,0x00,0x00,0x00, 
	0x20,0xd3,0x61,0xa0, 
	0x02,0x00,0x00,0x00, 
	0x00,0x00,0x00,0x00, 
	0x00,0x00,0x00,0x00, 
	0x00,0x00,0x00,0x00, 
	0x00,0x00,0x00,0x00, 
	0x00,0x00,0x00,0x00, 
	0x00,0x00,0x00,0x00, 
	0x00,0x00,0x00,0x00, 
	0x00,0x00,0x00,0x00, 
	0x00,0x00,0x00,0x00, 
	0x00,0x00,0x00,0x00, 
	0x00,0x00,0x00,0x00, 
	0x00,0x00,0x00,0x00, 
	0x00,0x00,0x00,0x00, 
	0x00,0x00,0x00,0x00, 
	0x20,0xd4,0x61,0xa0, 
	0x02,0x00,0x00,0x00, 
	0x00,0x00,0x00,0x00, 
	0x00,0x00,0x00,0x00, 
	0x00,0x00,0x00,0x00, 
	0x00,0x00,0x00,0x00, 
	0x00,0x00,0x00,0x00, 
	0x00,0x00,0x00,0x00, 
	0x00,0x00,0x00,0x00, 
	0x00,0x00,0x00,0x00, 
	0x00,0x00,0x00,0x00, 
	0x00,0x00,0x00,0x00, 
	0x00,0x00,0x00,0x00, 
	0x00,0x00,0x00,0x00, 
	0x00,0x00,0x00,0x00, 
	0x00,0x00,0x00,0x00, 
	0x20,0xd5,0x61,0xa0, 
	0x02,0x00,0x00,0x00, 
	0x00,0x00,0x00,0x00, 
	0x00,0x00,0x00,0x00, 
	0x00,0x00,0x00,0x00, 
	0x00,0x00,0x00,0x00, 
	0x00,0x00,0x00,0x00, 
	0x00,0x00,0x00,0x00, 
	0x00,0x00,0x00,0x00, 
	0x00,0x00,0x00,0x00, 
	0x00,0x00,0x00,0x00, 
	0x00,0x00,0x00,0x00, 
	0x00,0x00,0x00,0x00, 
	0x00,0x00,0x00,0x00, 
	0x00,0x00,0x00,0x00, 
	0x00,0x00,0x00,0x00, 
	0x00,0x76,0x00,0x46, 
	0xfe,0xff,0x00,0x00, 
	0x00,0x00,0x00,0x00, 
	0x00,0x00,0x00,0x00, 
	0x00,0x00,0x00,0x00, 
	0x00,0x00,0x00,0x00, 
	0x00,0x00,0x00,0x00, 
	0x00,0x00,0x00,0x00, 
	0x00,0x00,0x00,0x00, 
	0x00,0x00,0x00,0x00, 
	0x00,0x00,0x00,0x00, 
	0x00,0x00,0x00,0x00, 
	0x00,0x00,0x00,0x00, 
	0x00,0x00,0x00,0x00, 
	0x00,0x00,0x00,0x00, 
	0x00,0x00,0x00,0x00, 
	0x10,0x37,0x00,0x00, 
	0x00,0x00,0x00,0x00, 
	0x00,0x00,0x00,0x00, 
	0x00,0x00,0x00,0x00, 
	0x00,0x00,0x00,0x00, 
	0x00,0x00,0x00,0x00, 
	0x00,0x00,0x00,0x00, 
	0x00,0x00,0x00,0x00, 
	0x00,0x00,0x00,0x00, 
	0x00,0x00,0x00,0x00, 
	0x00,0x00,0x00,0x00, 
	0x00,0x00,0x00,0x00, 
	0x00,0x00,0x00,0x00, 
	0x00,0x00,0x00,0x00, 
	0x00,0x00,0x00,0x00, 
	0x00,0x00,0x00,0x00, 
	0x00,0x41,0x00,0x46, 
	0xfe,0xff,0x00,0x00, 
	0x00,0x00,0x00,0x00, 
	0x00,0x00,0x00,0x00, 
	0x00,0x00,0x00,0x00, 
	0x00,0x00,0x00,0x00, 
	0x00,0x00,0x00,0x00, 
	0x00,0x00,0x00,0x00, 
	0x00,0x00,0x00,0x00, 
	0x00,0x00,0x00,0x00, 
	0x00,0x00,0x00,0x00, 
	0x00,0x00,0x00,0x00, 
	0x00,0x00,0x00,0x00, 
	0x00,0x00,0x00,0x00, 
	0x00,0x00,0x00,0x00, 
	0x00,0x00,0x00,0x00, 
	0x12,0xc1,0xa0,0x29, 
	0x41,0x39,0x51,0x31, 
	0x29,0x80,0x20,0xe8, 
	0x03,0x30,0x32,0xa0, 
	0x38,0x03,0x49,0x61, 
	0xa0,0x03,0x00,0x00, 
	0x00,0x00,0x00,0x00, 
	0x00,0x00,0x00,0x00, 
	0x00,0x00,0x00,0x00, 
	0x00,0x00,0x00,0x00, 
	0x00,0x00,0x00,0x00, 
	0x00,0x00,0x00,0x00, 
	0x00,0x00,0x00,0x00, 
	0x00,0x00,0x00,0x00, 
	0x00,0x00,0x00,0x00, 
	0x00,0x00,0x00,0x00, 
	0x00,0x00,0x00,0x00, 
	0x00,0x00,0x00,0x00, 
	0x00,0x00,0x00,0x00, 
	0x00,0x00,0x00,0x00, 
	0x00,0x00,0x00,0x00, 
	0x00,0x00,0x00,0x00, 
	0x00,0x00,0x00,0x00, 
	0x00,0x00,0x00,0x00, 
	0x00,0x00,0x00,0x00, 
	0x00,0x00,0x00,0x00, 
	0x00,0x00,0x00,0x00, 
	0x00,0x00,0x00,0x00, 
	0x00,0x00,0x00,0x00, 
	0x00,0x00,0x00,0x00, 
	0x00,0x00,0x00,0x00, 
	0x00,0x00,0x00,0x00, 
	0x40,0x41,0x00,0x46, 
	0xfe,0xff,0x00,0x00, 
	0x00,0x00,0x00,0x00, 
	0x00,0x00,0x00,0x00, 
	0x00,0x00,0x00,0x00, 
	0x00,0x00,0x00,0x00, 
	0x00,0x00,0x00,0x00, 
	0x00,0x00,0x00,0x00, 
	0x00,0x00,0x00,0x00, 
	0x00,0x00,0x00,0x00, 
	0x00,0x00,0x00,0x00, 
	0x00,0x00,0x00,0x00, 
	0x00,0x00,0x00,0x00, 
	0x00,0x00,0x00,0x00, 
	0x00,0x00,0x00,0x00, 
	0x00,0x00,0x00,0x00, 
	0x06,0x0d,0x00,0x00, 
	0x00,0x00,0x00,0x40, 
	0x1f,0x11,0x22,0x22, 
	0x00,0x00,0x00,0xe0, 
	0x73,0x04,0x00,0x40, 
	0x00,0x00,0x00,0x00, 
	0x4c,0x5f,0x00,0x40, 
	0xb4,0x5f,0x00,0x40, 
	0x54,0x60,0x00,0x40, 
	0x54,0x0d,0xfe,0x3f, 
	0x5c,0x61,0x00,0x40, 
	0x58,0x0d,0xfe,0x3f, 
	0x00,0x00,0x00,0x00, 
	0x00,0x00,0x00,0x00, 
	0x0c,0x00,0x00,0xe4, 
	0x13,0x00,0x05,0x13, 
	0x10,0x20,0x00,0x21, 
	0xf0,0xff,0x20,0xe7, 
	0x13,0x20,0x61,0x00, 
	0x21,0xef,0xff,0x51, 
	0xef,0xff,0x61,0xef, 
	0xff,0x0c,0x03,0x7d, 
	0x02,0x50,0x66,0x10, 
	0xc6,0x04,0x00,0x00, 
	0x40,0x63,0x50,0x00, 
	0x20,0x00,0x3d,0xf0, 
	0x3d,0xf0,0x50,0x33, 
	0xc0,0xb6,0xb3,0x14, 
	0x70,0x74,0x41,0x70, 
	0x40,0x34,0x67,0x13, 
	0xe6,0x40,0x63,0x50, 
	0x50,0x33,0xc0,0xf6, 
	0xb3,0xed,0x00,0x20, 
	0x00,0x51,0xe1,0xff, 
	0x0c,0x03,0x20,0x72, 
	0x20,0x70,0x40,0x34, 
	0x40,0xe3,0x50,0x50, 
	0x33,0xc0,0x70,0x74, 
	0x41,0xf6,0xb3,0xf0, 
	0x30,0x20,0x00,0x21, 
	0xdd,0xff,0xac,0x02, 
	0x38,0x02,0x48,0x12, 
	0x58,0x22,0x22,0xc2, 
	0x0c,0x47,0xb3,0x0f, 
	0x68,0x05,0x4b,0x55, 
	0x69,0x03,0x4b,0x33, 
	0x47,0x33,0xf4,0x46, 
	0xf9,0xff,0x00,0x00, 
	0x56,0x03,0xfe,0x56, 
	0xd5,0xfd,0x00,0x20, 
	0x00,0x0c,0x11,0x10, 
	0x49,0x13,0x00,0x48, 
	0x13,0x10,0x20,0x00, 
	0x0c,0x00,0x41,0xd0, 
	0xff,0x40,0xd2,0x13, 
	0x41,0xd0,0xff,0x40, 
	0xd3,0x13,0x41,0xcf, 
	0xff,0x40,0xd4,0x13, 
	0x51,0xcf,0xff,0x42, 
	0x65,0x00,0x41,0xce, 
	0xff,0x40,0xd5,0x13, 
	0x51,0xce,0xff,0x42, 
	0x65,0x00,0xc5,0x20, 
	0x00,0x00,0x00,0x00, 
	0x00,0x00,0x00,0x00, 
	0x00,0x00,0x00,0x00, 
	0x00,0x00,0x00,0x00, 
	0x00,0x00,0x00,0x00, 
	0x00,0x00,0x00,0x00, 
	0x00,0x00,0x00,0x00, 
	0x00,0x00,0x00,0x00, 
	0x00,0x00,0x00,0x00, 
	0x00,0x00,0x00,0x00, 
	0x00,0x00,0x00,0x00, 
	0x00,0x00,0x00,0x00, 
	0x00,0x00,0x00,0x00, 
	0x00,0x00,0x00,0x00, 
	0x00,0x00,0x00,0x00, 
	0x00,0x00,0x00,0x00, 
	0x00,0x00,0x00,0x00, 
	0x00,0x00,0x00,0x00, 
	0x00,0x00,0x00,0x00, 
	0x00,0x00,0x00,0x00, 
	0x00,0x00,0x00,0x00, 
	0x00,0x00,0x00,0x00, 
	0x00,0x00,0x00,0x00, 
	0x00,0x00,0x00,0x00, 
	0x00,0x00,0x00,0x00, 
	0x00,0x00,0x00,0x00, 
	0x00,0x00,0x00,0x00, 
	0x00,0x00,0x00,0x00, 
	0x00,0x00,0x00,0x00, 
	0x00,0x00,0x00,0x00, 
	0x00,0x00,0x00,0x00, 
	0x00,0x00,0x00,0x00, 
	0x00,0x00,0x00,0x00, 
	0x00,0x00,0x00,0x00, 
	0x00,0x00,0x00,0x00, 
	0x00,0x00,0x00,0x00, 
	0x00,0x00,0x00,0x00, 
	0x00,0x00,0x00,0x00, 
	0x00,0x00,0x00,0x00, 
	0x00,0x00,0x00,0x00, 
	0x00,0x00,0x00,0x00, 
	0x00,0x00,0x00,0x00, 
	0x00,0x00,0x00,0x00, 
	0x00,0x00,0x00,0x00, 
	0x00,0x00,0x00,0x00, 
	0x00,0x00,0x00,0x00, 
	0x00,0x00,0x00,0x00, 
	0x00,0x00,0x00,0x00, 
	0x00,0x00,0x00,0x00, 
	0x00,0x00,0x00,0x00, 
	0x00,0x00,0x00,0x00, 
	0x00,0x00,0x00,0x00, 
	0x00,0x00,0x00,0x00, 
	0x00,0x00,0x00,0x00, 
	0x00,0x00,0x00,0x00, 
	0x00,0x00,0x00,0x00, 
	0x00,0x00,0x00,0x00, 
	0x00,0x00,0x00,0x00, 
	0x00,0x00,0x00,0x00, 
	0x00,0x00,0x00,0x00, 
	0x00,0x00,0x00,0x00, 
	0x00,0x00,0x00,0x00, 
	0x00,0x00,0x00,0x00, 
	0x00,0x00,0x00,0x00, 
	0x00,0x00,0x00,0x00, 
	0x00,0x00,0x00,0x00, 
	0x00,0x00,0x00,0x00, 
	0x00,0x00,0x00,0x00, 
	0x00,0x00,0x00,0x00, 
	0x00,0x00,0x00,0x00, 
	0x00,0x00,0x00,0x00, 
	0x00,0x00,0x00,0x00, 
	0x00,0x00,0x00,0x00, 
	0x00,0x00,0x00,0x00, 
	0x00,0x00,0x00,0x00, 
	0x00,0x00,0x00,0x00, 
	0x00,0x00,0x00,0x00, 
	0x00,0x00,0x00,0x00, 
	0x00,0x00,0x00,0x00, 
	0x00,0x00,0x00,0x00, 
	0x00,0x00,0x00,0x00, 
	0x00,0x00,0x00,0x00, 
	0x00,0x00,0x00,0x00, 
	0x00,0x00,0x00,0x00, 
	0x00,0x00,0x00,0x00, 
	0x00,0x00,0x00,0x00, 
	0x00,0x00,0x00,0x00, 
	0x00,0x00,0x00,0x00, 
	0x00,0x00,0x00,0x00, 
	0x00,0x00,0x00,0x00, 
	0x00,0x00,0x00,0x00, 
	0x00,0x00,0x00,0x00, 
	0x00,0x00,0x00,0x00, 
	0x00,0x00,0x00,0x00, 
	0x00,0x00,0x00,0x00, 
	0x00,0x00,0x00,0x00, 
	0x00,0x00,0x00,0x00, 
	0x00,0x00,0x00,0x00, 
	0x00,0x00,0x00,0x00, 
	0x00,0x00,0x00,0x00, 
	0x00,0x00,0x00,0x00, 
	0x00,0x00,0x00,0x00, 
	0x00,0x00,0x00,0x00, 
	0x00,0x00,0x00,0x00, 
	0x00,0x00,0x00,0x00, 
	0x00,0x00,0x00,0x00, 
	0x00,0x00,0x00,0x00, 
	0x00,0x00,0x00,0x00, 
	0x00,0x00,0x00,0x00, 
	0x00,0x00,0x00,0x00, 
	0x00,0x00,0x00,0x00, 
	0x00,0x00,0x00,0x00, 
	0x00,0x00,0x00,0x00, 
	0x00,0x00,0x00,0x00, 
	0x00,0x00,0x00,0x00, 
	0x00,0x00,0x00,0x00, 
	0x00,0x00,0x00,0x00, 
	0x00,0x00,0x00,0x00, 
	0x00,0x00,0x00,0x00, 
	0x00,0x00,0x00,0x00, 
	0x00,0x00,0x00,0x00, 
	0x00,0x00,0x00,0x00, 
	0x00,0x00,0x00,0x00, 
	0x00,0x00,0x00,0x00, 
	0x00,0x00,0x00,0x00, 
	0x00,0x00,0x00,0x00, 
	0x00,0x00,0x00,0x00, 
	0x00,0x00,0x00,0x00, 
	0x00,0x00,0x00,0x00, 
	0x36,0x81,0x00,0x25, 
	0xb6,0x05,0x1d,0xf0, 
	0x02,0xa0,0x00,0x11, 
	0x3d,0x7e,0x31,0x3d, 
	0x7e,0x30,0xe6,0x13, 
	0x10,0x20,0x00,0x61, 
	0x3c,0x7e,0x71,0x3c, 
	0x7e,0x77,0xb6,0x33, 
	0x88,0x06,0x98,0x16, 
	0x8b,0x66,0x80,0xa9, 
	0xc0,0x27,0x6a,0x03, 
	0x09,0x08,0x4b,0x88, 
	0x37,0x6a,0x05,0x09, 
	0x08,0x09,0x18,0x8b, 
	0x88,0xa0,0xa4,0x41, 
	0x9c,0x1a,0x0b,0xaa, 
	0x09,0x08,0x02,0x68, 
	0x01,0x02,0x68,0x02, 
	0x02,0x68,0x03,0x82, 
	0xc8,0x10,0x56,0xca, 
	0xfe,0x77,0x36,0xcb, 
	0x55,0x56,0x05,0x61, 
	0x2e,0x7e,0x71,0x2e, 
	0x7e,0x81,0x2e,0x7e, 
	0x91,0x2f,0x7e,0xa1, 
	0x2f,0x7e,0x68,0x06, 
	0x15,0xc6,0x04,0x61, 
	0x29,0x7e,0x71,0x29, 
	0x7e,0x81,0x29,0x7e, 
	0x68,0x06,0x15,0xd3, 
	0x03,0x55,0xc7,0x04, 
	0x36,0x41,0x00,0x0c, 
	0x03,0x21,0x28,0x7e, 
	0x28,0x02,0x37,0x12, 
	0x02,0x06,0x0e,0x00, 
	0x0c,0x04,0x31,0x26, 
	0x7e,0x38,0x03,0x38, 
	0x03,0x47,0x13,0x25, 
	0xa1,0x24,0x7e,0x91, 
	0x23,0x7e,0x98,0x09, 
	0x4b,0x99,0x99,0x0a, 
	0x81,0x21,0x7e,0x88, 
	0x08,0x82,0xd8,0xff, 
	0x82,0x28,0x3f,0xe0, 
	0x08,0x00,0x0c,0x0b, 
	0xa1,0x1d,0x7e,0xa8, 
	0x0a,0xa8,0x0a,0xb7, 
	0x9a,0xd9,0xc1,0x19, 
	0x7e,0x0c,0x1b,0xb9, 
	0x0c,0x1d,0xf0,0x00, 
	0x36,0x41,0x00,0x1d, 
	0xf0,0x00,0x00,0x00, 
	0x36,0x41,0x00,0xa1, 
	0x16,0x7e,0xa5,0xce, 
	0x05,0xa2,0xa0,0x15, 
	0xb1,0x15,0x7e,0xa5, 
	0x73,0x05,0x0c,0xaa, 
	0xb1,0x14,0x7e,0x25, 
	0x73,0x05,0x0c,0x6a, 
	0xb1,0x13,0x7e,0xa5, 
	0x72,0x05,0xa1,0x0e, 
	0x7e,0x25,0x73,0x05, 
	0x4c,0x0a,0xe5,0x72, 
	0x05,0xa2,0xa4,0x00, 
	0x65,0x72,0x05,0x1d, 
	0xf0,0x00,0x00,0x00, 
	0x36,0x41,0x00,0x51, 
	0x0c,0x7e,0x31,0x0c, 
	0x7e,0x42,0xc5,0x80, 
	0xc0,0x20,0x00,0x92, 
	0xa0,0x00,0x22,0x04, 
	0x10,0xc0,0x20,0x00, 
	0x92,0x45,0x10,0x82, 
	0xa0,0x3d,0x87,0x92, 
	0x0e,0xad,0x03,0xe5, 
	0xbd,0x03,0xad,0x03, 
	0xbd,0x02,0xe5,0xc0, 
	0x03,0x06,0x02,0x00, 
	0x30,0xa3,0x20,0x20, 
	0xb2,0x20,0x25,0xc0, 
	0x03,0xc2,0xa0,0x80, 
	0xc0,0x20,0x00,0xb2, 
	0x04,0xff,0xc0,0xbb, 
	0x20,0xc0,0x20,0x00, 
	0xb2,0x45,0x7f,0xc0, 
	0x20,0x00,0xa2,0x04, 
	0xff,0xa0,0xa0,0x64, 
	0xc0,0x20,0x00,0xa2, 
	0x45,0x7f,0x90,0x00, 
	0x00,0x00,0x00,0x00, 
	0x36,0x41,0x00,0xc1, 
	0xf6,0x7d,0xa1,0xf7, 
	0x7d,0xe1,0xf7,0x7d, 
	0x81,0xf5,0x7d,0xc0, 
	0x20,0x00,0xf8,0x08, 
	0x1b,0xff,0xc0,0x20, 
	0x00,0xf9,0x08,0xc0, 
	0x20,0x00,0xd8,0x0e, 
	0x1b,0xdd,0xc0,0x20, 
	0x00,0xd9,0x0e,0xc0, 
	0x20,0x00,0xb8,0x0c, 
	0x1b,0xbb,0xc0,0x20, 
	0x00,0xb9,0x0c,0xc0, 
	0x20,0x00,0x98,0x0a, 
	0x1b,0x99,0xc0,0x20, 
	0x00,0x81,0xeb,0x7d, 
	0x82,0x08,0x00,0x99, 
	0x0a,0x8c,0x68,0xa1, 
	0xea,0x7d,0xa8,0x0a, 
	0xe5,0x50,0x02,0xc0, 
	0xea,0x03,0xb1,0xe8, 
	0x7d,0xb8,0x0b,0xca, 
	0xbb,0xb0,0xf1,0x13, 
	0x1d,0xf0,0x00,0x00, 
	0x36,0x41,0x00,0x81, 
	0xe5,0x7d,0x91,0xe5, 
	0x7d,0x82,0x08,0x00, 
	0x92,0x09,0x00,0xcc, 
	0x98,0x66,0x19,0x07, 
	0xa1,0xdf,0x7d,0xa8, 
	0x0a,0xa5,0x67,0x01, 
	0xc0,0xea,0x03,0xb1, 
	0xe0,0x7d,0xb8,0x0b, 
	0xca,0xbb,0xb0,0xf0, 
	0x13,0x1d,0xf0,0x00, 
	0x36,0x81,0x00,0x52, 
	0xc1,0x10,0xc0,0x20, 
	0x00,0x29,0x05,0x0c, 
	0x93,0x42,0xc1,0x10, 
	0xc0,0x20,0x00,0x21, 
	0xd5,0x7d,0x48,0x04, 
	0x28,0x02,0x40,0x22, 
	0x82,0x30,0x22,0xc2, 
	0xc0,0x20,0x00,0x29, 
	0x01,0xc0,0x20,0x00, 
	0x88,0x01,0x0b,0x88, 
	0xc0,0x20,0x00,0x89, 
	0x01,0x66,0x08,0xf0, 
	0x1d,0xf0,0x00,0x00, 
	0x36,0x41,0x00,0x31, 
	0xcf,0x7d,0xc0,0x20, 
	0x00,0x82,0x03,0x26, 
	0x80,0x80,0x64,0xc0, 
	0x20,0x00,0x82,0x43, 
	0x26,0x66,0x14,0x07, 
	0xad,0x02,0xa5,0x05, 
	0x00,0x46,0x04,0x00, 
	0x66,0x24,0x0e,0x0c, 
	0x09,0xa1,0xbc,0x7d, 
	0xc0,0x20,0x00,0x99, 
	0x0a,0xad,0x02,0x65, 
	0x04,0x00,0xc0,0x20, 
	0x00,0xd2,0x03,0x00, 
	0xd0,0xd0,0x54,0xc0, 
	0x20,0x00,0xd2,0x43, 
	0x00,0xc2,0xa0,0x80, 
	0xc0,0x20,0x00,0xb2, 
	0x03,0x00,0xc0,0xbb, 
	0x20,0xc0,0x20,0x00, 
	0xa1,0xbd,0x7d,0xb2, 
	0x43,0x00,0xa2,0x0a, 
	0x00,0xe5,0xf6,0xff, 
	0x4c,0x0f,0xc0,0x20, 
	0x00,0xe2,0x03,0x00, 
	0xf0,0xee,0x20,0xc0, 
	0x20,0x00,0xe2,0x43, 
	0x00,0x0c,0x02,0x1d, 
	0xf0,0x00,0x00,0x00, 
	0x36,0x41,0x00,0x91, 
	0xb9,0x7d,0xa1,0xb7, 
	0x7d,0xb1,0xb4,0x7d, 
	0xc1,0xb5,0x7d,0x0c, 
	0x03,0xd1,0xb0,0x7d, 
	0xe1,0xb1,0x7d,0x0c, 
	0x14,0x42,0x4e,0x00, 
	0x42,0x4d,0x00,0x32, 
	0x4c,0x00,0x32,0x4b, 
	0x00,0x32,0x4a,0x00, 
	0x32,0x49,0x00,0x88, 
	0x02,0x32,0x48,0x01, 
	0x32,0x48,0x00,0xe5, 
	0x11,0x00,0x91,0xae, 
	0x7d,0xc1,0xae,0x7d, 
	0xe2,0xa0,0xff,0xf1, 
	0xae,0x7d,0x0c,0x4d, 
	0xb1,0xaa,0x7d,0xc0, 
	0x20,0x00,0xa9,0x0b, 
	0x81,0xad,0x7d,0xb1, 
	0xad,0x7d,0xa1,0xaa, 
	0x7d,0x32,0x48,0x00, 
	0x81,0xad,0x7d,0x32, 
	0x4a,0x00,0x32,0x4b, 
	0x00,0xa1,0xa9,0x7d, 
	0xb1,0xab,0x7d,0x32, 
	0x48,0x00,0x81,0xab, 
	0x7d,0x32,0x4b,0x00, 
	0x32,0x4a,0x00,0xb1, 
	0xaa,0x7d,0xa1,0xa7, 
	0x7d,0x32,0x48,0x00, 
	0x32,0x4a,0x00,0x81, 
	0xa8,0x7d,0xb2,0x0b, 
	0x00,0x32,0x48,0x00, 
	0x16,0x3b,0x05,0x26, 
	0x8b,0x63,0x26,0xbb, 
	0x74,0xa1,0x8e,0x7d, 
	0x51,0xa5,0x7d,0x62, 
	0xa0,0xef,0x72,0xa0, 
	0xf7,0x91,0xa1,0x7d, 
	0xf1,0xa3,0x7d,0x26, 
	0xdb,0x72,0x4c,0x88, 
	0x87,0x9b,0x44,0xd2, 
	0x4c,0x00,0xc0,0x20, 
	0x00,0x82,0x0a,0x1c, 
	0x70,0x88,0x10,0xc0, 
	0x20,0x00,0x82,0x4a, 
	0x1c,0xc0,0x20,0x00, 
	0xb2,0x0a,0x1e,0x60, 
	0xbb,0x10,0xc0,0x20, 
	0x00,0x42,0x45,0x00, 
	0xb2,0x4a,0x1e,0x32, 
	0x4f,0x00,0x32,0x49, 
	0x00,0x98,0x12,0x32, 
	0x49,0x1a,0xe2,0x49, 
	0x18,0x1d,0xf0,0x42, 
	0x49,0x00,0xd2,0x4c, 
	0x00,0x32,0x4f,0x00, 
	0xa8,0x52,0x32,0x4a, 
	0x1e,0xe2,0x4a,0x1c, 
	0x1d,0xf0,0xd2,0x4c, 
	0x00,0xb1,0x8e,0x7d, 
	0x42,0x49,0x00,0x32, 
	0x4b,0x00,0x98,0x42, 
	0x32,0x49,0x1a,0xc6, 
	0xf4,0xff,0x32,0x4f, 
	0x00,0x42,0x49,0x00, 
	0x1c,0x1d,0xd2,0x4c, 
	0x00,0x98,0x62,0x32, 
	0x49,0x1a,0x06,0xf0, 
	0xff,0xd2,0x4c,0x00, 
	0xc0,0x20,0x00,0x82, 
	0x0a,0x1c,0x70,0x88, 
	0x10,0xc0,0x20,0x00, 
	0x82,0x4a,0x1c,0xc0, 
	0x20,0x00,0xb2,0x0a, 
	0x1e,0x60,0xbb,0x10, 
	0xc0,0x20,0x00,0x42, 
	0x45,0x00,0xb2,0x4a, 
	0x1e,0x32,0x4f,0x00, 
	0x32,0x49,0x00,0x88, 
	0x82,0x32,0x48,0x16, 
	0xe2,0x48,0x14,0x1d, 
	0xf0,0x00,0x00,0x00, 
	0x36,0x41,0x00,0x21, 
	0x55,0x7d,0xc0,0x20, 
	0x00,0x28,0x02,0x1d, 
	0xf0,0x00,0x00,0x00, 
	0x36,0x61,0x00,0x51, 
	0x74,0x7d,0x52,0x25, 
	0x00,0x16,0x95,0x06, 
	0x31,0x73,0x7d,0xa1, 
	0x73,0x7d,0x0c,0x02, 
	0xa8,0x0a,0xa5,0x7c, 
	0x05,0x4d,0x0a,0xb9, 
	0x01,0xad,0x05,0x25, 
	0x7c,0x05,0xdd,0x03, 
	0xcd,0x02,0x6d,0x0a, 
	0x7d,0x0b,0xad,0x04, 
	0xb8,0x01,0xe5,0x5b, 
	0x04,0xd1,0x6b,0x7d, 
	0x0c,0x0c,0x65,0x32, 
	0x04,0xdd,0x03,0xcd, 
	0x02,0x5d,0x0b,0x4d, 
	0x0a,0xbd,0x07,0xad, 
	0x06,0x65,0x5a,0x04, 
	0xdd,0x0b,0xcd,0x0a, 
	0xbd,0x05,0xad,0x04, 
	0xa5,0x59,0x04,0x21, 
	0x46,0x7d,0xa5,0x70, 
	0x04,0xd1,0x62,0x7d, 
	0xa9,0x0d,0xa0,0xc0, 
	0xf5,0xc0,0x20,0x00, 
	0xc2,0x42,0x02,0xa0, 
	0xb8,0x41,0xc0,0x20, 
	0x00,0xb2,0x42,0x03, 
	0xc0,0x20,0x00,0xa2, 
	0x42,0x04,0x0c,0x02, 
	0x1d,0xf0,0x00,0x00, 
	0x36,0x41,0x00,0x21, 
	0x5a,0x7d,0x22,0x22, 
	0x00,0x16,0x02,0x05, 
	0xa1,0x53,0x7d,0x51, 
	0x38,0x7d,0xa8,0x0a, 
	0xe5,0x74,0x05,0x3d, 
	0x0a,0x4d,0x0b,0xad, 
	0x02,0x65,0x74,0x05, 
	0xcd,0x0a,0xdd,0x0b, 
	0xe5,0xef,0x03,0xdd, 
	0x0b,0xcd,0x0a,0xbd, 
	0x04,0xad,0x03,0x25, 
	0x54,0x04,0xd1,0x4f, 
	0x7d,0x0c,0x0c,0xe5, 
	0xee,0x03,0xd1,0x4e, 
	0x7d,0x0c,0x0c,0x25, 
	0x2a,0x04,0x25,0x6a, 
	0x04,0xa0,0xc0,0xf5, 
	0xc0,0x20,0x00,0xc2, 
	0x45,0x05,0xa0,0xb8, 
	0x41,0xc0,0x20,0x00, 
	0xb2,0x45,0x06,0xc0, 
	0x20,0x00,0xa2,0x45, 
	0x07,0x0c,0x02,0x1d, 
	0xf0,0x00,0x00,0x00, 
	0x36,0x41,0x00,0xa2, 
	0xa0,0x70,0xb1,0x15, 
	0x7d,0x0c,0x3e,0x82, 
	0xcb,0x80,0xc0,0x20, 
	0x00,0x92,0x08,0x12, 
	0xc0,0x20,0x00,0x52, 
	0x08,0x13,0xc0,0x20, 
	0x00,0x72,0x08,0x14, 
	0xbc,0x29,0x32,0xc9, 
	0xe0,0x16,0xf3,0x0b, 
	0xc2,0xc9,0xdf,0x16, 
	0xfc,0x0b,0xd2,0xc9, 
	0xd9,0x16,0x4d,0x0c, 
	0xf2,0xc9,0xd8,0x16, 
	0x4f,0x0c,0x32,0xc9, 
	0xc0,0x16,0x43,0x0c, 
	0xc2,0xc9,0xb0,0x16, 
	0x9c,0x0d,0xa0,0xd9, 
	0xc0,0x16,0x7d,0x0a, 
	0xc0,0x20,0x00,0xe2, 
	0x4b,0x10,0x0c,0x02, 
	0x1d,0xf0,0x61,0x0d, 
	0x7d,0xf2,0xa0,0xf0, 
	0xd1,0x2e,0x7d,0xc1, 
	0x08,0x7d,0x66,0x32, 
	0x38,0x9c,0xa7,0x0c, 
	0x02,0x2a,0x35,0x8a, 
	0x42,0x3a,0x36,0xc0, 
	0x20,0x00,0x32,0x03, 
	0x00,0xc0,0x20,0x00, 
	0x32,0x44,0x91,0x1b, 
	0x22,0x20,0x20,0x74, 
	0x27,0x97,0xe5,0xa7, 
	0x99,0x0e,0xf0,0x85, 
	0xc0,0x56,0x98,0x09, 
	0x92,0x0c,0x00,0xc0, 
	0x20,0x00,0x92,0x4b, 
	0x11,0xc0,0x20,0x00, 
	0xe2,0x4b,0x10,0xc6, 
	0xec,0xff,0x66,0x42, 
	0xb0,0x9c,0x77,0x8a, 
	0x77,0x6a,0x25,0x6d, 
	0x08,0xc0,0x20,0x00, 
	0xe2,0x06,0x15,0xc0, 
	0x20,0x00,0xe2,0x42, 
	0x00,0x1b,0x66,0x1b, 
	0x22,0x77,0x96,0xec, 
	0xa7,0x99,0x1d,0xf7, 
	0x95,0x48,0xc0,0x20, 
	0x00,0x22,0x08,0xf0, 
	0x20,0xf0,0x04,0xf2, 
	0x4c,0x00,0xc6,0x02, 
	0x00,0xa7,0x99,0x08, 
	0x32,0xa0,0xf7,0x30, 
	0x35,0xc0,0x16,0x33, 
	0x0c,0x0c,0x48,0xc0, 
	0x20,0x00,0x82,0x4b, 
	0x10,0x46,0xda,0xff, 
	0x61,0x0c,0x7d,0x86, 
	0xda,0xff,0x61,0x0b, 
	0x7d,0x06,0xd9,0xff, 
	0x6d,0x08,0xc6,0xd7, 
	0xff,0x61,0x09,0x7d, 
	0x46,0xd6,0xff,0x61, 
	0x09,0x7d,0xc6,0xd4, 
	0xff,0x61,0x08,0x7d, 
	0x46,0xd3,0xff,0xa7, 
	0x99,0xce,0xc2,0xa0, 
	0xf3,0xc7,0x95,0x2c, 
	0xc1,0x06,0x7d,0xc0, 
	0x20,0x00,0x22,0x08, 
	0xf3,0xc6,0xe9,0xff, 
	0x61,0x04,0x7d,0x86, 
	0xcc,0xff,0xa0,0xf9, 
	0xc0,0x56,0x8f,0xf6, 
	0x32,0xa0,0xf3,0x37, 
	0x95,0x22,0x81,0xfe, 
	0x7c,0x82,0x08,0x00, 
	0xc0,0x20,0x00,0x82, 
	0x4b,0x11,0xc6,0xd4, 
	0xff,0xa7,0x99,0x98, 
	0xc2,0xa0,0xf6,0xc7, 
	0x95,0x86,0xc0,0x20, 
	0x00,0x22,0x08,0xf6, 
	0xcd,0x0d,0x86,0xdc, 
	0xff,0x56,0xcf,0xf3, 
	0x32,0xa0,0xf6,0x37, 
	0x95,0x0b,0x82,0x0d, 
	0x00,0xc0,0x20,0x00, 
	0x82,0x4b,0x11,0x86, 
	0xca,0xff,0x56,0x7f, 
	0xf2,0xd2,0xa0,0xf7, 
	0xd7,0x95,0x0e,0xf1, 
	0xf0,0x7c,0xf2,0x0f, 
	0x00,0xc0,0x20,0x00, 
	0xf2,0x4b,0x11,0x86, 
	0xc4,0xff,0x56,0xff, 
	0xf0,0x82,0xa0,0xff, 
	0x80,0x85,0xc0,0x56, 
	0x68,0xf0,0x91,0xba, 
	0x7c,0x98,0x09,0x98, 
	0xa9,0x92,0x09,0x07, 
	0xc0,0x20,0x00,0x92, 
	0x4b,0x11,0xc6,0xbc, 
	0xff,0xd1,0xe4,0x7c, 
	0xc0,0x20,0x00,0x22, 
	0x08,0xf7,0x86,0xe8, 
	0xff,0x00,0x00,0x00, 
	0x36,0x41,0x00,0xc1, 
	0xdd,0x7c,0xe1,0xde, 
	0x7c,0x2c,0x9a,0xb1, 
	0xa8,0x7c,0xd1,0xb3, 
	0x7c,0x42,0xcb,0x80, 
	0xc0,0x20,0x00,0x72, 
	0x04,0x11,0x80,0x77, 
	0x11,0xc0,0x20,0x00, 
	0x62,0x04,0x12,0x70, 
	0x66,0x20,0xc0,0x20, 
	0x00,0x82,0x04,0x13, 
	0xc0,0x20,0x00,0x72, 
	0x04,0x14,0xc0,0x20, 
	0x00,0x52,0x04,0x15, 
	0xc0,0x20,0x00,0x91, 
	0xd3,0x7c,0x42,0x04, 
	0x16,0x9a,0x66,0xf6, 
	0xb6,0x3a,0xf1,0xd1, 
	0x7c,0x60,0x96,0x90, 
	0xfa,0x99,0xa0,0x09, 
	0x00,0x86,0x0c,0x00, 
	0x86,0x4e,0x00,0xc6, 
	0x4a,0x00,0x06,0x47, 
	0x00,0xc6,0x3f,0x00, 
	0x46,0x07,0x00,0x86, 
	0x06,0x00,0xc6,0x05, 
	0x00,0x06,0x05,0x00, 
	0x86,0x26,0x00,0x46, 
	0x1f,0x00,0x46,0x04, 
	0x00,0x46,0x13,0x00, 
	0x46,0x05,0x00,0x86, 
	0x00,0x00,0xc6,0x0e, 
	0x00,0xc0,0x20,0x00, 
	0xa2,0x4b,0x10,0xc0, 
	0x20,0x00,0xa2,0x4b, 
	0x10,0x0c,0x02,0x1d, 
	0xf0,0x82,0xa0,0xef, 
	0xc0,0x20,0x00,0x32, 
	0x0c,0x51,0x80,0x33, 
	0x10,0xc0,0x20,0x00, 
	0x32,0x4c,0x51,0x40, 
	0x20,0x34,0x66,0x52, 
	0xdd,0x1c,0x0d,0xc0, 
	0x20,0x00,0x92,0x0c, 
	0x51,0xd0,0x99,0x20, 
	0xc0,0x20,0x00,0x92, 
	0x4c,0x51,0x46,0xf2, 
	0xff,0xc0,0x20,0x00, 
	0x42,0x4d,0x08,0x06, 
	0xf0,0xff,0x61,0x84, 
	0x7c,0x32,0xa0,0x64, 
	0x80,0x28,0x01,0x00, 
	0xe7,0x11,0x80,0xf5, 
	0x11,0xf0,0xf4,0x20, 
	0x20,0xee,0x20,0xf0, 
	0xee,0x20,0x21,0x99, 
	0x7c,0xf1,0x7a,0x7c, 
	0x30,0x3e,0x82,0x39, 
	0x06,0xe9,0x02,0xe9, 
	0x0f,0x86,0xe5,0xff, 
	0x31,0x97,0x7c,0x80, 
	0x98,0x01,0x00,0x67, 
	0x11,0x80,0x25,0x11, 
	0x20,0x24,0x20,0x90, 
	0x66,0x20,0x60,0x22, 
	0x20,0x29,0x03,0x06, 
	0xdf,0xff,0x81,0x88, 
	0x7c,0xc1,0xa1,0x7c, 
	0x40,0x90,0x14,0xf1, 
	0x9f,0x7c,0x40,0xe4, 
	0x34,0xe2,0x4f,0x00, 
	0x92,0x4c,0x00,0x52, 
	0x48,0x00,0xc0,0x20, 
	0x00,0x52,0x4d,0x01, 
	0x72,0xa0,0xf3,0xc0, 
	0x20,0x00,0x62,0x0d, 
	0x40,0x70,0x66,0x10, 
	0xc0,0x20,0x00,0x62, 
	0x4d,0x40,0x40,0xf2, 
	0x04,0x40,0x33,0x04, 
	0xd0,0x33,0x11,0xe0, 
	0xff,0x11,0x30,0xff, 
	0x20,0xc0,0x20,0x00, 
	0xe2,0x0d,0x40,0xf0, 
	0xee,0x20,0xc0,0x20, 
	0x00,0xe2,0x4d,0x40, 
	0xc8,0x02,0x52,0x4c, 
	0x02,0x86,0xc9,0xff, 
	0x31,0x5a,0x7c,0x88, 
	0x03,0x88,0x88,0x40, 
	0x54,0x34,0x52,0x48, 
	0x1c,0x38,0x03,0x38, 
	0x83,0x40,0x20,0x04, 
	0x22,0x43,0x1d,0x06, 
	0xc3,0xff,0x40,0x97, 
	0x04,0xc0,0x20,0x00, 
	0x92,0x4c,0x03,0x06, 
	0xc0,0xff,0x40,0xc0, 
	0x04,0xc0,0x20,0x00, 
	0xc2,0x4e,0x03,0x06, 
	0xbd,0xff,0xc0,0x20, 
	0x00,0x42,0x4e,0x02, 
	0xc6,0xba,0xff,0x00, 
	0x36,0x41,0x00,0x2c, 
	0x87,0x81,0x77,0x7c, 
	0x51,0x42,0x7c,0x0c, 
	0x06,0x42,0xc5,0x80, 
	0xc0,0x20,0x00,0x92, 
	0x04,0x11,0x80,0x99, 
	0x11,0xc0,0x20,0x00, 
	0x42,0x04,0x12,0x21, 
	0x77,0x7c,0x90,0x44, 
	0x20,0x27,0x14,0x75, 
	0xa1,0x76,0x7c,0xb1, 
	0x76,0x7c,0xa7,0x94, 
	0x02,0x86,0x22,0x00, 
	0xb7,0x14,0x3b,0x81, 
	0x42,0x7c,0xc1,0x73, 
	0x7c,0x91,0x67,0x7c, 
	0xc0,0xc4,0xc0,0x16, 
	0xcc,0x09,0xd1,0x71, 
	0x7c,0xe1,0x71,0x7c, 
	0xd0,0xd4,0xc0,0x16, 
	0xcd,0x0b,0xe7,0x14, 
	0x1d,0xf1,0x6f,0x7c, 
	0x21,0x70,0x7c,0xf0, 
	0xf4,0xc0,0x16,0x6f, 
	0x0d,0x20,0x24,0xc0, 
	0x16,0x92,0x0f,0x31, 
	0x6d,0x7c,0x37,0x14, 
	0x0f,0xc0,0x20,0x00, 
	0x72,0x45,0x10,0xc0, 
	0x20,0x00,0x72,0x45, 
	0x10,0x0c,0x02,0x1d, 
	0xf0,0xc0,0x20,0x00, 
	0x62,0x45,0x11,0xc0, 
	0x20,0x00,0x62,0x45, 
	0x12,0xc0,0x20,0x00, 
	0x62,0x45,0x13,0xc0, 
	0x20,0x00,0x92,0x08, 
	0x08,0xc0,0x20,0x00, 
	0x92,0x45,0x14,0x06, 
	0xf5,0xff,0xc0,0x20, 
	0x00,0x62,0x45,0x11, 
	0xc0,0x20,0x00,0x62, 
	0x45,0x12,0xc0,0x20, 
	0x00,0x62,0x45,0x13, 
	0xc0,0x20,0x00,0xa2, 
	0x08,0x02,0xc0,0x20, 
	0x00,0xa2,0x45,0x14, 
	0xc6,0xec,0xff,0xc0, 
	0x20,0x00,0x62,0x45, 
	0x11,0xc0,0x20,0x00, 
	0x62,0x45,0x12,0xc0, 
	0x20,0x00,0x62,0x45, 
	0x13,0xc0,0x20,0x00, 
	0xb2,0x08,0x03,0xb0, 
	0xb0,0x04,0xc0,0x20, 
	0x00,0xb2,0x45,0x14, 
	0xc6,0xe3,0xff,0xc0, 
	0x20,0x00,0x62,0x45, 
	0x11,0xc0,0x20,0x00, 
	0x62,0x45,0x12,0xc0, 
	0x20,0x00,0xe2,0x09, 
	0xca,0xc0,0x20,0x00, 
	0xe2,0x45,0x13,0x0c, 
	0xcd,0xc0,0x20,0x00, 
	0xc2,0x08,0x40,0xd0, 
	0xcc,0x10,0xc0,0x20, 
	0x00,0xc2,0x45,0x14, 
	0xc6,0xd8,0xff,0xf1, 
	0x28,0x7c,0xf8,0x0f, 
	0xf0,0x88,0x75,0xc0, 
	0x20,0x00,0x82,0x45, 
	0x11,0xf0,0x30,0xf5, 
	0xc0,0x20,0x00,0x32, 
	0x45,0x12,0xf0,0x28, 
	0x41,0xc0,0x20,0x00, 
	0x22,0x45,0x13,0xc0, 
	0x20,0x00,0xf2,0x45, 
	0x14,0x86,0xce,0xff, 
	0x21,0x1c,0x7c,0x28, 
	0x02,0x20,0x98,0x75, 
	0xc0,0x20,0x00,0x92, 
	0x45,0x11,0x20,0x80, 
	0xf5,0xc0,0x20,0x00, 
	0x82,0x45,0x12,0x20, 
	0x38,0x41,0xc0,0x20, 
	0x00,0x32,0x45,0x13, 
	0xc0,0x20,0x00,0x22, 
	0x45,0x14,0x46,0xc4, 
	0xff,0xc0,0x20,0x00, 
	0x62,0x45,0x11,0xc0, 
	0x20,0x00,0x62,0x45, 
	0x12,0xc0,0x20,0x00, 
	0x62,0x45,0x13,0xc0, 
	0x20,0x00,0x82,0x09, 
	0x51,0x80,0x84,0x04, 
	0xc0,0x20,0x00,0x82, 
	0x45,0x14,0x46,0xbb, 
	0xff,0x00,0x00,0x00, 
	0x36,0x41,0x00,0x21, 
	0xed,0x7b,0x91,0x24, 
	0x7c,0xc0,0x20,0x00, 
	0x92,0x09,0x11,0x26, 
	0x29,0x70,0xa2,0xc9, 
	0xfc,0x16,0x9a,0x0a, 
	0xb2,0xc9,0xf8,0x16, 
	0xeb,0x0c,0xc2,0xc9, 
	0xf0,0x16,0x3c,0x0f, 
	0xd2,0xc9,0xe0,0x16, 
	0x8d,0x11,0x26,0xd9, 
	0x0e,0x66,0xe9,0x7a, 
	0x0c,0x5b,0xa1,0xdc, 
	0x7b,0x0c,0x2c,0xa8, 
	0x0a,0xe5,0x83,0xff, 
	0x91,0xf3,0x7b,0x92, 
	0x09,0x00,0x22,0xa0, 
	0x80,0xb2,0xc9,0xc0, 
	0x16,0x2b,0x12,0xa2, 
	0xc9,0xb0,0x16,0xca, 
	0x11,0xb2,0xc9,0xb8, 
	0x16,0x6b,0x11,0x66, 
	0x89,0x50,0x31,0xfa, 
	0x7b,0xc0,0x20,0x00, 
	0xc2,0x03,0x00,0xc0, 
	0xc0,0x64,0xc0,0x20, 
	0x00,0xc2,0x43,0x00, 
	0x0c,0x5a,0x25,0x7d, 
	0xff,0xc0,0x20,0x00, 
	0xd2,0x03,0x00,0x20, 
	0xdd,0x20,0xc0,0x20, 
	0x00,0xd2,0x43,0x00, 
	0xc6,0x09,0x00,0xf2, 
	0xa0,0xfd,0xc0,0x20, 
	0x00,0xe2,0x02,0x00, 
	0xf0,0xee,0x10,0xc0, 
	0x20,0x00,0xe2,0x42, 
	0x00,0x0c,0x5a,0xa5, 
	0x7a,0xff,0x0c,0x29, 
	0xc0,0x20,0x00,0x82, 
	0x02,0x00,0x90,0x88, 
	0x20,0xc0,0x20,0x00, 
	0x82,0x42,0x00,0x0c, 
	0x02,0xc1,0xb9,0x7b, 
	0xc0,0x20,0x00,0x29, 
	0x0c,0x1c,0x1a,0xb1, 
	0xb4,0x7b,0xc0,0x20, 
	0x00,0xa2,0x4b,0x10, 
	0x1d,0xf0,0xe2,0xa0, 
	0xfb,0xc0,0x20,0x00, 
	0xd2,0x02,0x00,0xe0, 
	0xdd,0x10,0xc0,0x20, 
	0x00,0xd2,0x42,0x00, 
	0x0c,0x5a,0xa5,0x76, 
	0xff,0x0c,0x48,0xc0, 
	0x20,0x00,0xf2,0x02, 
	0x00,0x80,0xff,0x20, 
	0xc0,0x20,0x00,0xf2, 
	0x42,0x00,0x46,0xef, 
	0xff,0xa2,0xa0,0xf7, 
	0xc0,0x20,0x00,0x92, 
	0x02,0x00,0xa0,0x99, 
	0x10,0xc0,0x20,0x00, 
	0x92,0x42,0x00,0x0c, 
	0x5a,0xe5,0x73,0xff, 
	0x0c,0x8c,0xc0,0x20, 
	0x00,0xb2,0x02,0x00, 
	0xc0,0xbb,0x20,0xc0, 
	0x20,0x00,0xb2,0x42, 
	0x00,0x86,0xe4,0xff, 
	0xe2,0xa0,0xef,0xc0, 
	0x20,0x00,0xd2,0x02, 
	0x00,0xe0,0xdd,0x10, 
	0xc0,0x20,0x00,0xd2, 
	0x42,0x00,0x0c,0x5a, 
	0x25,0x71,0xff,0x1c, 
	0x08,0xc0,0x20,0x00, 
	0xf2,0x02,0x00,0x80, 
	0xff,0x20,0xc0,0x20, 
	0x00,0xf2,0x42,0x00, 
	0xc6,0xd9,0xff,0xa2, 
	0xa0,0xdf,0xc0,0x20, 
	0x00,0x92,0x02,0x00, 
	0xa0,0x99,0x10,0xc0, 
	0x20,0x00,0x92,0x42, 
	0x00,0x0c,0x5a,0xa5, 
	0x6e,0xff,0x2c,0x0c, 
	0xc0,0x20,0x00,0xb2, 
	0x02,0x00,0xc0,0xbb, 
	0x20,0xc0,0x20,0x00, 
	0xb2,0x42,0x00,0x06, 
	0xcf,0xff,0x31,0xb6, 
	0x7b,0xc0,0x20,0x00, 
	0xd2,0x03,0x00,0xd0, 
	0xd0,0x64,0xc0,0x20, 
	0x00,0xd2,0x43,0x00, 
	0x0c,0x5a,0xe5,0x6b, 
	0xff,0xc0,0x20,0x00, 
	0xe2,0x03,0x00,0x20, 
	0xee,0x20,0xc0,0x20, 
	0x00,0xe2,0x43,0x00, 
	0xc6,0xc4,0xff,0x00, 
	0x36,0x41,0x00,0x41, 
	0xc0,0x7b,0x31,0x9d, 
	0x7b,0x0c,0x12,0x22, 
	0x43,0x00,0x22,0x44, 
	0x00,0x0c,0x02,0x1d, 
	0xf0,0x00,0x00,0x00, 
	0x36,0xe1,0x00,0x0c, 
	0x17,0x0c,0x0b,0x91, 
	0x97,0x7b,0x32,0xa0, 
	0x8f,0xc2,0xa0,0x80, 
	0xa1,0x94,0x7b,0x51, 
	0xb7,0x7b,0x82,0x0a, 
	0x00,0x41,0x7b,0x7b, 
	0x56,0x08,0x05,0xc0, 
	0x20,0x00,0xe2,0x04, 
	0x00,0xe0,0xe0,0x64, 
	0xc0,0x20,0x00,0xe2, 
	0x44,0x00,0xc0,0x20, 
	0x00,0xb2,0x44,0x05, 
	0xc0,0x20,0x00,0xb2, 
	0x44,0x06,0xc0,0x20, 
	0x00,0xb2,0x44,0x07, 
	0xc0,0x20,0x00,0xd2, 
	0x04,0x1a,0x30,0xdd, 
	0x10,0xc0,0x20,0x00, 
	0xd2,0x44,0x1a,0xc0, 
	0x20,0x00,0xb2,0x04, 
	0x25,0xc0,0xbb,0x20, 
	0xc0,0x20,0x00,0xb2, 
	0x44,0x25,0x72,0x4a, 
	0x00,0x72,0x49,0x00, 
	0x65,0x82,0xff,0xc0, 
	0x20,0x00,0xa9,0x05, 
	0x0c,0x02,0x1d,0xf0, 
	0x4c,0x86,0xf1,0x79, 
	0x7b,0xe1,0x58,0x7b, 
	0xd2,0x0f,0x00,0xc0, 
	0x20,0x00,0x82,0x04, 
	0x9c,0x77,0x68,0x0d, 
	0x31,0x7b,0x7b,0x67, 
	0x9d,0x15,0x88,0x12, 
	0x72,0x48,0x1a,0x86, 
	0x05,0x00,0x67,0x1d, 
	0x02,0x46,0x22,0x00, 
	0x98,0x12,0xb2,0x49, 
	0x1a,0x46,0x22,0x00, 
	0x66,0xdd,0x05,0xc2, 
	0x22,0x08,0x72,0x4c, 
	0x16,0xd1,0x90,0x7b, 
	0xc1,0x76,0x7b,0xd2, 
	0x0d,0x00,0x32,0x23, 
	0x00,0x16,0x3d,0x0e, 
	0xc1,0x8f,0x7b,0x0c, 
	0x0d,0xd2,0x61,0x11, 
	0xc2,0x61,0x10,0x2c, 
	0x0b,0xc0,0x20,0x00, 
	0xa2,0x04,0x25,0xb0, 
	0xaa,0x10,0xa9,0x71, 
	0xc0,0x20,0x00,0x92, 
	0x04,0x9c,0x90,0x90, 
	0x34,0x80,0x99,0x11, 
	0xc0,0x20,0x00,0x82, 
	0x04,0x9d,0xad,0x03, 
	0x90,0x88,0x20,0x80, 
	0x80,0xf4,0x89,0x81, 
	0xe5,0xf8,0x04,0xb9, 
	0x91,0x0c,0x1d,0xc8, 
	0x71,0x0c,0x08,0xa9, 
	0xa1,0x0c,0x0e,0xf1, 
	0x80,0x7b,0x91,0x7e, 
	0x7b,0x99,0x21,0xf9, 
	0x01,0xe9,0x11,0xa8, 
	0x81,0x89,0x31,0xc0, 
	0xcd,0x93,0xc9,0xb1, 
	0x65,0xf7,0x04,0xa9, 
	0xd1,0xe8,0xb1,0xb9, 
	0xc1,0xec,0xee,0xa8, 
	0x11,0xb8,0x01,0x86, 
	0x0b,0x00,0x66,0xdd, 
	0x04,0x88,0x82,0xb2, 
	0x48,0x16,0x25,0x76, 
	0xff,0xc0,0x20,0x00, 
	0xc8,0x05,0x3c,0x19, 
	0xc0,0xba,0xc0,0xb7, 
	0xb9,0x02,0x86,0x79, 
	0x00,0xe1,0x49,0x7b, 
	0x72,0x4e,0x00,0xd8, 
	0x02,0x72,0x4d,0x01, 
	0x06,0xc8,0xff,0xa2, 
	0x21,0x03,0xb2,0x21, 
	0x02,0xa9,0xf1,0xb9, 
	0xe1,0xd2,0x21,0x10, 
	0xc2,0x21,0x11,0xe5, 
	0xa9,0x03,0xd8,0xc1, 
	0xc8,0xd1,0xe5,0x82, 
	0x03,0xd8,0x91,0xc8, 
	0xa1,0xe5,0xa8,0x03, 
	0xd8,0xe1,0xc8,0xf1, 
	0x65,0xd1,0x03,0xd2, 
	0x21,0x10,0xc2,0x21, 
	0x11,0x25,0x6c,0x03, 
	0xe5,0xe7,0x03,0xc1, 
	0x41,0x7b,0xa9,0x0c, 
	0xa0,0x98,0x41,0xf1, 
	0x34,0x7b,0xc0,0x20, 
	0x00,0xe1,0x12,0x7b, 
	0x92,0x4e,0x11,0xc0, 
	0x20,0x00,0xa2,0x4e, 
	0x12,0x46,0x09,0x00, 
	0xa1,0x53,0x7b,0xc0, 
	0x20,0x00,0xd2,0x0a, 
	0x12,0x80,0xdd,0x11, 
	0xc0,0x20,0x00,0xa2, 
	0x0a,0x13,0xd0,0xaa, 
	0x20,0xa9,0x0c,0xa0, 
	0xd8,0x41,0xc0,0x20, 
	0x00,0xd2,0x4e,0x11, 
	0xc0,0x20,0x00,0xa2, 
	0x4e,0x12,0xe0,0x8a, 
	0x11,0x37,0xb8,0x18, 
	0xd0,0x9a,0x11,0x37, 
	0xb9,0x02,0xc6,0x67, 
	0x00,0x0c,0x2d,0x0c, 
	0x1c,0x06,0x03,0x00, 
	0x90,0xca,0x11,0x37, 
	0x3c,0x02,0x46,0x6e, 
	0x00,0x0c,0x1d,0x0c, 
	0x0c,0x0c,0x29,0x92, 
	0x61,0x12,0xc0,0x20, 
	0x00,0x92,0x04,0x1a, 
	0x82,0xa0,0x8f,0x80, 
	0x99,0x10,0xc0,0x20, 
	0x00,0x92,0x44,0x1a, 
	0xc0,0x8c,0x11,0xc0, 
	0x20,0x00,0x92,0x04, 
	0x1a,0x80,0x99,0x20, 
	0xc0,0x20,0x00,0x82, 
	0x0f,0x00,0x92,0x44, 
	0x1a,0x67,0x98,0x35, 
	0x81,0x3b,0x7b,0xc2, 
	0xa0,0xf8,0xa7,0x38, 
	0x17,0xc0,0x20,0x00, 
	0x92,0x04,0x24,0x82, 
	0x21,0x12,0xc0,0x99, 
	0x10,0x80,0x99,0x20, 
	0xc0,0x20,0x00,0x92, 
	0x44,0x24,0x06,0x05, 
	0x00,0x92,0xa0,0x04, 
	0xc0,0x20,0x00,0x82, 
	0x04,0x24,0xc0,0x88, 
	0x10,0x90,0x88,0x20, 
	0xc0,0x20,0x00,0x82, 
	0x44,0x24,0xa0,0xad, 
	0x82,0x16,0xba,0x03, 
	0xa5,0xe2,0x04,0xa9, 
	0x51,0xb9,0x41,0xad, 
	0x03,0x25,0xe2,0x04, 
	0x3d,0x0a,0xb9,0x61, 
	0xd8,0x41,0xc8,0x51, 
	0xbd,0x0d,0xad,0x0c, 
	0x25,0x5d,0x03,0xcd, 
	0x0a,0xdd,0x0b,0xad, 
	0x03,0xb8,0x61,0x65, 
	0xc1,0x03,0xd1,0x04, 
	0x7b,0x0c,0x0c,0x25, 
	0x5c,0x03,0xd1,0x03, 
	0x7b,0x0c,0x0c,0x65, 
	0x97,0x03,0x65,0xd7, 
	0x03,0x46,0x00,0x00, 
	0x0c,0x0a,0xa0,0xc0, 
	0xf5,0xc0,0x20,0x00, 
	0xc2,0x44,0x05,0xa0, 
	0xb8,0x41,0xc0,0x20, 
	0x00,0xb2,0x44,0x06, 
	0xc0,0x20,0x00,0xa2, 
	0x44,0x07,0xc0,0x20, 
	0x00,0x92,0x04,0x25, 
	0x90,0x90,0x64,0xc0, 
	0x20,0x00,0x92,0x44, 
	0x25,0x65,0x5d,0xff, 
	0xe8,0x92,0xc0,0x20, 
	0x00,0xd8,0x05,0xd0, 
	0xda,0xc0,0xd9,0x1e, 
	0x65,0x5c,0xff,0xc0, 
	0x20,0x00,0xf8,0x05, 
	0x3c,0x1e,0xf0,0xfa, 
	0xc0,0xf7,0x3e,0x38, 
	0xa1,0xec,0x7a,0x81, 
	0x0b,0x7b,0xa8,0x0a, 
	0xa7,0xb8,0x05,0xb1, 
	0x0a,0x7b,0xa7,0xbb, 
	0x1a,0xc1,0x09,0x7b, 
	0xa7,0xbc,0x05,0xd1, 
	0x09,0x7b,0xa7,0xbd, 
	0x0e,0xf8,0x12,0x0c, 
	0x0e,0x0c,0x38,0x82, 
	0x61,0x12,0xe2,0x4f, 
	0x1a,0x06,0x01,0x00, 
	0x98,0x12,0x72,0x49, 
	0x1a,0xb8,0x02,0xa2, 
	0x21,0x12,0xa2,0x4b, 
	0x01,0xc1,0xd6,0x7a, 
	0xe1,0xd5,0x7a,0xf1, 
	0xd3,0x7a,0x0c,0x0d, 
	0xd2,0x4f,0x00,0xd2, 
	0x4e,0x00,0x72,0x4c, 
	0x00,0x86,0x0c,0x00, 
	0x0c,0x33,0x91,0xcf, 
	0x7a,0xa1,0xcd,0x7a, 
	0x0c,0x08,0x82,0x4a, 
	0x00,0x82,0x49,0x00, 
	0x65,0x55,0xff,0xe8, 
	0x92,0xc0,0x20,0x00, 
	0xd8,0x05,0xc8,0x02, 
	0xd0,0xda,0xc0,0xd9, 
	0x1e,0x32,0x4c,0x01, 
	0xc0,0x20,0x00,0xb2, 
	0x04,0x25,0xb0,0xb0, 
	0x64,0xc0,0x20,0x00, 
	0xb2,0x44,0x25,0xe1, 
	0xc0,0x7a,0xe2,0x0e, 
	0x00,0x2c,0x3f,0x60, 
	0xee,0xc0,0x16,0x6e, 
	0xd0,0xc0,0x20,0x00, 
	0x81,0x9c,0x7a,0xf2, 
	0x48,0x10,0x86,0x3e, 
	0xff,0xc0,0x9a,0x11, 
	0x37,0x39,0x06,0x0c, 
	0x4d,0x0c,0x2c,0x86, 
	0x99,0xff,0xb0,0xca, 
	0x11,0x37,0x3c,0x06, 
	0x0c,0x8d,0x0c,0x3c, 
	0x46,0x96,0xff,0xa0, 
	0xda,0x11,0x37,0xbd, 
	0x02,0xc6,0x90,0xff, 
	0x1c,0x0d,0x0c,0x4c, 
	0x46,0x92,0xff,0x2c, 
	0x0d,0x0c,0x5c,0x86, 
	0x90,0xff,0x00,0x00, 
	0x36,0x41,0x00,0x0c, 
	0x16,0x41,0xaf,0x7a, 
	0xa2,0xa0,0x80,0x31, 
	0x96,0x7a,0x71,0xd8, 
	0x7a,0xcd,0x02,0x82, 
	0x07,0x00,0x21,0xcd, 
	0x7a,0x56,0xc8,0x04, 
	0xc0,0x20,0x00,0xc2, 
	0x03,0x00,0xc0,0xc0, 
	0x64,0xc0,0x20,0x00, 
	0xb1,0xad,0x7a,0xc2, 
	0x43,0x00,0xb8,0x0b, 
	0xb0,0xd0,0xf5,0xc0, 
	0x20,0x00,0xd2,0x43, 
	0x02,0xb0,0xc8,0x41, 
	0xc0,0x20,0x00,0xc2, 
	0x43,0x03,0xc0,0x20, 
	0x00,0xb2,0x43,0x04, 
	0xc0,0x20,0x00,0x92, 
	0x03,0x32,0xa0,0x99, 
	0x20,0xc0,0x20,0x00, 
	0x92,0x43,0x32,0x62, 
	0x47,0x00,0xe5,0x48, 
	0xff,0xc0,0x20,0x00, 
	0xa9,0x02,0x62,0x44, 
	0x00,0x0c,0x02,0x1d, 
	0xf0,0x0c,0x05,0xc0, 
	0x20,0x00,0xd2,0x03, 
	0xa6,0xf1,0x70,0x7a, 
	0xd0,0xd7,0x04,0x16, 
	0x3d,0x14,0x0c,0x86, 
	0xc0,0x20,0x00,0xe2, 
	0x03,0x32,0xc0,0x20, 
	0x00,0xd2,0x03,0xa7, 
	0xd0,0xd0,0x64,0x80, 
	0xdd,0x11,0xc0,0x20, 
	0x00,0xb2,0x03,0xa8, 
	0xd0,0xbb,0x20,0x80, 
	0xbb,0x23,0xb0,0x88, 
	0x21,0xc0,0x20,0x00, 
	0x82,0x4f,0x60,0xc0, 
	0x20,0x00,0xb2,0x4f, 
	0x61,0x37,0x6e,0x11, 
	0xe1,0xb2,0x7a,0xd1, 
	0xb2,0x7a,0xb7,0xae, 
	0x05,0xb2,0xdb,0xe0, 
	0x80,0xbb,0x23,0x86, 
	0x03,0x00,0xd2,0xa7, 
	0xff,0xb7,0xad,0x05, 
	0xb2,0xdb,0xf0,0x80, 
	0xbb,0x23,0xd1,0xac, 
	0x7a,0x4c,0x8a,0xe1, 
	0x7f,0x7a,0xc0,0x20, 
	0x00,0x81,0x82,0x7a, 
	0xf2,0x03,0xa6,0x88, 
	0x08,0xf0,0xf0,0x14, 
	0x80,0xbb,0x82,0x0c, 
	0x48,0x80,0xff,0xa0, 
	0xf0,0xf0,0x74,0x88, 
	0x0c,0xf0,0xfd,0xc1, 
	0xd2,0x08,0x02,0xf0, 
	0xbb,0xd2,0xa7,0x9d, 
	0x0b,0xa8,0x0e,0x98, 
	0x1c,0x16,0xaa,0x0e, 
	0xb9,0x19,0x06,0x04, 
	0x00,0x66,0xdd,0x0d, 
	0xd8,0x0e,0x98,0x8c, 
	0xcc,0x3d,0x59,0x19, 
	0x86,0x00,0x00,0xb2, 
	0x69,0x01,0x22,0x2e, 
	0x00,0x16,0x02,0x03, 
	0xa1,0x6e,0x7a,0xa8, 
	0x0a,0xaa,0xab,0x65, 
	0xbb,0x04,0xd1,0x6c, 
	0x7a,0x0c,0x0c,0xa5, 
	0x72,0x03,0x6d,0x0a, 
	0x7d,0x0b,0xad,0x02, 
	0x25,0xba,0x04,0xdd, 
	0x0b,0xcd,0x0a,0xbd, 
	0x07,0xad,0x06,0x65, 
	0x9a,0x03,0x71,0x8b, 
	0x7a,0x0c,0x86,0x25, 
	0xb1,0x03,0x46,0x00, 
	0x00,0x0c,0x0a,0xa0, 
	0xd0,0xf5,0xc0,0x20, 
	0x00,0xd2,0x43,0x02, 
	0xa0,0xc8,0x41,0xc0, 
	0x20,0x00,0xc2,0x43, 
	0x03,0xc0,0x20,0x00, 
	0xa2,0x43,0x04,0xc0, 
	0x20,0x00,0xb2,0x03, 
	0x32,0xb0,0xb0,0x64, 
	0xc0,0x20,0x00,0xa1, 
	0x50,0x7a,0xb2,0x43, 
	0x32,0xa2,0x0a,0x00, 
	0xb2,0xa0,0x60,0xb7, 
	0x1a,0x18,0xe2,0xa0, 
	0x61,0xe7,0x1a,0x12, 
	0xf2,0xa0,0x62,0xf7, 
	0x1a,0x0c,0x26,0xda, 
	0x09,0x5c,0x08,0x87, 
	0x1a,0x04,0x4c,0x89, 
	0x97,0x9a,0x45,0xc0, 
	0x20,0x00,0xc2,0x03, 
	0x1c,0x60,0xcc,0x20, 
	0xc0,0x20,0x00,0xc2, 
	0x43,0x1c,0x1c,0x0b, 
	0xc0,0x20,0x00,0xa2, 
	0x03,0x1e,0xb0,0xaa, 
	0x20,0xc0,0x20,0x00, 
	0xa2,0x43,0x1e,0x86, 
	0x08,0x00,0xa5,0x32, 
	0xff,0xc0,0x20,0x00, 
	0xe8,0x02,0xd2,0xa1, 
	0x2c,0xe0,0xea,0xc0, 
	0xe7,0x3d,0x02,0xc6, 
	0xa3,0xff,0xc0,0x20, 
	0x00,0xf2,0x03,0x32, 
	0xf0,0xf0,0x64,0xc0, 
	0x20,0x00,0xf2,0x43, 
	0x32,0x52,0x44,0x00, 
	0x6d,0x05,0x4d,0x07, 
	0x86,0x9d,0xff,0x59, 
	0x19,0x46,0xc9,0xff, 
	0x36,0x01,0x01,0x52, 
	0xa0,0x01,0x62,0xa0, 
	0x00,0x41,0x54,0x7a, 
	0x71,0x1a,0x7a,0x10, 
	0xa1,0x20,0xb1,0x5f, 
	0x7a,0x2c,0xec,0x31, 
	0x22,0x7a,0x25,0xb5, 
	0x04,0x92,0x03,0x00, 
	0xec,0xd9,0xc0,0x20, 
	0x00,0xc2,0x07,0x00, 
	0xc0,0xc0,0x64,0xc0, 
	0x20,0x00,0xc2,0x47, 
	0x00,0x52,0x43,0x00, 
	0x91,0x5a,0x7a,0xb1, 
	0x57,0x7a,0xa1,0x57, 
	0x7a,0x62,0x4b,0x00, 
	0x62,0x4a,0x00,0x62, 
	0x49,0x00,0x25,0x2b, 
	0xff,0xc0,0x20,0x00, 
	0xa9,0x04,0x92,0x03, 
	0x00,0x41,0x0e,0x7a, 
	0x0c,0x3a,0x66,0x19, 
	0x7a,0xc0,0x20,0x00, 
	0xf2,0x07,0xb8,0x77, 
	0x6f,0x56,0xc0,0x20, 
	0x00,0xb2,0x07,0xbc, 
	0x81,0x4c,0x7a,0xb0, 
	0xb4,0x34,0xb2,0x48, 
	0x00,0x16,0xeb,0x26, 
	0x91,0x4a,0x7a,0xa1, 
	0x47,0x7a,0x92,0x09, 
	0x00,0xc2,0x0a,0x00, 
	0xb6,0x69,0x02,0x06, 
	0x97,0x00,0xb0,0xcc, 
	0xc0,0xcc,0x0c,0x1b, 
	0x69,0xf1,0x43,0x7a, 
	0x81,0x41,0x7a,0x62, 
	0x4f,0x00,0xb2,0x48, 
	0x00,0xe2,0xa0,0xdf, 
	0x21,0x30,0x7a,0xc0, 
	0x20,0x00,0xd2,0x07, 
	0x00,0xe0,0xdd,0x10, 
	0xc0,0x20,0x00,0xd2, 
	0x47,0x00,0xa5,0x24, 
	0xff,0xc0,0x20,0x00, 
	0xa9,0x02,0x86,0x2a, 
	0x00,0xe5,0x23,0xff, 
	0xc0,0x20,0x00,0xd1, 
	0x27,0x7a,0xd8,0x0d, 
	0x3c,0x19,0xd0,0xca, 
	0xc0,0xc7,0xb9,0x02, 
	0xc6,0xd4,0x00,0x0c, 
	0x3a,0x92,0x03,0x00, 
	0xf1,0xfc,0x79,0xe1, 
	0xf0,0x79,0x0c,0x08, 
	0xc1,0x01,0x7a,0xc2, 
	0x61,0x16,0x82,0x61, 
	0x17,0x66,0x29,0x3f, 
	0xc0,0x20,0x00,0x82, 
	0x07,0xbb,0x77,0x68, 
	0x16,0xa2,0x43,0x00, 
	0xc0,0x20,0x00,0x92, 
	0x07,0xb8,0x90,0x94, 
	0x24,0x0b,0xc9,0x56, 
	0x2c,0x0c,0x21,0x21, 
	0x7a,0xc6,0x33,0x00, 
	0xe5,0x1e,0xff,0xf1, 
	0xee,0x79,0xe1,0xe2, 
	0x79,0xc0,0x20,0x00, 
	0x81,0x12,0x7a,0x88, 
	0x08,0xc2,0xa0,0x63, 
	0x80,0xda,0xc0,0xd7, 
	0xbc,0x02,0x46,0xc3, 
	0x00,0x92,0x03,0x00, 
	0xb1,0xd8,0x79,0x66, 
	0x39,0x19,0x92,0x0f, 
	0x00,0xc0,0x20,0x00, 
	0xc2,0x07,0xc2,0xc0, 
	0xc0,0x14,0x66,0x3c, 
	0x2a,0x56,0xd9,0x1b, 
	0xd8,0x52,0x52,0x4d, 
	0x1e,0x86,0x6f,0x00, 
	0xc2,0x0b,0x00,0x98, 
	0x02,0xcc,0x4c,0x52, 
	0x49,0x01,0x86,0x03, 
	0x00,0x52,0x49,0x01, 
	0x62,0x4b,0x00,0x62, 
	0x44,0x00,0x62,0x4e, 
	0x00,0x62,0x43,0x00, 
	0x0c,0x02,0x1d,0xf0, 
	0xcc,0x69,0xf8,0x52, 
	0x62,0x4f,0x1e,0xc6, 
	0x01,0x00,0x66,0xb9, 
	0x04,0x88,0x62,0x62, 
	0x48,0x1a,0x71,0xf8, 
	0x79,0xa5,0x17,0xff, 
	0xb1,0xc2,0x79,0xe1, 
	0xc5,0x79,0xc2,0x0b, 
	0x00,0xc0,0x20,0x00, 
	0xd8,0x07,0x2c,0x79, 
	0xd0,0xaa,0xc0,0xa7, 
	0xb9,0xb4,0x8d,0x01, 
	0x91,0x02,0x7a,0xa2, 
	0x04,0x00,0x98,0x09, 
	0x80,0x8a,0x90,0x82, 
	0x98,0x00,0xf1,0xff, 
	0x79,0x90,0x88,0x82, 
	0x0c,0x29,0x92,0x43, 
	0x00,0x87,0x2f,0x02, 
	0x86,0x4f,0x00,0x62, 
	0x44,0x00,0x1b,0xcc, 
	0xc0,0xc0,0x74,0xc2, 
	0x4b,0x00,0x46,0xe1, 
	0xff,0xcc,0x49,0x21, 
	0xf8,0x79,0x86,0x02, 
	0x00,0xd1,0xef,0x79, 
	0xe2,0xc9,0xfe,0xe0, 
	0x5d,0x83,0x2d,0x05, 
	0x92,0x0f,0x00,0x56, 
	0xf9,0x0d,0xa1,0xd2, 
	0x79,0xa2,0x0a,0x00, 
	0xe5,0x90,0x04,0xd1, 
	0xf1,0x79,0x0c,0x0c, 
	0x65,0x47,0x03,0x3d, 
	0x0a,0x20,0xa2,0xf0, 
	0x2d,0x0b,0xe5,0x8f, 
	0x04,0xdd,0x0b,0xcd, 
	0x0a,0xbd,0x02,0xad, 
	0x03,0x25,0x6f,0x03, 
	0x25,0x86,0x03,0xc1, 
	0xe6,0x79,0xa9,0x0c, 
	0x21,0xb4,0x79,0x28, 
	0x02,0x16,0x22,0x07, 
	0xa1,0xb4,0x79,0xa8, 
	0x0a,0xe5,0x8c,0x04, 
	0x3d,0x0b,0xb2,0x04, 
	0x00,0x4d,0x0a,0xad, 
	0x01,0xa0,0xab,0x90, 
	0xa2,0x9a,0x00,0xa5, 
	0x8c,0x04,0x5d,0x0a, 
	0xa1,0xdc,0x79,0x6d, 
	0x0b,0xa8,0x0a,0x25, 
	0x8b,0x04,0xd2,0x21, 
	0x16,0xc2,0x21,0x17, 
	0x25,0x6b,0x03,0xdd, 
	0x0b,0xcd,0x0a,0xbd, 
	0x06,0xad,0x05,0xa5, 
	0x41,0x03,0xdd,0x0b, 
	0xcd,0x0a,0xbd,0x03, 
	0xad,0x04,0x25,0x05, 
	0x03,0x3d,0x0a,0x4d, 
	0x0b,0xad,0x02,0xa5, 
	0x88,0x04,0xdd,0x0b, 
	0xcd,0x0a,0xb1,0xd2, 
	0x79,0x0c,0x0a,0xa5, 
	0x68,0x03,0xdd,0x0b, 
	0xcd,0x0a,0xbd,0x04, 
	0xad,0x03,0xe5,0x3e, 
	0x03,0xd1,0x9b,0x79, 
	0x0c,0x0c,0x65,0x3e, 
	0x03,0x65,0x7e,0x03, 
	0x46,0x00,0x00,0x0c, 
	0x0a,0x21,0xb4,0x79, 
	0xa0,0xd0,0xf5,0xc0, 
	0x20,0x00,0xd2,0x47, 
	0x02,0xa0,0xc8,0x41, 
	0xc0,0x20,0x00,0xc2, 
	0x47,0x03,0xc0,0x20, 
	0x00,0xa2,0x47,0x04, 
	0xc0,0x20,0x00,0xb2, 
	0x07,0x40,0xb0,0xb0, 
	0x64,0xc0,0x20,0x00, 
	0xb2,0x47,0x40,0x65, 
	0x04,0xff,0xc0,0x20, 
	0x00,0xa9,0x02,0x46, 
	0xa9,0xff,0xe2,0xc9, 
	0xf0,0x56,0x7e,0xf4, 
	0xad,0x02,0xe5,0x82, 
	0x04,0xd1,0xba,0x79, 
	0x0c,0x0c,0x65,0x39, 
	0x03,0xdd,0x0b,0xcd, 
	0x0a,0xb1,0xb8,0x79, 
	0x0c,0x0a,0xa5,0x61, 
	0x03,0xa5,0x78,0x03, 
	0xc6,0xc8,0xff,0x0c, 
	0x2f,0xf2,0x43,0x00, 
	0xe5,0x00,0xff,0xc0, 
	0x20,0x00,0x91,0x9b, 
	0x79,0xa9,0x09,0x06, 
	0x76,0xff,0x1b,0xda, 
	0xd2,0x44,0x00,0x06, 
	0x93,0xff,0x66,0xb9, 
	0x05,0x82,0x22,0x06, 
	0x52,0x48,0x1a,0x71, 
	0xae,0x79,0x52,0xa0, 
	0x00,0xc2,0xa0,0x00, 
	0x0c,0x29,0xd1,0xaa, 
	0x79,0xa8,0x02,0xd2, 
	0x61,0x14,0x92,0x4a, 
	0x01,0x92,0x0f,0x00, 
	0xc2,0x61,0x15,0x56, 
	0x69,0x06,0xa2,0x04, 
	0x00,0xbd,0x01,0xb0, 
	0xaa,0x90,0xa2,0x9a, 
	0x00,0x25,0x7c,0x04, 
	0xa9,0xc1,0xa1,0x9a, 
	0x79,0xb9,0xd1,0xa8, 
	0x0a,0xa5,0x7a,0x04, 
	0xd2,0x21,0x16,0xc2, 
	0x21,0x17,0xe5,0x5a, 
	0x03,0xa9,0xf1,0xa1, 
	0x69,0x79,0xb9,0xe1, 
	0xa8,0x0a,0x65,0x79, 
	0x04,0xdd,0x0b,0xcd, 
	0x0a,0xbd,0x07,0xad, 
	0x05,0x65,0x59,0x03, 
	0xdd,0x0b,0xcd,0x0a, 
	0xb8,0xe1,0xa8,0xf1, 
	0xa5,0x2f,0x03,0x58, 
	0xc1,0x78,0xd1,0xd2, 
	0x21,0x14,0xc2,0x21, 
	0x15,0xe5,0x57,0x03, 
	0xdd,0x0b,0xcd,0x0a, 
	0xbd,0x07,0xad,0x05, 
	0x25,0x2e,0x03,0xa5, 
	0x69,0x03,0xc8,0x52, 
	0xa9,0x2c,0x06,0x1d, 
	0x00,0x26,0xb9,0x02, 
	0x86,0x1b,0x00,0xa2, 
	0x04,0x00,0x10,0xb1, 
	0x20,0xb0,0xaa,0x90, 
	0xa2,0x9a,0x00,0x65, 
	0x75,0x04,0xa2,0x61, 
	0x10,0xa1,0x7e,0x79, 
	0xb2,0x61,0x11,0xa2, 
	0x2a,0x00,0xa5,0x73, 
	0x04,0xd2,0x21,0x16, 
	0xc2,0x21,0x17,0xe5, 
	0x53,0x03,0xa2,0x61, 
	0x13,0xa1,0x4c,0x79, 
	0xb2,0x61,0x12,0xa2, 
	0x2a,0x00,0x25,0x72, 
	0x04,0xdd,0x0b,0xcd, 
	0x0a,0xbd,0x07,0xad, 
	0x05,0x25,0x52,0x03, 
	0xdd,0x0b,0xcd,0x0a, 
	0xb2,0x21,0x12,0xa2, 
	0x21,0x13,0x65,0x28, 
	0x03,0x52,0x21,0x10, 
	0x72,0x21,0x11,0xd2, 
	0x21,0x14,0xc2,0x21, 
	0x15,0x65,0x50,0x03, 
	0xdd,0x0b,0xcd,0x0a, 
	0xbd,0x07,0xad,0x05, 
	0xa5,0x26,0x03,0x25, 
	0x62,0x03,0xc8,0x62, 
	0xa9,0x4c,0x62,0x43, 
	0x00,0xd1,0x24,0x79, 
	0x62,0x44,0x00,0x62, 
	0x4d,0x00,0xa5,0xee, 
	0xfe,0xf8,0x92,0xc0, 
	0x20,0x00,0xe1,0x51, 
	0x79,0xe8,0x0e,0xe0, 
	0xea,0xc0,0xe9,0x1f, 
	0x06,0x50,0xff,0x62, 
	0x44,0x00,0x62,0x43, 
	0x00,0x88,0x02,0x0c, 
	0x3f,0xf2,0x48,0x01, 
	0x06,0x4c,0xff,0x62, 
	0x43,0x00,0x62,0x44, 
	0x00,0x62,0x4e,0x00, 
	0xa8,0x02,0x0c,0x39, 
	0x92,0x4a,0x01,0x46, 
	0x47,0xff,0x00,0x00, 
	0x36,0xa1,0x00,0x61, 
	0x0e,0x79,0x71,0x26, 
	0x79,0x51,0x57,0x79, 
	0x42,0xa0,0x00,0xad, 
	0x01,0xb1,0x5a,0x79, 
	0x1c,0xcc,0x0c,0x03, 
	0xa5,0x70,0x04,0xb1, 
	0x1d,0x79,0x92,0x0b, 
	0x00,0x56,0x79,0x04, 
	0x21,0x1c,0x79,0x28, 
	0x02,0x32,0x46,0x00, 
	0x16,0x62,0x0e,0xa1, 
	0x1b,0x79,0xb8,0x01, 
	0xa8,0x0a,0xba,0xaa, 
	0x65,0x66,0x04,0x6d, 
	0x0a,0xb9,0x81,0xad, 
	0x02,0xe5,0x65,0x04, 
	0x28,0x81,0xdd,0x0b, 
	0xcd,0x0a,0xbd,0x05, 
	0xad,0x04,0xe5,0x45, 
	0x03,0xdd,0x0b,0xcd, 
	0x0a,0xbd,0x02,0xad, 
	0x06,0x25,0x1c,0x03, 
	0xdd,0x07,0xcd,0x03, 
	0xa5,0x1b,0x03,0xe5, 
	0x5b,0x03,0xb1,0x0a, 
	0x79,0xc6,0x2a,0x00, 
	0x0b,0xc9,0x56,0x9c, 
	0x09,0xa8,0x42,0xa9, 
	0x91,0xcd,0x01,0xc0, 
	0x20,0x00,0xe1,0xec, 
	0x78,0xe2,0x0e,0xa1, 
	0xe0,0xe0,0x14,0xe2, 
	0xce,0xfd,0x56,0xce, 
	0x0c,0xa2,0x06,0x00, 
	0x28,0x91,0xc0,0xaa, 
	0xa0,0xa8,0x0a,0xa5, 
	0x61,0x04,0xd1,0x3a, 
	0x79,0xc1,0x3a,0x79, 
	0xe5,0x17,0x03,0xd1, 
	0x35,0x79,0x0c,0x0c, 
	0x65,0x40,0x03,0xe5, 
	0x52,0x03,0xa9,0x42, 
	0x0c,0x1b,0xb2,0x42, 
	0x1a,0xe5,0xdf,0xfe, 
	0xf1,0xe6,0x78,0xc0, 
	0x20,0x00,0xa9,0x0f, 
	0x32,0x46,0x00,0xc1, 
	0xe2,0x78,0xe1,0xe3, 
	0x78,0xd1,0xf2,0x78, 
	0x32,0x4e,0x00,0x32, 
	0x4d,0x00,0x32,0x4c, 
	0x00,0x46,0x1f,0x00, 
	0x0c,0x0a,0x21,0x0f, 
	0x79,0xa0,0xc0,0xf5, 
	0xc0,0x20,0x00,0x91, 
	0xd3,0x78,0xc2,0x49, 
	0x02,0xa0,0xb8,0x41, 
	0xc0,0x20,0x00,0xb2, 
	0x49,0x03,0xc0,0x20, 
	0x00,0xa2,0x49,0x04, 
	0xc0,0x20,0x00,0x82, 
	0x09,0x00,0x80,0x80, 
	0x64,0xc0,0x20,0x00, 
	0x82,0x49,0x00,0xe5, 
	0xda,0xfe,0xc0,0x20, 
	0x00,0xa9,0x02,0xe1, 
	0xd1,0x78,0x0c,0x1d, 
	0xd2,0x4e,0x00,0xc6, 
	0x0e,0x00,0x0c,0x0a, 
	0xa0,0xd0,0xf5,0xc0, 
	0x20,0x00,0x91,0xc3, 
	0x78,0xd2,0x49,0x02, 
	0xa0,0xc8,0x41,0xc0, 
	0x20,0x00,0xc2,0x49, 
	0x03,0xc0,0x20,0x00, 
	0xa2,0x49,0x04,0xc0, 
	0x20,0x00,0x82,0x09, 
	0x00,0x80,0x80,0x64, 
	0xc0,0x20,0x00,0x82, 
	0x49,0x00,0x0c,0x1f, 
	0xf2,0x4b,0x00,0xa5, 
	0xd6,0xfe,0xc0,0x20, 
	0x00,0xe1,0xf1,0x78, 
	0xa9,0x0e,0x0c,0x02, 
	0x1d,0xf0,0x32,0x4a, 
	0x1a,0x65,0xd5,0xfe, 
	0xc0,0x20,0x00,0x91, 
	0xed,0x78,0xb2,0x06, 
	0x00,0x88,0x09,0xc1, 
	0xb6,0x78,0x80,0xfa, 
	0xc0,0xb6,0x9f,0x9a, 
	0xa2,0x0c,0x00,0x91, 
	0xc8,0x78,0xb6,0x6b, 
	0x0d,0x32,0x46,0x00, 
	0x1b,0xaa,0xa0,0xa0, 
	0x74,0xa2,0x4c,0x00, 
	0x06,0x01,0x00,0x1b, 
	0xcb,0xc2,0x46,0x00, 
	0xb8,0x02,0xf6,0x2a, 
	0x07,0x0c,0x1d,0xd2, 
	0x4b,0x01,0x46,0x01, 
	0x00,0xe2,0xa0,0x03, 
	0xe2,0x4b,0x01,0x22, 
	0x29,0x00,0x16,0xe2, 
	0xf2,0xcd,0x01,0xa1, 
	0xbd,0x78,0xb2,0x06, 
	0x00,0xa8,0x0a,0xc0, 
	0xbb,0xa0,0xb8,0x0b, 
	0xba,0xaa,0xa5,0x4e, 
	0x04,0x6d,0x0a,0xb9, 
	0xa1,0xad,0x02,0x25, 
	0x4e,0x04,0x28,0xa1, 
	0xdd,0x0b,0xcd,0x0a, 
	0xbd,0x05,0xad,0x04, 
	0xe5,0x2d,0x03,0xdd, 
	0x0b,0xcd,0x0a,0xbd, 
	0x02,0xad,0x06,0x65, 
	0x04,0x03,0xdd,0x07, 
	0xcd,0x03,0xe5,0x03, 
	0x03,0xe5,0x43,0x03, 
	0x86,0xbb,0xff,0x00, 
	0x36,0x41,0x00,0x0c, 
	0x06,0x5d,0x02,0x71, 
	0x83,0x78,0xc0,0x20, 
	0x00,0x62,0x47,0x11, 
	0xc0,0x20,0x00,0x62, 
	0x47,0x12,0x31,0x9f, 
	0x78,0x68,0x02,0x32, 
	0x03,0x00,0xc2,0x06, 
	0x02,0x66,0xd3,0x0d, 
	0x98,0x92,0x3c,0x18, 
	0x98,0x19,0x0c,0x22, 
	0x97,0x38,0x28,0x22, 
	0x46,0x01,0xc0,0x20, 
	0x00,0xc2,0x47,0x11, 
	0xb8,0x05,0xc2,0x0b, 
	0x01,0xb2,0x0b,0x00, 
	0xc0,0xcc,0x11,0xc0, 
	0xbb,0x20,0xc0,0x20, 
	0x00,0xb2,0x47,0x12, 
	0x2c,0xaa,0xc0,0x20, 
	0x00,0xa2,0x47,0x10, 
	0x0c,0x02,0x1d,0xf0, 
	0x0c,0x32,0x46,0xf4, 
	0xff,0x00,0x00,0x00, 
	0x36,0x41,0x00,0x0c, 
	0x02,0x31,0xaf,0x78, 
	0xc0,0x20,0x00,0x71, 
	0xcd,0x78,0x52,0x03, 
	0x11,0x52,0x47,0x00, 
	0x41,0xcc,0x78,0x72, 
	0xa0,0x64,0xc0,0x20, 
	0x00,0x62,0x03,0x12, 
	0x80,0x66,0x11,0xc0, 
	0x20,0x00,0xf2,0x03, 
	0x13,0x60,0xff,0x20, 
	0x70,0xff,0xd2,0xf9, 
	0x04,0xd1,0xc5,0x78, 
	0xc0,0x20,0x00,0xe2, 
	0x03,0x14,0x80,0xee, 
	0x11,0xc0,0x20,0x00, 
	0xc2,0x03,0x15,0xe0, 
	0xcc,0x20,0x70,0xcc, 
	0xd2,0xc9,0x0d,0xa1, 
	0xc0,0x78,0xc0,0x20, 
	0x00,0xb2,0x03,0x16, 
	0x80,0xbb,0x11,0xc0, 
	0x20,0x00,0x92,0x03, 
	0x17,0xb0,0x99,0x20, 
	0x70,0x99,0xd2,0x99, 
	0x0a,0x61,0xba,0x78, 
	0xc0,0x20,0x00,0x82, 
	0x03,0x18,0x80,0x88, 
	0x11,0xc0,0x20,0x00, 
	0x42,0x03,0x19,0x80, 
	0x44,0x20,0x70,0x44, 
	0xd2,0x49,0x06,0x41, 
	0x63,0x78,0xc0,0x20, 
	0x00,0x61,0x55,0x78, 
	0x81,0x69,0x78,0x91, 
	0x69,0x78,0xa1,0x6a, 
	0x78,0xb1,0x60,0x78, 
	0xc1,0x61,0x78,0xd1, 
	0x61,0x78,0xe1,0x62, 
	0x78,0xf1,0x62,0x78, 
	0x0c,0x17,0x32,0x03, 
	0x1a,0x32,0x44,0x00, 
	0x50,0x57,0x93,0x22, 
	0x4f,0x00,0x22,0x4e, 
	0x00,0x22,0x4d,0x00, 
	0x22,0x4c,0x00,0x22, 
	0x4b,0x00,0x22,0x4a, 
	0x00,0x22,0x49,0x00, 
	0x22,0x48,0x00,0x52, 
	0x46,0x00,0x2c,0xb3, 
	0x41,0x3b,0x78,0xc0, 
	0x20,0x00,0x32,0x44, 
	0x10,0x1d,0xf0,0x00, 
	0x36,0x41,0x00,0x1c, 
	0x0c,0x0c,0x2d,0x0c, 
	0x14,0x21,0x68,0x78, 
	0x91,0x55,0x78,0xa2, 
	0xa0,0x80,0x92,0x09, 
	0x00,0xf1,0x3e,0x78, 
	0xac,0xc9,0x4c,0x0b, 
	0xe2,0xc9,0xf8,0x16, 
	0xce,0x14,0x26,0xb9, 
	0x22,0x82,0xc9,0xc0, 
	0x16,0xe8,0x0f,0xc2, 
	0xc9,0xb8,0x16,0xfc, 
	0x19,0xd2,0xc9,0xb0, 
	0x16,0x2d,0x0f,0x0c, 
	0x0e,0x0c,0x03,0x0c, 
	0x0f,0x0c,0x0d,0x0c, 
	0x0c,0x0c,0x0b,0x0c, 
	0x09,0x86,0x0d,0x00, 
	0x81,0x35,0x78,0xc0, 
	0x20,0x00,0x92,0x0f, 
	0xc2,0xd0,0x99,0x10, 
	0xc0,0x20,0x00,0xb2, 
	0x0f,0xd0,0xc0,0xbb, 
	0x10,0xed,0x0b,0xc0, 
	0x20,0x00,0xd2,0x0f, 
	0xc2,0xb0,0xf4,0x74, 
	0xd0,0xd1,0x04,0xc0, 
	0x20,0x00,0x0c,0x1c, 
	0x32,0x02,0xbf,0x52, 
	0x08,0x00,0xa0,0x33, 
	0x10,0xb0,0x54,0x93, 
	0x52,0x48,0x00,0x51, 
	0x25,0x78,0xa1,0x7a, 
	0x78,0x0c,0x02,0xa2, 
	0x0a,0x00,0x41,0x1c, 
	0x78,0x07,0x6a,0x08, 
	0x61,0x2c,0x78,0x16, 
	0x19,0x10,0x22,0x46, 
	0x00,0x17,0x6a,0x08, 
	0x61,0x2a,0x78,0x16, 
	0x8b,0x10,0x22,0x46, 
	0x00,0x27,0x6a,0x08, 
	0xb1,0x28,0x78,0x16, 
	0xfc,0x10,0x22,0x4b, 
	0x00,0x47,0x6a,0x1d, 
	0x61,0x29,0x78,0xb2, 
	0x06,0x00,0x66,0x1b, 
	0x11,0xcc,0xed,0xd2, 
	0x46,0x00,0xa8,0x04, 
	0xb2,0x05,0x00,0x0c, 
	0x1c,0x65,0x90,0xfe, 
	0x86,0x15,0x00,0xd2, 
	0x46,0x00,0x57,0x6a, 
	0x1d,0xd1,0x21,0x78, 
	0xc2,0x0d,0x00,0x66, 
	0x1c,0x11,0xcc,0xef, 
	0xf2,0x4d,0x00,0xa8, 
	0x04,0xb2,0x05,0x00, 
	0x0c,0x1c,0x65,0x8e, 
	0xfe,0x46,0x0d,0x00, 
	0xf2,0x4d,0x00,0x77, 
	0x6a,0x2f,0xa1,0x16, 
	0x78,0x16,0x3e,0x10, 
	0xd1,0x60,0x78,0xb2, 
	0x0a,0x00,0xd8,0x0d, 
	0xd7,0x3b,0x19,0xd1, 
	0x13,0x78,0x22,0x4a, 
	0x00,0x16,0x53,0x10, 
	0xe1,0x0a,0x78,0xb2, 
	0x0d,0x00,0xe2,0x0e, 
	0x00,0xe7,0x3b,0x02, 
	0x86,0x39,0x00,0xad, 
	0x0d,0x1b,0xfb,0xf2, 
	0x4a,0x00,0x0c,0x02, 
	0x1d,0xf0,0xc0,0x20, 
	0x00,0x92,0x0f,0x9c, 
	0xa0,0x99,0x10,0xc0, 
	0x20,0x00,0x82,0x0f, 
	0xf8,0xb0,0xb8,0x10, 
	0xb0,0xd6,0x74,0xc0, 
	0x20,0x00,0xe2,0x0f, 
	0xf8,0xa0,0xee,0x10, 
	0xc0,0x20,0x00,0xf2, 
	0x02,0xbf,0x0c,0x1c, 
	0xc6,0x04,0x00,0x0c, 
	0x0c,0xb0,0xd6,0x74, 
	0xc0,0x20,0x00,0xe2, 
	0x0f,0xf8,0xa0,0xee, 
	0x10,0xc0,0x20,0x00, 
	0xf2,0x02,0xbf,0xa0, 
	0x3f,0x10,0x0c,0x0f, 
	0xc6,0xc3,0xff,0xcd, 
	0x04,0xc0,0x20,0x00, 
	0x92,0x0f,0xa1,0xd0, 
	0x99,0x10,0xc0,0x20, 
	0x00,0x82,0x0f,0xf8, 
	0xb0,0xb8,0x10,0xb0, 
	0xd6,0x74,0xc0,0x20, 
	0x00,0xe2,0x0f,0xf8, 
	0xa0,0xee,0x10,0xc0, 
	0x20,0x00,0xf2,0x02, 
	0xbf,0x86,0xf3,0xff, 
	0x81,0x36,0x78,0x72, 
	0x06,0x00,0x88,0x08, 
	0x87,0xb7,0x78,0x1b, 
	0x97,0x92,0x46,0x00, 
	0x46,0xbb,0xff,0x81, 
	0x32,0x78,0xb2,0x06, 
	0x00,0x88,0x08,0x87, 
	0xbb,0x72,0x1b,0x9b, 
	0x92,0x46,0x00,0x86, 
	0xb9,0xff,0x81,0x2e, 
	0x78,0xc2,0x0b,0x00, 
	0x88,0x08,0x87,0xbc, 
	0x6c,0x1b,0x9c,0x92, 
	0x4b,0x00,0xc6,0xb7, 
	0xff,0xc0,0x20,0x00, 
	0x92,0x0f,0x9c,0xa0, 
	0x99,0x10,0xc0,0x20, 
	0x00,0xd2,0x0f,0xf8, 
	0xb0,0xbd,0x10,0xc0, 
	0x20,0x00,0xc2,0x02, 
	0xaa,0xc0,0xc0,0x04, 
	0x16,0x3c,0xf6,0xc0, 
	0x20,0x00,0xc2,0x02, 
	0xb0,0xc0,0xc0,0x04, 
	0x16,0x7c,0xf5,0x0c, 
	0x1c,0x06,0xd5,0xff, 
	0x22,0x4a,0x00,0xc6, 
	0xc7,0xff,0x22,0x4d, 
	0x00,0xa8,0x04,0xb2, 
	0x05,0x00,0x0c,0x1c, 
	0xe5,0x7b,0xfe,0xc6, 
	0xc3,0xff,0x22,0x4d, 
	0x00,0x46,0xc2,0xff, 
	0xa8,0x04,0xb2,0x05, 
	0x00,0x0c,0x1c,0xe5, 
	0x7a,0xfe,0x06,0xbf, 
	0xff,0xa8,0x04,0xb2, 
	0x05,0x00,0x0c,0x1c, 
	0xe5,0x79,0xfe,0xc6, 
	0xbb,0xff,0xa8,0x04, 
	0xb2,0x05,0x00,0x0c, 
	0x1c,0x25,0x79,0xfe, 
	0x86,0xb8,0xff,0x00, 
	0x36,0xa1,0x01,0x0c, 
	0x19,0xd1,0xc5,0x77, 
	0x0c,0x03,0xd2,0x0d, 
	0x00,0x41,0xd8,0x77, 
	0x66,0x8d,0x0b,0xc0, 
	0x20,0x00,0x92,0x44, 
	0x11,0xa1,0x08,0x78, 
	0x86,0x07,0x00,0x4c, 
	0x8e,0xe7,0x9d,0x17, 
	0xc0,0x20,0x00,0x92, 
	0x04,0x82,0xc1,0x12, 
	0x78,0x90,0x90,0x24, 
	0xf2,0xc9,0xfe,0x56, 
	0x6f,0x19,0xa1,0x02, 
	0x78,0x06,0x66,0x00, 
	0xad,0x03,0xc0,0x20, 
	0x00,0xc2,0x04,0x80, 
	0x0c,0x62,0xc0,0xc7, 
	0x04,0x16,0x1c,0x12, 
	0xf1,0x04,0x78,0xb1, 
	0x02,0x78,0x61,0xfe, 
	0x77,0xe1,0xfc,0x77, 
	0xc1,0x02,0x78,0x71, 
	0xfd,0x77,0x51,0xfd, 
	0x77,0x81,0xf8,0x77, 
	0x82,0x61,0x15,0x52, 
	0x61,0x22,0x72,0x61, 
	0x21,0x0c,0x05,0x71, 
	0xfd,0x77,0x81,0xfd, 
	0x77,0x82,0x61,0x23, 
	0x72,0x61,0x1f,0x52, 
	0x61,0x20,0x0c,0x07, 
	0x51,0xe2,0x77,0x0c, 
	0x08,0x82,0x61,0x24, 
	0x16,0x4d,0x15,0x82, 
	0xcd,0xf0,0x16,0xa8, 
	0x16,0x26,0xdd,0x05, 
	0x92,0xcd,0xb0,0x56, 
	0x39,0x0d,0xc0,0x20, 
	0x00,0x92,0x04,0xe0, 
	0x0c,0x4f,0x90,0x90, 
	0x14,0x56,0x09,0x0f, 
	0x0c,0x23,0x06,0x3d, 
	0x00,0xf2,0xc9,0xfd, 
	0x0c,0x1e,0x0c,0x0d, 
	0xf0,0xde,0x83,0xd0, 
	0xc6,0x93,0x2d,0x0c, 
	0x65,0x10,0x03,0xdd, 
	0x05,0xcd,0x07,0xe5, 
	0x83,0x02,0xdd,0x0b, 
	0xcd,0x0a,0xbd,0x05, 
	0xad,0x07,0xe5,0xe7, 
	0x02,0xd1,0xe6,0x77, 
	0x0c,0x0c,0x65,0xbe, 
	0x02,0x6d,0x0a,0xb2, 
	0x61,0x12,0xad,0x03, 
	0xa5,0x06,0x04,0x0c, 
	0x03,0xd2,0x21,0x21, 
	0xc2,0x21,0x22,0x25, 
	0xbd,0x02,0xcd,0x0a, 
	0xdd,0x0b,0xad,0x06, 
	0xb2,0x21,0x12,0x65, 
	0xbc,0x02,0xa2,0x61, 
	0x14,0xb2,0x61,0x13, 
	0xad,0x02,0x25,0x0c, 
	0x03,0x2d,0x0a,0xa1, 
	0x90,0x77,0x6d,0x0b, 
	0xa8,0x0a,0x25,0x03, 
	0x04,0xdd,0x0b,0xcd, 
	0x0a,0xbd,0x06,0xad, 
	0x02,0x25,0xba,0x02, 
	0xdd,0x0b,0xcd,0x0a, 
	0xb2,0x21,0x13,0xa2, 
	0x21,0x14,0x65,0xb9, 
	0x02,0x2d,0x0a,0xa1, 
	0x82,0x77,0x6d,0x0b, 
	0xa8,0x0a,0xe5,0x00, 
	0x04,0xd2,0x21,0x1f, 
	0xc2,0x21,0x20,0x25, 
	0xb8,0x02,0xdd,0x0b, 
	0xcd,0x0a,0xbd,0x05, 
	0xad,0x07,0x65,0xe0, 
	0x02,0xd1,0xc9,0x77, 
	0x0c,0x0c,0xe5,0xb6, 
	0x02,0xdd,0x0b,0xcd, 
	0x0a,0xbd,0x06,0xad, 
	0x02,0x25,0xb6,0x02, 
	0x25,0xfc,0x02,0x65, 
	0x06,0x03,0xd2,0x21, 
	0x23,0xc2,0x21,0x24, 
	0x25,0xb5,0x02,0x65, 
	0xf5,0x02,0xa0,0xe8, 
	0x55,0xc0,0x20,0x00, 
	0xe2,0x44,0x05,0xa0, 
	0xd0,0xf5,0xc0,0x20, 
	0x00,0xd2,0x44,0x06, 
	0xa0,0xc8,0x41,0xc0, 
	0x20,0x00,0xc2,0x44, 
	0x07,0xc0,0x20,0x00, 
	0xa2,0x44,0x08,0xb1, 
	0x51,0x77,0x0c,0x02, 
	0x32,0x4b,0x00,0x1d, 
	0xf0,0x82,0xc9,0xff, 
	0x32,0xa0,0x00,0x80, 
	0x3f,0x83,0xa1,0x69, 
	0x77,0xa8,0x0a,0x30, 
	0xaa,0x82,0x65,0xf9, 
	0x03,0x0c,0x03,0xd2, 
	0x21,0x21,0xc2,0x21, 
	0x22,0x65,0xb0,0x02, 
	0x65,0xf6,0x02,0xa5, 
	0x00,0x03,0xd2,0x21, 
	0x23,0xc2,0x21,0x24, 
	0x65,0xaf,0x02,0xa5, 
	0xef,0x02,0x06,0xe8, 
	0xff,0xe2,0xc9,0xfc, 
	0xad,0x03,0xe0,0xac, 
	0x83,0x2c,0x1f,0xc0, 
	0x20,0x00,0xf2,0x44, 
	0x11,0x46,0x97,0xff, 
	0xc0,0x20,0x00,0x92, 
	0x04,0x80,0xc0,0x20, 
	0x00,0xd2,0x04,0x81, 
	0x90,0xa4,0x24,0x90, 
	0x90,0x14,0xec,0x9a, 
	0xa1,0xa1,0x77,0xa8, 
	0x0a,0x06,0x12,0x00, 
	0xc0,0x20,0x00,0xa2, 
	0x04,0x80,0xc0,0x20, 
	0x00,0xd2,0x04,0x83, 
	0xc0,0x20,0x00,0x92, 
	0x04,0x84,0xa0,0xa4, 
	0x24,0x56,0x1a,0x05, 
	0x81,0x99,0x77,0x88, 
	0x08,0x82,0x61,0x1e, 
	0x06,0x1e,0x00,0x66, 
	0x1a,0x07,0xa1,0x96, 
	0x77,0xa8,0x0a,0x86, 
	0x06,0x00,0x22,0x61, 
	0x29,0x0c,0x08,0x22, 
	0xca,0xfe,0x0c,0x1a, 
	0x20,0x8a,0x83,0x21, 
	0x92,0x77,0xa2,0x21, 
	0x15,0x28,0x02,0x80, 
	0xa2,0x93,0x22,0x21, 
	0x29,0xcc,0x39,0x0c, 
	0x23,0x06,0x02,0x00, 
	0x0b,0x89,0x0c,0x49, 
	0x80,0x29,0x83,0x3d, 
	0x02,0xd0,0x97,0x04, 
	0x16,0x09,0x36,0xd0, 
	0x94,0x24,0x56,0x49, 
	0x36,0x2d,0x0b,0x46, 
	0x95,0xff,0x66,0x1a, 
	0x0a,0xa1,0x84,0x77, 
	0xa8,0x0a,0xa2,0x61, 
	0x1e,0xc6,0x08,0x00, 
	0x0c,0x08,0x22,0x61, 
	0x29,0xa2,0x61,0x2b, 
	0x22,0x21,0x2b,0x0c, 
	0x1a,0x22,0xc2,0xfe, 
	0x20,0x8a,0x83,0x21, 
	0x7e,0x77,0xa2,0x21, 
	0x15,0x28,0x02,0x80, 
	0xa2,0x93,0xa2,0x61, 
	0x1e,0x22,0x21,0x29, 
	0x90,0x34,0x24,0xcc, 
	0x33,0x0c,0x23,0x06, 
	0x02,0x00,0x0c,0x48, 
	0x0b,0xa3,0x3d,0x02, 
	0xa0,0x38,0x83,0x29, 
	0x21,0x90,0x90,0x24, 
	0xcc,0x39,0x2d,0x0b, 
	0x86,0x08,0x00,0x29, 
	0x21,0x66,0x19,0x04, 
	0x2d,0x0e,0x06,0x06, 
	0x00,0x29,0x21,0x66, 
	0x29,0x04,0x2d,0x0f, 
	0x86,0x03,0x00,0x22, 
	0xc9,0xfd,0x0c,0x1a, 
	0x0c,0x08,0x20,0x8a, 
	0x83,0x2d,0x0c,0x80, 
	0x26,0x93,0xc9,0x01, 
	0x59,0x11,0x0c,0xf8, 
	0xd0,0xa0,0x34,0x87, 
	0x9a,0x09,0x51,0x67, 
	0x77,0xc9,0x01,0x58, 
	0x05,0x86,0x01,0x00, 
	0x59,0x11,0x25,0xe0, 
	0x03,0x5d,0x0a,0xa1, 
	0x14,0x77,0x81,0x64, 
	0x77,0x91,0x62,0x77, 
	0x92,0x61,0x1c,0x82, 
	0x61,0x1b,0xa8,0x0a, 
	0x65,0xe3,0x03,0xa2, 
	0x61,0x1a,0xb2,0x61, 
	0x1d,0xa2,0x21,0x1e, 
	0xe5,0xea,0x02,0xa9, 
	0x41,0xa1,0x06,0x77, 
	0xb9,0x31,0xa8,0x0a, 
	0xe5,0xe1,0x03,0xd8, 
	0x11,0xcd,0x07,0xb9, 
	0x51,0xa9,0x61,0xb8, 
	0x31,0xa8,0x41,0x25, 
	0x5d,0x02,0xd2,0x21, 
	0x1f,0xc2,0x21,0x20, 
	0xb9,0x71,0xa9,0x81, 
	0xb8,0x51,0xa8,0x61, 
	0xa5,0x97,0x02,0xd8, 
	0x71,0xc8,0x81,0xb9, 
	0x91,0xa9,0xa1,0xb8, 
	0x11,0xad,0x07,0xe5, 
	0xbf,0x02,0xd8,0x91, 
	0xc8,0xa1,0xa9,0xc1, 
	0xb9,0xb1,0xad,0x07, 
	0xb8,0x11,0xe5,0xbe, 
	0x02,0xd1,0x4b,0x77, 
	0x0c,0x0c,0x71,0x47, 
	0x77,0xb2,0x61,0x19, 
	0xa2,0x61,0x18,0xb8, 
	0xb1,0xa8,0xc1,0x78, 
	0x07,0x65,0x94,0x02, 
	0xd2,0x21,0x21,0xc2, 
	0x21,0x22,0xe5,0x93, 
	0x02,0xa2,0x61,0x16, 
	0xb2,0x61,0x17,0xad, 
	0x02,0xa5,0xe3,0x02, 
	0x2d,0x0a,0xb2,0x61, 
	0x25,0xad,0x03,0xa5, 
	0xdb,0x03,0x32,0x21, 
	0x25,0xd2,0x21,0x17, 
	0xc2,0x21,0x16,0xe5, 
	0x91,0x02,0xdd,0x0b, 
	0xcd,0x0a,0xbd,0x03, 
	0xad,0x02,0x25,0x91, 
	0x02,0xd2,0x21,0x19, 
	0xc2,0x21,0x18,0x3d, 
	0x0b,0x2d,0x0a,0xb2, 
	0x21,0x1d,0xa2,0x21, 
	0x1a,0xe5,0x8f,0x02, 
	0xdd,0x0b,0xcd,0x0a, 
	0xbd,0x03,0xad,0x02, 
	0x25,0x8f,0x02,0x2d, 
	0x0a,0x3d,0x0b,0xad, 
	0x05,0x25,0xdf,0x02, 
	0xd2,0x21,0x1c,0xc2, 
	0x21,0x1b,0x25,0x8e, 
	0x02,0xdd,0x0b,0xcd, 
	0x0a,0xbd,0x03,0xad, 
	0x02,0x65,0x8d,0x02, 
	0x65,0xd3,0x02,0xa9, 
	0xe1,0xc0,0x20,0x00, 
	0xd2,0x04,0x85,0xc0, 
	0x20,0x00,0x92,0x04, 
	0x86,0x90,0x34,0x24, 
	0xcc,0x33,0x0c,0x23, 
	0x06,0x02,0x00,0x0b, 
	0xa3,0x38,0x21,0x0c, 
	0x48,0xa0,0x38,0x83, 
	0x90,0x90,0x24,0xcc, 
	0x69,0x21,0x20,0x77, 
	0x28,0x02,0x06,0x09, 
	0x00,0x66,0x19,0x07, 
	0x21,0x1f,0x77,0x28, 
	0x02,0x46,0x06,0x00, 
	0x66,0x29,0x07,0x21, 
	0x1d,0x77,0x28,0x02, 
	0x86,0x03,0x00,0x28, 
	0x01,0xc2,0xc9,0xfd, 
	0x0c,0x1a,0x0c,0x08, 
	0xc0,0x8a,0x83,0x80, 
	0x26,0x93,0x0c,0xfe, 
	0xd0,0xa0,0x34,0xe7, 
	0x9a,0x04,0x5d,0x07, 
	0x46,0x01,0x00,0xa5, 
	0xca,0x03,0xa0,0x5a, 
	0x20,0xad,0x02,0x25, 
	0xd7,0x02,0x2d,0x0a, 
	0xb2,0x61,0x27,0xad, 
	0x03,0xe5,0xce,0x03, 
	0x32,0x21,0x27,0xd2, 
	0x21,0x17,0xc2,0x21, 
	0x16,0x25,0x85,0x02, 
	0xdd,0x0b,0xcd,0x0a, 
	0xbd,0x03,0xad,0x02, 
	0x65,0x84,0x02,0xd2, 
	0x21,0x19,0xc2,0x21, 
	0x18,0x3d,0x0b,0x2d, 
	0x0a,0xb2,0x21,0x1d, 
	0xa2,0x21,0x1a,0x65, 
	0x83,0x02,0xdd,0x0b, 
	0xcd,0x0a,0xbd,0x03, 
	0xad,0x02,0xa5,0x82, 
	0x02,0x2d,0x0a,0x3d, 
	0x0b,0xad,0x05,0xa5, 
	0xd2,0x02,0x0c,0xf5, 
	0xd2,0x21,0x1c,0xc2, 
	0x21,0x1b,0x65,0x81, 
	0x02,0xdd,0x0b,0xcd, 
	0x0a,0xbd,0x03,0xad, 
	0x02,0xa5,0x80,0x02, 
	0xa5,0xc6,0x02,0xa9, 
	0xd1,0xc0,0x20,0x00, 
	0xd2,0x04,0x87,0xc0, 
	0x20,0x00,0x92,0x04, 
	0x88,0x90,0x34,0x24, 
	0xcc,0x33,0x0c,0x23, 
	0x06,0x02,0x00,0x0b, 
	0xf3,0x38,0x21,0x0c, 
	0x4e,0xf0,0x3e,0x83, 
	0x90,0x90,0x24,0xcc, 
	0x69,0x21,0xed,0x76, 
	0x28,0x02,0x06,0x09, 
	0x00,0x66,0x19,0x07, 
	0x21,0xec,0x76,0x28, 
	0x02,0x46,0x06,0x00, 
	0x66,0x29,0x07,0x21, 
	0xea,0x76,0x28,0x02, 
	0x86,0x03,0x00,0x28, 
	0x01,0xc2,0xc9,0xfd, 
	0x0c,0x1a,0x0c,0x08, 
	0xc0,0x8a,0x83,0x80, 
	0x26,0x93,0xd0,0xa0, 
	0x34,0x57,0x9a,0x04, 
	0x5d,0x07,0x06,0x01, 
	0x00,0xe5,0xbd,0x03, 
	0x5d,0x0a,0xad,0x02, 
	0x65,0xca,0x02,0x22, 
	0x21,0x16,0x62,0x21, 
	0x17,0x7d,0x0a,0xb9, 
	0xf1,0xad,0x03,0x25, 
	0xc2,0x03,0xdd,0x06, 
	0xcd,0x02,0x0c,0x03, 
	0x72,0x61,0x28,0x65, 
	0x78,0x02,0x22,0x21, 
	0x18,0x62,0x21,0x19, 
	0x72,0x21,0x1a,0xdd, 
	0x0b,0xcd,0x0a,0xb8, 
	0xf1,0xa2,0x21,0x28, 
	0xe5,0x76,0x02,0xdd, 
	0x06,0xcd,0x02,0xa2, 
	0x61,0x11,0xb2,0x61, 
	0x10,0xad,0x07,0xb2, 
	0x21,0x1d,0xe5,0x75, 
	0x02,0xdd,0x0b,0xcd, 
	0x0a,0xb2,0x21,0x10, 
	0xa2,0x21,0x11,0x25, 
	0x75,0x02,0x22,0x21, 
	0x1b,0x62,0x21,0x1c, 
	0x7d,0x0a,0xb2,0x61, 
	0x26,0xad,0x05,0xa5, 
	0xc4,0x02,0xdd,0x06, 
	0xcd,0x02,0x52,0x21, 
	0x26,0x65,0x73,0x02, 
	0xdd,0x0b,0xcd,0x0a, 
	0xbd,0x05,0xad,0x07, 
	0xa5,0x72,0x02,0x28, 
	0xd1,0x58,0xe1,0xa5, 
	0xb8,0x02,0x6d,0x0a, 
	0xbd,0x02,0xad,0x05, 
	0x65,0x15,0x02,0xbd, 
	0x0a,0xad,0x06,0x25, 
	0x15,0x02,0xa5,0xc1, 
	0x02,0xd2,0x21,0x23, 
	0xc2,0x21,0x24,0xa5, 
	0x70,0x02,0xa5,0xb0, 
	0x02,0x46,0xec,0xfe, 
	0xd0,0x90,0x24,0xcc, 
	0xb9,0x2d,0x0b,0x46, 
	0xbd,0xfe,0x66,0x19, 
	0x0c,0x2d,0x0e,0x46, 
	0xbb,0xfe,0x66,0x19, 
	0x0c,0x2d,0x0e,0x46, 
	0xb9,0xfe,0x66,0x29, 
	0x0f,0x2d,0x0f,0x46, 
	0xb7,0xfe,0xd2,0xc9, 
	0xfe,0x56,0x8d,0xac, 
	0x2d,0x0f,0x86,0xb4, 
	0xfe,0x22,0xc9,0xfd, 
	0x0c,0x1f,0x0c,0x0e, 
	0x20,0xef,0x83,0xe0, 
	0xc6,0x93,0x2d,0x0c, 
	0x06,0xb0,0xfe,0x00, 
	0x36,0x41,0x00,0x4d, 
	0x02,0xd8,0x42,0x31, 
	0x26,0x76,0xd8,0x2d, 
	0xd0,0xd8,0x41,0xc0, 
	0x20,0x00,0xd2,0x43, 
	0x11,0xc8,0x42,0xc8, 
	0x2c,0xc0,0x20,0x00, 
	0xc2,0x43,0x12,0xb8, 
	0x42,0xb8,0x3b,0xb0, 
	0xb8,0x41,0xc0,0x20, 
	0x00,0xb2,0x43,0x13, 
	0xa8,0x42,0xa8,0x3a, 
	0xc0,0x20,0x00,0xa2, 
	0x43,0x14,0x98,0x42, 
	0x98,0x09,0x90,0x90, 
	0xf5,0xc0,0x20,0x00, 
	0x92,0x43,0x15,0x88, 
	0x42,0x88,0x08,0x80, 
	0x88,0x41,0xc0,0x20, 
	0x00,0x82,0x43,0x16, 
	0x58,0x42,0x58,0x05, 
	0xc0,0x20,0x00,0x52, 
	0x43,0x17,0x28,0x42, 
	0x28,0x12,0x20,0x20, 
	0x31,0xc0,0x20,0x00, 
	0x22,0x43,0x18,0xf8, 
	0x44,0xf8,0x1f,0xf0, 
	0xf8,0x21,0xc0,0x20, 
	0x00,0xf2,0x43,0x19, 
	0xe8,0x44,0xe8,0x1e, 
	0xc0,0x20,0x00,0xe2, 
	0x43,0x1a,0xd8,0x04, 
	0xd2,0x0d,0x02,0xc0, 
	0x20,0x00,0xd2,0x43, 
	0x1b,0xc8,0x44,0xc2, 
	0x0c,0x18,0xc0,0x20, 
	0x00,0xc2,0x43,0x1c, 
	0xb8,0x44,0xb2,0x0b, 
	0x19,0x90,0xbb,0x11, 
	0xc0,0x20,0x00,0xb2, 
	0x43,0x1d,0xa8,0x44, 
	0xa8,0x5a,0xa0,0xa0, 
	0x31,0xc0,0x20,0x00, 
	0xa2,0x43,0x1e,0x98, 
	0x44,0x98,0x59,0x90, 
	0x98,0x21,0xc0,0x20, 
	0x00,0x92,0x43,0x1f, 
	0x88,0x44,0x88,0x58, 
	0xc0,0x20,0x00,0x82, 
	0x43,0x20,0x58,0x44, 
	0x82,0x05,0x1a,0x52, 
	0x05,0x1b,0xf0,0x88, 
	0x11,0x80,0x55,0x20, 
	0xc0,0x20,0x00,0x52, 
	0x43,0x21,0x1c,0xa2, 
	0xc0,0x20,0x00,0x22, 
	0x43,0x10,0x0c,0x02, 
	0x1d,0xf0,0x00,0x00, 
	0x36,0x41,0x00,0x4d, 
	0x02,0xf8,0x12,0x31, 
	0xec,0x75,0xf8,0x2f, 
	0xf0,0xf8,0x41,0xc0, 
	0x20,0x00,0xf2,0x43, 
	0x11,0xe8,0x12,0xe8, 
	0x2e,0xc0,0x20,0x00, 
	0xe2,0x43,0x12,0xd8, 
	0x12,0xd8,0x3d,0xd0, 
	0xd8,0x41,0xc0,0x20, 
	0x00,0xd2,0x43,0x13, 
	0xc8,0x12,0xc8,0x3c, 
	0xc0,0x20,0x00,0xc2, 
	0x43,0x14,0xb8,0x12, 
	0xb8,0x0b,0xb0,0xb0, 
	0xf5,0xc0,0x20,0x00, 
	0xb2,0x43,0x15,0xa8, 
	0x12,0xa8,0x0a,0xa0, 
	0xa8,0x41,0xc0,0x20, 
	0x00,0xa2,0x43,0x16, 
	0x98,0x12,0x98,0x09, 
	0xc0,0x20,0x00,0x92, 
	0x43,0x17,0x88,0x12, 
	0x88,0x18,0x80,0x80, 
	0x31,0xc0,0x20,0x00, 
	0x82,0x43,0x18,0x58, 
	0x12,0x58,0x15,0x50, 
	0x58,0x21,0xc0,0x20, 
	0x00,0x52,0x43,0x19, 
	0x28,0x12,0x28,0x12, 
	0xc0,0x20,0x00,0x22, 
	0x43,0x1a,0xf8,0x04, 
	0xf2,0x0f,0x02,0xc0, 
	0x20,0x00,0xf2,0x43, 
	0x1b,0xe8,0x14,0xe2, 
	0x0e,0x18,0xc0,0x20, 
	0x00,0xe2,0x43,0x1c, 
	0xd8,0x14,0xe2,0x0d, 
	0x19,0xd2,0x0d,0x1c, 
	0x90,0xee,0x11,0xe0, 
	0xdd,0x20,0xc0,0x20, 
	0x00,0xd2,0x43,0x1d, 
	0xc8,0x14,0xc8,0x5c, 
	0xc0,0xc8,0x41,0xc0, 
	0x20,0x00,0xc2,0x43, 
	0x1e,0xb8,0x14,0xb8, 
	0x5b,0xc0,0x20,0x00, 
	0xb2,0x43,0x1f,0xa8, 
	0x14,0xa8,0x4a,0xa0, 
	0xa0,0x31,0xc0,0x20, 
	0x00,0xa2,0x43,0x20, 
	0x98,0x14,0x98,0x49, 
	0x90,0x98,0x21,0xc0, 
	0x20,0x00,0x92,0x43, 
	0x21,0x88,0x14,0x88, 
	0x48,0xc0,0x20,0x00, 
	0x82,0x43,0x22,0x58, 
	0x14,0x82,0x05,0x1a, 
	0x52,0x05,0x1b,0xf0, 
	0x88,0x11,0x80,0x55, 
	0x20,0xc0,0x20,0x00, 
	0x52,0x43,0x23,0x3c, 
	0x32,0xc0,0x20,0x00, 
	0x22,0x43,0x10,0x0c, 
	0x02,0x1d,0xf0,0x00, 
	0x36,0x41,0x00,0x4d, 
	0x02,0x68,0x52,0x31, 
	0xab,0x75,0x68,0x36, 
	0x60,0x68,0x41,0xc0, 
	0x20,0x00,0x62,0x43, 
	0x11,0x58,0x52,0x58, 
	0x35,0xc0,0x20,0x00, 
	0x52,0x43,0x12,0x28, 
	0x52,0x28,0x42,0x20, 
	0x28,0x41,0xc0,0x20, 
	0x00,0x22,0x43,0x13, 
	0xf8,0x54,0xf8,0x4f, 
	0xc0,0x20,0x00,0xf2, 
	0x43,0x14,0xe8,0x54, 
	0xe8,0x0e,0xe0,0xe0, 
	0xf5,0xc0,0x20,0x00, 
	0xe2,0x43,0x15,0xd8, 
	0x54,0xd8,0x0d,0xd0, 
	0xd8,0x41,0xc0,0x20, 
	0x00,0xd2,0x43,0x16, 
	0xc8,0x54,0xc8,0x0c, 
	0xc0,0x20,0x00,0xc2, 
	0x43,0x17,0xb8,0x54, 
	0xb8,0x1b,0xb0,0xb0, 
	0x31,0xc0,0x20,0x00, 
	0xb2,0x43,0x18,0xa8, 
	0x54,0xa8,0x1a,0xa0, 
	0xa8,0x21,0xc0,0x20, 
	0x00,0xa2,0x43,0x19, 
	0x98,0x54,0x98,0x19, 
	0xc0,0x20,0x00,0x92, 
	0x43,0x1a,0x88,0x04, 
	0x82,0x08,0x02,0xc0, 
	0x20,0x00,0x82,0x43, 
	0x1b,0x68,0x54,0x62, 
	0x06,0x1c,0xc0,0x20, 
	0x00,0x62,0x43,0x1c, 
	0x58,0x54,0x22,0x05, 
	0x22,0x62,0x05,0x21, 
	0x52,0x05,0x1d,0xc0, 
	0x66,0x11,0x90,0x55, 
	0x11,0x60,0x55,0x20, 
	0x50,0x22,0x20,0xc0, 
	0x20,0x00,0x22,0x43, 
	0x1d,0xf8,0x54,0xf2, 
	0x0f,0x28,0xc0,0x20, 
	0x00,0xf2,0x43,0x1e, 
	0xe8,0x54,0xe8,0x5e, 
	0xe0,0xe8,0x41,0xc0, 
	0x20,0x00,0xe2,0x43, 
	0x1f,0xd8,0x54,0xd8, 
	0x5d,0xc0,0x20,0x00, 
	0xd2,0x43,0x20,0xc8, 
	0x54,0xd2,0x0c,0x23, 
	0xc2,0x0c,0x20,0xb0, 
	0xdd,0x11,0xd0,0xcc, 
	0x20,0xc0,0x20,0x00, 
	0xc2,0x43,0x21,0xb8, 
	0x54,0xa2,0x0b,0x26, 
	0xc2,0x0b,0x25,0xb2, 
	0x0b,0x24,0xd0,0xcc, 
	0x11,0x90,0xbb,0x11, 
	0xc0,0xbb,0x20,0xb0, 
	0xaa,0x20,0xc0,0x20, 
	0x00,0xa2,0x43,0x22, 
	0x98,0x54,0x98,0x69, 
	0x90,0x90,0x31,0xc0, 
	0x20,0x00,0x92,0x43, 
	0x23,0x88,0x54,0x88, 
	0x68,0x80,0x88,0x21, 
	0xc0,0x20,0x00,0x82, 
	0x43,0x24,0x68,0x54, 
	0x68,0x66,0xc0,0x20, 
	0x00,0x62,0x43,0x25, 
	0x58,0x54,0x62,0x05, 
	0x1e,0x52,0x05,0x1f, 
	0xf0,0x66,0x11,0x60, 
	0x55,0x20,0xc0,0x20, 
	0x00,0x52,0x43,0x26, 
	0x1c,0x72,0xc0,0x20, 
	0x00,0x22,0x43,0x10, 
	0x0c,0x02,0x1d,0xf0, 
	0x36,0x41,0x00,0x4d, 
	0x02,0xd8,0x62,0x31, 
	0x59,0x75,0xd8,0x2d, 
	0xd0,0xd8,0x41,0xc0, 
	0x20,0x00,0xd2,0x43, 
	0x11,0xc8,0x62,0xc8, 
	0x2c,0xc0,0x20,0x00, 
	0xc2,0x43,0x12,0xb8, 
	0x62,0xb8,0x3b,0xb0, 
	0xb8,0x41,0xc0,0x20, 
	0x00,0xb2,0x43,0x13, 
	0xa8,0x62,0xa8,0x3a, 
	0xc0,0x20,0x00,0xa2, 
	0x43,0x14,0x98,0x62, 
	0x98,0x09,0x90,0x90, 
	0xf5,0xc0,0x20,0x00, 
	0x92,0x43,0x15,0x88, 
	0x62,0x88,0x08,0x80, 
	0x88,0x41,0xc0,0x20, 
	0x00,0x82,0x43,0x16, 
	0x58,0x62,0x58,0x05, 
	0xc0,0x20,0x00,0x52, 
	0x43,0x17,0x28,0x62, 
	0x28,0x12,0x20,0x20, 
	0x31,0xc0,0x20,0x00, 
	0x22,0x43,0x18,0xf8, 
	0x64,0xf8,0x1f,0xf0, 
	0xf8,0x21,0xc0,0x20, 
	0x00,0xf2,0x43,0x19, 
	0xe8,0x64,0xe8,0x1e, 
	0xc0,0x20,0x00,0xe2, 
	0x43,0x1a,0xd8,0x04, 
	0xd2,0x0d,0x02,0xc0, 
	0x20,0x00,0xd2,0x43, 
	0x1b,0xc8,0x64,0xc2, 
	0x0c,0x18,0xc0,0x20, 
	0x00,0xc2,0x43,0x1c, 
	0xb8,0x64,0xb2,0x0b, 
	0x19,0x90,0xbb,0x11, 
	0xc0,0x20,0x00,0xb2, 
	0x43,0x1d,0xa8,0x64, 
	0xa8,0x5a,0xa0,0xa0, 
	0x31,0xc0,0x20,0x00, 
	0xa2,0x43,0x1e,0x98, 
	0x64,0x98,0x59,0x90, 
	0x98,0x21,0xc0,0x20, 
	0x00,0x92,0x43,0x1f, 
	0x88,0x64,0x88,0x58, 
	0xc0,0x20,0x00,0x82, 
	0x43,0x20,0x58,0x64, 
	0x82,0x05,0x1a,0x52, 
	0x05,0x1b,0xf0,0x88, 
	0x11,0x80,0x55,0x20, 
	0xc0,0x20,0x00,0x52, 
	0x43,0x21,0x1c,0xb2, 
	0xc0,0x20,0x00,0x22, 
	0x43,0x10,0x0c,0x02, 
	0x1d,0xf0,0x00,0x00, 
	0x36,0x41,0x00,0xd8, 
	0x62,0x31,0x1f,0x75, 
	0xe2,0x0d,0x1d,0xd2, 
	0x0d,0x1e,0xc0,0xee, 
	0x11,0xe0,0xdd,0x20, 
	0xc0,0x20,0x00,0xd2, 
	0x43,0x11,0xc8,0x62, 
	0xd2,0x0c,0x1f,0xc2, 
	0x0c,0x20,0xc0,0xdd, 
	0x11,0xd0,0xcc,0x20, 
	0xc0,0x20,0x00,0xc2, 
	0x43,0x12,0xb8,0x62, 
	0xc2,0x0b,0x21,0xb2, 
	0x0b,0x22,0xc0,0xcc, 
	0x11,0xc0,0xbb,0x20, 
	0xc0,0x20,0x00,0xb2, 
	0x43,0x13,0xa8,0x62, 
	0xb2,0x0a,0x23,0xa2, 
	0x0a,0x24,0xc0,0xbb, 
	0x11,0xb0,0xaa,0x20, 
	0xc0,0x20,0x00,0xa2, 
	0x43,0x14,0x98,0x62, 
	0xa2,0x09,0x25,0x92, 
	0x09,0x26,0xc0,0xaa, 
	0x11,0xa0,0x99,0x20, 
	0xc0,0x20,0x00,0x92, 
	0x43,0x15,0x88,0x62, 
	0x92,0x08,0x27,0x82, 
	0x08,0x28,0xc0,0x99, 
	0x11,0x90,0x88,0x20, 
	0xc0,0x20,0x00,0x82, 
	0x43,0x16,0x58,0x62, 
	0x82,0x05,0x29,0x52, 
	0x05,0x2a,0xc0,0x88, 
	0x11,0x80,0x55,0x20, 
	0xc0,0x20,0x00,0x52, 
	0x43,0x17,0x4c,0x12, 
	0xc0,0x20,0x00,0x22, 
	0x43,0x10,0x0c,0x02, 
	0x1d,0xf0,0x00,0x00, 
	0x36,0x41,0x00,0x4d, 
	0x02,0xf8,0x82,0x31, 
	0xf7,0x74,0xf8,0x2f, 
	0xf0,0xf8,0x41,0xc0, 
	0x20,0x00,0xf2,0x43, 
	0x11,0xe8,0x82,0xe8, 
	0x2e,0xc0,0x20,0x00, 
	0xe2,0x43,0x12,0xd8, 
	0x82,0xd8,0x3d,0xd0, 
	0xd8,0x41,0xc0,0x20, 
	0x00,0xd2,0x43,0x13, 
	0xc8,0x82,0xc8,0x3c, 
	0xc0,0x20,0x00,0xc2, 
	0x43,0x14,0xb8,0x82, 
	0xb8,0x0b,0xb0,0xb0, 
	0xf5,0xc0,0x20,0x00, 
	0xb2,0x43,0x15,0xa8, 
	0x82,0xa8,0x0a,0xa0, 
	0xa8,0x41,0xc0,0x20, 
	0x00,0xa2,0x43,0x16, 
	0x98,0x82,0x98,0x09, 
	0xc0,0x20,0x00,0x92, 
	0x43,0x17,0x88,0x82, 
	0x88,0x18,0x80,0x80, 
	0x31,0xc0,0x20,0x00, 
	0x82,0x43,0x18,0x58, 
	0x82,0x58,0x15,0x50, 
	0x58,0x21,0xc0,0x20, 
	0x00,0x52,0x43,0x19, 
	0x28,0x82,0x28,0x12, 
	0xc0,0x20,0x00,0x22, 
	0x43,0x1a,0xf8,0x04, 
	0xf2,0x0f,0x02,0xc0, 
	0x20,0x00,0xf2,0x43, 
	0x1b,0xe8,0x84,0xe2, 
	0x0e,0x14,0xc0,0x20, 
	0x00,0xe2,0x43,0x1c, 
	0xd8,0x84,0xe2,0x0d, 
	0x15,0xd2,0x0d,0x1c, 
	0x90,0xee,0x11,0xe0, 
	0xdd,0x20,0xc0,0x20, 
	0x00,0xd2,0x43,0x1d, 
	0xc8,0x84,0xc8,0x6c, 
	0xc0,0xc8,0x41,0xc0, 
	0x20,0x00,0xc2,0x43, 
	0x1e,0xb8,0x84,0xb8, 
	0x6b,0xc0,0x20,0x00, 
	0xb2,0x43,0x1f,0xa8, 
	0x84,0xa8,0x4a,0xa0, 
	0xa0,0x31,0xc0,0x20, 
	0x00,0xa2,0x43,0x20, 
	0x98,0x84,0x98,0x49, 
	0x90,0x98,0x21,0xc0, 
	0x20,0x00,0x92,0x43, 
	0x21,0x88,0x84,0x88, 
	0x48,0xc0,0x20,0x00, 
	0x82,0x43,0x22,0x58, 
	0x84,0x82,0x05,0x16, 
	0x52,0x05,0x17,0xf0, 
	0x88,0x11,0x80,0x55, 
	0x20,0xc0,0x20,0x00, 
	0x52,0x43,0x23,0x1c, 
	0xc2,0xc0,0x20,0x00, 
	0x22,0x43,0x10,0x0c, 
	0x02,0x1d,0xf0,0x00, 
	0x36,0x41,0x00,0x0c, 
	0x02,0x1d,0xf0,0x00, 
	0x36,0x41,0x00,0xe8, 
	0xa2,0x31,0xb4,0x74, 
	0xe2,0x0e,0x00,0xc0, 
	0x20,0x00,0xe2,0x43, 
	0x11,0xd8,0xa2,0xd2, 
	0x0d,0x01,0xc0,0x20, 
	0x00,0xd2,0x43,0x12, 
	0xc8,0xa2,0xc2,0x0c, 
	0x02,0xc0,0x20,0x00, 
	0xc2,0x43,0x13,0xb8, 
	0xa2,0xb2,0x0b,0x03, 
	0xc0,0x20,0x00,0xb2, 
	0x43,0x14,0xa8,0xa2, 
	0xa2,0x0a,0x04,0xc0, 
	0x20,0x00,0xa2,0x43, 
	0x15,0x98,0xa2,0x92, 
	0x09,0x05,0xc0,0x20, 
	0x00,0x92,0x43,0x16, 
	0x88,0xa2,0x82,0x08, 
	0x06,0xc0,0x20,0x00, 
	0x82,0x43,0x17,0x3c, 
	0x22,0xc0,0x20,0x00, 
	0x22,0x43,0x10,0x0c, 
	0x02,0x1d,0xf0,0x00, 
	0x36,0x41,0x00,0x71, 
	0x9f,0x74,0x61,0xa8, 
	0x74,0x41,0xbb,0x74, 
	0x58,0x92,0x22,0x04, 
	0x00,0x4c,0x83,0x37, 
	0x92,0x26,0xc0,0x20, 
	0x00,0x22,0x06,0x94, 
	0x20,0x27,0x04,0x22, 
	0x45,0x20,0xc0,0x20, 
	0x00,0x92,0x06,0xf8, 
	0x90,0x96,0x04,0x92, 
	0x45,0x1a,0xc0,0x20, 
	0x00,0x82,0x06,0xf8, 
	0x80,0x80,0x04,0x82, 
	0x45,0x1b,0x46,0x13, 
	0x00,0x66,0x82,0x47, 
	0xc0,0x20,0x00,0x22, 
	0x06,0x94,0x20,0x27, 
	0x04,0x22,0x45,0x20, 
	0xc0,0x20,0x00,0x82, 
	0x06,0xa1,0x80,0x81, 
	0x04,0x82,0x45,0x19, 
	0xc0,0x20,0x00,0x42, 
	0x06,0xf8,0x40,0x46, 
	0x04,0x42,0x45,0x1a, 
	0xc0,0x20,0x00,0x32, 
	0x06,0xf8,0x42,0x05, 
	0x19,0x30,0x30,0x04, 
	0x32,0x45,0x1b,0x66, 
	0x14,0x0b,0x32,0x05, 
	0x1c,0xcc,0x53,0xc0, 
	0x20,0x00,0x88,0x07, 
	0x89,0x15,0x42,0x45, 
	0x1c,0x86,0x00,0x00, 
	0x22,0x05,0x20,0x66, 
	0x12,0x0b,0x92,0x05, 
	0x1f,0xcc,0x59,0xc0, 
	0x20,0x00,0xa8,0x07, 
	0xa9,0x55,0x62,0x05, 
	0x1a,0x22,0x45,0x1f, 
	0x66,0x16,0x0b,0xb2, 
	0x05,0x1d,0xcc,0x5b, 
	0xc0,0x20,0x00,0xc8, 
	0x07,0xc9,0x25,0x42, 
	0x05,0x1b,0x62,0x45, 
	0x1d,0x66,0x14,0x0b, 
	0xd2,0x05,0x1e,0xcc, 
	0x5d,0xc0,0x20,0x00, 
	0xe8,0x07,0xe9,0x35, 
	0x42,0x45,0x1e,0x0c, 
	0x02,0x1d,0xf0,0x00, 
	0x36,0x61,0x00,0x51, 
	0x76,0x74,0xf1,0x9b, 
	0x74,0x81,0xe9,0x74, 
	0x42,0xa0,0xff,0x91, 
	0x9a,0x74,0x0c,0x0d, 
	0x0c,0x1e,0x0c,0x2a, 
	0x0c,0x3c,0x0c,0x4b, 
	0x0c,0xf6,0x38,0x02, 
	0xc0,0x20,0x00,0x72, 
	0x09,0xca,0x72,0x43, 
	0x02,0x16,0x17,0x25, 
	0x32,0xc7,0xf8,0x16, 
	0x23,0x17,0x32,0xc7, 
	0xf0,0x16,0xd3,0x39, 
	0x0c,0x5d,0xf1,0x87, 
	0x74,0x81,0x8b,0x74, 
	0x32,0xc7,0xc0,0x16, 
	0xb3,0x56,0x32,0xc7, 
	0xb8,0x16,0x43,0x65, 
	0x32,0xc7,0xb0,0x56, 
	0x73,0x22,0x49,0x01, 
	0x69,0x11,0x42,0xa0, 
	0xfe,0xc0,0x20,0x00, 
	0x32,0x05,0x00,0xe0, 
	0x33,0x20,0xc0,0x20, 
	0x00,0x32,0x45,0x00, 
	0x68,0x72,0xc0,0x20, 
	0x00,0x72,0x05,0x82, 
	0x80,0x77,0x11,0xc0, 
	0x20,0x00,0x32,0x05, 
	0x83,0x70,0x33,0x20, 
	0x39,0x26,0xc0,0x20, 
	0x00,0x72,0x05,0x00, 
	0x40,0x77,0x10,0xc0, 
	0x20,0x00,0x72,0x45, 
	0x00,0xc0,0x20,0x00, 
	0x62,0x05,0x00,0xe0, 
	0x66,0x20,0xc0,0x20, 
	0x00,0x62,0x45,0x00, 
	0x78,0x72,0xc0,0x20, 
	0x00,0x32,0x08,0x81, 
	0x80,0x33,0x11,0xc0, 
	0x20,0x00,0x62,0x08, 
	0x82,0x30,0x66,0x20, 
	0x69,0x37,0xc0,0x20, 
	0x00,0x32,0x05,0x00, 
	0x40,0x33,0x10,0xc0, 
	0x20,0x00,0x32,0x45, 
	0x00,0xc0,0x20,0x00, 
	0x72,0x05,0x00,0xe0, 
	0x77,0x20,0xc0,0x20, 
	0x00,0x72,0x45,0x00, 
	0x78,0x72,0xc0,0x20, 
	0x00,0x62,0x09,0xc4, 
	0x80,0x66,0x11,0xc0, 
	0x20,0x00,0x32,0x09, 
	0xc3,0x00,0x33,0x11, 
	0x60,0x33,0x20,0xc0, 
	0x20,0x00,0x62,0x09, 
	0xc5,0x30,0x66,0x20, 
	0x69,0x07,0xc0,0x20, 
	0x00,0x32,0x05,0x00, 
	0x40,0x33,0x10,0xc0, 
	0x20,0x00,0x32,0x45, 
	0x00,0xc0,0x20,0x00, 
	0x72,0x05,0x00,0xe0, 
	0x77,0x20,0xc0,0x20, 
	0x00,0x72,0x45,0x00, 
	0x78,0x72,0xc0,0x20, 
	0x00,0x62,0x05,0x9a, 
	0x80,0x66,0x11,0xc0, 
	0x20,0x00,0x32,0x05, 
	0x99,0x00,0x33,0x11, 
	0x60,0x33,0x20,0xc0, 
	0x20,0x00,0x62,0x05, 
	0x9b,0x30,0x66,0x20, 
	0x69,0x17,0xc0,0x20, 
	0x00,0x32,0x05,0x00, 
	0x40,0x33,0x10,0xc0, 
	0x20,0x00,0x32,0x45, 
	0x00,0x28,0x72,0xc0, 
	0x20,0x00,0x48,0x01, 
	0x72,0x09,0xc7,0x68, 
	0x11,0xcc,0x47,0xc0, 
	0x20,0x00,0x42,0x09, 
	0xc8,0x42,0x42,0x14, 
	0xc0,0x20,0x00,0x32, 
	0x05,0xe4,0x30,0x37, 
	0x04,0x32,0x42,0x15, 
	0xe8,0x0f,0xe9,0x62, 
	0xc0,0x20,0x00,0x92, 
	0x08,0x8a,0x16,0xa9, 
	0x25,0xc0,0x20,0x00, 
	0x92,0x08,0x8a,0x0b, 
	0x99,0x16,0x19,0x25, 
	0xc0,0x20,0x00,0xa2, 
	0x08,0x8a,0xa2,0xca, 
	0xfe,0x16,0xca,0x5e, 
	0xc0,0x20,0x00,0xb2, 
	0x08,0x8a,0xb2,0xcb, 
	0xfd,0x16,0x2b,0x5e, 
	0xc0,0x20,0x00,0xc2, 
	0x08,0x8a,0xc2,0xcc, 
	0xfc,0x56,0xfc,0x22, 
	0x0c,0x66,0x86,0x8a, 
	0x00,0xf1,0x30,0x74, 
	0x28,0x42,0xc0,0x20, 
	0x00,0x72,0x05,0x82, 
	0x80,0x77,0x11,0xc0, 
	0x20,0x00,0x62,0x05, 
	0x83,0x70,0x66,0x20, 
	0x69,0x22,0xc0,0x20, 
	0x00,0x32,0x0f,0x60, 
	0x80,0x33,0x11,0xc0, 
	0x20,0x00,0xf2,0x0f, 
	0x61,0x30,0xff,0x20, 
	0xf9,0x32,0xc0,0x20, 
	0x00,0xe2,0x09,0xc4, 
	0x80,0xee,0x11,0xc0, 
	0x20,0x00,0xd2,0x09, 
	0xc3,0x00,0xdd,0x11, 
	0xe0,0xdd,0x20,0xc0, 
	0x20,0x00,0xc2,0x09, 
	0xc5,0xd0,0xcc,0x20, 
	0xc9,0x02,0xc0,0x20, 
	0x00,0xb2,0x05,0x9a, 
	0x80,0xbb,0x11,0xc0, 
	0x20,0x00,0xa2,0x05, 
	0x99,0x00,0xaa,0x11, 
	0xb0,0xaa,0x20,0xc0, 
	0x20,0x00,0x72,0x05, 
	0x9b,0xa0,0x77,0x20, 
	0xc0,0x20,0x00,0xb2, 
	0x05,0x9f,0x80,0xbb, 
	0x11,0xc0,0x20,0x00, 
	0xa2,0x05,0x9e,0x00, 
	0xaa,0x11,0xb0,0xaa, 
	0x20,0xc0,0x20,0x00, 
	0x62,0x05,0xa0,0xa0, 
	0x66,0x20,0x77,0x77, 
	0x02,0x80,0x77,0x20, 
	0x77,0x76,0x02,0x80, 
	0x66,0x20,0xa8,0x42, 
	0x6a,0xb7,0xba,0xaa, 
	0xa9,0x12,0xc0,0x20, 
	0x00,0x82,0x09,0xc7, 
	0x16,0x78,0x53,0x42, 
	0x42,0x18,0xc0,0x20, 
	0x00,0x92,0x05,0xe4, 
	0x90,0x97,0x04,0x92, 
	0x42,0x19,0xc0,0x20, 
	0x00,0x82,0x05,0x96, 
	0x80,0x88,0x11,0xc0, 
	0x20,0x00,0x62,0x05, 
	0x95,0x00,0x66,0x11, 
	0x80,0x66,0x20,0xc0, 
	0x20,0x00,0x42,0x05, 
	0x97,0x60,0xa4,0x20, 
	0xa9,0x52,0x0c,0x02, 
	0x1d,0xf0,0x28,0x52, 
	0xc0,0x20,0x00,0xc2, 
	0x05,0x82,0x80,0xcc, 
	0x11,0xc0,0x20,0x00, 
	0x72,0x05,0x83,0xc0, 
	0x77,0x20,0x79,0x32, 
	0xc0,0x20,0x00,0x32, 
	0x0f,0xf4,0x80,0x33, 
	0x11,0xc0,0x20,0x00, 
	0xe2,0x0f,0xf5,0x30, 
	0xee,0x20,0xe9,0x42, 
	0xc0,0x20,0x00,0xc2, 
	0x09,0xc4,0x80,0xcc, 
	0x11,0xc0,0x20,0x00, 
	0x72,0x09,0xc3,0x00, 
	0x77,0x11,0xc0,0x77, 
	0x20,0xc0,0x20,0x00, 
	0x32,0x09,0xc5,0x70, 
	0x33,0x20,0x39,0x02, 
	0xc0,0x20,0x00,0xe2, 
	0x05,0x88,0x80,0xee, 
	0x11,0xc0,0x20,0x00, 
	0xc2,0x05,0x87,0x00, 
	0xcc,0x11,0xe0,0xcc, 
	0x20,0xc0,0x20,0x00, 
	0x72,0x05,0x89,0xf8, 
	0x22,0xc0,0x77,0x20, 
	0x77,0x77,0x02,0x80, 
	0x77,0x20,0x7a,0xff, 
	0xf9,0x12,0xc0,0x20, 
	0x00,0xe2,0x09,0xc7, 
	0xcc,0x4e,0xc0,0x20, 
	0x00,0x42,0x09,0xc8, 
	0x42,0x42,0x1c,0xc0, 
	0x20,0x00,0x72,0x05, 
	0xe4,0x70,0x77,0x04, 
	0x72,0x42,0x1d,0xc0, 
	0x20,0x00,0x32,0x05, 
	0xb8,0x30,0x34,0x24, 
	0x32,0x42,0x21,0xc0, 
	0x20,0x00,0xf2,0x05, 
	0xbb,0xf0,0xf4,0x24, 
	0xf2,0x42,0x22,0xc0, 
	0x20,0x00,0xe2,0x05, 
	0xd1,0xe0,0xe0,0x54, 
	0xe2,0x42,0x28,0xc0, 
	0x20,0x00,0xc2,0x05, 
	0xd5,0x80,0xcc,0x11, 
	0xc0,0x20,0x00,0x92, 
	0x05,0xd6,0xc0,0x99, 
	0x20,0x99,0x52,0xc0, 
	0x20,0x00,0x82,0x05, 
	0xd2,0x80,0x80,0x24, 
	0x82,0x42,0x23,0xc0, 
	0x20,0x00,0x72,0x05, 
	0xd3,0x70,0x74,0x24, 
	0x72,0x42,0x25,0xc0, 
	0x20,0x00,0x32,0x05, 
	0xd2,0x30,0x34,0x14, 
	0x9c,0xb3,0xc0,0x20, 
	0x00,0x82,0x05,0xd2, 
	0x80,0x84,0x14,0x26, 
	0x18,0x12,0xc0,0x20, 
	0x00,0x92,0x05,0xd2, 
	0x90,0x94,0x14,0x66, 
	0x29,0x08,0x6d,0x0b, 
	0xc6,0x00,0x00,0xad, 
	0x0d,0x6d,0x0a,0x62, 
	0x42,0x20,0xc0,0x20, 
	0x00,0xe2,0x05,0xd3, 
	0xe0,0xe0,0x24,0xe2, 
	0x42,0x26,0xd1,0xb9, 
	0x73,0xc0,0x20,0x00, 
	0xd2,0x0d,0x81,0xd0, 
	0xd7,0x04,0xd2,0x42, 
	0x24,0xc0,0x20,0x00, 
	0xc2,0x05,0x85,0x80, 
	0xcc,0x11,0xc0,0x20, 
	0x00,0xb2,0x05,0x84, 
	0x00,0xbb,0x11,0xc0, 
	0xbb,0x20,0xc0,0x20, 
	0x00,0xa2,0x05,0x86, 
	0xb0,0xaa,0x20,0xa9, 
	0x62,0x46,0xab,0xff, 
	0xcd,0x0a,0x6d,0x0c, 
	0x62,0x42,0x1c,0xc6, 
	0xa8,0xff,0x28,0x62, 
	0xc0,0x20,0x00,0x72, 
	0x05,0x82,0x80,0x77, 
	0x11,0xc0,0x20,0x00, 
	0x32,0x05,0x83,0x70, 
	0x33,0x20,0x39,0x22, 
	0xc0,0x20,0x00,0xc2, 
	0x0f,0xf4,0x80,0xcc, 
	0x11,0xc0,0x20,0x00, 
	0x72,0x0f,0xf5,0xc0, 
	0x77,0x20,0x79,0x32, 
	0xc0,0x20,0x00,0x32, 
	0x09,0xc4,0x80,0x33, 
	0x11,0xc0,0x20,0x00, 
	0xc2,0x09,0xc3,0x00, 
	0xcc,0x11,0x30,0xcc, 
	0x20,0xc0,0x20,0x00, 
	0x72,0x09,0xc5,0xc0, 
	0x77,0x20,0x79,0x02, 
	0xc0,0x20,0x00,0x32, 
	0x05,0x88,0x80,0x33, 
	0x11,0xc0,0x20,0x00, 
	0xc2,0x05,0x87,0x00, 
	0xcc,0x11,0x30,0xcc, 
	0x20,0xc0,0x20,0x00, 
	0x72,0x05,0x89,0xc0, 
	0x77,0x20,0xc8,0x42, 
	0x77,0x77,0x02,0x80, 
	0x77,0x20,0x7a,0xcc, 
	0xc9,0x12,0xc0,0x20, 
	0x00,0x82,0x09,0xc7, 
	0xcc,0x48,0xc0,0x20, 
	0x00,0x42,0x09,0xc8, 
	0x42,0x42,0x18,0xc0, 
	0x20,0x00,0xc2,0x05, 
	0xe4,0xc0,0xc7,0x04, 
	0xc2,0x42,0x19,0xc0, 
	0x20,0x00,0x92,0x05, 
	0xb8,0x90,0x94,0x24, 
	0x92,0x42,0x1d,0xc0, 
	0x20,0x00,0x82,0x05, 
	0xbb,0x80,0x84,0x24, 
	0x82,0x42,0x1e,0xc0, 
	0x20,0x00,0x32,0x05, 
	0xd7,0x30,0x30,0x24, 
	0x32,0x42,0x20,0xc0, 
	0x20,0x00,0xf2,0x05, 
	0xd7,0xf0,0xf4,0x24, 
	0x16,0xbf,0x2f,0xc0, 
	0x20,0x00,0xf2,0x05, 
	0xd7,0xf0,0xf4,0x24, 
	0x0b,0xff,0x16,0x9f, 
	0x2f,0xc0,0x20,0x00, 
	0x32,0x05,0xd7,0x30, 
	0x34,0x24,0x32,0xc3, 
	0xfe,0x16,0x23,0x30, 
	0xc0,0x20,0x00,0x82, 
	0x05,0xd7,0x80,0x84, 
	0x24,0x82,0xc8,0xfd, 
	0x16,0x78,0x2e,0x62, 
	0x42,0x1f,0x0c,0xd7, 
	0xc0,0x20,0x00,0xf2, 
	0x05,0xd8,0xf0,0xf4, 
	0x24,0xf2,0x42,0x21, 
	0xc0,0x20,0x00,0xc2, 
	0x05,0xd8,0xc0,0xc0, 
	0x34,0xc2,0x42,0x22, 
	0xc0,0x20,0x00,0x92, 
	0x05,0xd8,0x90,0x90, 
	0x34,0x97,0xb7,0x02, 
	0xc6,0x9e,0x00,0xc0, 
	0x20,0x00,0x42,0x05, 
	0xd8,0x40,0x40,0x34, 
	0x42,0x42,0x22,0xc0, 
	0x20,0x00,0x92,0x05, 
	0xd9,0x90,0x90,0x24, 
	0x92,0x42,0x24,0xc0, 
	0x20,0x00,0x82,0x05, 
	0xd9,0x80,0x84,0x24, 
	0x16,0x58,0x28,0xc0, 
	0x20,0x00,0xc2,0x05, 
	0xd9,0xc0,0xc4,0x24, 
	0x0b,0xcc,0x16,0x3c, 
	0x28,0xc0,0x20,0x00, 
	0xf2,0x05,0xd9,0xf0, 
	0xf4,0x24,0xf2,0xcf, 
	0xfe,0x16,0xcf,0x28, 
	0xc0,0x20,0x00,0x32, 
	0x05,0xd9,0x30,0x34, 
	0x24,0x32,0xc3,0xfd, 
	0x16,0x13,0x27,0x62, 
	0x42,0x23,0xc0,0x20, 
	0x00,0x82,0x05,0xda, 
	0x80,0x84,0x24,0x82, 
	0x42,0x25,0xc0,0x20, 
	0x00,0x42,0x05,0xda, 
	0x40,0x40,0x34,0x47, 
	0xb7,0x02,0x86,0x84, 
	0x00,0xc0,0x20,0x00, 
	0x42,0x05,0xda,0x40, 
	0x40,0x34,0x42,0x42, 
	0x26,0xc0,0x20,0x00, 
	0x92,0x05,0xdb,0x90, 
	0x90,0x24,0x92,0x42, 
	0x28,0xc0,0x20,0x00, 
	0x82,0x05,0xdb,0x80, 
	0x84,0x24,0x16,0x88, 
	0x0d,0xc0,0x20,0x00, 
	0xc2,0x05,0xdb,0xc0, 
	0xc4,0x24,0x0b,0xcc, 
	0x16,0xcc,0x1e,0xc0, 
	0x20,0x00,0xe2,0x05, 
	0xdb,0xe0,0xe4,0x24, 
	0xe2,0xce,0xfe,0x16, 
	0xfe,0x1d,0xc0,0x20, 
	0x00,0xf2,0x05,0xdb, 
	0xf0,0xf4,0x24,0xf2, 
	0xcf,0xfd,0x56,0xef, 
	0x0a,0x6d,0x0b,0x46, 
	0x2a,0x00,0x28,0x82, 
	0xc0,0x20,0x00,0x72, 
	0x05,0x82,0x80,0x77, 
	0x11,0xc0,0x20,0x00, 
	0x32,0x05,0x83,0x70, 
	0x33,0x20,0x39,0x22, 
	0xc0,0x20,0x00,0xe2, 
	0x08,0x81,0x80,0xee, 
	0x11,0xc0,0x20,0x00, 
	0x72,0x08,0x82,0xe0, 
	0x77,0x20,0x79,0x32, 
	0xc0,0x20,0x00,0x32, 
	0x09,0xc4,0x80,0x33, 
	0x11,0xc0,0x20,0x00, 
	0xe2,0x09,0xc3,0x00, 
	0xee,0x11,0x30,0xee, 
	0x20,0xc0,0x20,0x00, 
	0x72,0x09,0xc5,0xe0, 
	0x77,0x20,0x79,0x02, 
	0xc0,0x20,0x00,0x32, 
	0x09,0xc7,0xcc,0x43, 
	0xc0,0x20,0x00,0x42, 
	0x09,0xc8,0x42,0x42, 
	0x14,0xc0,0x20,0x00, 
	0x32,0x05,0xe4,0x30, 
	0x37,0x04,0x32,0x42, 
	0x15,0xe8,0x0f,0xe9, 
	0x62,0xc0,0x20,0x00, 
	0x92,0x08,0x8a,0x16, 
	0xf9,0x11,0xc0,0x20, 
	0x00,0x92,0x08,0x8a, 
	0x0b,0x99,0x16,0x69, 
	0x11,0xc0,0x20,0x00, 
	0xa2,0x08,0x8a,0xa2, 
	0xca,0xfe,0x16,0xea, 
	0x14,0xc0,0x20,0x00, 
	0xb2,0x08,0x8a,0xb2, 
	0xcb,0xfd,0x16,0x4b, 
	0x14,0xc0,0x20,0x00, 
	0xc2,0x08,0x8a,0xc2, 
	0xcc,0xfc,0x56,0x4c, 
	0x0f,0x0c,0x66,0xc6, 
	0x3b,0x00,0x6d,0x0e, 
	0x62,0x42,0x27,0xc0, 
	0x20,0x00,0xf2,0x05, 
	0xdc,0xf0,0xf4,0x24, 
	0xf2,0x42,0x29,0xc0, 
	0x20,0x00,0xe2,0x05, 
	0xdc,0xe0,0xe0,0x34, 
	0xe7,0x37,0x08,0xc0, 
	0x20,0x00,0xd2,0x05, 
	0xdc,0xd0,0xd0,0x34, 
	0xd2,0x42,0x2a,0xc0, 
	0x20,0x00,0x82,0x05, 
	0x85,0x80,0x88,0x11, 
	0xc0,0x20,0x00,0x62, 
	0x05,0x84,0x00,0x66, 
	0x11,0x80,0x66,0x20, 
	0xc0,0x20,0x00,0x42, 
	0x05,0x86,0xc6,0xf4, 
	0xfe,0x28,0x12,0xc0, 
	0x20,0x00,0xc2,0x05, 
	0x82,0x80,0xcc,0x11, 
	0xc0,0x20,0x00,0xa2, 
	0x05,0x83,0xc0,0xaa, 
	0x20,0xa9,0x22,0xc0, 
	0x20,0x00,0x62,0x08, 
	0x81,0x80,0x66,0x11, 
	0xc0,0x20,0x00,0x32, 
	0x08,0x82,0x60,0x33, 
	0x20,0x39,0x32,0xc0, 
	0x20,0x00,0xe2,0x09, 
	0xc4,0x80,0xee,0x11, 
	0xc0,0x20,0x00,0xd2, 
	0x09,0xc3,0x00,0xdd, 
	0x11,0xe0,0xdd,0x20, 
	0xc0,0x20,0x00,0xc2, 
	0x09,0xc5,0xd0,0xcc, 
	0x20,0xc9,0x02,0xc0, 
	0x20,0x00,0xa2,0x09, 
	0xc7,0xcc,0x4a,0xc0, 
	0x20,0x00,0x42,0x09, 
	0xc8,0x42,0x42,0x18, 
	0xc0,0x20,0x00,0x32, 
	0x05,0xe4,0x30,0x37, 
	0x04,0x32,0x42,0x19, 
	0xe8,0x0f,0xe9,0x52, 
	0xc0,0x20,0x00,0xd2, 
	0x08,0x8a,0x26,0x2d, 
	0x0a,0xc0,0x20,0x00, 
	0x92,0x08,0x8a,0x66, 
	0x49,0x04,0x0c,0x6b, 
	0xb2,0x42,0x1c,0xc0, 
	0x20,0x00,0x82,0x05, 
	0x96,0x80,0x88,0x11, 
	0xc0,0x20,0x00,0x62, 
	0x05,0x95,0x00,0x66, 
	0x11,0x80,0x66,0x20, 
	0xc0,0x20,0x00,0x42, 
	0x05,0x97,0x60,0x94, 
	0x20,0x99,0x42,0xc6, 
	0xcc,0xfe,0xcd,0x0a, 
	0x6d,0x0c,0x62,0x42, 
	0x1c,0xc0,0x20,0x00, 
	0x82,0x05,0x96,0x80, 
	0x88,0x11,0xc0,0x20, 
	0x00,0x62,0x05,0x95, 
	0x00,0x66,0x11,0x80, 
	0x66,0x20,0xc0,0x20, 
	0x00,0x42,0x05,0x97, 
	0x86,0xf4,0xff,0x4d, 
	0x0d,0xc6,0x61,0xff, 
	0x4d,0x0d,0x06,0x7c, 
	0xff,0xdd,0x0b,0x6d, 
	0x0d,0xc6,0x14,0xff, 
	0xad,0x0d,0x6d,0x0a, 
	0x06,0xb6,0xff,0xc0, 
	0x20,0x00,0x42,0x09, 
	0xc8,0x86,0xaf,0xfe, 
	0xdd,0x0b,0x6d,0x0d, 
	0x86,0xed,0xff,0xe2, 
	0x42,0x1f,0x06,0x4b, 
	0xff,0xe2,0x42,0x23, 
	0x86,0x68,0xff,0xd2, 
	0x42,0x1f,0x06,0x48, 
	0xff,0xd2,0x42,0x23, 
	0x86,0x65,0xff,0xb2, 
	0x42,0x1f,0x06,0x45, 
	0xff,0xb2,0x42,0x23, 
	0x86,0x62,0xff,0xa2, 
	0x42,0x1f,0x06,0x42, 
	0xff,0xa2,0x42,0x23, 
	0x86,0x5f,0xff,0x00, 
	0x36,0x41,0x00,0x21, 
	0xaf,0x72,0x22,0x02, 
	0x00,0x56,0x42,0x04, 
	0x0c,0x26,0x31,0xa9, 
	0x72,0xf2,0xa0,0xc0, 
	0xe2,0xa0,0x88,0xd2, 
	0xa0,0x80,0xc2,0xa0, 
	0x60,0x4c,0x5a,0x4c, 
	0x09,0x3c,0x38,0x2c, 
	0x87,0x51,0x7c,0x72, 
	0x41,0x90,0x72,0xb1, 
	0xf1,0x72,0x42,0x04, 
	0x00,0xb2,0xcb,0x80, 
	0x16,0xa4,0x25,0x22, 
	0xc4,0xf8,0x16,0xe2, 
	0x12,0x22,0xc4,0xf0, 
	0x16,0xc2,0x36,0x26, 
	0xd4,0x0e,0x22,0xc4, 
	0xb8,0x16,0x82,0x48, 
	0x5c,0x03,0x37,0x14, 
	0x03,0x0c,0x02,0x1d, 
	0xf0,0xc0,0x20,0x00, 
	0x22,0xa0,0x70,0x22, 
	0x45,0x0f,0xc0,0x20, 
	0x00,0x0c,0x06,0x62, 
	0x45,0x10,0xc0,0x20, 
	0x00,0x22,0x05,0x21, 
	0x82,0xa0,0xfd,0x80, 
	0x22,0x10,0xc0,0x20, 
	0x00,0x22,0x45,0x21, 
	0xc0,0x20,0x00,0x5c, 
	0x78,0x82,0x45,0x1f, 
	0xc0,0x20,0x00,0x92, 
	0x45,0x12,0xc0,0x20, 
	0x00,0x22,0xa0,0xc3, 
	0x22,0x45,0x08,0xc0, 
	0x20,0x00,0x5c,0x19, 
	0x92,0x45,0x0e,0xc0, 
	0x20,0x00,0xe2,0x45, 
	0x11,0xc0,0x20,0x00, 
	0xa2,0x45,0x1b,0xc0, 
	0x20,0x00,0x3c,0x38, 
	0x82,0x45,0x23,0xc0, 
	0x20,0x00,0x82,0xa0, 
	0xf7,0x22,0x05,0x32, 
	0x0c,0x89,0x80,0x22, 
	0x10,0x90,0x22,0x20, 
	0xc0,0x20,0x00,0x22, 
	0x45,0x32,0xc0,0x20, 
	0x00,0x1c,0x19,0x92, 
	0x45,0x20,0xc0,0x20, 
	0x00,0x3c,0x02,0x22, 
	0x45,0x16,0xc0,0x20, 
	0x00,0x92,0xa0,0xa7, 
	0x92,0x45,0x2c,0xc0, 
	0x20,0x00,0x22,0x05, 
	0x1c,0x80,0x22,0x10, 
	0xc0,0x20,0x00,0x22, 
	0x45,0x1c,0xc0,0x20, 
	0x00,0x92,0xa0,0xc7, 
	0x92,0x45,0x1e,0xc0, 
	0x20,0x00,0x62,0x45, 
	0x1a,0xc0,0x20,0x00, 
	0x82,0x05,0x25,0x80, 
	0x80,0x64,0xc0,0x20, 
	0x00,0x82,0x45,0x25, 
	0xc0,0x20,0x00,0xc2, 
	0x45,0x14,0xc0,0x20, 
	0x00,0x21,0x64,0x72, 
	0x72,0x42,0x01,0xc0, 
	0x20,0x00,0x72,0x42, 
	0x0e,0xc0,0x20,0x00, 
	0x82,0x0b,0x03,0x0c, 
	0x29,0x90,0x88,0x20, 
	0xc0,0x20,0x00,0x82, 
	0x4b,0x03,0xc0,0x20, 
	0x00,0x72,0x4b,0x2b, 
	0xc0,0x20,0x00,0x62, 
	0x4b,0x66,0xc0,0x20, 
	0x00,0xf2,0x4b,0x67, 
	0xc0,0x20,0x00,0x91, 
	0x5c,0x72,0x22,0x09, 
	0x6a,0xd0,0x22,0x20, 
	0xc0,0x20,0x00,0x22, 
	0x49,0x6a,0xc0,0x20, 
	0x00,0x82,0x09,0x4a, 
	0x0c,0x46,0x60,0x88, 
	0x20,0xc0,0x20,0x00, 
	0x82,0x49,0x4a,0xc0, 
	0x20,0x00,0x62,0x45, 
	0x49,0x06,0xb9,0xff, 
	0xc0,0x20,0x00,0x2c, 
	0xf2,0x22,0x45,0x0f, 
	0xc0,0x20,0x00,0x92, 
	0x45,0x10,0xc0,0x20, 
	0x00,0x42,0x05,0x21, 
	0x60,0x44,0x20,0xc0, 
	0x20,0x00,0x42,0x45, 
	0x21,0x22,0xa0,0x6d, 
	0xc0,0x20,0x00,0x22, 
	0x45,0x1f,0xc0,0x20, 
	0x00,0x92,0x45,0x12, 
	0x4c,0x12,0x42,0xa0, 
	0xbc,0xc0,0x20,0x00, 
	0x92,0x05,0x08,0x40, 
	0x99,0x10,0x20,0x99, 
	0x20,0xc0,0x20,0x00, 
	0x92,0x45,0x08,0x42, 
	0xa0,0x61,0xc0,0x20, 
	0x00,0x42,0x45,0x0e, 
	0xc0,0x20,0x00,0xe2, 
	0x45,0x11,0xc0,0x20, 
	0x00,0xa2,0x45,0x1b, 
	0xc0,0x20,0x00,0x82, 
	0x45,0x23,0xc0,0x20, 
	0x00,0x3c,0x84,0x21, 
	0x40,0x72,0x42,0x45, 
	0x32,0x22,0x02,0x00, 
	0x42,0xa0,0xdb,0xcc, 
	0xa2,0x82,0xa0,0x68, 
	0xc0,0x20,0x00,0x82, 
	0x45,0x20,0x06,0x02, 
	0x00,0x92,0xa0,0x6c, 
	0xc0,0x20,0x00,0x92, 
	0x45,0x20,0x1c,0xfa, 
	0xc0,0x20,0x00,0x3c, 
	0x02,0x22,0x45,0x16, 
	0xe2,0xa0,0x97,0xc0, 
	0x20,0x00,0xe2,0x45, 
	0x2c,0xc0,0x20,0x00, 
	0x82,0x05,0x1c,0x0c, 
	0x89,0x90,0x88,0x20, 
	0xc0,0x20,0x00,0x82, 
	0x45,0x1c,0xc0,0x20, 
	0x00,0x42,0x45,0x1e, 
	0xc0,0x20,0x00,0x0c, 
	0x08,0x82,0x45,0x1a, 
	0xc0,0x20,0x00,0x22, 
	0x05,0x25,0x20,0x20, 
	0x64,0xc0,0x20,0x00, 
	0x22,0x45,0x25,0xc0, 
	0x20,0x00,0xc2,0x45, 
	0x14,0xc0,0x20,0x00, 
	0xe1,0x1a,0x72,0xa2, 
	0x4e,0x01,0xc0,0x20, 
	0x00,0xa2,0x4e,0x0e, 
	0xc0,0x20,0x00,0x92, 
	0x0b,0x03,0x60,0x99, 
	0x20,0xc0,0x20,0x00, 
	0x92,0x4b,0x03,0xc0, 
	0x20,0x00,0x72,0x4b, 
	0x2b,0xc0,0x20,0x00, 
	0x82,0x4b,0x66,0xc0, 
	0x20,0x00,0xf2,0x4b, 
	0x67,0xc0,0x20,0x00, 
	0x22,0x03,0x6a,0xd0, 
	0x22,0x20,0xc0,0x20, 
	0x00,0x22,0x43,0x6a, 
	0xc0,0x20,0x00,0xe2, 
	0x03,0x4a,0x0c,0x4a, 
	0xa0,0xee,0x20,0xc0, 
	0x20,0x00,0xe2,0x43, 
	0x4a,0xc0,0x20,0x00, 
	0xa2,0x45,0x49,0x86, 
	0x6f,0xff,0xc0,0x20, 
	0x00,0x2c,0xf2,0x22, 
	0x45,0x0f,0xc0,0x20, 
	0x00,0x92,0x45,0x10, 
	0xc0,0x20,0x00,0x22, 
	0x05,0x21,0x60,0x22, 
	0x20,0xc0,0x20,0x00, 
	0x22,0x45,0x21,0xc0, 
	0x20,0x00,0x22,0xa0, 
	0x7d,0x22,0x45,0x1f, 
	0xc0,0x20,0x00,0xf2, 
	0x45,0x12,0xc0,0x20, 
	0x00,0x22,0xa0,0xc3, 
	0x22,0x45,0x08,0xc0, 
	0x20,0x00,0x5c,0x12, 
	0x22,0x45,0x0e,0xc0, 
	0x20,0x00,0xe2,0x45, 
	0x11,0xc0,0x20,0x00, 
	0xa2,0x45,0x1b,0xc0, 
	0x20,0x00,0x82,0x45, 
	0x23,0xc0,0x20,0x00, 
	0x3c,0x82,0x22,0x45, 
	0x32,0xc0,0x20,0x00, 
	0x82,0xa0,0xff,0x82, 
	0x45,0x20,0xc0,0x20, 
	0x00,0x3c,0x02,0x22, 
	0x45,0x16,0xc0,0x20, 
	0x00,0x82,0xa0,0xa7, 
	0x82,0x45,0x2c,0xc0, 
	0x20,0x00,0x82,0x05, 
	0x1c,0x0c,0x82,0x20, 
	0x88,0x20,0xc0,0x20, 
	0x00,0x82,0x45,0x1c, 
	0xc0,0x20,0x00,0x22, 
	0xa0,0xdb,0x22,0x45, 
	0x1e,0xc0,0x20,0x00, 
	0x0c,0x02,0x22,0x45, 
	0x1a,0xc0,0x20,0x00, 
	0x82,0x05,0x25,0x80, 
	0x80,0x64,0xc0,0x20, 
	0x00,0x82,0x45,0x25, 
	0xc0,0x20,0x00,0xc2, 
	0x45,0x14,0xc0,0x20, 
	0x00,0x81,0xd9,0x71, 
	0x72,0x48,0x01,0xc0, 
	0x20,0x00,0x72,0x48, 
	0x0e,0xc0,0x20,0x00, 
	0x82,0x0b,0x03,0x60, 
	0x88,0x20,0xc0,0x20, 
	0x00,0x82,0x4b,0x03, 
	0xc0,0x20,0x00,0x72, 
	0x4b,0x2b,0xc0,0x20, 
	0x00,0x22,0x4b,0x66, 
	0xc0,0x20,0x00,0xf2, 
	0x4b,0x67,0xc0,0x20, 
	0x00,0x82,0x03,0x6a, 
	0xd0,0x88,0x20,0xc0, 
	0x20,0x00,0x82,0x43, 
	0x6a,0xc0,0x20,0x00, 
	0x22,0x03,0x4a,0x0c, 
	0x48,0x80,0x22,0x20, 
	0xc0,0x20,0x00,0x22, 
	0x43,0x4a,0xc0,0x20, 
	0x00,0x82,0x45,0x49, 
	0xc0,0x20,0x00,0x21, 
	0x17,0x72,0x62,0x42, 
	0x0f,0xc0,0x20,0x00, 
	0x62,0x42,0x10,0xc0, 
	0x20,0x00,0xc2,0x42, 
	0x2c,0x0c,0x38,0xc0, 
	0x20,0x00,0x82,0x42, 
	0x14,0x06,0x28,0xff, 
	0xc0,0x20,0x00,0x2c, 
	0xf2,0x22,0x45,0x0f, 
	0xc0,0x20,0x00,0x92, 
	0x45,0x10,0xc0,0x20, 
	0x00,0x22,0x05,0x21, 
	0x60,0x22,0x20,0xc0, 
	0x20,0x00,0x22,0x45, 
	0x21,0xc0,0x20,0x00, 
	0x22,0xa0,0x7d,0x22, 
	0x45,0x1f,0xc0,0x20, 
	0x00,0xf2,0x45,0x12, 
	0xc0,0x20,0x00,0x22, 
	0xa0,0xc3,0x22,0x45, 
	0x08,0xc0,0x20,0x00, 
	0x5c,0x12,0x22,0x45, 
	0x0e,0xc0,0x20,0x00, 
	0xe2,0x45,0x11,0xc0, 
	0x20,0x00,0xa2,0x45, 
	0x1b,0xc0,0x20,0x00, 
	0x82,0x45,0x23,0xc0, 
	0x20,0x00,0x3c,0x82, 
	0x22,0x45,0x32,0xc0, 
	0x20,0x00,0x82,0xa0, 
	0xff,0x82,0x45,0x20, 
	0xc0,0x20,0x00,0x92, 
	0x45,0x16,0xc0,0x20, 
	0x00,0x22,0xa0,0xa7, 
	0x22,0x45,0x2c,0xc0, 
	0x20,0x00,0x22,0x05, 
	0x1c,0x0c,0x88,0x80, 
	0x22,0x20,0xc0,0x20, 
	0x00,0x22,0x45,0x1c, 
	0xc0,0x20,0x00,0x82, 
	0xa0,0xdb,0x82,0x45, 
	0x1e,0xc0,0x20,0x00, 
	0x0c,0x08,0x82,0x45, 
	0x1a,0xc0,0x20,0x00, 
	0x22,0x05,0x25,0x20, 
	0x20,0x64,0xc0,0x20, 
	0x00,0x22,0x45,0x25, 
	0xc0,0x20,0x00,0xc2, 
	0x45,0x14,0xc0,0x20, 
	0x00,0x21,0x92,0x71, 
	0x72,0x42,0x01,0xc0, 
	0x20,0x00,0x72,0x42, 
	0x0e,0xc0,0x20,0x00, 
	0x72,0x0b,0x03,0x22, 
	0xa0,0xfd,0x20,0x77, 
	0x10,0xc0,0x20,0x00, 
	0x72,0x4b,0x03,0xc0, 
	0x20,0x00,0xd2,0x4b, 
	0x2b,0x0c,0xc2,0xc0, 
	0x20,0x00,0x22,0x4b, 
	0x66,0xc0,0x20,0x00, 
	0x82,0x4b,0x67,0xc0, 
	0x20,0x00,0x72,0x03, 
	0x6a,0x70,0x70,0x64, 
	0xc0,0x20,0x00,0x72, 
	0x43,0x6a,0xc0,0x20, 
	0x00,0x82,0x03,0x4a, 
	0x0c,0x42,0x20,0x88, 
	0x20,0xc0,0x20,0x00, 
	0x82,0x43,0x4a,0xc0, 
	0x20,0x00,0x62,0x45, 
	0x49,0x4c,0x27,0xc0, 
	0x20,0x00,0x81,0xce, 
	0x71,0x72,0x48,0x0f, 
	0x0c,0x52,0xc0,0x20, 
	0x00,0x22,0x48,0x10, 
	0xc0,0x20,0x00,0x62, 
	0x48,0x14,0x1c,0x07, 
	0xc0,0x20,0x00,0x72, 
	0x48,0x2c,0xc6,0xde, 
	0xfe,0xc0,0x20,0x00, 
	0x82,0xa0,0x70,0x82, 
	0x45,0x0f,0xc0,0x20, 
	0x00,0x0c,0x02,0x22, 
	0x45,0x10,0xc0,0x20, 
	0x00,0x22,0x05,0x21, 
	0x82,0xa0,0xfd,0x80, 
	0x22,0x10,0xc0,0x20, 
	0x00,0x22,0x45,0x21, 
	0xc0,0x20,0x00,0x5c, 
	0x78,0x82,0x45,0x1f, 
	0xc0,0x20,0x00,0x92, 
	0x45,0x12,0xc0,0x20, 
	0x00,0x22,0xa0,0xc3, 
	0x22,0x45,0x08,0xc0, 
	0x20,0x00,0x5c,0x19, 
	0x92,0x45,0x0e,0xc0, 
	0x20,0x00,0xe2,0x45, 
	0x11,0xc0,0x20,0x00, 
	0xa2,0x45,0x1b,0xc0, 
	0x20,0x00,0x3c,0x38, 
	0x82,0x45,0x23,0xc0, 
	0x20,0x00,0x92,0xa0, 
	0xf7,0x22,0x05,0x32, 
	0x0c,0x88,0x90,0x22, 
	0x10,0x80,0x22,0x20, 
	0xc0,0x20,0x00,0x22, 
	0x45,0x32,0xc0,0x20, 
	0x00,0x1c,0x18,0x82, 
	0x45,0x20,0xc0,0x20, 
	0x00,0x3c,0x02,0x22, 
	0x45,0x16,0xc0,0x20, 
	0x00,0x82,0x05,0x1c, 
	0x90,0x88,0x10,0xc0, 
	0x20,0x00,0x82,0x45, 
	0x1c,0xc0,0x20,0x00, 
	0x22,0xa0,0xc7,0x22, 
	0x45,0x1e,0xc0,0x20, 
	0x00,0x0c,0x08,0x82, 
	0x45,0x1a,0xc0,0x20, 
	0x00,0x92,0x05,0x25, 
	0x90,0x90,0x64,0xc0, 
	0x20,0x00,0x92,0x45, 
	0x25,0xc0,0x20,0x00, 
	0xc2,0x45,0x14,0xc0, 
	0x20,0x00,0x21,0x46, 
	0x71,0x72,0x42,0x01, 
	0xc0,0x20,0x00,0x72, 
	0x42,0x0e,0xc0,0x20, 
	0x00,0x92,0x0b,0x03, 
	0x60,0x99,0x20,0xc0, 
	0x20,0x00,0x92,0x4b, 
	0x03,0xc0,0x20,0x00, 
	0x72,0x4b,0x2b,0xc0, 
	0x20,0x00,0x82,0x4b, 
	0x66,0xc0,0x20,0x00, 
	0xf2,0x4b,0x67,0xc0, 
	0x20,0x00,0x22,0x03, 
	0x6a,0xd0,0x22,0x20, 
	0xc0,0x20,0x00,0x22, 
	0x43,0x6a,0xc0,0x20, 
	0x00,0x92,0x03,0x4a, 
	0x0c,0x48,0x80,0x99, 
	0x20,0xc0,0x20,0x00, 
	0x92,0x43,0x4a,0xc0, 
	0x20,0x00,0x82,0x45, 
	0x49,0x06,0x9c,0xfe, 
	0x36,0x41,0x00,0xad, 
	0x02,0xa5,0xa1,0xff, 
	0xad,0x02,0x25,0xd6, 
	0xfc,0x0c,0x08,0xf1, 
	0x0a,0x71,0xc1,0x28, 
	0x71,0xd1,0x60,0x71, 
	0x0c,0x1b,0x0c,0xae, 
	0x91,0xfd,0x70,0xc0, 
	0x20,0x00,0x89,0x09, 
	0xa1,0x19,0x71,0x81, 
	0xfe,0x70,0xa2,0x0a, 
	0x00,0xb2,0x48,0x00, 
	0x66,0x8a,0x28,0xe9, 
	0x0d,0x81,0x77,0x71, 
	0x91,0x78,0x71,0x89, 
	0x0c,0x81,0x77,0x71, 
	0x89,0x09,0x0c,0xe9, 
	0xc0,0x20,0x00,0x92, 
	0x4f,0x05,0x91,0x75, 
	0x71,0xc0,0x20,0x00, 
	0x92,0x4f,0x06,0xc0, 
	0x20,0x00,0x82,0x4f, 
	0x07,0xc6,0x11,0x00, 
	0x4c,0x89,0x97,0x9a, 
	0x42,0x81,0x70,0x71, 
	0x91,0x11,0x71,0xe9, 
	0x0d,0xe8,0x09,0xd1, 
	0x11,0x71,0x87,0x9e, 
	0x07,0x91,0x6d,0x71, 
	0x99,0x0d,0x06,0x03, 
	0x00,0x81,0x6c,0x71, 
	0x87,0x9e,0x04,0x91, 
	0x6c,0x71,0x99,0x0d, 
	0x98,0x0d,0x90,0x80, 
	0xf5,0xc0,0x20,0x00, 
	0x82,0x4f,0x02,0x90, 
	0xe8,0x41,0xc0,0x20, 
	0x00,0xe2,0x4f,0x03, 
	0xc0,0x20,0x00,0xd1, 
	0x20,0x71,0x92,0x4f, 
	0x04,0xb2,0x4d,0x00, 
	0xcc,0xfa,0x91,0x11, 
	0x71,0x92,0x09,0x00, 
	0x66,0x89,0x2e,0x91, 
	0x61,0x71,0x99,0x0c, 
	0xc6,0x01,0x00,0x66, 
	0xba,0x04,0xa1,0x5f, 
	0x71,0xa9,0x0c,0xd1, 
	0xe0,0x70,0xc1,0xdb, 
	0x70,0xb2,0x4d,0x00, 
	0xb2,0x4c,0x00,0xe5, 
	0xe7,0xfc,0xe5,0xdf, 
	0xfc,0x3c,0xde,0xf1, 
	0xcd,0x70,0xc0,0x20, 
	0x00,0xe2,0x4f,0x10, 
	0x1d,0xf0,0x66,0x79, 
	0x05,0x91,0x56,0x71, 
	0x86,0xf2,0xff,0x66, 
	0x69,0x05,0x91,0x55, 
	0x71,0x46,0xf0,0xff, 
	0x66,0x59,0xcb,0x91, 
	0x54,0x71,0x06,0xee, 
	0xff,0x00,0x00,0x00, 
	0x36,0x41,0x00,0x0c, 
	0x08,0x31,0xc1,0x70, 
	0xc0,0x20,0x00,0x82, 
	0x43,0x11,0xc0,0x20, 
	0x00,0x82,0x43,0x12, 
	0x48,0x92,0x48,0x54, 
	0x40,0x48,0x41,0xc0, 
	0x20,0x00,0x42,0x43, 
	0x13,0xf8,0x92,0xf8, 
	0x5f,0xc0,0x20,0x00, 
	0xf2,0x43,0x14,0xe8, 
	0x92,0xe8,0x1e,0xe0, 
	0xe8,0x41,0xc0,0x20, 
	0x00,0xe2,0x43,0x15, 
	0xd8,0x92,0xd8,0x1d, 
	0xc0,0x20,0x00,0xd2, 
	0x43,0x16,0xc8,0x92, 
	0xc8,0x2c,0xc0,0xc8, 
	0x41,0xc0,0x20,0x00, 
	0xc2,0x43,0x17,0xb8, 
	0x92,0xb8,0x2b,0xc0, 
	0x20,0x00,0xb2,0x43, 
	0x18,0xa8,0x92,0xa8, 
	0x3a,0xa0,0xa8,0x41, 
	0xc0,0x20,0x00,0xa2, 
	0x43,0x19,0x98,0x92, 
	0x98,0x39,0xc0,0x20, 
	0x00,0x92,0x43,0x1a, 
	0x48,0x92,0x89,0x34, 
	0x89,0x24,0x89,0x14, 
	0x89,0x54,0x3c,0xe2, 
	0xc0,0x20,0x00,0x22, 
	0x43,0x10,0x2d,0x08, 
	0x1d,0xf0,0x00,0x00, 
	0x36,0x41,0x00,0x0c, 
	0x0c,0xa1,0xa6,0x70, 
	0xb1,0xac,0x70,0xa8, 
	0x0a,0xb2,0x0b,0x00, 
	0x25,0xb6,0xfc,0x3c, 
	0xab,0xc1,0x9b,0x70, 
	0xc0,0x20,0x00,0xb2, 
	0x4c,0x10,0x0c,0x02, 
	0x1d,0xf0,0x00,0x00, 
	0x36,0x41,0x00,0x31, 
	0xa3,0x70,0x21,0xda, 
	0x70,0xc0,0x20,0x00, 
	0x22,0x02,0x11,0xdc, 
	0x32,0x82,0xa0,0x80, 
	0xc0,0x20,0x00,0x42, 
	0x03,0x11,0x80,0x44, 
	0x20,0xc0,0x20,0x00, 
	0x42,0x43,0x11,0x86, 
	0x03,0x00,0xc0,0x20, 
	0x00,0x92,0x03,0x11, 
	0x90,0x90,0x64,0xc0, 
	0x20,0x00,0x92,0x43, 
	0x11,0x3c,0x9a,0xb1, 
	0x8a,0x70,0xc0,0x20, 
	0x00,0xa2,0x4b,0x10, 
	0x0c,0x02,0x1d,0xf0, 
	0x36,0x41,0x00,0x31, 
	0x92,0x70,0xc0,0x20, 
	0x00,0x22,0x03,0xf8, 
	0x82,0xa0,0xfb,0x57, 
	0x62,0x11,0xc0,0x20, 
	0x00,0x42,0x03,0x2c, 
	0x80,0x44,0x10,0xc0, 
	0x20,0x00,0x42,0x43, 
	0x2c,0x06,0x04,0x00, 
	0x0c,0x7a,0xc0,0x20, 
	0x00,0x92,0x03,0x2c, 
	0xa0,0x99,0x20,0xc0, 
	0x20,0x00,0x92,0x43, 
	0x2c,0x52,0xa0,0xf8, 
	0xc0,0x20,0x00,0xb2, 
	0x03,0x94,0xc1,0xa6, 
	0x70,0x9c,0xeb,0xc0, 
	0x20,0x00,0xc2,0x0c, 
	0x78,0x0c,0x6e,0xb6, 
	0x5c,0x14,0xc0,0x20, 
	0x00,0xd2,0x03,0x0e, 
	0x50,0xdd,0x10,0xe0, 
	0xdd,0x20,0xc0,0x20, 
	0x00,0xd2,0x43,0x0e, 
	0xc6,0x04,0x00,0x0c, 
	0x1f,0xc0,0x20,0x00, 
	0xe2,0x03,0x0e,0x50, 
	0xee,0x10,0xf0,0xee, 
	0x20,0xc0,0x20,0x00, 
	0xe2,0x43,0x0e,0x0c, 
	0x02,0x1d,0xf0,0x00, 
	0x36,0x41,0x00,0x81, 
	0x9a,0x70,0x41,0xaa, 
	0x70,0xc0,0x20,0x00, 
	0xb2,0x04,0x11,0xc0, 
	0x20,0x00,0xb2,0x48, 
	0x6b,0xc0,0x20,0x00, 
	0xa2,0x04,0x12,0xc0, 
	0x20,0x00,0xa2,0x48, 
	0x6c,0xc0,0x20,0x00, 
	0x92,0x04,0x13,0xc0, 
	0x20,0x00,0x92,0x48, 
	0x6d,0xc0,0x20,0x00, 
	0x42,0x04,0x14,0xc0, 
	0x20,0x00,0x42,0x48, 
	0x6e,0x4c,0x02,0x31, 
	0x59,0x70,0xc0,0x20, 
	0x00,0x22,0x43,0x10, 
	0x0c,0x02,0x1d,0xf0, 
	0x36,0x41,0x00,0x21, 
	0x75,0x70,0x22,0x02, 
	0x00,0x22,0xc2,0xf0, 
	0x56,0x72,0x17,0x31, 
	0x5e,0x70,0xc0,0x20, 
	0x00,0x82,0x03,0xd0, 
	0x0c,0x8d,0x80,0x84, 
	0x04,0x16,0x68,0x16, 
	0x61,0x81,0x70,0x0c, 
	0x4b,0x0c,0x59,0x82, 
	0xa0,0xc0,0x4c,0x0c, 
	0xa2,0xa0,0xa0,0xe2, 
	0xa0,0xb0,0x51,0xcb, 
	0x70,0x72,0xa0,0xf0, 
	0x42,0xc5,0x80,0xc0, 
	0x20,0x00,0xf2,0x03, 
	0xd7,0xf0,0xf4,0x24, 
	0x0b,0xff,0x16,0x1f, 
	0x14,0xc0,0x20,0x00, 
	0x22,0x03,0xd7,0x20, 
	0x24,0x24,0x22,0xc2, 
	0xfe,0x16,0x02,0x1f, 
	0xc0,0x20,0x00,0xf2, 
	0x03,0xd7,0xf0,0xf4, 
	0x24,0xf2,0xcf,0xfd, 
	0x56,0x7f,0x14,0xc0, 
	0x20,0x00,0x22,0x03, 
	0xd7,0x20,0x20,0x24, 
	0x16,0x82,0x29,0xc0, 
	0x20,0x00,0xf2,0x03, 
	0xd7,0xf0,0xf0,0x24, 
	0x0b,0xff,0x16,0x6f, 
	0x32,0xc0,0x20,0x00, 
	0x22,0x03,0xd7,0x20, 
	0x20,0x24,0x22,0xc2, 
	0xfe,0x16,0x52,0x36, 
	0xc0,0x20,0x00,0xf2, 
	0x03,0xd7,0xf0,0xf0, 
	0x24,0xa6,0x5f,0x02, 
	0xc6,0x43,0x00,0xc0, 
	0x20,0x00,0x22,0x03, 
	0xd7,0x20,0x20,0x24, 
	0xe6,0x32,0x02,0x06, 
	0x40,0x00,0xc0,0x20, 
	0x00,0x22,0x04,0xaa, 
	0x20,0x20,0x34,0xa0, 
	0x22,0x20,0xc0,0x20, 
	0x00,0x22,0x45,0x2a, 
	0xc0,0x20,0x00,0xf2, 
	0x06,0x13,0x70,0xff, 
	0x10,0xd0,0xff,0x20, 
	0xc0,0x20,0x00,0xf2, 
	0x46,0x13,0x46,0x36, 
	0x00,0xc0,0x20,0x00, 
	0x22,0x04,0xa8,0x20, 
	0x20,0x34,0x80,0x22, 
	0x20,0xc0,0x20,0x00, 
	0x22,0x45,0x28,0xc0, 
	0x20,0x00,0xf2,0x06, 
	0x12,0x70,0xff,0x10, 
	0xb0,0xff,0x20,0xc0, 
	0x20,0x00,0xf2,0x46, 
	0x12,0xc0,0x20,0x00, 
	0xf2,0x03,0xdb,0xf0, 
	0xf4,0x24,0x0b,0xff, 
	0x16,0xff,0x18,0xc0, 
	0x20,0x00,0x22,0x03, 
	0xdb,0x20,0x24,0x24, 
	0x22,0xc2,0xfe,0x16, 
	0x72,0x1a,0xc0,0x20, 
	0x00,0xb2,0x03,0xdb, 
	0xb0,0xb4,0x24,0x66, 
	0x3b,0x64,0xc0,0x20, 
	0x00,0xc2,0x03,0xdb, 
	0xc0,0xc0,0x24,0x16, 
	0x6c,0x1b,0xc0,0x20, 
	0x00,0xf2,0x03,0xdb, 
	0xf0,0xf0,0x24,0x0b, 
	0xff,0x16,0xdf,0x21, 
	0xc0,0x20,0x00,0x22, 
	0x03,0xdb,0x20,0x20, 
	0x24,0x22,0xc2,0xfe, 
	0x16,0x52,0x23,0xc0, 
	0x20,0x00,0x82,0x03, 
	0xdb,0x80,0x80,0x24, 
	0xe6,0x58,0x2f,0xc0, 
	0x20,0x00,0x92,0x03, 
	0xdb,0x90,0x90,0x24, 
	0xa6,0x39,0x23,0xc0, 
	0x20,0x00,0xc2,0x04, 
	0xaa,0xc0,0xc0,0x34, 
	0xa0,0xcc,0x20,0xc0, 
	0x20,0x00,0xc2,0x45, 
	0x2a,0xc0,0x20,0x00, 
	0xb2,0x06,0x13,0x70, 
	0xbb,0x10,0xd0,0xbb, 
	0x20,0xc0,0x20,0x00, 
	0xb2,0x46,0x13,0x0c, 
	0x02,0x1d,0xf0,0xc0, 
	0x20,0x00,0x22,0x04, 
	0xa8,0x20,0x20,0x34, 
	0x80,0x22,0x20,0xc0, 
	0x20,0x00,0x22,0x45, 
	0x28,0xc0,0x20,0x00, 
	0xf2,0x06,0x12,0x70, 
	0xff,0x10,0xb0,0xff, 
	0x20,0xc0,0x20,0x00, 
	0xf2,0x46,0x12,0xc0, 
	0x20,0x00,0xf2,0x03, 
	0xd9,0xf0,0xf4,0x24, 
	0x0b,0xff,0x16,0x7f, 
	0xf1,0xc0,0x20,0x00, 
	0x22,0x03,0xd9,0x20, 
	0x24,0x24,0x22,0xc2, 
	0xfe,0x16,0x32,0x0a, 
	0xc0,0x20,0x00,0xf2, 
	0x03,0xd9,0xf0,0xf4, 
	0x24,0xf2,0xcf,0xfd, 
	0x56,0xdf,0xf1,0xc0, 
	0x20,0x00,0x22,0x03, 
	0xd9,0x20,0x20,0x24, 
	0x16,0xb2,0x14,0xc0, 
	0x20,0x00,0xf2,0x03, 
	0xd9,0xf0,0xf0,0x24, 
	0x0b,0xff,0x16,0x9f, 
	0x1d,0xc0,0x20,0x00, 
	0x22,0x03,0xd9,0x20, 
	0x20,0x24,0x22,0xc2, 
	0xfe,0x16,0x82,0x21, 
	0xc0,0x20,0x00,0xf2, 
	0x03,0xd9,0xf0,0xf0, 
	0x24,0xa6,0x5f,0x02, 
	0x46,0xb9,0xff,0xc0, 
	0x20,0x00,0x22,0x03, 
	0xd9,0x20,0x20,0x24, 
	0xe6,0x32,0x02,0x86, 
	0xb5,0xff,0xc0,0x20, 
	0x00,0x22,0x04,0xaa, 
	0x20,0x20,0x34,0xa0, 
	0x22,0x20,0xc0,0x20, 
	0x00,0x22,0x45,0x2a, 
	0xc0,0x20,0x00,0xf2, 
	0x06,0x13,0x70,0xff, 
	0x10,0xd0,0xff,0x20, 
	0xc0,0x20,0x00,0xf2, 
	0x46,0x13,0xc6,0xab, 
	0xff,0xc0,0x20,0x00, 
	0x22,0x04,0xa9,0x20, 
	0x20,0x34,0x80,0x22, 
	0x20,0xc0,0x20,0x00, 
	0x22,0x45,0x29,0xc0, 
	0x20,0x00,0xf2,0x06, 
	0x13,0xf0,0xf0,0x34, 
	0xc0,0xff,0x20,0xc0, 
	0x20,0x00,0xf2,0x46, 
	0x13,0x86,0xcf,0xff, 
	0xc0,0x20,0x00,0x22, 
	0x04,0xa9,0x20,0x20, 
	0x34,0x80,0x22,0x20, 
	0xc0,0x20,0x00,0x22, 
	0x45,0x29,0xc0,0x20, 
	0x00,0xf2,0x06,0x13, 
	0xf0,0xf0,0x34,0xc0, 
	0xff,0x20,0xc0,0x20, 
	0x00,0xf2,0x46,0x13, 
	0x46,0x98,0xff,0xc0, 
	0x20,0x00,0xa2,0x04, 
	0xa8,0xa0,0xa0,0x34, 
	0x80,0xaa,0x20,0xc0, 
	0x20,0x00,0xa2,0x45, 
	0x28,0xc0,0x20,0x00, 
	0x92,0x06,0x12,0x70, 
	0x99,0x10,0xb0,0x99, 
	0x20,0xc0,0x20,0x00, 
	0x92,0x46,0x12,0x06, 
	0xb2,0xff,0xc0,0x20, 
	0x00,0xd2,0x04,0xa9, 
	0xd0,0xd0,0x34,0x80, 
	0xdd,0x20,0xc0,0x20, 
	0x00,0xd2,0x45,0x29, 
	0xc0,0x20,0x00,0xb2, 
	0x06,0x13,0xb0,0xb0, 
	0x34,0xc0,0xbb,0x20, 
	0xc0,0x20,0x00,0xb2, 
	0x46,0x13,0x46,0xa8, 
	0xff,0xc0,0x20,0x00, 
	0xf2,0x04,0xaa,0xf0, 
	0xf0,0x34,0x80,0xff, 
	0x20,0xc0,0x20,0x00, 
	0xf2,0x45,0x2a,0xc0, 
	0x20,0x00,0xe2,0x06, 
	0x13,0x70,0xee,0x10, 
	0x90,0xee,0x20,0xc0, 
	0x20,0x00,0xe2,0x46, 
	0x13,0x86,0x9e,0xff, 
	0xc0,0x20,0x00,0xf2, 
	0x04,0xaa,0xf0,0xf0, 
	0x34,0x80,0xff,0x20, 
	0xc0,0x20,0x00,0xf2, 
	0x45,0x2a,0xc0,0x20, 
	0x00,0x22,0x06,0x13, 
	0x70,0x22,0x10,0x90, 
	0x22,0x20,0xc0,0x20, 
	0x00,0x22,0x46,0x13, 
	0xc6,0x9e,0xff,0xc0, 
	0x20,0x00,0xf2,0x04, 
	0xaa,0xf0,0xf0,0x34, 
	0x80,0xff,0x20,0xc0, 
	0x20,0x00,0xf2,0x45, 
	0x2a,0xc0,0x20,0x00, 
	0x22,0x06,0x13,0x70, 
	0x22,0x10,0x90,0x22, 
	0x20,0xc0,0x20,0x00, 
	0x22,0x46,0x13,0x86, 
	0x67,0xff,0xc0,0x20, 
	0x00,0x82,0x04,0xaa, 
	0x80,0x80,0x34,0xe0, 
	0x88,0x20,0xc0,0x20, 
	0x00,0x82,0x45,0x2a, 
	0xc0,0x20,0x00,0x22, 
	0x06,0x13,0x70,0x22, 
	0x10,0x90,0x22,0x20, 
	0xc0,0x20,0x00,0x22, 
	0x46,0x13,0x46,0x81, 
	0xff,0xc0,0x20,0x00, 
	0xc2,0x04,0xaa,0xc0, 
	0xc0,0x34,0xa0,0xcc, 
	0x20,0xc0,0x20,0x00, 
	0xc2,0x45,0x2a,0xc0, 
	0x20,0x00,0xb2,0x06, 
	0x13,0x70,0xbb,0x10, 
	0x90,0xbb,0x20,0xc0, 
	0x20,0x00,0xb2,0x46, 
	0x13,0x86,0x77,0xff, 
	0xc0,0x20,0x00,0x22, 
	0x04,0xaa,0x20,0x20, 
	0x34,0xe0,0x22,0x20, 
	0xc0,0x20,0x00,0x22, 
	0x45,0x2a,0xc0,0x20, 
	0x00,0xf2,0x06,0x13, 
	0x70,0xff,0x10,0x90, 
	0xff,0x20,0xc0,0x20, 
	0x00,0xf2,0x46,0x13, 
	0xc6,0x77,0xff,0xc0, 
	0x20,0x00,0x22,0x04, 
	0xaa,0x20,0x20,0x34, 
	0xe0,0x22,0x20,0xc0, 
	0x20,0x00,0x22,0x45, 
	0x2a,0xc0,0x20,0x00, 
	0xf2,0x06,0x13,0x70, 
	0xff,0x10,0x90,0xff, 
	0x20,0xc0,0x20,0x00, 
	0xf2,0x46,0x13,0x86, 
	0x40,0xff,0xc0,0x20, 
	0x00,0x22,0x04,0xaa, 
	0x20,0x20,0x34,0xa0, 
	0x22,0x20,0xc0,0x20, 
	0x00,0x22,0x45,0x2a, 
	0xc0,0x20,0x00,0xf2, 
	0x06,0x13,0x70,0xff, 
	0x10,0x90,0xff,0x20, 
	0xc0,0x20,0x00,0xf2, 
	0x46,0x13,0x46,0x64, 
	0xff,0xc0,0x20,0x00, 
	0x22,0x04,0xaa,0x20, 
	0x20,0x34,0xa0,0x22, 
	0x20,0xc0,0x20,0x00, 
	0x22,0x45,0x2a,0xc0, 
	0x20,0x00,0xf2,0x06, 
	0x13,0x70,0xff,0x10, 
	0x90,0xff,0x20,0xc0, 
	0x20,0x00,0xf2,0x46, 
	0x13,0x06,0x2d,0xff, 
	0x36,0x41,0x00,0xa1, 
	0x64,0x6f,0x0c,0x13, 
	0xa2,0x0a,0x00,0xc1, 
	0x4e,0x6f,0x16,0x9a, 
	0x06,0x26,0x8a,0x28, 
	0x26,0xba,0x79,0xb2, 
	0xca,0xc0,0x16,0x9b, 
	0x08,0x4c,0x8d,0xd7, 
	0x9a,0x16,0xb8,0x02, 
	0xa8,0x12,0xe2,0x0b, 
	0x01,0x0c,0x09,0xe2, 
	0xce,0xfe,0x16,0xee, 
	0x08,0x0c,0x0c,0x92, 
	0x4a,0x1b,0xc2,0x4b, 
	0x00,0x0c,0x02,0x1d, 
	0xf0,0x88,0x42,0xc0, 
	0x20,0x00,0xc2,0x0c, 
	0xf8,0xf2,0x08,0x1a, 
	0xc0,0xc6,0x04,0xc2, 
	0x48,0x1b,0x66,0x1f, 
	0x24,0x65,0x77,0xfc, 
	0xf1,0x44,0x6f,0x0c, 
	0x2d,0xc8,0x42,0xb8, 
	0x02,0xc2,0x0c,0x1b, 
	0xc0,0x20,0x00,0xf8, 
	0x0f,0xe2,0xa2,0x24, 
	0xf0,0xfa,0xc0,0xf7, 
	0x3e,0x5f,0x66,0x1c, 
	0x63,0x3d,0x0d,0x86, 
	0x17,0x00,0xb8,0x02, 
	0x86,0xee,0xff,0xf8, 
	0x52,0xc0,0x20,0x00, 
	0xd2,0x0c,0xd0,0xd0, 
	0xd4,0x04,0xd2,0x4f, 
	0x1f,0xe8,0x02,0xd2, 
	0x4e,0x00,0xc6,0xe9, 
	0xff,0x88,0x62,0xc0, 
	0x20,0x00,0xe2,0x0c, 
	0xd0,0xe0,0xe4,0x04, 
	0xe2,0x48,0x1b,0xf8, 
	0x02,0xe2,0x4f,0x00, 
	0x46,0xe4,0xff,0xf1, 
	0x4e,0x6f,0x98,0x82, 
	0xc0,0x20,0x00,0xf2, 
	0x0f,0xc0,0xf0,0xf0, 
	0x04,0xf2,0x49,0x17, 
	0x88,0x02,0xf2,0x48, 
	0x00,0x06,0xde,0xff, 
	0xc0,0x20,0x00,0xc2, 
	0x0c,0xf8,0xc0,0xc6, 
	0x04,0x9d,0x0c,0x06, 
	0xd9,0xff,0x26,0x1c, 
	0x09,0x0c,0x39,0x3d, 
	0x09,0x32,0x4b,0x01, 
	0x86,0xd6,0xff,0x9d, 
	0x0d,0x86,0xfc,0xff, 
	0x36,0x41,0x00,0x0c, 
	0x03,0x39,0x02,0x39, 
	0x12,0x1d,0xf0,0x00, 
	0x36,0x41,0x00,0x0c, 
	0x03,0x58,0x12,0x48, 
	0x02,0x0c,0x12,0x50, 
	0x44,0xc0,0x40,0x23, 
	0x93,0x1d,0xf0,0x00, 
	0x36,0x41,0x00,0x42, 
	0xa1,0xff,0x1b,0x32, 
	0x30,0x30,0x74,0x40, 
	0x42,0xc0,0x0c,0x02, 
	0x40,0x23,0x93,0x1d, 
	0xf0,0x00,0x00,0x00, 
	0x36,0x41,0x00,0xa2, 
	0x22,0x01,0x25,0xfe, 
	0xff,0x82,0x22,0x00, 
	0xa7,0x98,0x05,0xa2, 
	0xaf,0xff,0xe5,0xf9, 
	0x00,0xa8,0x12,0x25, 
	0xfd,0xff,0xa9,0x12, 
	0x2a,0x9a,0x32,0x49, 
	0x08,0x1d,0xf0,0x00, 
	0x36,0x41,0x00,0x20, 
	0x32,0x20,0x20,0xa2, 
	0x20,0x65,0xfa,0xff, 
	0x16,0x4a,0x00,0x7c, 
	0xfa,0xa5,0xf7,0x00, 
	0xa8,0x03,0xe5,0xfa, 
	0xff,0xa9,0x03,0x3a, 
	0x2a,0x22,0x02,0x08, 
	0x1d,0xf0,0x00,0x00, 
	0x36,0x41,0x00,0x20, 
	0x32,0x20,0x20,0xa2, 
	0x20,0x25,0xf8,0xff, 
	0x16,0x4a,0x00,0x7c, 
	0xfa,0x65,0xf5,0x00, 
	0xa8,0x03,0xa5,0xf8, 
	0xff,0x3a,0x2a,0x22, 
	0x02,0x08,0x1d,0xf0, 
	0x36,0x41,0x00,0xa2, 
	0xa0,0x2c,0x25,0xf6, 
	0x00,0x31,0xe9,0x6e, 
	0xa2,0x63,0x00,0xa2, 
	0xa0,0x03,0x65,0xf5, 
	0x00,0x88,0x03,0xa9, 
	0x08,0x2c,0x4a,0xe5, 
	0xf4,0x00,0x98,0x03, 
	0xa9,0x99,0x0c,0x8a, 
	0x25,0xf4,0x00,0xb8, 
	0x03,0xcd,0x0a,0xa8, 
	0x4b,0xc9,0xab,0xcc, 
	0x7a,0x1c,0xca,0x65, 
	0xf3,0x00,0xb8,0x03, 
	0xa9,0x4b,0xd2,0x2b, 
	0x01,0x56,0x9d,0x00, 
	0xa2,0xa0,0x20,0x65, 
	0xf2,0x00,0xb8,0x03, 
	0xa9,0x1b,0xe2,0x2b, 
	0x06,0x56,0xbe,0x00, 
	0xa2,0xa0,0x2c,0x65, 
	0xf1,0x00,0xf8,0x03, 
	0xa9,0x6f,0xb8,0x03, 
	0x82,0x2b,0x05,0x56, 
	0xb8,0x00,0xa2,0xa0, 
	0x2c,0x25,0xf0,0x00, 
	0x98,0x03,0xa9,0x59, 
	0xb8,0x03,0xa2,0x2b, 
	0x08,0x56,0x9a,0x00, 
	0xa2,0xa0,0x20,0x25, 
	0xef,0x00,0xb8,0x03, 
	0xa9,0x8b,0x92,0x2b, 
	0x0a,0xb2,0xa0,0x00, 
	0xb2,0x49,0x00,0x82, 
	0x23,0x00,0x88,0xa8, 
	0x0c,0x8f,0xf2,0x48, 
	0x01,0xe8,0x03,0xe8, 
	0xae,0x0c,0x4d,0xd2, 
	0x4e,0x07,0xc8,0x03, 
	0xc8,0xac,0xb2,0x4c, 
	0x05,0xa8,0x03,0xa8, 
	0xaa,0x1c,0x29,0x92, 
	0x4a,0x02,0x88,0x03, 
	0x88,0xa8,0x0c,0x3f, 
	0xf2,0x48,0x03,0xe8, 
	0x03,0xe8,0xae,0x1c, 
	0xcd,0xd2,0x4e,0x04, 
	0xc8,0x03,0xc8,0xac, 
	0x0c,0x2b,0xb2,0x4c, 
	0x06,0x25,0x26,0xfc, 
	0x61,0xb4,0x6e,0xad, 
	0x06,0x25,0xe9,0xff, 
	0x21,0x41,0x6f,0x0c, 
	0x1d,0xd2,0x42,0x7c, 
	0xf1,0x40,0x6f,0x51, 
	0x40,0x6f,0xc0,0x20, 
	0x00,0x0c,0x0c,0xc2, 
	0x63,0x8a,0xc0,0x20, 
	0x00,0xc2,0x63,0x8c, 
	0xc2,0x42,0x71,0xc2, 
	0x42,0x6f,0xc2,0x42, 
	0x70,0x52,0x63,0x89, 
	0x52,0x63,0x90,0xf2, 
	0x63,0x91,0x71,0x2c, 
	0x6f,0x0c,0x8a,0xa2, 
	0x42,0x11,0x72,0x63, 
	0x88,0x40,0xea,0x03, 
	0x5a,0x44,0x40,0xf1, 
	0x13,0xe0,0xea,0x03, 
	0xfa,0xee,0xe0,0xf0, 
	0x13,0xd2,0x63,0x98, 
	0x72,0xa0,0x63,0x41, 
	0xa9,0x6e,0x52,0xa0, 
	0x80,0xc2,0x42,0x81, 
	0xc2,0x42,0x82,0xc2, 
	0x42,0x83,0xc2,0x42, 
	0x84,0xb2,0xa0,0x87, 
	0xb2,0x42,0x48,0x0c, 
	0xac,0xc2,0x63,0x95, 
	0xc2,0x63,0x96,0xc2, 
	0x63,0x97,0xc0,0x20, 
	0x00,0x82,0x04,0x00, 
	0x50,0x88,0x20,0xc0, 
	0x20,0x00,0x82,0x44, 
	0x00,0x66,0xba,0x1f, 
	0xc0,0x20,0x00,0xa2, 
	0x04,0x00,0x2c,0x0b, 
	0xb0,0xaa,0x20,0xc0, 
	0x20,0x00,0xa2,0x44, 
	0x00,0xc0,0x20,0x00, 
	0x92,0x04,0x40,0x50, 
	0x99,0x20,0xc0,0x20, 
	0x00,0x92,0x44,0x40, 
	0xad,0x06,0x65,0xdf, 
	0xff,0x56,0x5a,0x18, 
	0xad,0x06,0xe5,0xe3, 
	0xff,0x2c,0xab,0xb7, 
	0xaa,0x02,0xc6,0x2e, 
	0x00,0xa7,0x2b,0x07, 
	0xa8,0x03,0x25,0x7f, 
	0xfd,0x06,0x68,0x00, 
	0xc2,0xa0,0x3b,0xc7, 
	0x2a,0x5b,0xd2,0xa0, 
	0x3b,0xa7,0x2d,0x08, 
	0xa2,0x23,0x00,0x25, 
	0x71,0xfe,0xc6,0x62, 
	0x00,0xa6,0xda,0x20, 
	0x4c,0x0e,0xa7,0x2e, 
	0x0a,0xa8,0x03,0x25, 
	0x84,0xff,0xc6,0x5e, 
	0x00,0x00,0x00,0x00, 
	0xf2,0xca,0xbf,0x56, 
	0x2f,0x17,0xa8,0x03, 
	0xa5,0x54,0xfe,0x86, 
	0x5a,0x00,0x00,0x00, 
	0x00,0x82,0xa0,0x3e, 
	0x87,0x2a,0x11,0x92, 
	0xa0,0x3e,0xa7,0xa9, 
	0x02,0x06,0x56,0x00, 
	0xa2,0x23,0x00,0xa5, 
	0x6a,0xff,0xc6,0x53, 
	0x00,0xb2,0xca,0xc3, 
	0x56,0x9b,0x14,0xa8, 
	0x03,0xe5,0x59,0xff, 
	0x46,0x50,0x00,0x00, 
	0x00,0x00,0xc2,0xa0, 
	0x39,0xc7,0x2a,0x1f, 
	0xd2,0xa0,0x39,0xa7, 
	0x2d,0x08,0xa2,0x23, 
	0x00,0xe5,0x72,0xff, 
	0x46,0x4a,0x00,0xe2, 
	0xca,0xc6,0x56,0x3e, 
	0x12,0xa8,0x03,0xe5, 
	0x6f,0xff,0xc6,0x46, 
	0x00,0x00,0x00,0x00, 
	0xf2,0xa0,0x33,0xf7, 
	0x2a,0x11,0x82,0xa0, 
	0x33,0xa7,0xa8,0x02, 
	0x46,0x42,0x00,0xa2, 
	0x23,0x00,0xe5,0x1a, 
	0xfe,0x06,0x40,0x00, 
	0x92,0xca,0xce,0x56, 
	0xa9,0x0f,0xa8,0x03, 
	0xe5,0x67,0xfe,0x86, 
	0x3c,0x00,0x00,0x00, 
	0x00,0xb2,0xa0,0x1b, 
	0xb7,0x2a,0x5f,0xc2, 
	0xa0,0x1b,0xa7,0x2c, 
	0x08,0xa2,0x23,0x00, 
	0x25,0x3d,0xfe,0x86, 
	0x36,0x00,0xd2,0xa0, 
	0x28,0xd7,0x2a,0x1f, 
	0xe2,0xa0,0x28,0xa7, 
	0x2e,0x08,0xa2,0x23, 
	0x00,0xa5,0x81,0xfc, 
	0x46,0x31,0x00,0xf2, 
	0xca,0xd7,0x56,0xff, 
	0x0b,0xa8,0x03,0x25, 
	0x67,0xfc,0xc6,0x2d, 
	0x00,0x00,0x00,0x00, 
	0x82,0xa0,0x23,0x87, 
	0x2a,0x11,0x92,0xa0, 
	0x23,0xa7,0xa9,0x02, 
	0x46,0x29,0x00,0xa2, 
	0x23,0x00,0x25,0xb1, 
	0xfc,0x06,0x27,0x00, 
	0x1c,0xcb,0xb7,0x1a, 
	0x02,0x06,0x25,0x00, 
	0xa8,0x03,0xe5,0x50, 
	0xfe,0x06,0x23,0x00, 
	0x00,0x00,0x00,0x1c, 
	0x1c,0xc7,0x2a,0x32, 
	0x1c,0x1d,0xa7,0x2d, 
	0x08,0x65,0x95,0xfc, 
	0x46,0x1e,0x00,0x00, 
	0x00,0x00,0xe2,0xa0, 
	0x1a,0xe7,0x2a,0x0e, 
	0xf2,0xa0,0x1a,0xa7, 
	0x2f,0x6a,0xa2,0x23, 
	0x00,0x65,0x02,0xfe, 
	0x46,0x18,0x00,0x1c, 
	0x78,0x87,0x9a,0x5c, 
	0xa8,0x03,0x65,0x20, 
	0xfe,0x06,0x15,0x00, 
	0x00,0x00,0x00,0xa6, 
	0x4a,0x0d,0xe6,0x5a, 
	0x4b,0x0c,0x4a,0xe5, 
	0x44,0xfc,0xc6,0x10, 
	0x00,0x00,0x00,0x00, 
	0x66,0x3a,0x3d,0x0c, 
	0x3a,0xe5,0x43,0xfc, 
	0x46,0x0d,0x00,0x00, 
	0x00,0x00,0x92,0x02, 
	0x7e,0xa2,0x02,0x11, 
	0x9c,0x79,0x66,0x8a, 
	0x0a,0xa8,0x03,0xa5, 
	0x48,0xfd,0x46,0x03, 
	0x00,0x00,0x00,0x00, 
	0x8c,0x1a,0x66,0xba, 
	0x05,0xa2,0x23,0x00, 
	0xe5,0x02,0xfd,0xa2, 
	0x02,0x11,0xb2,0xa0, 
	0x48,0x66,0xda,0x02, 
	0x86,0x21,0x00,0xb7, 
	0x9a,0x02,0x06,0x20, 
	0x00,0xc0,0x20,0x00, 
	0xc2,0x23,0x8e,0xb6, 
	0x5c,0x4b,0xc0,0x20, 
	0x00,0xe2,0xa0,0x00, 
	0xd2,0x02,0x7d,0xe2, 
	0x63,0x8e,0x16,0xcd, 
	0x03,0xa8,0x03,0x25, 
	0xb3,0xff,0xf2,0x02, 
	0x94,0x82,0x02,0x82, 
	0x8c,0x5f,0xcc,0x38, 
	0xa8,0x03,0xe5,0x6d, 
	0xff,0x92,0x02,0x11, 
	0x66,0x89,0x22,0xa8, 
	0x03,0xe5,0x60,0xff, 
	0xc0,0x20,0x00,0xa2, 
	0x04,0x0e,0xb2,0xa0, 
	0x66,0xb7,0x9a,0x11, 
	0xc0,0x20,0x00,0xc2, 
	0x04,0x26,0xc0,0xc0, 
	0x64,0x50,0xcc,0x20, 
	0xc0,0x20,0x00,0xc2, 
	0x44,0x26,0xc0,0x20, 
	0x00,0xd2,0x23,0x8c, 
	0xd7,0xb7,0x19,0xc0, 
	0x20,0x00,0x0c,0x0f, 
	0xe2,0x02,0x7d,0xf2, 
	0x63,0x8c,0x8c,0x3e, 
	0xa8,0x03,0x65,0x64, 
	0xfe,0x82,0x02,0x72, 
	0x8c,0x18,0xe5,0x94, 
	0xfd,0xa2,0x02,0x11, 
	0x86,0x63,0xff,0x00, 
	0x00,0x00,0x92,0x02, 
	0x80,0x16,0x89,0x00, 
	0xa2,0x23,0x00,0xb2, 
	0x02,0x7a,0xa5,0x9f, 
	0xfc,0xa2,0x02,0x7f, 
	0x16,0x9a,0xf6,0xa8, 
	0x03,0x25,0xd9,0xfc, 
	0x46,0xd8,0xff,0x00, 
	0x67,0xc3,0x04,0x70, 
	0x72,0x11,0x8c,0x07, 
	0x1d,0xf0,0x2d,0x03, 
	0x1d,0xf0,0x00,0x00, 
	0x80,0x76,0x11,0x70, 
	0x33,0x30,0x86,0x3d, 
	0x00,0x00,0x00,0x00, 
	0x36,0x21,0x00,0x61, 
	0x7b,0x6e,0x30,0x72, 
	0x30,0x96,0x77,0xfe, 
	0x67,0x42,0xd4,0x67, 
	0x43,0xdb,0x20,0x77, 
	0x85,0x30,0x87,0x85, 
	0x87,0x37,0x49,0x67, 
	0x03,0x26,0x60,0x33, 
	0x20,0x80,0x33,0x11, 
	0x30,0x38,0x41,0x80, 
	0xa7,0xc0,0xf6,0xca, 
	0x28,0x00,0x0a,0x40, 
	0x0c,0x09,0x90,0x93, 
	0x81,0x30,0x30,0x91, 
	0x3a,0x22,0x20,0xa7, 
	0x85,0x77,0x1a,0x47, 
	0x8d,0x07,0x86,0x14, 
	0x00,0x70,0x33,0x11, 
	0x30,0x39,0x41,0x67, 
	0x02,0x05,0x1b,0x88, 
	0xc6,0xf4,0xff,0x00, 
	0x3a,0x22,0x1d,0xf0, 
	0x70,0x22,0x11,0x20, 
	0x29,0x41,0x1b,0x77, 
	0x46,0x03,0x00,0x00, 
	0x00,0x67,0x02,0xef, 
	0x60,0x22,0x20,0x80, 
	0x22,0x11,0x20,0x28, 
	0x41,0x70,0xa8,0xc0, 
	0xf6,0xca,0x1c,0x00, 
	0x0a,0x40,0x00,0x92, 
	0xa1,0x20,0x20,0x91, 
	0x3a,0x22,0x20,0xa7, 
	0x85,0x87,0x9a,0x0f, 
	0xd6,0x69,0x00,0x1b, 
	0x22,0xf0,0x99,0x11, 
	0xac,0xc9,0x1d,0xf0, 
	0x2d,0x03,0x1d,0xf0, 
	0xad,0x02,0x20,0x21, 
	0x41,0x1b,0x88,0xa0, 
	0x88,0x01,0x8a,0x22, 
	0x67,0x42,0x08,0x07, 
	0x6a,0x03,0x1b,0x22, 
	0x9c,0x09,0x1d,0xf0, 
	0x20,0x27,0x85,0x90, 
	0x22,0x01,0xf0,0x88, 
	0x11,0x80,0x22,0x20, 
	0x1d,0xf0,0x00,0x00, 
	0x20,0x21,0x41,0xf0, 
	0x22,0x11,0x1d,0xf0, 
	0x67,0xc3,0x05,0x41, 
	0x3e,0x6e,0x40,0x22, 
	0x20,0x1d,0xf0,0x00, 
	0x80,0x76,0x11,0x70, 
	0x23,0x30,0x1d,0xf0, 
	0x80,0x76,0x11,0x70, 
	0x33,0x30,0x86,0xc9, 
	0xff,0x00,0x00,0x00, 
	0x36,0x21,0x00,0x61, 
	0x41,0x6e,0x30,0x72, 
	0x30,0x96,0x77,0xfe, 
	0x67,0x42,0xd0,0x67, 
	0x43,0xd9,0x20,0x77, 
	0x75,0x30,0x87,0x75, 
	0x37,0x32,0x49,0x67, 
	0x03,0x2d,0x60,0x33, 
	0x20,0x80,0x33,0x11, 
	0x30,0x38,0x41,0x80, 
	0xa7,0xc0,0xf6,0xca, 
	0x35,0x00,0x0a,0x40, 
	0x0c,0x09,0x90,0x93, 
	0x81,0x30,0x30,0x91, 
	0x30,0x22,0xc0,0x90, 
	0x90,0x60,0x0b,0xa2, 
	0x90,0x2a,0x93,0x20, 
	0xa7,0x75,0x77,0x1a, 
	0x4f,0x06,0x1c,0x00, 
	0x37,0x12,0x69,0x70, 
	0x33,0x11,0x30,0x39, 
	0x41,0x67,0x02,0xce, 
	0x1b,0x88,0x46,0xf2, 
	0xff,0x80,0x76,0x11, 
	0x70,0x23,0x30,0x1d, 
	0xf0,0x67,0x02,0x3f, 
	0x60,0x22,0x20,0x80, 
	0x22,0x11,0x20,0x28, 
	0x41,0x70,0xa8,0xc0, 
	0xf6,0xca,0xe5,0x00, 
	0x0a,0x40,0x0c,0x09, 
	0x90,0x92,0x81,0x20, 
	0x20,0x91,0x80,0xb6, 
	0x11,0xb0,0x33,0x30, 
	0x20,0x23,0xc0,0x90, 
	0x90,0x60,0x0b,0xa2, 
	0x90,0x2a,0x93,0x20, 
	0xa7,0x75,0x87,0x9a, 
	0x23,0xd6,0x79,0x00, 
	0x22,0xc2,0x01,0xf0, 
	0x99,0x11,0xbc,0xe9, 
	0x1d,0xf0,0x00,0x00, 
	0x37,0x12,0x0d,0x70, 
	0x22,0x11,0x20,0x29, 
	0x41,0x67,0x03,0xbc, 
	0x1b,0x77,0xc6,0xed, 
	0xff,0x0c,0x02,0x1d, 
	0xf0,0x70,0x82,0x11, 
	0xac,0x88,0x60,0xf8, 
	0x40,0x80,0x89,0x41, 
	0xa7,0xa6,0x2e,0x1b, 
	0x66,0x00,0x16,0x40, 
	0x90,0x88,0x81,0x00, 
	0x99,0xa1,0x20,0x27, 
	0x85,0x60,0x22,0xc0, 
	0x90,0x22,0x01,0x8a, 
	0x22,0x06,0xed,0xff, 
	0x20,0x21,0x41,0xf0, 
	0x22,0x11,0x1d,0xf0, 
	0x16,0x99,0xfc,0xb2, 
	0xca,0xe8,0x1c,0x86, 
	0xb0,0x6a,0xa3,0x86, 
	0xf4,0xff,0x6d,0x0a, 
	0x46,0xf3,0xff,0x00, 
	0x67,0xc5,0x08,0x40, 
	0x73,0x11,0x20,0x77, 
	0x20,0x16,0x17,0x00, 
	0x1d,0xf0,0x3d,0x05, 
	0x2d,0x04,0x1d,0xf0, 
	0x50,0x76,0x11,0x70, 
	0x55,0x30,0x86,0x58, 
	0x00,0x00,0x00,0x00, 
	0x36,0x21,0x00,0x61, 
	0xfa,0x6d,0x50,0x73, 
	0x30,0x96,0x77,0xfe, 
	0x67,0x43,0xd0,0x67, 
	0x45,0xdb,0x30,0x74, 
	0xb5,0x50,0x84,0xb5, 
	0x87,0x37,0x78,0x67, 
	0x05,0x31,0x60,0x55, 
	0x20,0x50,0x55,0x11, 
	0x50,0x5b,0x41,0x80, 
	0xa7,0xc0,0xf6,0xca, 
	0x3e,0x00,0x0a,0x40, 
	0x92,0xa0,0x00,0x90, 
	0x94,0x81,0x40,0x45, 
	0x81,0x50,0x50,0x91, 
	0x4a,0x22,0x5a,0x33, 
	0x47,0xb2,0x01,0x1b, 
	0x33,0x30,0xa4,0xb5, 
	0x77,0x1a,0x76,0x8d, 
	0x07,0xc6,0x28,0x00, 
	0x40,0x55,0x11,0x50, 
	0x5c,0x41,0x67,0x03, 
	0x04,0x1b,0x88,0x06, 
	0xf2,0xff,0x4a,0x22, 
	0x5a,0x33,0x47,0xb2, 
	0x02,0x32,0xc3,0x01, 
	0x1d,0xf0,0x00,0x00, 
	0xf6,0xda,0xf8,0x00, 
	0x0a,0x40,0x00,0xb4, 
	0xa1,0x40,0x95,0x81, 
	0x50,0x40,0x91,0x0c, 
	0x05,0x16,0xbb,0xfb, 
	0xa0,0x99,0x20,0x46, 
	0xed,0xff,0x00,0x00, 
	0x40,0x33,0x11,0x30, 
	0x3c,0x41,0x1b,0x77, 
	0x06,0x03,0x00,0x00, 
	0x67,0x03,0xf0,0x60, 
	0x33,0x20,0x50,0x33, 
	0x11,0x30,0x3b,0x41, 
	0x70,0xa8,0xc0,0xf6, 
	0xca,0x2d,0x00,0x0a, 
	0x40,0x00,0x92,0xa1, 
	0x20,0x23,0x81,0x30, 
	0x30,0x91,0x4a,0x22, 
	0x50,0x33,0x80,0x47, 
	0xb2,0x01,0x1b,0x33, 
	0x30,0xa4,0xb5,0x87, 
	0x9a,0x31,0xd6,0xa9, 
	0x00,0x1b,0x22,0x16, 
	0x12,0x06,0xf0,0x99, 
	0x11,0x16,0x39,0x05, 
	0x1d,0xf0,0x00,0x00, 
	0xf6,0xda,0x16,0x00, 
	0x0a,0x40,0x00,0xb2, 
	0xa1,0x20,0x93,0x81, 
	0x30,0x20,0x91,0x0c, 
	0x03,0x16,0x9b,0xfc, 
	0xa0,0x99,0x20,0xc6, 
	0xf0,0xff,0x3d,0x05, 
	0x2d,0x04,0x1d,0xf0, 
	0xad,0x02,0x00,0x41, 
	0x40,0x20,0x23,0x81, 
	0x30,0x30,0x91,0x1b, 
	0x88,0xd0,0x88,0x01, 
	0x8a,0x33,0x67,0x43, 
	0x0a,0x07,0x6a,0x05, 
	0x1b,0x22,0x9c,0xa2, 
	0x9c,0x09,0x1d,0xf0, 
	0x0c,0x02,0x30,0x34, 
	0xb5,0xc0,0x33,0x01, 
	0xf0,0x88,0x11,0x80, 
	0x33,0x20,0x1d,0xf0, 
	0x20,0x21,0x41,0xf0, 
	0x22,0x11,0x1d,0xf0, 
	0x1b,0x33,0x1d,0xf0, 
	0x67,0xc5,0x05,0x41, 
	0xaf,0x6d,0x40,0x33, 
	0x20,0x1d,0xf0,0x00, 
	0x50,0x76,0x11,0x70, 
	0x35,0x30,0x2d,0x04, 
	0x1d,0xf0,0x00,0x00, 
	0x50,0x76,0x11,0x70, 
	0x55,0x30,0x86,0xae, 
	0xff,0x00,0x00,0x00, 
	0x36,0x21,0x00,0x61, 
	0xa5,0x6d,0x50,0x73, 
	0x30,0x96,0x77,0xfe, 
	0x67,0x43,0xcc,0x67, 
	0x45,0xd5,0x30,0x74, 
	0xa5,0x50,0x84,0xa5, 
	0x57,0x33,0x7c,0x57, 
	0x13,0x41,0x67,0x05, 
	0x4a,0x60,0x55,0x20, 
	0x50,0x55,0x11,0x50, 
	0x5b,0x41,0x80,0xa7, 
	0xc0,0xf6,0xca,0x4b, 
	0x00,0x0a,0x40,0x0c, 
	0x09,0x90,0x94,0x81, 
	0x40,0x45,0x81,0x50, 
	0x50,0x91,0x50,0x33, 
	0xc0,0x47,0xb2,0x01, 
	0x0b,0x33,0x40,0x22, 
	0xc0,0x90,0x90,0x60, 
	0x8c,0x59,0x0b,0x53, 
	0x20,0x35,0x83,0x0b, 
	0x22,0x30,0xa4,0xa5, 
	0x77,0x1a,0x7f,0x46, 
	0x31,0x00,0x00,0x00, 
	0x47,0x32,0x34,0x27, 
	0x34,0xb7,0x0c,0x03, 
	0x0c,0x02,0x1d,0xf0, 
	0x40,0x55,0x11,0x50, 
	0x5c,0x41,0x67,0x03, 
	0xb4,0x1b,0x88,0xc6, 
	0xeb,0xff,0x00,0x00, 
	0xf6,0xda,0xea,0x00, 
	0x0a,0x40,0x00,0xb4, 
	0xa1,0x40,0x95,0x81, 
	0x50,0x40,0x91,0x0c, 
	0x05,0x16,0xdb,0xfa, 
	0xa0,0x99,0x20,0xc6, 
	0xe9,0xff,0x00,0x00, 
	0x67,0x03,0x50,0x60, 
	0x33,0x20,0x50,0x33, 
	0x11,0x30,0x3b,0x41, 
	0x70,0xa8,0xc0,0xf6, 
	0xca,0x51,0x00,0x0a, 
	0x40,0x0c,0x09,0x90, 
	0x92,0x81,0x20,0x23, 
	0x81,0x30,0x30,0x91, 
	0x50,0xb6,0x11,0xb0, 
	0x55,0x30,0x20,0x24, 
	0xc0,0x30,0x35,0xc0, 
	0x27,0xb4,0x01,0x0b, 
	0x33,0x90,0x90,0x60, 
	0x8c,0x59,0x0b,0x53, 
	0x20,0x35,0x83,0x0b, 
	0x22,0x30,0xa4,0xa5, 
	0x87,0x9a,0x48,0xd6, 
	0xa9,0x00,0x1b,0x22, 
	0x16,0x42,0x07,0xf0, 
	0x99,0x11,0x16,0x69, 
	0x06,0x1d,0xf0,0x00, 
	0x40,0x33,0x11,0x30, 
	0x3c,0x41,0x67,0x05, 
	0xae,0x1b,0x77,0x46, 
	0xea,0xff,0x00,0x00, 
	0xf6,0xda,0x18,0x00, 
	0x0a,0x40,0x00,0xb2, 
	0xa1,0x20,0x93,0x81, 
	0x30,0x20,0x91,0x50, 
	0x36,0x11,0x16,0xcb, 
	0xfa,0xa0,0x99,0x20, 
	0x86,0xe9,0xff,0x00, 
	0x50,0x76,0x11,0x70, 
	0x35,0x30,0x2d,0x04, 
	0x1d,0xf0,0x00,0x00, 
	0x40,0x83,0x11,0xbc, 
	0x18,0x60,0xf8,0x40, 
	0x80,0x8c,0x41,0xa7, 
	0xa6,0x4e,0x1b,0x66, 
	0x00,0x16,0x40,0x20, 
	0x88,0x81,0x90,0x22, 
	0x81,0x00,0x99,0xa1, 
	0x30,0x34,0xb5,0x60, 
	0x33,0xc0,0xc0,0x33, 
	0x01,0x8a,0x33,0x06, 
	0xe3,0xff,0x00,0x00, 
	0x20,0x21,0x41,0xf0, 
	0x22,0x11,0x1d,0xf0, 
	0x1b,0x33,0x1d,0xf0, 
	0x60,0xf2,0x40,0x62, 
	0xc6,0x15,0x67,0x2a, 
	0x1b,0xb6,0xc6,0xcb, 
	0x00,0x16,0x40,0x90, 
	0x82,0x81,0x00,0x29, 
	0xa1,0x0c,0x09,0x30, 
	0x34,0xb5,0x60,0x33, 
	0xc0,0xc0,0x33,0x01, 
	0x8a,0x33,0x46,0xd6, 
	0xff,0x6d,0x0a,0x86, 
	0xf7,0xff,0x00,0x00, 
	0xf0,0x33,0x11,0x30, 
	0x31,0x41,0x20,0xa3, 
	0x20,0x16,0x4a,0x08, 
	0x9c,0x53,0xa0,0xf3, 
	0x40,0xa2,0xca,0xf5, 
	0x00,0x1a,0x40,0x20, 
	0x33,0x81,0x00,0x22, 
	0xa1,0x0c,0x18,0xa0, 
	0x88,0xc0,0x86,0x34, 
	0x00,0xa0,0xf2,0x40, 
	0xa2,0xca,0xf5,0x6c, 
	0x18,0xa0,0x88,0xc0, 
	0x00,0x1a,0x40,0x96, 
	0x9a,0x00,0x00,0x32, 
	0xa1,0x0c,0x02,0x46, 
	0x2e,0x00,0x00,0x00, 
	0x20,0x30,0x91,0x00, 
	0x22,0xa1,0x86,0x2b, 
	0x00,0xf0,0x55,0x11, 
	0x50,0x51,0x41,0x40, 
	0xa5,0x20,0xbc,0xba, 
	0x9c,0x55,0xa0,0xf5, 
	0x40,0xa2,0xca,0xf5, 
	0x00,0x1a,0x40,0x40, 
	0x55,0x81,0x00,0x44, 
	0xa1,0x0c,0x19,0xa0, 
	0x99,0xc0,0x46,0x23, 
	0x00,0xa0,0xf4,0x40, 
	0xa2,0xca,0xf5,0x6c, 
	0x19,0xa0,0x99,0xc0, 
	0x00,0x1a,0x40,0x96, 
	0x9a,0x00,0x00,0x54, 
	0xa1,0x0c,0x04,0x06, 
	0x1d,0x00,0x00,0x00, 
	0x40,0x50,0x91,0x00, 
	0x44,0xa1,0x46,0x1a, 
	0x00,0x70,0x3f,0x05, 
	0x10,0x33,0x01,0x0c, 
	0x02,0x46,0x62,0x00, 
	0xcc,0xd4,0xf0,0x85, 
	0x11,0xcc,0x88,0x41, 
	0x1c,0x6d,0x40,0x33, 
	0x20,0x46,0x5e,0x00, 
	0x00,0x67,0xc5,0x0b, 
	0x40,0x85,0x11,0x40, 
	0x88,0x20,0x8c,0x28, 
	0x3d,0x05,0x2d,0x04, 
	0x70,0x7f,0x05,0xf0, 
	0x33,0x11,0x00,0x41, 
	0x40,0x30,0x37,0x81, 
	0x86,0x56,0x00,0x00, 
	0x56,0x82,0xfe,0xf0, 
	0x83,0x11,0x56,0x28, 
	0xfe,0x71,0x0f,0x6d, 
	0x70,0x35,0x20,0xc6, 
	0x51,0x00,0x00,0x00, 
	0x36,0x41,0x00,0x61, 
	0x0b,0x6d,0x50,0x73, 
	0x30,0x67,0x43,0xaf, 
	0x67,0x45,0xdc,0x30, 
	0x84,0xa5,0x50,0x94, 
	0xa5,0x16,0x78,0xf0, 
	0x16,0xd9,0xf4,0x9a, 
	0x88,0xa1,0x06,0x6d, 
	0x60,0x33,0x20,0xa0, 
	0x33,0x10,0x60,0x55, 
	0x20,0xa0,0x55,0x10, 
	0x79,0x11,0x20,0xc0, 
	0xf5,0x40,0xd0,0xf5, 
	0x30,0xe0,0xf5,0x50, 
	0xf0,0xf5,0xd0,0xa2, 
	0xc1,0x40,0xbc,0xc1, 
	0x0c,0x09,0xba,0xaa, 
	0xb7,0xba,0x01,0x1b, 
	0x99,0x10,0x40,0x40, 
	0xa0,0x69,0x81,0x40, 
	0xb2,0xc1,0x00,0xaa, 
	0xa1,0xba,0xaa,0xb7, 
	0xba,0x02,0x62,0xc6, 
	0x01,0x50,0xb2,0xc1, 
	0x0c,0x09,0xba,0x66, 
	0xb7,0xb6,0x01,0x1b, 
	0x99,0xd0,0xbc,0xc1, 
	0xb0,0x66,0x80,0xb7, 
	0xb6,0x01,0x1b,0x99, 
	0x40,0xb3,0xc1,0xba, 
	0x66,0xb7,0xb6,0x01, 
	0x1b,0x99,0x8c,0x3a, 
	0x0c,0x1b,0xb0,0x66, 
	0x20,0xf0,0x72,0xc1, 
	0x40,0xbe,0xc1,0x0c, 
	0x0a,0x7a,0xbb,0x77, 
	0xbb,0x02,0xa2,0xca, 
	0x01,0x50,0x7c,0xc1, 
	0x70,0xbb,0x80,0x77, 
	0xbb,0x01,0x1b,0xaa, 
	0xd0,0x73,0xc1,0xf0, 
	0x20,0x00,0x7a,0xbb, 
	0x77,0xbb,0x01,0x1b, 
	0xaa,0xb0,0xaa,0x81, 
	0x9a,0xaa,0x00,0xbb, 
	0xa1,0xba,0x66,0xb7, 
	0xb6,0x02,0xa2,0xca, 
	0x01,0xf0,0x2c,0xc1, 
	0x0c,0x09,0xaa,0x22, 
	0xa7,0xb2,0x01,0x1b, 
	0x99,0x50,0xa3,0xc1, 
	0xa0,0x22,0x80,0xa7, 
	0xb2,0x01,0x1b,0x99, 
	0xd0,0xae,0xc1,0xf0, 
	0x20,0x00,0xaa,0x22, 
	0xa7,0xb2,0x01,0x1b, 
	0x99,0xf0,0xb3,0xc1, 
	0x50,0x7e,0xc1,0x0c, 
	0x0a,0x7a,0xbb,0x77, 
	0xbb,0x02,0xa2,0xca, 
	0x01,0xb0,0xaa,0x81, 
	0x9a,0xaa,0x00,0xbb, 
	0xa1,0xba,0x22,0xb7, 
	0xb2,0x01,0x1b,0xaa, 
	0xf0,0x3e,0xc1,0x0c, 
	0xb4,0x78,0x11,0xaa, 
	0x33,0x30,0x59,0x41, 
	0xcc,0x45,0x42,0xc4, 
	0x01,0x82,0xc8,0xff, 
	0x00,0x14,0x40,0x20, 
	0x33,0x81,0x60,0x22, 
	0x81,0x00,0x66,0xa1, 
	0x42,0xa3,0xff,0x40, 
	0x88,0xc0,0xf0,0x44, 
	0x11,0x47,0xb8,0x2b, 
	0xd6,0x86,0x00,0x1b, 
	0x22,0x9c,0xc2,0xf0, 
	0x66,0x11,0x8c,0xe6, 
	0xc0,0x88,0x01,0x8a, 
	0x33,0x70,0x7f,0x05, 
	0x10,0x77,0x01,0x70, 
	0x33,0x20,0x1d,0xf0, 
	0x20,0x21,0x41,0xf0, 
	0x22,0x11,0x86,0xf9, 
	0xff,0x1b,0x33,0x46, 
	0xf8,0xff,0x00,0x00, 
	0x96,0x98,0x00,0x1b, 
	0x84,0xc0,0x38,0x01, 
	0x0c,0x02,0xc6,0xf5, 
	0xff,0x80,0x80,0x60, 
	0x9d,0x06,0x00,0x08, 
	0x40,0xf6,0xc8,0x0b, 
	0x00,0x62,0xa1,0x20, 
	0x23,0x81,0x30,0x30, 
	0x91,0x06,0x04,0x00, 
	0xf6,0xd8,0x1c,0x00, 
	0xa2,0xa1,0x20,0x63, 
	0x81,0x30,0x20,0x91, 
	0x0c,0x03,0xa0,0x99, 
	0x20,0x0c,0x08,0x16, 
	0x99,0xf9,0x0c,0x19, 
	0x90,0x66,0x20,0x46, 
	0xe4,0xff,0x00,0x00, 
	0x70,0x3f,0x05,0x10, 
	0x33,0x01,0x0c,0x02, 
	0x86,0xe7,0xff,0x00, 
	0xf0,0x55,0x11,0x50, 
	0x51,0x41,0x40,0xa5, 
	0x20,0xbc,0xba,0x9c, 
	0x55,0xa0,0xf5,0x40, 
	0xa2,0xca,0xf5,0x00, 
	0x1a,0x40,0x40,0x55, 
	0x81,0x00,0x44,0xa1, 
	0x0c,0x19,0xa0,0x99, 
	0xc0,0xc6,0x36,0x00, 
	0xa0,0xf4,0x40,0xa2, 
	0xca,0xf5,0x6c,0x19, 
	0xa0,0x99,0xc0,0x00, 
	0x1a,0x40,0x96,0x7a, 
	0x00,0x00,0x54,0xa1, 
	0x0c,0x04,0x86,0x30, 
	0x00,0x40,0x50,0x91, 
	0x00,0x44,0xa1,0x46, 
	0x2e,0x00,0x00,0x00, 
	0xf0,0x33,0x11,0x30, 
	0x31,0x41,0x30,0x22, 
	0x20,0x70,0x3f,0x05, 
	0x10,0x33,0x01,0x60, 
	0x33,0x20,0xcc,0x42, 
	0x41,0x8c,0x6c,0x40, 
	0x33,0x20,0x0c,0x02, 
	0x1d,0xf0,0x00,0x00, 
	0xf0,0x33,0x11,0x30, 
	0x31,0x41,0x20,0xa3, 
	0x20,0xbc,0xba,0x9c, 
	0x53,0xa0,0xf3,0x40, 
	0xa2,0xca,0xf5,0x00, 
	0x1a,0x40,0x20,0x33, 
	0x81,0x00,0x22,0xa1, 
	0x0c,0x18,0xa0,0x88, 
	0xc0,0x86,0x1d,0x00, 
	0xa0,0xf2,0x40,0xa2, 
	0xca,0xf5,0x6c,0x18, 
	0xa0,0x88,0xc0,0x00, 
	0x1a,0x40,0x96,0x7a, 
	0x00,0x00,0x32,0xa1, 
	0x0c,0x02,0x46,0x17, 
	0x00,0x20,0x30,0x91, 
	0x00,0x22,0xa1,0x06, 
	0x15,0x00,0x00,0x00, 
	0x70,0x3f,0x05,0x10, 
	0x33,0x01,0x0c,0x02, 
	0x1d,0xf0,0x00,0x00, 
	0x50,0x7f,0x05,0x10, 
	0x77,0x01,0x70,0x33, 
	0x30,0x67,0xc5,0x05, 
	0x41,0x71,0x6c,0x40, 
	0x33,0x20,0x1d,0xf0, 
	0x40,0x85,0x11,0x40, 
	0x88,0x20,0x16,0x68, 
	0xfd,0x3d,0x05,0x2d, 
	0x04,0x1d,0xf0,0x00, 
	0x47,0x32,0x3a,0xc6, 
	0x0f,0x00,0x00,0x00, 
	0x36,0x21,0x00,0x61, 
	0x67,0x6c,0x50,0x73, 
	0x30,0x67,0x43,0xc7, 
	0x67,0x45,0xd8,0x30, 
	0x84,0xa5,0x50,0x94, 
	0xa5,0x16,0xf9,0xef, 
	0x16,0x48,0xf6,0x90, 
	0x88,0xc0,0xa1,0x62, 
	0x6c,0x60,0x33,0x20, 
	0xa0,0x33,0x10,0x60, 
	0x55,0x20,0xa0,0x55, 
	0x10,0x10,0x4f,0x40, 
	0x37,0x35,0x0a,0x37, 
	0x15,0xc1,0x20,0x33, 
	0x81,0x00,0x22,0xa1, 
	0x0b,0x88,0x50,0x33, 
	0xc0,0x47,0xb2,0x01, 
	0x0b,0x33,0x40,0x22, 
	0xc0,0x20,0x33,0x81, 
	0x00,0x22,0xa1,0x0c, 
	0x0a,0x0c,0x1b,0x3c, 
	0x49,0xb0,0xaa,0x81, 
	0x00,0xbb,0xa1,0x57, 
	0x33,0x10,0x57,0x13, 
	0x42,0x1b,0xbb,0x50, 
	0x33,0xc0,0x47,0xb2, 
	0x02,0x32,0xc3,0xff, 
	0x40,0x22,0xc0,0x20, 
	0x33,0x81,0x00,0x22, 
	0xa1,0x0b,0x99,0x56, 
	0xa9,0xfd,0x92,0xa3, 
	0xfe,0x90,0x88,0x80, 
	0x92,0xd9,0x04,0x97, 
	0xb8,0x39,0x57,0x33, 
	0x07,0x57,0x13,0x1f, 
	0x1b,0xbb,0x16,0x6b, 
	0x08,0x2d,0x0b,0xc0, 
	0x88,0x01,0x8a,0x3a, 
	0x70,0x7f,0x05,0x10, 
	0x77,0x01,0x70,0x33, 
	0x20,0x1d,0xf0,0x00, 
	0x47,0xb2,0xb9,0x06, 
	0xf1,0xff,0x00,0x00, 
	0x47,0x32,0xe1,0x47, 
	0x92,0xd9,0x1b,0xbb, 
	0x16,0x0b,0x06,0xb0, 
	0xb1,0x41,0xf0,0xbb, 
	0x11,0x06,0xf4,0xff, 
	0x96,0x98,0x00,0x1b, 
	0x89,0xc0,0x38,0x01, 
	0x0c,0x02,0x86,0xf2, 
	0xff,0x80,0x80,0x60, 
	0x00,0x08,0x40,0xf6, 
	0xc8,0x0d,0x00,0x6b, 
	0xa1,0xb0,0xba,0x81, 
	0xa0,0xa0,0x91,0x86, 
	0x04,0x00,0x00,0x00, 
	0xf6,0xd8,0x35,0x00, 
	0x9b,0xa1,0xb0,0x6a, 
	0x81,0xa0,0xb0,0x91, 
	0x0c,0x0a,0x90,0x22, 
	0x20,0x0c,0x08,0x20, 
	0x33,0x20,0x8c,0x33, 
	0x0c,0x19,0x90,0x66, 
	0x20,0xd6,0xc6,0xf8, 
	0x1b,0xbb,0x8c,0xeb, 
	0xf0,0x66,0x11,0x56, 
	0x26,0xf8,0xb0,0xb1, 
	0x41,0xf0,0xbb,0x11, 
	0x46,0xde,0xff,0x00, 
	0x1b,0xaa,0xc6,0xdc, 
	0xff,0x70,0x3f,0x05, 
	0x10,0x33,0x01,0x0c, 
	0x02,0x1d,0xf0,0x00, 
	0x36,0x21,0x00,0x61, 
	0x1d,0x6c,0x67,0x43, 
	0x26,0x30,0x44,0xa5, 
	0x60,0x53,0x95,0x50, 
	0x44,0xc0,0xe6,0xc4, 
	0x26,0xa6,0x14,0x2f, 
	0x60,0x73,0x20,0x10, 
	0x45,0x40,0x20,0x57, 
	0x81,0x00,0x14,0x40, 
	0x50,0x50,0x91,0x50, 
	0x20,0x60,0x70,0x25, 
	0xb3,0x1d,0xf0,0x00, 
	0x40,0x43,0x11,0x20, 
	0x44,0x20,0x16,0x24, 
	0x00,0x32,0xa0,0x00, 
	0x50,0x46,0x11,0x0b, 
	0x54,0x30,0x45,0xb3, 
	0x2d,0x04,0x1d,0xf0, 
	0x0c,0x02,0x1d,0xf0, 
	0x36,0x21,0x00,0x61, 
	0x0a,0x6c,0x67,0x43, 
	0x2a,0x30,0x44,0xa5, 
	0x60,0x54,0x95,0x50, 
	0x44,0xc0,0xe6,0xc4, 
	0x2a,0x96,0x34,0x03, 
	0x60,0x73,0x20,0x10, 
	0x45,0x40,0x20,0x57, 
	0x81,0x1b,0x44,0x26, 
	0xc4,0x29,0x00,0x14, 
	0x40,0x50,0x50,0x91, 
	0x50,0x20,0x60,0x70, 
	0x25,0xb3,0x1d,0xf0, 
	0x40,0x43,0x11,0x20, 
	0x44,0x20,0x8c,0x24, 
	0x7c,0xf2,0x1d,0xf0, 
	0x50,0x46,0x11,0x7c, 
	0xf5,0x30,0x45,0xb3, 
	0x2d,0x04,0x1d,0xf0, 
	0x0c,0x02,0x1d,0xf0, 
	0x96,0x43,0x00,0x2d, 
	0x05,0x1d,0xf0,0x00, 
	0x50,0x26,0x11,0x1d, 
	0xf0,0x00,0x00,0x00, 
	0x36,0x21,0x00,0x41, 
	0xf5,0x6b,0x40,0x53, 
	0xc0,0x50,0x63,0x30, 
	0x96,0x46,0x05,0x50, 
	0x64,0xa5,0x16,0xe6, 
	0x04,0x42,0xa0,0xff, 
	0x47,0xa6,0x28,0x10, 
	0x4d,0x40,0x20,0x55, 
	0x81,0x00,0x42,0xa1, 
	0x30,0x6f,0x05,0x10, 
	0x66,0x01,0x50,0x26, 
	0x20,0xd6,0x74,0x00, 
	0x1b,0x22,0xf0,0x44, 
	0x11,0x16,0x34,0x00, 
	0x1d,0xf0,0x00,0x00, 
	0x20,0x21,0x41,0xf0, 
	0x22,0x11,0x1d,0xf0, 
	0x41,0xe2,0x6b,0x47, 
	0xc3,0x0a,0x40,0x53, 
	0x11,0x20,0x55,0x20, 
	0x8c,0x15,0x40,0x41, 
	0x41,0xc0,0x44,0x11, 
	0x30,0x6f,0x05,0x00, 
	0x41,0x40,0x40,0x26, 
	0x81,0x1d,0xf0,0x00, 
	0x30,0x64,0xa5,0x52, 
	0xa3,0x80,0x60,0x65, 
	0xc0,0x1b,0x66,0xf6, 
	0xc6,0x29,0x30,0x55, 
	0x11,0x30,0x55,0x20, 
	0x50,0x55,0x11,0x50, 
	0x5b,0x41,0x10,0x4d, 
	0x40,0x20,0x55,0x81, 
	0x00,0x42,0xa1,0x00, 
	0x06,0x40,0x00,0x74, 
	0xa1,0x40,0x45,0x81, 
	0x50,0x50,0x91,0x16, 
	0xd7,0xf8,0x60,0x44, 
	0x20,0xc6,0xe1,0xff, 
	0x30,0x2f,0x05,0x10, 
	0x22,0x01,0x1d,0xf0, 
	0x36,0x21,0x00,0x20, 
	0x5f,0x05,0x10,0x55, 
	0x01,0xf0,0x42,0x11, 
	0x20,0x67,0x75,0xac, 
	0xd6,0x1b,0x66,0x26, 
	0xf6,0x11,0x40,0x44, 
	0x41,0x61,0xc6,0x6b, 
	0x30,0x22,0x01,0x6a, 
	0x44,0x50,0x34,0x20, 
	0x1d,0xf0,0x00,0x00, 
	0x41,0xc0,0x6b,0x70, 
	0x72,0x11,0x8c,0x47, 
	0x50,0x66,0x11,0x60, 
	0x44,0x20,0x50,0x34, 
	0x20,0x0c,0x02,0x1d, 
	0xf0,0x00,0x00,0x00, 
	0x16,0x24,0xff,0x70, 
	0xf4,0x40,0x72,0xc7, 
	0xf8,0x00,0x17,0x40, 
	0x00,0x44,0xa1,0x30, 
	0x24,0x01,0x40,0x43, 
	0x41,0x62,0xa3,0x7f, 
	0x70,0x66,0xc0,0xc0, 
	0x66,0x01,0x6a,0x44, 
	0x50,0x34,0x20,0x1d, 
	0xf0,0x00,0x00,0x00, 
	0x36,0x41,0x00,0xa1, 
	0xb4,0x6b,0x8c,0x73, 
	0x91,0xb2,0x6b,0x82, 
	0x23,0x00,0x82,0x69, 
	0x00,0x49,0x0a,0x8c, 
	0x15,0xe0,0x05,0x00, 
	0x8c,0x66,0xad,0x06, 
	0x10,0x11,0x20,0x65, 
	0x5b,0x00,0x1d,0xf0, 
	0x36,0x41,0x00,0x20, 
	0xa2,0x20,0xb2,0xa0, 
	0x00,0xe5,0x4f,0x00, 
	0xa1,0xaa,0x6b,0xa2, 
	0x2a,0x00,0xb8,0xfa, 
	0x8c,0x1b,0xe0,0x0b, 
	0x00,0xad,0x02,0x65, 
	0x07,0x01,0x00,0x00, 
	0x36,0x41,0x00,0xa1, 
	0xa5,0x6b,0x20,0xb2, 
	0x20,0xa2,0x2a,0x00, 
	0xa5,0x01,0x00,0xa0, 
	0x2a,0x20,0x1d,0xf0, 
	0x36,0x41,0x00,0xa1, 
	0xa0,0x6b,0x20,0xb2, 
	0x20,0xa2,0x2a,0x00, 
	0x65,0x5a,0x00,0x90, 
	0x00,0x00,0x00,0x00, 
	0x36,0x81,0x00,0x1c, 
	0x06,0x1c,0xe8,0xad, 
	0x03,0x7c,0x03,0xb2, 
	0xca,0x13,0xb7,0x38, 
	0x16,0x4d,0x06,0x1c, 
	0x09,0xa7,0xb9,0x18, 
	0xa5,0x57,0x00,0x22, 
	0xa0,0x00,0xb2,0xa0, 
	0x0c,0xb2,0x6a,0x00, 
	0x1d,0xf0,0x00,0x00, 
	0x30,0x4b,0x10,0x96, 
	0x94,0xfe,0xa7,0x34, 
	0xe6,0x20,0xa2,0x20, 
	0x25,0x00,0x01,0xd2, 
	0xa0,0x01,0x52,0xaf, 
	0xfc,0x71,0x8d,0x6b, 
	0xf2,0xa1,0xf7,0x47, 
	0x3f,0x15,0x40,0x93, 
	0x41,0xd0,0x89,0x11, 
	0x8a,0x87,0x38,0x38, 
	0x30,0x88,0xc0,0x56, 
	0xb8,0x37,0x2b,0xa9, 
	0x46,0x0f,0x00,0x00, 
	0x40,0xa9,0x41,0x16, 
	0x2a,0x33,0xb6,0x5a, 
	0x02,0x06,0x78,0x00, 
	0x40,0xf6,0x41,0xf2, 
	0xcf,0x38,0x86,0x00, 
	0x00,0xf2,0xa0,0x7e, 
	0x70,0xef,0xb0,0x38, 
	0x3e,0xad,0x0f,0x37, 
	0x1e,0x17,0xc2,0x23, 
	0x01,0x50,0xcc,0x10, 
	0x40,0xbc,0xc0,0xa6, 
	0xbb,0x02,0x86,0x6d, 
	0x00,0xd6,0x7b,0x2e, 
	0x32,0x23,0x03,0x37, 
	0x9e,0xe7,0xa2,0xca, 
	0x01,0x61,0x77,0x6b, 
	0xe2,0xc6,0x38,0x32, 
	0x26,0x10,0xe9,0x51, 
	0x37,0x1e,0x49,0xc8, 
	0x13,0x50,0xcc,0x10, 
	0x40,0xbc,0xc0,0xa6, 
	0xbb,0x02,0x86,0xe0, 
	0x00,0xe2,0x66,0x11, 
	0xe2,0x66,0x10,0x96, 
	0x6b,0x15,0xca,0x83, 
	0xf8,0x18,0xad,0x02, 
	0xd0,0xff,0x20,0xf9, 
	0x18,0x65,0xf7,0x00, 
	0x8b,0x23,0x1d,0xf0, 
	0x00,0x88,0x1b,0x50, 
	0x88,0x10,0x87,0xbc, 
	0x0c,0xb8,0x2b,0xb7, 
	0x1e,0x07,0x98,0x1b, 
	0x50,0x99,0x10,0x97, 
	0x3c,0xf2,0xe8,0x3b, 
	0xe9,0x33,0xb9,0x23, 
	0x39,0x2e,0x32,0x6b, 
	0x03,0xf8,0xd6,0x3b, 
	0xba,0xa0,0xba,0xb3, 
	0xb0,0xb2,0x21,0x00, 
	0x1b,0x40,0x00,0xbd, 
	0xa1,0xed,0x0b,0xb7, 
	0x3f,0x79,0xf7,0x8b, 
	0x12,0xf0,0xeb,0x11, 
	0x50,0xaa,0x10,0x4b, 
	0xaa,0xf7,0x8e,0x07, 
	0x4b,0xaa,0xf0,0xee, 
	0x11,0xf7,0x0e,0xf7, 
	0xa9,0x01,0x70,0x8a, 
	0xb0,0xdd,0x08,0x89, 
	0x11,0x38,0x3d,0x3c, 
	0xe8,0xd7,0x13,0x15, 
	0xc8,0x13,0x50,0xcc, 
	0x10,0x40,0xbc,0xc0, 
	0xa6,0xbb,0x02,0x46, 
	0xae,0x00,0xd6,0x8b, 
	0x0b,0x38,0x33,0xd7, 
	0x93,0xe9,0x8b,0xdd, 
	0xa7,0x28,0x05,0xd2, 
	0xcd,0x08,0xa2,0xca, 
	0x01,0x1b,0xaa,0xa0, 
	0x90,0x14,0x56,0xf9, 
	0xfc,0xb8,0x01,0xc8, 
	0x11,0xb0,0xd0,0x14, 
	0x16,0x0d,0x34,0x0b, 
	0xbb,0x88,0x0c,0xc2, 
	0xcc,0xf8,0xc7,0x18, 
	0xef,0xf0,0xee,0x11, 
	0xe7,0x3f,0x10,0x8c, 
	0xde,0xf7,0x8e,0xa7, 
	0x4b,0xaa,0xf0,0xee, 
	0x11,0xf7,0x0e,0xf7, 
	0x06,0xe7,0xff,0x00, 
	0xc8,0xe6,0xd8,0x1c, 
	0xad,0x0c,0x50,0xdd, 
	0x10,0x40,0xbd,0xc0, 
	0x47,0x3d,0x05,0xa6, 
	0xbb,0x02,0x86,0x30, 
	0x00,0xa9,0x21,0x91, 
	0xeb,0x6a,0xe8,0x16, 
	0xb1,0x38,0x6b,0xaa, 
	0x8d,0x38,0x0b,0x89, 
	0x41,0x4a,0x33,0x32, 
	0xc3,0x10,0x26,0x0e, 
	0x0b,0xd9,0x31,0xa9, 
	0x21,0x81,0x33,0x6b, 
	0x9a,0x33,0x80,0x33, 
	0x10,0xd2,0x61,0x03, 
	0x20,0xa2,0x20,0x30, 
	0xb3,0x20,0x25,0x67, 
	0x00,0xcd,0x0a,0x26, 
	0x0a,0x0f,0x98,0x41, 
	0x97,0x3a,0x02,0x86, 
	0x2e,0x00,0xb8,0x21, 
	0x70,0xbb,0xc0,0x16, 
	0x3b,0x0d,0xc8,0xe6, 
	0xa8,0x1c,0x50,0xda, 
	0x10,0x40,0xbd,0xc0, 
	0x47,0x3d,0x02,0xe6, 
	0xbb,0x6d,0x20,0xa2, 
	0x20,0x25,0xe5,0x00, 
	0x22,0xa0,0x00,0x90, 
	0x00,0x00,0xe2,0x23, 
	0x02,0xa2,0xa0,0x01, 
	0xc0,0x93,0x80,0x88, 
	0x19,0xf8,0x33,0xa0, 
	0x88,0x20,0xad,0x02, 
	0x89,0x19,0xf9,0x3e, 
	0xe9,0x2f,0x25,0xe3, 
	0x00,0x8b,0x23,0x1d, 
	0xf0,0xb2,0xa1,0xff, 
	0xc7,0x3b,0x5c,0xc0, 
	0xf3,0x41,0x88,0xd6, 
	0x3b,0xbf,0xf0,0xbf, 
	0xb3,0x70,0xff,0xb0, 
	0xb0,0xb2,0x21,0x00, 
	0x1b,0x40,0x00,0x9d, 
	0xa1,0x90,0x88,0x20, 
	0x89,0xd6,0xe8,0x2f, 
	0xf9,0x33,0xe9,0x23, 
	0x39,0x2f,0x39,0x3e, 
	0x46,0xab,0xff,0x00, 
	0x0b,0xaf,0x06,0x93, 
	0xff,0x1c,0x4c,0xa7, 
	0xbc,0x02,0x06,0x45, 
	0x00,0xf2,0xca,0x5b, 
	0x06,0x87,0xff,0x00, 
	0xc0,0x3c,0x20,0x20, 
	0xa2,0x20,0xd2,0xa0, 
	0x01,0xd0,0xe4,0x20, 
	0xe9,0x1c,0xd0,0xdb, 
	0x20,0xca,0xe4,0xe9, 
	0xe6,0xd9,0x1e,0x25, 
	0xdd,0x00,0x8b,0x23, 
	0x1d,0xf0,0x00,0x00, 
	0xc0,0xb9,0x41,0x16, 
	0x9b,0x20,0xb6,0x5b, 
	0x02,0xc6,0x45,0x00, 
	0xc0,0x96,0x41,0x92, 
	0xc9,0x38,0x46,0x48, 
	0x00,0xb8,0x26,0xd8, 
	0x41,0xba,0xb3,0xb9, 
	0x26,0xd7,0x9a,0x1b, 
	0xd0,0xd0,0xb4,0xdc, 
	0x5d,0xc8,0xe6,0xe8, 
	0x31,0x0c,0x1f,0xea, 
	0xe3,0xf0,0xee,0x20, 
	0xe9,0x1c,0x06,0x28, 
	0x00,0x00,0xb8,0x26, 
	0xba,0xb3,0xb9,0x26, 
	0xd8,0x16,0x66,0x0d, 
	0x04,0xa9,0x16,0xc6, 
	0x02,0x00,0xe2,0x21, 
	0x04,0xe0,0xea,0xc0, 
	0xe0,0xeb,0x80,0xe2, 
	0x66,0x02,0x8b,0x9a, 
	0x90,0x90,0x34,0x16, 
	0xb9,0x19,0x90,0xca, 
	0xc0,0x1c,0x0b,0x90, 
	0xbb,0xc0,0xc2,0xcc, 
	0x10,0xc9,0x61,0xad, 
	0x02,0xca,0xd3,0xd0, 
	0xd0,0xb4,0xd0,0xbb, 
	0xc0,0xb2,0xdb,0x10, 
	0xb9,0x71,0x65,0x54, 
	0x00,0xb8,0x71,0xc8, 
	0x61,0xd8,0x21,0x66, 
	0x0a,0x03,0xad,0x0c, 
	0x0c,0x0b,0xc9,0xe6, 
	0xf8,0x26,0x0c,0x18, 
	0xc0,0xea,0xc0,0xea, 
	0xeb,0x80,0xee,0x20, 
	0xba,0xff,0xf9,0x26, 
	0xe9,0x1c,0x77,0x1d, 
	0x36,0xf8,0x31,0xf6, 
	0xbf,0x0a,0x0c,0x1a, 
	0x0c,0x18,0x89,0x1c, 
	0x86,0xae,0xff,0x00, 
	0x00,0xa2,0xaf,0xf0, 
	0xc2,0x2d,0x01,0x92, 
	0xcf,0xf4,0xc0,0xc0, 
	0x04,0xa0,0x99,0x10, 
	0xd0,0xb9,0x80,0x0c, 
	0x5a,0xc0,0xc9,0x20, 
	0xc9,0x1d,0xa9,0x1b, 
	0xa9,0x2b,0xb6,0xb9, 
	0x06,0x8b,0xbd,0xad, 
	0x02,0x65,0x25,0x00, 
	0xc8,0xe6,0xb1,0xcb, 
	0x6a,0xe8,0x26,0xa8, 
	0x2b,0xd8,0x1b,0xe0, 
	0xaa,0x73,0xe0,0xdd, 
	0x73,0xd9,0x1b,0xa9, 
	0x2b,0xa8,0x1c,0xc6, 
	0x9d,0xff,0x5c,0x4b, 
	0xa7,0xbb,0x02,0x46, 
	0x2e,0x00,0x40,0xfc, 
	0x41,0xf2,0xcf,0x6e, 
	0x06,0x3f,0xff,0x00, 
	0xa2,0x23,0x02,0xb2, 
	0x23,0x03,0xc0,0x93, 
	0x80,0x88,0x19,0xb9, 
	0x3a,0xd0,0x88,0x20, 
	0xa9,0x2b,0xad,0x02, 
	0x89,0x19,0x25,0xcb, 
	0x00,0x8b,0x23,0x1d, 
	0xf0,0x40,0xf3,0x41, 
	0x06,0x36,0xff,0x00, 
	0x1c,0x4e,0xb7,0xbe, 
	0x02,0xc6,0x2e,0x00, 
	0x92,0xcb,0x5b,0x06, 
	0x01,0x00,0x00,0x00, 
	0x92,0xa0,0x7e,0x70, 
	0xe9,0xb0,0xb8,0x2e, 
	0xb0,0xfe,0xc0,0x56, 
	0x6f,0xd1,0x88,0xd6, 
	0x3b,0xf9,0x90,0xf9, 
	0xb3,0xf0,0xf2,0x21, 
	0x00,0x1f,0x40,0x00, 
	0xcd,0xa1,0xc0,0x88, 
	0x20,0x89,0xd6,0x46, 
	0x45,0xff,0xa2,0x23, 
	0x02,0x92,0x23,0x01, 
	0xb2,0x23,0x03,0x50, 
	0x99,0x10,0x9a,0x93, 
	0xb9,0x3a,0x88,0x19, 
	0xa9,0x2b,0xad,0x02, 
	0xd0,0x88,0x20,0x89, 
	0x19,0x25,0xc5,0x00, 
	0x8b,0x23,0x1d,0xf0, 
	0xd2,0x21,0x05,0x30, 
	0xe4,0x80,0x82,0x23, 
	0x02,0x98,0x33,0x0c, 
	0x1f,0xf0,0xa4,0x20, 
	0xa9,0x13,0xf0,0xfb, 
	0x20,0xca,0xa3,0x99, 
	0x38,0x89,0x29,0xe2, 
	0x66,0x11,0xe2,0x66, 
	0x10,0xd9,0x3e,0xd9, 
	0x2e,0xf9,0x1e,0xb9, 
	0x0a,0xad,0x02,0x25, 
	0xc2,0x00,0x8b,0x23, 
	0x1d,0xf0,0x00,0x00, 
	0xb2,0xa1,0x54,0xa7, 
	0x3b,0x45,0x40,0xff, 
	0x41,0xf2,0xcf,0x77, 
	0x06,0x0f,0xff,0x00, 
	0xd0,0xab,0x20,0x92, 
	0x21,0x05,0x30,0x84, 
	0x80,0xd0,0xc4,0x20, 
	0xc2,0x63,0x01,0x82, 
	0x66,0x11,0x82,0x66, 
	0x10,0x99,0x28,0xa9, 
	0x18,0x99,0x38,0xad, 
	0x02,0x8a,0x8b,0xb9, 
	0x08,0x65,0xbe,0x00, 
	0x8b,0x23,0x1d,0xf0, 
	0x5c,0x4e,0xb7,0x3e, 
	0x2a,0xc0,0x9c,0x41, 
	0x92,0xc9,0x6e,0x06, 
	0xd0,0xff,0x0c,0x0b, 
	0x46,0x9a,0xff,0x00, 
	0xb2,0xa5,0x54,0xa7, 
	0xbb,0x02,0xc6,0xfc, 
	0xfe,0x40,0xf2,0xd5, 
	0xf2,0xcf,0x7c,0x46, 
	0xfb,0xfe,0x00,0x00, 
	0xc0,0x93,0x41,0x06, 
	0xc8,0xff,0x00,0x00, 
	0x82,0xa1,0x54,0xb7, 
	0x38,0x16,0xc0,0x9f, 
	0x41,0x92,0xc9,0x77, 
	0xc6,0xc3,0xff,0x00, 
	0x7c,0xfb,0xb0,0xbe, 
	0x30,0xb0,0xff,0x10, 
	0xf9,0xd6,0xc6,0x2e, 
	0xff,0xe2,0xa5,0x54, 
	0xb7,0xbe,0x02,0x46, 
	0xbd,0xff,0xc0,0x92, 
	0xd5,0x92,0xc9,0x7c, 
	0xc6,0xbb,0xff,0x00, 
	0x36,0x61,0x00,0x72, 
	0xaf,0x78,0x29,0x01, 
	0xd1,0x69,0x6a,0xd8, 
	0x0d,0xe2,0xa1,0x48, 
	0x62,0x2d,0x52,0xea, 
	0xdd,0xd9,0x11,0x16, 
	0xd6,0x07,0x58,0x16, 
	0xbd,0x05,0x0b,0x55, 
	0x96,0x95,0x06,0x60, 
	0x45,0xa0,0x8c,0x73, 
	0x77,0x16,0x59,0x82, 
	0x24,0x42,0x37,0x98, 
	0x53,0xc8,0x24,0x0b, 
	0xbb,0x57,0x9b,0x04, 
	0xb9,0x16,0x46,0x01, 
	0x00,0xb8,0x16,0x0c, 
	0x09,0x99,0x24,0xbc, 
	0xec,0x2d,0x0b,0x77, 
	0x16,0x22,0xa2,0x26, 
	0x62,0x00,0x15,0x40, 
	0xd2,0xa0,0x01,0x00, 
	0xdd,0xa1,0xa7,0x0d, 
	0x13,0xe2,0x26,0x63, 
	0xb2,0x24,0x22,0xe7, 
	0x8d,0x11,0xa2,0x21, 
	0x00,0xe0,0x0c,0x00, 
	0x46,0x03,0x00,0x00, 
	0x00,0xe0,0x0c,0x00, 
	0x46,0x01,0x00,0x00, 
	0xad,0x0b,0xe0,0x0c, 
	0x00,0xb8,0x16,0xf8, 
	0x11,0x27,0x9b,0x87, 
	0xf8,0x0f,0x67,0x9f, 
	0x82,0x42,0xc4,0xfc, 
	0x0b,0x55,0x66,0x05, 
	0x98,0x98,0x06,0x8c, 
	0x9b,0x69,0x11,0x6d, 
	0x09,0x56,0x19,0xf8, 
	0x1d,0xf0,0x00,0x00, 
	0x16,0x19,0xff,0x68, 
	0x11,0x99,0x06,0x6d, 
	0x09,0x06,0xfb,0xff, 
	0x36,0x41,0x00,0x51, 
	0x41,0x6a,0x58,0x05, 
	0x42,0x25,0x52,0xcc, 
	0x64,0x42,0xa1,0x4c, 
	0x4a,0x45,0x42,0x65, 
	0x52,0x58,0x14,0xa6, 
	0xc5,0x03,0x7c,0xf2, 
	0x1d,0xf0,0x1b,0x95, 
	0x40,0x85,0xa0,0x99, 
	0x14,0x29,0x28,0x0c, 
	0x02,0x1d,0xf0,0x00, 
	0x36,0x41,0x00,0x21, 
	0x36,0x6a,0x28,0x02, 
	0x1d,0xf0,0x00,0x00, 
	0x36,0x41,0x00,0x16, 
	0x73,0x08,0x20,0xa2, 
	0x20,0xe5,0xa8,0x00, 
	0x52,0xa0,0x01,0x62, 
	0xaf,0xfc,0xb2,0xc3, 
	0xf8,0x7c,0xef,0x41, 
	0x2f,0x6a,0xe2,0xd3, 
	0xff,0xe2,0x2e,0x3f, 
	0x88,0x24,0xf0,0xfe, 
	0x10,0xad,0x0f,0x3a, 
	0xdf,0xc2,0xdd,0xff, 
	0xc2,0x2c,0x3f,0x32, 
	0xcd,0xf8,0x60,0xcc, 
	0x10,0x37,0x98,0x57, 
	0xd1,0x28,0x6a,0xca, 
	0x9f,0xad,0x09,0x07, 
	0xee,0x0e,0xc8,0x0b, 
	0xca,0xa9,0xc0,0xbb, 
	0xc0,0xf8,0x2b,0x88, 
	0x3b,0x89,0x3f,0xf9, 
	0x28,0x50,0xea,0x20, 
	0xe2,0x6b,0x01,0xd2, 
	0x2d,0x00,0xb2,0x64, 
	0x02,0xd7,0x3a,0x02, 
	0x06,0x3e,0x00,0xad, 
	0x02,0xa5,0xa3,0x00, 
	0x1d,0xf0,0xf8,0x1c, 
	0x60,0xff,0x10,0xf7, 
	0xba,0x0c,0xc8,0x2c, 
	0xc7,0x1d,0x07,0x88, 
	0x1c,0x60,0x88,0x10, 
	0x87,0x3a,0xf2,0xd8, 
	0x3c,0xc9,0x2b,0xd9, 
	0x3b,0xb9,0x2d,0xb9, 
	0x3c,0xad,0x02,0x65, 
	0xa1,0x00,0x1d,0xf0, 
	0xc9,0x13,0x72,0xae, 
	0x04,0xca,0x3d,0x7a, 
	0x33,0x8b,0x74,0x07, 
	0xee,0x29,0xa8,0x0b, 
	0xa0,0xbb,0xc0,0xe8, 
	0x2b,0xaa,0xaf,0x77, 
	0x9e,0x59,0xe2,0x23, 
	0x7e,0x07,0xee,0x09, 
	0xca,0xaa,0xf8,0x0d, 
	0x88,0x1d,0x89,0x3f, 
	0xf9,0x28,0xaa,0x9b, 
	0x50,0xca,0x20,0xc9, 
	0x1b,0xa9,0x09,0x86, 
	0xf0,0xff,0x00,0x00, 
	0xe2,0x23,0x7e,0x07, 
	0xee,0x0f,0x98,0x0d, 
	0xca,0xaf,0x70,0x89, 
	0xc0,0x16,0x38,0x09, 
	0xc8,0x1d,0xc9,0x39, 
	0x99,0x2c,0xaa,0xdb, 
	0x50,0xea,0x20,0xe9, 
	0x1b,0xa9,0x0d,0xf2, 
	0xa1,0xff,0xa7,0x3f, 
	0x02,0xc6,0x23,0x00, 
	0xa0,0xc9,0x41,0x16, 
	0x1c,0x0c,0xf6,0x5c, 
	0x2f,0xa0,0x96,0x41, 
	0x92,0xc9,0x38,0x06, 
	0x0d,0x00,0x00,0x00, 
	0xf2,0x23,0x7e,0x88, 
	0x3b,0x89,0x3e,0xe9, 
	0x28,0x07,0xef,0x0c, 
	0xe8,0x0d,0xca,0xaa, 
	0x77,0x1e,0x54,0x98, 
	0x1d,0x99,0x3e,0xe9, 
	0x29,0xaa,0xcb,0x50, 
	0xda,0x20,0xd9,0x1b, 
	0xa9,0x0c,0x46,0xef, 
	0xff,0x1c,0x4e,0xc7, 
	0x3e,0x79,0x92,0xcc, 
	0x5b,0x86,0x00,0x00, 
	0x92,0xa0,0x7e,0x40, 
	0xd9,0xb0,0xc8,0x2d, 
	0xc0,0xfd,0xc0,0x56, 
	0x7f,0xf2,0x88,0x14, 
	0x3b,0xe9,0x90,0xe9, 
	0xb3,0xe0,0xe2,0x21, 
	0x00,0x1e,0x40,0x00, 
	0xa5,0xa1,0xa0,0x88, 
	0x20,0x89,0x14,0x86, 
	0xc9,0xff,0x00,0x00, 
	0xb1,0xe0,0x69,0xad, 
	0x02,0xb8,0x0b,0x25, 
	0x08,0x00,0x46,0xbe, 
	0xff,0x00,0x00,0x00, 
	0xaa,0xcb,0x50,0xda, 
	0x20,0xb9,0x54,0xb9, 
	0x44,0x79,0x3b,0x79, 
	0x2b,0xd9,0x1b,0xa9, 
	0x0c,0x06,0xc2,0xff, 
	0xa0,0xf3,0x41,0x88, 
	0x14,0x3b,0xcf,0xf0, 
	0xcf,0xb3,0x40,0xff, 
	0xb0,0xc0,0xc2,0x21, 
	0x00,0x1c,0x40,0x00, 
	0x95,0xa1,0x90,0x88, 
	0x20,0x89,0x14,0xe8, 
	0x2f,0xf9,0x3b,0xe9, 
	0x2b,0xb9,0x2f,0xb9, 
	0x3e,0x06,0xb8,0xff, 
	0x5c,0x4d,0xc7,0x3d, 
	0x12,0xa0,0x9c,0x41, 
	0x92,0xc9,0x6e,0x06, 
	0xe0,0xff,0x00,0x00, 
	0xa0,0x93,0x41,0x06, 
	0xde,0xff,0x00,0x00, 
	0xd2,0xa1,0x54,0xc7, 
	0x3d,0x09,0xa0,0x9f, 
	0x41,0x92,0xc9,0x77, 
	0xc6,0xd9,0xff,0x00, 
	0xd2,0xa5,0x54,0xc7, 
	0xbd,0x02,0x86,0xd6, 
	0xff,0xa0,0x92,0xd5, 
	0x92,0xc9,0x7c,0x06, 
	0xd5,0xff,0x00,0x00, 
	0x36,0x41,0x00,0x20, 
	0xa2,0x20,0xe5,0x8a, 
	0x00,0x61,0xb9,0x69, 
	0x71,0x6f,0x69,0x42, 
	0x26,0x02,0x51,0xbb, 
	0x69,0x48,0x14,0x7c, 
	0xc8,0x80,0x44,0x10, 
	0x30,0x34,0xc0,0x5a, 
	0x33,0x30,0x3c,0x41, 
	0x40,0x33,0x11,0x52, 
	0xd3,0xf0,0x77,0x25, 
	0x56,0xad,0x02,0x0c, 
	0x0b,0xe5,0x07,0x00, 
	0x88,0x26,0x8a,0x84, 
	0x87,0x1a,0x09,0xad, 
	0x02,0xe5,0x87,0x00, 
	0x0c,0x02,0x1d,0xf0, 
	0x00,0x30,0xb7,0xc0, 
	0x20,0xa2,0x20,0x65, 
	0x06,0x00,0xb2,0xa0, 
	0x01,0x71,0xac,0x69, 
	0x66,0x0a,0x38,0xad, 
	0x02,0x0c,0x0b,0x65, 
	0x05,0x00,0xb8,0x26, 
	0xd1,0xaa,0x69,0xb0, 
	0x9a,0xc0,0xa6,0xb9, 
	0x0e,0x0c,0x1c,0xd8, 
	0x0d,0xc0,0xc9,0x20, 
	0xd0,0xda,0xc0,0xd9, 
	0x07,0xc2,0x6b,0x01, 
	0x20,0xa2,0x20,0x25, 
	0x84,0x00,0x22,0xa0, 
	0x00,0x90,0x00,0x00, 
	0x20,0xa2,0x20,0x65, 
	0x83,0x00,0x22,0xa0, 
	0x00,0x90,0x00,0x00, 
	0x82,0x26,0x02,0x50, 
	0xf4,0xc0,0xb0,0xff, 
	0x20,0xf2,0x68,0x01, 
	0xe2,0x27,0x00,0xad, 
	0x02,0x30,0xee,0xc0, 
	0xe2,0xde,0x10,0xe9, 
	0x07,0x25,0x81,0x00, 
	0x0c,0x12,0x1d,0xf0, 
	0x36,0x41,0x00,0x41, 
	0x97,0x69,0x61,0x95, 
	0x69,0x9d,0x02,0x28, 
	0x06,0x48,0x04,0x9c, 
	0x12,0x2a,0x33,0x47, 
	0x33,0x07,0x7c,0xf2, 
	0x0c,0xc8,0x89,0x09, 
	0x1d,0xf0,0x39,0x06, 
	0x1d,0xf0,0x00,0x00, 
	0x21,0x90,0x69,0x29, 
	0x06,0x06,0xf9,0xff, 
	0x36,0x41,0x00,0x41, 
	0x8e,0x69,0x38,0x04, 
	0x52,0xc4,0x10,0x5a, 
	0x53,0x22,0x45,0x00, 
	0x1b,0x33,0x30,0x30, 
	0x74,0x39,0x04,0x1d, 
	0xf0,0x00,0x00,0x00, 
	0x36,0x41,0x00,0x7c, 
	0xf2,0x1d,0xf0,0x00, 
	0x36,0x41,0x00,0x1d, 
	0xf0,0x00,0x00,0x00, 
	0x30,0xb1,0x03,0x59, 
	0x71,0x3b,0x23,0x20, 
	0xb1,0x13,0x1b,0x33, 
	0x30,0x20,0x14,0x20, 
	0x33,0xc0,0x38,0x03, 
	0x40,0x03,0x03,0x00, 
	0x22,0x40,0x30,0x30, 
	0x91,0x30,0x30,0x34, 
	0x40,0x03,0x13,0x41, 
	0x7c,0x69,0x5d,0x01, 
	0x12,0xc1,0x60,0x40, 
	0x43,0xa0,0xa0,0x04, 
	0x00,0x00,0x00,0x00, 
	0x1d,0x00,0xfc,0x84, 
	0xfc,0x64,0x00,0x00, 
	0x18,0x45,0xfc,0x04, 
	0x18,0x55,0xec,0xc4, 
	0x18,0x65,0xec,0x84, 
	0x18,0x75,0xec,0x44, 
	0x1d,0x06,0xec,0x04, 
	0x1d,0x07,0xdc,0xc4, 
	0x1d,0x08,0xdc,0x84, 
	0x1d,0x09,0xdc,0x44, 
	0x1d,0x0a,0xdc,0x04, 
	0x1d,0x0b,0xcc,0xc4, 
	0x1d,0x0c,0xcc,0x84, 
	0x1d,0x0d,0xcc,0x44, 
	0x1d,0x0e,0xcc,0x04, 
	0x1d,0x0f,0x10,0x30, 
	0x14,0x8c,0x43,0xf0, 
	0x41,0x00,0x30,0x11, 
	0xc0,0x22,0xc5,0x60, 
	0x42,0xa0,0x60,0x50, 
	0x31,0xc0,0x47,0xb3, 
	0x16,0x40,0x55,0xc0, 
	0x32,0x25,0x1c,0x42, 
	0x25,0x1d,0x39,0x45, 
	0x49,0x55,0x32,0x25, 
	0x1e,0x42,0x25,0x1f, 
	0x39,0x65,0x49,0x75, 
	0x30,0xc2,0x09,0x40, 
	0xd2,0x09,0x30,0xc1, 
	0x49,0x40,0xd1,0x49, 
	0x30,0xe2,0x09,0x40, 
	0xf2,0x09,0x30,0xe1, 
	0x49,0x40,0xf1,0x49, 
	0x28,0x45,0x38,0x55, 
	0x48,0x65,0x58,0x75, 
	0x00,0x30,0x00,0x00, 
	0x30,0xb1,0x03,0x28, 
	0x41,0x3b,0x33,0x30, 
	0xb1,0x13,0x32,0x21, 
	0x05,0x56,0x62,0x04, 
	0x32,0x61,0x11,0x42, 
	0x61,0x12,0x52,0x61, 
	0x13,0x31,0x4e,0x69, 
	0x20,0xe6,0x03,0x30, 
	0xe6,0x13,0x30,0xb1, 
	0x03,0x12,0xc1,0x60, 
	0x10,0x20,0x00,0x42, 
	0xa0,0x00,0x36,0x81, 
	0x00,0xf5,0x01,0x00, 
	0xe1,0x49,0x69,0xea, 
	0x0c,0x1d,0xf0,0x20, 
	0xe6,0x13,0x0c,0x02, 
	0x48,0xa5,0x10,0x20, 
	0x00,0x30,0xb1,0x13, 
	0x38,0x95,0x58,0xb5, 
	0x00,0x30,0x00,0x00, 
	0x36,0x61,0x00,0xfd, 
	0x0f,0x1d,0xf0,0x7c, 
	0xf2,0x12,0xc1,0x60, 
	0x00,0x30,0x00,0x00, 
	0x59,0x71,0x21,0x3c, 
	0x69,0x30,0xb1,0x03, 
	0x20,0xe6,0x61,0x39, 
	0x01,0x29,0x11,0x22, 
	0x21,0x13,0x12,0xc1, 
	0x60,0x10,0x20,0x00, 
	0x41,0x39,0x69,0x30, 
	0x34,0x20,0x30,0x44, 
	0x90,0x36,0xc1,0x00, 
	0xf0,0x61,0x00,0xe1, 
	0x36,0x69,0xf0,0xe2, 
	0x03,0xc0,0xe4,0x03, 
	0xd8,0x1e,0xc0,0xff, 
	0x10,0xc0,0x03,0x03, 
	0xd9,0x31,0x16,0x2f, 
	0x06,0xc9,0x21,0x22, 
	0x61,0x08,0x22,0xaf, 
	0xff,0xc0,0xff,0x40, 
	0xf1,0x2f,0x69,0x00, 
	0x0c,0x40,0xf0,0xf0, 
	0x91,0xf0,0x22,0x30, 
	0xd1,0x2d,0x69,0xf0, 
	0xe3,0x13,0xd0,0xcc, 
	0xb0,0xd2,0x2c,0x2c, 
	0xf0,0x66,0x00,0xf8, 
	0x0e,0xd9,0x1e,0xd0, 
	0xff,0x10,0xf0,0xe4, 
	0x13,0x10,0x20,0x00, 
	0xf0,0x60,0x00,0xd8, 
	0x0c,0xfd,0x01,0xe8, 
	0x1c,0xf0,0x0d,0x00, 
	0xe1,0x21,0x69,0xf0, 
	0xe2,0x03,0xd0,0x66, 
	0x00,0xd8,0x0e,0xc8, 
	0x31,0xc0,0xdd,0x10, 
	0xd0,0xff,0x10,0x56, 
	0xef,0x01,0x28,0x81, 
	0xc2,0x6e,0x01,0xc2, 
	0x21,0x02,0xd0,0xe4, 
	0x13,0xd0,0x63,0x00, 
	0x01,0x1b,0x69,0xd1, 
	0x16,0x69,0xc0,0x03, 
	0x13,0xd0,0x00,0x20, 
	0x00,0x0d,0x90,0x1d, 
	0xf0,0xd0,0xff,0x40, 
	0xc1,0x15,0x69,0xc0, 
	0xcd,0xb0,0xe2,0x2c, 
	0x2d,0x20,0xff,0x10, 
	0xe0,0xff,0x10,0xe1, 
	0x0f,0x69,0x56,0xbf, 
	0xf7,0xf1,0x0e,0x69, 
	0x00,0x0d,0x40,0xf0, 
	0xd0,0x91,0xf2,0x2c, 
	0x2d,0xd0,0xe3,0x13, 
	0xf0,0x22,0x20,0xd0, 
	0x22,0x30,0xc6,0xde, 
	0xff,0x00,0x00,0x00, 
	0x36,0x41,0x00,0x1c, 
	0x55,0x27,0x35,0x3b, 
	0x81,0x09,0x69,0x8a, 
	0x82,0x82,0x08,0x00, 
	0x71,0x08,0x69,0xf6, 
	0x78,0x31,0xd0,0x82, 
	0x11,0x80,0x77,0xc0, 
	0x81,0x06,0x69,0x62, 
	0x27,0x2a,0x8c,0xe3, 
	0x32,0x67,0x2a,0x42, 
	0x67,0x2b,0x80,0x96, 
	0xc0,0x0c,0x02,0x90, 
	0x26,0x93,0x1d,0xf0, 
	0x82,0x67,0x2a,0x22, 
	0x67,0x2b,0x80,0xa6, 
	0xc0,0x0c,0x02,0xa0, 
	0x26,0x93,0x1d,0xf0, 
	0x0c,0x02,0x1d,0xf0, 
	0x0c,0x02,0x1d,0xf0, 
	0x36,0x41,0x00,0xad, 
	0x02,0xbd,0x03,0xcd, 
	0x02,0xa5,0xfa,0xff, 
	0x2d,0x0a,0x1d,0xf0, 
	0x36,0x21,0x00,0x41, 
	0xef,0x68,0x70,0x66, 
	0x00,0x38,0x04,0x68, 
	0x14,0x20,0x53,0x20, 
	0x59,0x04,0x60,0x55, 
	0x10,0x50,0xe4,0x13, 
	0x70,0xe6,0x13,0x10, 
	0x20,0x00,0x2d,0x03, 
	0x1d,0xf0,0x00,0x00, 
	0x20,0xd2,0x61,0x12, 
	0xc1,0xa0,0x29,0x41, 
	0x21,0xe2,0x68,0x49, 
	0x61,0x59,0x71,0x20, 
	0xe6,0x13,0x10,0x20, 
	0x00,0x22,0x21,0x13, 
	0x12,0xc1,0x60,0x40, 
	0xb2,0x03,0x51,0xde, 
	0x68,0x40,0x45,0x20, 
	0x40,0x45,0x90,0x36, 
	0xc1,0x00,0xf0,0x62, 
	0x00,0xe0,0x03,0x03, 
	0xc2,0xa1,0x00,0xe9, 
	0x21,0xc0,0xe3,0x13, 
	0xc1,0xe0,0x68,0xd8, 
	0x0c,0xe8,0x1c,0xfd, 
	0x01,0xf0,0x0d,0x00, 
	0xe8,0x21,0x01,0xdd, 
	0x68,0xd1,0xd3,0x68, 
	0xe0,0x03,0x13,0xd0, 
	0x00,0x20,0x00,0x0d, 
	0x90,0xe0,0x63,0x00, 
	0x1d,0xf0,0x22,0x65, 
	0x13,0x28,0x45,0x48, 
	0x65,0x58,0x75,0x10, 
	0x32,0x00,0x00,0x00, 
	0x20,0xd3,0x61,0x12, 
	0xc1,0xa0,0x29,0x41, 
	0x21,0xc8,0x68,0x49, 
	0x61,0x59,0x71,0x20, 
	0xe6,0x13,0x10,0x20, 
	0x00,0x22,0x21,0x13, 
	0x12,0xc1,0x60,0x40, 
	0xb3,0x03,0x51,0xc4, 
	0x68,0x40,0x45,0x20, 
	0x40,0x45,0x90,0x36, 
	0xc1,0x00,0xf0,0x63, 
	0x00,0xf0,0xe2,0x03, 
	0xc0,0xe4,0x03,0xd1, 
	0xc9,0x68,0xc0,0xff, 
	0x10,0xd0,0xff,0x10, 
	0xe0,0x03,0x03,0x16, 
	0xdf,0x03,0xe9,0x21, 
	0xf0,0xc0,0x60,0xf0, 
	0xcc,0x10,0xc0,0xe3, 
	0x13,0xd1,0xbe,0x68, 
	0x1c,0xfe,0xc0,0xfc, 
	0x40,0xc0,0xfe,0xc0, 
	0xf0,0xf0,0x60,0xf2, 
	0xcf,0x15,0xd0,0xcf, 
	0xb0,0xd8,0x0c,0xe2, 
	0x2c,0x01,0x10,0xf1, 
	0x20,0xf0,0x0d,0x00, 
	0xf0,0xe2,0x03,0xc0, 
	0xe4,0x03,0xd1,0xb9, 
	0x68,0xc0,0xff,0x10, 
	0xd0,0xff,0x10,0x56, 
	0x5f,0xfc,0xe8,0x21, 
	0x01,0xb7,0x68,0xd1, 
	0xab,0x68,0xe0,0x03, 
	0x13,0xd0,0x00,0x20, 
	0x00,0x0d,0x90,0x1d, 
	0xf0,0x22,0x65,0x13, 
	0x28,0x45,0x48,0x65, 
	0x58,0x75,0x10,0x33, 
	0x00,0x00,0x00,0x00, 
	0x21,0xb0,0x68,0x09, 
	0x82,0x01,0xaf,0x68, 
	0x19,0x92,0x08,0x00, 
	0x39,0xb2,0x00,0xd4, 
	0x61,0x49,0xc2,0x09, 
	0xa2,0x30,0xb1,0x03, 
	0x40,0xe8,0x03,0x39, 
	0x32,0x49,0x42,0x30, 
	0xee,0x03,0x39,0x52, 
	0x40,0xd1,0x03,0x49, 
	0x62,0x1c,0x80,0x59, 
	0xd2,0x69,0xe2,0x79, 
	0xf2,0x82,0x62,0x10, 
	0x92,0x62,0x11,0xa2, 
	0x62,0x12,0xb2,0x62, 
	0x13,0xc2,0x62,0x14, 
	0xd2,0x62,0x15,0xe2, 
	0x62,0x16,0xf2,0x62, 
	0x17,0x82,0xc0,0xf8, 
	0xa2,0xc2,0x20,0x20, 
	0x80,0x40,0x56,0xb0, 
	0xfd,0x20,0x80,0x40, 
	0x30,0x49,0x03,0x40, 
	0x48,0x03,0x39,0x12, 
	0x49,0x22,0x0c,0x13, 
	0x0c,0x04,0x30,0x49, 
	0x13,0x40,0x48,0x13, 
	0x10,0x20,0x00,0x11, 
	0x94,0x68,0x02,0xa0, 
	0x00,0x21,0x94,0x68, 
	0x20,0xe6,0x13,0x10, 
	0x20,0x00,0xe0,0x03, 
	0x03,0xe2,0x61,0x00, 
	0xd1,0x2b,0x68,0xc1, 
	0x88,0x68,0xd0,0xe3, 
	0x13,0xd2,0x2c,0x12, 
	0x62,0x2c,0x13,0xd0, 
	0x0d,0x00,0xf8,0x01, 
	0xf0,0x03,0x13,0x3c, 
	0x42,0x20,0xe6,0x13, 
	0x10,0x20,0x00,0x28, 
	0x11,0x38,0x21,0x20, 
	0x49,0x13,0x30,0x48, 
	0x13,0x10,0x20,0x00, 
	0x11,0x84,0x68,0x1c, 
	0x86,0x72,0xc1,0xe0, 
	0xe2,0xc6,0xf8,0xf2, 
	0xc7,0x20,0x48,0xcf, 
	0x58,0xdf,0x68,0xef, 
	0x78,0xff,0x82,0x2f, 
	0x10,0x92,0x2f,0x11, 
	0xa2,0x2f,0x12,0xb2, 
	0x2f,0x13,0x20,0x80, 
	0x40,0x56,0xf6,0xfd, 
	0x42,0x27,0x14,0x52, 
	0x27,0x15,0x62,0x27, 
	0x16,0x72,0x27,0x17, 
	0x20,0x80,0x40,0x28, 
	0x31,0x38,0x41,0x20, 
	0xb1,0x13,0x30,0xe8, 
	0x13,0x28,0x51,0x20, 
	0xee,0x13,0x38,0x61, 
	0x30,0xd1,0x13,0x08, 
	0x81,0x28,0xa1,0x38, 
	0xb1,0x18,0x91,0x10, 
	0x34,0x00,0x00,0x00, 
	0x21,0x71,0x68,0x09, 
	0x82,0x01,0x70,0x68, 
	0x19,0x92,0x08,0x00, 
	0x39,0xb2,0x00,0xd5, 
	0x61,0x49,0xc2,0x09, 
	0xa2,0x30,0xb1,0x03, 
	0x40,0xe8,0x03,0x39, 
	0x32,0x49,0x42,0x30, 
	0xee,0x03,0x39,0x52, 
	0x40,0xd1,0x03,0x49, 
	0x62,0x1c,0x80,0x59, 
	0xd2,0x69,0xe2,0x79, 
	0xf2,0x82,0x62,0x10, 
	0x92,0x62,0x11,0xa2, 
	0x62,0x12,0xb2,0x62, 
	0x13,0xc2,0x62,0x14, 
	0xd2,0x62,0x15,0xe2, 
	0x62,0x16,0xf2,0x62, 
	0x17,0x82,0xc0,0xf8, 
	0xa2,0xc2,0x20,0x20, 
	0x80,0x40,0x56,0xb0, 
	0xfd,0x20,0x80,0x40, 
	0x30,0x49,0x03,0x40, 
	0x48,0x03,0x39,0x12, 
	0x49,0x22,0x0c,0x13, 
	0x0c,0x04,0x30,0x49, 
	0x13,0x40,0x48,0x13, 
	0x10,0x20,0x00,0x11, 
	0x55,0x68,0x02,0xa0, 
	0x00,0x21,0x55,0x68, 
	0x20,0xe6,0x13,0x10, 
	0x20,0x00,0xe0,0x03, 
	0x03,0xe2,0x61,0x00, 
	0xd1,0xe8,0x67,0xc1, 
	0x46,0x68,0xd0,0xe3, 
	0x13,0xd2,0x2c,0x10, 
	0x62,0x2c,0x11,0xd0, 
	0x0d,0x00,0xf8,0x01, 
	0xf0,0x03,0x13,0x3c, 
	0x52,0x20,0xe6,0x13, 
	0x10,0x20,0x00,0x28, 
	0x11,0x38,0x21,0x20, 
	0x49,0x13,0x30,0x48, 
	0x13,0x10,0x20,0x00, 
	0x11,0x45,0x68,0x1c, 
	0x86,0x72,0xc1,0xe0, 
	0xe2,0xc6,0xf8,0xf2, 
	0xc7,0x20,0x48,0xcf, 
	0x58,0xdf,0x68,0xef, 
	0x78,0xff,0x82,0x2f, 
	0x10,0x92,0x2f,0x11, 
	0xa2,0x2f,0x12,0xb2, 
	0x2f,0x13,0x20,0x80, 
	0x40,0x56,0xf6,0xfd, 
	0x42,0x27,0x14,0x52, 
	0x27,0x15,0x62,0x27, 
	0x16,0x72,0x27,0x17, 
	0x20,0x80,0x40,0x28, 
	0x31,0x38,0x41,0x20, 
	0xb1,0x13,0x30,0xe8, 
	0x13,0x28,0x51,0x20, 
	0xee,0x13,0x38,0x61, 
	0x30,0xd1,0x13,0x08, 
	0x81,0x28,0xa1,0x38, 
	0xb1,0x18,0x91,0x10, 
	0x35,0x00,0x00,0x00, 
	0x36,0x61,0x00,0x31, 
	0x31,0x68,0x39,0x01, 
	0x28,0x01,0x28,0x02, 
	0x26,0x02,0x14,0x88, 
	0x01,0x88,0x08,0xe0, 
	0x08,0x00,0xa8,0x01, 
	0xa2,0xca,0xfc,0xa9, 
	0x01,0x98,0x01,0x98, 
	0x09,0x66,0x09,0xea, 
	0x1d,0xf0,0x00,0x00, 
	0x36,0x41,0x00,0x1d, 
	0xf0,0x00,0x00,0x00, 
	0x36,0x21,0x00,0xbc, 
	0xa2,0x0c,0x07,0x06, 
	0x03,0x00,0x00,0x00, 
	0x36,0x21,0x00,0xac, 
	0xe2,0x20,0x7f,0x05, 
	0x20,0x21,0x60,0x40, 
	0xf2,0x40,0x00,0x14, 
	0x40,0x00,0x52,0xa1, 
	0x50,0x28,0x41,0x80, 
	0x65,0x01,0x52,0xa0, 
	0x9d,0x40,0x55,0xc0, 
	0x90,0x55,0x01,0x5a, 
	0x22,0x10,0x77,0x01, 
	0x70,0x22,0x20,0xd6, 
	0x66,0x00,0x1b,0x22, 
	0xf0,0x66,0x11,0x8c, 
	0x16,0x1d,0xf0,0x00, 
	0x20,0x21,0x41,0xf0, 
	0x22,0x11,0x1d,0xf0, 
	0x36,0x21,0x00,0xbc, 
	0x22,0x0c,0x07,0x06, 
	0x03,0x00,0x00,0x00, 
	0x36,0x21,0x00,0xac, 
	0x62,0x20,0x7f,0x05, 
	0x20,0x21,0x60,0x40, 
	0xf2,0x40,0x00,0x14, 
	0x40,0x00,0x52,0xa1, 
	0x50,0x3b,0x41,0xb0, 
	0x25,0x01,0x52,0xa4, 
	0x1d,0x40,0x55,0xc0, 
	0xc0,0x55,0x01,0x5a, 
	0x33,0x10,0x77,0x01, 
	0x70,0x33,0x20,0x1d, 
	0xf0,0x0c,0x03,0x1d, 
	0xf0,0x00,0x00,0x00, 
	0x00,0x8c,0xd4,0x4a, 
	0x73,0x62,0x03,0x00, 
	0x1b,0x33,0x62,0x45, 
	0x00,0x1b,0x55,0x77, 
	0x23,0xf2,0x1d,0xf0, 
	0xb6,0x74,0xe9,0x62, 
	0x03,0x00,0x1b,0x33, 
	0x42,0xc4,0xff,0x62, 
	0x45,0x00,0x52,0xc5, 
	0x01,0x17,0x65,0x27, 
	0xb6,0x64,0xd5,0x62, 
	0x03,0x00,0x72,0x03, 
	0x01,0x2b,0x33,0x42, 
	0xc4,0xfe,0x62,0x45, 
	0x00,0x72,0x45,0x01, 
	0x2b,0x55,0x86,0x03, 
	0x00,0x00,0x00,0x00, 
	0x36,0x21,0x00,0x20, 
	0x52,0x20,0x07,0xe2, 
	0xc6,0x17,0xe2,0xd7, 
	0x40,0x74,0x41,0x82, 
	0xa0,0x03,0x87,0x83, 
	0x66,0x16,0x07,0x02, 
	0xc0,0x87,0x11,0x3a, 
	0x88,0x68,0x03,0x78, 
	0x13,0x69,0x05,0x68, 
	0x23,0x79,0x15,0x72, 
	0x23,0x03,0x62,0x65, 
	0x02,0x32,0xc3,0x10, 
	0x72,0x65,0x03,0x52, 
	0xc5,0x10,0x87,0x23, 
	0xe3,0x37,0x64,0x0b, 
	0x68,0x03,0x78,0x13, 
	0x8b,0x33,0x69,0x05, 
	0x79,0x15,0x8b,0x55, 
	0x27,0xe4,0x08,0x17, 
	0xe4,0x15,0x07,0xe4, 
	0x22,0x1d,0xf0,0x00, 
	0x68,0x03,0x4b,0x33, 
	0x69,0x05,0x4b,0x55, 
	0x17,0xe4,0x04,0x07, 
	0xe4,0x11,0x1d,0xf0, 
	0x62,0x13,0x00,0x2b, 
	0x33,0x62,0x55,0x00, 
	0x2b,0x55,0x07,0xe4, 
	0x02,0x1d,0xf0,0x00, 
	0x62,0x03,0x00,0x62, 
	0x45,0x00,0x1d,0xf0, 
	0x16,0xa4,0xff,0x00, 
	0x23,0x40,0x80,0xb3, 
	0x10,0xb0,0x33,0xc0, 
	0x68,0x03,0xac,0xa7, 
	0xc0,0xa7,0x11,0x30, 
	0xaa,0x80,0x78,0x13, 
	0x88,0x23,0x60,0x67, 
	0x81,0x69,0x05,0x98, 
	0x33,0x70,0x78,0x81, 
	0x79,0x15,0x68,0x43, 
	0x80,0x89,0x81,0x89, 
	0x25,0x32,0xc3,0x10, 
	0x90,0x96,0x81,0x92, 
	0x65,0x03,0x52,0xc5, 
	0x10,0xa7,0x23,0xd9, 
	0x37,0x64,0x14,0x78, 
	0x13,0x88,0x23,0x60, 
	0x67,0x81,0x69,0x05, 
	0x8b,0x33,0x70,0x78, 
	0x81,0x79,0x15,0x8b, 
	0x55,0x80,0x68,0x20, 
	0x27,0x64,0x0c,0x78, 
	0x13,0x4b,0x33,0x60, 
	0x67,0x81,0x69,0x05, 
	0x4b,0x55,0x6d,0x07, 
	0xba,0x33,0x17,0xe4, 
	0x06,0x07,0xe4,0x18, 
	0x1d,0xf0,0x00,0x00, 
	0x62,0x03,0x00,0x72, 
	0x03,0x01,0x2b,0x33, 
	0x62,0x45,0x00,0x72, 
	0x45,0x01,0x2b,0x55, 
	0x07,0xe4,0x01,0x1d, 
	0xf0,0x62,0x03,0x00, 
	0x62,0x45,0x00,0x1d, 
	0xf0,0x00,0x00,0x00, 
	0x36,0x41,0x00,0x1d, 
	0xf0,0x00,0x00,0x00, 
	0x36,0x41,0x00,0x1d, 
	0xf0,0x00,0x00,0x00, 
	0x36,0x21,0x00,0xd0, 
	0x20,0x00,0x00,0x40, 
	0x00,0x46,0xfe,0xff, 
	0x36,0x21,0x00,0xf0, 
	0x41,0x00,0x1d,0xf0, 
	0x28,0x41,0x38,0x51, 
	0x12,0xc1,0x60,0x10, 
	0x41,0x00,0x00,0x30, 
	0x00,0x00,0x00,0x00, 
	0x22,0x65,0x13,0x28, 
	0x15,0x38,0x05,0x20, 
	0xe6,0x13,0x28,0x45, 
	0x48,0x65,0x10,0x20, 
	0x00,0x30,0xb1,0x13, 
	0x38,0x55,0x58,0x75, 
	0x00,0x30,0x00,0x00, 
	0x36,0x21,0x00,0x20, 
	0xe3,0x13,0x1d,0xf0, 
	0x36,0x81,0x00,0x25, 
	0x2b,0xfa,0x1d,0xf0, 
	0x00,0x00,0x00,0x00, 
	0x00,0x00,0x00,0x00, 
	0x00,0x00,0x00,0x00, 
	0x00,0x00,0x00,0x00, 
	0x00,0x00,0x00,0x00, 
	0x00,0x00,0x00,0x00, 
	0x00,0x00,0x00,0x00, 
	0x00,0x00,0x00,0x00, 
	0x00,0x00,0x00,0x00, 
	0x00,0x00,0x00,0x00, 
	0x00,0x00,0x00,0x00, 
	0x00,0x00,0x00,0x00, 
	0x00,0x00,0x00,0x00, 
	0x00,0x00,0x00,0x00, 
	0x00,0x00,0x00,0x00, 
	0x00,0x00,0x00,0x00, 
	0x00,0x00,0x00,0x00, 
	0x00,0x00,0x00,0x00, 
	0x00,0x00,0x00,0x00, 
	0x00,0x00,0x00,0x00, 
	0x00,0x00,0x00,0x00, 
	0x00,0x00,0x00,0x00, 
	0x00,0x00,0x00,0x00, 
	0x00,0x00,0x00,0x00, 
	0x00,0x00,0x00,0x00, 
	0x00,0x00,0x00,0x00, 
	0x00,0x00,0x00,0x00, 
	0x00,0x00,0x00,0x00, 
	0x00,0x00,0x00,0x00, 
	0x00,0x00,0x00,0x00, 
	0x00,0x00,0x00,0x00, 
	0x00,0x00,0x00,0x00, 
	0x00,0x00,0x00,0x00, 
	0x00,0x00,0x00,0x00, 
	0x00,0x00,0x00,0x00, 
	0x00,0x00,0x00,0x00, 
	0x00,0x00,0x00,0x00, 
	0x00,0x00,0x00,0x00, 
	0x00,0x00,0x00,0x00, 
	0x00,0x00,0x00,0x00, 
	0x00,0x00,0x00,0x00, 
	0x00,0x00,0x00,0x00, 
	0x00,0x00,0x00,0x00, 
	0x00,0x00,0x00,0x00, 
	0x00,0x00,0x00,0x00, 
	0x00,0x00,0x00,0x00, 
	0x00,0x00,0x00,0x00, 
	0x00,0x00,0x00,0x00, 
	0x00,0x00,0x00,0x00, 
	0x00,0x00,0x00,0x00, 
	0x00,0x00,0x00,0x00, 
	0x00,0x00,0x00,0x00, 
	0x00,0x00,0x00,0x00, 
	0x00,0x00,0x00,0x00, 
	0x00,0x00,0x00,0x00, 
	0x00,0x00,0x00,0x00, 
	0x00,0x00,0x00,0x00, 
	0x00,0x00,0x00,0x00, 
	0x00,0x00,0x00,0x00, 
	0x00,0x00,0x00,0x00, 
	0x00,0x00,0x00,0x00, 
	0x00,0x00,0x00,0x00, 
	0x00,0x00,0x00,0x00, 
	0x00,0x00,0x00,0x00, 
	0x00,0x00,0x00,0x00, 
	0x00,0x00,0x00,0x00, 
	0x00,0x00,0x00,0x00, 
	0x00,0x00,0x00,0x00, 
	0x00,0x00,0x00,0x00, 
	0x00,0x00,0x00,0x00, 
	0x00,0x00,0x00,0x00, 
	0x00,0x00,0x00,0x00, 
	0x00,0x00,0x00,0x00, 
	0x00,0x00,0x00,0x00, 
	0x00,0x00,0x00,0x00, 
	0x00,0x00,0x00,0x00, 
	0x00,0x00,0x00,0x00, 
	0x00,0x00,0x00,0x00, 
	0x00,0x00,0x00,0x00, 
	0x00,0x00,0x00,0x00, 
	0x00,0x00,0x00,0x00, 
	0x00,0x00,0x00,0x00, 
	0x00,0x00,0x00,0x00, 
	0x00,0x00,0x00,0x00, 
	0x00,0x00,0x00,0x00, 
	0x00,0x00,0x00,0x00, 
	0x00,0x00,0x00,0x00, 
	0x00,0x00,0x00,0x00, 
	0x00,0x00,0x00,0x00, 
	0x00,0x00,0x00,0x00, 
	0x00,0x00,0x00,0x00, 
	0x00,0x00,0x00,0x00, 
	0x00,0x00,0x00,0x00, 
	0x00,0x00,0x00,0x00, 
	0x00,0x00,0x00,0x00, 
	0x00,0x00,0x00,0x00, 
	0x00,0x00,0x00,0x00, 
	0x00,0x00,0x00,0x00, 
	0x00,0x00,0x00,0x00, 
	0x00,0x00,0x00,0x00, 
	0x00,0x00,0x00,0x00, 
	0x00,0x00,0x00,0x00, 
	0x00,0x00,0x00,0x00, 
	0x00,0x00,0x00,0x00, 
	0x00,0x00,0x00,0x00, 
	0x00,0x00,0x00,0x00, 
	0x00,0x00,0x00,0x00, 
	0x00,0x00,0x00,0x00, 
	0x00,0x00,0x00,0x00, 
	0x00,0x00,0x00,0x00, 
	0x00,0x00,0x00,0x00, 
	0x00,0x00,0x00,0x00, 
	0x00,0x00,0x00,0x00, 
	0x00,0x00,0x00,0x00, 
	0x00,0x00,0x00,0x00, 
	0x00,0x00,0x00,0x00, 
	0x00,0x00,0x00,0x00, 
	0x00,0x00,0x00,0x00, 
	0x00,0x00,0x00,0x00, 
	0x00,0x00,0x00,0x00, 
	0x00,0x00,0x00,0x00, 
	0x00,0x00,0x00,0x00, 
	0x00,0x00,0x00,0x00, 
	0x00,0x00,0x00,0x00, 
	0x00,0x00,0x00,0x00, 
	0x00,0x00,0x00,0x00, 
	0x00,0x00,0x00,0x00, 
	0x00,0x00,0x00,0x00, 
	0x00,0x00,0x00,0x00, 
	0x00,0x00,0x00,0x00, 
	0x00,0x00,0x00,0x00, 
	0x00,0x00,0x00,0x00, 
	0x00,0x00,0x00,0x00, 
	0x00,0x00,0x00,0x00, 
	0x00,0x00,0x00,0x00, 
	0x00,0x00,0x00,0x00, 
	0x00,0x00,0x00,0x00, 
	0x00,0x00,0x00,0x00, 
	0x00,0x00,0x00,0x00, 
	0x00,0x00,0x00,0x00, 
	0x00,0x00,0x00,0x00, 
	0x00,0x00,0x00,0x00, 
	0x00,0x00,0x00,0x00, 
	0x00,0x00,0x00,0x00, 
	0x00,0x00,0x00,0x00, 
	0x00,0x00,0x00,0x00, 
	0x00,0x00,0x00,0x00, 
	0x00,0x00,0x00,0x00, 
	0x00,0x00,0x00,0x00, 
	0x00,0x00,0x00,0x00, 
	0x00,0x00,0x00,0x00, 
	0x00,0x00,0x00,0x00, 
	0x00,0x00,0x00,0x00, 
	0x00,0x00,0x00,0x00, 
	0x00,0x00,0x00,0x00, 
	0x00,0x00,0x00,0x00, 
	0x00,0x00,0x00,0x00, 
	0x00,0x00,0x00,0x00, 
	0x00,0x00,0x00,0x00, 
	0x00,0x00,0x00,0x00, 
	0x00,0x00,0x00,0x00, 
	0x00,0x00,0x00,0x00, 
	0x00,0x00,0x00,0x00, 
	0x00,0x00,0x00,0x00, 
	0x00,0x00,0x00,0x00, 
	0x00,0x00,0x00,0x00, 
	0x00,0x00,0x00,0x00, 
	0x00,0x00,0x00,0x00, 
	0x00,0x00,0x00,0x00, 
	0x00,0x00,0x00,0x00, 
	0x00,0x00,0x00,0x00, 
	0x00,0x00,0x00,0x00, 
	0x00,0x00,0x00,0x00, 
	0x00,0x00,0x00,0x00, 
	0x00,0x00,0x00,0x00, 
	0x00,0x00,0x00,0x00, 
	0x00,0x00,0x00,0x00, 
	0x00,0x00,0x00,0x00, 
	0x00,0x00,0x00,0x00, 
	0x00,0x00,0x00,0x00, 
	0x00,0x00,0x00,0x00, 
	0x00,0x00,0x00,0x00, 
	0x00,0x00,0x00,0x00, 
	0x00,0x00,0x00,0x00, 
	0x00,0x00,0x00,0x00, 
	0x00,0x00,0x00,0x00, 
	0x00,0x00,0x00,0x00, 
	0x00,0x00,0x00,0x00, 
	0x00,0x00,0x00,0x00, 
	0x00,0x00,0x00,0x00, 
	0x00,0x00,0x00,0x00, 
	0x00,0x00,0x00,0x00, 
	0x00,0x00,0x00,0x00, 
	0x00,0x00,0x00,0x00, 
	0x00,0x00,0x00,0x00, 
	0x00,0x00,0x00,0x00, 
	0x00,0x00,0x00,0x00, 
	0x00,0x00,0x00,0x00, 
	0x00,0x00,0x00,0x00, 
	0x00,0x00,0x00,0x00, 
	0x00,0x00,0x00,0x00, 
	0x00,0x00,0x00,0x00, 
	0x00,0x00,0x00,0x00, 
	0x00,0x00,0x00,0x00, 
	0x00,0x00,0x00,0x00, 
	0x00,0x00,0x00,0x00, 
	0x00,0x00,0x00,0x00, 
	0x00,0x00,0x00,0x00, 
	0x00,0x00,0x00,0x00, 
	0x00,0x00,0x00,0x00, 
	0x00,0x00,0x00,0x00, 
	0x00,0x00,0x00,0x00, 
	0x00,0x00,0x00,0x00, 
	0x00,0x00,0x00,0x00, 
	0x00,0x00,0x00,0x00, 
	0x00,0x00,0x00,0x00, 
	0x00,0x00,0x00,0x00, 
	0x00,0x00,0x00,0x00, 
	0x00,0x00,0x00,0x00, 
	0x00,0x00,0x00,0x00, 
	0x00,0x00,0x00,0x00, 
	0x00,0x00,0x00,0x00, 
	0x00,0x00,0x00,0x00, 
	0x00,0x00,0x00,0x00, 
	0x00,0x00,0x00,0x00, 
	0x00,0x00,0x00,0x00, 
	0x00,0x00,0x00,0x00, 
	0x00,0x00,0x00,0x00, 
	0x00,0x00,0x00,0x00, 
	0x00,0x00,0x00,0x00, 
	0x00,0x00,0x00,0x00, 
	0x00,0x00,0x00,0x00, 
	0x00,0x00,0x00,0x00, 
	0x00,0x00,0x00,0x00, 
	0x00,0x00,0x00,0x00, 
	0x00,0x00,0x00,0x00, 
	0x00,0x00,0x00,0x00, 
	0x00,0x00,0x00,0x00, 
	0x00,0x00,0x00,0x00, 
	0x00,0x00,0x00,0x00, 
	0x00,0x00,0x00,0x00, 
	0x00,0x00,0x00,0x00, 
	0x00,0x00,0x00,0x00, 
	0x00,0x00,0x00,0x00, 
	0x00,0x00,0x00,0x00, 
	0x00,0x00,0x00,0x00, 
	0x00,0x00,0x00,0x00, 
	0x00,0x00,0x00,0x00, 
	0x00,0x00,0x00,0x00, 
	0x00,0x00,0x00,0x00, 
	0x00,0x00,0x00,0x00, 
	0x00,0x00,0x00,0x00, 
	0x00,0x00,0x00,0x00, 
	0x00,0x00,0x00,0x00, 
	0x00,0x00,0x00,0x00, 
	0x00,0x00,0x00,0x00, 
	0x00,0x00,0x00,0x00, 
	0x00,0x00,0x00,0x00, 
	0x00,0x00,0x00,0x00, 
	0x00,0x00,0x00,0x00, 
	0x00,0x00,0x00,0x00, 
	0x00,0x00,0x00,0x00, 
	0x00,0x00,0x00,0x00, 
	0x00,0x00,0x00,0x00, 
	0x00,0x00,0x00,0x00, 
	0x00,0x00,0x00,0x00, 
	0x00,0x00,0x00,0x00, 
	0x00,0x00,0x00,0x00, 
	0x00,0x00,0x00,0x00, 
	0x00,0x00,0x00,0x00, 
	0x00,0x00,0x00,0x00, 
	0x00,0x00,0x00,0x00, 
	0x00,0x00,0x00,0x00, 
	0x00,0x00,0x00,0x00, 
	0x00,0x00,0x00,0x00, 
	0x00,0x00,0x00,0x00, 
	0x00,0x00,0x00,0x00, 
	0x00,0x00,0x00,0x00, 
	0x00,0x00,0x00,0x00, 
	0x00,0x00,0x00,0x00, 
	0x00,0x00,0x00,0x00, 
	0x00,0x00,0x00,0x00, 
	0x00,0x00,0x00,0x00, 
	0x00,0x00,0x00,0x00, 
	0x00,0x00,0x00,0x00, 
	0x00,0x00,0x00,0x00, 
	0x00,0x00,0x00,0x00, 
	0x00,0x00,0x00,0x00, 
	0x00,0x00,0x00,0x00, 
	0x00,0x00,0x00,0x00, 
	0x00,0x00,0x00,0x00, 
	0x00,0x00,0x00,0x00, 
	0x00,0x00,0x00,0x00, 
	0x00,0x00,0x00,0x00, 
	0x00,0x00,0x00,0x00, 
	0x00,0x00,0x00,0x00, 
	0x00,0x00,0x00,0x00, 
	0x00,0x00,0x00,0x00, 
	0x00,0x00,0x00,0x00, 
	0x00,0x00,0x00,0x00, 
	0x00,0x00,0x00,0x00, 
	0x00,0x00,0x00,0x00, 
	0x00,0x00,0x00,0x00, 
	0x00,0x00,0x00,0x00, 
	0x00,0x00,0x00,0x00, 
	0x00,0x00,0x00,0x00, 
	0x00,0x00,0x00,0x00, 
	0x00,0x00,0x00,0x00, 
	0x00,0x00,0x00,0x00, 
	0x00,0x00,0x00,0x00, 
	0x00,0x00,0x00,0x00, 
	0x00,0x00,0x00,0x00, 
	0x00,0x00,0x00,0x00, 
	0x00,0x00,0x00,0x00, 
	0x00,0x00,0x00,0x00, 
	0x00,0x00,0x00,0x00, 
	0x00,0x00,0x00,0x00, 
	0x00,0x00,0x00,0x00, 
	0x00,0x00,0x00,0x00, 
	0x00,0x00,0x00,0x00, 
	0x00,0x00,0x00,0x00, 
	0x00,0x00,0x00,0x00, 
	0x00,0x00,0x00,0x00, 
	0x00,0x00,0x00,0x00, 
	0x00,0x00,0x00,0x00, 
	0x00,0x00,0x00,0x00, 
	0x00,0x00,0x00,0x00, 
	0x00,0x00,0x00,0x00, 
	0x00,0x00,0x00,0x00, 
	0x00,0x00,0x00,0x00, 
	0x00,0x00,0x00,0x00, 
	0x00,0x00,0x00,0x00, 
	0x00,0x00,0x00,0x00, 
	0x00,0x00,0x00,0x00, 
	0x00,0x00,0x00,0x00, 
	0x00,0x00,0x00,0x00, 
	0x00,0x00,0x00,0x00, 
	0x00,0x00,0x00,0x00, 
	0x00,0x00,0x00,0x00, 
	0x00,0x00,0x00,0x00, 
	0x00,0x00,0x00,0x00, 
	0x00,0x00,0x00,0x00, 
	0x00,0x00,0x00,0x00, 
	0x00,0x00,0x00,0x00, 
	0x00,0x00,0x00,0x00, 
	0x00,0x00,0x00,0x00, 
	0x00,0x00,0x00,0x00, 
	0x00,0x00,0x00,0x00, 
	0x00,0x00,0x00,0x00, 
	0x00,0x00,0x00,0x00, 
	0x00,0x00,0x00,0x00, 
	0x00,0x00,0x00,0x00, 
	0x00,0x00,0x00,0x00, 
	0x00,0x00,0x00,0x00, 
	0x00,0x00,0x00,0x00, 
	0x00,0x00,0x00,0x00, 
	0x00,0x00,0x00,0x00, 
	0x00,0x00,0x00,0x00, 
	0x00,0x00,0x00,0x00, 
	0x00,0x00,0x00,0x00, 
	0x00,0x00,0x00,0x00, 
	0x00,0x00,0x00,0x00, 
	0x00,0x00,0x00,0x00, 
	0x00,0x00,0x00,0x00, 
	0x00,0x00,0x00,0x00, 
	0x00,0x00,0x00,0x00, 
	0x00,0x00,0x00,0x00, 
	0x00,0x00,0x00,0x00, 
	0x00,0x00,0x00,0x00, 
	0x00,0x00,0x00,0x00, 
	0x00,0x00,0x00,0x00, 
	0x00,0x00,0x00,0x00, 
	0x00,0x00,0x00,0x00, 
	0x00,0x00,0x00,0x00, 
	0x00,0x00,0x00,0x00, 
	0x00,0x00,0x00,0x00, 
	0x00,0x00,0x00,0x00, 
	0x00,0x00,0x00,0x00, 
	0x00,0x00,0x00,0x00, 
	0x00,0x00,0x00,0x00, 
	0x00,0x00,0x00,0x00, 
	0x00,0x00,0x00,0x00, 
	0x00,0x00,0x00,0x00, 
	0x00,0x00,0x00,0x00, 
	0x00,0x00,0x00,0x00, 
	0x00,0x00,0x00,0x00, 
	0x00,0x00,0x00,0x00, 
	0x00,0x00,0x00,0x00, 
	0x00,0x00,0x00,0x00, 
	0x00,0x00,0x00,0x00, 
	0x00,0x00,0x00,0x00, 
	0x00,0x00,0x00,0x00, 
	0x00,0x00,0x00,0x00, 
	0x00,0x00,0x00,0x00, 
	0x00,0x00,0x00,0x00, 
	0x00,0x00,0x00,0x00, 
	0x00,0x00,0x00,0x00, 
	0x00,0x00,0x00,0x00, 
	0x00,0x00,0x00,0x00, 
	0x00,0x00,0x00,0x00, 
	0x00,0x00,0x00,0x00, 
	0x00,0x00,0x00,0x00, 
	0x00,0x00,0x00,0x00, 
	0x00,0x00,0x00,0x00, 
	0x00,0x00,0x00,0x00, 
	0x00,0x00,0x00,0x00, 
	0x00,0x00,0x00,0x00, 
	0x00,0x00,0x00,0x00, 
	0x00,0x00,0x00,0x00, 
	0x00,0x00,0x00,0x00, 
	0x00,0x00,0x00,0x00, 
	0x00,0x00,0x00,0x00, 
	0x00,0x00,0x00,0x00, 
	0x00,0x00,0x00,0x00, 
	0x00,0x00,0x00,0x00, 
	0x00,0x00,0x00,0x00, 
	0x00,0x00,0x00,0x00, 
	0x00,0x00,0x00,0x00, 
	0x00,0x00,0x00,0x00, 
	0x00,0x00,0x00,0x00, 
	0x00,0x00,0x00,0x00, 
	0x00,0x00,0x00,0x00, 
	0x00,0x00,0x00,0x00, 
	0x00,0x00,0x00,0x00, 
	0x00,0x00,0x00,0x00, 
	0x00,0x00,0x00,0x00, 
	0x00,0x00,0x00,0x00, 
	0x00,0x00,0x00,0x00, 
	0x00,0x00,0x00,0x00, 
	0x00,0x00,0x00,0x00, 
	0x00,0x00,0x00,0x00, 
	0x00,0x00,0x00,0x00, 
	0x00,0x00,0x00,0x00, 
	0x00,0x00,0x00,0x00, 
	0x00,0x00,0x00,0x00, 
	0x00,0x00,0x00,0x00, 
	0x00,0x00,0x00,0x00, 
	0x00,0x00,0x00,0x00, 
	0x00,0x00,0x00,0x00, 
	0x00,0x00,0x00,0x00, 
	0x00,0x00,0x00,0x00, 
	0x00,0x00,0x00,0x00, 
	0x00,0x00,0x00,0x00, 
	0x00,0x00,0x00,0x00, 
	0x00,0x00,0x00,0x00, 
	0x00,0x00,0x00,0x00, 
	0x00,0x00,0x00,0x00, 
	0x00,0x00,0x00,0x00, 
	0x00,0x00,0x00,0x00, 
	0x00,0x00,0x00,0x00, 
	0x00,0x00,0x00,0x00, 
	0x00,0x00,0x00,0x00, 
	0x00,0x00,0x00,0x00, 
	0x00,0x00,0x00,0x00, 
	0x00,0x00,0x00,0x00, 
	0x00,0x00,0x00,0x00, 
	0x00,0x00,0x00,0x00, 
	0x00,0x00,0x00,0x00, 
	0x00,0x00,0x00,0x00, 
	0x00,0x00,0x00,0x00, 
	0x00,0x00,0x00,0x00, 
	0x00,0x00,0x00,0x00, 
	0x00,0x00,0x00,0x00, 
	0x00,0x00,0x00,0x00, 
	0x00,0x00,0x00,0x00, 
	0x00,0x00,0x00,0x00, 
	0x00,0x00,0x00,0x00, 
	0x00,0x00,0x00,0x00, 
	0x00,0x00,0x00,0x00, 
	0x00,0x00,0x00,0x00, 
	0x00,0x00,0x00,0x00, 
	0x00,0x00,0x00,0x00, 
	0x00,0x00,0x00,0x00, 
	0x00,0x00,0x00,0x00, 
	0x00,0x00,0x00,0x00, 
	0x00,0x00,0x00,0x00, 
	0x00,0x00,0x00,0x00, 
	0x00,0x00,0x00,0x00, 
	0x00,0x00,0x00,0x00, 
	0x00,0x00,0x00,0x00, 
	0x00,0x00,0x00,0x00, 
	0x00,0x00,0x00,0x00, 
	0x00,0x00,0x00,0x00, 
	0x00,0x00,0x00,0x00, 
	0x00,0x00,0x00,0x00, 
	0x00,0x00,0x00,0x00, 
	0x00,0x00,0x00,0x00, 
	0x00,0x00,0x00,0x00, 
	0x00,0x00,0x00,0x00, 
	0x00,0x00,0x00,0x00, 
	0x00,0x00,0x00,0x00, 
	0x00,0x00,0x00,0x00, 
	0x00,0x00,0x00,0x00, 
	0x00,0x00,0x00,0x00, 
	0x00,0x00,0x00,0x00, 
	0x00,0x00,0x00,0x00, 
	0x00,0x00,0x00,0x00, 
	0x00,0x00,0x00,0x00, 
	0x00,0x00,0x00,0x00, 
	0x00,0x00,0x00,0x00, 
	0x00,0x00,0x00,0x00, 
	0x00,0x00,0x00,0x00, 
	0x00,0x00,0x00,0x00, 
	0x00,0x00,0x00,0x00, 
	0x00,0x00,0x00,0x00, 
	0x00,0x00,0x00,0x00, 
	0x00,0x00,0x00,0x00, 
	0x00,0x00,0x00,0x00, 
	0x00,0x00,0x00,0x00, 
	0x00,0x00,0x00,0x00, 
	0x00,0x00,0x00,0x00, 
	0x00,0x00,0x00,0x00, 
	0x00,0x00,0x00,0x00, 
	0x00,0x00,0x00,0x00, 
	0x00,0x00,0x00,0x00, 
	0x00,0x00,0x00,0x00, 
	0x00,0x00,0x00,0x00, 
	0x00,0x00,0x00,0x00, 
	0x00,0x00,0x00,0x00, 
	0x00,0x00,0x00,0x00, 
	0x00,0x00,0x00,0x00, 
	0x00,0x00,0x00,0x00, 
	0x00,0x00,0x00,0x00, 
	0x00,0x00,0x00,0x00, 
	0x00,0x00,0x00,0x00, 
	0x00,0x00,0x00,0x00, 
	0x00,0x00,0x00,0x00, 
	0x00,0x00,0x00,0x00, 
	0x00,0x00,0x00,0x00, 
	0x00,0x00,0x00,0x00, 
	0x00,0x00,0x00,0x00, 
	0x00,0x00,0x00,0x00, 
	0x00,0x00,0x00,0x00, 
	0x00,0x00,0x00,0x00, 
	0x00,0x00,0x00,0x00, 
	0x00,0x00,0x00,0x00, 
	0x00,0x00,0x00,0x00, 
	0x00,0x00,0x00,0x00, 
	0x00,0x00,0x00,0x00, 
	0x00,0x00,0x00,0x00, 
	0x00,0x00,0x00,0x00, 
	0x00,0x00,0x00,0x00, 
	0x00,0x00,0x00,0x00, 
	0x00,0x00,0x00,0x00, 
	0x00,0x00,0x00,0x00, 
	0x00,0x00,0x00,0x00, 
	0x00,0x00,0x00,0x00, 
	0x00,0x00,0x00,0x00, 
	0x00,0x00,0x00,0x00, 
	0x00,0x00,0x00,0x00, 
	0x00,0x00,0x00,0x00, 
	0x00,0x00,0x00,0x00, 
	0x00,0x00,0x00,0x00, 
	0x00,0x00,0x00,0x00, 
	0x00,0x00,0x00,0x00, 
	0x00,0x00,0x00,0x00, 
	0x00,0x00,0x00,0x00, 
	0x00,0x00,0x00,0x00, 
	0x00,0x00,0x00,0x00, 
	0x00,0x00,0x00,0x00, 
	0x00,0x00,0x00,0x00, 
	0x00,0x00,0x00,0x00, 
	0x00,0x00,0x00,0x00, 
	0x00,0x00,0x00,0x00, 
	0x00,0x00,0x00,0x00, 
	0x00,0x00,0x00,0x00, 
	0x00,0x00,0x00,0x00, 
	0x00,0x00,0x00,0x00, 
	0x00,0x00,0x00,0x00, 
	0x00,0x00,0x00,0x00, 
	0x00,0x00,0x00,0x00, 
	0x00,0x00,0x00,0x00, 
	0x00,0x00,0x00,0x00, 
	0x00,0x00,0x00,0x00, 
	0x00,0x00,0x00,0x00, 
	0x00,0x00,0x00,0x00, 
	0x00,0x00,0x00,0x00, 
	0x00,0x00,0x00,0x00, 
	0x00,0x00,0x00,0x00, 
	0x00,0x00,0x00,0x00, 
	0x00,0x00,0x00,0x00, 
	0x00,0x00,0x00,0x00, 
	0x00,0x00,0x00,0x00, 
	0x00,0x00,0x00,0x00, 
	0x00,0x00,0x00,0x00, 
	0x00,0x00,0x00,0x00, 
	0x00,0x00,0x00,0x00, 
	0x00,0x00,0x00,0x00, 
	0x00,0x00,0x00,0x00, 
	0x00,0x00,0x00,0x00, 
	0x00,0x00,0x00,0x00, 
	0x00,0x00,0x00,0x00, 
	0x00,0x00,0x00,0x00, 
	0x00,0x00,0x00,0x00, 
	0x00,0x00,0x00,0x00, 
	0x00,0x00,0x00,0x00, 
	0x00,0x00,0x00,0x00, 
	0x00,0x00,0x00,0x00, 
	0x00,0x00,0x00,0x00, 
	0x00,0x00,0x00,0x00, 
	0x00,0x00,0x00,0x00, 
	0x00,0x00,0x00,0x00, 
	0x00,0x00,0x00,0x00, 
	0x00,0x00,0x00,0x00, 
	0x00,0x00,0x00,0x00, 
	0x00,0x00,0x00,0x00, 
	0x00,0x00,0x00,0x00, 
	0x00,0x00,0x00,0x00, 
	0x00,0x00,0x00,0x00, 
	0x00,0x00,0x00,0x00, 
	0x00,0x00,0x00,0x00, 
	0x00,0x00,0x00,0x00, 
	0x00,0x00,0x00,0x00, 
	0x00,0x00,0x00,0x00, 
	0x00,0x00,0x00,0x00, 
	0x00,0x00,0x00,0x00, 
	0x00,0x00,0x00,0x00, 
	0x00,0x00,0x00,0x00, 
	0x00,0x00,0x00,0x00, 
	0x00,0x00,0x00,0x00, 
	0x00,0x00,0x00,0x00, 
	0x00,0x00,0x00,0x00, 
	0x00,0x00,0x00,0x00, 
	0x00,0x00,0x00,0x00, 
	0x00,0x00,0x00,0x00, 
	0x00,0x00,0x00,0x00, 
	0x00,0x00,0x00,0x00, 
	0x00,0x00,0x00,0x00, 
	0x00,0x00,0x00,0x00, 
	0x00,0x00,0x00,0x00, 
	0x00,0x00,0x00,0x00, 
	0x00,0x00,0x00,0x00, 
	0x00,0x00,0x00,0x00, 
	0x00,0x00,0x00,0x00, 
	0x00,0x00,0x00,0x00, 
	0x00,0x00,0x00,0x00, 
	0x00,0x00,0x00,0x00, 
	0x00,0x00,0x00,0x00, 
	0x00,0x00,0x00,0x00, 
	0x00,0x00,0x00,0x00, 
	0x00,0x00,0x00,0x00, 
	0x00,0x00,0x00,0x00, 
	0x00,0x00,0x00,0x00, 
	0x00,0x00,0x00,0x00, 
	0x00,0x00,0x00,0x00, 
	0x00,0x00,0x00,0x00, 
	0x00,0x00,0x00,0x00, 
	0x00,0x00,0x00,0x00, 
	0x00,0x00,0x00,0x00, 
	0x00,0x00,0x00,0x00, 
	0x00,0x00,0x00,0x00, 
	0x00,0x00,0x00,0x00, 
	0x00,0x00,0x00,0x00, 
	0x00,0x00,0x00,0x00, 
	0x00,0x00,0x00,0x00, 
	0x00,0x00,0x00,0x00, 
	0x00,0x00,0x00,0x00, 
	0x00,0x00,0x00,0x00, 
	0x00,0x00,0x00,0x00, 
	0x00,0x00,0x00,0x00, 
	0x00,0x00,0x00,0x00, 
	0x00,0x00,0x00,0x00, 
	0x00,0x00,0x00,0x00, 
	0x00,0x00,0x00,0x00, 
	0x00,0x00,0x00,0x00, 
	0x00,0x00,0x00,0x00, 
	0x00,0x00,0x00,0x00, 
	0x00,0x00,0x00,0x00, 
	0x00,0x00,0x00,0x00, 
	0x00,0x00,0x00,0x00, 
	0x00,0x00,0x00,0x00, 
	0x00,0x00,0x00,0x00, 
	0x00,0x00,0x00,0x00, 
	0x00,0x00,0x00,0x00, 
	0x00,0x00,0x00,0x00, 
	0x00,0x00,0x00,0x00, 
	0x00,0x00,0x00,0x00, 
	0x00,0x00,0x00,0x00, 
	0x00,0x00,0x00,0x00, 
	0x00,0x00,0x00,0x00, 
	0x00,0x00,0x00,0x00, 
	0x00,0x00,0x00,0x00, 
	0x00,0x00,0x00,0x00, 
	0x00,0x00,0x00,0x00, 
	0x00,0x00,0x00,0x00, 
	0x00,0x00,0x00,0x00, 
	0x00,0x00,0x00,0x00, 
	0x00,0x00,0x00,0x00, 
	0x00,0x00,0x00,0x00, 
	0x00,0x00,0x00,0x00, 
	0x00,0x00,0x00,0x00, 
	0x00,0x00,0x00,0x00, 
	0x00,0x00,0x00,0x00, 
	0x00,0x00,0x00,0x00, 
	0x00,0x00,0x00,0x00, 
	0x00,0x00,0x00,0x00, 
	0x00,0x00,0x00,0x00, 
	0x00,0x00,0x00,0x00, 
	0x00,0x00,0x00,0x00, 
	0x00,0x00,0x00,0x00, 
	0x00,0x00,0x00,0x00, 
	0x00,0x00,0x00,0x00, 
	0x00,0x00,0x00,0x00, 
	0x00,0x00,0x00,0x00, 
	0x00,0x00,0x00,0x00, 
	0x00,0x00,0x00,0x00, 
	0x00,0x00,0x00,0x00, 
	0x00,0x00,0x00,0x00, 
	0x00,0x00,0x00,0x00, 
	0x00,0x00,0x00,0x00, 
	0x00,0x00,0x00,0x00, 
	0x00,0x00,0x00,0x00, 
	0x00,0x00,0x00,0x00, 
	0x00,0x00,0x00,0x00, 
	0x00,0x00,0x00,0x00, 
	0x00,0x00,0x00,0x00, 
	0x00,0x00,0x00,0x00, 
	0x00,0x00,0x00,0x00, 
	0x00,0x00,0x00,0x00, 
	0x00,0x00,0x00,0x00, 
	0x00,0x00,0x00,0x00, 
	0x00,0x00,0x00,0x00, 
	0x00,0x00,0x00,0x00, 
	0x00,0x00,0x00,0x00, 
	0x00,0x00,0x00,0x00, 
	0x00,0x00,0x00,0x00, 
	0x00,0x00,0x00,0x00, 
	0x00,0x00,0x00,0x00, 
	0x00,0x00,0x00,0x00, 
	0x00,0x00,0x00,0x00, 
	0x00,0x00,0x00,0x00, 
	0x00,0x00,0x00,0x00, 
	0x00,0x00,0x00,0x00, 
	0x00,0x00,0x00,0x00, 
	0x00,0x00,0x00,0x00, 
	0x00,0x00,0x00,0x00, 
	0x00,0x00,0x00,0x00, 
	0x00,0x00,0x00,0x00, 
	0x00,0x00,0x00,0x00, 
	0x00,0x00,0x00,0x00, 
	0x00,0x00,0x00,0x00, 
	0x00,0x00,0x00,0x00, 
	0x00,0x00,0x00,0x00, 
	0x00,0x00,0x00,0x00, 
	0x00,0x00,0x00,0x00, 
	0x00,0x00,0x00,0x00, 
	0x00,0x00,0x00,0x00, 
	0x00,0x00,0x00,0x00, 
	0x00,0x00,0x00,0x00, 
	0x00,0x00,0x00,0x00, 
	0x00,0x00,0x00,0x00, 
	0x00,0x00,0x00,0x00, 
	0x00,0x00,0x00,0x00, 
	0x00,0x00,0x00,0x00, 
	0x00,0x00,0x00,0x00, 
	0x00,0x00,0x00,0x00, 
	0x00,0x00,0x00,0x00, 
	0x00,0x00,0x00,0x00, 
	0x00,0x00,0x00,0x00, 
	0x00,0x00,0x00,0x00, 
	0x00,0x00,0x00,0x00, 
	0x00,0x00,0x00,0x00, 
	0x00,0x00,0x00,0x00, 
	0x00,0x00,0x00,0x00, 
	0x00,0x00,0x00,0x00, 
	0x00,0x00,0x00,0x00, 
	0x00,0x00,0x00,0x00, 
	0x00,0x00,0x00,0x00, 
	0x00,0x00,0x00,0x00, 
	0x00,0x00,0x00,0x00, 
	0x00,0x00,0x00,0x00, 
	0x00,0x00,0x00,0x00, 
	0x00,0x00,0x00,0x00, 
	0x00,0x00,0x00,0x00, 
	0x00,0x00,0x00,0x00, 
	0x00,0x00,0x00,0x00, 
	0x00,0x00,0x00,0x00, 
	0x00,0x00,0x00,0x00, 
	0x00,0x00,0x00,0x00, 
	0x00,0x00,0x00,0x00, 
	0x00,0x00,0x00,0x00, 
	0x00,0x00,0x00,0x00, 
	0x00,0x00,0x00,0x00, 
	0x00,0x00,0x00,0x00, 
	0x00,0x00,0x00,0x00, 
	0x00,0x00,0x00,0x00, 
	0x00,0x00,0x00,0x00, 
	0x00,0x00,0x00,0x00, 
	0x00,0x00,0x00,0x00, 
	0x00,0x00,0x00,0x00, 
	0x00,0x00,0x00,0x00, 
	0x00,0x00,0x00,0x00, 
	0x00,0x00,0x00,0x00, 
	0x00,0x00,0x00,0x00, 
	0x00,0x00,0x00,0x00, 
	0x00,0x00,0x00,0x00, 
	0x00,0x00,0x00,0x00, 
	0x00,0x00,0x00,0x00, 
	0x00,0x00,0x00,0x00, 
	0x00,0x00,0x00,0x00, 
	0x00,0x00,0x00,0x00, 
	0x00,0x00,0x00,0x00, 
	0x00,0x00,0x00,0x00, 
	0x00,0x00,0x00,0x00, 
	0x00,0x00,0x00,0x00, 
	0x00,0x00,0x00,0x00, 
	0x00,0x00,0x00,0x00, 
	0x00,0x00,0x00,0x00, 
	0x00,0x00,0x00,0x00, 
	0x00,0x00,0x00,0x00, 
	0x00,0x00,0x00,0x00, 
	0x00,0x00,0x00,0x00, 
	0x00,0x00,0x00,0x00, 
	0x00,0x00,0x00,0x00, 
	0x00,0x00,0x00,0x00, 
	0x00,0x00,0x00,0x00, 
	0x00,0x00,0x00,0x00, 
	0x00,0x00,0x00,0x00, 
	0x00,0x00,0x00,0x00, 
	0x00,0x00,0x00,0x00, 
	0x00,0x00,0x00,0x00, 
	0x00,0x00,0x00,0x00, 
	0x00,0x00,0x00,0x00, 
	0x00,0x00,0x00,0x00, 
	0x00,0x00,0x00,0x00, 
	0x00,0x00,0x00,0x00, 
	0x00,0x00,0x00,0x00, 
	0x00,0x00,0x00,0x00, 
	0x00,0x00,0x00,0x00, 
	0x00,0x00,0x00,0x00, 
	0x00,0x00,0x00,0x00, 
	0x00,0x00,0x00,0x00, 
	0x00,0x00,0x00,0x00, 
	0x00,0x00,0x00,0x00, 
	0x00,0x00,0x00,0x00, 
	0x00,0x00,0x00,0x00, 
	0x00,0x00,0x00,0x00, 
	0x00,0x00,0x00,0x00, 
	0x00,0x00,0x00,0x00, 
	0x00,0x00,0x00,0x00, 
	0x00,0x00,0x00,0x00, 
	0x00,0x00,0x00,0x00, 
	0x00,0x00,0x00,0x00, 
	0x00,0x00,0x00,0x00, 
	0x00,0x00,0x00,0x00, 
	0x00,0x00,0x00,0x00, 
	0x00,0x00,0x00,0x00, 
	0x00,0x00,0x00,0x00, 
	0x00,0x00,0x00,0x00, 
	0x00,0x00,0x00,0x00, 
	0x00,0x00,0x00,0x00, 
	0x00,0x00,0x00,0x00, 
	0x00,0x00,0x00,0x00, 
	0x00,0x00,0x00,0x00, 
	0x00,0x00,0x00,0x00, 
	0x00,0x00,0x00,0x00, 
	0x00,0x00,0x00,0x00, 
	0x00,0x00,0x00,0x00, 
	0x00,0x00,0x00,0x00, 
	0x00,0x00,0x00,0x00, 
	0x00,0x00,0x00,0x00, 
	0x00,0x00,0x00,0x00, 
	0x00,0x00,0x00,0x00, 
	0x00,0x00,0x00,0x00, 
	0x00,0x00,0x00,0x00, 
	0x00,0x00,0x00,0x00, 
	0x00,0x00,0x00,0x00, 
	0x00,0x00,0x00,0x00, 
	0x00,0x00,0x00,0x00, 
	0x00,0x00,0x00,0x00, 
	0x00,0x00,0x00,0x00, 
	0x00,0x00,0x00,0x00, 
	0x00,0x00,0x00,0x00, 
	0x00,0x00,0x00,0x00, 
	0x00,0x00,0x00,0x00, 
	0x00,0x00,0x00,0x00, 
	0x00,0x00,0x00,0x00, 
	0x00,0x00,0x00,0x00, 
	0x00,0x00,0x00,0x00, 
	0x00,0x00,0x00,0x00, 
	0x00,0x00,0x00,0x00, 
	0x00,0x00,0x00,0x00, 
	0x00,0x00,0x00,0x00, 
	0x00,0x00,0x00,0x00, 
	0x00,0x00,0x00,0x00, 
	0x00,0x00,0x00,0x00, 
	0x00,0x00,0x00,0x00, 
	0x00,0x00,0x00,0x00, 
	0x00,0x00,0x00,0x00, 
	0x00,0x00,0x00,0x00, 
	0x00,0x00,0x00,0x00, 
	0x00,0x00,0x00,0x00, 
	0x00,0x00,0x00,0x00, 
	0x00,0x00,0x00,0x00, 
	0x00,0x00,0x00,0x00, 
	0x00,0x00,0x00,0x00, 
	0x00,0x00,0x00,0x00, 
	0x00,0x00,0x00,0x00, 
	0x00,0x00,0x00,0x00, 
	0x00,0x00,0x00,0x00, 
	0x00,0x00,0x00,0x00, 
	0x00,0x00,0x00,0x00, 
	0x00,0x00,0x00,0x00, 
	0x00,0x00,0x00,0x00, 
	0x00,0x00,0x00,0x00, 
	0x00,0x00,0x00,0x00, 
	0x00,0x00,0x00,0x00, 
	0x00,0x00,0x00,0x00, 
	0x00,0x00,0x00,0x00, 
	0x00,0x00,0x00,0x00, 
	0x00,0x00,0x00,0x00, 
	0x00,0x00,0x00,0x00, 
	0x00,0x00,0x00,0x00, 
	0x00,0x00,0x00,0x00, 
	0x00,0x00,0x00,0x00, 
	0x00,0x00,0x00,0x00, 
	0x00,0x00,0x00,0x00, 
	0x00,0x00,0x00,0x00, 
	0x00,0x00,0x00,0x00, 
	0x00,0x00,0x00,0x00, 
	0x00,0x00,0x00,0x00, 
	0x00,0x00,0x00,0x00, 
	0x00,0x00,0x00,0x00, 
	0x00,0x00,0x00,0x00, 
	0x00,0x00,0x00,0x00, 
	0x00,0x00,0x00,0x00, 
	0x00,0x00,0x00,0x00, 
	0x00,0x00,0x00,0x00, 
	0x00,0x00,0x00,0x00, 
	0x00,0x00,0x00,0x00, 
	0x00,0x00,0x00,0x00, 
	0x00,0x00,0x00,0x00, 
	0x00,0x00,0x00,0x00, 
	0x00,0x00,0x00,0x00, 
	0x00,0x00,0x00,0x00, 
	0x00,0x00,0x00,0x00, 
	0x00,0x00,0x00,0x00, 
	0x00,0x00,0x00,0x00, 
	0x00,0x00,0x00,0x00, 
	0x00,0x00,0x00,0x00, 
	0x00,0x00,0x00,0x00, 
	0x00,0x00,0x00,0x00, 
	0x00,0x00,0x00,0x00, 
	0x00,0x00,0x00,0x00, 
	0x00,0x00,0x00,0x00, 
	0x00,0x00,0x00,0x00, 
	0x00,0x00,0x00,0x00, 
	0x00,0x00,0x00,0x00, 
	0x00,0x00,0x00,0x00, 
	0x00,0x00,0x00,0x00, 
	0x00,0x00,0x00,0x00, 
	0x00,0x00,0x00,0x00, 
	0x00,0x00,0x00,0x00, 
	0x00,0x00,0x00,0x00, 
	0x00,0x00,0x00,0x00, 
	0x00,0x00,0x00,0x00, 
	0x00,0x00,0x00,0x00, 
	0x00,0x00,0x00,0x00, 
	0x00,0x00,0x00,0x00, 
	0x00,0x00,0x00,0x00, 
	0x00,0x00,0x00,0x00, 
	0x00,0x00,0x00,0x00, 
	0x00,0x00,0x00,0x00, 
	0x00,0x00,0x00,0x00, 
	0x00,0x00,0x00,0x00, 
	0x00,0x00,0x00,0x00, 
	0x00,0x00,0x00,0x00, 
	0x00,0x00,0x00,0x00, 
	0x00,0x00,0x00,0x00, 
	0x00,0x00,0x00,0x00, 
	0x00,0x00,0x00,0x00, 
	0x00,0x00,0x00,0x00, 
	0x00,0x00,0x00,0x00, 
	0x00,0x00,0x00,0x00, 
	0x00,0x00,0x00,0x00, 
	0x00,0x00,0x00,0x00, 
	0x00,0x00,0x00,0x00, 
	0x00,0x00,0x00,0x00, 
	0x00,0x00,0x00,0x00, 
	0x00,0x00,0x00,0x00, 
	0x00,0x00,0x00,0x00, 
	0x00,0x00,0x00,0x00, 
	0x00,0x00,0x00,0x00, 
	0x00,0x00,0x00,0x00, 
	0x00,0x00,0x00,0x00, 
	0x00,0x00,0x00,0x00, 
	0x00,0x00,0x00,0x00, 
	0x00,0x00,0x00,0x00, 
	0x00,0x00,0x00,0x00, 
	0x00,0x00,0x00,0x00, 
	0x00,0x00,0x00,0x00, 
	0x00,0x00,0x00,0x00, 
	0x00,0x00,0x00,0x00, 
	0x00,0x00,0x00,0x00, 
	0x00,0x00,0x00,0x00, 
	0x00,0x00,0x00,0x00, 
	0x00,0x00,0x00,0x00, 
	0x00,0x00,0x00,0x00, 
	0x00,0x00,0x00,0x00, 
	0x00,0x00,0x00,0x00, 
	0x00,0x00,0x00,0x00, 
	0x00,0x00,0x00,0x00, 
	0x00,0x00,0x00,0x00, 
	0x00,0x00,0x00,0x00, 
	0x00,0x00,0x00,0x00, 
	0x00,0x00,0x00,0x00, 
	0x00,0x00,0x00,0x00, 
	0x00,0x00,0x00,0x00, 
	0x00,0x00,0x00,0x00, 
	0x00,0x00,0x00,0x00, 
	0x00,0x00,0x00,0x00, 
	0x00,0x00,0x00,0x00, 
	0x00,0x00,0x00,0x00, 
	0x00,0x00,0x00,0x00, 
	0x00,0x00,0x00,0x00, 
	0x00,0x00,0x00,0x00, 
	0x00,0x00,0x00,0x00, 
	0x00,0x00,0x00,0x00, 
	0x00,0x00,0x00,0x00, 
	0x00,0x00,0x00,0x00, 
	0x00,0x00,0x00,0x00, 
	0x00,0x00,0x00,0x00, 
	0x00,0x00,0x00,0x00, 
	0x00,0x00,0x00,0x00, 
	0x00,0x00,0x00,0x00, 
	0x00,0x00,0x00,0x00, 
	0x00,0x00,0x00,0x00, 
	0x00,0x00,0x00,0x00, 
	0x00,0x00,0x00,0x00, 
	0x00,0x00,0x00,0x00, 
	0x00,0x00,0x00,0x00, 
	0x00,0x00,0x00,0x00, 
	0x00,0x00,0x00,0x00, 
	0x00,0x00,0x00,0x00, 
	0x00,0x00,0x00,0x00, 
	0x00,0x00,0x00,0x00, 
	0x00,0x00,0x00,0x00, 
	0x00,0x00,0x00,0x00, 
	0x00,0x00,0x00,0x00, 
	0x00,0x00,0x00,0x00, 
	0x00,0x00,0x00,0x00, 
	0x00,0x00,0x00,0x00, 
	0x00,0x00,0x00,0x00, 
	0x00,0x00,0x00,0x00, 
	0x00,0x00,0x00,0x00, 
	0x00,0x00,0x00,0x00, 
	0x00,0x00,0x00,0x00, 
	0x00,0x00,0x00,0x00, 
	0x00,0x00,0x00,0x00, 
	0x00,0x00,0x00,0x00, 
	0x00,0x00,0x00,0x00, 
	0x00,0x00,0x00,0x00, 
	0x00,0x00,0x00,0x00, 
	0x00,0x00,0x00,0x00, 
	0x00,0x00,0x00,0x00, 
	0x00,0x00,0x00,0x00, 
	0x00,0x00,0x00,0x00, 
	0x00,0x00,0x00,0x00, 
	0x00,0x00,0x00,0x00, 
	0x00,0x00,0x00,0x00, 
	0x00,0x00,0x00,0x00, 
	0x00,0x00,0x00,0x00, 
	0x00,0x00,0x00,0x00, 
	0x00,0x00,0x00,0x00, 
	0x00,0x00,0x00,0x00, 
	0x00,0x00,0x00,0x00, 
	0x00,0x00,0x00,0x00, 
	0x00,0x00,0x00,0x00, 
	0x00,0x00,0x00,0x00, 
	0x00,0x00,0x00,0x00, 
	0x00,0x00,0x00,0x00, 
	0x00,0x00,0x00,0x00, 
	0x00,0x00,0x00,0x00, 
	0x00,0x00,0x00,0x00, 
	0x00,0x00,0x00,0x00, 
	0x00,0x00,0x00,0x00, 
	0x00,0x00,0x00,0x00, 
	0x00,0x00,0x00,0x00, 
	0x00,0x00,0x00,0x00, 
	0x00,0x00,0x00,0x00, 
	0x00,0x00,0x00,0x00, 
	0x00,0x00,0x00,0x00, 
	0x00,0x00,0x00,0x00, 
	0x00,0x00,0x00,0x00, 
	0x00,0x00,0x00,0x00, 
	0x00,0x00,0x00,0x00, 
	0x00,0x00,0x00,0x00, 
	0x00,0x00,0x00,0x00, 
	0x00,0x00,0x00,0x00, 
	0x00,0x00,0x00,0x00, 
	0x00,0x00,0x00,0x00, 
	0x00,0x00,0x00,0x00, 
	0x00,0x00,0x00,0x00, 
	0x00,0x00,0x00,0x00, 
	0x00,0x00,0x00,0x00, 
	0x00,0x00,0x00,0x00, 
	0x00,0x00,0x00,0x00, 
	0x00,0x00,0x00,0x00, 
	0x00,0x00,0x00,0x00, 
	0x00,0x00,0x00,0x00, 
	0x00,0x00,0x00,0x00, 
	0x00,0x00,0x00,0x00, 
	0x00,0x00,0x00,0x00, 
	0x00,0x00,0x00,0x00, 
	0x00,0x00,0x00,0x00, 
	0x00,0x00,0x00,0x00, 
	0x00,0x00,0x00,0x00, 
	0x00,0x00,0x00,0x00, 
	0x00,0x00,0x00,0x00, 
	0x00,0x00,0x00,0x00, 
	0x00,0x00,0x00,0x00, 
	0x00,0x00,0x00,0x00, 
	0x00,0x00,0x00,0x00, 
	0x00,0x00,0x00,0x00, 
	0x00,0x00,0x00,0x00, 
	0x00,0x00,0x00,0x00, 
	0x00,0x00,0x00,0x00, 
	0x00,0x00,0x00,0x00, 
	0x00,0x00,0x00,0x00, 
	0x00,0x00,0x00,0x00, 
	0x00,0x00,0x00,0x00, 
	0x00,0x00,0x00,0x00, 
	0x00,0x00,0x00,0x00, 
	0x00,0x00,0x00,0x00, 
	0x00,0x00,0x00,0x00, 
	0x00,0x00,0x00,0x00, 
	0x00,0x00,0x00,0x00, 
	0x00,0x00,0x00,0x00, 
	0x00,0x00,0x00,0x00, 
	0x00,0x00,0x00,0x00, 
	0x00,0x00,0x00,0x00, 
	0x00,0x00,0x00,0x00, 
	0x00,0x00,0x00,0x00, 
	0x00,0x00,0x00,0x00, 
	0x00,0x00,0x00,0x00, 
	0x00,0x00,0x00,0x00, 
	0x00,0x00,0x00,0x00, 
	0x00,0x00,0x00,0x00, 
	0x00,0x00,0x00,0x00, 
	0x00,0x00,0x00,0x00, 
	0x00,0x00,0x00,0x00, 
	0x00,0x00,0x00,0x00, 
	0x00,0x00,0x00,0x00, 
	0x00,0x00,0x00,0x00, 
	0x00,0x00,0x00,0x00, 
	0x00,0x00,0x00,0x00, 
	0x00,0x00,0x00,0x00, 
	0x00,0x00,0x00,0x00, 
	0x00,0x00,0x00,0x00, 
	0x00,0x00,0x00,0x00, 
	0x00,0x00,0x00,0x00, 
	0x00,0x00,0x00,0x00, 
	0x00,0x00,0x00,0x00, 
	0x00,0x00,0x00,0x00, 
	0x00,0x00,0x00,0x00, 
	0x00,0x00,0x00,0x00, 
	0x00,0x00,0x00,0x00, 
	0x00,0x00,0x00,0x00, 
	0x00,0x00,0x00,0x00, 
	0x00,0x00,0x00,0x00, 
	0x00,0x00,0x00,0x00, 
	0x00,0x00,0x00,0x00, 
	0x00,0x00,0x00,0x00, 
	0x00,0x00,0x00,0x00, 
	0x00,0x00,0x00,0x00, 
	0x00,0x00,0x00,0x00, 
	0x00,0x00,0x00,0x00, 
	0x00,0x00,0x00,0x00, 
	0x00,0x00,0x00,0x00, 
	0x00,0x00,0x00,0x00, 
	0x00,0x00,0x00,0x00, 
	0x00,0x00,0x00,0x00, 
	0x00,0x00,0x00,0x00, 
	0x00,0x00,0x00,0x00, 
	0x00,0x00,0x00,0x00, 
	0x00,0x00,0x00,0x00, 
	0x00,0x00,0x00,0x00, 
	0x00,0x00,0x00,0x00, 
	0x00,0x00,0x00,0x00, 
	0x00,0x00,0x00,0x00, 
	0x00,0x00,0x00,0x00, 
	0x00,0x00,0x00,0x00, 
	0x00,0x00,0x00,0x00, 
	0x00,0x00,0x00,0x00, 
	0x00,0x00,0x00,0x00, 
	0x00,0x00,0x00,0x00, 
	0x00,0x00,0x00,0x00, 
	0x00,0x00,0x00,0x00, 
	0x00,0x00,0x00,0x00, 
	0x00,0x00,0x00,0x00, 
	0x00,0x00,0x00,0x00, 
	0x00,0x00,0x00,0x00, 
	0x00,0x00,0x00,0x00, 
	0x00,0x00,0x00,0x00, 
	0x00,0x00,0x00,0x00, 
	0x00,0x00,0x00,0x00, 
	0x00,0x00,0x00,0x00, 
	0x00,0x00,0x00,0x00, 
	0x00,0x00,0x00,0x00, 
	0x00,0x00,0x00,0x00, 
	0x00,0x00,0x00,0x00, 
	0x00,0x00,0x00,0x00, 
	0x00,0x00,0x00,0x00, 
	0x00,0x00,0x00,0x00, 
	0x00,0x00,0x00,0x00, 
	0x00,0x00,0x00,0x00, 
	0x00,0x00,0x00,0x00, 
	0x00,0x00,0x00,0x00, 
	0x00,0x00,0x00,0x00, 
	0x00,0x00,0x00,0x00, 
	0x00,0x00,0x00,0x00, 
	0x00,0x00,0x00,0x00, 
	0x00,0x00,0x00,0x00, 
	0x00,0x00,0x00,0x00, 
	0x00,0x00,0x00,0x00, 
	0x00,0x00,0x00,0x00, 
	0x00,0x00,0x00,0x00, 
	0x00,0x00,0x00,0x00, 
	0x00,0x00,0x00,0x00, 
	0x00,0x00,0x00,0x00, 
	0x00,0x00,0x00,0x00, 
	0x00,0x00,0x00,0x00, 
	0x00,0x00,0x00,0x00, 
	0x00,0x00,0x00,0x00, 
	0x00,0x00,0x00,0x00, 
	0x00,0x00,0x00,0x00, 
	0x00,0x00,0x00,0x00, 
	0x00,0x00,0x00,0x00, 
	0x00,0x00,0x00,0x00, 
	0x00,0x00,0x00,0x00, 
	0x00,0x00,0x00,0x00, 
	0x00,0x00,0x00,0x00, 
	0x00,0x00,0x00,0x00, 
	0x00,0x00,0x00,0x00, 
	0x00,0x00,0x00,0x00, 
	0x00,0x00,0x00,0x00, 
	0x00,0x00,0x00,0x00, 
	0x00,0x00,0x00,0x00, 
	0x00,0x00,0x00,0x00, 
	0x00,0x00,0x00,0x00, 
	0x00,0x00,0x00,0x00, 
	0x00,0x00,0x00,0x00, 
	0x00,0x00,0x00,0x00, 
	0x00,0x00,0x00,0x00, 
	0x00,0x00,0x00,0x00, 
	0x00,0x00,0x00,0x00, 
	0x00,0x00,0x00,0x00, 
	0x00,0x00,0x00,0x00, 
	0x00,0x00,0x00,0x00, 
	0x00,0x00,0x00,0x00, 
	0x00,0x00,0x00,0x00, 
	0x00,0x00,0x00,0x00, 
	0x00,0x00,0x00,0x00, 
	0x00,0x00,0x00,0x00, 
	0x00,0x00,0x00,0x00, 
	0x00,0x00,0x00,0x00, 
	0x00,0x00,0x00,0x00, 
	0x00,0x00,0x00,0x00, 
	0x00,0x00,0x00,0x00, 
	0x00,0x00,0x00,0x00, 
	0x00,0x00,0x00,0x00, 
	0x00,0x00,0x00,0x00, 
	0x00,0x00,0x00,0x00, 
	0x00,0x00,0x00,0x00, 
	0x00,0x00,0x00,0x00, 
	0x00,0x00,0x00,0x00, 
	0x00,0x00,0x00,0x00, 
	0x00,0x00,0x00,0x00, 
	0x00,0x00,0x00,0x00, 
	0x00,0x00,0x00,0x00, 
	0x00,0x00,0x00,0x00, 
	0x00,0x00,0x00,0x00, 
	0x00,0x00,0x00,0x00, 
	0x00,0x00,0x00,0x00, 
	0x00,0x00,0x00,0x00, 
	0x00,0x00,0x00,0x00, 
	0x00,0x00,0x00,0x00, 
	0x00,0x00,0x00,0x00, 
	0x00,0x00,0x00,0x00, 
	0x00,0x00,0x00,0x00, 
	0x00,0x00,0x00,0x00, 
	0x00,0x00,0x00,0x00, 
	0x00,0x00,0x00,0x00, 
	0x00,0x00,0x00,0x00, 
	0x00,0x00,0x00,0x00, 
	0x00,0x00,0x00,0x00, 
	0x00,0x00,0x00,0x00, 
	0x00,0x00,0x00,0x00, 
	0x00,0x00,0x00,0x00, 
	0x00,0x00,0x00,0x00, 
	0x00,0x00,0x00,0x00, 
	0x00,0x00,0x00,0x00, 
	0x00,0x00,0x00,0x00, 
	0x00,0x00,0x00,0x00, 
	0x00,0x00,0x00,0x00, 
	0x00,0x00,0x00,0x00, 
	0x00,0x00,0x00,0x00, 
	0x00,0x00,0x00,0x00, 
	0x00,0x00,0x00,0x00, 
	0x00,0x00,0x00,0x00, 
	0x00,0x00,0x00,0x00, 
	0x00,0x00,0x00,0x00, 
	0x00,0x00,0x00,0x00, 
	0x00,0x00,0x00,0x00, 
	0x00,0x00,0x00,0x00, 
	0x00,0x00,0x00,0x00, 
	0x00,0x00,0x00,0x00, 
	0x00,0x00,0x00,0x00, 
	0x00,0x00,0x00,0x00, 
	0x00,0x00,0x00,0x00, 
	0x00,0x00,0x00,0x00, 
	0x00,0x00,0x00,0x00, 
	0x00,0x00,0x00,0x00, 
	0x00,0x00,0x00,0x00, 
	0x00,0x00,0x00,0x00, 
	0x00,0x00,0x00,0x00, 
	0x00,0x00,0x00,0x00, 
	0x00,0x00,0x00,0x00, 
	0x00,0x00,0x00,0x00, 
	0x00,0x00,0x00,0x00, 
	0x00,0x00,0x00,0x00, 
	0x00,0x00,0x00,0x00, 
	0x00,0x00,0x00,0x00, 
	0x00,0x00,0x00,0x00, 
	0x00,0x00,0x00,0x00, 
	0x00,0x00,0x00,0x00, 
	0x00,0x00,0x00,0x00, 
	0x00,0x00,0x00,0x00, 
	0x00,0x00,0x00,0x00, 
	0x00,0x00,0x00,0x00, 
	0x00,0x00,0x00,0x00, 
	0x00,0x00,0x00,0x00, 
	0x00,0x00,0x00,0x00, 
	0x00,0x00,0x00,0x00, 
	0x00,0x00,0x00,0x00, 
	0x00,0x00,0x00,0x00, 
	0x00,0x00,0x00,0x00, 
	0x00,0x00,0x00,0x00, 
	0x00,0x00,0x00,0x00, 
	0x00,0x00,0x00,0x00, 
	0x00,0x00,0x00,0x00, 
	0x00,0x00,0x00,0x00, 
	0x00,0x00,0x00,0x00, 
	0x00,0x00,0x00,0x00, 
	0x00,0x00,0x00,0x00, 
	0x00,0x00,0x00,0x00, 
	0x00,0x00,0x00,0x00, 
	0x00,0x00,0x00,0x00, 
	0x00,0x00,0x00,0x00, 
	0x00,0x00,0x00,0x00, 
	0x00,0x00,0x00,0x00, 
	0x00,0x00,0x00,0x00, 
	0x00,0x00,0x00,0x00, 
	0x00,0x00,0x00,0x00, 
	0x00,0x00,0x00,0x00, 
	0x00,0x00,0x00,0x00, 
	0x00,0x00,0x00,0x00, 
	0x00,0x00,0x00,0x00, 
	0x00,0x00,0x00,0x00, 
	0x00,0x00,0x00,0x00, 
	0x00,0x00,0x00,0x00, 
	0x00,0x00,0x00,0x00, 
	0x00,0x00,0x00,0x00, 
	0x00,0x00,0x00,0x00, 
	0x00,0x00,0x00,0x00, 
	0x00,0x00,0x00,0x00, 
	0x00,0x00,0x00,0x00, 
	0x00,0x00,0x00,0x00, 
	0x00,0x00,0x00,0x00, 
	0x00,0x00,0x00,0x00, 
	0x00,0x00,0x00,0x00, 
	0x00,0x00,0x00,0x00, 
	0x00,0x00,0x00,0x00, 
	0x00,0x00,0x00,0x00, 
	0x00,0x00,0x00,0x00, 
	0x00,0x00,0x00,0x00, 
	0x00,0x00,0x00,0x00, 
	0x00,0x00,0x00,0x00, 
	0x00,0x00,0x00,0x00, 
	0x00,0x00,0x00,0x00, 
	0x00,0x00,0x00,0x00, 
	0x00,0x00,0x00,0x00, 
	0x00,0x00,0x00,0x00, 
	0x00,0x00,0x00,0x00, 
	0x00,0x00,0x00,0x00, 
	0x00,0x00,0x00,0x00, 
	0x00,0x00,0x00,0x00, 
	0x00,0x00,0x00,0x00, 
	0x00,0x00,0x00,0x00, 
	0x00,0x00,0x00,0x00, 
	0x00,0x00,0x00,0x00, 
	0x00,0x00,0x00,0x00, 
	0x00,0x00,0x00,0x00, 
	0x00,0x00,0x00,0x00, 
	0x00,0x00,0x00,0x00, 
	0x00,0x00,0x00,0x00, 
	0x00,0x00,0x00,0x00, 
	0x00,0x00,0x00,0x00, 
	0x00,0x00,0x00,0x00, 
	0x00,0x00,0x00,0x00, 
	0x00,0x00,0x00,0x00, 
	0x00,0x00,0x00,0x00, 
	0x00,0x00,0x00,0x00, 
	0x00,0x00,0x00,0x00, 
	0x00,0x00,0x00,0x00, 
	0x00,0x00,0x00,0x00, 
	0x00,0x00,0x00,0x00, 
	0x00,0x00,0x00,0x00, 
	0x00,0x00,0x00,0x00, 
	0x00,0x00,0x00,0x00, 
	0x00,0x00,0x00,0x00, 
	0x00,0x00,0x00,0x00, 
	0x00,0x00,0x00,0x00, 
	0x00,0x00,0x00,0x00, 
	0x00,0x00,0x00,0x00, 
	0x00,0x00,0x00,0x00, 
	0x00,0x00,0x00,0x00, 
	0x00,0x00,0x00,0x00, 
	0x00,0x00,0x00,0x00, 
	0x00,0x00,0x00,0x00, 
	0x00,0x00,0x00,0x00, 
	0x00,0x00,0x00,0x00, 
	0x00,0x00,0x00,0x00, 
	0x00,0x00,0x00,0x00, 
	0x00,0x00,0x00,0x00, 
	0x00,0x00,0x00,0x00, 
	0x00,0x00,0x00,0x00, 
	0x00,0x00,0x00,0x00, 
	0x00,0x00,0x00,0x00, 
	0x00,0x00,0x00,0x00, 
	0x00,0x00,0x00,0x00, 
	0x00,0x00,0x00,0x00, 
	0x00,0x00,0x00,0x00, 
	0x00,0x00,0x00,0x00, 
	0x00,0x00,0x00,0x00, 
	0x00,0x00,0x00,0x00, 
	0x00,0x00,0x00,0x00, 
	0x00,0x00,0x00,0x00, 
	0x00,0x00,0x00,0x00, 
	0x00,0x00,0x00,0x00, 
	0x00,0x00,0x00,0x00, 
	0x00,0x00,0x00,0x00, 
	0x00,0x00,0x00,0x00, 
	0x00,0x00,0x00,0x00, 
	0x00,0x00,0x00,0x00, 
	0x00,0x00,0x00,0x00, 
	0x00,0x00,0x00,0x00, 
	0x00,0x00,0x00,0x00, 
	0x00,0x00,0x00,0x00, 
	0x00,0x00,0x00,0x00, 
	0x00,0x00,0x00,0x00, 
	0x00,0x00,0x00,0x00, 
	0x00,0x00,0x00,0x00, 
	0x00,0x00,0x00,0x00, 
	0x00,0x00,0x00,0x00, 
	0x00,0x00,0x00,0x00, 
	0x00,0x00,0x00,0x00, 
	0x00,0x00,0x00,0x00, 
	0x00,0x00,0x00,0x00, 
	0x00,0x00,0x00,0x00, 
	0x00,0x00,0x00,0x00, 
	0x00,0x00,0x00,0x00, 
	0x00,0x00,0x00,0x00, 
	0x00,0x00,0x00,0x00, 
	0x00,0x00,0x00,0x00, 
	0x00,0x00,0x00,0x00, 
	0x00,0x00,0x00,0x00, 
	0x00,0x00,0x00,0x00, 
	0x00,0x00,0x00,0x00, 
	0x00,0x00,0x00,0x00, 
	0x00,0x00,0x00,0x00, 
	0x00,0x00,0x00,0x00, 
	0x00,0x00,0x00,0x00, 
	0x00,0x00,0x00,0x00, 
	0x00,0x00,0x00,0x00, 
	0x00,0x00,0x00,0x00, 
	0x00,0x00,0x00,0x00, 
	0x00,0x00,0x00,0x00, 
	0x00,0x00,0x00,0x00, 
	0x00,0x00,0x00,0x00, 
	0x00,0x00,0x00,0x00, 
	0x00,0x00,0x00,0x00, 
	0x00,0x00,0x00,0x00, 
	0x00,0x00,0x00,0x00, 
	0x00,0x00,0x00,0x00, 
	0x00,0x00,0x00,0x00, 
	0x00,0x00,0x00,0x00, 
	0x00,0x00,0x00,0x00, 
	0x00,0x00,0x00,0x00, 
	0x00,0x00,0x00,0x00, 
	0x00,0x00,0x00,0x00, 
	0x00,0x00,0x00,0x00, 
	0x00,0x00,0x00,0x00, 
	0x00,0x00,0x00,0x00, 
	0x00,0x00,0x00,0x00, 
	0x00,0x00,0x00,0x00, 
	0x00,0x00,0x00,0x00, 
	0x00,0x00,0x00,0x00, 
	0x00,0x00,0x00,0x00, 
	0x00,0x00,0x00,0x00, 
	0x00,0x00,0x00,0x00, 
	0x00,0x00,0x00,0x00, 
	0x00,0x00,0x00,0x00, 
	0x00,0x00,0x00,0x00, 
	0x00,0x00,0x00,0x00, 
	0x00,0x00,0x00,0x00, 
	0x00,0x00,0x00,0x00, 
	0x00,0x00,0x00,0x00, 
	0x00,0x00,0x00,0x00, 
	0x00,0x00,0x00,0x00, 
	0x00,0x00,0x00,0x00, 
	0x00,0x00,0x00,0x00, 
	0x00,0x00,0x00,0x00, 
	0x00,0x00,0x00,0x00, 
	0x00,0x00,0x00,0x00, 
	0x00,0x00,0x00,0x00, 
	0x00,0x00,0x00,0x00, 
	0x00,0x00,0x00,0x00, 
	0x00,0x00,0x00,0x00, 
	0x00,0x00,0x00,0x00, 
	0x00,0x00,0x00,0x00, 
	0x00,0x00,0x00,0x00, 
	0x00,0x00,0x00,0x00, 
	0x00,0x00,0x00,0x00, 
	0x00,0x00,0x00,0x00, 
	0x00,0x00,0x00,0x00, 
	0x00,0x00,0x00,0x00, 
	0x00,0x00,0x00,0x00, 
	0x00,0x00,0x00,0x00, 
	0x00,0x00,0x00,0x00, 
	0x00,0x00,0x00,0x00, 
	0x00,0x00,0x00,0x00, 
	0x00,0x00,0x00,0x00, 
	0x00,0x00,0x00,0x00, 
	0x00,0x00,0x00,0x00, 
	0x00,0x00,0x00,0x00, 
	0x00,0x00,0x00,0x00, 
	0x00,0x00,0x00,0x00, 
	0x00,0x00,0x00,0x00, 
	0x00,0x00,0x00,0x00, 
	0x00,0x00,0x00,0x00, 
	0x00,0x00,0x00,0x00, 
	0x00,0x00,0x00,0x00, 
	0x00,0x00,0x00,0x00, 
	0x00,0x00,0x00,0x00, 
	0x00,0x00,0x00,0x00, 
	0x00,0x00,0x00,0x00, 
	0x00,0x00,0x00,0x00, 
	0x00,0x00,0x00,0x00, 
	0x00,0x00,0x00,0x00, 
	0x00,0x00,0x00,0x00, 
	0x00,0x00,0x00,0x00, 
	0x00,0x00,0x00,0x00, 
	0x00,0x00,0x00,0x00, 
	0x00,0x00,0x00,0x00, 
	0x00,0x00,0x00,0x00, 
	0x00,0x00,0x00,0x00, 
	0x00,0x00,0x00,0x00, 
	0x00,0x00,0x00,0x00, 
	0x00,0x00,0x00,0x00, 
	0x00,0x00,0x00,0x00, 
	0x00,0x00,0x00,0x00, 
	0x00,0x00,0x00,0x00, 
	0x00,0x00,0x00,0x00, 
	0x00,0x00,0x00,0x00, 
	0x00,0x00,0x00,0x00, 
	0x00,0x00,0x00,0x00, 
	0x00,0x00,0x00,0x00, 
	0x00,0x00,0x00,0x00, 
	0x00,0x00,0x00,0x00, 
	0x00,0x00,0x00,0x00, 
	0x00,0x00,0x00,0x00, 
	0x00,0x00,0x00,0x00, 
	0x00,0x00,0x00,0x00, 
	0x00,0x00,0x00,0x00, 
	0x00,0x00,0x00,0x00, 
	0x00,0x00,0x00,0x00, 
	0x00,0x00,0x00,0x00, 
	0x00,0x00,0x00,0x00, 
	0x00,0x00,0x00,0x00, 
	0x00,0x00,0x00,0x00, 
	0x00,0x00,0x00,0x00, 
	0x00,0x00,0x00,0x00, 
	0x00,0x00,0x00,0x00, 
	0x00,0x00,0x00,0x00, 
	0x00,0x00,0x00,0x00, 
	0x00,0x00,0x00,0x00, 
	0x00,0x00,0x00,0x00, 
	0x00,0x00,0x00,0x00, 
	0x00,0x00,0x00,0x00, 
	0x00,0x00,0x00,0x00, 
	0x00,0x00,0x00,0x00, 
	0x00,0x00,0x00,0x00, 
	0x00,0x00,0x00,0x00, 
	0x00,0x00,0x00,0x00, 
	0x00,0x00,0x00,0x00, 
	0x00,0x00,0x00,0x00, 
	0x00,0x00,0x00,0x00, 
	0x00,0x00,0x00,0x00, 
	0x00,0x00,0x00,0x00, 
	0x00,0x00,0x00,0x00, 
	0x00,0x00,0x00,0x00, 
	0x00,0x00,0x00,0x00, 
	0x00,0x00,0x00,0x00, 
	0x00,0x00,0x00,0x00, 
	0x00,0x00,0x00,0x00, 
	0x00,0x00,0x00,0x00, 
	0x00,0x00,0x00,0x00, 
	0x00,0x00,0x00,0x00, 
	0x00,0x00,0x00,0x00, 
	0x00,0x00,0x00,0x00, 
	0x00,0x00,0x00,0x00, 
	0x00,0x00,0x00,0x00, 
	0x00,0x00,0x00,0x00, 
	0x00,0x00,0x00,0x00, 
	0x00,0x00,0x00,0x00, 
	0x00,0x00,0x00,0x00, 
	0x00,0x00,0x00,0x00, 
	0x00,0x00,0x00,0x00, 
	0x00,0x00,0x00,0x00, 
	0x00,0x00,0x00,0x00, 
	0x00,0x00,0x00,0x00, 
	0x00,0x00,0x00,0x00, 
	0x00,0x00,0x00,0x00, 
	0x00,0x00,0x00,0x00, 
	0x00,0x00,0x00,0x00, 
	0x00,0x00,0x00,0x00, 
	0x00,0x00,0x00,0x00, 
	0x00,0x00,0x00,0x00, 
	0x00,0x00,0x00,0x00, 
	0x00,0x00,0x00,0x00, 
	0x00,0x00,0x00,0x00, 
	0x00,0x00,0x00,0x00, 
	0x00,0x00,0x00,0x00, 
	0x00,0x00,0x00,0x00, 
	0x00,0x00,0x00,0x00, 
	0x00,0x00,0x00,0x00, 
	0x00,0x00,0x00,0x00, 
	0x00,0x00,0x00,0x00, 
	0x00,0x00,0x00,0x00, 
	0x00,0x00,0x00,0x00, 
	0x00,0x00,0x00,0x00, 
	0x00,0x00,0x00,0x00, 
	0x00,0x00,0x00,0x00, 
	0x00,0x00,0x00,0x00, 
	0x00,0x00,0x00,0x00, 
	0x00,0x00,0x00,0x00, 
	0x00,0x00,0x00,0x00, 
	0x00,0x00,0x00,0x00, 
	0x00,0x00,0x00,0x00, 
	0x00,0x00,0x00,0x00, 
	0x00,0x00,0x00,0x00, 
	0x00,0x00,0x00,0x00, 
	0x00,0x00,0x00,0x00, 
	0x00,0x00,0x00,0x00, 
	0x00,0x00,0x00,0x00, 
	0x00,0x00,0x00,0x00, 
	0x00,0x00,0x00,0x00, 
	0x00,0x00,0x00,0x00, 
	0x00,0x00,0x00,0x00, 
	0x00,0x00,0x00,0x00, 
	0x00,0x00,0x00,0x00, 
	0x00,0x00,0x00,0x00, 
	0x00,0x00,0x00,0x00, 
	0x00,0x00,0x00,0x00, 
	0x00,0x00,0x00,0x00, 
	0x00,0x00,0x00,0x00, 
	0x00,0x00,0x00,0x00, 
	0x00,0x00,0x00,0x00, 
	0x00,0x00,0x00,0x00, 
	0x00,0x00,0x00,0x00, 
	0x00,0x00,0x00,0x00, 
	0x00,0x00,0x00,0x00, 
	0x00,0x00,0x00,0x00, 
	0x00,0x00,0x00,0x00, 
	0x00,0x00,0x00,0x00, 
	0x00,0x00,0x00,0x00, 
	0x00,0x00,0x00,0x00, 
	0x00,0x00,0x00,0x00, 
	0x00,0x00,0x00,0x00, 
	0x00,0x00,0x00,0x00, 
	0x00,0x00,0x00,0x00, 
	0x00,0x00,0x00,0x00, 
	0x00,0x00,0x00,0x00, 
	0x00,0x00,0x00,0x00, 
	0x00,0x00,0x00,0x00, 
	0x00,0x00,0x00,0x00, 
	0x00,0x00,0x00,0x00, 
	0x00,0x00,0x00,0x00, 
	0x00,0x00,0x00,0x00, 
	0x00,0x00,0x00,0x00, 
	0x00,0x00,0x00,0x00, 
	0x00,0x00,0x00,0x00, 
	0x00,0x00,0x00,0x00, 
	0x00,0x00,0x00,0x00, 
	0x00,0x00,0x00,0x00, 
	0x00,0x00,0x00,0x00, 
	0x00,0x00,0x00,0x00, 
	0x00,0x00,0x00,0x00, 
	0x00,0x00,0x00,0x00, 
	0x00,0x00,0x00,0x00, 
	0x00,0x00,0x00,0x00, 
	0x00,0x00,0x00,0x00, 
	0x00,0x00,0x00,0x00, 
	0x00,0x00,0x00,0x00, 
	0x00,0x00,0x00,0x00, 
	0x00,0x00,0x00,0x00, 
	0x00,0x00,0x00,0x00, 
	0x00,0x00,0x00,0x00, 
	0x00,0x00,0x00,0x00, 
	0x00,0x00,0x00,0x00, 
	0x00,0x00,0x00,0x00, 
	0x00,0x00,0x00,0x00, 
	0x00,0x00,0x00,0x00, 
	0x00,0x00,0x00,0x00, 
	0x00,0x00,0x00,0x00, 
	0x00,0x00,0x00,0x00, 
	0x00,0x00,0x00,0x00, 
	0x00,0x00,0x00,0x00, 
	0x00,0x00,0x00,0x00, 
	0x00,0x00,0x00,0x00, 
	0x00,0x00,0x00,0x00, 
	0x00,0x00,0x00,0x00, 
	0x00,0x00,0x00,0x00, 
	0x00,0x00,0x00,0x00, 
	0x00,0x00,0x00,0x00, 
	0x00,0x00,0x00,0x00, 
	0x00,0x00,0x00,0x00, 
	0x00,0x00,0x00,0x00, 
	0x00,0x00,0x00,0x00, 
	0x00,0x00,0x00,0x00, 
	0x00,0x00,0x00,0x00, 
	0x00,0x00,0x00,0x00, 
	0x00,0x00,0x00,0x00, 
	0x00,0x00,0x00,0x00, 
	0x00,0x00,0x00,0x00, 
	0x00,0x00,0x00,0x00, 
	0x00,0x00,0x00,0x00, 
	0x00,0x00,0x00,0x00, 
	0x00,0x00,0x00,0x00, 
	0x00,0x28,0xfe,0x3f, 
	0x20,0x00,0x04,0x00, 
	0xd4,0x03,0xfe,0x3f, 
	0xec,0x03,0xfe,0x3f, 
	0xf8,0x03,0xfe,0x3f, 
	0xf0,0x03,0xfe,0x3f, 
	0xf4,0x03,0xfe,0x3f, 
	0x00,0x07,0x00,0x40, 
	0xc8,0x64,0x00,0x40, 
	0x04,0x28,0xfe,0x3f, 
	0xfc,0x03,0xfe,0x3f, 
	0x00,0x00,0x20,0x00, 
	0x08,0x08,0x00,0x40, 
	0x68,0x08,0x00,0x40, 
	0xc8,0x08,0x00,0x40, 
	0x80,0x70,0xfc,0x3f, 
	0x0c,0x28,0xfe,0x3f, 
	0x34,0x2a,0xfe,0x3f, 
	0x30,0x2a,0xfe,0x3f, 
	0x38,0x2a,0xfe,0x3f, 
	0x40,0x2a,0xfe,0x3f, 
	0x85,0x2a,0xfe,0x3f, 
	0x08,0x28,0xfe,0x3f, 
	0x48,0x2a,0xfe,0x3f, 
	0x89,0x2a,0xfe,0x3f, 
	0x51,0x2a,0xfe,0x3f, 
	0x4c,0x2a,0xfe,0x3f, 
	0x00,0x00,0xfc,0x3f, 
	0x84,0x2a,0xfe,0x3f, 
	0x7a,0x2a,0xfe,0x3f, 
	0x9c,0x2a,0xfe,0x3f, 
	0x7d,0x2a,0xfe,0x3f, 
	0x81,0x2a,0xfe,0x3f, 
	0x7e,0x2a,0xfe,0x3f, 
	0x80,0x2a,0xfe,0x3f, 
	0x44,0x2a,0xfe,0x3f, 
	0x86,0x2a,0xfe,0x3f, 
	0x72,0x2a,0xfe,0x3f, 
	0x79,0x2a,0xfe,0x3f, 
	0x6c,0x2a,0xfe,0x3f, 
	0x6d,0x2a,0xfe,0x3f, 
	0x6e,0x2a,0xfe,0x3f, 
	0x6f,0x2a,0xfe,0x3f, 
	0x70,0x2a,0xfe,0x3f, 
	0x71,0x2a,0xfe,0x3f, 
	0x73,0x2a,0xfe,0x3f, 
	0x74,0x2a,0xfe,0x3f, 
	0x19,0x2a,0xfe,0x3f, 
	0x75,0x2a,0xfe,0x3f, 
	0x77,0x2a,0xfe,0x3f, 
	0x88,0x2a,0xfe,0x3f, 
	0x87,0x2a,0xfe,0x3f, 
	0x7c,0x2a,0xfe,0x3f, 
	0x2c,0x2a,0xfe,0x3f, 
	0x00,0x40,0x8f,0x40, 
	0x28,0x2a,0xfe,0x3f, 
	0x00,0x00,0x70,0x41, 
	0x1c,0x2a,0xfe,0x3f, 
	0x24,0x2a,0xfe,0x3f, 
	0x00,0x00,0xf0,0xbf, 
	0x00,0x00,0x60,0x41, 
	0x8b,0x2a,0xfe,0x3f, 
	0x00,0x20,0xfc,0x3f, 
	0x00,0x21,0xfc,0x3f, 
	0x00,0x27,0xfc,0x3f, 
	0x00,0x28,0xfc,0x3f, 
	0x00,0x40,0xfc,0x3f, 
	0x8a,0x2a,0xfe,0x3f, 
	0x00,0x50,0xfc,0x3f, 
	0x8c,0x2a,0xfe,0x3f, 
	0xff,0xef,0xff,0xff, 
	0xe1,0x0d,0x00,0x40, 
	0x1a,0x2a,0xfe,0x3f, 
	0x1b,0x2a,0xfe,0x3f, 
	0x02,0x10,0x00,0x00, 
	0x03,0x10,0x00,0x00, 
	0x04,0x10,0x00,0x00, 
	0x0a,0x10,0x00,0x00, 
	0x0b,0x10,0x00,0x00, 
	0x0c,0x10,0x00,0x00, 
	0x0d,0x10,0x00,0x00, 
	0x0e,0x10,0x00,0x00, 
	0x10,0x10,0x00,0x00, 
	0x00,0x70,0xfc,0x3f, 
	0x76,0x2a,0xfe,0x3f, 
	0x3c,0x2a,0xfe,0x3f, 
	0x00,0x00,0xe0,0x3f, 
	0x00,0x00,0xc0,0x40, 
	0x00,0x00,0xb0,0x40, 
	0x58,0x14,0x00,0x00, 
	0xbd,0x13,0x00,0x00, 
	0xc2,0x13,0x00,0x00, 
	0xed,0x14,0x00,0x00, 
	0xf2,0x14,0x00,0x00, 
	0x78,0x2a,0xfe,0x3f, 
	0xff,0x0f,0x00,0x00, 
	0x00,0x20,0x00,0x00, 
	0x00,0x10,0x00,0x00, 
	0x30,0x03,0xfe,0x3f, 
	0x9d,0x2a,0xfe,0x3f, 
	0x9e,0x2a,0xfe,0x3f, 
	0x9f,0x2a,0xfe,0x3f, 
	0x98,0x2a,0xfe,0x3f, 
	0x40,0x42,0x0f,0x00, 
	0x00,0x08,0x00,0x00, 
	0x80,0x84,0x5e,0x41, 
	0x00,0x00,0xf0,0x3f, 
	0x00,0x80,0x4f,0x40, 
	0x80,0x84,0xbe,0x41, 
	0x00,0x00,0x59,0x40, 
	0x00,0x00,0xc9,0x41, 
	0x60,0x03,0xfe,0x3f, 
	0xa8,0x07,0x03,0x41, 
	0x85,0x9e,0xcc,0xd7, 
	0x50,0x2a,0xfe,0x3f, 
	0x5c,0x2a,0xfe,0x3f, 
	0x60,0x2a,0xfe,0x3f, 
	0x64,0x2a,0xfe,0x3f, 
	0x68,0x2a,0xfe,0x3f, 
	0xb7,0xd9,0xce,0xc0, 
	0xe6,0xaf,0x1f,0x01, 
	0x00,0x00,0x80,0x3e, 
	0xab,0xaa,0x2a,0x3f, 
	0x55,0x55,0x55,0x3f, 
	0x7d,0x7d,0xed,0x3f, 
	0x7d,0x7d,0x7d,0x7d, 
	0x00,0x00,0x00,0x3f, 
	0x00,0x00,0x40,0x3f, 
	0x00,0x00,0x60,0x3f, 
	0x00,0x00,0x10,0x40, 
	0x00,0x00,0xc0,0x41, 
	0x00,0xa0,0xe7,0x3f, 
	0x00,0x00,0xc0,0x3f, 
	0x3d,0x04,0x9e,0x01, 
	0x84,0x03,0xfe,0x3f, 
	0x88,0x03,0xfe,0x3f, 
	0x8c,0x03,0xfe,0x3f, 
	0x9c,0x03,0xfe,0x3f, 
	0x3b,0xb1,0x83,0x3f, 
	0x14,0x3b,0xb1,0x13, 
	0x00,0x80,0xe3,0x3f, 
	0x90,0x03,0xfe,0x3f, 
	0x94,0x03,0xfe,0x3f, 
	0x98,0x03,0xfe,0x3f, 
	0x00,0x00,0x00,0xff, 
	0x80,0x28,0xfc,0x3f, 
	0x0a,0x2a,0x00,0x00, 
	0x20,0x2a,0xfe,0x3f, 
	0x72,0xb9,0x0e,0x00, 
	0xb9,0x0e,0x00,0x00, 
	0x70,0x17,0x00,0x00, 
	0x00,0x00,0x40,0x00, 
	0x88,0x13,0x00,0x00, 
	0x55,0x55,0x35,0x00, 
	0xb7,0x23,0x00,0x00, 
	0xbf,0x1f,0x00,0x00, 
	0x40,0x1f,0x00,0x00, 
	0xc9,0x1a,0x00,0x00, 
	0x52,0x16,0x00,0x00, 
	0x08,0x2a,0xfe,0x3f, 
	0x00,0x9f,0x24,0x00, 
	0xc0,0x5d,0x00,0x00, 
	0x00,0x00,0x80,0x7f, 
	0x00,0x00,0xf0,0x7f, 
	0x00,0x00,0x08,0x00, 
	0xff,0xff,0x1f,0x00, 
	0x00,0x00,0x00,0x38, 
	0xa0,0x2a,0xfe,0x3f, 
	0x00,0x04,0xfe,0x3f, 
	0xa0,0x03,0xfe,0x3f, 
	0x08,0x08,0xfe,0x3f, 
	0x40,0x08,0xfe,0x3f, 
	0x10,0x08,0xfe,0x3f, 
	0xa4,0x2a,0xfe,0x3f, 
	0x00,0xf0,0xff,0xff, 
	0xef,0x0f,0x00,0x00, 
	0x18,0x08,0xfe,0x3f, 
	0x14,0x08,0xfe,0x3f, 
	0xb0,0x2a,0xfe,0x3f, 
	0x48,0x0c,0xfe,0x3f, 
	0xd8,0x0e,0xfe,0x3f, 
	0xc0,0x2a,0xfe,0x3f, 
	0xf8,0x5c,0x00,0x40, 
	0x23,0x00,0x05,0x00, 
	0x07,0x00,0x00,0x80, 
	0x00,0x00,0x00,0xc0, 
	0x60,0x0d,0xfe,0x3f, 
	0x00,0x00,0x00,0x80, 
	0x18,0x0d,0xfe,0x3f, 
	0xa4,0x64,0x00,0x40, 
	0xb0,0x03,0xfe,0x3f, 
	0x68,0x0d,0xfe,0x3f, 
	0x8c,0x64,0x00,0x40, 
	0xd0,0x0d,0xfe,0x3f, 
	0xa6,0x5f,0x00,0x40, 
	0x00,0x0e,0x20,0x00, 
	0x45,0x60,0x00,0x40, 
	0xd0,0x2f,0xfe,0x3f, 
	0x54,0x0d,0xfe,0x3f, 
	0x24,0x00,0x05,0x00, 
	0x10,0x35,0xfe,0x3f, 
	0x58,0x0d,0xfe,0x3f, 
	0x25,0x00,0x05,0x00, 
	0xc8,0x0e,0xfe,0x3f, 
	0x00,0x00,0x3c,0x00, 
	0xc4,0xff,0x78,0x00, 
	0x88,0xff,0xb4,0x00, 
	0x4c,0xff,0xf0,0x00, 
	0x10,0xff,0x2c,0x01, 
	0xd4,0xfe,0x68,0x01, 
	0x98,0xfe,0xa4,0x01, 
	0x5c,0xfe,0xe0,0x01, 
	0x20,0xfe,0x1c,0x02, 
	0xe4,0xfd,0x58,0x02, 
	0xa8,0xfd,0x94,0x02, 
	0x6c,0xfd,0x00,0x00, 
	0x00,0x00,0x00,0x00, 
	0x64,0x00,0x00,0x00, 
	0x9c,0xff,0xff,0xff, 
	0xc8,0x00,0x00,0x00, 
	0x38,0xff,0xff,0xff, 
	0x2c,0x01,0x00,0x00, 
	0xd4,0xfe,0xff,0xff, 
	0x00,0x00,0x00,0x00, 
	0x55,0x55,0x55,0x3f, 
	0x00,0x00,0x00,0x3d, 
	0x00,0x00,0x80,0x3d, 
	0x00,0x00,0x00,0x3e, 
	0x00,0x00,0x00,0x3f, 
	0xab,0xaa,0x2a,0x3f, 
	0x00,0x00,0x40,0x3f, 
	0x00,0x00,0x00,0x00, 
	0x08,0x04,0xfe,0x3f, 
	0x00,0x00,0x00,0x00, 
	0x00,0x00,0x00,0x00, 
	0x00,0x00,0x00,0x00, 
	0x01,0x01,0x01,0x01, 
	0x01,0x01,0x01,0x01, 
	0x02,0x03,0x03,0x03, 
	0x04,0x05,0x07,0x01, 
	0x01,0x01,0x01,0x01, 
	0x01,0x03,0x00,0x00, 
	0x00,0x00,0x00,0x00, 
	0x00,0x00,0x00,0x00, 
	0x43,0x00,0x00,0x00, 
	0xd8,0x0e,0xfe,0x3f, 
	0xd8,0x0e,0xfe,0x3f, 
	0x00,0x28,0xfe,0x3f, 
	0x50,0x36,0xfe,0x3f, 
	0x00,0x00,0x00,0x60, 
	0x00,0x00,0x00,0x60, 
	0x54,0x0c,0xfe,0x3f, 
	0xf4,0x03,0xfe,0x3f, 
	0x00,0x00,0x00,0x00, 
	0x01,0x00,0x00,0x00, 
	0xd4,0x0e,0xfe,0x3f, 
	0x04,0x04,0xfe,0x3f, 
	0x00,0x00,0x00,0x00, 
	0x00,0x00,0x00,0x00, 
	0xf4,0x06,0xfe,0x3f, 
	0x50,0x07,0xfe,0x3f, 
	0xac,0x07,0xfe,0x3f, 
	0x00,0x00,0x00,0x00, 
	0x00,0x00,0x00,0x00, 
	0x00,0x00,0x00,0x00, 
	0x00,0x00,0x00,0x00, 
	0x00,0x00,0x00,0x00, 
	0x00,0x00,0x00,0x00, 
	0x00,0x00,0x00,0x00, 
	0x00,0x00,0x00,0x00, 
	0x00,0x00,0x00,0x00, 
	0xd0,0x03,0xfe,0x3f, 
	0x00,0x00,0x00,0x00, 
	0x00,0x00,0x00,0x00, 
	0x00,0x00,0x00,0x00, 
	0x00,0x00,0x00,0x00, 
	0x00,0x00,0x00,0x00, 
	0x00,0x00,0x00,0x00, 
	0x00,0x00,0x00,0x00, 
	0x00,0x00,0x00,0x00, 
	0x00,0x00,0x00,0x00, 
	0x00,0x00,0x00,0x00, 
	0x00,0x00,0x00,0x00, 
	0x00,0x00,0x00,0x00, 
	0x00,0x00,0x00,0x00, 
	0x00,0x00,0x00,0x00, 
	0x00,0x00,0x00,0x00, 
	0x00,0x00,0x00,0x00, 
	0x00,0x00,0x00,0x00, 
	0x00,0x00,0x00,0x00, 
	0x00,0x00,0x00,0x00, 
	0x00,0x00,0x00,0x00, 
	0x00,0x00,0x00,0x00, 
	0x00,0x00,0x00,0x00, 
	0x00,0x00,0x00,0x00, 
	0x00,0x00,0x00,0x00, 
	0x00,0x00,0x00,0x00, 
	0x00,0x00,0x00,0x00, 
	0x00,0x00,0x00,0x00, 
	0x00,0x00,0x00,0x00, 
	0x01,0x00,0x00,0x00, 
	0x00,0x00,0x00,0x00, 
	0x0e,0x33,0xcd,0xab, 
	0x34,0x12,0x6d,0xe6, 
	0xec,0xde,0x05,0x00, 
	0x0b,0x00,0x00,0x00, 
	0x00,0x00,0x00,0x00, 
	0x00,0x00,0x00,0x00, 
	0x00,0x00,0x00,0x00, 
	0x00,0x00,0x00,0x00, 
	0x00,0x00,0x00,0x00, 
	0x00,0x00,0x00,0x00, 
	0x00,0x00,0x00,0x00, 
	0x00,0x00,0x00,0x00, 
	0x00,0x00,0x00,0x00, 
	0x00,0x00,0x00,0x00, 
	0x00,0x00,0x00,0x00, 
	0x00,0x00,0x00,0x00, 
	0x00,0x00,0x00,0x00, 
	0x00,0x00,0x00,0x00, 
	0x00,0x00,0x00,0x00, 
	0x00,0x00,0x00,0x00, 
	0x00,0x00,0x00,0x00, 
	0x00,0x00,0x00,0x00, 
	0x00,0x00,0x00,0x00, 
	0x00,0x00,0x00,0x00, 
	0x00,0x00,0x00,0x00, 
	0x00,0x00,0x00,0x00, 
	0x00,0x00,0x00,0x00, 
	0x00,0x00,0x00,0x00, 
	0x00,0x00,0x00,0x00, 
	0x00,0x00,0x00,0x00, 
	0x00,0x00,0x00,0x00, 
	0x00,0x00,0x00,0x00, 
	0x00,0x00,0x00,0x00, 
	0x00,0x00,0x00,0x00, 
	0x00,0x00,0x00,0x00, 
	0x00,0x00,0x00,0x00, 
	0x00,0x00,0x00,0x00, 
	0x00,0x00,0x00,0x00, 
	0x00,0x00,0x00,0x00, 
	0x00,0x00,0x00,0x00, 
	0x00,0x00,0x00,0x00, 
	0x00,0x00,0x00,0x00, 
	0x00,0x00,0x00,0x00, 
	0x00,0x00,0x00,0x00, 
	0x00,0x00,0x00,0x00, 
	0x00,0x00,0x00,0x00, 
	0x00,0x00,0x00,0x00, 
	0x00,0x00,0x00,0x00, 
	0x00,0x00,0x00,0x00, 
	0x00,0x00,0x00,0x00, 
	0x00,0x00,0x00,0x00, 
	0x00,0x00,0x00,0x00, 
	0x00,0x00,0x00,0x00, 
	0x00,0x00,0x00,0x00, 
	0x00,0x00,0x00,0x00, 
	0x00,0x00,0x00,0x00, 
	0x00,0x00,0x00,0x00, 
	0x00,0x00,0x00,0x00, 
	0x00,0x00,0x00,0x00, 
	0x00,0x00,0x00,0x00, 
	0x00,0x00,0x00,0x00, 
	0x00,0x00,0x00,0x00, 
	0x00,0x00,0x00,0x00, 
	0x00,0x00,0x00,0x00, 
	0x00,0x00,0x00,0x00, 
	0x00,0x00,0x00,0x00, 
	0x00,0x00,0x00,0x00, 
	0x00,0x00,0x00,0x00, 
	0x00,0x00,0x00,0x00, 
	0x00,0x00,0x00,0x00, 
	0x00,0x00,0x00,0x00, 
	0x00,0x00,0x00,0x00, 
	0x00,0x00,0x00,0x00, 
	0x00,0x00,0x00,0x00, 
	0x00,0x00,0x00,0x00, 
	0x00,0x00,0x00,0x00, 
	0x00,0x00,0x00,0x00, 
	0x00,0x00,0x00,0x00, 
	0x00,0x00,0x00,0x00, 
	0x00,0x00,0x00,0x00, 
	0x00,0x00,0x00,0x00, 
	0x00,0x00,0x00,0x00, 
	0x00,0x00,0x00,0x00, 
	0x00,0x00,0x00,0x00, 
	0x00,0x00,0x00,0x00, 
	0x00,0x00,0x00,0x00, 
	0x00,0x00,0x00,0x00, 
	0x00,0x00,0x00,0x00, 
	0x00,0x00,0x00,0x00, 
	0x00,0x00,0x00,0x00, 
	0x00,0x00,0x00,0x00, 
	0x00,0x00,0x00,0x00, 
	0x00,0x00,0x00,0x00, 
	0x00,0x00,0x00,0x00, 
	0x00,0x00,0x00,0x00, 
	0x00,0x00,0x00,0x00, 
	0x00,0x00,0x00,0x00, 
	0x00,0x00,0x00,0x00, 
	0x00,0x00,0x00,0x00, 
	0x00,0x00,0x00,0x00, 
	0x00,0x00,0x00,0x00, 
	0x00,0x00,0x00,0x00, 
	0x00,0x00,0x00,0x00, 
	0x00,0x00,0x00,0x00, 
	0x00,0x00,0x00,0x00, 
	0x00,0x00,0x00,0x00, 
	0x00,0x00,0x00,0x00, 
	0x00,0x00,0x00,0x00, 
	0x00,0x00,0x00,0x00, 
	0x00,0x00,0x00,0x00, 
	0x00,0x00,0x00,0x00, 
	0x00,0x00,0x00,0x00, 
	0x00,0x00,0x00,0x00, 
	0x00,0x00,0x00,0x00, 
	0x00,0x00,0x00,0x00, 
	0x00,0x00,0x00,0x00, 
	0x00,0x00,0x00,0x00, 
	0x00,0x00,0x00,0x00, 
	0x00,0x00,0x00,0x00, 
	0x00,0x00,0x00,0x00, 
	0x00,0x00,0x00,0x00, 
	0x00,0x00,0x00,0x00, 
	0x00,0x00,0x00,0x00, 
	0x00,0x00,0x00,0x00, 
	0x00,0x00,0x00,0x00, 
	0x00,0x00,0x00,0x00, 
	0x00,0x00,0x00,0x00, 
	0x00,0x00,0x00,0x00, 
	0x00,0x00,0x00,0x00, 
	0x00,0x00,0x00,0x00, 
	0x00,0x00,0x00,0x00, 
	0x00,0x00,0x00,0x00, 
	0x00,0x00,0x00,0x00, 
	0x00,0x00,0x00,0x00, 
	0x00,0x00,0x00,0x00, 
	0x00,0x00,0x00,0x00, 
	0x00,0x00,0x00,0x00, 
	0x00,0x00,0x00,0x00, 
	0x00,0x00,0x00,0x00, 
	0x00,0x00,0x00,0x00, 
	0x00,0x00,0x00,0x00, 
	0x00,0x00,0x00,0x00, 
	0x00,0x00,0x00,0x00, 
	0x00,0x00,0x00,0x00, 
	0x00,0x00,0x00,0x00, 
	0x00,0x00,0x00,0x00, 
	0x00,0x00,0x00,0x00, 
	0x00,0x00,0x00,0x00, 
	0x00,0x00,0x00,0x00, 
	0x00,0x00,0x00,0x00, 
	0x00,0x00,0x00,0x00, 
	0x00,0x00,0x00,0x00, 
	0x00,0x00,0x00,0x00, 
	0x00,0x00,0x00,0x00, 
	0x00,0x00,0x00,0x00, 
	0x00,0x00,0x00,0x00, 
	0x00,0x00,0x00,0x00, 
	0x00,0x00,0x00,0x00, 
	0x00,0x00,0x00,0x00, 
	0x00,0x00,0x00,0x00, 
	0x00,0x00,0x00,0x00, 
	0x00,0x00,0x00,0x00, 
	0x00,0x00,0x00,0x00, 
	0x00,0x00,0x00,0x00, 
	0x00,0x00,0x00,0x00, 
	0x00,0x00,0x00,0x00, 
	0x00,0x00,0x00,0x00, 
	0x00,0x00,0x00,0x00, 
	0x00,0x00,0x00,0x00, 
	0x00,0x00,0x00,0x00, 
	0x00,0x00,0x00,0x00, 
	0x00,0x00,0x00,0x00, 
	0x00,0x00,0x00,0x00, 
	0x00,0x00,0x00,0x00, 
	0x00,0x00,0x00,0x00, 
	0x00,0x00,0x00,0x00, 
	0x00,0x00,0x00,0x00, 
	0x00,0x00,0x00,0x00, 
	0x00,0x00,0x00,0x00, 
	0x00,0x00,0x00,0x00, 
	0x00,0x00,0x00,0x00, 
	0x00,0x00,0x00,0x00, 
	0x00,0x00,0x00,0x00, 
	0x00,0x00,0x00,0x00, 
	0x00,0x00,0x00,0x00, 
	0x00,0x00,0x00,0x00, 
	0x00,0x00,0x00,0x00, 
	0x00,0x00,0x00,0x00, 
	0x00,0x00,0x00,0x00, 
	0x00,0x00,0x00,0x00, 
	0x00,0x00,0x00,0x00, 
	0x00,0x00,0x00,0x00, 
	0x00,0x00,0x00,0x00, 
	0x00,0x00,0x00,0x00, 
	0x00,0x00,0x00,0x00, 
	0x00,0x00,0x00,0x00, 
	0x00,0x00,0x00,0x00, 
	0x00,0x00,0x00,0x00, 
	0x00,0x00,0x00,0x00, 
	0x00,0x00,0x00,0x00, 
	0x00,0x00,0x00,0x00, 
	0x00,0x00,0x00,0x00, 
	0x00,0x00,0x00,0x00, 
	0x00,0x00,0x00,0x00, 
	0x00,0x00,0x00,0x00, 
	0x00,0x00,0x00,0x00, 
	0x00,0x00,0x00,0x00, 
	0x00,0x00,0x00,0x00, 
	0x00,0x00,0x00,0x00, 
	0x00,0x00,0x00,0x00, 
	0x00,0x00,0x00,0x00, 
	0x00,0x00,0x00,0x00, 
	0x08,0x04,0xfe,0x3f, 
	0x00,0x00,0x00,0x00, 
	0x00,0x00,0x02,0x00, 
	0xff,0xff,0xff,0xff, 
	0x00,0x00,0x00,0x00, 
	0x00,0x00,0x00,0x00, 
	0x00,0x00,0x00,0x00, 
	0x00,0x00,0x00,0x00, 
	0x00,0x00,0x00,0x00, 
	0x00,0x00,0x00,0x00, 
	0x00,0x00,0x00,0x00, 
	0x00,0x00,0x00,0x00, 
	0x00,0x00,0x00,0x00, 
	0x00,0x00,0x00,0x00, 
	0x00,0x00,0x00,0x00, 
	0x00,0x00,0x00,0x00, 
	0x40,0x08,0xfe,0x3f, 
	0x40,0x08,0xfe,0x3f, 
	0x48,0x08,0xfe,0x3f, 
	0x48,0x08,0xfe,0x3f, 
	0x50,0x08,0xfe,0x3f, 
	0x50,0x08,0xfe,0x3f, 
	0x58,0x08,0xfe,0x3f, 
	0x58,0x08,0xfe,0x3f, 
	0x60,0x08,0xfe,0x3f, 
	0x60,0x08,0xfe,0x3f, 
	0x68,0x08,0xfe,0x3f, 
	0x68,0x08,0xfe,0x3f, 
	0x70,0x08,0xfe,0x3f, 
	0x70,0x08,0xfe,0x3f, 
	0x78,0x08,0xfe,0x3f, 
	0x78,0x08,0xfe,0x3f, 
	0x80,0x08,0xfe,0x3f, 
	0x80,0x08,0xfe,0x3f, 
	0x88,0x08,0xfe,0x3f, 
	0x88,0x08,0xfe,0x3f, 
	0x90,0x08,0xfe,0x3f, 
	0x90,0x08,0xfe,0x3f, 
	0x98,0x08,0xfe,0x3f, 
	0x98,0x08,0xfe,0x3f, 
	0xa0,0x08,0xfe,0x3f, 
	0xa0,0x08,0xfe,0x3f, 
	0xa8,0x08,0xfe,0x3f, 
	0xa8,0x08,0xfe,0x3f, 
	0xb0,0x08,0xfe,0x3f, 
	0xb0,0x08,0xfe,0x3f, 
	0xb8,0x08,0xfe,0x3f, 
	0xb8,0x08,0xfe,0x3f, 
	0xc0,0x08,0xfe,0x3f, 
	0xc0,0x08,0xfe,0x3f, 
	0xc8,0x08,0xfe,0x3f, 
	0xc8,0x08,0xfe,0x3f, 
	0xd0,0x08,0xfe,0x3f, 
	0xd0,0x08,0xfe,0x3f, 
	0xd8,0x08,0xfe,0x3f, 
	0xd8,0x08,0xfe,0x3f, 
	0xe0,0x08,0xfe,0x3f, 
	0xe0,0x08,0xfe,0x3f, 
	0xe8,0x08,0xfe,0x3f, 
	0xe8,0x08,0xfe,0x3f, 
	0xf0,0x08,0xfe,0x3f, 
	0xf0,0x08,0xfe,0x3f, 
	0xf8,0x08,0xfe,0x3f, 
	0xf8,0x08,0xfe,0x3f, 
	0x00,0x09,0xfe,0x3f, 
	0x00,0x09,0xfe,0x3f, 
	0x08,0x09,0xfe,0x3f, 
	0x08,0x09,0xfe,0x3f, 
	0x10,0x09,0xfe,0x3f, 
	0x10,0x09,0xfe,0x3f, 
	0x18,0x09,0xfe,0x3f, 
	0x18,0x09,0xfe,0x3f, 
	0x20,0x09,0xfe,0x3f, 
	0x20,0x09,0xfe,0x3f, 
	0x28,0x09,0xfe,0x3f, 
	0x28,0x09,0xfe,0x3f, 
	0x30,0x09,0xfe,0x3f, 
	0x30,0x09,0xfe,0x3f, 
	0x38,0x09,0xfe,0x3f, 
	0x38,0x09,0xfe,0x3f, 
	0x40,0x09,0xfe,0x3f, 
	0x40,0x09,0xfe,0x3f, 
	0x48,0x09,0xfe,0x3f, 
	0x48,0x09,0xfe,0x3f, 
	0x50,0x09,0xfe,0x3f, 
	0x50,0x09,0xfe,0x3f, 
	0x58,0x09,0xfe,0x3f, 
	0x58,0x09,0xfe,0x3f, 
	0x60,0x09,0xfe,0x3f, 
	0x60,0x09,0xfe,0x3f, 
	0x68,0x09,0xfe,0x3f, 
	0x68,0x09,0xfe,0x3f, 
	0x70,0x09,0xfe,0x3f, 
	0x70,0x09,0xfe,0x3f, 
	0x78,0x09,0xfe,0x3f, 
	0x78,0x09,0xfe,0x3f, 
	0x80,0x09,0xfe,0x3f, 
	0x80,0x09,0xfe,0x3f, 
	0x88,0x09,0xfe,0x3f, 
	0x88,0x09,0xfe,0x3f, 
	0x90,0x09,0xfe,0x3f, 
	0x90,0x09,0xfe,0x3f, 
	0x98,0x09,0xfe,0x3f, 
	0x98,0x09,0xfe,0x3f, 
	0xa0,0x09,0xfe,0x3f, 
	0xa0,0x09,0xfe,0x3f, 
	0xa8,0x09,0xfe,0x3f, 
	0xa8,0x09,0xfe,0x3f, 
	0xb0,0x09,0xfe,0x3f, 
	0xb0,0x09,0xfe,0x3f, 
	0xb8,0x09,0xfe,0x3f, 
	0xb8,0x09,0xfe,0x3f, 
	0xc0,0x09,0xfe,0x3f, 
	0xc0,0x09,0xfe,0x3f, 
	0xc8,0x09,0xfe,0x3f, 
	0xc8,0x09,0xfe,0x3f, 
	0xd0,0x09,0xfe,0x3f, 
	0xd0,0x09,0xfe,0x3f, 
	0xd8,0x09,0xfe,0x3f, 
	0xd8,0x09,0xfe,0x3f, 
	0xe0,0x09,0xfe,0x3f, 
	0xe0,0x09,0xfe,0x3f, 
	0xe8,0x09,0xfe,0x3f, 
	0xe8,0x09,0xfe,0x3f, 
	0xf0,0x09,0xfe,0x3f, 
	0xf0,0x09,0xfe,0x3f, 
	0xf8,0x09,0xfe,0x3f, 
	0xf8,0x09,0xfe,0x3f, 
	0x00,0x0a,0xfe,0x3f, 
	0x00,0x0a,0xfe,0x3f, 
	0x08,0x0a,0xfe,0x3f, 
	0x08,0x0a,0xfe,0x3f, 
	0x10,0x0a,0xfe,0x3f, 
	0x10,0x0a,0xfe,0x3f, 
	0x18,0x0a,0xfe,0x3f, 
	0x18,0x0a,0xfe,0x3f, 
	0x20,0x0a,0xfe,0x3f, 
	0x20,0x0a,0xfe,0x3f, 
	0x28,0x0a,0xfe,0x3f, 
	0x28,0x0a,0xfe,0x3f, 
	0x30,0x0a,0xfe,0x3f, 
	0x30,0x0a,0xfe,0x3f, 
	0x38,0x0a,0xfe,0x3f, 
	0x38,0x0a,0xfe,0x3f, 
	0x40,0x0a,0xfe,0x3f, 
	0x40,0x0a,0xfe,0x3f, 
	0x48,0x0a,0xfe,0x3f, 
	0x48,0x0a,0xfe,0x3f, 
	0x50,0x0a,0xfe,0x3f, 
	0x50,0x0a,0xfe,0x3f, 
	0x58,0x0a,0xfe,0x3f, 
	0x58,0x0a,0xfe,0x3f, 
	0x60,0x0a,0xfe,0x3f, 
	0x60,0x0a,0xfe,0x3f, 
	0x68,0x0a,0xfe,0x3f, 
	0x68,0x0a,0xfe,0x3f, 
	0x70,0x0a,0xfe,0x3f, 
	0x70,0x0a,0xfe,0x3f, 
	0x78,0x0a,0xfe,0x3f, 
	0x78,0x0a,0xfe,0x3f, 
	0x80,0x0a,0xfe,0x3f, 
	0x80,0x0a,0xfe,0x3f, 
	0x88,0x0a,0xfe,0x3f, 
	0x88,0x0a,0xfe,0x3f, 
	0x90,0x0a,0xfe,0x3f, 
	0x90,0x0a,0xfe,0x3f, 
	0x98,0x0a,0xfe,0x3f, 
	0x98,0x0a,0xfe,0x3f, 
	0xa0,0x0a,0xfe,0x3f, 
	0xa0,0x0a,0xfe,0x3f, 
	0xa8,0x0a,0xfe,0x3f, 
	0xa8,0x0a,0xfe,0x3f, 
	0xb0,0x0a,0xfe,0x3f, 
	0xb0,0x0a,0xfe,0x3f, 
	0xb8,0x0a,0xfe,0x3f, 
	0xb8,0x0a,0xfe,0x3f, 
	0xc0,0x0a,0xfe,0x3f, 
	0xc0,0x0a,0xfe,0x3f, 
	0xc8,0x0a,0xfe,0x3f, 
	0xc8,0x0a,0xfe,0x3f, 
	0xd0,0x0a,0xfe,0x3f, 
	0xd0,0x0a,0xfe,0x3f, 
	0xd8,0x0a,0xfe,0x3f, 
	0xd8,0x0a,0xfe,0x3f, 
	0xe0,0x0a,0xfe,0x3f, 
	0xe0,0x0a,0xfe,0x3f, 
	0xe8,0x0a,0xfe,0x3f, 
	0xe8,0x0a,0xfe,0x3f, 
	0xf0,0x0a,0xfe,0x3f, 
	0xf0,0x0a,0xfe,0x3f, 
	0xf8,0x0a,0xfe,0x3f, 
	0xf8,0x0a,0xfe,0x3f, 
	0x00,0x0b,0xfe,0x3f, 
	0x00,0x0b,0xfe,0x3f, 
	0x08,0x0b,0xfe,0x3f, 
	0x08,0x0b,0xfe,0x3f, 
	0x10,0x0b,0xfe,0x3f, 
	0x10,0x0b,0xfe,0x3f, 
	0x18,0x0b,0xfe,0x3f, 
	0x18,0x0b,0xfe,0x3f, 
	0x20,0x0b,0xfe,0x3f, 
	0x20,0x0b,0xfe,0x3f, 
	0x28,0x0b,0xfe,0x3f, 
	0x28,0x0b,0xfe,0x3f, 
	0x30,0x0b,0xfe,0x3f, 
	0x30,0x0b,0xfe,0x3f, 
	0x38,0x0b,0xfe,0x3f, 
	0x38,0x0b,0xfe,0x3f, 
	0x40,0x0b,0xfe,0x3f, 
	0x40,0x0b,0xfe,0x3f, 
	0x48,0x0b,0xfe,0x3f, 
	0x48,0x0b,0xfe,0x3f, 
	0x50,0x0b,0xfe,0x3f, 
	0x50,0x0b,0xfe,0x3f, 
	0x58,0x0b,0xfe,0x3f, 
	0x58,0x0b,0xfe,0x3f, 
	0x60,0x0b,0xfe,0x3f, 
	0x60,0x0b,0xfe,0x3f, 
	0x68,0x0b,0xfe,0x3f, 
	0x68,0x0b,0xfe,0x3f, 
	0x70,0x0b,0xfe,0x3f, 
	0x70,0x0b,0xfe,0x3f, 
	0x78,0x0b,0xfe,0x3f, 
	0x78,0x0b,0xfe,0x3f, 
	0x80,0x0b,0xfe,0x3f, 
	0x80,0x0b,0xfe,0x3f, 
	0x88,0x0b,0xfe,0x3f, 
	0x88,0x0b,0xfe,0x3f, 
	0x90,0x0b,0xfe,0x3f, 
	0x90,0x0b,0xfe,0x3f, 
	0x98,0x0b,0xfe,0x3f, 
	0x98,0x0b,0xfe,0x3f, 
	0xa0,0x0b,0xfe,0x3f, 
	0xa0,0x0b,0xfe,0x3f, 
	0xa8,0x0b,0xfe,0x3f, 
	0xa8,0x0b,0xfe,0x3f, 
	0xb0,0x0b,0xfe,0x3f, 
	0xb0,0x0b,0xfe,0x3f, 
	0xb8,0x0b,0xfe,0x3f, 
	0xb8,0x0b,0xfe,0x3f, 
	0xc0,0x0b,0xfe,0x3f, 
	0xc0,0x0b,0xfe,0x3f, 
	0xc8,0x0b,0xfe,0x3f, 
	0xc8,0x0b,0xfe,0x3f, 
	0xd0,0x0b,0xfe,0x3f, 
	0xd0,0x0b,0xfe,0x3f, 
	0xd8,0x0b,0xfe,0x3f, 
	0xd8,0x0b,0xfe,0x3f, 
	0xe0,0x0b,0xfe,0x3f, 
	0xe0,0x0b,0xfe,0x3f, 
	0xe8,0x0b,0xfe,0x3f, 
	0xe8,0x0b,0xfe,0x3f, 
	0xf0,0x0b,0xfe,0x3f, 
	0xf0,0x0b,0xfe,0x3f, 
	0xf8,0x0b,0xfe,0x3f, 
	0xf8,0x0b,0xfe,0x3f, 
	0x00,0x0c,0xfe,0x3f, 
	0x00,0x0c,0xfe,0x3f, 
	0x08,0x0c,0xfe,0x3f, 
	0x08,0x0c,0xfe,0x3f, 
	0x10,0x0c,0xfe,0x3f, 
	0x10,0x0c,0xfe,0x3f, 
	0x18,0x0c,0xfe,0x3f, 
	0x18,0x0c,0xfe,0x3f, 
	0x20,0x0c,0xfe,0x3f, 
	0x20,0x0c,0xfe,0x3f, 
	0x28,0x0c,0xfe,0x3f, 
	0x28,0x0c,0xfe,0x3f, 
	0x30,0x0c,0xfe,0x3f, 
	0x30,0x0c,0xfe,0x3f, 
	0x38,0x0c,0xfe,0x3f, 
	0x38,0x0c,0xfe,0x3f, 
	0x00,0x28,0xfe,0x3f, 
	0x00,0x00,0x00,0x00, 
	0x00,0x00,0x00,0x00, 
	0x94,0x64,0x00,0x40, 
	0x88,0x5d,0x00,0x40, 
	0x94,0x64,0x00,0x40, 
	0x94,0x64,0x00,0x40, 
	0xe8,0x5d,0x00,0x40, 
	0xc4,0x5c,0x00,0x40, 
	0x94,0x64,0x00,0x40, 
	0x94,0x64,0x00,0x40, 
	0x94,0x64,0x00,0x40, 
	0x94,0x64,0x00,0x40, 
	0x94,0x64,0x00,0x40, 
	0x94,0x64,0x00,0x40, 
	0x94,0x64,0x00,0x40, 
	0x94,0x64,0x00,0x40, 
	0x94,0x64,0x00,0x40, 
	0x94,0x64,0x00,0x40, 
	0x94,0x64,0x00,0x40, 
	0x94,0x64,0x00,0x40, 
	0x94,0x64,0x00,0x40, 
	0x94,0x64,0x00,0x40, 
	0x94,0x64,0x00,0x40, 
	0x94,0x64,0x00,0x40, 
	0x94,0x64,0x00,0x40, 
	0x94,0x64,0x00,0x40, 
	0x94,0x64,0x00,0x40, 
	0x94,0x64,0x00,0x40, 
	0x94,0x64,0x00,0x40, 
	0x94,0x64,0x00,0x40, 
	0x94,0x64,0x00,0x40, 
	0x94,0x64,0x00,0x40, 
	0x94,0x64,0x00,0x40, 
	0x94,0x64,0x00,0x40, 
	0x94,0x64,0x00,0x40, 
	0x94,0x64,0x00,0x40, 
	0x94,0x64,0x00,0x40, 
	0x94,0x64,0x00,0x40, 
	0x94,0x64,0x00,0x40, 
	0x94,0x64,0x00,0x40, 
	0x94,0x64,0x00,0x40, 
	0x94,0x64,0x00,0x40, 
	0x94,0x64,0x00,0x40, 
	0x94,0x64,0x00,0x40, 
	0x94,0x64,0x00,0x40, 
	0x94,0x64,0x00,0x40, 
	0x94,0x64,0x00,0x40, 
	0x94,0x64,0x00,0x40, 
	0x94,0x64,0x00,0x40, 
	0x94,0x64,0x00,0x40, 
	0x94,0x64,0x00,0x40, 
	0x94,0x64,0x00,0x40, 
	0x94,0x64,0x00,0x40, 
	0x94,0x64,0x00,0x40, 
	0x94,0x64,0x00,0x40, 
	0x94,0x64,0x00,0x40, 
	0x94,0x64,0x00,0x40, 
	0x94,0x64,0x00,0x40, 
	0x94,0x64,0x00,0x40, 
	0x94,0x64,0x00,0x40, 
	0x94,0x64,0x00,0x40, 
	0x94,0x64,0x00,0x40, 
	0x94,0x64,0x00,0x40, 
	0x94,0x64,0x00,0x40, 
	0x94,0x64,0x00,0x40, 
	0x94,0x64,0x00,0x40, 
	0x00,0x00,0x00,0x00, 
	0x00,0x00,0x00,0x00, 
	0x00,0x00,0x00,0x00, 
	0x00,0x00,0x00,0x00, 
	0xff,0xff,0xff,0xff, 
	0x8c,0x64,0x00,0x40, 
	0x15,0x00,0x00,0x00, 
	0x8c,0x64,0x00,0x40, 
	0x14,0x00,0x00,0x00, 
	0x8c,0x64,0x00,0x40, 
	0x13,0x00,0x00,0x00, 
	0x8c,0x64,0x00,0x40, 
	0x12,0x00,0x00,0x00, 
	0x8c,0x64,0x00,0x40, 
	0x11,0x00,0x00,0x00, 
	0x8c,0x64,0x00,0x40, 
	0x10,0x00,0x00,0x00, 
	0x8c,0x64,0x00,0x40, 
	0x0f,0x00,0x00,0x00, 
	0x8c,0x64,0x00,0x40, 
	0x0e,0x00,0x00,0x00, 
	0x8c,0x64,0x00,0x40, 
	0x0d,0x00,0x00,0x00, 
	0x8c,0x64,0x00,0x40, 
	0x0c,0x00,0x00,0x00, 
	0x8c,0x64,0x00,0x40, 
	0x0b,0x00,0x00,0x00, 
	0x8c,0x64,0x00,0x40, 
	0x0a,0x00,0x00,0x00, 
	0x8c,0x64,0x00,0x40, 
	0x09,0x00,0x00,0x00, 
	0x8c,0x64,0x00,0x40, 
	0x08,0x00,0x00,0x00, 
	0x8c,0x64,0x00,0x40, 
	0x07,0x00,0x00,0x00, 
	0x8c,0x64,0x00,0x40, 
	0x06,0x00,0x00,0x00, 
	0x8c,0x64,0x00,0x40, 
	0x05,0x00,0x00,0x00, 
	0x8c,0x64,0x00,0x40, 
	0x04,0x00,0x00,0x00, 
	0x8c,0x64,0x00,0x40, 
	0x03,0x00,0x00,0x00, 
	0x8c,0x64,0x00,0x40, 
	0x02,0x00,0x00,0x00, 
	0x8c,0x64,0x00,0x40, 
	0x01,0x00,0x00,0x00, 
	0x8c,0x64,0x00,0x40, 
	0x00,0x00,0x00,0x00, 
	0x00,0x7f,0xe0,0xff, 
	0x00,0x00,0x20,0x00, 
	0x00,0x7f,0xe0,0xff, 
	0x00,0x00,0x10,0x00, 
	0x00,0x7f,0xf0,0xff, 
	0x00,0x00,0x08,0x00, 
	0x00,0x7f,0xf8,0xff, 
	0x00,0x00,0x04,0x00, 
	0x00,0x7f,0xfc,0xff, 
	0x00,0x00,0x02,0x00, 
	0x00,0x7f,0xfe,0xff, 
	0x00,0x00,0x01,0x00, 
	0x00,0x7f,0xff,0xff, 
	0x00,0x80,0x00,0x00, 
	0x00,0xff,0xff,0xff, 
	0x00,0x40,0x00,0x00, 
	0x00,0xff,0xff,0xff, 
	0x00,0x20,0x00,0x00, 
	0x00,0xff,0xff,0xff, 
	0x00,0x10,0x00,0x00, 
	0x00,0xff,0xff,0xff, 
	0x00,0x08,0x00,0x00, 
	0x00,0xff,0xff,0xff, 
	0x00,0x04,0x00,0x00, 
	0x00,0xff,0xff,0xff, 
	0x00,0x02,0x00,0x00, 
	0x00,0xff,0xff,0xff, 
	0x00,0x01,0x00,0x00, 
	0x00,0xff,0xff,0xff, 
	0x80,0x00,0x00,0x00, 
	0x80,0xff,0xff,0xff, 
	0x40,0x00,0x00,0x00, 
	0xc0,0xff,0xff,0xff, 
	0x20,0x00,0x00,0x00, 
	0xe0,0xff,0xff,0xff, 
	0x10,0x00,0x00,0x00, 
	0xf0,0xff,0xff,0xff, 
	0x08,0x00,0x00,0x00, 
	0xf8,0xff,0xff,0xff, 
	0x04,0x00,0x00,0x00, 
	0xfc,0xff,0xff,0xff, 
	0x02,0x00,0x00,0x00, 
	0xfe,0xff,0xff,0xff, 
	0x01,0x00,0x00,0x00, 
	0xff,0xff,0xff,0xff, 
	0x00,0x00,0x00,0x00, 
	0xff,0xff,0xff,0xff, 
	0x00,0x00,0x00,0x00, 
	0x00,0x00,0x00,0x00, 
	0x00,0x00,0x00,0x00, 
	0x00,0x00,0x00,0x00, 
	0x00,0x00,0x00,0x00, 
	0x00,0x00,0x00,0x00, 
	0x00,0x00,0x00,0x00, 
	0x00,0x00,0x00,0x00, 
	0x00,0x00,0x00,0x00, 
	0x00,0x00,0x00,0x00, 
	0x00,0x00,0x00,0x00, 
	0x00,0x00,0x00,0x00, 
	0x00,0x00,0x00,0x00, 
	0x00,0x00,0x00,0x00, 
	0x00,0x00,0x00,0x00, 
	0x00,0x00,0x00,0x00, 
	0x00,0x00,0x00,0x00, 
	0x00,0x00,0x00,0x00, 
	0x00,0x00,0x00,0x00, 
	0x00,0x00,0x00,0x00, 
	0x00,0x00,0x00,0x00, 
	0x00,0x00,0x00,0x00, 
	0x00,0x00,0x00,0x00, 
	0x00,0x00,0x00,0x00, 
	0x00,0x00,0x00,0x00, 
	0x00,0x00,0x00,0x00, 
	0x00,0x00,0x00,0x00, 
	0x00,0x00,0x00,0x00, 
	0x00,0x00,0x00,0x00, 
	0x00,0x00,0x00,0x00, 
	0x00,0x00,0x00,0x00, 
	0x00,0x00,0x00,0x00, 
	0x00,0x00,0x00,0x00, 
	0x00,0x00,0x00,0x00, 
	0x00,0x00,0x00,0x00, 
	0x00,0x00,0x00,0x00, 
	0x00,0x00,0x00,0x00, 
	0x00,0x00,0x00,0x00, 
	0x00,0x00,0x00,0x00, 
	0x00,0x00,0x00,0x00, 
	0x00,0x00,0x00,0x00, 
	0x00,0x00,0x00,0x00, 
	0x00,0x00,0x00,0x00, 
	0x00,0x00,0x00,0x00, 
	0x00,0x00,0x00,0x00, 
	0x00,0x00,0x00,0x00, 
	0x00,0x00,0x00,0x00, 
	0x00,0x00,0x00,0x00, 
	0x00,0x00,0x00,0x00, 
	0x00,0x00,0x00,0x00, 
	0x00,0x00,0x00,0x00, 
	0x00,0x00,0x00,0x00, 
	0x00,0x00,0x00,0x00, 
	0x00,0x00,0x00,0x00, 
	0x00,0x00,0x00,0x00, 
	0x00,0x00,0x00,0x00, 
	0x00,0x00,0x00,0x00, 
	0x00,0x00,0x00,0x00, 
	0x00,0x00,0x00,0x00, 
	0x00,0x00,0x00,0x00, 
	0x00,0x00,0x00,0x00, 
	0x00,0x00,0x00,0x00, 
	0x00,0x00,0x00,0x00, 
	0x00,0x00,0x00,0x00, 
	0x00,0x00,0x00,0x00, 
	0x00,0x00,0x00,0x00, 
	0x00,0x00,0x00,0x00, 
	0x00,0x00,0x00,0x00, 
	0x00,0x00,0x00,0x00, 
	0x00,0x00,0x00,0x00, 
	0x00,0x00,0x00,0x00, 
	0x00,0x00,0x00,0x00, 
	0x00,0x00,0x00,0x00, 
	0x00,0x00,0x00,0x00, 
	0x00,0x00,0x00,0x00, 
	0x00,0x00,0x00,0x00, 
	0x00,0x00,0x00,0x00, 
	0x00,0x00,0x00,0x00, 
	0x00,0x00,0x00,0x00, 
	0x00,0x00,0x00,0x00, 
	0x00,0x00,0x00,0x00, 
	0x00,0x00,0x00,0x00, 
	0x00,0x00,0x00,0x00, 
	0x00,0x00,0x00,0x00, 
	0x00,0x00,0x00,0x00, 
	0x00,0x00,0x00,0x00, 
	0x00,0x00,0x00,0x00, 
	0x00,0x00,0x00,0x00, 
	0x00,0x00,0x00,0x00, 
	0x00,0x00,0x00,0x00, 
	0x00,0x00,0x00,0x00, 
	0x00,0x00,0x00,0x00, 
	0x00,0x00,0x00,0x00, 
	0x00,0x00,0x00,0x00, 
	0x00,0x00,0x00,0x00, 
	0x00,0x00,0x00,0x00, 
	0x00,0x00,0x00,0x00, 
	0x00,0x00,0x00,0x00, 
	0x00,0x00,0x00,0x00, 
	0x00,0x00,0x00,0x00, 
	0x00,0x00,0x00,0x00, 
	0x00,0x00,0x00,0x00, 
	0x00,0x00,0x00,0x00, 
	0x00,0x00,0x00,0x00, 
	0x00,0x00,0x00,0x00, 
	0x00,0x00,0x00,0x00, 
	0x00,0x00,0x00,0x00, 
	0x00,0x00,0x00,0x00, 
	0x00,0x00,0x00,0x00, 
	0x00,0x00,0x00,0x00, 
	0x00,0x00,0x00,0x00, 
	0x00,0x00,0x00,0x00, 
	0x00,0x00,0x00,0x00, 
	0x00,0x00,0x00,0x00, 
	0x00,0x00,0x00,0x00, 
	0x00,0x00,0x00,0x00, 
	0x00,0x00,0x00,0x00, 
	0x00,0x00,0x00,0x00, 
	0x00,0x00,0x00,0x00, 
	0x00,0x00,0x00,0x00, 
	0x00,0x00,0x00,0x00, 
	0x00,0x00,0x00,0x00, 
	0x00,0x00,0x00,0x00, 
	0x00,0x00,0x00,0x00, 
	0x00,0x00,0x00,0x00, 
	0x00,0x00,0x00,0x00, 
	0x00,0x00,0x00,0x00, 
	0x00,0x00,0x00,0x00, 
	0x00,0x00,0x00,0x00, 
	0x00,0x00,0x00,0x00, 
	0x00,0x00,0x00,0x00, 
	0x00,0x00,0x00,0x00, 
	0x00,0x00,0x00,0x00, 
	0x00,0x00,0x00,0x00, 
	0x00,0x00,0x00,0x00, 
	0x00,0x00,0x00,0x00, 
	0x00,0x00,0x00,0x00, 
	0x00,0x00,0x00,0x00, 
	0x00,0x00,0x00,0x00, 
	0x00,0x00,0x00,0x00, 
	0x00,0x00,0x00,0x00, 
	0x00,0x00,0x00,0x00, 
	0x00,0x00,0x00,0x00, 
	0x00,0x00,0x00,0x00, 
	0x00,0x00,0x00,0x00, 
	0x00,0x00,0x00,0x00, 
	0x00,0x00,0x00,0x00, 
	0x00,0x00,0x00,0x00, 
	0x00,0x00,0x00,0x00, 
	0x00,0x00,0x00,0x00, 
	0x00,0x00,0x00,0x00, 
	0x00,0x00,0x00,0x00, 
	0x00,0x00,0x00,0x00, 
	0x00,0x00,0x00,0x00, 
	0x00,0x00,0x00,0x00, 
	0x00,0x00,0x00,0x00, 
	0x00,0x00,0x00,0x00, 
	0x00,0x00,0x00,0x00, 
	0x00,0x00,0x00,0x00, 
	0x00,0x00,0x00,0x00, 
	0x00,0x00,0x00,0x00, 
	0x00,0x00,0x00,0x00, 
	0x00,0x00,0x00,0x00, 
	0x00,0x00,0x00,0x00, 
	0x00,0x00,0x00,0x00, 
	0x00,0x00,0x00,0x00, 
	0x00,0x00,0x00,0x00, 
	0x00,0x00,0x00,0x00, 
	0x00,0x00,0x00,0x00, 
	0x00,0x00,0x00,0x00, 
	0x00,0x00,0x00,0x00, 
	0x00,0x00,0x00,0x00, 
	0x00,0x00,0x00,0x00, 
	0x00,0x00,0x00,0x00, 
	0x00,0x00,0x00,0x00, 
	0x00,0x00,0x00,0x00, 
	0x00,0x00,0x00,0x00, 
	0x00,0x00,0x00,0x00, 
	0x00,0x00,0x00,0x00, 
	0x00,0x00,0x00,0x00, 
	0x00,0x00,0x00,0x00, 
	0x00,0x00,0x00,0x00, 
	0x00,0x00,0x00,0x00, 
	0x00,0x00,0x00,0x00, 
	0x00,0x00,0x00,0x00, 
	0x00,0x00,0x00,0x00, 
	0x00,0x00,0x00,0x00, 
	0x00,0x00,0x00,0x00, 
	0x00,0x00,0x00,0x00, 
	0x00,0x00,0x00,0x00, 
	0x00,0x00,0x00,0x00, 
	0x00,0x00,0x00,0x00, 
	0x00,0x00,0x00,0x00, 
	0x00,0x00,0x00,0x00, 
	0x00,0x00,0x00,0x00, 
	0x00,0x00,0x00,0x00, 
	0x00,0x00,0x00,0x00, 
	0x00,0x00,0x00,0x00, 
	0x00,0x00,0x00,0x00, 
	0x00,0x00,0x00,0x00, 
	0x00,0x00,0x00,0x00, 
	0x00,0x00,0x00,0x00, 
	0x00,0x00,0x00,0x00, 
	0x00,0x00,0x00,0x00, 
	0x00,0x00,0x00,0x00, 
	0x00,0x00,0x00,0x00, 
	0x00,0x00,0x00,0x00, 
	0x00,0x00,0x00,0x00, 
	0x00,0x00,0x00,0x00, 
	0x00,0x00,0x00,0x00, 
	0x00,0x00,0x00,0x00, 
	0x00,0x00,0x00,0x00, 
	0x00,0x00,0x00,0x00, 
	0x00,0x00,0x00,0x00, 
	0x00,0x00,0x00,0x00, 
	0x00,0x00,0x00,0x00, 
	0x00,0x00,0x00,0x00, 
	0x00,0x00,0x00,0x00, 
	0x00,0x00,0x00,0x00, 
	0x00,0x00,0x00,0x00, 
	0x00,0x00,0x00,0x00, 
	0x00,0x00,0x00,0x00, 
	0x00,0x00,0x00,0x00, 
	0x00,0x00,0x00,0x00, 
	0x00,0x00,0x00,0x00, 
	0x00,0x00,0x00,0x00, 
	0x00,0x00,0x00,0x00, 
	0x00,0x00,0x00,0x00, 
	0x00,0x00,0x00,0x00, 
	0x00,0x00,0x00,0x00, 
	0x00,0x00,0x00,0x00, 
	0x00,0x00,0x00,0x00, 
	0x00,0x00,0x00,0x00, 
	0x00,0x00,0x00,0x00, 
	0x00,0x00,0x00,0x00, 
	0x00,0x00,0x00,0x00, 
	0x00,0x00,0x00,0x00, 
	0x00,0x00,0x00,0x00, 
	0x00,0x00,0x00,0x00, 
	0x00,0x00,0x00,0x00, 
	0x00,0x00,0x00,0x00, 
	0x00,0x00,0x00,0x00, 
	0x00,0x00,0x00,0x00, 
	0x00,0x00,0x00,0x00, 
	0x00,0x00,0x00,0x00, 
	0x00,0x00,0x00,0x00, 
	0x00,0x00,0x00,0x00, 
	0x00,0x00,0x00,0x00, 
	0x00,0x00,0x00,0x00, 
	0x00,0x00,0x00,0x00, 
	0x00,0x00,0x00,0x00, 
	0x00,0x00,0x00,0x00, 
	0x00,0x00,0x00,0x00, 
	0x00,0x00,0x00,0x00, 
	0x00,0x00,0x00,0x00, 
	0x00,0x00,0x00,0x00, 
	0x00,0x00,0x00,0x00, 
	0x00,0x00,0x00,0x00, 
	0x00,0x00,0x00,0x00, 
	0x00,0x00,0x00,0x00, 
	0x00,0x00,0x00,0x00, 
	0x00,0x00,0x00,0x00, 
	0x00,0x00,0x00,0x00, 
	0x00,0x00,0x00,0x00, 
	0x00,0x00,0x00,0x00, 
	0x00,0x00,0x00,0x00, 
	0x00,0x00,0x00,0x00, 
	0x00,0x00,0x00,0x00, 
	0x00,0x00,0x00,0x00, 
	0x00,0x00,0x00,0x00, 
	0x00,0x00,0x00,0x00, 
	0x00,0x00,0x00,0x00, 
	0x00,0x00,0x00,0x00, 
	0x00,0x00,0x00,0x00, 
	0x00,0x00,0x00,0x00, 
	0x00,0x00,0x00,0x00, 
	0x00,0x00,0x00,0x00, 
	0x00,0x00,0x00,0x00, 
	0x00,0x00,0x00,0x00, 
	0x00,0x00,0x00,0x00, 
	0x00,0x00,0x00,0x00, 
	0x00,0x00,0x00,0x00, 
	0x00,0x00,0x00,0x00, 
	0x00,0x00,0x00,0x00, 
	0x00,0x00,0x00,0x00, 
	0x00,0x00,0x00,0x00, 
	0x00,0x00,0x00,0x00, 
	0x00,0x00,0x00,0x00, 
	0x00,0x00,0x00,0x00, 
	0x00,0x00,0x00,0x00, 
	0x00,0x00,0x00,0x00, 
	0x00,0x00,0x00,0x00, 
	0x00,0x00,0x00,0x00, 
	0x00,0x00,0x00,0x00, 
	0x00,0x00,0x00,0x00, 
	0x00,0x00,0x00,0x00, 
	0x00,0x00,0x00,0x00, 
	0x00,0x00,0x00,0x00, 
	0x00,0x00,0x00,0x00, 
	0x00,0x00,0x00,0x00, 
	0x00,0x00,0x00,0x00, 
	0x00,0x00,0x00,0x00, 
	0x00,0x00,0x00,0x00, 
	0x00,0x00,0x00,0x00, 
	0x00,0x00,0x00,0x00, 
	0x00,0x00,0x00,0x00, 
	0x00,0x00,0x00,0x00, 
	0x00,0x00,0x00,0x00, 
	0x00,0x00,0x00,0x00, 
	0x00,0x00,0x00,0x00, 
	0x00,0x00,0x00,0x00, 
	0x00,0x00,0x00,0x00, 
	0x00,0x00,0x00,0x00, 
	0x00,0x00,0x00,0x00, 
	0x00,0x00,0x00,0x00, 
	0x00,0x00,0x00,0x00, 
	0x00,0x00,0x00,0x00, 
	0x00,0x00,0x00,0x00, 
	0x00,0x00,0x00,0x00, 
	0x00,0x00,0x00,0x00, 
	0x00,0x00,0x00,0x00, 
	0x00,0x00,0x00,0x00, 
	0x00,0x00,0x00,0x00, 
	0x00,0x00,0x00,0x00, 
	0x00,0x00,0x00,0x00, 
	0x00,0x00,0x00,0x00, 
	0x00,0x00,0x00,0x00, 
	0x00,0x00,0x00,0x00, 
	0x00,0x00,0x00,0x00, 
	0x00,0x00,0x00,0x00, 
	0x00,0x00,0x00,0x00, 
	0x00,0x00,0x00,0x00, 
	0x00,0x00,0x00,0x00, 
	0x00,0x00,0x00,0x00, 
	0x00,0x00,0x00,0x00, 
	0x00,0x00,0x00,0x00, 
	0x00,0x00,0x00,0x00, 
	0x00,0x00,0x00,0x00, 
	0x00,0x00,0x00,0x00, 
	0x00,0x00,0x00,0x00, 
	0x00,0x00,0x00,0x00, 
	0x00,0x00,0x00,0x00, 
	0x00,0x00,0x00,0x00, 
	0x00,0x00,0x00,0x00, 
	0x00,0x00,0x00,0x00, 
	0x00,0x00,0x00,0x00, 
	0x00,0x00,0x00,0x00, 
	0x00,0x00,0x00,0x00, 
	0x00,0x00,0x00,0x00, 
	0x00,0x00,0x00,0x00, 
	0x00,0x00,0x00,0x00, 
	0x00,0x00,0x00,0x00, 
	0x00,0x00,0x00,0x00, 
	0x00,0x00,0x00,0x00, 
	0x00,0x00,0x00,0x00, 
	0x00,0x00,0x00,0x00, 
	0x00,0x00,0x00,0x00, 
	0x00,0x00,0x00,0x00, 
	0x00,0x00,0x00,0x00, 
	0x00,0x00,0x00,0x00, 
	0x00,0x00,0x00,0x00, 
	0x00,0x00,0x00,0x00, 
	0x00,0x00,0x00,0x00, 
	0x00,0x00,0x00,0x00, 
	0x00,0x00,0x00,0x00, 
	0x00,0x00,0x00,0x00, 
	0x00,0x00,0x00,0x00, 
	0x00,0x00,0x00,0x00, 
	0x00,0x00,0x00,0x00, 
	0x00,0x00,0x00,0x00, 
	0x00,0x00,0x00,0x00, 
	0x00,0x00,0x00,0x00, 
	0x00,0x00,0x00,0x00, 
	0x00,0x00,0x00,0x00, 
	0x00,0x00,0x00,0x00, 
	0x00,0x00,0x00,0x00, 
	0x00,0x00,0x00,0x00, 
	0x00,0x00,0x00,0x00, 
	0x00,0x00,0x00,0x00, 
	0x00,0x00,0x00,0x00, 
	0x00,0x00,0x00,0x00, 
	0x00,0x00,0x00,0x00, 
	0x00,0x00,0x00,0x00, 
	0x00,0x00,0x00,0x00, 
	0x00,0x00,0x00,0x00, 
	0x00,0x00,0x00,0x00, 
	0x00,0x00,0x00,0x00, 
	0x00,0x00,0x00,0x00, 
	0x00,0x00,0x00,0x00, 
	0x00,0x00,0x00,0x00, 
	0x00,0x00,0x00,0x00, 
	0x00,0x00,0x00,0x00, 
	0x00,0x00,0x00,0x00, 
	0x00,0x00,0x00,0x00, 
	0x00,0x00,0x00,0x00, 
	0x00,0x00,0x00,0x00, 
	0x00,0x00,0x00,0x00, 
	0x00,0x00,0x00,0x00, 
	0x00,0x00,0x00,0x00, 
	0x00,0x00,0x00,0x00, 
	0x00,0x00,0x00,0x00, 
	0x00,0x00,0x00,0x00, 
	0x00,0x00,0x00,0x00, 
	0x00,0x00,0x00,0x00, 
	0x00,0x00,0x00,0x00, 
	0x00,0x00,0x00,0x00, 
	0x00,0x00,0x00,0x00, 
	0x00,0x00,0x00,0x00, 
	0x00,0x00,0x00,0x00, 
	0x00,0x00,0x00,0x00, 
	0x00,0x00,0x00,0x00, 
	0x00,0x00,0x00,0x00, 
	0x00,0x00,0x00,0x00, 
	0x00,0x00,0x00,0x00, 
	0x00,0x00,0x00,0x00, 
	0x00,0x00,0x00,0x00, 
	0x00,0x00,0x00,0x00, 
	0x00,0x00,0x00,0x00, 
	0x00,0x00,0x00,0x00, 
	0x00,0x00,0x00,0x00, 
	0x00,0x00,0x00,0x00, 
	0x00,0x00,0x00,0x00, 
	0x00,0x00,0x00,0x00, 
	0x00,0x00,0x00,0x00, 
	0x00,0x00,0x00,0x00, 
	0x00,0x00,0x00,0x00, 
	0x00,0x00,0x00,0x00, 
	0x00,0x00,0x00,0x00, 
	0x00,0x00,0x00,0x00, 
	0x00,0x00,0x00,0x00, 
	0x00,0x00,0x00,0x00, 
	0x00,0x00,0x00,0x00, 
	0x00,0x00,0x00,0x00, 
	0x00,0x00,0x00,0x00, 
	0x00,0x00,0x00,0x00, 
	0x00,0x00,0x00,0x00, 
	0x00,0x00,0x00,0x00, 
	0x00,0x00,0x00,0x00, 
	0x00,0x00,0x00,0x00, 
	0x00,0x00,0x00,0x00, 
	0x00,0x00,0x00,0x00, 
	0x00,0x00,0x00,0x00, 
	0x00,0x00,0x00,0x00, 
	0x00,0x00,0x00,0x00, 
	0x00,0x00,0x00,0x00, 
	0x00,0x00,0x00,0x00, 
	0x00,0x00,0x00,0x00, 
	0x00,0x00,0x00,0x00, 
	0x00,0x00,0x00,0x00, 
	0x00,0x00,0x00,0x00, 
	0x00,0x00,0x00,0x00, 
	0x00,0x00,0x00,0x00, 
	0x00,0x00,0x00,0x00, 
	0x00,0x00,0x00,0x00, 
	0x00,0x00,0x00,0x00, 
	0x00,0x00,0x00,0x00, 
	0x00,0x00,0x00,0x00, 
	0x00,0x00,0x00,0x00, 
	0x00,0x00,0x00,0x00, 
	0x00,0x00,0x00,0x00, 
	0x00,0x00,0x00,0x00, 
	0x00,0x00,0x00,0x00, 
	0x00,0x00,0x00,0x00, 
	0x00,0x00,0x00,0x00, 
	0x00,0x00,0x00,0x00, 
	0x00,0x00,0x00,0x00, 
	0x00,0x00,0x00,0x00, 
	0x00,0x00,0x00,0x00, 
	0x00,0x00,0x00,0x00, 
	0x00,0x00,0x00,0x00, 
	0x00,0x00,0x00,0x00, 
	0x00,0x00,0x00,0x00, 
	0x00,0x00,0x00,0x00, 
	0x00,0x00,0x00,0x00, 
	0x00,0x00,0x00,0x00, 
	0x00,0x00,0x00,0x00, 
	0x00,0x00,0x00,0x00, 
	0x00,0x00,0x00,0x00, 
	0x00,0x00,0x00,0x00, 
	0x00,0x00,0x00,0x00, 
	0x00,0x00,0x00,0x00, 
	0x00,0x00,0x00,0x00, 
	0x00,0x00,0x00,0x00, 
	0x00,0x00,0x00,0x00, 
	0x00,0x00,0x00,0x00, 
	0x00,0x00,0x00,0x00, 
	0x00,0x00,0x00,0x00, 
	0x00,0x00,0x00,0x00, 
	0x00,0x00,0x00,0x00, 
	0x00,0x00,0x00,0x00, 
	0x00,0x00,0x00,0x00, 
	0x00,0x00,0x00,0x00, 
	0x00,0x00,0x00,0x00, 
	0x00,0x00,0x00,0x00, 
	0x00,0x00,0x00,0x00, 
	0x00,0x00,0x00,0x00, 
	0x00,0x00,0x00,0x00, 
	0x00,0x00,0x00,0x00, 
	0x00,0x00,0x00,0x00, 
	0x00,0x00,0x00,0x00, 
	0x00,0x00,0x00,0x00, 
	0x00,0x00,0x00,0x00, 
	0x00,0x00,0x00,0x00, 
	0x00,0x00,0x00,0x00, 
	0x00,0x00,0x00,0x00, 
	0x00,0x00,0x00,0x00, 
	0x00,0x00,0x00,0x00, 
	0x00,0x00,0x00,0x00, 
	0x00,0x00,0x00,0x00, 
	0x00,0x00,0x00,0x00, 
	0x00,0x00,0x00,0x00, 
	0x00,0x00,0x00,0x00, 
	0x00,0x00,0x00,0x00, 
	0x00,0x00,0x00,0x00, 
	0x00,0x00,0x00,0x00, 
	0x00,0x00,0x00,0x00, 
	0x00,0x00,0x00,0x00, 
	0x00,0x00,0x00,0x00, 
	0x00,0x00,0x00,0x00, 
	0x00,0x00,0x00,0x00, 
	0x00,0x00,0x00,0x00, 
	0x00,0x00,0x00,0x00, 
	0x00,0x00,0x00,0x00, 
	0x00,0x00,0x00,0x00, 
	0x00,0x00,0x00,0x00, 
	0x00,0x00,0x00,0x00, 
	0x00,0x00,0x00,0x00, 
	0x00,0x00,0x00,0x00, 
	0x00,0x00,0x00,0x00, 
	0x00,0x00,0x00,0x00, 
	0x00,0x00,0x00,0x00, 
	0x00,0x00,0x00,0x00, 
	0x00,0x00,0x00,0x00, 
	0x00,0x00,0x00,0x00, 
	0x00,0x00,0x00,0x00, 
	0x00,0x00,0x00,0x00, 
	0x00,0x00,0x00,0x00, 
	0x00,0x00,0x00,0x00, 
	0x00,0x00,0x00,0x00, 
	0x00,0x00,0x00,0x00, 
	0x00,0x00,0x00,0x00, 
	0x00,0x00,0x00,0x00, 
	0x00,0x00,0x00,0x00, 
	0x00,0x00,0x00,0x00, 
	0x00,0x00,0x00,0x00, 
	0x00,0x00,0x00,0x00, 
	0x00,0x00,0x00,0x00, 
	0x00,0x00,0x00,0x00, 
	0x00,0x00,0x00,0x00, 
	0x00,0x00,0x00,0x00, 
	0x00,0x00,0x00,0x00, 
	0x00,0x00,0x00,0x00, 
	0x00,0x00,0x00,0x00, 
	0x00,0x00,0x00,0x00, 
	0x00,0x00,0x00,0x00, 
	0x00,0x00,0x00,0x00, 
	0x00,0x00,0x00,0x00, 
	0x00,0x00,0x00,0x00, 
	0x00,0x00,0x00,0x00, 
	0x00,0x00,0x00,0x00, 
	0x00,0x00,0x00,0x00, 
	0x00,0x00,0x00,0x00, 
	0x00,0x00,0x00,0x00, 
	0x00,0x00,0x00,0x00, 
	0x00,0x00,0x00,0x00, 
	0x00,0x00,0x00,0x00, 
	0x00,0x00,0x00,0x00, 
	0x00,0x00,0x00,0x00, 
	0x00,0x00,0x00,0x00, 
	0x00,0x00,0x00,0x00, 
	0x00,0x00,0x00,0x00, 
	0x00,0x00,0x00,0x00, 
	0x00,0x00,0x00,0x00, 
	0x00,0x00,0x00,0x00, 
	0x00,0x00,0x00,0x00, 
	0x00,0x00,0x00,0x00, 
	0x00,0x00,0x00,0x00, 
	0x00,0x00,0x00,0x00, 
	0x00,0x00,0x00,0x00, 
	0x00,0x00,0x00,0x00, 
	0x00,0x00,0x00,0x00, 
	0x00,0x00,0x00,0x00, 
	0x00,0x00,0x00,0x00, 
	0x00,0x00,0x00,0x00, 
	0x00,0x00,0x00,0x00, 
	0x00,0x00,0x00,0x00, 
	0x00,0x00,0x00,0x00, 
	0x00,0x00,0x00,0x00, 
	0x00,0x00,0x00,0x00, 
	0x00,0x00,0x00,0x00, 
	0x00,0x00,0x00,0x00, 
	0x00,0x00,0x00,0x00, 
	0x00,0x00,0x00,0x00, 
	0x00,0x00,0x00,0x00, 
	0x00,0x00,0x00,0x00, 
	0x00,0x00,0x00,0x00, 
	0x00,0x00,0x00,0x00, 
	0x00,0x00,0x00,0x00, 
	0x00,0x00,0x00,0x00, 
	0x00,0x00,0x00,0x00, 
	0x00,0x00,0x00,0x00, 
	0x00,0x00,0x00,0x00, 
	0x00,0x00,0x00,0x00, 
	0x00,0x00,0x00,0x00, 
	0x00,0x00,0x00,0x00, 
	0x00,0x00,0x00,0x00, 
	0x00,0x00,0x00,0x00, 
	0x00,0x00,0x00,0x00, 
	0x00,0x00,0x00,0x00, 
	0x00,0x00,0x00,0x00, 
	0x00,0x00,0x00,0x00, 
	0x00,0x00,0x00,0x00, 
	0x00,0x00,0x00,0x00, 
	0x00,0x00,0x00,0x00, 
	0x00,0x00,0x00,0x00, 
	0x00,0x00,0x00,0x00, 
	0x00,0x00,0x00,0x00, 
	0x00,0x00,0x00,0x00, 
	0x00,0x00,0x00,0x00, 
	0x00,0x00,0x00,0x00, 
	0x00,0x00,0x00,0x00, 
	0x00,0x00,0x00,0x00, 
	0x00,0x00,0x00,0x00, 
	0x00,0x00,0x00,0x00, 
	0x00,0x00,0x00,0x00, 
	0x00,0x00,0x00,0x00, 
	0x00,0x00,0x00,0x00, 
	0x00,0x00,0x00,0x00, 
	0x00,0x00,0x00,0x00, 
	0x00,0x00,0x00,0x00, 
	0x00,0x00,0x00,0x00, 
	0x00,0x00,0x00,0x00, 
	0x00,0x00,0x00,0x00, 
	0x00,0x00,0x00,0x00, 
	0x00,0x00,0x00,0x00, 
	0x00,0x00,0x00,0x00, 
	0x00,0x00,0x00,0x00, 
	0x00,0x00,0x00,0x00, 
	0x00,0x00,0x00,0x00, 
	0x00,0x00,0x00,0x00, 
	0x00,0x00,0x00,0x00, 
	0x00,0x00,0x00,0x00, 
	0x00,0x00,0x00,0x00, 
	0x00,0x00,0x00,0x00, 
	0x00,0x00,0x00,0x00, 
	0x00,0x00,0x00,0x00, 
	0x00,0x00,0x00,0x00, 
	0x00,0x00,0x00,0x00, 
	0x00,0x00,0x00,0x00, 
	0x00,0x00,0x00,0x00, 
	0x00,0x00,0x00,0x00, 
	0x00,0x00,0x00,0x00, 
	0x00,0x00,0x00,0x00, 
	0x00,0x00,0x00,0x00, 
	0x00,0x00,0x00,0x00, 
	0x00,0x00,0x00,0x00, 
	0x00,0x00,0x00,0x00, 
	0x00,0x00,0x00,0x00, 
	0x00,0x00,0x00,0x00, 
	0x00,0x00,0x00,0x00, 
	0x00,0x00,0x00,0x00, 
	0x00,0x00,0x00,0x00, 
	0x00,0x00,0x00,0x00, 
	0x00,0x00,0x00,0x00, 
	0x00,0x00,0x00,0x00, 
	0x00,0x00,0x00,0x00, 
	0x00,0x00,0x00,0x00, 
	0x00,0x00,0x00,0x00, 
	0x00,0x00,0x00,0x00, 
	0x00,0x00,0x00,0x00, 
	0x00,0x00,0x00,0x00, 
	0x00,0x00,0x00,0x00, 
	0x00,0x00,0x00,0x00, 
	0x00,0x00,0x00,0x00, 
	0x00,0x00,0x00,0x00, 
	0x00,0x00,0x00,0x00, 
	0x00,0x00,0x00,0x00, 
	0x00,0x00,0x00,0x00, 
	0x00,0x00,0x00,0x00, 
	0x00,0x00,0x00,0x00, 
	0x00,0x00,0x00,0x00, 
	0x00,0x00,0x00,0x00, 
	0x00,0x00,0x00,0x00, 
	0x00,0x00,0x00,0x00, 
	0x00,0x00,0x00,0x00, 
	0x00,0x00,0x00,0x00, 
	0x00,0x00,0x00,0x00, 
	0x00,0x00,0x00,0x00, 
	0x00,0x00,0x00,0x00, 
	0x00,0x00,0x00,0x00, 
	0x00,0x00,0x00,0x00, 
	0x00,0x00,0x00,0x00, 
	0x00,0x00,0x00,0x00, 
	0x00,0x00,0x00,0x00, 
	0x00,0x00,0x00,0x00, 
	0x00,0x00,0x00,0x00, 
	0x00,0x00,0x00,0x00, 
	0x00,0x00,0x00,0x00, 
	0x00,0x00,0x00,0x00, 
	0x00,0x00,0x00,0x00, 
	0x00,0x00,0x00,0x00, 
	0x00,0x00,0x00,0x00, 
	0x00,0x00,0x00,0x00, 
	0x00,0x00,0x00,0x00, 
	0x00,0x00,0x00,0x00, 
	0x00,0x00,0x00,0x00, 
	0x00,0x00,0x00,0x00, 
	0x00,0x00,0x00,0x00, 
	0x00,0x00,0x00,0x00, 
	0x00,0x00,0x00,0x00, 
	0x00,0x00,0x00,0x00, 
	0x00,0x00,0x00,0x00, 
	0x00,0x00,0x00,0x00, 
	0x00,0x00,0x00,0x00, 
	0x00,0x00,0x00,0x00, 
	0x00,0x00,0x00,0x00, 
	0x00,0x00,0x00,0x00, 
	0x00,0x00,0x00,0x00, 
	0x00,0x00,0x00,0x00, 
	0x00,0x00,0x00,0x00, 
	0x00,0x00,0x00,0x00, 
	0x00,0x00,0x00,0x00, 
	0x00,0x00,0x00,0x00, 
	0x00,0x00,0x00,0x00, 
	0x00,0x00,0x00,0x00, 
	0x00,0x00,0x00,0x00, 
	0x00,0x00,0x00,0x00, 
	0x00,0x00,0x00,0x00, 
	0x00,0x00,0x00,0x00, 
	0x00,0x00,0x00,0x00, 
	0x00,0x00,0x00,0x00, 
	0x00,0x00,0x00,0x00, 
	0x00,0x00,0x00,0x00, 
	0x00,0x00,0x00,0x00, 
	0x00,0x00,0x00,0x00, 
	0x00,0x00,0x00,0x00, 
	0x00,0x00,0x00,0x00, 
	0x00,0x00,0x00,0x00, 
	0x00,0x00,0x00,0x00, 
	0x00,0x00,0x00,0x00, 
	0x00,0x00,0x00,0x00, 
	0x00,0x00,0x00,0x00, 
	0x00,0x00,0x00,0x00, 
	0x00,0x00,0x00,0x00, 
	0x00,0x00,0x00,0x00, 
	0x00,0x00,0x00,0x00, 
	0x00,0x00,0x00,0x00, 
	0x00,0x00,0x00,0x00, 
	0x00,0x00,0x00,0x00, 
	0x00,0x00,0x00,0x00, 
	0x00,0x00,0x00,0x00, 
	0x00,0x00,0x00,0x00, 
	0x00,0x00,0x00,0x00, 
	0x00,0x00,0x00,0x00, 
	0x00,0x00,0x00,0x00, 
	0x00,0x00,0x00,0x00, 
	0x00,0x00,0x00,0x00, 
	0x00,0x00,0x00,0x00, 
	0x00,0x00,0x00,0x00, 
	0x00,0x00,0x00,0x00, 
	0x00,0x00,0x00,0x00, 
	0x00,0x00,0x00,0x00, 
	0x00,0x00,0x00,0x00, 
	0x00,0x00,0x00,0x00, 
	0x00,0x00,0x00,0x00, 
	0x00,0x00,0x00,0x00, 
	0x00,0x00,0x00,0x00, 
	0x00,0x00,0x00,0x00, 
	0x00,0x00,0x00,0x00, 
	0x00,0x00,0x00,0x00, 
	0x00,0x00,0x00,0x00, 
	0x00,0x00,0x00,0x00, 
	0x00,0x00,0x00,0x00, 
	0x00,0x00,0x00,0x00, 
	0x00,0x00,0x00,0x00, 
	0x00,0x00,0x00,0x00, 
	0x00,0x00,0x00,0x00, 
	0x00,0x00,0x00,0x00, 
	0x00,0x00,0x00,0x00, 
	0x00,0x00,0x00,0x00, 
	0x00,0x00,0x00,0x00, 
	0x00,0x00,0x00,0x00, 
	0x00,0x00,0x00,0x00, 
	0x00,0x00,0x00,0x00, 
	0x00,0x00,0x00,0x00, 
	0x00,0x00,0x00,0x00, 
	0x00,0x00,0x00,0x00, 
	0x00,0x00,0x00,0x00, 
	0x00,0x00,0x00,0x00, 
	0x00,0x00,0x00,0x00, 
	0x00,0x00,0x00,0x00, 
	0x00,0x00,0x00,0x00, 
	0x00,0x00,0x00,0x00, 
	0x00,0x00,0x00,0x00, 
	0x00,0x00,0x00,0x00, 
	0x00,0x00,0x00,0x00, 
	0x00,0x00,0x00,0x00, 
	0x00,0x00,0x00,0x00, 
	0x00,0x00,0x00,0x00, 
	0x00,0x00,0x00,0x00, 
	0x00,0x00,0x00,0x00, 
	0x00,0x00,0x00,0x00, 
	0x00,0x00,0x00,0x00, 
	0x00,0x00,0x00,0x00, 
	0x00,0x00,0x00,0x00, 
	0x00,0x00,0x00,0x00, 
	0x00,0x00,0x00,0x00, 
	0x00,0x00,0x00,0x00, 
	0x00,0x00,0x00,0x00, 
	0x00,0x00,0x00,0x00, 
	0x00,0x00,0x00,0x00, 
	0x00,0x00,0x00,0x00, 
	0x00,0x00,0x00,0x00, 
	0x00,0x00,0x00,0x00, 
	0x00,0x00,0x00,0x00, 
	0x00,0x00,0x00,0x00, 
	0x00,0x00,0x00,0x00, 
	0x00,0x00,0x00,0x00, 
	0x00,0x00,0x00,0x00, 
	0x00,0x00,0x00,0x00, 
	0x00,0x00,0x00,0x00, 
	0x00,0x00,0x00,0x00, 
	0x00,0x00,0x00,0x00, 
	0x00,0x00,0x00,0x00, 
	0x00,0x00,0x00,0x00, 
	0x00,0x00,0x00,0x00, 
	0x00,0x00,0x00,0x00, 
	0x00,0x00,0x00,0x00, 
	0x00,0x00,0x00,0x00, 
	0x00,0x00,0x00,0x00, 
	0x00,0x00,0x00,0x00, 
	0x00,0x00,0x00,0x00, 
	0x00,0x00,0x00,0x00, 
	0x00,0x00,0x00,0x00, 
	0x00,0x00,0x00,0x00, 
	0x00,0x00,0x00,0x00, 
	0x00,0x00,0x00,0x00, 
	0x00,0x00,0x00,0x00, 
	0x00,0x00,0x00,0x00, 
	0x00,0x00,0x00,0x00, 
	0x00,0x00,0x00,0x00, 
	0x00,0x00,0x00,0x00, 
	0x00,0x00,0x00,0x00, 
	0x00,0x00,0x00,0x00, 
	0x00,0x00,0x00,0x00, 
	0x00,0x00,0x00,0x00, 
	0x00,0x00,0x00,0x00, 
	0x00,0x00,0x00,0x00, 
	0x00,0x00,0x00,0x00, 
	0x00,0x00,0x00,0x00, 
	0x00,0x00,0x00,0x00, 
	0x00,0x00,0x00,0x00, 
	0x00,0x00,0x00,0x00, 
	0x00,0x00,0x00,0x00, 
	0x00,0x00,0x00,0x00, 
	0x00,0x00,0x00,0x00, 
	0x00,0x00,0x00,0x00, 
	0x00,0x00,0x00,0x00, 
	0x00,0x00,0x00,0x00, 
	0x00,0x00,0x00,0x00, 
	0x00,0x00,0x00,0x00, 
	0x00,0x00,0x00,0x00, 
	0x00,0x00,0x00,0x00, 
	0x00,0x00,0x00,0x00, 
	0x00,0x00,0x00,0x00, 
	0x00,0x00,0x00,0x00, 
	0x00,0x00,0x00,0x00, 
	0x00,0x00,0x00,0x00, 
	0x00,0x00,0x00,0x00, 
	0x00,0x00,0x00,0x00, 
	0x00,0x00,0x00,0x00, 
	0x00,0x00,0x00,0x00, 
	0x00,0x00,0x00,0x00, 
	0x00,0x00,0x00,0x00, 
	0x00,0x00,0x00,0x00, 
	0x00,0x00,0x00,0x00, 
	0x00,0x00,0x00,0x00, 
	0x00,0x00,0x00,0x00, 
	0x00,0x00,0x00,0x00, 
	0x00,0x00,0x00,0x00, 
	0x00,0x00,0x00,0x00, 
	0x00,0x00,0x00,0x00, 
	0x00,0x00,0x00,0x00, 
	0x00,0x00,0x00,0x00, 
	0x00,0x00,0x00,0x00, 
	0x00,0x00,0x00,0x00, 
	0x00,0x00,0x00,0x00, 
	0x00,0x00,0x00,0x00, 
	0x00,0x00,0x00,0x00, 
	0x00,0x00,0x00,0x00, 
	0x00,0x00,0x00,0x00, 
	0x00,0x00,0x00,0x00, 
	0x00,0x00,0x00,0x00, 
	0x00,0x00,0x00,0x00, 
	0x00,0x00,0x00,0x00, 
	0x00,0x00,0x00,0x00, 
	0x00,0x00,0x00,0x00, 
	0x00,0x00,0x00,0x00, 
	0x00,0x00,0x00,0x00, 
	0x00,0x00,0x00,0x00, 
	0x00,0x00,0x00,0x00, 
	0x00,0x00,0x00,0x00, 
	0x00,0x00,0x00,0x00, 
	0x00,0x00,0x00,0x00, 
	0x00,0x00,0x00,0x00, 
	0x00,0x00,0x00,0x00, 
	0x00,0x00,0x00,0x00, 
	0x00,0x00,0x00,0x00, 
	0x00,0x00,0x00,0x00, 
	0x00,0x00,0x00,0x00, 
	0x00,0x00,0x00,0x00, 
	0x00,0x00,0x00,0x00, 
	0x00,0x00,0x00,0x00, 
	0x00,0x00,0x00,0x00, 
	0x00,0x00,0x00,0x00, 
	0x00,0x00,0x00,0x00, 
	0x00,0x00,0x00,0x00, 
	0x00,0x00,0x00,0x00, 
	0x00,0x00,0x00,0x00, 
	0x00,0x00,0x00,0x00, 
	0x00,0x00,0x00,0x00, 
	0x00,0x00,0x00,0x00, 
	0x00,0x00,0x00,0x00, 
	0x00,0x00,0x00,0x00, 
	0x00,0x00,0x00,0x00, 
	0x00,0x00,0x00,0x00, 
	0x00,0x00,0x00,0x00, 
	0x00,0x00,0x00,0x00, 
	0x00,0x00,0x00,0x00, 
	0x00,0x00,0x00,0x00, 
	0x00,0x00,0x00,0x00, 
	0x00,0x00,0x00,0x00, 
	0x00,0x00,0x00,0x00, 
	0x00,0x00,0x00,0x00, 
	0x00,0x00,0x00,0x00, 
	0x00,0x00,0x00,0x00, 
	0x00,0x00,0x00,0x00, 
	0x00,0x00,0x00,0x00, 
	0x00,0x00,0x00,0x00, 
	0x00,0x00,0x00,0x00, 
	0x00,0x00,0x00,0x00, 
	0x00,0x00,0x00,0x00, 
	0x00,0x00,0x00,0x00, 
	0x00,0x00,0x00,0x00, 
	0x00,0x00,0x00,0x00, 
	0x00,0x00,0x00,0x00, 
	0x00,0x00,0x00,0x00, 
	0x00,0x00,0x00,0x00, 
	0x00,0x00,0x00,0x00, 
	0x00,0x00,0x00,0x00, 
	0x00,0x00,0x00,0x00, 
	0x00,0x00,0x00,0x00, 
	0x00,0x00,0x00,0x00, 
	0x00,0x00,0x00,0x00, 
	0x00,0x00,0x00,0x00, 
	0x00,0x00,0x00,0x00, 
	0x00,0x00,0x00,0x00, 
	0x00,0x00,0x00,0x00, 
	0x00,0x00,0x00,0x00, 
	0x00,0x00,0x00,0x00, 
	0x00,0x00,0x00,0x00, 
	0x00,0x00,0x00,0x00, 
	0x00,0x00,0x00,0x00, 
	0x00,0x00,0x00,0x00, 
	0x00,0x00,0x00,0x00, 
	0x00,0x00,0x00,0x00, 
	0x00,0x00,0x00,0x00, 
	0x00,0x00,0x00,0x00, 
	0x00,0x00,0x00,0x00, 
	0x00,0x00,0x00,0x00, 
	0x00,0x00,0x00,0x00, 
	0x00,0x00,0x00,0x00, 
	0x00,0x00,0x00,0x00, 
	0x00,0x00,0x00,0x00, 
	0x00,0x00,0x00,0x00, 
	0x00,0x00,0x00,0x00, 
	0x00,0x00,0x00,0x00, 
	0x00,0x00,0x00,0x00, 
	0x00,0x00,0x00,0x00, 
	0x00,0x00,0x00,0x00, 
	0x00,0x00,0x00,0x00, 
	0x00,0x00,0x00,0x00, 
	0x00,0x00,0x00,0x00, 
	0x00,0x00,0x00,0x00, 
	0x00,0x00,0x00,0x00, 
	0x00,0x00,0x00,0x00, 
	0x00,0x00,0x00,0x00, 
	0x00,0x00,0x00,0x00, 
	0x00,0x00,0x00,0x00, 
	0x00,0x00,0x00,0x00, 
	0x00,0x00,0x00,0x00, 
	0x00,0x00,0x00,0x00, 
	0x00,0x00,0x00,0x00, 
	0x00,0x00,0x00,0x00, 
	0x00,0x00,0x00,0x00, 
	0x00,0x00,0x00,0x00, 
	0x00,0x00,0x00,0x00, 
	0x00,0x00,0x00,0x00, 
	0x00,0x00,0x00,0x00, 
	0x00,0x00,0x00,0x00, 
	0x00,0x00,0x00,0x00, 
	0x00,0x00,0x00,0x00, 
	0x00,0x00,0x00,0x00, 
	0x00,0x00,0x00,0x00, 
	0x00,0x00,0x00,0x00, 
	0x00,0x00,0x00,0x00, 
	0x00,0x00,0x00,0x00, 
	0x00,0x00,0x00,0x00, 
	0x00,0x00,0x00,0x00, 
	0x00,0x00,0x00,0x00, 
	0x00,0x00,0x00,0x00, 
	0x00,0x00,0x00,0x00, 
	0x00,0x00,0x00,0x00, 
	0x00,0x00,0x00,0x00, 
	0x00,0x00,0x00,0x00, 
	0x00,0x00,0x00,0x00, 
	0x00,0x00,0x00,0x00, 
	0x00,0x00,0x00,0x00, 
	0x00,0x00,0x00,0x00, 
	0x00,0x00,0x00,0x00, 
	0x00,0x00,0x00,0x00, 
	0x00,0x00,0x00,0x00, 
	0x00,0x00,0x00,0x00, 
	0x00,0x00,0x00,0x00, 
	0x00,0x00,0x00,0x00, 
	0x00,0x00,0x00,0x00, 
	0x00,0x00,0x00,0x00, 
	0x00,0x00,0x00,0x00, 
	0x00,0x00,0x00,0x00, 
	0x00,0x00,0x00,0x00, 
	0x00,0x00,0x00,0x00, 
	0x00,0x00,0x00,0x00, 
	0x00,0x00,0x00,0x00, 
	0x00,0x00,0x00,0x00, 
	0x00,0x00,0x00,0x00, 
	0x00,0x00,0x00,0x00, 
	0x00,0x00,0x00,0x00, 
	0x00,0x00,0x00,0x00, 
	0x00,0x00,0x00,0x00, 
	0x00,0x00,0x00,0x00, 
	0x00,0x00,0x00,0x00, 
	0x00,0x00,0x00,0x00, 
	0x00,0x00,0x00,0x00, 
	0x00,0x00,0x00,0x00, 
	0x00,0x00,0x00,0x00, 
	0x00,0x00,0x00,0x00, 
	0x00,0x00,0x00,0x00, 
	0x00,0x00,0x00,0x00, 
	0x00,0x00,0x00,0x00, 
	0x00,0x00,0x00,0x00, 
	0x00,0x00,0x00,0x00, 
	0x00,0x00,0x00,0x00, 
	0x00,0x00,0x00,0x00, 
	0x00,0x00,0x00,0x00, 
	0x00,0x00,0x00,0x00, 
	0x00,0x00,0x00,0x00, 
	0x00,0x00,0x00,0x00, 
	0x00,0x00,0x00,0x00, 
	0x00,0x00,0x00,0x00, 
	0x00,0x00,0x00,0x00, 
	0x00,0x00,0x00,0x00, 
	0x00,0x00,0x00,0x00, 
	0x00,0x00,0x00,0x00, 
	0x00,0x00,0x00,0x00, 
	0x00,0x00,0x00,0x00, 
	0x00,0x00,0x00,0x00, 
	0x00,0x00,0x00,0x00, 
	0x00,0x00,0x00,0x00, 
	0x00,0x00,0x00,0x00, 
	0x00,0x00,0x00,0x00, 
	0x00,0x00,0x00,0x00, 
	0x00,0x00,0x00,0x00, 
	0x00,0x00,0x00,0x00, 
	0x00,0x00,0x00,0x00, 
	0x00,0x00,0x00,0x00, 
	0x00,0x00,0x00,0x00, 
	0x00,0x00,0x00,0x00, 
	0x00,0x00,0x00,0x00, 
	0x00,0x00,0x00,0x00, 
	0x00,0x00,0x00,0x00, 
	0x00,0x00,0x00,0x00, 
	0x00,0x00,0x00,0x00, 
	0x00,0x00,0x00,0x00, 
	0x00,0x00,0x00,0x00, 
	0x00,0x00,0x00,0x00, 
	0x00,0x00,0x00,0x00, 
	0x00,0x00,0x00,0x00, 
	0x00,0x00,0x00,0x00, 
	0x00,0x00,0x00,0x00, 
	0x00,0x00,0x00,0x00, 
	0x00,0x00,0x00,0x00, 
	0x00,0x00,0x00,0x00, 
	0x00,0x00,0x00,0x00, 
	0x00,0x00,0x00,0x00, 
	0x00,0x00,0x00,0x00, 
	0x00,0x00,0x00,0x00, 
	0x00,0x00,0x00,0x00, 
	0x00,0x00,0x00,0x00, 
	0x00,0x00,0x00,0x00, 
	0x00,0x00,0x00,0x00, 
	0x00,0x00,0x00,0x00, 
	0x00,0x00,0x00,0x00, 
	0x00,0x00,0x00,0x00, 
	0x00,0x00,0x00,0x00, 
	0x00,0x00,0x00,0x00, 
	0x00,0x00,0x00,0x00, 
	0x00,0x00,0x00,0x00, 
	0x00,0x00,0x00,0x00, 
	0x00,0x00,0x00,0x00, 
	0x00,0x00,0x00,0x00, 
	0x00,0x00,0x00,0x00, 
	0x00,0x00,0x00,0x00, 
	0x00,0x00,0x00,0x00, 
	0x00,0x00,0x00,0x00, 
	0x00,0x00,0x00,0x00, 
	0x00,0x00,0x00,0x00, 
	0x00,0x00,0x00,0x00, 
	0x00,0x00,0x00,0x00, 
	0x00,0x00,0x00,0x00, 
	0x00,0x00,0x00,0x00, 
	0x00,0x00,0x00,0x00, 
	0x00,0x00,0x00,0x00, 
	0x00,0x00,0x00,0x00, 
	0x00,0x00,0x00,0x00, 
	0x00,0x00,0x00,0x00, 
	0x00,0x00,0x00,0x00, 
	0x00,0x00,0x00,0x00, 
	0x00,0x00,0x00,0x00, 
	0x00,0x00,0x00,0x00, 
	0x00,0x00,0x00,0x00, 
	0x00,0x00,0x00,0x00, 
	0x00,0x00,0x00,0x00, 
	0x00,0x00,0x00,0x00, 
	0x00,0x00,0x00,0x00, 
	0x00,0x00,0x00,0x00, 
	0x00,0x00,0x00,0x00, 
	0x00,0x00,0x00,0x00, 
	0x00,0x00,0x00,0x00, 
	0x00,0x00,0x00,0x00, 
	0x00,0x00,0x00,0x00, 
	0x00,0x00,0x00,0x00, 
	0x00,0x00,0x00,0x00, 
	0x00,0x00,0x00,0x00, 
	0x00,0x00,0x00,0x00, 
	0x00,0x00,0x00,0x00, 
	0x00,0x00,0x00,0x00, 
	0x00,0x00,0x00,0x00, 
	0x00,0x00,0x00,0x00, 
	0x00,0x00,0x00,0x00, 
	0x00,0x00,0x00,0x00, 
	0x00,0x00,0x00,0x00, 
	0x00,0x00,0x00,0x00, 
	0x00,0x00,0x00,0x00, 
	0x00,0x00,0x00,0x00, 
	0x00,0x00,0x00,0x00, 
	0x00,0x00,0x00,0x00, 
	0x00,0x00,0x00,0x00, 
	0x00,0x00,0x00,0x00, 
	0x00,0x00,0x00,0x00, 
	0x00,0x00,0x00,0x00, 
	0x00,0x00,0x00,0x00, 
	0x00,0x00,0x00,0x00, 
	0x00,0x00,0x00,0x00, 
	0x00,0x00,0x00,0x00, 
	0x00,0x00,0x00,0x00, 
	0x00,0x00,0x00,0x00, 
	0x00,0x00,0x00,0x00, 
	0x00,0x00,0x00,0x00, 
	0x00,0x00,0x00,0x00, 
	0x00,0x00,0x00,0x00, 
	0x00,0x00,0x00,0x00, 
	0x00,0x00,0x00,0x00, 
	0x00,0x00,0x00,0x00, 
	0x00,0x00,0x00,0x00, 
	0x00,0x00,0x00,0x00, 
	0x00,0x00,0x00,0x00, 
	0x00,0x00,0x00,0x00, 
	0x00,0x00,0x00,0x00, 
	0x00,0x00,0x00,0x00, 
	0x00,0x00,0x00,0x00, 
	0x00,0x00,0x00,0x00, 
	0x00,0x00,0x00,0x00, 
	0x00,0x00,0x00,0x00, 
	0x00,0x00,0x00,0x00, 
	0x00,0x00,0x00,0x00, 
	0x00,0x00,0x00,0x00, 
	0x00,0x00,0x00,0x00, 
	0x00,0x00,0x00,0x00, 
	0x00,0x00,0x00,0x00, 
	0x00,0x00,0x00,0x00, 
	0x00,0x00,0x00,0x00, 
	0x00,0x00,0x00,0x00, 
	0x00,0x00,0x00,0x00, 
	0x00,0x00,0x00,0x00, 
	0x00,0x00,0x00,0x00, 
	0x00,0x00,0x00,0x00, 
	0x00,0x00,0x00,0x00, 
	0x00,0x00,0x00,0x00, 
	0x00,0x00,0x00,0x00, 
	0x00,0x00,0x00,0x00, 
	0x00,0x00,0x00,0x00, 
	0x00,0x00,0x00,0x00, 
	0x00,0x00,0x00,0x00, 
	0x00,0x00,0x00,0x00, 
	0x00,0x00,0x00,0x00, 
	0x00,0x00,0x00,0x00, 
	0x00,0x00,0x00,0x00, 
	0x00,0x00,0x00,0x00, 
	0x00,0x00,0x00,0x00, 
	0x00,0x00,0x00,0x00, 
	0x00,0x00,0x00,0x00, 
	0x00,0x00,0x00,0x00, 
	0x00,0x00,0x00,0x00, 
	0x00,0x00,0x00,0x00, 
	0x00,0x00,0x00,0x00, 
	0x00,0x00,0x00,0x00, 
	0x00,0x00,0x00,0x00, 
	0x00,0x00,0x00,0x00, 
	0x00,0x00,0x00,0x00, 
	0x00,0x00,0x00,0x00, 
	0x00,0x00,0x00,0x00, 
	0x00,0x00,0x00,0x00, 
	0x00,0x00,0x00,0x00, 
	0x00,0x00,0x00,0x00, 
	0x00,0x00,0x00,0x00, 
	0x00,0x00,0x00,0x00, 
	0x00,0x00,0x00,0x00, 
	0x00,0x00,0x00,0x00, 
	0x00,0x00,0x00,0x00, 
	0x00,0x00,0x00,0x00, 
	0x00,0x00,0x00,0x00, 
	0x00,0x00,0x00,0x00, 
	0x00,0x00,0x00,0x00, 
	0x00,0x00,0x00,0x00, 
	0x00,0x00,0x00,0x00, 
	0x00,0x00,0x00,0x00, 
	0x00,0x00,0x00,0x00, 
	0x00,0x00,0x00,0x00, 
	0x00,0x00,0x00,0x00, 
	0x00,0x00,0x00,0x00, 
	0x00,0x00,0x00,0x00, 
	0x00,0x00,0x00,0x00, 
	0x00,0x00,0x00,0x00, 
	0x00,0x00,0x00,0x00, 
	0x00,0x00,0x00,0x00, 
	0x00,0x00,0x00,0x00, 
	0x00,0x00,0x00,0x00, 
	0x00,0x00,0x00,0x00, 
	0x00,0x00,0x00,0x00, 
	0x00,0x00,0x00,0x00, 
	0x00,0x00,0x00,0x00, 
	0x00,0x00,0x00,0x00, 
	0x00,0x00,0x00,0x00, 
	0x00,0x00,0x00,0x00, 
	0x00,0x00,0x00,0x00, 
	0x00,0x00,0x00,0x00, 
	0x00,0x00,0x00,0x00, 
	0x00,0x00,0x00,0x00, 
	0x00,0x00,0x00,0x00, 
	0x00,0x00,0x00,0x00, 
	0x00,0x00,0x00,0x00, 
	0x00,0x00,0x00,0x00, 
	0x00,0x00,0x00,0x00, 
	0x00,0x00,0x00,0x00, 
	0x00,0x00,0x00,0x00, 
	0x00,0x00,0x00,0x00, 
	0x00,0x00,0x00,0x00, 
	0x00,0x00,0x00,0x00, 
	0x00,0x00,0x00,0x00, 
	0x00,0x00,0x00,0x00, 
	0x00,0x00,0x00,0x00, 
	0x00,0x00,0x00,0x00, 
	0x00,0x00,0x00,0x00, 
	0x00,0x00,0x00,0x00, 
	0x00,0x00,0x00,0x00, 
	0x00,0x00,0x00,0x00, 
	0x00,0x00,0x00,0x00, 
	0x00,0x00,0x00,0x00, 
	0x00,0x00,0x00,0x00, 
	0x00,0x00,0x00,0x00, 
	0x00,0x00,0x00,0x00, 
	0x00,0x00,0x00,0x00, 
	0x00,0x00,0x00,0x00, 
	0x00,0x00,0x00,0x00, 
	0x00,0x00,0x00,0x00, 
	0x00,0x00,0x00,0x00, 
	0x00,0x00,0x00,0x00, 
	0x00,0x00,0x00,0x00, 
	0x00,0x00,0x00,0x00, 
	0x00,0x00,0x00,0x00, 
	0x00,0x00,0x00,0x00, 
	0x00,0x00,0x00,0x00, 
	0x00,0x00,0x00,0x00, 
	0x00,0x00,0x00,0x00, 
	0x00,0x00,0x00,0x00, 
	0x00,0x00,0x00,0x00, 
	0x00,0x00,0x00,0x00, 
	0x00,0x00,0x00,0x00, 
	0x00,0x00,0x00,0x00, 
	0x00,0x00,0x00,0x00, 
	0x00,0x00,0x00,0x00, 
	0x00,0x00,0x00,0x00, 
	0x00,0x00,0x00,0x00, 
	0x00,0x00,0x00,0x00, 
	0x00,0x00,0x00,0x00, 
	0x00,0x00,0x00,0x00, 
	0x00,0x00,0x00,0x00, 
	0x00,0x00,0x00,0x00, 
	0x00,0x00,0x00,0x00, 
	0x00,0x00,0x00,0x00, 
	0x00,0x00,0x00,0x00, 
	0x00,0x00,0x00,0x00, 
	0x00,0x00,0x00,0x00, 
	0x00,0x00,0x00,0x00, 
	0x00,0x00,0x00,0x00, 
	0x00,0x00,0x00,0x00, 
	0x00,0x00,0x00,0x00, 
	0x00,0x00,0x00,0x00, 
	0x00,0x00,0x00,0x00, 
	0x00,0x00,0x00,0x00, 
	0x00,0x00,0x00,0x00, 
	0x00,0x00,0x00,0x00, 
	0x00,0x00,0x00,0x00, 
	0x00,0x00,0x00,0x00, 
	0x00,0x00,0x00,0x00, 
	0x00,0x00,0x00,0x00, 
	0x00,0x00,0x00,0x00, 
	0x00,0x00,0x00,0x00, 
	0x00,0x00,0x00,0x00, 
	0x00,0x00,0x00,0x00, 
	0x00,0x00,0x00,0x00, 
	0x00,0x00,0x00,0x00, 
	0x00,0x00,0x00,0x00, 
	0x00,0x00,0x00,0x00, 
	0x00,0x00,0x00,0x00, 
	0x00,0x00,0x00,0x00, 
	0x00,0x00,0x00,0x00, 
	0x00,0x00,0x00,0x00, 
	0x00,0x00,0x00,0x00, 
	0x00,0x00,0x00,0x00, 
	0x00,0x00,0x00,0x00, 
	0x00,0x00,0x00,0x00, 
	0x00,0x00,0x00,0x00, 
	0x00,0x00,0x00,0x00, 
	0x00,0x00,0x00,0x00, 
	0x00,0x00,0x00,0x00, 
	0x00,0x00,0x00,0x00, 
	0x00,0x00,0x00,0x00, 
	0x00,0x00,0x00,0x00, 
	0x00,0x00,0x00,0x00, 
	0x00,0x00,0x00,0x00, 
	0x00,0x00,0x00,0x00, 
	0x00,0x00,0x00,0x00, 
	0x00,0x00,0x00,0x00, 
	0x00,0x00,0x00,0x00, 
	0x00,0x00,0x00,0x00, 
	0x00,0x00,0x00,0x00, 
	0x00,0x00,0x00,0x00, 
	0x00,0x00,0x00,0x00, 
	0x00,0x00,0x00,0x00, 
	0x00,0x00,0x00,0x00, 
	0x00,0x00,0x00,0x00, 
	0x00,0x00,0x00,0x00, 
	0x00,0x00,0x00,0x00, 
	0x00,0x00,0x00,0x00, 
	0x00,0x00,0x00,0x00, 
	0x00,0x00,0x00,0x00, 
	0x00,0x00,0x00,0x00, 
	0x00,0x00,0x00,0x00, 
	0x00,0x00,0x00,0x00, 
	0x00,0x00,0x00,0x00, 
	0x00,0x00,0x00,0x00, 
	0x00,0x00,0x00,0x00, 
	0x00,0x00,0x00,0x00, 
	0x00,0x00,0x00,0x00, 
	0x00,0x00,0x00,0x00, 
	0x00,0x00,0x00,0x00, 
	0x00,0x00,0x00,0x00, 
	0x00,0x00,0x00,0x00, 
	0x00,0x00,0x00,0x00, 
	0x00,0x00,0x00,0x00, 
	0x00,0x00,0x00,0x00, 
	0x00,0x00,0x00,0x00, 
	0x00,0x00,0x00,0x00, 
	0x00,0x00,0x00,0x00, 
	0x00,0x00,0x00,0x00, 
	0x00,0x00,0x00,0x00, 
	0x00,0x00,0x00,0x00, 
	0x00,0x00,0x00,0x00, 
	0x00,0x00,0x00,0x00, 
	0x00,0x00,0x00,0x00, 
	0x00,0x00,0x00,0x00, 
	0x00,0x00,0x00,0x00, 
	0x00,0x00,0x00,0x00, 
	0x00,0x00,0x00,0x00, 
	0x00,0x00,0x00,0x00, 
	0x00,0x00,0x00,0x00, 
	0x00,0x00,0x00,0x00, 
	0x00,0x00,0x00,0x00, 
	0x00,0x00,0x00,0x00, 
	0x00,0x00,0x00,0x00, 
	0x00,0x00,0x00,0x00, 
	0x00,0x00,0x00,0x00, 
	0x00,0x00,0x00,0x00, 
	0x00,0x00,0x00,0x00, 
	0x00,0x00,0x00,0x00, 
	0x00,0x00,0x00,0x00, 
	0x00,0x00,0x00,0x00, 
	0x00,0x00,0x00,0x00, 
	0x00,0x00,0x00,0x00, 
	0x00,0x00,0x00,0x00, 
	0x00,0x00,0x00,0x00, 
	0x00,0x00,0x00,0x00, 
	0x00,0x00,0x00,0x00, 
	0x00,0x00,0x00,0x00, 
	0x00,0x00,0x00,0x00, 
	0x00,0x00,0x00,0x00, 
	0x00,0x00,0x00,0x00, 
	0x00,0x00,0x00,0x00, 
	0x00,0x00,0x00,0x00, 
	0x00,0x00,0x00,0x00, 
	0x00,0x00,0x00,0x00, 
	0x00,0x00,0x00,0x00, 
	0x00,0x00,0x00,0x00, 
	0x00,0x00,0x00,0x00, 
	0x00,0x00,0x00,0x00, 
	0x00,0x00,0x00,0x00, 
	0x00,0x00,0x00,0x00, 
	0x00,0x00,0x00,0x00, 
	0x00,0x00,0x00,0x00, 
	0x00,0x00,0x00,0x00, 
	0x00,0x00,0x00,0x00, 
	0x00,0x00,0x00,0x00, 
	0x00,0x00,0x00,0x00, 
	0x00,0x00,0x00,0x00, 
	0x00,0x00,0x00,0x00, 
	0x00,0x00,0x00,0x00, 
	0x00,0x00,0x00,0x00, 
	0x00,0x00,0x00,0x00, 
	0x00,0x00,0x00,0x00, 
	0x00,0x00,0x00,0x00, 
	0x00,0x00,0x00,0x00, 
	0x00,0x00,0x00,0x00, 
	0x00,0x00,0x00,0x00, 
	0x00,0x00,0x00,0x00, 
	0x00,0x00,0x00,0x00, 
	0x00,0x00,0x00,0x00, 
	0x00,0x00,0x00,0x00, 
	0x00,0x00,0x00,0x00, 
	0x00,0x00,0x00,0x00, 
	0x00,0x00,0x00,0x00, 
	0x00,0x00,0x00,0x00, 
	0x00,0x00,0x00,0x00, 
	0x00,0x00,0x00,0x00, 
	0x00,0x00,0x00,0x00, 
	0x00,0x00,0x00,0x00, 
	0x00,0x00,0x00,0x00, 
	0x00,0x00,0x00,0x00, 
	0x00,0x00,0x00,0x00, 
	0x00,0x00,0x00,0x00, 
	0x00,0x00,0x00,0x00, 
	0x00,0x00,0x00,0x00, 
	0x00,0x00,0x00,0x00, 
	0x00,0x00,0x00,0x00, 
	0x00,0x00,0x00,0x00, 
	0x00,0x00,0x00,0x00, 
	0x00,0x00,0x00,0x00, 
	0x00,0x00,0x00,0x00, 
	0x00,0x00,0x00,0x00, 
	0x00,0x00,0x00,0x00, 
	0x00,0x00,0x00,0x00, 
	0x00,0x00,0x00,0x00, 
	0x00,0x00,0x00,0x00, 
	0x00,0x00,0x00,0x00, 
	0x00,0x00,0x00,0x00, 
	0x00,0x00,0x00,0x00, 
	0x00,0x00,0x00,0x00, 
	0x00,0x00,0x00,0x00, 
	0x00,0x00,0x00,0x00, 
	0x00,0x00,0x00,0x00, 
	0x00,0x00,0x00,0x00, 
	0x00,0x00,0x00,0x00, 
	0x00,0x00,0x00,0x00, 
	0x00,0x00,0x00,0x00, 
	0x00,0x00,0x00,0x00, 
	0x00,0x00,0x00,0x00, 
	0x00,0x00,0x00,0x00, 
	0x00,0x00,0x00,0x00, 
	0x00,0x00,0x00,0x00, 
	0x00,0x00,0x00,0x00, 
	0x00,0x00,0x00,0x00, 
	0x00,0x00,0x00,0x00, 
	0x00,0x00,0x00,0x00, 
	0x00,0x00,0x00,0x00, 
	0x00,0x00,0x00,0x00, 
	0x00,0x00,0x00,0x00, 
	0x00,0x00,0x00,0x00, 
	0x00,0x00,0x00,0x00, 
	0x00,0x00,0x00,0x00, 
	0x00,0x00,0x00,0x00, 
	0x00,0x00,0x00,0x00, 
	0x00,0x00,0x00,0x00, 
	0x00,0x00,0x00,0x00, 
	0x00,0x00,0x00,0x00, 
	0x00,0x00,0x00,0x00, 
	0x00,0x00,0x00,0x00, 
	0x00,0x00,0x00,0x00, 
	0x00,0x00,0x00,0x00, 
	0x00,0x00,0x00,0x00, 
	0x00,0x00,0x00,0x00, 
	0x00,0x00,0x00,0x00, 
	0x00,0x00,0x00,0x00, 
	0x00,0x00,0x00,0x00, 
	0x00,0x00,0x00,0x00, 
	0x00,0x00,0x00,0x00, 
	0x00,0x00,0x00,0x00, 
	0x00,0x00,0x00,0x00, 
	0x00,0x00,0x00,0x00, 
	0x00,0x00,0x00,0x00, 
	0x00,0x00,0x00,0x00, 
	0x00,0x00,0x00,0x00, 
	0x00,0x00,0x00,0x00, 
	0x00,0x00,0x00,0x00, 
	0x00,0x00,0x00,0x00, 
	0x00,0x00,0x00,0x00, 
	0x00,0x00,0x00,0x00, 
	0x00,0x00,0x00,0x00, 
	0x00,0x00,0x00,0x00, 
	0x00,0x00,0x00,0x00, 
	0x00,0x00,0x00,0x00, 
	0x00,0x00,0x00,0x00, 
	0x00,0x00,0x00,0x00, 
	0x00,0x00,0x00,0x00, 
	0x00,0x00,0x00,0x00, 
	0x00,0x00,0x00,0x00, 
	0x00,0x00,0x00,0x00, 
	0x00,0x00,0x00,0x00, 
	0x00,0x00,0x00,0x00, 
	0x00,0x00,0x00,0x00, 
	0x00,0x00,0x00,0x00, 
	0x00,0x00,0x00,0x00, 
	0x00,0x00,0x00,0x00, 
	0x00,0x00,0x00,0x00, 
	0x00,0x00,0x00,0x00, 
	0x00,0x00,0x00,0x00, 
	0x00,0x00,0x00,0x00, 
	0x00,0x00,0x00,0x00, 
	0x00,0x00,0x00,0x00, 
	0x00,0x00,0x00,0x00, 
	0x00,0x00,0x00,0x00, 
	0x00,0x00,0x00,0x00, 
	0x00,0x00,0x00,0x00, 
	0x00,0x00,0x00,0x00, 
	0x00,0x00,0x00,0x00, 
	0x00,0x00,0x00,0x00, 
	0x00,0x00,0x00,0x00, 
	0x00,0x00,0x00,0x00, 
	0x00,0x00,0x00,0x00, 
	0x00,0x00,0x00,0x00, 
	0x00,0x00,0x00,0x00, 
	0x00,0x00,0x00,0x00, 
	0x00,0x00,0x00,0x00, 
	0x00,0x00,0x00,0x00, 
	0x00,0x00,0x00,0x00, 
	0x00,0x00,0x00,0x00, 
	0x00,0x00,0x00,0x00, 
	0x00,0x00,0x00,0x00, 
	0x00,0x00,0x00,0x00, 
	0x00,0x00,0x00,0x00, 
	0x00,0x00,0x00,0x00, 
	0x00,0x00,0x00,0x00, 
	0x00,0x00,0x00,0x00, 
	0x00,0x00,0x00,0x00, 
	0x00,0x00,0x00,0x00, 
	0x00,0x00,0x00,0x00, 
	0x00,0x00,0x00,0x00, 
	0x00,0x00,0x00,0x00, 
	0x00,0x00,0x00,0x00, 
	0x00,0x00,0x00,0x00, 
	0x00,0x00,0x00,0x00, 
	0x00,0x00,0x00,0x00, 
	0x00,0x00,0x00,0x00, 
	0x00,0x00,0x00,0x00, 
	0x00,0x00,0x00,0x00, 
	0x00,0x00,0x00,0x00, 
	0x00,0x00,0x00,0x00, 
	0x00,0x00,0x00,0x00, 
	0x00,0x00,0x00,0x00, 
	0x00,0x00,0x00,0x00, 
	0x00,0x00,0x00,0x00, 
	0x00,0x00,0x00,0x00, 
	0x00,0x00,0x00,0x00, 
	0x00,0x00,0x00,0x00, 
	0x00,0x00,0x00,0x00, 
	0x00,0x00,0x00,0x00, 
	0x00,0x00,0x00,0x00, 
	0x00,0x00,0x00,0x00, 
	0x00,0x00,0x00,0x00, 
	0x00,0x00,0x00,0x00, 
	0x00,0x00,0x00,0x00, 
	0x00,0x00,0x00,0x00, 
	0x00,0x00,0x00,0x00, 
	0x00,0x00,0x00,0x00, 
	0x00,0x00,0x00,0x00, 
	0x00,0x00,0x00,0x00, 
	0x00,0x00,0x00,0x00, 
	0x00,0x00,0x00,0x00, 
	0x00,0x00,0x00,0x00, 
	0x00,0x00,0x00,0x00, 
	0x00,0x00,0x00,0x00, 
	0x00,0x00,0x00,0x00, 
	0x00,0x00,0x00,0x00, 
	0x00,0x00,0x00,0x00, 
	0x00,0x00,0x00,0x00, 
	0x00,0x00,0x00,0x00, 
	0x00,0x00,0x00,0x00, 
	0x00,0x00,0x00,0x00, 
	0x00,0x00,0x00,0x00, 
	0x00,0x00,0x00,0x00, 
	0x00,0x00,0x00,0x00, 
	0x00,0x00,0x00,0x00, 
	0x00,0x00,0x00,0x00, 
	0x00,0x00,0x00,0x00, 
	0x00,0x00,0x00,0x00, 
	0x00,0x00,0x00,0x00, 
	0x00,0x00,0x00,0x00, 
	0x00,0x00,0x00,0x00, 
	0x00,0x00,0x00,0x00, 
	0x00,0x00,0x00,0x00, 
	0x00,0x00,0x00,0x00, 
	0x00,0x00,0x00,0x00, 
	0x00,0x00,0x00,0x00, 
	0x00,0x00,0x00,0x00, 
	0x00,0x00,0x00,0x00, 
	0x00,0x00,0x00,0x00, 
	0x00,0x00,0x00,0x00, 
	0x00,0x00,0x00,0x00, 
	0x00,0x00,0x00,0x00, 
	0x00,0x00,0x00,0x00, 
	0x00,0x00,0x00,0x00, 
	0x00,0x00,0x00,0x00, 
	0x00,0x00,0x00,0x00, 
	0x00,0x00,0x00,0x00, 
	0x00,0x00,0x00,0x00, 
	0x00,0x00,0x00,0x00, 
	0x00,0x00,0x00,0x00, 
	0x00,0x00,0x00,0x00, 
	0x00,0x00,0x00,0x00, 
	0x00,0x00,0x00,0x00, 
	0x00,0x00,0x00,0x00, 
	0x00,0x00,0x00,0x00, 
	0x00,0x00,0x00,0x00, 
	0x00,0x00,0x00,0x00, 
	0x00,0x00,0x00,0x00, 
	0x00,0x00,0x00,0x00, 
	0x00,0x00,0x00,0x00, 
	0x00,0x00,0x00,0x00, 
	0x00,0x00,0x00,0x00, 
	0x00,0x00,0x00,0x00, 
	0x00,0x00,0x00,0x00, 
	0x00,0x00,0x00,0x00, 
	0x00,0x00,0x00,0x00, 
	0x00,0x00,0x00,0x00, 
	0x00,0x00,0x00,0x00, 
	0x00,0x00,0x00,0x00, 
	0x00,0x00,0x00,0x00, 
	0x00,0x00,0x00,0x00, 
	0x00,0x00,0x00,0x00, 
	0x00,0x00,0x00,0x00, 
	0x00,0x00,0x00,0x00, 
	0x00,0x00,0x00,0x00, 
	0x00,0x00,0x00,0x00, 
	0x00,0x00,0x00,0x00, 
	0x00,0x00,0x00,0x00, 
	0x00,0x00,0x00,0x00, 
	0x00,0x00,0x00,0x00, 
	0x00,0x00,0x00,0x00, 
	0x00,0x00,0x00,0x00, 
	0x00,0x00,0x00,0x00, 
	0x00,0x00,0x00,0x00, 
	0x00,0x00,0x00,0x00, 
	0x00,0x00,0x00,0x00, 
	0x00,0x00,0x00,0x00, 
	0x00,0x00,0x00,0x00, 
	0x00,0x00,0x00,0x00, 
	0x00,0x00,0x00,0x00, 
	0x00,0x00,0x00,0x00, 
	0x00,0x00,0x00,0x00, 
	0x00,0x00,0x00,0x00, 
	0x00,0x00,0x00,0x00, 
	0x00,0x00,0x00,0x00, 
	0x00,0x00,0x00,0x00, 
	0x00,0x00,0x00,0x00, 
	0x00,0x00,0x00,0x00, 
	0x00,0x00,0x00,0x00, 
	0x00,0x00,0x00,0x00, 
	0x00,0x00,0x00,0x00, 
	0x00,0x00,0x00,0x00, 
	0x00,0x00,0x00,0x00, 
	0x00,0x00,0x00,0x00, 
	0x00,0x00,0x00,0x00, 
	0x00,0x00,0x00,0x00, 
	0x00,0x00,0x00,0x00, 
	0x00,0x00,0x00,0x00, 
	0x00,0x00,0x00,0x00, 
	0x00,0x00,0x00,0x00, 
	0x00,0x00,0x00,0x00, 
	0x00,0x00,0x00,0x00, 
	0x00,0x00,0x00,0x00, 
	0x00,0x00,0x00,0x00, 
	0x00,0x00,0x00,0x00, 
	0x00,0x00,0x00,0x00, 
	0x00,0x00,0x00,0x00, 
	0x00,0x00,0x00,0x00, 
	0x00,0x00,0x00,0x00, 
	0x00,0x00,0x00,0x00, 
	0x00,0x00,0x00,0x00, 
	0x00,0x00,0x00,0x00, 
	0x00,0x00,0x00,0x00, 
	0x00,0x00,0x00,0x00, 
	0x00,0x00,0x00,0x00, 
	0x00,0x00,0x00,0x00, 
	0x00,0x00,0x00,0x00, 
	0x00,0x00,0x00,0x00, 
	0x00,0x00,0x00,0x00, 
	0x00,0x00,0x00,0x00, 
	0x00,0x00,0x00,0x00, 
	0x00,0x00,0x00,0x00, 
	0x00,0x00,0x00,0x00, 
	0x00,0x00,0x00,0x00, 
	0x00,0x00,0x00,0x00, 
	0x00,0x00,0x00,0x00, 
	0x00,0x00,0x00,0x00, 
	0x00,0x00,0x00,0x00, 
	0x00,0x00,0x00,0x00, 
	0x00,0x00,0x00,0x00, 
	0x00,0x00,0x00,0x00, 
	0x00,0x00,0x00,0x00, 
	0x00,0x00,0x00,0x00, 
	0x00,0x00,0x00,0x00, 
	0x00,0x00,0x00,0x00, 
	0x00,0x00,0x00,0x00, 
	0x00,0x00,0x00,0x00, 
	0x00,0x00,0x00,0x00, 
	0x00,0x00,0x00,0x00, 
	0x00,0x00,0x00,0x00, 
	0x00,0x00,0x00,0x00, 
	0x00,0x00,0x00,0x00, 
	0x00,0x00,0x00,0x00, 
	0x00,0x00,0x00,0x00, 
	0x00,0x00,0x00,0x00, 
	0x00,0x00,0x00,0x00, 
	0x00,0x00,0x00,0x00, 
	0x00,0x00,0x00,0x00, 
	0x00,0x00,0x00,0x00, 
	0x00,0x00,0x00,0x00, 
	0x00,0x00,0x00,0x00, 
	0x00,0x00,0x00,0x00, 
	0x00,0x00,0x00,0x00, 
	0x00,0x00,0x00,0x00, 
	0x00,0x00,0x00,0x00, 
	0x00,0x00,0x00,0x00, 
	0x00,0x00,0x00,0x00, 
	0x00,0x00,0x00,0x00, 
	0x00,0x00,0x00,0x00, 
	0x00,0x00,0x00,0x00, 
	0x00,0x00,0x00,0x00, 
	0x00,0x00,0x00,0x00, 
	0x00,0x00,0x00,0x00, 
	0x00,0x00,0x00,0x00, 
	0x00,0x00,0x00,0x00, 
	0x00,0x00,0x00,0x00, 
	0x00,0x00,0x00,0x00, 
	0x00,0x00,0x00,0x00, 
	0x00,0x00,0x00,0x00, 
	0x00,0x00,0x00,0x00, 
	0x00,0x00,0x00,0x00, 
	0x00,0x00,0x00,0x00, 
	0x00,0x00,0x00,0x00, 
	0x00,0x00,0x00,0x00, 
	0x00,0x00,0x00,0x00, 
	0x00,0x00,0x00,0x00, 
	0x00,0x00,0x00,0x00, 
	0x00,0x00,0x00,0x00, 
	0x00,0x00,0x00,0x00, 
	0x00,0x00,0x00,0x00, 
	0x00,0x00,0x00,0x00, 
	0x00,0x00,0x00,0x00, 
	0x00,0x00,0x00,0x00, 
	0x00,0x00,0x00,0x00, 
	0x00,0x00,0x00,0x00, 
	0x00,0x00,0x00,0x00, 
	0x00,0x00,0x00,0x00, 
	0x00,0x00,0x00,0x00, 
	0x00,0x00,0x00,0x00, 
	0x00,0x00,0x00,0x00, 
	0x00,0x00,0x00,0x00, 
	0x00,0x00,0x00,0x00, 
	0x00,0x00,0x00,0x00, 
	0x00,0x00,0x00,0x00, 
	0x00,0x00,0x00,0x00, 
	0x00,0x00,0x00,0x00, 
	0x00,0x00,0x00,0x00, 
	0x00,0x00,0x00,0x00, 
	0x00,0x00,0x00,0x00, 
	0x00,0x00,0x00,0x00, 
	0x00,0x00,0x00,0x00, 
	0x00,0x00,0x00,0x00, 
	0x00,0x00,0x00,0x00, 
	0x00,0x00,0x00,0x00, 
	0x00,0x00,0x00,0x00, 
	0x00,0x00,0x00,0x00, 
	0x00,0x00,0x00,0x00, 
	0x00,0x00,0x00,0x00, 
	0x00,0x00,0x00,0x00, 
	0x00,0x00,0x00,0x00, 
	0x00,0x00,0x00,0x00, 
	0x00,0x00,0x00,0x00, 
	0x00,0x00,0x00,0x00, 
	0x00,0x00,0x00,0x00, 
	0x00,0x00,0x00,0x00, 
	0x00,0x00,0x00,0x00, 
	0x00,0x00,0x00,0x00, 
	0x00,0x00,0x00,0x00, 
	0x00,0x00,0x00,0x00, 
	0x00,0x00,0x00,0x00, 
	0x00,0x00,0x00,0x00, 
	0x00,0x00,0x00,0x00, 
	0x00,0x00,0x00,0x00, 
	0x00,0x00,0x00,0x00, 
	0x00,0x00,0x00,0x00, 
	0x00,0x00,0x00,0x00, 
	0x00,0x00,0x00,0x00, 
	0x00,0x00,0x00,0x00, 
	0x00,0x00,0x00,0x00, 
	0x00,0x00,0x00,0x00, 
	0x00,0x00,0x00,0x00, 
	0x00,0x00,0x00,0x00, 
	0x00,0x00,0x00,0x00, 
	0x00,0x00,0x00,0x00, 
	0x00,0x00,0x00,0x00, 
	0x00,0x00,0x00,0x00, 
	0x00,0x00,0x00,0x00, 
	0x00,0x00,0x00,0x00, 
	0x00,0x00,0x00,0x00, 
	0x00,0x00,0x00,0x00, 
	0x00,0x00,0x00,0x00, 
	0x00,0x00,0x00,0x00, 
	0x00,0x00,0x00,0x00, 
	0x00,0x00,0x00,0x00, 
	0x00,0x00,0x00,0x00, 
	0x00,0x00,0x00,0x00, 
	0x00,0x00,0x00,0x00, 
	0x00,0x00,0x00,0x00, 
	0x00,0x00,0x00,0x00, 
	0x00,0x00,0x00,0x00, 
	0x00,0x00,0x00,0x00, 
	0x00,0x00,0x00,0x00, 
	0x00,0x00,0x00,0x00, 
	0x00,0x00,0x00,0x00, 
	0x00,0x00,0x00,0x00, 
	0x00,0x00,0x00,0x00, 
	0x00,0x00,0x00,0x00, 
	0x00,0x00,0x00,0x00, 
	0x00,0x00,0x00,0x00, 
	0x00,0x00,0x00,0x00, 
	0x00,0x00,0x00,0x00, 
	0x00,0x00,0x00,0x00, 
	0x00,0x00,0x00,0x00, 
	0x00,0x00,0x00,0x00, 
	0x00,0x00,0x00,0x00, 
	0x00,0x00,0x00,0x00, 
	0x00,0x00,0x00,0x00, 
	0x00,0x00,0x00,0x00, 
	0x00,0x00,0x00,0x00, 
	0x00,0x00,0x00,0x00, 
	0x00,0x00,0x00,0x00, 
	0x00,0x00,0x00,0x00, 
	0x00,0x00,0x00,0x00, 
	0x00,0x00,0x00,0x00, 
	0x00,0x00,0x00,0x00, 
	0x00,0x00,0x00,0x00, 
	0x00,0x00,0x00,0x00, 
	0x00,0x00,0x00,0x00, 
	0x00,0x00,0x00,0x00, 
	0x00,0x00,0x00,0x00, 
	0x00,0x00,0x00,0x00, 
	0x00,0x00,0x00,0x00, 
	0x00,0x00,0x00,0x00, 
	0x00,0x00,0x00,0x00, 
	0x00,0x00,0x00,0x00, 
	0x00,0x00,0x00,0x00, 
	0x00,0x00,0x00,0x00, 
	0x00,0x00,0x00,0x00, 
	0x00,0x00,0x00,0x00, 
	0x00,0x00,0x00,0x00, 
	0x00,0x00,0x00,0x00, 
	0x00,0x00,0x00,0x00, 
	0x00,0x00,0x00,0x00, 
	0x00,0x00,0x00,0x00, 
	0x00,0x00,0x00,0x00, 
	0x00,0x00,0x00,0x00, 
	0x00,0x00,0x00,0x00, 
	0x00,0x00,0x00,0x00, 
	0x00,0x00,0x00,0x00, 
	0x00,0x00,0x00,0x00, 
	0x00,0x00,0x00,0x00, 
	0x00,0x00,0x00,0x00, 
	0x00,0x00,0x00,0x00, 
	0x00,0x00,0x00,0x00, 
	0x00,0x00,0x00,0x00, 
	0x00,0x00,0x00,0x00, 
	0x00,0x00,0x00,0x00, 
	0x00,0x00,0x00,0x00, 
	0x00,0x00,0x00,0x00, 
	0x00,0x00,0x00,0x00, 
	0x00,0x00,0x00,0x00, 
	0x00,0x00,0x00,0x00, 
	0x00,0x00,0x00,0x00, 
	0x00,0x00,0x00,0x00, 
	0x00,0x00,0x00,0x00, 
	0x00,0x00,0x00,0x00, 
	0x00,0x00,0x00,0x00, 
	0x00,0x00,0x00,0x00, 
	0x00,0x00,0x00,0x00, 
	0x00,0x00,0x00,0x00, 
	0x00,0x00,0x00,0x00, 
	0x00,0x00,0x00,0x00, 
	0x00,0x00,0x00,0x00, 
	0x00,0x00,0x00,0x00, 
	0x00,0x00,0x00,0x00, 
	0x00,0x00,0x00,0x00, 
	0x00,0x00,0x00,0x00, 
	0x00,0x00,0x00,0x00, 
	0x00,0x00,0x00,0x00, 
	0x00,0x00,0x00,0x00, 
	0x00,0x00,0x00,0x00, 
	0x00,0x00,0x00,0x00, 
	0x00,0x00,0x00,0x00, 
	0x00,0x00,0x00,0x00, 
	0x00,0x00,0x00,0x00, 
	0x00,0x00,0x00,0x00, 
	0x00,0x00,0x00,0x00, 
	0x00,0x00,0x00,0x00, 
	0x00,0x00,0x00,0x00, 
	0x00,0x00,0x00,0x00, 
	0x00,0x00,0x00,0x00, 
	0x00,0x00,0x00,0x00, 
	0x00,0x00,0x00,0x00, 
	0x00,0x00,0x00,0x00, 
	0x00,0x00,0x00,0x00, 
	0x00,0x00,0x00,0x00, 
	0x00,0x00,0x00,0x00, 
	0x00,0x00,0x00,0x00, 
	0x00,0x00,0x00,0x00, 
	0x00,0x00,0x00,0x00, 
	0x00,0x00,0x00,0x00, 
	0x00,0x00,0x00,0x00, 
	0x00,0x00,0x00,0x00, 
	0x00,0x00,0x00,0x00, 
	0x00,0x00,0x00,0x00, 
	0x00,0x00,0x00,0x00, 
	0x00,0x00,0x00,0x00, 
	0x00,0x00,0x00,0x00, 
	0x00,0x00,0x00,0x00, 
	0x00,0x00,0x00,0x00, 
	0x00,0x00,0x00,0x00, 
	0x00,0x00,0x00,0x00, 
	0x00,0x00,0x00,0x00, 
	0x00,0x00,0x00,0x00, 
	0x00,0x00,0x00,0x00, 
	0x00,0x00,0x00,0x00, 
	0x00,0x00,0x00,0x00, 
	0x00,0x00,0x00,0x00, 
	0x00,0x00,0x00,0x00, 
	0x00,0x00,0x00,0x00, 
	0x00,0x00,0x00,0x00, 
	0x00,0x00,0x00,0x00, 
	0x00,0x00,0x00,0x00, 
	0x00,0x00,0x00,0x00, 
	0x00,0x00,0x00,0x00, 
	0x00,0x00,0x00,0x00, 
	0x00,0x00,0x00,0x00, 
	0x00,0x00,0x00,0x00, 
	0x00,0x00,0x00,0x00, 
	0x00,0x00,0x00,0x00, 
	0x00,0x00,0x00,0x00, 
	0x00,0x00,0x00,0x00, 
	0x00,0x00,0x00,0x00, 
	0x00,0x00,0x00,0x00, 
	0x00,0x00,0x00,0x00, 
	0x00,0x00,0x00,0x00, 
	0x00,0x00,0x00,0x00, 
	0x00,0x00,0x00,0x00, 
	0x00,0x00,0x00,0x00, 
	0x00,0x00,0x00,0x00, 
	0x00,0x00,0x00,0x00, 
	0x00,0x00,0x00,0x00, 
	0x00,0x00,0x00,0x00, 
	0x00,0x00,0x00,0x00, 
	0x00,0x00,0x00,0x00, 
	0x00,0x00,0x00,0x00, 
	0x00,0x00,0x00,0x00, 
	0x00,0x00,0x00,0x00, 
	0x00,0x00,0x00,0x00, 
	0x00,0x00,0x00,0x00, 
	0x00,0x00,0x00,0x00, 
	0x00,0x00,0x00,0x00, 
	0x00,0x00,0x00,0x00, 
	0x00,0x00,0x00,0x00, 
	0x00,0x00,0x00,0x00, 
	0x00,0x00,0x00,0x00, 
	0x00,0x00,0x00,0x00, 
	0x00,0x00,0x00,0x00, 
	0x00,0x00,0x00,0x00, 
	0x00,0x00,0x00,0x00, 
	0x00,0x00,0x00,0x00, 
	0x00,0x00,0x00,0x00, 
	0x00,0x00,0x00,0x00, 
	0x00,0x00,0x00,0x00, 
	0x00,0x00,0x00,0x00, 
	0x00,0x00,0x00,0x00, 
	0x00,0x00,0x00,0x00, 
	0x00,0x00,0x00,0x00, 
	0x00,0x00,0x00,0x00, 
	0x00,0x00,0x00,0x00, 
	0x00,0x00,0x00,0x00, 
	0x00,0x00,0x00,0x00, 
	0x00,0x00,0x00,0x00, 
	0x00,0x00,0x00,0x00, 
	0x00,0x00,0x00,0x00, 
	0x00,0x00,0x00,0x00, 
	0x00,0x00,0x00,0x00, 
	0x00,0x00,0x00,0x00, 
	0x00,0x00,0x00,0x00, 
	0x00,0x00,0x00,0x00, 
	0x00,0x00,0x00,0x00, 
	0x00,0x00,0x00,0x00, 
	0x00,0x00,0x00,0x00, 
	0x00,0x00,0x00,0x00, 
	0x00,0x00,0x00,0x00, 
	0x00,0x00,0x00,0x00, 
	0x00,0x00,0x00,0x00, 
	0x00,0x00,0x00,0x00, 
	0x00,0x00,0x00,0x00, 
	0x00,0x00,0x00,0x00, 
	0x00,0x00,0x00,0x00, 
	0x00,0x00,0x00,0x00, 
	0x00,0x00,0x00,0x00, 
	0x00,0x00,0x00,0x00, 
	0x00,0x00,0x00,0x00, 
	0x00,0x00,0x00,0x00, 
	0x00,0x00,0x00,0x00, 
	0x00,0x00,0x00,0x00, 
	0x00,0x00,0x00,0x00, 
	0x00,0x00,0x00,0x00, 
	0x00,0x00,0x00,0x00, 
	0x00,0x00,0x00,0x00, 
	0x00,0x00,0x00,0x00, 
	0x00,0x00,0x00,0x00, 
	0x00,0x00,0x00,0x00, 
	0x00,0x00,0x00,0x00, 
	0x00,0x00,0x00,0x00, 
	0x00,0x00,0x00,0x00, 
	0x00,0x00,0x00,0x00, 
	0x00,0x00,0x00,0x00, 
	0x00,0x00,0x00,0x00, 
	0x00,0x00,0x00,0x00, 
	0x00,0x00,0x00,0x00, 
	0x00,0x00,0x00,0x00, 
	0x00,0x00,0x00,0x00, 
	0x00,0x00,0x00,0x00, 
	0x00,0x00,0x00,0x00, 
	0x00,0x00,0x00,0x00, 
	0x00,0x00,0x00,0x00, 
	0x00,0x00,0x00,0x00, 
	0x00,0x00,0x00,0x00, 
	0x00,0x00,0x00,0x00, 
	0x00,0x00,0x00,0x00, 
	0x00,0x00,0x00,0x00, 
	0x00,0x00,0x00,0x00, 
	0x00,0x00,0x00,0x00, 
	0x00,0x00,0x00,0x00, 
	0x00,0x00,0x00,0x00, 
	0x00,0x00,0x00,0x00, 
	0x00,0x00,0x00,0x00, 
	0x00,0x00,0x00,0x00, 
	0x00,0x00,0x00,0x00, 
	0x00,0x00,0x00,0x00, 
	0x00,0x00,0x00,0x00, 
	0x00,0x00,0x00,0x00, 
	0x00,0x00,0x00,0x00, 
	0x00,0x00,0x00,0x00, 
	0x00,0x00,0x00,0x00, 
	0x00,0x00,0x00,0x00, 
	0x00,0x00,0x00,0x00, 
	0x00,0x00,0x00,0x00, 
	0x00,0x00,0x00,0x00, 
	0x00,0x00,0x00,0x00, 
	0x00,0x00,0x00,0x00, 
	0x00,0x00,0x00,0x00, 
	0x00,0x00,0x00,0x00, 
	0x00,0x00,0x00,0x00, 
	0x00,0x00,0x00,0x00, 
	0x00,0x00,0x00,0x00, 
	0x00,0x00,0x00,0x00, 
	0x00,0x00,0x00,0x00, 
	0x00,0x00,0x00,0x00, 
	0x00,0x00,0x00,0x00, 
	0x00,0x00,0x00,0x00, 
	0x00,0x00,0x00,0x00, 
	0x00,0x00,0x00,0x00, 
	0x00,0x00,0x00,0x00, 
	0x00,0x00,0x00,0x00, 
	0x00,0x00,0x00,0x00, 
	0x00,0x00,0x00,0x00, 
	0x00,0x00,0x00,0x00, 
	0x00,0x00,0x00,0x00, 
	0x00,0x00,0x00,0x00, 
	0x00,0x00,0x00,0x00, 
	0x00,0x00,0x00,0x00, 
	0x00,0x00,0x00,0x00, 
	0x00,0x00,0x00,0x00, 
	0x00,0x00,0x00,0x00, 
	0x00,0x00,0x00,0x00, 
	0x00,0x00,0x00,0x00, 
	0x00,0x00,0x00,0x00, 
	0x00,0x00,0x00,0x00, 
	0x00,0x00,0x00,0x00, 
	0x00,0x00,0x00,0x00, 
	0x00,0x00,0x00,0x00, 
	0x00,0x00,0x00,0x00, 
	0x00,0x00,0x00,0x00, 
	0x00,0x00,0x00,0x00, 
	0x00,0x00,0x00,0x00, 
	0x00,0x00,0x00,0x00, 
	0x00,0x00,0x00,0x00, 
	0x00,0x00,0x00,0x00, 
	0x00,0x00,0x00,0x00, 
	0x00,0x00,0x00,0x00, 
	0x00,0x00,0x00,0x00, 
	0x00,0x00,0x00,0x00, 
	0x00,0x00,0x00,0x00, 
	0x00,0x00,0x00,0x00, 
	0x00,0x00,0x00,0x00, 
	0x00,0x00,0x00,0x00, 
	0x00,0x00,0x00,0x00, 
	0x00,0x00,0x00,0x00, 
	0x00,0x00,0x00,0x00, 
	0x00,0x00,0x00,0x00, 
	0x00,0x00,0x00,0x00, 
	0x00,0x00,0x00,0x00, 
	0x00,0x00,0x00,0x00, 
	0x00,0x00,0x00,0x00, 
	0x00,0x00,0x00,0x00, 
	0x00,0x00,0x00,0x00, 
	0x00,0x00,0x00,0x00, 
	0x00,0x00,0x00,0x00, 
	0x00,0x00,0x00,0x00, 
	0x00,0x00,0x00,0x00, 
	0x00,0x00,0x00,0x00, 
	0x00,0x00,0x00,0x00, 
	0x00,0x00,0x00,0x00, 
	0x00,0x00,0x00,0x00, 
	0x00,0x00,0x00,0x00, 
	0x00,0x00,0x00,0x00, 
	0x00,0x00,0x00,0x00, 
	0x00,0x00,0x00,0x00, 
	0x00,0x00,0x00,0x00, 
	0x00,0x00,0x00,0x00, 
	0x00,0x00,0x00,0x00, 
	0x00,0x00,0x00,0x00, 
	0x00,0x00,0x00,0x00, 
	0x00,0x00,0x00,0x00, 
	0x00,0x00,0x00,0x00, 
	0x00,0x00,0x00,0x00, 
	0x00,0x00,0x00,0x00, 
	0x00,0x00,0x00,0x00, 
	0x00,0x00,0x00,0x00, 
	0x00,0x00,0x00,0x00, 
	0x00,0x00,0x00,0x00, 
	0x00,0x00,0x00,0x00, 
	0x00,0x00,0x00,0x00, 
	0x00,0x00,0x00,0x00, 
	0x00,0x00,0x00,0x00, 
	0x00,0x00,0x00,0x00, 
	0x00,0x00,0x00,0x00, 
	0x00,0x00,0x00,0x00, 
	0x00,0x00,0x00,0x00, 
	0x00,0x00,0x00,0x00, 
	0x00,0x00,0x00,0x00, 
	0x00,0x00,0x00,0x00, 
	0x00,0x00,0x00,0x00, 
	0x00,0x00,0x00,0x00, 
	0x00,0x00,0x00,0x00, 
	0x00,0x00,0x00,0x00, 
	0x00,0x00,0x00,0x00, 
	0x00,0x00,0x00,0x00, 
	0x00,0x00,0x00,0x00, 
	0x00,0x00,0x00,0x00, 
	0x00,0x00,0x00,0x00, 
	0x00,0x00,0x00,0x00, 
	0x00,0x00,0x00,0x00, 
	0x00,0x00,0x00,0x00, 
	0x00,0x00,0x00,0x00, 
	0x00,0x00,0x00,0x00, 
	0x00,0x00,0x00,0x00, 
	0x00,0x00,0x00,0x00, 
	0x00,0x00,0x00,0x00, 
	0x00,0x00,0x00,0x00, 
	0x00,0x00,0x00,0x00, 
	0x00,0x00,0x00,0x00, 
	0x00,0x00,0x00,0x00, 
	0x00,0x00,0x00,0x00, 
	0x00,0x00,0x00,0x00, 
	0x00,0x00,0x00,0x00, 
	0x00,0x00,0x00,0x00, 
	0x00,0x00,0x00,0x00, 
	0x00,0x00,0x00,0x00, 
	0x00,0x00,0x00,0x00, 
	0x00,0x00,0x00,0x00, 
	0x00,0x00,0x00,0x00, 
	0x00,0x00,0x00,0x00, 
	0x00,0x00,0x00,0x00, 
	0x00,0x00,0x00,0x00, 
	0x00,0x00,0x00,0x00, 
	0x00,0x00,0x00,0x00, 
	0x00,0x00,0x00,0x00, 
	0x00,0x00,0x00,0x00, 
	0x00,0x00,0x00,0x00, 
	0x00,0x00,0x00,0x00, 
	0x00,0x00,0x00,0x00, 
	0x00,0x00,0x00,0x00, 
	0x00,0x00,0x00,0x00, 
	0x00,0x00,0x00,0x00, 
	0x00,0x00,0x00,0x00, 
	0x00,0x00,0x00,0x00, 
	0x00,0x00,0x00,0x00, 
	0x00,0x00,0x00,0x00, 
	0x00,0x00,0x00,0x00, 
	0x00,0x00,0x00,0x00, 
	0x00,0x00,0x00,0x00, 
	0x00,0x00,0x00,0x00, 
	0x00,0x00,0x00,0x00, 
	0x00,0x00,0x00,0x00, 
	0x00,0x00,0x00,0x00, 
	0x00,0x00,0x00,0x00, 
	0x00,0x00,0x00,0x00, 
	0x00,0x00,0x00,0x00, 
	0x00,0x00,0x00,0x00, 
	0x00,0x00,0x00,0x00, 
	0x00,0x00,0x00,0x00, 
	0x00,0x00,0x00,0x00, 
	0x00,0x00,0x00,0x00, 
	0x00,0x00,0x00,0x00, 
	0x00,0x00,0x00,0x00, 
	0x00,0x00,0x00,0x00, 
	0x00,0x00,0x00,0x00, 
	0x00,0x00,0x00,0x00, 
	0x00,0x00,0x00,0x00, 
	0x00,0x00,0x00,0x00, 
	0x00,0x00,0x00,0x00, 
	0x00,0x00,0x00,0x00, 
	0x00,0x00,0x00,0x00, 
	0x00,0x00,0x00,0x00, 
	0x00,0x00,0x00,0x00, 
	0x00,0x00,0x00,0x00, 
	0x00,0x00,0x00,0x00, 
	0x00,0x00,0x00,0x00, 
	0x00,0x00,0x00,0x00, 
	0x00,0x00,0x00,0x00, 
	0x00,0x00,0x00,0x00, 
	0x00,0x00,0x00,0x00, 
	0x00,0x00,0x00,0x00, 
	0x00,0x00,0x00,0x00, 
	0x00,0x00,0x00,0x00, 
	0x00,0x00,0x00,0x00, 
	0x00,0x00,0x00,0x00, 
	0x00,0x00,0x00,0x00, 
	0x00,0x00,0x00,0x00, 
	0x00,0x00,0x00,0x00, 
	0x00,0x00,0x00,0x00, 
	0x00,0x00,0x00,0x00, 
	0x00,0x00,0x00,0x00, 
	0x00,0x00,0x00,0x00, 
	0x00,0x00,0x00,0x00, 
	0x00,0x00,0x00,0x00, 
	0x00,0x00,0x00,0x00, 
	0x00,0x00,0x00,0x00, 
	0x00,0x00,0x00,0x00, 
	0x00,0x00,0x00,0x00, 
	0x00,0x00,0x00,0x00, 
	0x00,0x00,0x00,0x00, 
	0x00,0x00,0x00,0x00, 
	0x00,0x00,0x00,0x00, 
	0x00,0x00,0x00,0x00, 
	0x00,0x00,0x00,0x00, 
	0x00,0x00,0x00,0x00, 
	0x00,0x00,0x00,0x00, 
	0x00,0x00,0x00,0x00, 
	0x00,0x00,0x00,0x00, 
	0x00,0x00,0x00,0x00, 
	0x00,0x00,0x00,0x00, 
	0x00,0x00,0x00,0x00, 
	0x00,0x00,0x00,0x00, 
	0x00,0x00,0x00,0x00, 
	0x00,0x00,0x00,0x00, 
	0x00,0x00,0x00,0x00, 
	0x00,0x00,0x00,0x00, 
	0x00,0x00,0x00,0x00, 
	0x00,0x00,0x00,0x00, 
	0x00,0x00,0x00,0x00, 
	0x00,0x00,0x00,0x00, 
	0x00,0x00,0x00,0x00, 
	0x00,0x00,0x00,0x00, 
	0x00,0x00,0x00,0x00, 
	0x00,0x00,0x00,0x00, 
	0x00,0x00,0x00,0x00, 
	0x00,0x00,0x00,0x00, 
	0x00,0x00,0x00,0x00, 
	0x00,0x00,0x00,0x00, 
	0x00,0x00,0x00,0x00, 
	0x00,0x00,0x00,0x00, 
	0x00,0x00,0x00,0x00, 
	0x00,0x00,0x00,0x00, 
	0x00,0x00,0x00,0x00, 
	0x00,0x00,0x00,0x00, 
	0x00,0x00,0x00,0x00, 
	0x00,0x00,0x00,0x00, 
	0x00,0x00,0x00,0x00, 
	0x00,0x00,0x00,0x00, 
	0x00,0x00,0x00,0x00, 
	0x00,0x00,0x00,0x00, 
	0x00,0x00,0x00,0x00, 
	0x00,0x00,0x00,0x00, 
	0x00,0x00,0x00,0x00, 
	0x00,0x00,0x00,0x00, 
	0x00,0x00,0x00,0x00, 
	0x00,0x00,0x00,0x00, 
	0x00,0x00,0x00,0x00, 
	0x00,0x00,0x00,0x00, 
	0x00,0x00,0x00,0x00, 
	0x00,0x00,0x00,0x00, 
	0x00,0x00,0x00,0x00, 
	0x00,0x00,0x00,0x00, 
	0x00,0x00,0x00,0x00, 
	0x00,0x00,0x00,0x00, 
	0x00,0x00,0x00,0x00, 
	0x00,0x00,0x00,0x00, 
	0x00,0x00,0x00,0x00, 
	0x00,0x00,0x00,0x00, 
	0x00,0x00,0x00,0x00, 
	0x00,0x00,0x00,0x00, 
	0x00,0x00,0x00,0x00, 
	0x00,0x00,0x00,0x00, 
	0x00,0x00,0x00,0x00, 
	0x00,0x00,0x00,0x00, 
	0x00,0x00,0x00,0x00, 
	0x00,0x00,0x00,0x00, 
	0x00,0x00,0x00,0x00, 
	0x00,0x00,0x00,0x00, 
	0x00,0x00,0x00,0x00, 
	0x00,0x00,0x00,0x00, 
	0x00,0x00,0x00,0x00, 
	0x00,0x00,0x00,0x00, 
	0x00,0x00,0x00,0x00, 
	0x00,0x00,0x00,0x00, 
	0x00,0x00,0x00,0x00, 
	0x00,0x00,0x00,0x00, 
	0x00,0x00,0x00,0x00, 
	0x00,0x00,0x00,0x00, 
	0x00,0x00,0x00,0x00, 
	0x00,0x00,0x00,0x00, 
	0x00,0x00,0x00,0x00, 
	0x00,0x00,0x00,0x00, 
	0x00,0x00,0x00,0x00, 
	0x00,0x00,0x00,0x00, 
	0x00,0x00,0x00,0x00, 
	0x00,0x00,0x00,0x00, 
	0x00,0x00,0x00,0x00, 
	0x00,0x00,0x00,0x00, 
	0x00,0x00,0x00,0x00, 
	0x00,0x00,0x00,0x00, 
	0x00,0x00,0x00,0x00, 
	0x00,0x00,0x00,0x00, 
	0x00,0x00,0x00,0x00, 
	0x00,0x00,0x00,0x00, 
	0x00,0x00,0x00,0x00, 
	0x00,0x00,0x00,0x00, 
	0x00,0x00,0x00,0x00, 
	0x00,0x00,0x00,0x00, 
	0x00,0x00,0x00,0x00, 
	0x00,0x00,0x00,0x00, 
	0x00,0x00,0x00,0x00, 
	0x00,0x00,0x00,0x00, 
	0x00,0x00,0x00,0x00, 
	0x00,0x00,0x00,0x00, 
	0x00,0x00,0x00,0x00, 
	0x00,0x00,0x00,0x00, 
	0x00,0x00,0x00,0x00, 
	0x00,0x00,0x00,0x00, 
	0x00,0x00,0x00,0x00, 
	0x00,0x00,0x00,0x00, 
	0x00,0x00,0x00,0x00, 
	0x00,0x00,0x00,0x00, 
	0x00,0x00,0x00,0x00, 
	0x00,0x00,0x00,0x00, 
	0x00,0x00,0x00,0x00, 
	0x00,0x00,0x00,0x00, 
	0x00,0x00,0x00,0x00, 
	0x00,0x00,0x00,0x00, 
	0x00,0x00,0x00,0x00, 
	0x00,0x00,0x00,0x00, 
	0x00,0x00,0x00,0x00, 
	0x00,0x00,0x00,0x00, 
	0x00,0x00,0x00,0x00, 
	0x00,0x00,0x00,0x00, 
	0x00,0x00,0x00,0x00, 
	0x00,0x00,0x00,0x00, 
	0x00,0x00,0x00,0x00, 
	0x00,0x00,0x00,0x00, 
	0x00,0x00,0x00,0x00, 
	0x00,0x00,0x00,0x00, 
	0x00,0x00,0x00,0x00, 
	0x00,0x00,0x00,0x00, 
	0x00,0x00,0x00,0x00, 
	0x00,0x00,0x00,0x00, 
	0x00,0x00,0x00,0x00, 
	0x00,0x00,0x00,0x00, 
	0x00,0x00,0x00,0x00, 
	0x00,0x00,0x00,0x00, 
	0x00,0x00,0x00,0x00, 
	0x00,0x00,0x00,0x00, 
	0x00,0x00,0x00,0x00, 
	0x00,0x00,0x00,0x00, 
	0x00,0x00,0x00,0x00, 
	0x00,0x00,0x00,0x00, 
	0x00,0x00,0x00,0x00, 
	0x00,0x00,0x00,0x00, 
	0x00,0x00,0x00,0x00, 
	0x00,0x00,0x00,0x00, 
	0x00,0x00,0x00,0x00, 
	0x00,0x00,0x00,0x00, 
	0x00,0x00,0x00,0x00, 
	0x00,0x00,0x00,0x00, 
	0x00,0x00,0x00,0x00, 
	0x00,0x00,0x00,0x00, 
	0x00,0x00,0x00,0x00, 
	0x00,0x00,0x00,0x00, 
	0x00,0x00,0x00,0x00, 
	0x00,0x00,0x00,0x00, 
	0x00,0x00,0x00,0x00, 
	0x00,0x00,0x00,0x00, 
	0x00,0x00,0x00,0x00, 
	0x00,0x00,0x00,0x00, 
	0x00,0x00,0x00,0x00, 
	0x00,0x00,0x00,0x00, 
	0x00,0x00,0x00,0x00, 
	0x00,0x00,0x00,0x00, 
	0x00,0x00,0x00,0x00, 
	0x00,0x00,0x00,0x00, 
	0x00,0x00,0x00,0x00, 
	0x00,0x00,0x00,0x00, 
	0x00,0x00,0x00,0x00, 
	0x00,0x00,0x00,0x00, 
	0x00,0x00,0x00,0x00, 
	0x00,0x00,0x00,0x00, 
	0x00,0x00,0x00,0x00, 
	0x00,0x00,0x00,0x00, 
	0x00,0x00,0x00,0x00, 
	0x00,0x00,0x00,0x00, 
	0x00,0x00,0x00,0x00, 
	0x00,0x00,0x00,0x00, 
	0x00,0x00,0x00,0x00, 
	0x00,0x00,0x00,0x00, 
	0x00,0x00,0x00,0x00, 
	0x00,0x00,0x00,0x00, 
	0x00,0x00,0x00,0x00, 
	0x00,0x00,0x00,0x00, 
	0x00,0x00,0x00,0x00, 
	0x00,0x00,0x00,0x00, 
	0x00,0x00,0x00,0x00, 
	0x00,0x00,0x00,0x00, 
	0x00,0x00,0x00,0x00, 
	0x00,0x00,0x00,0x00, 
	0x00,0x00,0x00,0x00, 
	0x00,0x00,0x00,0x00, 
	0x00,0x00,0x00,0x00, 
	0x00,0x00,0x00,0x00, 
	0x00,0x00,0x00,0x00, 
	0x00,0x00,0x00,0x00, 
	0x00,0x00,0x00,0x00, 
	0x00,0x00,0x00,0x00, 
	0x00,0x00,0x00,0x00, 
	0x00,0x00,0x00,0x00, 
	0x00,0x00,0x00,0x00, 
	0x00,0x00,0x00,0x00, 
	0x00,0x00,0x00,0x00, 
	0x00,0x00,0x00,0x00, 
	0x00,0x00,0x00,0x00, 
	0x00,0x00,0x00,0x00, 
	0x00,0x00,0x00,0x00, 
	0x00,0x00,0x00,0x00, 
	0x00,0x00,0x00,0x00, 
	0x00,0x00,0x00,0x00, 
	0x00,0x00,0x00,0x00, 
	0x00,0x00,0x00,0x00, 
	0x00,0x00,0x00,0x00, 
	0x00,0x00,0x00,0x00, 
	0x00,0x00,0x00,0x00, 
	0x00,0x00,0x00,0x00, 
	0x00,0x00,0x00,0x00, 
	0x00,0x00,0x00,0x00, 
	0x00,0x00,0x00,0x00, 
	0x00,0x00,0x00,0x00, 
	0x00,0x00,0x00,0x00, 
	0x00,0x00,0x00,0x00, 
	0x00,0x00,0x00,0x00, 
	0x00,0x00,0x00,0x00, 
	0x00,0x00,0x00,0x00, 
	0x00,0x00,0x00,0x00, 
	0x00,0x00,0x00,0x00, 
	0x00,0x00,0x00,0x00, 
	0x00,0x00,0x00,0x00, 
	0x00,0x00,0x00,0x00, 
	0x00,0x00,0x00,0x00, 
	0x00,0x00,0x00,0x00, 
	0x00,0x00,0x00,0x00, 
	0x00,0x00,0x00,0x00, 
	0x00,0x00,0x00,0x00, 
	0x00,0x00,0x00,0x00, 
	0x00,0x00,0x00,0x00, 
	0x00,0x00,0x00,0x00, 
	0x00,0x00,0x00,0x00, 
	0x00,0x00,0x00,0x00, 
	0x00,0x00,0x00,0x00, 
	0x00,0x00,0x00,0x00, 
	0x00,0x00,0x00,0x00, 
	0x00,0x00,0x00,0x00, 
	0x00,0x00,0x00,0x00, 
	0x00,0x00,0x00,0x00, 
	0x00,0x00,0x00,0x00, 
	0x00,0x00,0x00,0x00, 
	0x00,0x00,0x00,0x00, 
	0x00,0x00,0x00,0x00, 
	0x00,0x00,0x00,0x00, 
	0x00,0x00,0x00,0x00, 
	0x00,0x00,0x00,0x00, 
	0x00,0x00,0x00,0x00, 
	0x00,0x00,0x00,0x00, 
	0x00,0x00,0x00,0x00, 
	0x00,0x00,0x00,0x00, 
	0x00,0x00,0x00,0x00, 
	0x00,0x00,0x00,0x00, 
	0x00,0x00,0x00,0x00, 
	0x00,0x00,0x00,0x00, 
	0x00,0x00,0x00,0x00, 
	0x00,0x00,0x00,0x00, 
	0x00,0x00,0x00,0x00, 
	0x00,0x00,0x00,0x00, 
	0x00,0x00,0x00,0x00, 
	0x00,0x00,0x00,0x00, 
	0x00,0x00,0x00,0x00, 
	0x00,0x00,0x00,0x00, 
	0x00,0x00,0x00,0x00, 
	0x00,0x00,0x00,0x00, 
	0x00,0x00,0x00,0x00, 
	0x00,0x00,0x00,0x00, 
	0x00,0x00,0x00,0x00, 
	0x00,0x00,0x00,0x00, 
	0x00,0x00,0x00,0x00, 
	0x00,0x00,0x00,0x00, 
	0x00,0x00,0x00,0x00, 
	0x00,0x00,0x00,0x00, 
	0x00,0x00,0x00,0x00, 
	0x00,0x00,0x00,0x00, 
	0x00,0x00,0x00,0x00, 
	0x00,0x00,0x00,0x00, 
	0x00,0x00,0x00,0x00, 
	0x00,0x00,0x00,0x00, 
	0x00,0x00,0x00,0x00, 
	0x00,0x00,0x00,0x00, 
	0x00,0x00,0x00,0x00, 
	0x00,0x00,0x00,0x00, 
	0x00,0x00,0x00,0x00, 
	0x00,0x00,0x00,0x00, 
	0x00,0x00,0x00,0x00, 
	0x00,0x00,0x00,0x00, 
	0x00,0x00,0x00,0x00, 
	0x00,0x00,0x00,0x00, 
	0x00,0x00,0x00,0x00, 
	0x00,0x00,0x00,0x00, 
	0x00,0x00,0x00,0x00, 
	0x00,0x00,0x00,0x00, 
	0x00,0x00,0x00,0x00, 
	0x00,0x00,0x00,0x00, 
	0x00,0x00,0x00,0x00, 
	0x00,0x00,0x00,0x00, 
	0x00,0x00,0x00,0x00, 
	0x00,0x00,0x00,0x00, 
	0x00,0x00,0x00,0x00, 
	0x00,0x00,0x00,0x00, 
	0x00,0x00,0x00,0x00, 
	0x00,0x00,0x00,0x00, 
	0x00,0x00,0x00,0x00, 
	0x00,0x00,0x00,0x00, 
	0x00,0x00,0x00,0x00, 
	0x00,0x00,0x00,0x00, 
	0x00,0x00,0x00,0x00, 
	0x00,0x00,0x00,0x00, 
	0x00,0x00,0x00,0x00, 
	0x00,0x00,0x00,0x00, 
	0x00,0x00,0x00,0x00, 
	0x00,0x00,0x00,0x00, 
	0x00,0x00,0x00,0x00, 
	0x00,0x00,0x00,0x00, 
	0x00,0x00,0x00,0x00, 
	0x00,0x00,0x00,0x00, 
	0x00,0x00,0x00,0x00, 
	0x00,0x00,0x00,0x00, 
	0x00,0x00,0x00,0x00, 
	0x00,0x00,0x00,0x00, 
	0x00,0x00,0x00,0x00, 
	0x00,0x00,0x00,0x00, 
	0x00,0x00,0x00,0x00, 
	0x00,0x00,0x00,0x00, 
	0x00,0x00,0x00,0x00, 
	0x00,0x00,0x00,0x00, 
	0x00,0x00,0x00,0x00, 
	0x00,0x00,0x00,0x00, 
	0x00,0x00,0x00,0x00, 
	0x00,0x00,0x00,0x00, 
	0x00,0x00,0x00,0x00, 
	0x00,0x00,0x00,0x00, 
	0x00,0x00,0x00,0x00, 
	0x00,0x00,0x00,0x00, 
	0x00,0x00,0x00,0x00, 
	0x00,0x00,0x00,0x00, 
	0x00,0x00,0x00,0x00, 
	0x00,0x00,0x00,0x00, 
	0x00,0x00,0x00,0x00, 
	0x00,0x00,0x00,0x00, 
	0x00,0x00,0x00,0x00, 
	0x00,0x00,0x00,0x00, 
	0x00,0x00,0x00,0x00, 
	0x00,0x00,0x00,0x00, 
	0x00,0x00,0x00,0x00, 
	0x00,0x00,0x00,0x00, 
	0x00,0x00,0x00,0x00, 
	0x00,0x00,0x00,0x00, 
	0x00,0x00,0x00,0x00, 
	0x00,0x00,0x00,0x00, 
	0x00,0x00,0x00,0x00, 
	0x00,0x00,0x00,0x00, 
	0x00,0x00,0x00,0x00, 
	0x00,0x00,0x00,0x00, 
	0x00,0x00,0x00,0x00, 
	0x00,0x00,0x00,0x00, 
	0x00,0x00,0x00,0x00, 
	0x00,0x00,0x00,0x00, 
	0x00,0x00,0x00,0x00, 
	0x00,0x00,0x00,0x00, 
	0x00,0x00,0x00,0x00, 
	0x00,0x00,0x00,0x00, 
	0x00,0x00,0x00,0x00, 
	0x00,0x00,0x00,0x00, 
	0x00,0x00,0x00,0x00, 
	0x00,0x00,0x00,0x00, 
	0x00,0x00,0x00,0x00, 
	0x00,0x00,0x00,0x00, 
	0x00,0x00,0x00,0x00, 
	0x00,0x00,0x00,0x00, 
	0x00,0x00,0x00,0x00, 
	0x00,0x00,0x00,0x00, 
	0x00,0x00,0x00,0x00, 
	0x00,0x00,0x00,0x00, 
	0x00,0x00,0x00,0x00, 
	0x00,0x00,0x00,0x00, 
	0x00,0x00,0x00,0x00, 
	0x00,0x00,0x00,0x00, 
	0x00,0x00,0x00,0x00, 
	0x00,0x00,0x00,0x00, 
	0x00,0x00,0x00,0x00, 
	0x00,0x00,0x00,0x00, 
	0x00,0x00,0x00,0x00, 
	0x00,0x00,0x00,0x00, 
	0x00,0x00,0x00,0x00, 
	0x00,0x00,0x00,0x00, 
	0x00,0x00,0x00,0x00, 
	0x00,0x00,0x00,0x00, 
	0x00,0x00,0x00,0x00, 
	0x00,0x00,0x00,0x00, 
	0x00,0x00,0x00,0x00, 
	0x00,0x00,0x00,0x00, 
	0x00,0x00,0x00,0x00, 
	0x00,0x00,0x00,0x00, 
	0x00,0x00,0x00,0x00, 
	0x00,0x00,0x00,0x00, 
	0x00,0x00,0x00,0x00, 
	0x00,0x00,0x00,0x00, 
	0x00,0x00,0x00,0x00, 
	0x00,0x00,0x00,0x00, 
	0x00,0x00,0x00,0x00, 
	0x00,0x00,0x00,0x00, 
	0x00,0x00,0x00,0x00, 
	0x00,0x00,0x00,0x00, 
	0x00,0x00,0x00,0x00, 
	0x00,0x00,0x00,0x00, 
	0x00,0x00,0x00,0x00, 
	0x00,0x00,0x00,0x00, 
	0x00,0x00,0x00,0x00, 
	0x00,0x00,0x00,0x00, 
	0x00,0x00,0x00,0x00, 
	0x00,0x00,0x00,0x00, 
	0x00,0x00,0x00,0x00, 
	0x00,0x00,0x00,0x00, 
	0x00,0x00,0x00,0x00, 
	0x00,0x00,0x00,0x00, 
	0x00,0x00,0x00,0x00, 
	0x00,0x00,0x00,0x00, 
	0x00,0x00,0x00,0x00, 
	0x00,0x00,0x00,0x00, 
	0x00,0x00,0x00,0x00, 
	0x00,0x00,0x00,0x00, 
	0x00,0x00,0x00,0x00, 
	0x00,0x00,0x00,0x00, 
	0x00,0x00,0x00,0x00, 
	0x00,0x00,0x00,0x00, 
	0x00,0x00,0x00,0x00, 
	0x00,0x00,0x00,0x00, 
	0x00,0x00,0x00,0x00, 
	0x00,0x00,0x00,0x00, 
	0x00,0x00,0x00,0x00, 
	0x00,0x00,0x00,0x00, 
	0x00,0x00,0x00,0x00, 
	0x00,0x00,0x00,0x00, 
	0x00,0x00,0x00,0x00, 
	0x00,0x00,0x00,0x00, 
	0x00,0x00,0x00,0x00, 
	0x00,0x00,0x00,0x00, 
	0x00,0x00,0x00,0x00, 
	0x00,0x00,0x00,0x00, 
	0x00,0x00,0x00,0x00, 
	0x00,0x00,0x00,0x00, 
	0x00,0x00,0x00,0x00, 
	0x00,0x00,0x00,0x00, 
	0x00,0x00,0x00,0x00, 
	0x00,0x00,0x00,0x00, 
	0x00,0x00,0x00,0x00, 
	0x00,0x00,0x00,0x00, 
	0x00,0x00,0x00,0x00, 
	0x00,0x00,0x00,0x00, 
	0x00,0x00,0x00,0x00, 
	0x00,0x00,0x00,0x00, 
	0x00,0x00,0x00,0x00, 
	0x00,0x00,0x00,0x00, 
	0x00,0x00,0x00,0x00, 
	0x00,0x00,0x00,0x00, 
	0x00,0x00,0x00,0x00, 
	0x00,0x00,0x00,0x00, 
	0x00,0x00,0x00,0x00, 
	0x00,0x00,0x00,0x00, 
	0x00,0x00,0x00,0x00, 
	0x00,0x00,0x00,0x00, 
	0x00,0x00,0x00,0x00, 
	0x00,0x00,0x00,0x00, 
	0x00,0x00,0x00,0x00, 
	0x00,0x00,0x00,0x00, 
	0x00,0x00,0x00,0x00, 
	0x00,0x00,0x00,0x00, 
	0x00,0x00,0x00,0x00, 
	0x00,0x00,0x00,0x00, 
	0x00,0x00,0x00,0x00, 
	0x00,0x00,0x00,0x00, 
	0x00,0x00,0x00,0x00, 
	0x00,0x00,0x00,0x00, 
	0x00,0x00,0x00,0x00, 
	0x00,0x00,0x00,0x00, 
	0x00,0x00,0x00,0x00, 
	0x00,0x00,0x00,0x00, 
	0x00,0x00,0x00,0x00, 
	0x00,0x00,0x00,0x00, 
	0x00,0x00,0x00,0x00, 
	0x00,0x00,0x00,0x00, 
	0x00,0x00,0x00,0x00, 
	0x00,0x00,0x00,0x00, 
	0x00,0x00,0x00,0x00, 
	0x00,0x00,0x00,0x00, 
	0x00,0x00,0x00,0x00, 
	0x00,0x00,0x00,0x00, 
	0x00,0x00,0x00,0x00, 
	0x00,0x00,0x00,0x00, 
	0x00,0x00,0x00,0x00, 
	0x00,0x00,0x00,0x00, 
	0x00,0x00,0x00,0x00, 
	0x00,0x00,0x00,0x00, 
	0x00,0x00,0x00,0x00, 
	0x00,0x00,0x00,0x00, 
	0x00,0x00,0x00,0x00, 
	0x00,0x00,0x00,0x00, 
	0x00,0x00,0x00,0x00, 
	0x00,0x00,0x00,0x00, 
	0x00,0x00,0x00,0x00, 
	0x00,0x00,0x00,0x00, 
	0x00,0x00,0x00,0x00, 
	0x00,0x00,0x00,0x00, 
	0x00,0x00,0x00,0x00, 
	0x00,0x00,0x00,0x00, 
	0x00,0x00,0x00,0x00, 
	0x00,0x00,0x00,0x00, 
	0x00,0x00,0x00,0x00, 
	0x00,0x00,0x00,0x00, 
	0x00,0x00,0x00,0x00, 
	0x00,0x00,0x00,0x00, 
	0x00,0x00,0x00,0x00, 
	0x00,0x00,0x00,0x00, 
	0x00,0x00,0x00,0x00, 
	0x00,0x00,0x00,0x00, 
	0x00,0x00,0x00,0x00, 
	0x00,0x00,0x00,0x00, 
	0x00,0x00,0x00,0x00, 
	0x00,0x00,0x00,0x00, 
	0x00,0x00,0x00,0x00, 
	0x00,0x00,0x00,0x00, 
	0x00,0x00,0x00,0x00, 
	0x00,0x00,0x00,0x00, 
	0x00,0x00,0x00,0x00, 
	0x00,0x00,0x00,0x00, 
	0x00,0x00,0x00,0x00, 
	0x00,0x00,0x00,0x00, 
	0x00,0x00,0x00,0x00, 
	0x00,0x00,0x00,0x00, 
	0x00,0x00,0x00,0x00, 
	0x00,0x00,0x00,0x00, 
	0x00,0x00,0x00,0x00, 
	0x00,0x00,0x00,0x00, 
	0x00,0x00,0x00,0x00, 
	0x00,0x00,0x00,0x00, 
	0x00,0x00,0x00,0x00, 
	0x00,0x00,0x00,0x00, 
	0x00,0x00,0x00,0x00, 
	0x00,0x00,0x00,0x00, 
	0x00,0x00,0x00,0x00, 
	0x00,0x00,0x00,0x00, 
	0x00,0x00,0x00,0x00, 
	0x00,0x00,0x00,0x00, 
	0x00,0x00,0x00,0x00, 
	0x00,0x00,0x00,0x00, 
	0x00,0x00,0x00,0x00, 
	0x00,0x00,0x00,0x00, 
	0x00,0x00,0x00,0x00, 
	0x00,0x00,0x00,0x00, 
	0x00,0x00,0x00,0x00, 
	0x00,0x00,0x00,0x00, 
	0x00,0x00,0x00,0x00, 
	0x00,0x00,0x00,0x00, 
	0x00,0x00,0x00,0x00, 
	0x00,0x00,0x00,0x00, 
	0x00,0x00,0x00,0x00, 
	0x00,0x00,0x00,0x00, 
	0x00,0x00,0x00,0x00, 
	0x00,0x00,0x00,0x00, 
	0x00,0x00,0x00,0x00, 
	0x00,0x00,0x00,0x00, 
	0x00,0x00,0x00,0x00, 
	0x00,0x00,0x00,0x00, 
	0x00,0x00,0x00,0x00, 
	0x00,0x00,0x00,0x00, 
	0x00,0x00,0x00,0x00, 
	0x00,0x00,0x00,0x00, 
	0x00,0x00,0x00,0x00, 
	0x00,0x00,0x00,0x00, 
	0x00,0x00,0x00,0x00, 
	0x00,0x00,0x00,0x00, 
	0x00,0x00,0x00,0x00, 
	0x00,0x00,0x00,0x00, 
	0x00,0x00,0x00,0x00, 
	0x00,0x00,0x00,0x00, 
	0x00,0x00,0x00,0x00, 
	0x00,0x00,0x00,0x00, 
	0x00,0x00,0x00,0x00, 
	0x00,0x00,0x00,0x00, 
	0x00,0x00,0x00,0x00, 
	0x00,0x00,0x00,0x00, 
	0x00,0x00,0x00,0x00, 
	0x00,0x00,0x00,0x00, 
	0x00,0x00,0x00,0x00, 
	0x00,0x00,0x00,0x00, 
	0x00,0x00,0x00,0x00, 
	0x00,0x00,0x00,0x00, 
	0x00,0x00,0x00,0x00, 
	0x00,0x00,0x00,0x00, 
	0x00,0x00,0x00,0x00, 
	0x00,0x00,0x00,0x00, 
	0x00,0x00,0x00,0x00, 
	0x00,0x00,0x00,0x00, 
	0x00,0x00,0x00,0x00, 
	0x00,0x00,0x00,0x00, 
	0x00,0x00,0x00,0x00, 
	0x00,0x00,0x00,0x00, 
	0x00,0x00,0x00,0x00, 
	0x00,0x00,0x00,0x00, 
	0x00,0x00,0x00,0x00, 
	0x00,0x00,0x00,0x00, 
	0x00,0x00,0x00,0x00, 
	0x00,0x00,0x00,0x00, 
	0x00,0x00,0x00,0x00, 
	0x00,0x00,0x00,0x00, 
	0x00,0x00,0x00,0x00, 
	0x00,0x00,0x00,0x00, 
	0x00,0x00,0x00,0x00, 
	0x00,0x00,0x00,0x00, 
	0x00,0x00,0x00,0x00, 
	0x00,0x00,0x00,0x00, 
	0x00,0x00,0x00,0x00, 
	0x00,0x00,0x00,0x00, 
	0x00,0x00,0x00,0x00, 
	0x00,0x00,0x00,0x00, 
	0x00,0x00,0x00,0x00, 
	0x00,0x00,0x00,0x00, 
	0x00,0x00,0x00,0x00, 
	0x00,0x00,0x00,0x00, 
	0x00,0x00,0x00,0x00, 
	0x00,0x00,0x00,0x00, 
	0x00,0x00,0x00,0x00, 
	0x00,0x00,0x00,0x00, 
	0x00,0x00,0x00,0x00, 
	0x00,0x00,0x00,0x00, 
	0x00,0x00,0x00,0x00, 
	0x00,0x00,0x00,0x00, 
	0x00,0x00,0x00,0x00, 
	0x00,0x00,0x00,0x00, 
	0x00,0x00,0x00,0x00, 
	0x00,0x00,0x00,0x00, 
	0x00,0x00,0x00,0x00, 
	0x00,0x00,0x00,0x00, 
	0x00,0x00,0x00,0x00, 
	0x00,0x00,0x00,0x00, 
	0x00,0x00,0x00,0x00, 
	0x00,0x00,0x00,0x00, 
	0x00,0x00,0x00,0x00, 
	0x00,0x00,0x00,0x00, 
	0x00,0x00,0x00,0x00, 
	0x00,0x00,0x00,0x00, 
	0x00,0x00,0x00,0x00, 
	0x00,0x00,0x00,0x00, 
	0x00,0x00,0x00,0x00, 
	0x00,0x00,0x00,0x00, 
	0x00,0x00,0x00,0x00, 
	0x00,0x00,0x00,0x00, 
	0x00,0x00,0x00,0x00, 
	0x00,0x00,0x00,0x00, 
	0x00,0x00,0x00,0x00, 
	0x00,0x00,0x00,0x00, 
	0x00,0x00,0x00,0x00, 
	0x00,0x00,0x00,0x00, 
	0x00,0x00,0x00,0x00, 
	0x00,0x00,0x00,0x00, 
	0x00,0x00,0x00,0x00, 
	0x00,0x00,0x00,0x00, 
	0x00,0x00,0x00,0x00, 
	0x00,0x00,0x00,0x00, 
	0x00,0x00,0x00,0x00, 
	0x00,0x00,0x00,0x00, 
	0x00,0x00,0x00,0x00, 
	0x00,0x00,0x00,0x00, 
	0x00,0x00,0x00,0x00, 
	0x00,0x00,0x00,0x00, 
	0x00,0x00,0x00,0x00, 
	0x00,0x00,0x00,0x00, 
	0x00,0x00,0x00,0x00, 
	0x00,0x00,0x00,0x00, 
	0x00,0x00,0x00,0x00, 
	0x00,0x00,0x00,0x00, 
	0x00,0x00,0x00,0x00, 
	0x00,0x00,0x00,0x00, 
	0x00,0x00,0x00,0x00, 
	0x00,0x00,0x00,0x00, 
	0x00,0x00,0x00,0x00, 
	0x00,0x00,0x00,0x00, 
	0x00,0x00,0x00,0x00, 
	0x00,0x00,0x00,0x00, 
	0x00,0x00,0x00,0x00, 
	0x00,0x00,0x00,0x00, 
	0x00,0x00,0x00,0x00, 
	0x00,0x00,0x00,0x00, 
	0x00,0x00,0x00,0x00, 
	0x00,0x00,0x00,0x00, 
	0x00,0x00,0x00,0x00, 
	0x00,0x00,0x00,0x00, 
	0x00,0x00,0x00,0x00, 
	0x00,0x00,0x00,0x00, 
	0x00,0x00,0x00,0x00, 
	0x00,0x00,0x00,0x00, 
	0x00,0x00,0x00,0x00, 
	0x00,0x00,0x00,0x00, 
	0x00,0x00,0x00,0x00, 
	0x00,0x00,0x00,0x00, 
	0x00,0x00,0x00,0x00, 
	0x00,0x00,0x00,0x00, 
	0x00,0x00,0x00,0x00, 
	0x00,0x00,0x00,0x00, 
	0x00,0x00,0x00,0x00, 
	0x00,0x00,0x00,0x00, 
	0x00,0x00,0x00,0x00, 
	0x00,0x00,0x00,0x00, 
	0x00,0x00,0x00,0x00, 
	0x00,0x00,0x00,0x00, 
	0x00,0x00,0x00,0x00, 
	0x00,0x00,0x00,0x00, 
	0x00,0x00,0x00,0x00, 
	0x00,0x00,0x00,0x00, 
	0x00,0x00,0x00,0x00, 
	0x00,0x00,0x00,0x00, 
	0x00,0x00,0x00,0x00, 
	0x00,0x00,0x00,0x00, 
	0x00,0x00,0x00,0x00, 
	0x00,0x00,0x00,0x00, 
	0x00,0x00,0x00,0x00, 
	0x00,0x00,0x00,0x00, 
	0x00,0x00,0x00,0x00, 
	0x00,0x00,0x00,0x00, 
	0x00,0x00,0x00,0x00, 
	0x00,0x00,0x00,0x00, 
	0x00,0x00,0x00,0x00, 
	0x00,0x00,0x00,0x00, 
	0x00,0x00,0x00,0x00, 
	0x00,0x00,0x00,0x00, 
	0x00,0x00,0x00,0x00, 
	0x00,0x00,0x00,0x00, 
	0x00,0x00,0x00,0x00, 
	0x00,0x00,0x00,0x00, 
	0x00,0x00,0x00,0x00, 
	0x00,0x00,0x00,0x00, 
	0x00,0x00,0x00,0x00, 
	0x00,0x00,0x00,0x00, 
	0x00,0x00,0x00,0x00, 
	0x00,0x00,0x00,0x00, 
	0x00,0x00,0x00,0x00, 
	0x00,0x00,0x00,0x00, 
	0x00,0x00,0x00,0x00, 
	0x00,0x00,0x00,0x00, 
	0x00,0x00,0x00,0x00, 
	0x00,0x00,0x00,0x00, 
	0x00,0x00,0x00,0x00, 
	0x00,0x00,0x00,0x00, 
	0x00,0x00,0x00,0x00, 
	0x00,0x00,0x00,0x00, 
	0x00,0x00,0x00,0x00, 
	0x00,0x00,0x00,0x00, 
	0x00,0x00,0x00,0x00, 
	0x00,0x00,0x00,0x00, 
	0x00,0x00,0x00,0x00, 
	0x00,0x00,0x00,0x00, 
	0x00,0x00,0x00,0x00, 
	0x00,0x00,0x00,0x00, 
	0x00,0x00,0x00,0x00, 
	0x00,0x00,0x00,0x00, 
	0x00,0x00,0x00,0x00, 
	0x00,0x00,0x00,0x00, 
	0x00,0x00,0x00,0x00, 
	0x00,0x00,0x00,0x00, 
	0x00,0x00,0x00,0x00, 
	0x00,0x00,0x00,0x00, 
	0x00,0x00,0x00,0x00, 
	0x00,0x00,0x00,0x00, 
	0x00,0x00,0x00,0x00, 
	0x00,0x00,0x00,0x00, 
	0x00,0x00,0x00,0x00, 
	0x00,0x00,0x00,0x00, 
	0x00,0x00,0x00,0x00, 
	0x00,0x00,0x00,0x00, 
	0x00,0x00,0x00,0x00, 
	0x00,0x00,0x00,0x00, 
	0x00,0x00,0x00,0x00, 
	0x00,0x00,0x00,0x00, 
	0x00,0x00,0x00,0x00, 
	0x00,0x00,0x00,0x00, 
	0x00,0x00,0x00,0x00, 
	0x00,0x00,0x00,0x00, 
	0x00,0x00,0x00,0x00, 
	0x00,0x00,0x00,0x00, 
	0x00,0x00,0x00,0x00, 
	0x00,0x00,0x00,0x00, 
	0x00,0x00,0x00,0x00, 
	0x00,0x00,0x00,0x00, 
	0x00,0x00,0x00,0x00, 
	0x00,0x00,0x00,0x00, 
	0x00,0x00,0x00,0x00, 
	0x00,0x00,0x00,0x00, 
	0x00,0x00,0x00,0x00, 
	0x00,0x00,0x00,0x00, 
	0x00,0x00,0x00,0x00, 
	0x00,0x00,0x00,0x00, 
	0x00,0x00,0x00,0x00, 
	0x00,0x00,0x00,0x00, 
	0x00,0x00,0x00,0x00, 
	0x00,0x00,0x00,0x00, 
	0x00,0x00,0x00,0x00, 
	0x00,0x00,0x00,0x00, 
	0x00,0x00,0x00,0x00, 
	0x00,0x00,0x00,0x00, 
	0x00,0x00,0x00,0x00, 
	0x00,0x00,0x00,0x00, 
	0x00,0x00,0x00,0x00, 
	0x00,0x00,0x00,0x00, 
	0x00,0x00,0x00,0x00, 
	0x00,0x00,0x00,0x00, 
	0x00,0x00,0x00,0x00, 
	0x00,0x00,0x00,0x00, 
	0x00,0x00,0x00,0x00, 
	0x00,0x00,0x00,0x00, 
	0x00,0x00,0x00,0x00, 
	0x00,0x00,0x00,0x00, 
	0x00,0x00,0x00,0x00, 
	0x00,0x00,0x00,0x00, 
	0x00,0x00,0x00,0x00, 
	0x00,0x00,0x00,0x00, 
	0x00,0x00,0x00,0x00, 
	0x00,0x00,0x00,0x00, 
	0x00,0x00,0x00,0x00, 
	0x00,0x00,0x00,0x00, 
	0x00,0x00,0x00,0x00, 
	0x00,0x00,0x00,0x00, 
	0x00,0x00,0x00,0x00, 
	0x00,0x00,0x00,0x00, 
	0x00,0x00,0x00,0x00, 
	0x00,0x00,0x00,0x00, 
	0x00,0x00,0x00,0x00, 
	0x00,0x00,0x00,0x00, 
	0x00,0x00,0x00,0x00, 
	0x00,0x00,0x00,0x00, 
	0x00,0x00,0x00,0x00, 
	0x00,0x00,0x00,0x00, 
	0x00,0x00,0x00,0x00, 
	0x00,0x00,0x00,0x00, 
	0x00,0x00,0x00,0x00, 
	0x00,0x00,0x00,0x00, 
	0x00,0x00,0x00,0x00, 
	0x00,0x00,0x00,0x00, 
	0x00,0x00,0x00,0x00, 
	0x00,0x00,0x00,0x00, 
	0x00,0x00,0x00,0x00, 
	0x00,0x00,0x00,0x00, 
	0x00,0x00,0x00,0x00, 
	0x00,0x00,0x00,0x00, 
	0x00,0x00,0x00,0x00, 
}  
}  
}; 
#define DEMOD_FIRMWARE_LINES_0_8_0 (sizeof(M16P_DEMOD_FW_0_8_0)/(sizeof(LX_DEMOD_FIRMWARE_STRUCT))) 
#endif 
