#ifndef _M19_TER_DEMOD_FIRMWARE_A_0_1_H_ 
#define _M19_TER_DEMOD_FIRMWARE_A_0_1_H_ 

static const LX_DEMOD_FIRMWARE_STRUCT M19_TER_DEMOD_FW_A_0_1[] = { 
 {	0x00, 0x18000,  
{  
	0x00,0xc5,0x49,0x10, 
	0xd5,0x49,0x20,0xe5, 
	0x49,0x30,0xf5,0x49, 
	0x00,0x34,0x00,0x00, 
	0x00,0x00,0x00,0x00, 
	0x00,0x00,0x00,0x00, 
	0x00,0x00,0x00,0x00, 
	0x00,0x00,0x00,0x00, 
	0x00,0x00,0x00,0x00, 
	0x00,0x00,0x00,0x00, 
	0x00,0x00,0x00,0x00, 
	0x00,0x00,0x00,0x00, 
	0x00,0x00,0x00,0x00, 
	0x00,0x00,0x00,0x00, 
	0x00,0x00,0x00,0x00, 
	0x00,0x00,0x00,0x00, 
	0x00,0xc5,0x09,0x10, 
	0xd5,0x09,0x20,0xe5, 
	0x09,0x30,0xf5,0x09, 
	0x00,0x35,0x00,0x00, 
	0x00,0x00,0x00,0x00, 
	0x00,0x00,0x00,0x00, 
	0x00,0x00,0x00,0x00, 
	0x00,0x00,0x00,0x00, 
	0x00,0x00,0x00,0x00, 
	0x00,0x00,0x00,0x00, 
	0x00,0x00,0x00,0x00, 
	0x00,0x00,0x00,0x00, 
	0x00,0x00,0x00,0x00, 
	0x00,0x00,0x00,0x00, 
	0x00,0x00,0x00,0x00, 
	0x00,0x00,0x00,0x00, 
	0x00,0xc9,0x49,0x00, 
	0xd1,0x09,0x10,0xd9, 
	0x49,0x20,0xe9,0x49, 
	0x30,0xf9,0x49,0x40, 
	0x80,0x49,0x50,0x90, 
	0x49,0x60,0xa0,0x49, 
	0x70,0xb0,0x49,0x00, 
	0x34,0x00,0x00,0x00, 
	0x00,0x00,0x00,0x00, 
	0x00,0x00,0x00,0x00, 
	0x00,0x00,0x00,0x00, 
	0x00,0x00,0x00,0x00, 
	0x00,0x00,0x00,0x00, 
	0x00,0x00,0x00,0x00, 
	0x00,0x00,0x00,0x00, 
	0x00,0x00,0x00,0x00, 
	0x00,0xc9,0x09,0x10, 
	0xd9,0x09,0x20,0xe9, 
	0x09,0x70,0xd1,0x09, 
	0x30,0xf9,0x09,0x40, 
	0x87,0x09,0x50,0x97, 
	0x09,0x60,0xa7,0x09, 
	0x70,0xb7,0x09,0x00, 
	0x35,0x00,0x00,0x00, 
	0x00,0x00,0x00,0x00, 
	0x00,0x00,0x00,0x00, 
	0x00,0x00,0x00,0x00, 
	0x00,0x00,0x00,0x00, 
	0x00,0x00,0x00,0x00, 
	0x00,0x00,0x00,0x00, 
	0x00,0x00,0x00,0x00, 
	0x00,0x00,0x00,0x00, 
	0x00,0xcd,0x49,0x00, 
	0xd1,0x09,0x10,0xdd, 
	0x49,0x20,0xed,0x49, 
	0x30,0xfd,0x49,0x40, 
	0x40,0x49,0x50,0x50, 
	0x49,0x60,0x60,0x49, 
	0x70,0x70,0x49,0x80, 
	0x80,0x49,0x90,0x90, 
	0x49,0xa0,0xa0,0x49, 
	0xb0,0xb0,0x49,0x00, 
	0x34,0x00,0x00,0x00, 
	0x00,0x00,0x00,0x00, 
	0x00,0x00,0x00,0x00, 
	0x00,0x00,0x00,0x00, 
	0x00,0x00,0x00,0x00, 
	0x00,0x00,0x00,0x00, 
	0x00,0xcd,0x09,0x10, 
	0xdd,0x09,0x20,0xed, 
	0x09,0xb0,0xd1,0x09, 
	0x30,0xfd,0x09,0x40, 
	0x4b,0x09,0x50,0x5b, 
	0x09,0x60,0x6b,0x09, 
	0x70,0x7b,0x09,0x80, 
	0x8b,0x09,0x90,0x9b, 
	0x09,0xa0,0xab,0x09, 
	0xb0,0xbb,0x09,0x00, 
	0x35,0x00,0x00,0x00, 
	0x00,0x00,0x00,0x00, 
	0x00,0x00,0x00,0x00, 
	0x00,0x00,0x00,0x00, 
	0x00,0x00,0x00,0x00, 
	0x00,0x00,0x00,0x00, 
	0x20,0xd2,0x61,0xa0, 
	0x02,0x00,0x00,0x00, 
	0x00,0x00,0x00,0x00, 
	0x00,0x00,0x00,0x00, 
	0x00,0x00,0x00,0x00, 
	0x00,0x00,0x00,0x00, 
	0x00,0x00,0x00,0x00, 
	0x00,0x00,0x00,0x00, 
	0x00,0x00,0x00,0x00, 
	0x00,0x00,0x00,0x00, 
	0x00,0x00,0x00,0x00, 
	0x00,0x00,0x00,0x00, 
	0x00,0x00,0x00,0x00, 
	0x00,0x00,0x00,0x00, 
	0x00,0x00,0x00,0x00, 
	0x00,0x00,0x00,0x00, 
	0x20,0xd3,0x61,0xa0, 
	0x02,0x00,0x00,0x00, 
	0x00,0x00,0x00,0x00, 
	0x00,0x00,0x00,0x00, 
	0x00,0x00,0x00,0x00, 
	0x00,0x00,0x00,0x00, 
	0x00,0x00,0x00,0x00, 
	0x00,0x00,0x00,0x00, 
	0x00,0x00,0x00,0x00, 
	0x00,0x00,0x00,0x00, 
	0x00,0x00,0x00,0x00, 
	0x00,0x00,0x00,0x00, 
	0x00,0x00,0x00,0x00, 
	0x00,0x00,0x00,0x00, 
	0x00,0x00,0x00,0x00, 
	0x00,0x00,0x00,0x00, 
	0x20,0xd4,0x61,0xa0, 
	0x02,0x00,0x00,0x00, 
	0x00,0x00,0x00,0x00, 
	0x00,0x00,0x00,0x00, 
	0x00,0x00,0x00,0x00, 
	0x00,0x00,0x00,0x00, 
	0x00,0x00,0x00,0x00, 
	0x00,0x00,0x00,0x00, 
	0x00,0x00,0x00,0x00, 
	0x00,0x00,0x00,0x00, 
	0x00,0x00,0x00,0x00, 
	0x00,0x00,0x00,0x00, 
	0x00,0x00,0x00,0x00, 
	0x00,0x00,0x00,0x00, 
	0x00,0x00,0x00,0x00, 
	0x00,0x00,0x00,0x00, 
	0x20,0xd5,0x61,0xa0, 
	0x02,0x00,0x00,0x00, 
	0x00,0x00,0x00,0x00, 
	0x00,0x00,0x00,0x00, 
	0x00,0x00,0x00,0x00, 
	0x00,0x00,0x00,0x00, 
	0x00,0x00,0x00,0x00, 
	0x00,0x00,0x00,0x00, 
	0x00,0x00,0x00,0x00, 
	0x00,0x00,0x00,0x00, 
	0x00,0x00,0x00,0x00, 
	0x00,0x00,0x00,0x00, 
	0x00,0x00,0x00,0x00, 
	0x00,0x00,0x00,0x00, 
	0x00,0x00,0x00,0x00, 
	0x00,0x00,0x00,0x00, 
	0x00,0x76,0x00,0x46, 
	0xfe,0xff,0x00,0x00, 
	0x00,0x00,0x00,0x00, 
	0x00,0x00,0x00,0x00, 
	0x00,0x00,0x00,0x00, 
	0x00,0x00,0x00,0x00, 
	0x00,0x00,0x00,0x00, 
	0x00,0x00,0x00,0x00, 
	0x00,0x00,0x00,0x00, 
	0x00,0x00,0x00,0x00, 
	0x00,0x00,0x00,0x00, 
	0x00,0x00,0x00,0x00, 
	0x00,0x00,0x00,0x00, 
	0x00,0x00,0x00,0x00, 
	0x00,0x00,0x00,0x00, 
	0x00,0x00,0x00,0x00, 
	0x10,0x37,0x00,0x00, 
	0x00,0x00,0x00,0x00, 
	0x00,0x00,0x00,0x00, 
	0x00,0x00,0x00,0x00, 
	0x00,0x00,0x00,0x00, 
	0x00,0x00,0x00,0x00, 
	0x00,0x00,0x00,0x00, 
	0x00,0x00,0x00,0x00, 
	0x00,0x00,0x00,0x00, 
	0x00,0x00,0x00,0x00, 
	0x00,0x00,0x00,0x00, 
	0x00,0x00,0x00,0x00, 
	0x00,0x00,0x00,0x00, 
	0x00,0x00,0x00,0x00, 
	0x00,0x00,0x00,0x00, 
	0x00,0x00,0x00,0x00, 
	0x00,0x41,0x00,0x46, 
	0xfe,0xff,0x00,0x00, 
	0x00,0x00,0x00,0x00, 
	0x00,0x00,0x00,0x00, 
	0x00,0x00,0x00,0x00, 
	0x00,0x00,0x00,0x00, 
	0x00,0x00,0x00,0x00, 
	0x00,0x00,0x00,0x00, 
	0x00,0x00,0x00,0x00, 
	0x00,0x00,0x00,0x00, 
	0x00,0x00,0x00,0x00, 
	0x00,0x00,0x00,0x00, 
	0x00,0x00,0x00,0x00, 
	0x00,0x00,0x00,0x00, 
	0x00,0x00,0x00,0x00, 
	0x00,0x00,0x00,0x00, 
	0x12,0xc1,0xa0,0x29, 
	0x41,0x39,0x51,0x31, 
	0xa3,0x80,0x20,0xe8, 
	0x03,0x30,0x32,0xa0, 
	0x38,0x03,0x49,0x61, 
	0xa0,0x03,0x00,0x00, 
	0x00,0x00,0x00,0x00, 
	0x00,0x00,0x00,0x00, 
	0x00,0x00,0x00,0x00, 
	0x00,0x00,0x00,0x00, 
	0x00,0x00,0x00,0x00, 
	0x00,0x00,0x00,0x00, 
	0x00,0x00,0x00,0x00, 
	0x00,0x00,0x00,0x00, 
	0x00,0x00,0x00,0x00, 
	0x00,0x00,0x00,0x00, 
	0x00,0x00,0x00,0x00, 
	0x00,0x00,0x00,0x00, 
	0x00,0x00,0x00,0x00, 
	0x00,0x00,0x00,0x00, 
	0x00,0x00,0x00,0x00, 
	0x00,0x00,0x00,0x00, 
	0x00,0x00,0x00,0x00, 
	0x00,0x00,0x00,0x00, 
	0x00,0x00,0x00,0x00, 
	0x00,0x00,0x00,0x00, 
	0x00,0x00,0x00,0x00, 
	0x00,0x00,0x00,0x00, 
	0x00,0x00,0x00,0x00, 
	0x00,0x00,0x00,0x00, 
	0x00,0x00,0x00,0x00, 
	0x00,0x00,0x00,0x00, 
	0x40,0x41,0x00,0x46, 
	0xfe,0xff,0x00,0x00, 
	0x00,0x00,0x00,0x00, 
	0x00,0x00,0x00,0x00, 
	0x00,0x00,0x00,0x00, 
	0x00,0x00,0x00,0x00, 
	0x00,0x00,0x00,0x00, 
	0x00,0x00,0x00,0x00, 
	0x00,0x00,0x00,0x00, 
	0x00,0x00,0x00,0x00, 
	0x00,0x00,0x00,0x00, 
	0x00,0x00,0x00,0x00, 
	0x00,0x00,0x00,0x00, 
	0x00,0x00,0x00,0x00, 
	0x00,0x00,0x00,0x00, 
	0x00,0x00,0x00,0x00, 
	0x06,0x0d,0x00,0x00, 
	0x00,0x00,0x00,0x40, 
	0x1f,0x11,0x22,0x22, 
	0x00,0x00,0x00,0xe0, 
	0x73,0x04,0x00,0x40, 
	0x00,0x00,0x00,0x00, 
	0x18,0x9a,0x00,0x40, 
	0x80,0x9a,0x00,0x40, 
	0x20,0x9b,0x00,0x40, 
	0x34,0x0b,0xfe,0x3f, 
	0x28,0x9c,0x00,0x40, 
	0x38,0x0b,0xfe,0x3f, 
	0x00,0x00,0x00,0x00, 
	0x00,0x00,0x00,0x00, 
	0x0c,0x00,0x00,0xe4, 
	0x13,0x00,0x05,0x13, 
	0x10,0x20,0x00,0x21, 
	0xf0,0xff,0x20,0xe7, 
	0x13,0x20,0x61,0x00, 
	0x21,0xef,0xff,0x51, 
	0xef,0xff,0x61,0xef, 
	0xff,0x0c,0x03,0x7d, 
	0x02,0x50,0x66,0x10, 
	0xc6,0x04,0x00,0x00, 
	0x40,0x63,0x50,0x00, 
	0x20,0x00,0x3d,0xf0, 
	0x3d,0xf0,0x50,0x33, 
	0xc0,0xb6,0xb3,0x14, 
	0x70,0x74,0x41,0x70, 
	0x40,0x34,0x67,0x13, 
	0xe6,0x40,0x63,0x50, 
	0x50,0x33,0xc0,0xf6, 
	0xb3,0xed,0x00,0x20, 
	0x00,0x51,0xe1,0xff, 
	0x0c,0x03,0x20,0x72, 
	0x20,0x70,0x40,0x34, 
	0x40,0xe3,0x50,0x50, 
	0x33,0xc0,0x70,0x74, 
	0x41,0xf6,0xb3,0xf0, 
	0x30,0x20,0x00,0x21, 
	0xdd,0xff,0xac,0x02, 
	0x38,0x02,0x48,0x12, 
	0x58,0x22,0x22,0xc2, 
	0x0c,0x47,0xb3,0x0f, 
	0x68,0x05,0x4b,0x55, 
	0x69,0x03,0x4b,0x33, 
	0x47,0x33,0xf4,0x46, 
	0xf9,0xff,0x00,0x00, 
	0x56,0x03,0xfe,0x56, 
	0xd5,0xfd,0x00,0x20, 
	0x00,0x0c,0x11,0x10, 
	0x49,0x13,0x00,0x48, 
	0x13,0x10,0x20,0x00, 
	0x0c,0x00,0x41,0xd0, 
	0xff,0x40,0xd2,0x13, 
	0x41,0xd0,0xff,0x40, 
	0xd3,0x13,0x41,0xcf, 
	0xff,0x40,0xd4,0x13, 
	0x51,0xcf,0xff,0x42, 
	0x65,0x00,0x41,0xce, 
	0xff,0x40,0xd5,0x13, 
	0x51,0xce,0xff,0x42, 
	0x65,0x00,0xc5,0x00, 
	0x00,0x00,0x00,0x00, 
	0x36,0x81,0x00,0xe5, 
	0x82,0x09,0x1d,0xf0, 
	0x02,0xa0,0x00,0x11, 
	0xbd,0x7e,0x31,0xbd, 
	0x7e,0x30,0xe6,0x13, 
	0x10,0x20,0x00,0x61, 
	0xbc,0x7e,0x71,0xbc, 
	0x7e,0x77,0xb6,0x33, 
	0x88,0x06,0x98,0x16, 
	0x8b,0x66,0x80,0xa9, 
	0xc0,0x27,0x6a,0x03, 
	0x09,0x08,0x4b,0x88, 
	0x37,0x6a,0x05,0x09, 
	0x08,0x09,0x18,0x8b, 
	0x88,0xa0,0xa4,0x41, 
	0x9c,0x1a,0x0b,0xaa, 
	0x09,0x08,0x02,0x68, 
	0x01,0x02,0x68,0x02, 
	0x02,0x68,0x03,0x82, 
	0xc8,0x10,0x56,0xca, 
	0xfe,0x77,0x36,0xcb, 
	0x15,0x23,0x09,0x61, 
	0xae,0x7e,0x71,0xae, 
	0x7e,0x81,0xae,0x7e, 
	0x91,0xaf,0x7e,0xa1, 
	0xaf,0x7e,0x68,0x06, 
	0x15,0x0e,0x09,0x61, 
	0xa9,0x7e,0x71,0xa9, 
	0x7e,0x81,0xa9,0x7e, 
	0x68,0x06,0x95,0x7e, 
	0x09,0x55,0x0f,0x09, 
	0x36,0x41,0x00,0x0c, 
	0x03,0x21,0xa8,0x7e, 
	0x28,0x02,0x37,0x12, 
	0x02,0x06,0x0e,0x00, 
	0x0c,0x04,0x31,0xa6, 
	0x7e,0x38,0x03,0x38, 
	0x03,0x47,0x13,0x25, 
	0xa1,0xa4,0x7e,0x91, 
	0xa3,0x7e,0x98,0x09, 
	0x4b,0x99,0x99,0x0a, 
	0x81,0xa1,0x7e,0x88, 
	0x08,0x82,0xd8,0xff, 
	0x82,0x28,0x3f,0xe0, 
	0x08,0x00,0x0c,0x0b, 
	0xa1,0x9d,0x7e,0xa8, 
	0x0a,0xa8,0x0a,0xb7, 
	0x9a,0xd9,0xc1,0x99, 
	0x7e,0x0c,0x1b,0xb9, 
	0x0c,0x1d,0xf0,0x00, 
	0x36,0x41,0x00,0x1d, 
	0xf0,0x00,0x00,0x00, 
	0x36,0x61,0x00,0x72, 
	0xa0,0x01,0xb2,0x22, 
	0x02,0x92,0xa0,0x80, 
	0x90,0x3b,0x80,0xa2, 
	0x03,0xd6,0x0c,0x04, 
	0x16,0xaa,0x16,0x61, 
	0x91,0x7e,0x26,0x1a, 
	0x24,0x66,0x2a,0x1f, 
	0x0c,0x35,0xc0,0x20, 
	0x00,0x82,0x26,0xb3, 
	0x80,0x88,0x14,0x82, 
	0xc8,0xfd,0x56,0xc8, 
	0x0d,0x42,0x43,0xd7, 
	0x52,0x43,0x96,0xa5, 
	0x51,0x00,0x98,0x22, 
	0xa9,0x99,0x1d,0xf0, 
	0x1d,0xf0,0xc0,0x20, 
	0x00,0x92,0x26,0xb1, 
	0x58,0x32,0x90,0x9c, 
	0x25,0x56,0x59,0x0a, 
	0x0c,0x07,0x0c,0x4e, 
	0x0c,0x0a,0xb1,0x82, 
	0x7e,0xc1,0x81,0x7e, 
	0xc9,0x01,0xb9,0x15, 
	0xa9,0x05,0xe2,0x45, 
	0x4e,0xb8,0x01,0xad, 
	0x07,0x0c,0x0d,0x0c, 
	0x0c,0xa5,0xb4,0x08, 
	0xac,0x4a,0xb1,0x7c, 
	0x7e,0xa2,0x03,0x98, 
	0xb0,0xaa,0x90,0xa2, 
	0x9a,0x00,0xa5,0x72, 
	0x09,0xd8,0x01,0xcd, 
	0x07,0xa5,0xa0,0x08, 
	0xd1,0x78,0x7e,0x0c, 
	0x0c,0x25,0x77,0x08, 
	0xe5,0xc9,0x08,0xa9, 
	0xb5,0x86,0x00,0x00, 
	0xa2,0x25,0x0b,0x82, 
	0xa0,0x02,0x82,0x43, 
	0xd6,0xf1,0x72,0x7e, 
	0xc0,0x20,0x00,0xe2, 
	0x26,0x90,0xd1,0x71, 
	0x7e,0xf0,0xee,0x10, 
	0xd0,0xda,0x10,0xe0, 
	0xdd,0x20,0xc0,0x20, 
	0x00,0xd2,0x66,0x90, 
	0xc2,0x03,0x98,0x16, 
	0xec,0x01,0xb1,0x6c, 
	0x7e,0xc0,0x20,0x00, 
	0xa2,0x26,0x80,0xb0, 
	0xaa,0x10,0xc0,0x20, 
	0x00,0xa2,0x66,0x80, 
	0x0c,0x19,0x92,0x43, 
	0xb6,0x65,0x47,0x00, 
	0xd8,0x22,0xa2,0x6d, 
	0x19,0xe5,0x46,0x00, 
	0x32,0x22,0x02,0x82, 
	0xa0,0x80,0xa2,0x63, 
	0x14,0x80,0x33,0x80, 
	0x42,0x43,0xd7,0x90, 
	0x00,0x00,0x66,0x19, 
	0x5d,0x0c,0x07,0x1c, 
	0x2e,0x91,0x5e,0x7e, 
	0x0c,0x0a,0xb1,0x5d, 
	0x7e,0xb9,0x15,0xa9, 
	0x05,0x99,0x01,0xc6, 
	0xd4,0xff,0xc8,0x32, 
	0xc2,0x0c,0x34,0x66, 
	0xcc,0x04,0xd8,0x72, 
	0x42,0x4d,0x22,0xa2, 
	0x2b,0x14,0x65,0xdf, 
	0x03,0xb8,0x22,0x32, 
	0xa0,0x80,0xe2,0x2b, 
	0x53,0x3a,0x3b,0xe7, 
	0x3a,0x23,0xa1,0x53, 
	0x7e,0x92,0x03,0x98, 
	0x72,0x43,0xd6,0x1b, 
	0x99,0x90,0x90,0x74, 
	0x92,0x43,0x98,0x88, 
	0x32,0xa2,0x6b,0x53, 
	0x82,0x08,0x4e,0x97, 
	0xb8,0x07,0x42,0x43, 
	0x98,0x42,0x43,0xd6, 
	0x4d,0x05,0x42,0x43, 
	0xd7,0x1d,0xf0,0x66, 
	0x29,0x14,0x91,0x49, 
	0x7e,0x0c,0x07,0x0c, 
	0x8e,0x0c,0x0a,0xb1, 
	0x47,0x7e,0xb9,0x15, 
	0xa9,0x05,0x99,0x01, 
	0x86,0xbc,0xff,0x0c, 
	0x07,0x0c,0x1e,0x91, 
	0x44,0x7e,0x0c,0x0c, 
	0xd1,0x43,0x7e,0xd9, 
	0x15,0xc9,0x05,0xc6, 
	0xf9,0xff,0x72,0x43, 
	0xd6,0x42,0x43,0x98, 
	0x06,0xd9,0xff,0x00, 
	0x36,0x41,0x00,0xa8, 
	0x22,0x52,0xa0,0x80, 
	0x5a,0xaa,0x82,0x0a, 
	0xb9,0x0c,0x03,0x66, 
	0x18,0x04,0x32,0x4a, 
	0x96,0x1d,0xf0,0x32, 
	0x4a,0x9a,0x32,0x4a, 
	0x9b,0x32,0x4a,0x9c, 
	0x32,0x4a,0x9d,0x32, 
	0x4a,0x9f,0x32,0x4a, 
	0xa0,0x32,0x4a,0xa2, 
	0x32,0x4a,0xa3,0x32, 
	0x4a,0xa4,0x32,0x4a, 
	0xa5,0x32,0x4a,0xd7, 
	0x0c,0x14,0x42,0x4a, 
	0x96,0x65,0x38,0x00, 
	0xb8,0x22,0xc2,0xa2, 
	0x80,0xa9,0x8b,0xca, 
	0xcb,0x32,0x4c,0xe2, 
	0x42,0x4c,0xe3,0x5a, 
	0xbb,0x42,0x4b,0xb3, 
	0x1d,0xf0,0x00,0x00, 
	0x36,0x61,0x00,0x38, 
	0x22,0xa2,0xa0,0x80, 
	0xaa,0x43,0x92,0x04, 
	0xd7,0x0c,0x17,0xac, 
	0x49,0x62,0xa2,0x80, 
	0x0c,0x05,0x0b,0x89, 
	0x16,0x48,0x09,0x26, 
	0x29,0x1a,0x66,0x39, 
	0x15,0x52,0x44,0xd8, 
	0x52,0x44,0xd5,0x52, 
	0x44,0x96,0x52,0x44, 
	0xd6,0x52,0x44,0x98, 
	0x6a,0x93,0x52,0x49, 
	0xe8,0x1d,0xf0,0x1d, 
	0xf0,0xa2,0x22,0x03, 
	0x92,0xa0,0x21,0x92, 
	0x4a,0x34,0x20,0xa2, 
	0x20,0xa5,0x94,0x02, 
	0xad,0x02,0xa5,0xc4, 
	0x03,0x0c,0xac,0x0c, 
	0x8e,0x1c,0x4f,0x82, 
	0xa0,0x8f,0x38,0x22, 
	0xd2,0xa0,0x80,0xda, 
	0xd3,0x82,0x4d,0x99, 
	0xf2,0x4d,0xa9,0x72, 
	0x4d,0xaa,0xe2,0x4d, 
	0xa1,0x52,0x4d,0x9a, 
	0x52,0x4d,0x9b,0x52, 
	0x4d,0x9c,0x52,0x4d, 
	0x9d,0x52,0x4d,0x9f, 
	0x52,0x4d,0xa0,0x52, 
	0x4d,0xa2,0x52,0x4d, 
	0xa3,0x52,0x4d,0xa4, 
	0x52,0x4d,0xa5,0x52, 
	0x4d,0xd5,0x72,0x4d, 
	0xd8,0x72,0x4d,0xda, 
	0x52,0x4d,0xe0,0x52, 
	0x4d,0xd6,0x52,0x4d, 
	0x98,0x52,0x4d,0x96, 
	0x72,0x4d,0xd4,0xc2, 
	0x4d,0xa6,0xc2,0x4d, 
	0xa7,0xc2,0x4d,0xa8, 
	0xb8,0x92,0x72,0x4b, 
	0x1a,0xc6,0xdf,0xff, 
	0xb1,0xf4,0x7d,0xe8, 
	0x32,0x2c,0x0d,0xd2, 
	0x4e,0x34,0x52,0x44, 
	0xd5,0x78,0x72,0x0c, 
	0x1c,0xc2,0x47,0x22, 
	0xa2,0x04,0x98,0xe9, 
	0x01,0xb0,0xaa,0x90, 
	0xa2,0x9a,0x00,0x65, 
	0x4f,0x09,0xb9,0x11, 
	0x2d,0x0a,0x79,0x21, 
	0xa8,0xc3,0xe5,0x4d, 
	0x09,0xd1,0xf1,0x7d, 
	0x0c,0x0c,0x29,0x31, 
	0x65,0x7c,0x08,0xc8, 
	0x01,0x7d,0x0b,0x2d, 
	0x0a,0xb1,0xee,0x7d, 
	0x0c,0x0a,0xd8,0x3c, 
	0xc8,0x2c,0x65,0x7b, 
	0x08,0xdd,0x0b,0xcd, 
	0x0a,0xbd,0x07,0xad, 
	0x02,0xa5,0x51,0x08, 
	0x28,0x31,0x78,0x11, 
	0xd1,0xe9,0x7d,0x0c, 
	0x0c,0xe5,0x79,0x08, 
	0xdd,0x0b,0xcd,0x0a, 
	0xbd,0x07,0xad,0x02, 
	0x25,0x50,0x08,0x28, 
	0x21,0xe5,0xa2,0x08, 
	0x6a,0x93,0xa9,0x52, 
	0x52,0x44,0xd6,0x52, 
	0x44,0x98,0x52,0x44, 
	0xd8,0x52,0x44,0x96, 
	0x52,0x49,0xf8,0xc6, 
	0xbe,0xff,0x00,0x00, 
	0x36,0x41,0x00,0x71, 
	0xcf,0x7d,0x42,0xa0, 
	0x80,0xc0,0x20,0x00, 
	0xe2,0x22,0x02,0x52, 
	0x27,0xa6,0x40,0xde, 
	0x80,0xd2,0x0d,0x96, 
	0x50,0x58,0x75,0x16, 
	0xbd,0x0d,0x61,0xd6, 
	0x7d,0x32,0xa0,0x01, 
	0x26,0x1d,0x6a,0x26, 
	0x2d,0x49,0x66,0x3d, 
	0x3f,0xa8,0x8e,0xa5, 
	0xbc,0x03,0xb8,0x22, 
	0xa7,0xb6,0x02,0x86, 
	0x22,0x00,0x0c,0x06, 
	0x2c,0x1e,0xe7,0x95, 
	0x09,0x4a,0x8b,0x0c, 
	0x2f,0xf2,0x48,0xd7, 
	0x46,0x08,0x00,0xa2, 
	0x2b,0x09,0xa5,0xba, 
	0x03,0xb2,0x22,0x02, 
	0x92,0x2b,0x0a,0x4a, 
	0xbb,0xa7,0xb9,0x02, 
	0x06,0x34,0x00,0xc0, 
	0x20,0x00,0xc2,0x27, 
	0xb7,0xc7,0xfc,0x01, 
	0x3d,0x06,0x32,0x4b, 
	0xd7,0xad,0x02,0xa5, 
	0xe5,0xff,0x1d,0xf0, 
	0xa2,0x2e,0x08,0x25, 
	0xb8,0x03,0xb2,0x22, 
	0x02,0xa7,0x36,0x30, 
	0x40,0xab,0x80,0x2c, 
	0x1d,0xd7,0x95,0x5b, 
	0x0c,0x29,0x0c,0x2e, 
	0xe2,0x4a,0xd7,0xc6, 
	0x09,0x00,0xa8,0x8e, 
	0xf2,0xde,0x03,0x32, 
	0x4f,0x89,0xe5,0xb5, 
	0x03,0xb8,0x22,0xa7, 
	0x36,0x47,0x2c,0x18, 
	0x87,0x95,0x5a,0x4a, 
	0xab,0x0c,0x29,0x92, 
	0x4a,0xd7,0xc6,0xee, 
	0xff,0x0c,0x09,0x4a, 
	0xdb,0x0c,0x0c,0xc2, 
	0x4d,0xd7,0x26,0x29, 
	0xaf,0xad,0x02,0x65, 
	0xc2,0xff,0xc6,0xe9, 
	0xff,0xa8,0x9b,0x25, 
	0xb3,0x03,0xb8,0x22, 
	0xe8,0xab,0x4a,0xbb, 
	0xa7,0x3e,0x62,0xc0, 
	0x20,0x00,0xc2,0x27, 
	0xb7,0xc7,0xfc,0x01, 
	0x0c,0x03,0x32,0x4b, 
	0xd7,0x06,0xe2,0xff, 
	0x92,0x0a,0xd7,0xc6, 
	0xf3,0xff,0x4a,0x9b, 
	0xd2,0x09,0xd9,0x56, 
	0xad,0xf7,0x0c,0x3e, 
	0xe2,0x49,0xd7,0x86, 
	0xdc,0xff,0xad,0x02, 
	0x25,0xd7,0xff,0x86, 
	0xda,0xff,0xa2,0x2b, 
	0x08,0x25,0xaf,0x03, 
	0xf1,0x9d,0x7d,0xa7, 
	0xbf,0x02,0xc6,0xd6, 
	0xff,0xb2,0x22,0x02, 
	0x40,0xbb,0x80,0xc0, 
	0x20,0x00,0x82,0x27, 
	0xb2,0xb7,0x78,0x07, 
	0x32,0x4b,0xd9,0x0c, 
	0x2c,0xc2,0x4b,0x96, 
	0x0c,0x0d,0xd2,0x4b, 
	0xd7,0x06,0xcf,0xff, 
	0x62,0x4b,0xd7,0x86, 
	0xcd,0xff,0x0c,0x33, 
	0x86,0xe8,0xff,0x00, 
	0x36,0x41,0x00,0x0c, 
	0xa6,0xe1,0x8f,0x7d, 
	0x0c,0x07,0xb1,0x8f, 
	0x7d,0xd1,0x8f,0x7d, 
	0xc0,0x20,0x00,0xe2, 
	0x6d,0x7e,0xc1,0x8e, 
	0x7d,0xc0,0x20,0x00, 
	0x0c,0x43,0x42,0xa0, 
	0x80,0x1c,0x09,0x52, 
	0xa0,0xfa,0xa1,0x8b, 
	0x7d,0x88,0x32,0xc2, 
	0x6d,0x80,0xb9,0x78, 
	0xb9,0x58,0x72,0x48, 
	0x51,0xa9,0x48,0x52, 
	0x48,0x34,0x92,0x48, 
	0x47,0x0c,0x15,0x98, 
	0x22,0x0c,0x2a,0x4a, 
	0x49,0x82,0xa2,0x80, 
	0x8a,0x89,0x92,0xd9, 
	0x03,0x72,0x44,0xab, 
	0x72,0x44,0xac,0x72, 
	0x44,0xad,0x72,0x44, 
	0xae,0x72,0x44,0xaf, 
	0x72,0x44,0xb0,0xa2, 
	0x44,0x94,0x72,0x48, 
	0xee,0x72,0x48,0xf4, 
	0x72,0x49,0x88,0x72, 
	0x44,0xc0,0x72,0x44, 
	0xc1,0x72,0x44,0xc2, 
	0x72,0x48,0xe8,0x72, 
	0x44,0xb3,0x72,0x44, 
	0xb4,0x72,0x44,0xb5, 
	0x72,0x44,0xb6,0x72, 
	0x44,0xb7,0x72,0x44, 
	0xb9,0x72,0x44,0xba, 
	0x62,0x44,0xa6,0x62, 
	0x44,0xa7,0x62,0x44, 
	0xa8,0x62,0x44,0xa9, 
	0x52,0x44,0xaa,0x32, 
	0x44,0xa1,0x1d,0xf0, 
	0x36,0x41,0x00,0x0c, 
	0x09,0x31,0x69,0x7d, 
	0xc0,0x20,0x00,0x92, 
	0x63,0xa4,0xc0,0x20, 
	0x00,0x92,0x63,0xa5, 
	0xc0,0x20,0x00,0x52, 
	0x23,0x80,0xc0,0x20, 
	0x00,0x42,0x23,0x7c, 
	0x50,0x60,0x75,0x50, 
	0x88,0x41,0x80,0x88, 
	0x01,0x00,0x66,0x11, 
	0x80,0x66,0x20,0x40, 
	0x44,0x35,0x82,0xa1, 
	0x00,0x80,0x66,0x20, 
	0xc0,0x20,0x00,0x62, 
	0x63,0xa4,0x50,0x50, 
	0x74,0x80,0x44,0x11, 
	0x50,0x44,0x20,0xc0, 
	0x20,0x00,0x42,0x63, 
	0xa5,0x3c,0x22,0xc0, 
	0x20,0x00,0x22,0x63, 
	0xb4,0x1d,0xf0,0x00, 
	0x36,0x41,0x00,0x65, 
	0x4d,0x09,0x2d,0x0a, 
	0x1d,0xf0,0x00,0x00, 
	0x36,0x41,0x00,0x0c, 
	0x26,0x71,0x53,0x7d, 
	0x32,0xa0,0x80,0xa8, 
	0x32,0x41,0x3c,0x7d, 
	0xa2,0x0a,0x34,0x51, 
	0x51,0x7d,0x82,0xca, 
	0xe0,0x16,0xe8,0x08, 
	0xb2,0xca,0xdf,0x16, 
	0x8b,0x08,0xb8,0x22, 
	0x3a,0xab,0xc2,0x0a, 
	0x95,0x66,0x1c,0x3f, 
	0x31,0x4c,0x7d,0xc0, 
	0x20,0x00,0xd2,0x24, 
	0x80,0x30,0xdd,0x10, 
	0xc0,0x20,0x00,0xd2, 
	0x64,0x80,0x62,0x4a, 
	0x95,0x25,0xfb,0xff, 
	0x98,0x22,0xe8,0x32, 
	0xa9,0x79,0xe2,0x0e, 
	0x34,0x66,0xbe,0x58, 
	0xb1,0x44,0x7d,0xc0, 
	0x20,0x00,0xa2,0x2b, 
	0x80,0x30,0xaa,0x10, 
	0xc0,0x20,0x00,0xa2, 
	0x6b,0x80,0x82,0xd9, 
	0x03,0x0c,0x1f,0xf2, 
	0x48,0x84,0x1d,0xf0, 
	0xa2,0x2b,0x07,0xa5, 
	0x94,0x03,0xa7,0xb5, 
	0x33,0x65,0x8e,0x03, 
	0x20,0xa2,0x20,0x25, 
	0x35,0x02,0xc0,0x20, 
	0x00,0xb2,0x24,0x80, 
	0x70,0xbb,0x20,0xc0, 
	0x20,0x00,0xb2,0x64, 
	0x80,0x65,0x8d,0x03, 
	0xa8,0x32,0x98,0x22, 
	0xa2,0x0a,0x34,0x4c, 
	0x8c,0xc7,0x1a,0x6f, 
	0x26,0xda,0x6c,0x3a, 
	0x99,0x62,0x49,0x94, 
	0x1d,0xf0,0x62,0x4a, 
	0x94,0x1d,0xf0,0xb8, 
	0x22,0x3a,0xab,0xc2, 
	0x0a,0x95,0x66,0x1c, 
	0xf0,0xa2,0xa2,0x80, 
	0xaa,0x9b,0x92,0x09, 
	0xe2,0xcc,0x59,0xad, 
	0x02,0x25,0x31,0x06, 
	0x1d,0xf0,0x66,0x19, 
	0x06,0xad,0x02,0x65, 
	0x33,0x06,0x1d,0xf0, 
	0x66,0x29,0x47,0x31, 
	0x24,0x7d,0xc0,0x20, 
	0x00,0xa2,0x23,0xc1, 
	0x07,0x6a,0xc9,0xa8, 
	0x7b,0x65,0x8d,0x03, 
	0xa7,0xb5,0xc1,0xc2, 
	0xae,0xff,0xc0,0x20, 
	0x00,0xb2,0x23,0xc0, 
	0xc0,0xbb,0x10,0xc0, 
	0x20,0x00,0xb2,0x63, 
	0xc0,0xad,0x02,0xe5, 
	0x41,0x06,0x0c,0x3d, 
	0xe8,0x22,0xf2,0xa2, 
	0x80,0xfa,0xee,0xd2, 
	0x4e,0xe2,0x1d,0xf0, 
	0x98,0x22,0x0c,0x18, 
	0x3a,0x99,0x82,0x49, 
	0x97,0x82,0x49,0x96, 
	0x46,0xe1,0xff,0xad, 
	0x02,0xe5,0x2a,0x02, 
	0x52,0xa2,0x80,0xad, 
	0x02,0x25,0x4f,0x02, 
	0xc0,0x20,0x00,0xd2, 
	0x24,0x80,0x70,0xdd, 
	0x20,0xc0,0x20,0x00, 
	0x0c,0x0b,0xc8,0x22, 
	0xd2,0x64,0x80,0x3a, 
	0xac,0x5a,0xcc,0xb2, 
	0x4c,0xf8,0x62,0x4a, 
	0x95,0x1d,0xf0,0x00, 
	0x36,0x41,0x00,0xa8, 
	0x32,0x2c,0x1b,0xa2, 
	0x0a,0x34,0x98,0x22, 
	0x26,0xca,0x11,0xb7, 
	0x1a,0x0e,0x0c,0x1c, 
	0xd2,0xa0,0x80,0xda, 
	0xd9,0xc2,0x4d,0x94, 
	0xc2,0x4d,0x95,0x1d, 
	0xf0,0xad,0x02,0x0c, 
	0x04,0xe8,0x22,0x32, 
	0xa2,0x80,0x3a,0xee, 
	0x42,0x4e,0xe9,0x42, 
	0x4e,0xea,0x25,0x7a, 
	0x03,0x98,0x22,0x3a, 
	0xf9,0x42,0x4f,0xe3, 
	0x42,0x4f,0xe2,0xc6, 
	0xf3,0xff,0x00,0x00, 
	0x36,0x41,0x00,0x0c, 
	0x38,0x41,0xed,0x7c, 
	0xc0,0x20,0x00,0xa2, 
	0x24,0x94,0xf2,0xa0, 
	0xff,0xa0,0xc8,0x74, 
	0xa0,0xd0,0x75,0xa0, 
	0x90,0x75,0x97,0x08, 
	0x08,0xd0,0xe0,0x14, 
	0xe0,0xdd,0xc0,0xd0, 
	0xd0,0x74,0xf7,0x9c, 
	0x12,0xad,0x02,0xcd, 
	0x0d,0xbd,0x03,0x25, 
	0x0c,0x00,0xc0,0x20, 
	0x00,0x32,0x64,0xb4, 
	0x0c,0x02,0x1d,0xf0, 
	0x82,0xa0,0xf0,0x80, 
	0x8c,0xc0,0x16,0x98, 
	0x09,0x92,0xa0,0xd0, 
	0x90,0x9c,0xc0,0x16, 
	0x09,0x09,0xf1,0xc9, 
	0x7c,0x66,0x33,0x55, 
	0x0c,0x0e,0xc0,0x20, 
	0x00,0xe2,0x64,0xa4, 
	0xc0,0x20,0x00,0xe2, 
	0x64,0xa5,0xc0,0x20, 
	0x00,0xe2,0x64,0xa6, 
	0xc0,0x20,0x00,0xe2, 
	0x64,0xa7,0xc0,0x20, 
	0x00,0xe2,0x64,0xa8, 
	0xc0,0x20,0x00,0xe2, 
	0x64,0xa9,0xa0,0xb8, 
	0x75,0xb0,0xb2,0x41, 
	0x16,0x2b,0x05,0x0c, 
	0x0a,0x80,0xcc,0x11, 
	0xc0,0xcd,0x20,0xc0, 
	0xda,0xa0,0x40,0xea, 
	0xa0,0xfa,0xdd,0xc0, 
	0x20,0x00,0xd2,0x2d, 
	0x80,0xc0,0x20,0x00, 
	0xd2,0x6e,0xa4,0x1b, 
	0xaa,0xa0,0xa0,0x74, 
	0xa7,0x9b,0xe3,0xc6, 
	0x0a,0x00,0x66,0x43, 
	0x28,0xa0,0xb8,0x75, 
	0xb0,0xb2,0x41,0x9c, 
	0xfb,0xe1,0xc1,0x7c, 
	0x40,0xbb,0xa0,0x80, 
	0xac,0x11,0xa0,0xad, 
	0x20,0xfa,0xaa,0xc0, 
	0x20,0x00,0xc2,0x2e, 
	0x95,0xc0,0x20,0x00, 
	0xc2,0x6a,0x80,0x4b, 
	0xee,0x4b,0xaa,0xb7, 
	0x9e,0xec,0xc0,0x20, 
	0x00,0x32,0x64,0xb4, 
	0x06,0xd6,0xff,0xad, 
	0x02,0xbd,0x03,0x65, 
	0x2a,0x00,0xc0,0x20, 
	0x00,0x32,0x64,0xb4, 
	0x06,0xd2,0xff,0x00, 
	0x36,0x41,0x00,0x1c, 
	0x4c,0x71,0xb1,0x7c, 
	0x82,0xa0,0x80,0x92, 
	0xa2,0x80,0x3c,0x0d, 
	0x2c,0xcf,0x2c,0x8b, 
	0x1c,0xce,0x1c,0x8a, 
	0x66,0x33,0x22,0x0c, 
	0x05,0xc0,0x20,0x00, 
	0x52,0x67,0xa4,0xa7, 
	0xa4,0x02,0x06,0x21, 
	0x00,0x47,0xaa,0x02, 
	0xc6,0x37,0x00,0x98, 
	0x22,0x8a,0x99,0x92, 
	0x09,0xaf,0xc0,0x20, 
	0x00,0x92,0x67,0xa4, 
	0x1d,0xf0,0x66,0x43, 
	0x23,0xa7,0x24,0x22, 
	0x47,0x2a,0x36,0xb8, 
	0x22,0x8a,0xbb,0xc0, 
	0x20,0x00,0xa2,0x27, 
	0x95,0xa2,0x4b,0xaf, 
	0x1d,0xf0,0xcc,0xb4, 
	0xd8,0x22,0x8a,0xdd, 
	0xc0,0x20,0x00,0xc2, 
	0x27,0x95,0xc2,0x4d, 
	0xab,0x1d,0xf0,0xa6, 
	0xa4,0x2b,0x0c,0xce, 
	0x47,0x2e,0x7e,0x38, 
	0x22,0x8a,0x33,0xc0, 
	0x20,0x00,0xf2,0x27, 
	0x95,0xf2,0x43,0xae, 
	0x1d,0xf0,0xb7,0x24, 
	0x49,0x47,0xab,0x02, 
	0x86,0x28,0x00,0x98, 
	0x22,0x8a,0x99,0xc0, 
	0x20,0x00,0x52,0x27, 
	0x95,0x52,0x49,0xc1, 
	0x1d,0xf0,0xa6,0x44, 
	0xbc,0xa6,0x54,0x02, 
	0x86,0x3a,0x00,0xb8, 
	0x22,0x8a,0xbb,0xc0, 
	0x20,0x00,0xa2,0x27, 
	0x95,0xa2,0x4b,0xac, 
	0x1d,0xf0,0xe6,0xa4, 
	0x02,0x06,0x24,0x00, 
	0x0c,0xcd,0x47,0xad, 
	0x02,0xc6,0x3f,0x00, 
	0xe8,0x22,0x8a,0xee, 
	0xe2,0x0e,0xae,0xc0, 
	0x20,0x00,0xe2,0x67, 
	0xa4,0x1d,0xf0,0xe6, 
	0xc4,0x02,0x86,0x23, 
	0x00,0x2c,0x0f,0x47, 
	0xaf,0x02,0xc6,0x4f, 
	0x00,0x28,0x22,0x9a, 
	0x22,0x52,0x02,0xee, 
	0x16,0x15,0xf8,0xc0, 
	0x20,0x00,0x52,0x27, 
	0x95,0x52,0x42,0xec, 
	0x1d,0xf0,0xc7,0xa4, 
	0x02,0x06,0x20,0x00, 
	0x47,0xac,0x02,0x86, 
	0xda,0xff,0x28,0x22, 
	0x9a,0x22,0x82,0x02, 
	0xee,0x16,0x08,0xf6, 
	0xc0,0x20,0x00,0x52, 
	0x27,0x95,0x52,0x42, 
	0xed,0x1d,0xf0,0xb7, 
	0xa4,0x02,0x46,0x22, 
	0x00,0x47,0xab,0x02, 
	0x06,0x34,0x00,0x98, 
	0x22,0x8a,0x99,0x92, 
	0x09,0xc1,0xc0,0x20, 
	0x00,0x92,0x67,0xa4, 
	0x1d,0xf0,0xd7,0xa4, 
	0x02,0x86,0x29,0x00, 
	0x47,0xad,0x02,0x86, 
	0xcb,0xff,0xb8,0x22, 
	0x9a,0xbb,0xc0,0x20, 
	0x00,0xa2,0x27,0x95, 
	0xa2,0x4b,0xfa,0x1d, 
	0xf0,0xe6,0x44,0x02, 
	0xc6,0x2e,0x00,0xa6, 
	0x54,0x02,0x86,0x41, 
	0x00,0xc8,0x22,0x8a, 
	0xcc,0xc2,0x0c,0xac, 
	0xc0,0x20,0x00,0xc2, 
	0x67,0xa4,0x1d,0xf0, 
	0xd2,0xc4,0xe4,0x56, 
	0xed,0xef,0xf8,0x22, 
	0x8a,0xff,0xc0,0x20, 
	0x00,0xe2,0x27,0x95, 
	0xe2,0x4f,0xb0,0x1d, 
	0xf0,0x52,0xc4,0xf0, 
	0x56,0x95,0xee,0xa8, 
	0x22,0x9a,0xaa,0xc0, 
	0x20,0x00,0x82,0x27, 
	0x95,0x82,0x4a,0xee, 
	0x1d,0xf0,0xb2,0xc4, 
	0xf8,0x56,0x4b,0xed, 
	0xd8,0x22,0x8a,0xdd, 
	0xc0,0x20,0x00,0xc2, 
	0x27,0x95,0xc2,0x4d, 
	0xad,0x1d,0xf0,0xe6, 
	0xc4,0x02,0x06,0x22, 
	0x00,0x2c,0x0e,0x47, 
	0xae,0x02,0xc6,0x2f, 
	0x00,0xf8,0x22,0x9a, 
	0xff,0xf2,0x0f,0xec, 
	0xc0,0x20,0x00,0xf2, 
	0x67,0xa4,0x1d,0xf0, 
	0xc7,0xa4,0x02,0x06, 
	0x20,0x00,0x47,0xac, 
	0x02,0x06,0xa7,0xff, 
	0x58,0x22,0x9a,0x55, 
	0x52,0x05,0xed,0xc0, 
	0x20,0x00,0x52,0x67, 
	0xa4,0x1d,0xf0,0x92, 
	0xc4,0xd4,0x56,0x79, 
	0xe8,0xb8,0x22,0x8a, 
	0xbb,0xc0,0x20,0x00, 
	0xa2,0x27,0x95,0xa2, 
	0x4b,0xc2,0x1d,0xf0, 
	0xd7,0xa4,0x02,0xc6, 
	0x23,0x00,0x47,0xad, 
	0x02,0x06,0x9b,0xff, 
	0xc8,0x22,0x9a,0xcc, 
	0xc2,0x0c,0xfa,0xc0, 
	0x20,0x00,0xc2,0x67, 
	0xa4,0x1d,0xf0,0x56, 
	0xa4,0xe5,0xd8,0x22, 
	0x8a,0xdd,0xd2,0x0d, 
	0xab,0xc0,0x20,0x00, 
	0xd2,0x67,0xa4,0x1d, 
	0xf0,0xe2,0xc4,0xdc, 
	0x56,0x5e,0xe4,0x38, 
	0x22,0x8a,0x33,0xc0, 
	0x20,0x00,0xf2,0x27, 
	0x95,0xf2,0x43,0xc0, 
	0x1d,0xf0,0xe0,0x54, 
	0xc0,0x56,0x05,0xe3, 
	0x98,0x22,0x8a,0x99, 
	0x92,0x09,0xb0,0xc0, 
	0x20,0x00,0x92,0x67, 
	0xa4,0x1d,0xf0,0xa2, 
	0xc4,0xf0,0x56,0xba, 
	0xe1,0xb8,0x22,0x9a, 
	0xbb,0xb2,0x0b,0xee, 
	0xc0,0x20,0x00,0xb2, 
	0x67,0xa4,0x1d,0xf0, 
	0xc2,0xc4,0xf8,0x56, 
	0x6c,0xe0,0xd8,0x22, 
	0x8a,0xdd,0xd2,0x0d, 
	0xad,0xc0,0x20,0x00, 
	0xd2,0x67,0xa4,0x1d, 
	0xf0,0xe2,0xc4,0xdc, 
	0x56,0x1e,0xdf,0xf8, 
	0x22,0x8a,0xff,0xf2, 
	0x0f,0xc0,0xc0,0x20, 
	0x00,0xf2,0x67,0xa4, 
	0x1d,0xf0,0xf0,0x54, 
	0xc0,0x56,0xc5,0xdd, 
	0x98,0x22,0x8a,0x99, 
	0x92,0x09,0xc2,0xc0, 
	0x20,0x00,0x92,0x67, 
	0xa4,0x1d,0xf0,0x00, 
	0x36,0x41,0x00,0x81, 
	0x0c,0x7c,0xa2,0xa0, 
	0xf0,0x92,0xa0,0xe0, 
	0x66,0x33,0x15,0x97, 
	0x94,0x3e,0x68,0x22, 
	0x50,0x32,0x74,0x60, 
	0x33,0xa0,0x32,0x23, 
	0x21,0xc0,0x20,0x00, 
	0x32,0x68,0xa4,0x1d, 
	0xf0,0x66,0x43,0x26, 
	0x97,0x94,0x12,0xb8, 
	0x22,0x50,0xa2,0x74, 
	0xb0,0xaa,0xa0,0xc0, 
	0x20,0x00,0x92,0x28, 
	0x95,0x92,0x6a,0x21, 
	0x1d,0xf0,0xa7,0x94, 
	0x0d,0x8a,0xd5,0xc0, 
	0x20,0x00,0xc2,0x28, 
	0x95,0xc0,0x20,0x00, 
	0xc2,0x6d,0x80,0x1d, 
	0xf0,0xa7,0x94,0xfa, 
	0x8a,0xe5,0xc0,0x20, 
	0x00,0xe2,0x2e,0x80, 
	0xc0,0x20,0x00,0xe2, 
	0x68,0xa4,0x1d,0xf0, 
	0x36,0x41,0x00,0x31, 
	0xe1,0x7b,0x41,0xf2, 
	0x7b,0xc0,0x20,0x00, 
	0x22,0x24,0x94,0x81, 
	0xf8,0x7b,0x87,0x62, 
	0x11,0xc0,0x20,0x00, 
	0x52,0x23,0x84,0x80, 
	0x55,0x10,0xc0,0x20, 
	0x00,0x52,0x63,0x84, 
	0x46,0x04,0x00,0xa1, 
	0xf3,0x7b,0xc0,0x20, 
	0x00,0x92,0x23,0x84, 
	0xa0,0x99,0x20,0xc0, 
	0x20,0x00,0x92,0x63, 
	0x84,0x3c,0x9b,0xc0, 
	0x20,0x00,0xb2,0x64, 
	0xb4,0x0c,0x02,0x1d, 
	0xf0,0x00,0x00,0x00, 
	0x36,0x41,0x00,0xad, 
	0x02,0x25,0xb8,0xff, 
	0x1c,0x12,0x81,0xdf, 
	0x7b,0xc0,0x20,0x00, 
	0x22,0x68,0xb4,0x0c, 
	0x02,0x1d,0xf0,0x00, 
	0x36,0x81,0x02,0xb2, 
	0xa3,0x80,0x61,0xe7, 
	0x7b,0x0c,0x07,0x9d, 
	0x02,0x22,0x61,0x32, 
	0x51,0xe2,0x7b,0x41, 
	0xe2,0x7b,0x0c,0x03, 
	0x0c,0x0e,0x0c,0x0d, 
	0xd2,0x61,0x3c,0xe2, 
	0x61,0x2b,0x32,0x61, 
	0x3a,0x42,0x61,0x39, 
	0x52,0x61,0x3b,0x41, 
	0xdd,0x7b,0x51,0xd0, 
	0x7b,0x0c,0x03,0x21, 
	0xdd,0x7b,0x22,0x61, 
	0x2a,0xe8,0x39,0xe2, 
	0x61,0x41,0xe2,0x0e, 
	0x34,0x0c,0x02,0x82, 
	0xce,0xf8,0x16,0xf8, 
	0x3c,0x0c,0x0a,0x91, 
	0xd8,0x7b,0xc1,0xd8, 
	0x7b,0x0c,0x08,0x82, 
	0x61,0x26,0xc2,0x61, 
	0x33,0x92,0x61,0x25, 
	0xa2,0x61,0x34,0x91, 
	0xd5,0x7b,0xa1,0xd6, 
	0x7b,0xc1,0xd4,0x7b, 
	0x0c,0x08,0x82,0x61, 
	0x31,0xc2,0x61,0x28, 
	0xa2,0x61,0x29,0x92, 
	0x61,0x30,0x0c,0x0a, 
	0x91,0xb6,0x7b,0xc1, 
	0xb6,0x7b,0x0c,0x08, 
	0x82,0x61,0x36,0xc2, 
	0x61,0x37,0x92,0x61, 
	0x35,0xa2,0x61,0x38, 
	0x91,0xbe,0x7b,0xa1, 
	0xcd,0x7b,0x0c,0x0c, 
	0x81,0xcb,0x7b,0x82, 
	0x61,0x23,0xc2,0x61, 
	0x24,0xa2,0x61,0x27, 
	0x0c,0x0c,0xa1,0xca, 
	0x7b,0x81,0xc8,0x7b, 
	0x82,0x61,0x2e,0xa2, 
	0x61,0x2f,0x81,0xc8, 
	0x7b,0xa1,0xc8,0x7b, 
	0xa2,0x61,0x2d,0x82, 
	0x61,0x2c,0xa1,0x9b, 
	0x7b,0x82,0xce,0xf0, 
	0x16,0xe8,0x22,0x0c, 
	0x0f,0xd1,0xc4,0x7b, 
	0xc9,0x91,0x82,0xce, 
	0xe0,0x16,0x58,0x40, 
	0x0c,0x8c,0x82,0xce, 
	0xdf,0x16,0x58,0x0b, 
	0xa1,0xc1,0x7b,0xd2, 
	0xce,0xc0,0x16,0xbd, 
	0x25,0xf2,0xce,0xb8, 
	0x16,0x1f,0x28,0x0c, 
	0x0d,0x0c,0x0e,0x72, 
	0x61,0x3e,0x22,0x61, 
	0x3d,0x62,0x21,0x32, 
	0x3d,0x07,0x68,0x26, 
	0x22,0x61,0x3f,0xba, 
	0x96,0xf2,0x09,0x21, 
	0xbd,0x02,0xad,0x07, 
	0x66,0x1f,0x15,0xc0, 
	0x20,0x00,0xe2,0x25, 
	0x54,0x1b,0xee,0xc0, 
	0x20,0x00,0xe2,0x65, 
	0x54,0x0c,0x0d,0xd2, 
	0x49,0x21,0x06,0x24, 
	0x00,0x26,0x1e,0x02, 
	0x86,0x22,0x00,0xe2, 
	0x21,0x41,0x22,0xa0, 
	0x61,0xe2,0x0e,0x34, 
	0xf1,0xad,0x7b,0x26, 
	0x8e,0x29,0x0c,0x0c, 
	0x66,0xbe,0x02,0x46, 
	0x34,0x02,0x2c,0x18, 
	0xe7,0x28,0x05,0xa6, 
	0xce,0x02,0x46,0xa9, 
	0x00,0x92,0xce,0xc0, 
	0x16,0xf9,0x29,0x4c, 
	0x88,0x87,0x1e,0x0b, 
	0xe7,0x22,0x08,0x92, 
	0xa0,0x60,0x97,0x2e, 
	0x02,0x86,0xa3,0x00, 
	0x0c,0x09,0x71,0xa1, 
	0x7b,0x16,0x89,0x13, 
	0xc0,0x20,0x00,0xa2, 
	0x24,0x9c,0xd9,0x21, 
	0xf7,0x7a,0x42,0xb2, 
	0x21,0x3d,0xa2,0x21, 
	0x3e,0xd2,0x21,0x2a, 
	0xc2,0x21,0x2b,0x25, 
	0xb5,0x07,0xd2,0x21, 
	0x39,0xc2,0x21,0x3a, 
	0x65,0xb4,0x07,0x7d, 
	0x0a,0x2d,0x0b,0x46, 
	0x0f,0x00,0xa2,0x21, 
	0x41,0xcd,0x0f,0xb8, 
	0x3a,0xa8,0x2a,0xa5, 
	0xf4,0x07,0xa6,0x1a, 
	0x02,0xc6,0xbd,0x01, 
	0xc0,0x20,0x00,0xb2, 
	0x25,0x4e,0x1b,0xbb, 
	0xc0,0x20,0x00,0xb2, 
	0x65,0x4e,0x0c,0x02, 
	0x1d,0xf0,0xd2,0x21, 
	0x3d,0xc2,0x21,0x3e, 
	0xbd,0x0d,0xad,0x0c, 
	0x25,0x75,0x07,0xd2, 
	0x21,0x39,0xc2,0x21, 
	0x3a,0x65,0xb0,0x07, 
	0x7d,0x0a,0x2d,0x0b, 
	0xb2,0x21,0x3f,0xd1, 
	0x86,0x7b,0xad,0x03, 
	0x0c,0x0c,0x0c,0x03, 
	0x25,0xaf,0x07,0xd1, 
	0x60,0x7b,0x0c,0x0c, 
	0xa5,0xd7,0x07,0xd2, 
	0x21,0x3b,0xc2,0x21, 
	0x3c,0x69,0x11,0x25, 
	0xae,0x07,0xa2,0x61, 
	0x43,0xb2,0x61,0x42, 
	0x61,0x7e,0x7b,0x1b, 
	0x43,0xc0,0x20,0x00, 
	0x42,0x65,0x4d,0xad, 
	0x04,0x65,0xa6,0x08, 
	0xdd,0x0b,0xcd,0x0a, 
	0xbd,0x02,0xad,0x07, 
	0xe5,0xd4,0x07,0xd2, 
	0x21,0x42,0xc2,0x21, 
	0x43,0x25,0xea,0x07, 
	0xa6,0x1a,0x21,0x2b, 
	0xa3,0xa5,0xa4,0x08, 
	0xdd,0x0b,0xcd,0x0a, 
	0xbd,0x02,0xad,0x07, 
	0x25,0xd3,0x07,0xd2, 
	0x21,0x42,0xc2,0x21, 
	0x43,0xa5,0xf3,0x07, 
	0xd6,0x5a,0x00,0x40, 
	0xb0,0xf4,0x86,0x01, 
	0x00,0x3d,0x04,0x67, 
	0x94,0xb4,0x0c,0x0b, 
	0x41,0x57,0x7b,0x68, 
	0x11,0xe2,0x21,0x41, 
	0xd8,0x21,0xe2,0x0e, 
	0x34,0xf2,0xa0,0x61, 
	0xf7,0x9e,0x27,0xc0, 
	0x20,0x00,0xa2,0x24, 
	0xbc,0xa0,0xa0,0x24, 
	0xc0,0x20,0x00,0x81, 
	0x63,0x7b,0xe2,0x24, 
	0xbc,0xf2,0x26,0x1f, 
	0xe0,0xe3,0x44,0x87, 
	0x9f,0x0c,0x66,0x2a, 
	0x09,0x0c,0xbc,0xc7, 
	0x9e,0x04,0x1b,0xbb, 
	0xb0,0xb0,0xf4,0xe1, 
	0x5d,0x7b,0xc0,0x20, 
	0x00,0xf1,0x57,0x7b, 
	0xc2,0x24,0x9c,0xf0, 
	0xcc,0x10,0xc0,0xcb, 
	0x20,0xe0,0xcc,0x20, 
	0xc0,0x20,0x00,0xc2, 
	0x64,0x9c,0x86,0x03, 
	0x00,0xc0,0x20,0x00, 
	0x82,0x24,0x9c,0x70, 
	0x88,0x10,0xc0,0x20, 
	0x00,0x82,0x64,0x9c, 
	0x0c,0x05,0xb1,0x52, 
	0x7b,0xc1,0x52,0x7b, 
	0xb0,0xbd,0x10,0xc0, 
	0x20,0x00,0xa2,0x24, 
	0x81,0xc0,0xaa,0x10, 
	0xb0,0xaa,0x20,0xc0, 
	0x20,0x00,0xa2,0x64, 
	0x81,0x92,0xd6,0x01, 
	0x0c,0x13,0x32,0x49, 
	0x3a,0xa5,0x74,0xff, 
	0xc2,0x21,0x32,0xd2, 
	0xa3,0x80,0xc8,0x2c, 
	0xe2,0xa2,0x80,0xa2, 
	0x6c,0x1d,0xea,0xec, 
	0x32,0x4e,0xf8,0xda, 
	0xcc,0x52,0x4c,0x00, 
	0x32,0x4c,0x01,0xc6, 
	0xae,0xff,0xc0,0x20, 
	0x00,0xd2,0x2a,0xb7, 
	0xd0,0xdc,0x05,0x16, 
	0xcd,0x09,0xc0,0x20, 
	0x00,0x82,0x24,0x80, 
	0x90,0x88,0x10,0xc0, 
	0x20,0x00,0x82,0x64, 
	0x80,0xc0,0x20,0x00, 
	0xf2,0x24,0xa0,0xf0, 
	0xfc,0x25,0xc0,0x20, 
	0x00,0xd2,0x24,0xa0, 
	0xd0,0xd8,0x34,0xc0, 
	0x20,0x00,0x92,0x24, 
	0xa0,0x90,0x94,0x24, 
	0xc0,0x20,0x00,0xe2, 
	0x24,0xa0,0xe0,0xe0, 
	0x24,0x56,0xaf,0x0a, 
	0xf2,0x21,0x26,0xb2, 
	0x21,0x25,0xc6,0x46, 
	0x00,0xc0,0x20,0x00, 
	0xd2,0x2a,0xe3,0x07, 
	0x7d,0x75,0xc0,0x20, 
	0x00,0xd2,0x24,0x80, 
	0x90,0xdd,0x10,0xc0, 
	0x20,0x00,0xd2,0x64, 
	0x80,0xc0,0x20,0x00, 
	0x92,0x2a,0xe2,0x90, 
	0x98,0x24,0x56,0x79, 
	0x16,0x0c,0x4e,0xe2, 
	0x61,0x40,0xc6,0x7b, 
	0x01,0xc0,0x20,0x00, 
	0xf2,0x2a,0xe3,0x07, 
	0xff,0x02,0x06,0x21, 
	0x00,0xc0,0x20,0x00, 
	0xc2,0x24,0x80,0x90, 
	0xcc,0x10,0xc0,0x20, 
	0x00,0xc2,0x64,0x80, 
	0xc0,0x20,0x00,0x92, 
	0x2a,0xe2,0x90,0x98, 
	0x24,0x82,0xc9,0xfe, 
	0x56,0xc8,0x10,0xd1, 
	0x1b,0x7b,0xd9,0x21, 
	0x46,0x44,0x00,0x3d, 
	0x07,0xad,0x07,0xbd, 
	0x02,0x22,0x61,0x3d, 
	0x22,0x61,0x3f,0x72, 
	0x61,0x3e,0x0c,0x0e, 
	0x62,0x21,0x32,0x68, 
	0x26,0x92,0xa3,0x80, 
	0x9a,0x96,0xf2,0x09, 
	0x21,0x46,0x07,0x00, 
	0x3d,0x07,0xbd,0x02, 
	0xad,0x07,0x22,0x61, 
	0x3d,0x22,0x61,0x3f, 
	0x72,0x61,0x3e,0x0c, 
	0x0e,0x62,0x21,0x32, 
	0x68,0x26,0x92,0xa3, 
	0x80,0x9a,0x96,0xf2, 
	0x09,0x21,0x0c,0x0d, 
	0x06,0x49,0xff,0x66, 
	0x1f,0x65,0xf2,0x21, 
	0x24,0xb2,0x21,0x23, 
	0x46,0x1b,0x00,0xdd, 
	0x0f,0xe5,0x8d,0x07, 
	0x65,0xe5,0x07,0xdd, 
	0x0a,0x0c,0x19,0xc6, 
	0x58,0xff,0x72,0x61, 
	0x3e,0x22,0x61,0x3d, 
	0x0c,0x0e,0x0c,0x0d, 
	0x3d,0x07,0x62,0x21, 
	0x32,0x22,0x61,0x3f, 
	0x68,0x26,0x92,0xa3, 
	0x80,0x9a,0x96,0xf2, 
	0x09,0x21,0x86,0x39, 
	0xff,0xa2,0x21,0x41, 
	0xa8,0x7a,0xa5,0x84, 
	0x08,0xdd,0x06,0xcd, 
	0x03,0x65,0xb3,0x07, 
	0xb2,0x61,0x3d,0x3d, 
	0x07,0x22,0x61,0x3f, 
	0xa2,0x61,0x3e,0x0c, 
	0x1e,0x62,0x21,0x32, 
	0xd1,0xf3,0x7a,0x68, 
	0x26,0x92,0xa3,0x80, 
	0x9a,0x96,0xf2,0x09, 
	0x21,0xc6,0x2d,0xff, 
	0x66,0x2f,0x08,0xf2, 
	0x21,0x3c,0xb2,0x21, 
	0x3b,0x06,0x01,0x00, 
	0xfd,0x0c,0xb2,0x21, 
	0x27,0x0c,0x6a,0x0c, 
	0x4c,0xcc,0x69,0x0c, 
	0x2c,0xc2,0x61,0x40, 
	0x46,0x02,0x00,0x0b, 
	0x89,0x9d,0x0a,0x80, 
	0x9c,0x83,0x92,0x61, 
	0x40,0x69,0x41,0x39, 
	0x31,0xcc,0x7e,0x62, 
	0x21,0x3a,0x32,0x21, 
	0x39,0x86,0x23,0x00, 
	0x69,0x41,0x39,0x31, 
	0x66,0x1e,0x08,0x62, 
	0x21,0x2f,0x32,0x21, 
	0x2e,0x86,0x1f,0x00, 
	0x69,0x41,0x39,0x31, 
	0x66,0x2e,0x61,0x62, 
	0x21,0x34,0x32,0x21, 
	0x33,0x86,0x1b,0x00, 
	0xd2,0xc9,0xfc,0xc1, 
	0xd9,0x7a,0x0c,0x0a, 
	0xd0,0xac,0x83,0xa9, 
	0x21,0xa2,0x21,0x41, 
	0xa8,0x7a,0x65,0x7b, 
	0x08,0xdd,0x06,0xcd, 
	0x03,0x25,0xaa,0x07, 
	0xd8,0x21,0xb2,0x61, 
	0x3d,0xa2,0x61,0x3e, 
	0x0c,0x1e,0x86,0xce, 
	0xff,0x0b,0xd9,0x56, 
	0xed,0x30,0x0c,0x5e, 
	0xe2,0x61,0x40,0x86, 
	0x20,0x01,0xa2,0x21, 
	0x41,0xcd,0x0f,0xb8, 
	0x3a,0xa8,0x2a,0x25, 
	0xc0,0x07,0xa6,0x1a, 
	0x02,0x86,0xc0,0x00, 
	0xc0,0x20,0x00,0xb2, 
	0x25,0x4e,0x1b,0xbb, 
	0xc0,0x20,0x00,0xb2, 
	0x65,0x4e,0x06,0x2d, 
	0xff,0x69,0x41,0x39, 
	0x31,0x66,0x3e,0x08, 
	0x62,0x21,0x2d,0x32, 
	0x21,0x2c,0x46,0x01, 
	0x00,0x62,0x21,0x31, 
	0x32,0x21,0x30,0xa9, 
	0x71,0xb9,0x01,0xf9, 
	0x81,0x0c,0xfc,0xc7, 
	0x9d,0x0e,0x72,0x61, 
	0x14,0x22,0x61,0x1f, 
	0xa9,0x71,0xb9,0x01, 
	0xf9,0x81,0x86,0x02, 
	0x00,0xad,0x0d,0xe5, 
	0x73,0x08,0xa2,0x61, 
	0x14,0xb2,0x61,0x1f, 
	0xb8,0x01,0xa8,0x81, 
	0xd2,0x21,0x35,0xc2, 
	0x21,0x36,0x25,0x3d, 
	0x07,0xf2,0x21,0x41, 
	0xdd,0x0b,0xcd,0x0a, 
	0xb2,0x21,0x35,0xa2, 
	0x21,0x36,0x88,0x3f, 
	0x82,0x61,0x20,0xf8, 
	0x2f,0xf2,0x61,0x1d, 
	0x25,0xa0,0x07,0xd1, 
	0xac,0x7a,0x0c,0x0c, 
	0xa5,0x76,0x07,0xd2, 
	0x21,0x28,0xc2,0x21, 
	0x29,0x25,0x76,0x07, 
	0xa2,0x61,0x22,0xb2, 
	0x61,0x21,0xa2,0x21, 
	0x40,0xe5,0x6f,0x08, 
	0xd2,0x21,0x21,0xc2, 
	0x21,0x22,0xe5,0x74, 
	0x07,0xd2,0x21,0x20, 
	0xc2,0x21,0x1d,0xa2, 
	0x61,0x16,0xb2,0x61, 
	0x15,0xad,0x06,0xbd, 
	0x03,0xa5,0x73,0x07, 
	0xdd,0x0b,0xcd,0x0a, 
	0xb2,0x21,0x15,0xa2, 
	0x21,0x16,0xe5,0x72, 
	0x07,0x32,0x21,0x1f, 
	0x62,0x21,0x14,0xd2, 
	0x21,0x37,0xc2,0x21, 
	0x38,0xe5,0x9a,0x07, 
	0xdd,0x03,0xcd,0x06, 
	0x65,0x71,0x07,0xd2, 
	0x21,0x3b,0xc2,0x21, 
	0x3c,0xe5,0x70,0x07, 
	0xb2,0x61,0x17,0xa2, 
	0x61,0x18,0xc0,0x20, 
	0x00,0xd2,0x24,0xa1, 
	0xd0,0xd8,0x35,0xc0, 
	0x20,0x00,0x92,0x24, 
	0xa1,0x90,0x94,0x25, 
	0xc0,0x20,0x00,0xe2, 
	0x24,0xa1,0xe0,0xe0, 
	0x25,0xcc,0x69,0x0c, 
	0x2f,0xf2,0x61,0x40, 
	0xc6,0x02,0x00,0x0b, 
	0xc9,0x88,0x71,0x0c, 
	0x4a,0xc0,0x8a,0x83, 
	0x82,0x61,0x40,0xcc, 
	0x7e,0x62,0x21,0x3a, 
	0x32,0x21,0x39,0x46, 
	0x0a,0x00,0x66,0x1e, 
	0x08,0x62,0x21,0x2f, 
	0x32,0x21,0x2e,0x46, 
	0x07,0x00,0x66,0x2e, 
	0x08,0x62,0x21,0x34, 
	0x32,0x21,0x33,0x46, 
	0x04,0x00,0x66,0x3e, 
	0x08,0x62,0x21,0x2d, 
	0x32,0x21,0x2c,0x46, 
	0x01,0x00,0x62,0x21, 
	0x31,0x32,0x21,0x30, 
	0x0c,0xfe,0xe7,0x9d, 
	0x08,0x72,0x61,0x14, 
	0x22,0x61,0x1f,0x86, 
	0x02,0x00,0xad,0x0d, 
	0xa5,0x62,0x08,0xa2, 
	0x61,0x14,0xb2,0x61, 
	0x1f,0xa2,0x21,0x40, 
	0xa5,0x62,0x08,0xd2, 
	0x21,0x21,0xc2,0x21, 
	0x22,0xa5,0x67,0x07, 
	0xd2,0x21,0x20,0xc2, 
	0x21,0x1d,0xa2,0x61, 
	0x1a,0xb2,0x61,0x19, 
	0xad,0x06,0xbd,0x03, 
	0x65,0x66,0x07,0xdd, 
	0x0b,0xcd,0x0a,0xb2, 
	0x21,0x19,0xa2,0x21, 
	0x1a,0xa5,0x65,0x07, 
	0x32,0x21,0x1f,0x62, 
	0x21,0x14,0xd2,0x21, 
	0x37,0xc2,0x21,0x38, 
	0xa5,0x8d,0x07,0xdd, 
	0x03,0xcd,0x06,0x65, 
	0x64,0x07,0xd2,0x21, 
	0x3b,0xc2,0x21,0x3c, 
	0xa5,0x63,0x07,0xb9, 
	0xd1,0xa9,0xc1,0x0c, 
	0xff,0xc0,0x20,0x00, 
	0xd2,0x24,0xa1,0xd0, 
	0xd8,0x34,0xc0,0x20, 
	0x00,0x92,0x24,0xa1, 
	0x90,0x94,0x24,0xc0, 
	0x20,0x00,0xe2,0x24, 
	0xa1,0xe0,0xe0,0x24, 
	0xcc,0x69,0x0c,0x28, 
	0x82,0x61,0x40,0xc6, 
	0x02,0x00,0x0b,0x89, 
	0xa8,0x71,0x0c,0x4c, 
	0x80,0xac,0x83,0xa2, 
	0x61,0x40,0xcc,0x7e, 
	0x32,0x21,0x3a,0x62, 
	0x21,0x39,0x46,0x0a, 
	0x00,0x66,0x1e,0x08, 
	0x32,0x21,0x2f,0x62, 
	0x21,0x2e,0x46,0x07, 
	0x00,0x66,0x2e,0x08, 
	0x32,0x21,0x34,0x62, 
	0x21,0x33,0x46,0x04, 
	0x00,0x66,0x3e,0x08, 
	0x32,0x21,0x2d,0x62, 
	0x21,0x2c,0x46,0x01, 
	0x00,0x32,0x21,0x31, 
	0x62,0x21,0x30,0xf7, 
	0x9d,0x08,0x72,0x61, 
	0x14,0x22,0x61,0x1f, 
	0x86,0x02,0x00,0xad, 
	0x0d,0xa5,0x55,0x08, 
	0xa2,0x61,0x14,0xb2, 
	0x61,0x1f,0xa2,0x21, 
	0x41,0x22,0x21,0x14, 
	0xa8,0x7a,0xa5,0x54, 
	0x08,0x72,0x21,0x40, 
	0xa9,0xb1,0xb9,0xa1, 
	0xd8,0x41,0xc8,0x31, 
	0xe5,0x82,0x07,0xa2, 
	0x61,0x3e,0xb2,0x61, 
	0x3d,0xad,0x07,0xe5, 
	0x53,0x08,0x72,0x21, 
	0x1d,0xd2,0x21,0x21, 
	0xc2,0x21,0x22,0xa5, 
	0x58,0x07,0xcd,0x07, 
	0xd2,0x21,0x20,0xa2, 
	0x61,0x1c,0xb2,0x61, 
	0x1b,0xad,0x03,0xbd, 
	0x06,0x65,0x57,0x07, 
	0xdd,0x0b,0xcd,0x0a, 
	0xb2,0x21,0x1b,0xa2, 
	0x21,0x1c,0xa5,0x56, 
	0x07,0x32,0x21,0x1f, 
	0xd2,0x21,0x37,0xc2, 
	0x21,0x38,0xe5,0x7e, 
	0x07,0xdd,0x03,0xcd, 
	0x02,0x65,0x55,0x07, 
	0x68,0xc1,0x78,0xd1, 
	0xd2,0x21,0x3b,0xc2, 
	0x21,0x3c,0xa5,0x54, 
	0x07,0xdd,0x07,0xcd, 
	0x06,0x2d,0x0b,0x3d, 
	0x0a,0xb2,0x21,0x17, 
	0xa2,0x21,0x18,0xe5, 
	0x17,0x07,0xdd,0x02, 
	0xcd,0x03,0x68,0xb1, 
	0x78,0xa1,0x25,0x17, 
	0x07,0xd2,0x21,0x2a, 
	0xc2,0x21,0x2b,0xb2, 
	0x61,0x44,0x3d,0x0a, 
	0x2d,0x0a,0xb2,0x61, 
	0x3f,0xad,0x06,0xbd, 
	0x07,0x65,0x51,0x07, 
	0x62,0x21,0x44,0xdd, 
	0x0b,0xcd,0x0a,0xb2, 
	0x21,0x35,0xa2,0x21, 
	0x36,0x65,0x79,0x07, 
	0xdd,0x06,0xcd,0x02, 
	0xe5,0x4f,0x07,0xd2, 
	0x21,0x3b,0xc2,0x21, 
	0x3c,0x65,0x4f,0x07, 
	0x0c,0x1e,0x86,0xf3, 
	0xfe,0xf2,0xc9,0xfe, 
	0x56,0xff,0x15,0x0c, 
	0x68,0x82,0x61,0x40, 
	0x46,0x5b,0x00,0xa2, 
	0x21,0x41,0xb1,0xe6, 
	0x79,0xa8,0x7a,0x65, 
	0x47,0x08,0xdd,0x06, 
	0xcd,0x03,0x25,0x76, 
	0x07,0xa2,0x61,0x3e, 
	0xb2,0x61,0x3d,0xcd, 
	0x0a,0xdd,0x0b,0xc0, 
	0x20,0x00,0x91,0xdf, 
	0x79,0xe2,0x29,0xb0, 
	0xe0,0xe8,0x05,0x16, 
	0xae,0x1d,0xc0,0x20, 
	0x00,0x81,0xc3,0x79, 
	0x82,0x28,0xb7,0x80, 
	0x8c,0x05,0x16,0xb8, 
	0x1c,0xc0,0x20,0x00, 
	0xe1,0xd7,0x79,0xb2, 
	0x24,0x80,0xe0,0xbb, 
	0x10,0xc0,0x20,0x00, 
	0xb2,0x64,0x80,0xc0, 
	0x20,0x00,0x61,0xbb, 
	0x79,0xa2,0x26,0xb7, 
	0xa0,0xa8,0x24,0xc0, 
	0x20,0x00,0xb1,0xd0, 
	0x79,0xb2,0x2b,0x80, 
	0xb0,0xb0,0x04,0xc0, 
	0x20,0x00,0x92,0x26, 
	0xb7,0x90,0x9c,0x14, 
	0xc0,0x20,0x00,0xf2, 
	0x26,0xb1,0xf0,0xf4, 
	0x24,0xc0,0x20,0x00, 
	0x32,0x26,0xb7,0x30, 
	0x34,0x24,0xc0,0x20, 
	0x00,0xd9,0x61,0xc9, 
	0x51,0x82,0xa3,0x80, 
	0x62,0x26,0xb7,0xe2, 
	0x21,0x32,0x60,0x60, 
	0x24,0xe8,0x2e,0xe9, 
	0x11,0x8a,0xee,0x16, 
	0x5a,0x19,0x0c,0x1d, 
	0xb6,0x4a,0x02,0x86, 
	0x62,0x00,0x0b,0x8b, 
	0x56,0xc8,0x30,0x0c, 
	0x09,0xc6,0x60,0x00, 
	0xa2,0x21,0x41,0xa8, 
	0x7a,0xa5,0x3c,0x08, 
	0xdd,0x06,0xcd,0x03, 
	0x65,0x6b,0x07,0xa9, 
	0x51,0xa2,0x61,0x3e, 
	0xb9,0x61,0xb2,0x61, 
	0x3d,0xc0,0x20,0x00, 
	0xb2,0x24,0xa8,0xb0, 
	0xbb,0x05,0x16,0x0b, 
	0x12,0xf1,0xd4,0x79, 
	0xc0,0x20,0x00,0xf2, 
	0x2f,0xac,0xf0,0xf7, 
	0x05,0x16,0x1f,0x11, 
	0xc0,0x20,0x00,0x82, 
	0x24,0xb1,0x80,0x88, 
	0x35,0xf6,0x38,0x02, 
	0x86,0x40,0x00,0x91, 
	0xce,0x79,0xc0,0x20, 
	0x00,0xc1,0xa8,0x79, 
	0xb2,0x24,0x80,0xc0, 
	0xbb,0x10,0xc0,0x20, 
	0x00,0xb2,0x64,0x80, 
	0xc0,0x20,0x00,0xa2, 
	0x24,0xba,0xa0,0xe0, 
	0x04,0xa0,0xa0,0x04, 
	0x16,0xaa,0x2a,0xc0, 
	0x20,0x00,0x92,0x29, 
	0x95,0x90,0xd0,0x25, 
	0x7c,0x09,0x16,0x5d, 
	0x5b,0xc0,0x20,0x00, 
	0xf2,0x24,0x84,0x0c, 
	0x88,0x90,0xff,0x10, 
	0x80,0xff,0x20,0xc0, 
	0x20,0x00,0xf2,0x64, 
	0x84,0xc0,0x20,0x00, 
	0x82,0x24,0xa7,0x80, 
	0x8b,0x05,0x56,0x58, 
	0x28,0x0b,0x9e,0x56, 
	0xe9,0x2f,0xc0,0x20, 
	0x00,0xa2,0x24,0xb6, 
	0xa0,0xa8,0x04,0x56, 
	0x6a,0x5a,0x0c,0x16, 
	0x86,0x6a,0x01,0x66, 
	0x39,0x07,0x0c,0x7c, 
	0xc2,0x61,0x40,0x86, 
	0x02,0x00,0xe2,0xc9, 
	0xfc,0x0c,0x0d,0xe0, 
	0xdc,0x83,0xd2,0x61, 
	0x40,0xa2,0x21,0x41, 
	0xa8,0x7a,0xa5,0x30, 
	0x08,0xdd,0x06,0xcd, 
	0x03,0x2d,0x0a,0x7d, 
	0x0b,0x25,0x5f,0x07, 
	0xa2,0x61,0x3e,0xb2, 
	0x61,0x3d,0xa2,0x21, 
	0x40,0xe5,0x2f,0x08, 
	0xd2,0x21,0x28,0x3d, 
	0x0a,0x6d,0x0b,0xa2, 
	0x21,0x41,0xc2,0x21, 
	0x29,0xb8,0x3a,0xa8, 
	0x2a,0x25,0x34,0x07, 
	0xd2,0x21,0x37,0xc2, 
	0x21,0x38,0xa5,0x5c, 
	0x07,0xdd,0x0b,0xcd, 
	0x0a,0xbd,0x06,0xad, 
	0x03,0xe5,0x32,0x07, 
	0xd2,0x21,0x2a,0xc2, 
	0x21,0x2b,0x3d,0x0a, 
	0xb2,0x61,0x3f,0xad, 
	0x02,0xbd,0x07,0xe5, 
	0x31,0x07,0xd2,0x21, 
	0x37,0xc2,0x21,0x38, 
	0x25,0x5a,0x07,0xdd, 
	0x0b,0xcd,0x0a,0xb2, 
	0x21,0x35,0xa2,0x21, 
	0x36,0x65,0x59,0x07, 
	0xd2,0x21,0x3b,0xc2, 
	0x21,0x3c,0xe5,0x2f, 
	0x07,0xd2,0x21,0x3f, 
	0xcd,0x03,0x65,0x2f, 
	0x07,0x0c,0x1e,0x86, 
	0x7b,0xfe,0x3d,0x07, 
	0xbd,0x02,0xad,0x07, 
	0x22,0x61,0x3f,0x62, 
	0x21,0x32,0x0c,0x0e, 
	0x68,0x26,0x06,0x78, 
	0xfe,0x3d,0x07,0xbd, 
	0x02,0xad,0x07,0x22, 
	0x61,0x3f,0x62,0x21, 
	0x32,0x0c,0x0e,0x68, 
	0x26,0x92,0xa3,0x80, 
	0x9a,0x96,0xf2,0x09, 
	0x21,0x46,0x73,0xfe, 
	0xdd,0x0f,0xe5,0x2b, 
	0x07,0x65,0x83,0x07, 
	0xdd,0x0a,0x86,0xd0, 
	0xfd,0xd2,0x4e,0x21, 
	0x0c,0x1d,0xcc,0x7f, 
	0xf2,0x21,0x26,0xa2, 
	0x21,0x25,0x46,0x0a, 
	0x00,0x66,0x1f,0x08, 
	0xf2,0x21,0x24,0xa2, 
	0x21,0x23,0x46,0x07, 
	0x00,0x66,0x2f,0x08, 
	0xf2,0x21,0x3c,0xa2, 
	0x21,0x3b,0x46,0x04, 
	0x00,0x66,0x3f,0x07, 
	0xf8,0x91,0xa2,0x21, 
	0x27,0x86,0x01,0x00, 
	0xd2,0x4e,0x21,0xfd, 
	0x07,0xad,0x02,0xcc, 
	0x69,0x0c,0x29,0x92, 
	0x61,0x40,0x46,0x07, 
	0x00,0x66,0x19,0x07, 
	0x0c,0x4c,0xc2,0x61, 
	0x40,0x86,0x04,0x00, 
	0x66,0x29,0x07,0x0c, 
	0x68,0x82,0x61,0x40, 
	0xc6,0x01,0x00,0xd2, 
	0x4e,0x21,0x0c,0x09, 
	0x92,0x61,0x40,0x16, 
	0x4b,0x23,0xdc,0x23, 
	0x62,0x21,0x3a,0x32, 
	0x21,0x39,0xe2,0x61, 
	0x45,0xa9,0x01,0xb2, 
	0x0e,0x21,0xb2,0x61, 
	0x1e,0x86,0x0e,0x00, 
	0x66,0x13,0x08,0x62, 
	0x21,0x2f,0x32,0x21, 
	0x2e,0x46,0xf9,0xff, 
	0x26,0x23,0x11,0xc2, 
	0xc3,0xfd,0x56,0xcc, 
	0x0d,0x82,0x21,0x2c, 
	0x92,0x21,0x2d,0x92, 
	0x61,0x34,0x82,0x61, 
	0x33,0x62,0x21,0x34, 
	0x32,0x21,0x33,0xc6, 
	0xf1,0xff,0x6d,0x07, 
	0x3d,0x02,0xe2,0x61, 
	0x45,0xd2,0x4e,0x21, 
	0xa9,0x01,0x0c,0x1b, 
	0xb2,0x61,0x1e,0xd2, 
	0x21,0x37,0xc2,0x21, 
	0x38,0xa2,0x21,0x41, 
	0xf9,0x81,0xb8,0x3a, 
	0xa8,0x2a,0xe5,0x47, 
	0x07,0x78,0x01,0x28, 
	0x81,0xa2,0x61,0x11, 
	0xb2,0x61,0x10,0xa2, 
	0x21,0x40,0x65,0x18, 
	0x08,0xd2,0x21,0x35, 
	0xc2,0x21,0x36,0xa2, 
	0x61,0x13,0xb2,0x61, 
	0x12,0xad,0x02,0xbd, 
	0x07,0xe5,0xe0,0x06, 
	0xdd,0x0b,0xcd,0x0a, 
	0xb2,0x21,0x35,0xa2, 
	0x21,0x36,0xe5,0x44, 
	0x07,0xd1,0x41,0x79, 
	0x0c,0x0c,0x65,0x1b, 
	0x07,0xd2,0x21,0x12, 
	0xc2,0x21,0x13,0x2d, 
	0x0b,0x7d,0x0a,0xb2, 
	0x21,0x28,0xa2,0x21, 
	0x29,0x25,0x1a,0x07, 
	0xdd,0x0b,0xcd,0x0a, 
	0xbd,0x02,0xad,0x07, 
	0x65,0x19,0x07,0xd2, 
	0x21,0x10,0xc2,0x21, 
	0x11,0x2d,0x0b,0x7d, 
	0x0a,0xbd,0x03,0xad, 
	0x06,0x65,0x18,0x07, 
	0x68,0x11,0xdd,0x0b, 
	0xcd,0x0a,0xbd,0x02, 
	0xad,0x07,0xa5,0x17, 
	0x07,0xd8,0x61,0xc8, 
	0x51,0x3d,0x0a,0x2d, 
	0x0b,0xb2,0x61,0x3f, 
	0x7d,0x0a,0xb2,0x21, 
	0x35,0xa2,0x21,0x36, 
	0x25,0x3f,0x07,0xd2, 
	0x21,0x3b,0xc2,0x21, 
	0x3c,0xa5,0x15,0x07, 
	0xdd,0x02,0xcd,0x07, 
	0x25,0x15,0x07,0x92, 
	0x21,0x45,0xf2,0x21, 
	0x1e,0x0c,0x1e,0xc6, 
	0x14,0xfe,0xc2,0xc3, 
	0xfc,0x16,0xdc,0x32, 
	0x6d,0x07,0x3d,0x02, 
	0xe2,0x61,0x45,0xd2, 
	0x4e,0x21,0xa9,0x01, 
	0x0c,0x18,0x82,0x61, 
	0x1e,0x86,0xcb,0xff, 
	0x0c,0x1a,0x0b,0x99, 
	0x90,0x9a,0x93,0x46, 
	0x9c,0xff,0xc0,0x20, 
	0x00,0x92,0x29,0x99, 
	0x46,0x54,0xff,0xc0, 
	0x20,0x00,0x72,0x24, 
	0xa8,0x70,0x70,0x14, 
	0xc0,0x20,0x00,0xe2, 
	0x24,0xa9,0x3d,0x0e, 
	0xd2,0x21,0x37,0x62, 
	0x21,0x32,0xc2,0x21, 
	0x38,0x68,0x26,0xa2, 
	0x21,0x41,0xe9,0x26, 
	0xb8,0x3a,0xa8,0x2a, 
	0x25,0x38,0x07,0xdd, 
	0x0b,0xcd,0x0a,0xb1, 
	0x0f,0x79,0x0c,0x0a, 
	0x65,0x0e,0x07,0xd1, 
	0x0e,0x79,0x0c,0x0c, 
	0xe5,0x0d,0x07,0xd1, 
	0xd7,0x78,0x0c,0x0c, 
	0x65,0x0d,0x07,0x2d, 
	0x0a,0xb9,0xf1,0xad, 
	0x03,0xbd,0x07,0xa5, 
	0x0a,0x08,0xcd,0x0a, 
	0xdd,0x0b,0xad,0x02, 
	0xb8,0xf1,0x25,0x35, 
	0x07,0x3d,0x0a,0xb2, 
	0x61,0x3f,0xd8,0x61, 
	0xc8,0x51,0x65,0x34, 
	0x07,0xd2,0x21,0x3b, 
	0xc2,0x21,0x3c,0xe5, 
	0x0a,0x07,0x0c,0x1e, 
	0x0c,0x09,0xc2,0xa2, 
	0x80,0xca,0xc6,0x92, 
	0x4c,0xf9,0x06,0xe8, 
	0xfd,0xc0,0x20,0x00, 
	0xd2,0x24,0xb5,0x07, 
	0xed,0x04,0x0c,0x16, 
	0x06,0x02,0x00,0xc0, 
	0x20,0x00,0x62,0x24, 
	0xb5,0x60,0x68,0x74, 
	0xc0,0x20,0x00,0x22, 
	0x24,0xb6,0x20,0x28, 
	0x75,0xc0,0x20,0x00, 
	0x72,0x24,0xba,0x70, 
	0x70,0x95,0xc0,0x20, 
	0x00,0x82,0x24,0xba, 
	0xf7,0xe8,0x66,0xc0, 
	0x20,0x00,0x82,0x24, 
	0xba,0x80,0x8c,0x24, 
	0x16,0x88,0x37,0xc0, 
	0x20,0x00,0x92,0x24, 
	0xba,0x90,0x9c,0x24, 
	0x0b,0x99,0x16,0xc9, 
	0x37,0xc0,0x20,0x00, 
	0xa2,0x24,0xba,0xa0, 
	0xac,0x24,0xa2,0xca, 
	0xfe,0x16,0xfa,0x37, 
	0xc0,0x20,0x00,0xb2, 
	0x24,0xba,0xb0,0xbc, 
	0x24,0xb2,0xcb,0xfd, 
	0x16,0xcb,0x37,0xc0, 
	0x20,0x00,0xc1,0xe1, 
	0x78,0xd2,0x24,0xba, 
	0xe1,0xe1,0x78,0xd0, 
	0xdc,0x24,0xd2,0xcd, 
	0xfc,0xd0,0xec,0x83, 
	0xc6,0x18,0x00,0x56, 
	0xd6,0x1c,0x62,0x21, 
	0x3a,0x32,0x21,0x39, 
	0xe2,0x61,0x45,0xa9, 
	0x01,0x82,0x0e,0x21, 
	0x82,0x61,0x1e,0x06, 
	0x81,0xff,0xc0,0x20, 
	0x00,0x92,0x24,0xba, 
	0x90,0x9c,0x24,0x16, 
	0x79,0x31,0xc0,0x20, 
	0x00,0xa2,0x24,0xba, 
	0xa0,0xac,0x24,0x0b, 
	0xaa,0x16,0xba,0x31, 
	0xc0,0x20,0x00,0xb2, 
	0x24,0xba,0xb0,0xbc, 
	0x24,0xb2,0xcb,0xfe, 
	0x16,0xeb,0x31,0xc0, 
	0x20,0x00,0xc2,0x24, 
	0xba,0xc0,0xcc,0x24, 
	0xc2,0xcc,0xfd,0x16, 
	0xbc,0x31,0xc0,0x20, 
	0x00,0xd1,0xc9,0x78, 
	0xf2,0x24,0xba,0xe1, 
	0xc9,0x78,0xf0,0xfc, 
	0x24,0xf2,0xcf,0xfc, 
	0xf0,0xed,0x83,0xc0, 
	0x20,0x00,0xa2,0xa0, 
	0xbc,0xb2,0x24,0xa8, 
	0x92,0xa0,0xbb,0xb0, 
	0xbc,0x05,0xb0,0x9a, 
	0x83,0x99,0xe1,0xc0, 
	0x20,0x00,0x82,0x24, 
	0xb5,0x80,0x88,0x25, 
	0x16,0x48,0x22,0xc0, 
	0x20,0x00,0xc2,0x24, 
	0xb5,0xc0,0xc8,0x25, 
	0x0b,0xcc,0x16,0x7c, 
	0x22,0xc0,0x20,0x00, 
	0xd2,0x24,0xb5,0xd0, 
	0xd8,0x25,0xd2,0xcd, 
	0xfe,0x16,0xed,0x21, 
	0xc0,0x20,0x00,0xf2, 
	0x24,0xb5,0xf0,0xf8, 
	0x25,0xf2,0xcf,0xfd, 
	0x16,0x0f,0x22,0xc0, 
	0x20,0x00,0x82,0x24, 
	0xb5,0x80,0x88,0x25, 
	0x26,0x48,0x1d,0xc0, 
	0x20,0x00,0x92,0x24, 
	0xb5,0x90,0x98,0x25, 
	0x92,0xc9,0xfb,0x16, 
	0x59,0x27,0xc0,0x20, 
	0x00,0xa2,0x24,0xb5, 
	0xa0,0xa8,0x25,0xa2, 
	0xca,0xfa,0x16,0x8a, 
	0x27,0x92,0xa4,0x08, 
	0xc0,0x20,0x00,0xb2, 
	0x24,0xb5,0xb0,0xb1, 
	0x25,0x16,0x5b,0x1c, 
	0xc0,0x20,0x00,0xc2, 
	0x24,0xb5,0xc0,0xc1, 
	0x25,0x0b,0xcc,0x16, 
	0xfc,0x12,0xc0,0x20, 
	0x00,0xd2,0x24,0xb5, 
	0xd0,0xd1,0x25,0xd2, 
	0xcd,0xfe,0x16,0xfd, 
	0x1b,0xc0,0x20,0x00, 
	0xf2,0x24,0xb5,0xf0, 
	0xf1,0x25,0xf2,0xcf, 
	0xfd,0x16,0x1f,0x1c, 
	0xc0,0x20,0x00,0x82, 
	0x24,0xb5,0x80,0x81, 
	0x25,0x82,0xc8,0xfc, 
	0x16,0xa8,0x20,0xc0, 
	0x20,0x00,0xa2,0x24, 
	0xb5,0xa0,0xa1,0x25, 
	0xa2,0xca,0xfa,0x16, 
	0x3a,0x0f,0xb0,0x99, 
	0x11,0x90,0x30,0xf4, 
	0x0c,0x1f,0xc0,0x20, 
	0x00,0xe0,0x77,0xc1, 
	0x0c,0x0d,0xb8,0xe1, 
	0xc2,0x24,0xb3,0x60, 
	0xa2,0xc1,0xc0,0xc8, 
	0xb4,0xb0,0xaa,0x82, 
	0xfa,0xcc,0x30,0xcc, 
	0x82,0xa0,0xbf,0x31, 
	0x0c,0x03,0xc2,0xdc, 
	0x08,0x65,0x49,0x07, 
	0xdd,0x03,0x10,0x40, 
	0x40,0xcd,0x07,0xa0, 
	0xbb,0x81,0x00,0xaa, 
	0x11,0xe5,0x4a,0x07, 
	0xa0,0xd0,0x04,0x0c, 
	0x1f,0x0c,0x0e,0x00, 
	0x41,0x40,0xa0,0x3b, 
	0x81,0xe0,0xef,0x93, 
	0xd0,0xdf,0x93,0xe0, 
	0xdd,0x20,0xb0,0xe1, 
	0x41,0x8c,0xed,0xfd, 
	0x0e,0x1b,0x63,0x37, 
	0xb6,0x01,0x1b,0xfe, 
	0x3d,0x06,0x7d,0x0f, 
	0x46,0x00,0x00,0x7d, 
	0x0e,0xed,0x03,0x70, 
	0xb0,0x14,0x7c,0xcc, 
	0xc0,0x20,0x00,0xa2, 
	0x24,0x88,0xc0,0xaa, 
	0x10,0xb0,0xaa,0x20, 
	0xc0,0x20,0x00,0xa2, 
	0x64,0x88,0xc0,0x20, 
	0x00,0x32,0x64,0x89, 
	0x1c,0x09,0xc0,0x20, 
	0x00,0x82,0x24,0x88, 
	0x90,0x88,0x20,0xc0, 
	0x20,0x00,0x82,0x64, 
	0x88,0xc6,0x4f,0xff, 
	0x66,0x16,0x08,0x62, 
	0x21,0x2f,0x32,0x21, 
	0x2e,0xc6,0x8a,0xff, 
	0x26,0x26,0x0e,0x66, 
	0x36,0x14,0xd2,0x21, 
	0x2c,0x82,0x21,0x2d, 
	0x82,0x61,0x34,0xd2, 
	0x61,0x33,0x62,0x21, 
	0x34,0x32,0x21,0x33, 
	0x06,0x84,0xff,0x92, 
	0xc6,0xfc,0x56,0xc9, 
	0xc0,0x62,0x21,0x31, 
	0x32,0x21,0x30,0x46, 
	0x80,0xff,0x62,0x21, 
	0x31,0x32,0x21,0x30, 
	0x86,0xf0,0xfe,0xc0, 
	0x20,0x00,0xa2,0x24, 
	0x84,0x0c,0xbb,0x90, 
	0xaa,0x10,0xb0,0xaa, 
	0x20,0xc0,0x20,0x00, 
	0xa2,0x64,0x84,0x86, 
	0x91,0xfe,0x0c,0x2f, 
	0xd0,0x39,0x11,0x30, 
	0x30,0xf4,0x06,0xc2, 
	0xff,0xc0,0x20,0x00, 
	0x62,0x24,0xb6,0x60, 
	0x60,0x75,0xc0,0x20, 
	0x00,0x22,0x24,0xb6, 
	0x20,0x20,0x74,0xc0, 
	0x20,0x00,0x72,0x24, 
	0xb7,0x70,0x70,0x95, 
	0xc0,0x20,0x00,0x82, 
	0x24,0xb7,0xf7,0x68, 
	0x02,0x06,0x21,0x00, 
	0xc0,0x20,0x00,0x82, 
	0x24,0xb7,0x80,0x88, 
	0x24,0x16,0xb8,0x10, 
	0xc0,0x20,0x00,0x92, 
	0x24,0xb7,0x90,0x98, 
	0x24,0x0b,0x99,0x16, 
	0x99,0x10,0xc0,0x20, 
	0x00,0xa2,0x24,0xb7, 
	0xa0,0xa8,0x24,0xa2, 
	0xca,0xfe,0x16,0x6a, 
	0x10,0xc0,0x20,0x00, 
	0xb2,0x24,0xb7,0xb0, 
	0xb8,0x24,0xb2,0xcb, 
	0xfd,0x16,0x3b,0x10, 
	0xc0,0x20,0x00,0xc1, 
	0x37,0x78,0xd2,0x24, 
	0xb7,0xe1,0x36,0x78, 
	0xd0,0xd8,0x24,0xd2, 
	0xcd,0xfc,0xd0,0xec, 
	0x83,0x86,0x6e,0xff, 
	0x92,0xa4,0x20,0x46, 
	0x8b,0xff,0x0c,0x8f, 
	0xf0,0x39,0x11,0x30, 
	0x30,0xf4,0x06,0xa0, 
	0xff,0x92,0xa4,0x40, 
	0x06,0x87,0xff,0x92, 
	0xa4,0x80,0x86,0x85, 
	0xff,0x0c,0x4f,0xe0, 
	0x39,0x11,0x30,0x30, 
	0xf4,0x46,0x9a,0xff, 
	0x92,0xa5,0x00,0x46, 
	0x81,0xff,0x3d,0x09, 
	0x1c,0x0f,0x06,0x97, 
	0xff,0xc0,0x20,0x00, 
	0x82,0x24,0xb7,0x80, 
	0x88,0x24,0x16,0xc8, 
	0x08,0xc0,0x20,0x00, 
	0x92,0x24,0xb7,0x90, 
	0x98,0x24,0x66,0x19, 
	0x02,0x46,0x22,0x00, 
	0xc0,0x20,0x00,0xa2, 
	0x24,0xb7,0xa0,0xa8, 
	0x24,0x66,0x2a,0x02, 
	0x86,0x21,0x00,0xc0, 
	0x20,0x00,0xb2,0x24, 
	0xb7,0xb0,0xb8,0x24, 
	0x66,0x3b,0x02,0xc6, 
	0x20,0x00,0xc0,0x20, 
	0x00,0xc1,0x17,0x78, 
	0xd2,0x24,0xb7,0xe1, 
	0x17,0x78,0xd0,0xd8, 
	0x24,0xd2,0xcd,0xfc, 
	0xd0,0xec,0x83,0x06, 
	0x4d,0xff,0xc0,0x99, 
	0x11,0x06,0x80,0xff, 
	0xe1,0x13,0x78,0x06, 
	0x4a,0xff,0xe1,0x12, 
	0x78,0x86,0x48,0xff, 
	0x92,0xa4,0x98,0x46, 
	0x65,0xff,0xe1,0x10, 
	0x78,0x86,0x45,0xff, 
	0xe1,0x10,0x78,0x06, 
	0x44,0xff,0x92,0xa4, 
	0x4c,0xc6,0x60,0xff, 
	0xe1,0x0e,0x78,0x06, 
	0x41,0xff,0xe1,0x0d, 
	0x78,0x86,0x3f,0xff, 
	0xe1,0x0d,0x78,0x06, 
	0x3e,0xff,0xe1,0x0c, 
	0x78,0x86,0x3c,0xff, 
	0xe1,0x04,0x78,0x06, 
	0x3b,0xff,0xe1,0x03, 
	0x78,0x86,0x39,0xff, 
	0xe1,0x03,0x78,0x06, 
	0x38,0xff,0xe1,0x02, 
	0x78,0x86,0x36,0xff, 
	0xe1,0x02,0x78,0x06, 
	0x35,0xff,0xe1,0x01, 
	0x78,0x86,0x33,0xff, 
	0xe1,0x01,0x78,0x06, 
	0x32,0xff,0xe1,0x00, 
	0x78,0x86,0x30,0xff, 
	0x36,0x41,0x00,0x88, 
	0x32,0x0c,0x14,0x42, 
	0x48,0x50,0xe5,0x9b, 
	0xfe,0xb8,0x12,0x0c, 
	0x05,0xa9,0x0b,0x52, 
	0x4b,0x2a,0x52,0x4b, 
	0x29,0x52,0x4b,0x28, 
	0x59,0x7b,0x59,0x6b, 
	0x59,0x5b,0x59,0x3b, 
	0x59,0x2b,0x59,0x1b, 
	0x31,0xbd,0x77,0xc0, 
	0x20,0x00,0x92,0x23, 
	0x73,0x1b,0x99,0xc0, 
	0x20,0x00,0x92,0x63, 
	0x73,0xad,0x02,0x65, 
	0xd6,0x00,0xad,0x02, 
	0xa5,0xfa,0x00,0x0c, 
	0xaf,0x0c,0x46,0xb8, 
	0x32,0x72,0xa0,0x93, 
	0xa2,0x0b,0x34,0x52, 
	0xa0,0x80,0x66,0x8a, 
	0x21,0x0c,0x0c,0xe8, 
	0x22,0xd1,0xe9,0x77, 
	0x5a,0xee,0x62,0x4e, 
	0xa1,0x42,0x4e,0xaa, 
	0xf2,0x4e,0xa8,0xf2, 
	0x4e,0xa7,0xf2,0x4e, 
	0xa6,0x72,0x4e,0x99, 
	0xd9,0x3b,0xc9,0x2b, 
	0x86,0x2d,0x00,0xc1, 
	0x97,0x77,0xd1,0xa4, 
	0x77,0xe1,0xac,0x77, 
	0x4c,0x88,0x87,0x9a, 
	0x3c,0xb8,0x22,0x82, 
	0xa0,0x97,0x5a,0x9b, 
	0x62,0x49,0xa1,0xf2, 
	0x49,0xa8,0xf2,0x49, 
	0xa7,0xf2,0x49,0xa6, 
	0x42,0x49,0xaa,0x82, 
	0x49,0x99,0xd9,0xeb, 
	0xc0,0x20,0x00,0xa2, 
	0x2c,0x80,0xe0,0xaa, 
	0x10,0xc0,0x20,0x00, 
	0xa2,0x6c,0x80,0x42, 
	0x49,0xb3,0x65,0x91, 
	0xfe,0x98,0x22,0xa2, 
	0x69,0x16,0x5a,0x99, 
	0x42,0x49,0xb1,0xc6, 
	0x1a,0x00,0x82,0xca, 
	0xc0,0x16,0x98,0x08, 
	0x92,0xca,0xef,0x16, 
	0x39,0x08,0xc2,0xca, 
	0xe0,0x16,0xdc,0x0c, 
	0xd2,0xca,0xdf,0x16, 
	0x7d,0x0c,0x66,0xba, 
	0x50,0xe1,0xc9,0x77, 
	0x81,0xca,0x77,0x98, 
	0x22,0x2c,0x3a,0x5a, 
	0x99,0x42,0x49,0xaa, 
	0xf2,0x49,0xa8,0xf2, 
	0x49,0xa7,0xf2,0x49, 
	0xa6,0x72,0x49,0x99, 
	0xa2,0x49,0xa1,0x89, 
	0x3b,0xe9,0x2b,0xc6, 
	0x0a,0x00,0xd1,0xc2, 
	0x77,0xc0,0x20,0x00, 
	0xb2,0x29,0xcf,0xd0, 
	0xbb,0x20,0xc0,0x20, 
	0x00,0xb2,0x69,0xcf, 
	0xc0,0x20,0x00,0xf2, 
	0x2c,0x80,0xe0,0xef, 
	0x10,0xc0,0x20,0x00, 
	0xe2,0x6c,0x80,0x42, 
	0x4a,0xb3,0x25,0x8a, 
	0xfe,0x88,0x22,0xa2, 
	0x68,0x16,0xad,0x02, 
	0xe5,0xf9,0x01,0xad, 
	0x02,0x25,0x00,0x02, 
	0xe5,0x88,0xfe,0x98, 
	0x22,0xa9,0x39,0xa9, 
	0x49,0x65,0x88,0xfe, 
	0xb8,0x22,0xa9,0x6b, 
	0x3c,0xda,0xc0,0x20, 
	0x00,0xa2,0x63,0xb4, 
	0x1d,0xf0,0x98,0x22, 
	0x5a,0xa9,0xf2,0x4a, 
	0xa8,0xf2,0x4a,0xa7, 
	0xf2,0x4a,0xa6,0x72, 
	0x4a,0x99,0x62,0x4a, 
	0xa1,0x42,0x4a,0xaa, 
	0xd9,0xe9,0x82,0x0b, 
	0x44,0x91,0x86,0x77, 
	0x66,0x18,0x8e,0xd1, 
	0xa7,0x77,0xc0,0x20, 
	0x00,0x82,0x0b,0x43, 
	0xf2,0x29,0xcf,0x82, 
	0xc8,0xfd,0xd0,0xff, 
	0x10,0x80,0x80,0x74, 
	0x60,0x88,0x63,0x80, 
	0x80,0x74,0x8b,0x88, 
	0x00,0x18,0x40,0x00, 
	0xd4,0xa1,0xf0,0xdd, 
	0x20,0xc0,0x20,0x00, 
	0xd2,0x69,0xcf,0x46, 
	0xdc,0xff,0x0c,0x0c, 
	0xa8,0x22,0xd2,0xa3, 
	0x80,0x92,0xda,0x03, 
	0xda,0xda,0xc2,0x4d, 
	0x10,0xc2,0x4d,0x11, 
	0xc2,0x4d,0x0f,0x42, 
	0x49,0x68,0x92,0x0b, 
	0x35,0x66,0x89,0x2e, 
	0x91,0x95,0x77,0xe1, 
	0x95,0x77,0xf1,0x95, 
	0x77,0xf9,0x3b,0xe9, 
	0x2b,0x99,0xaa,0x82, 
	0x0b,0x31,0x0b,0x88, 
	0x56,0x68,0xf5,0xb1, 
	0x44,0x77,0xa1,0x79, 
	0x77,0xc0,0x20,0x00, 
	0x92,0x2a,0x80,0xb0, 
	0x99,0x10,0xc0,0x20, 
	0x00,0x92,0x6a,0x80, 
	0x86,0xcf,0xff,0x66, 
	0x79,0x0e,0x91,0x8c, 
	0x77,0x0c,0x0c,0xd1, 
	0x8a,0x77,0xd9,0x3b, 
	0xc9,0x2b,0xc6,0xf2, 
	0xff,0x66,0x69,0x0f, 
	0x91,0x89,0x77,0xe1, 
	0x89,0x77,0xf1,0x89, 
	0x77,0xf9,0x3b,0xe9, 
	0x2b,0x06,0xee,0xff, 
	0x66,0x59,0xb7,0x81, 
	0x88,0x77,0x91,0x86, 
	0x77,0x99,0x3b,0x89, 
	0x2b,0x91,0x86,0x77, 
	0x46,0xe9,0xff,0x00, 
	0x36,0x41,0x00,0xe1, 
	0x85,0x77,0x41,0x29, 
	0x77,0xf1,0x46,0x77, 
	0xd1,0x40,0x77,0x51, 
	0x2c,0x77,0x31,0x38, 
	0x77,0xc0,0x20,0x00, 
	0xa2,0x23,0x94,0xc0, 
	0x20,0x00,0x1c,0x18, 
	0xa0,0xc0,0x75,0xb1, 
	0x7e,0x77,0x0c,0x29, 
	0xb0,0xaa,0x10,0xc0, 
	0xaa,0x20,0xb1,0x7c, 
	0x77,0xc8,0x32,0xba, 
	0xaa,0xb2,0x23,0x95, 
	0x92,0x4c,0x50,0x87, 
	0xba,0x43,0x91,0x79, 
	0x77,0xa0,0x8a,0x90, 
	0x9a,0x88,0xa0,0x08, 
	0x00,0xc6,0x0b,0x00, 
	0xc6,0x90,0x00,0x46, 
	0x86,0x00,0x06,0x7f, 
	0x00,0x86,0x7a,0x00, 
	0x06,0x73,0x00,0xc6, 
	0x08,0x00,0x06,0x08, 
	0x00,0x46,0x6f,0x00, 
	0xc6,0x52,0x00,0x46, 
	0x49,0x00,0xc6,0x3d, 
	0x00,0x46,0x34,0x00, 
	0x86,0x06,0x00,0x86, 
	0x21,0x00,0x06,0x11, 
	0x00,0x86,0x0c,0x00, 
	0xb0,0xa0,0x34,0xa2, 
	0x4c,0x36,0x2c,0x9b, 
	0xc0,0x20,0x00,0xb2, 
	0x63,0xb4,0x0c,0x02, 
	0x1d,0xf0,0xb0,0xe0, 
	0x34,0xe2,0x4c,0x30, 
	0xe2,0xce,0xfb,0x56, 
	0x6e,0x24,0x81,0x63, 
	0x77,0xc0,0x20,0x00, 
	0xf2,0x2d,0x94,0x80, 
	0xff,0x20,0xc0,0x20, 
	0x00,0xf2,0x6d,0x94, 
	0x86,0xf4,0xff,0xb0, 
	0x90,0x34,0x92,0x4c, 
	0x51,0xc0,0x20,0x00, 
	0x92,0x63,0x4c,0xc6, 
	0xf0,0xff,0xb0,0xa7, 
	0x04,0xb0,0xd0,0x24, 
	0xb0,0xe3,0x04,0xb0, 
	0xf4,0x04,0xb0,0x85, 
	0x04,0xb0,0x96,0x04, 
	0x92,0x4c,0x4c,0x82, 
	0x4c,0x48,0xf2,0x4c, 
	0x49,0xe2,0x4c,0x4a, 
	0xd2,0x4c,0x4d,0xa2, 
	0x4c,0x4b,0xb0,0xa0, 
	0x74,0xc0,0x20,0x00, 
	0xd2,0x24,0x82,0x80, 
	0xaa,0x01,0x50,0xdd, 
	0x10,0xd0,0xaa,0x20, 
	0xc0,0x20,0x00,0xa2, 
	0x64,0x82,0x06,0xe1, 
	0xff,0xb0,0xf0,0x04, 
	0xb0,0x81,0x04,0x82, 
	0x4c,0x46,0xf2,0x4c, 
	0x45,0xf1,0x48,0x77, 
	0xc0,0x20,0x00,0xd2, 
	0x2f,0x40,0xa2,0x0c, 
	0x45,0xe0,0xdd,0x10, 
	0x00,0xaa,0x11,0xd0, 
	0xaa,0x20,0xc0,0x20, 
	0x00,0xa2,0x6f,0x40, 
	0x91,0x43,0x77,0xc0, 
	0x20,0x00,0x82,0x2f, 
	0x41,0xd2,0x0c,0x46, 
	0x90,0x88,0x10,0xa0, 
	0xdd,0x01,0x80,0xdd, 
	0x20,0xc0,0x20,0x00, 
	0xd2,0x6f,0x41,0xc6, 
	0xcf,0xff,0x91,0xde, 
	0x76,0xb0,0xd0,0x74, 
	0xb0,0xa8,0x74,0x80, 
	0xaa,0x11,0xd0,0xaa, 
	0x20,0x90,0x9b,0x10, 
	0xb0,0xd0,0x75,0x00, 
	0xdd,0x11,0xd0,0x99, 
	0x20,0xa0,0x99,0x20, 
	0x99,0x5c,0x06,0xc7, 
	0xff,0xb0,0x80,0x74, 
	0xb0,0xe8,0x35,0xb0, 
	0xf8,0x74,0xb0,0xdc, 
	0x35,0xd2,0x4c,0x3f, 
	0x80,0xff,0x11,0x80, 
	0xee,0x01,0x80,0xff, 
	0x20,0xb0,0x80,0x75, 
	0x00,0x88,0x11,0x80, 
	0xee,0x20,0xf0,0xee, 
	0x20,0xe9,0x7c,0xe9, 
	0x8c,0x46,0xbc,0xff, 
	0x81,0xcb,0x76,0xb0, 
	0xa0,0x74,0xb0,0x98, 
	0x74,0x80,0x99,0x11, 
	0xa0,0x99,0x20,0x80, 
	0x8b,0x10,0xb0,0xa0, 
	0x75,0x00,0xaa,0x11, 
	0xa0,0x88,0x20,0x90, 
	0x88,0x20,0x89,0x4c, 
	0x86,0xb3,0xff,0xb0, 
	0x88,0x41,0xb0,0xa4, 
	0x34,0xb0,0xd3,0x04, 
	0xb0,0xe2,0x04,0xb0, 
	0xf0,0x14,0xf2,0x4c, 
	0x31,0xe2,0x4c,0x32, 
	0xd2,0x4c,0x33,0xa2, 
	0x4c,0x35,0x82,0x4c, 
	0x34,0x20,0xa2,0x20, 
	0x25,0xef,0x01,0x92, 
	0x22,0x03,0xc0,0x20, 
	0x00,0xf2,0x24,0x81, 
	0xe2,0x09,0x34,0x50, 
	0xff,0x10,0x80,0xee, 
	0x01,0xf0,0xee,0x20, 
	0xc0,0x20,0x00,0xe2, 
	0x64,0x81,0xd1,0x10, 
	0x77,0xc0,0x20,0x00, 
	0xa2,0x09,0x32,0xc2, 
	0x24,0x91,0xb2,0x09, 
	0x33,0xd0,0xcc,0x10, 
	0x50,0xbb,0x01,0x60, 
	0xaa,0x01,0xc0,0xbb, 
	0x20,0xb0,0xaa,0x20, 
	0xc0,0x20,0x00,0xa2, 
	0x64,0x91,0xa2,0x22, 
	0x00,0x92,0x09,0x34, 
	0x92,0x4a,0x02,0xc6, 
	0x97,0xff,0xb2,0x4c, 
	0x47,0x46,0x96,0xff, 
	0xc0,0x20,0x00,0x92, 
	0x24,0x9c,0xb0,0x80, 
	0x04,0x00,0x88,0x11, 
	0xe0,0x99,0x10,0x90, 
	0x88,0x20,0xc0,0x20, 
	0x00,0x82,0x64,0x9c, 
	0x86,0x8f,0xff,0xb0, 
	0x90,0x04,0xb0,0xa4, 
	0x34,0xa2,0x4c,0x43, 
	0x92,0x4c,0x44,0xc6, 
	0x8b,0xff,0xb0,0xe0, 
	0x04,0x7c,0xef,0xc0, 
	0x20,0x00,0xc2,0x2d, 
	0x80,0xf0,0xcc,0x10, 
	0xe0,0xcc,0x20,0xc0, 
	0x20,0x00,0xc2,0x6d, 
	0x80,0x46,0x85,0xff, 
	0xb0,0xd0,0x04,0xb0, 
	0xe7,0x04,0xe2,0x4c, 
	0x40,0xd2,0x4c,0x42, 
	0xb0,0x80,0x74,0xa2, 
	0xaf,0x7e,0xc0,0x20, 
	0x00,0x92,0x2f,0x80, 
	0xa0,0x99,0x10,0x90, 
	0x88,0x20,0xc0,0x20, 
	0x00,0x82,0x6f,0x80, 
	0x86,0x7b,0xff,0xb0, 
	0x51,0x04,0xb0,0x27, 
	0x04,0xb0,0x40,0x04, 
	0xb0,0x82,0x04,0xb0, 
	0x93,0x04,0xb0,0xa4, 
	0x04,0xb0,0xd5,0x04, 
	0xb0,0xe6,0x04,0xe2, 
	0x4c,0x38,0xd2,0x4c, 
	0x39,0xa2,0x4c,0x3a, 
	0x92,0x4c,0x3b,0x82, 
	0x4c,0x3c,0x42,0x4c, 
	0x3e,0x22,0x4c,0x37, 
	0x52,0x4c,0x3d,0x51, 
	0xdd,0x76,0xb0,0x20, 
	0x74,0xc0,0x20,0x00, 
	0x42,0x2f,0x80,0x80, 
	0x22,0x11,0x50,0x44, 
	0x10,0x40,0x22,0x20, 
	0xc0,0x20,0x00,0x22, 
	0x6f,0x80,0x06,0x68, 
	0xff,0x91,0xd6,0x76, 
	0xc0,0x20,0x00,0x82, 
	0x2d,0x94,0x90,0x88, 
	0x10,0xc0,0x20,0x00, 
	0x82,0x6d,0x94,0xc6, 
	0x62,0xff,0x00,0x00, 
	0x36,0x41,0x00,0xad, 
	0x02,0x65,0x5f,0xfe, 
	0x3c,0xa2,0x81,0x7c, 
	0x76,0xc0,0x20,0x00, 
	0x22,0x68,0xb4,0x0c, 
	0x02,0x1d,0xf0,0x00, 
	0x36,0x41,0x00,0xb2, 
	0x22,0x02,0xc2,0xa0, 
	0x80,0xc0,0xbb,0x80, 
	0x82,0x0b,0xac,0x31, 
	0x75,0x76,0x16,0x28, 
	0x09,0x91,0xbd,0x76, 
	0xc0,0x20,0x00,0xc2, 
	0x23,0x94,0xc2,0x4b, 
	0x99,0xf2,0xa0,0x64, 
	0xc0,0x20,0x00,0xa2, 
	0x23,0x94,0xa0,0xa8, 
	0x74,0xc0,0x20,0x00, 
	0x82,0x23,0x94,0x90, 
	0x88,0x10,0xa0,0x88, 
	0x20,0xf0,0x88,0xc2, 
	0x82,0x4b,0xa6,0xc0, 
	0x20,0x00,0xe2,0x23, 
	0x94,0xe0,0xe0,0xf5, 
	0x90,0xee,0x10,0xc0, 
	0x20,0x00,0xd2,0x23, 
	0x95,0xd0,0xd0,0x74, 
	0xe0,0xdd,0x20,0xf0, 
	0xdd,0xc2,0xd2,0x4b, 
	0xa7,0xc0,0x20,0x00, 
	0xc2,0x23,0x95,0xc0, 
	0xc8,0x74,0xc0,0x20, 
	0x00,0xa2,0x23,0x95, 
	0x90,0xaa,0x10,0xc0, 
	0xaa,0x20,0xf0,0xaa, 
	0xc2,0xa2,0x4b,0xa8, 
	0x20,0xa2,0x20,0xc0, 
	0x20,0x00,0x82,0x23, 
	0x95,0x80,0x80,0xf5, 
	0x90,0x88,0x10,0xc0, 
	0x20,0x00,0xe2,0x23, 
	0x96,0xe0,0xe0,0x74, 
	0x80,0xee,0x20,0xf0, 
	0xee,0xc2,0xe2,0x4b, 
	0xaa,0xc0,0x20,0x00, 
	0xd2,0x23,0x96,0xd0, 
	0xd8,0x41,0xd2,0x4b, 
	0xa1,0x25,0xd1,0x01, 
	0x2c,0xbd,0xc0,0x20, 
	0x00,0xd2,0x63,0xb4, 
	0x0c,0x02,0x1d,0xf0, 
	0x36,0x61,0x00,0x0c, 
	0x1c,0xd1,0x65,0x76, 
	0xa1,0x50,0x76,0xe8, 
	0x32,0xe9,0x01,0xe2, 
	0x0e,0x34,0xf1,0x35, 
	0x76,0x82,0xce,0xf8, 
	0x16,0xb8,0x22,0x82, 
	0xce,0xf0,0x16,0x38, 
	0x1e,0x31,0x96,0x76, 
	0x1c,0x19,0x97,0x1e, 
	0x2f,0x82,0xce,0xe0, 
	0x16,0x58,0x1d,0x92, 
	0xce,0xdf,0x16,0x79, 
	0x26,0x26,0xde,0x20, 
	0xb2,0xce,0xb8,0x16, 
	0x8b,0x2c,0xd8,0x22, 
	0x0c,0x0e,0x0c,0x07, 
	0x0c,0x05,0x0c,0x06, 
	0x0c,0x04,0x0c,0x0f, 
	0x0c,0x03,0x39,0x11, 
	0xf9,0x21,0x0c,0x03, 
	0x0c,0x0f,0xc6,0x0c, 
	0x00,0xc0,0x20,0x00, 
	0x42,0x23,0x36,0x40, 
	0x4c,0x05,0xc0,0x20, 
	0x00,0xf2,0x2d,0xe3, 
	0xf0,0xf0,0x05,0x3d, 
	0x0f,0xc0,0x20,0x00, 
	0x72,0x2d,0xe3,0x70, 
	0x78,0x05,0xc0,0x20, 
	0x00,0xd8,0x22,0x0c, 
	0x0e,0x0c,0x05,0x0c, 
	0x09,0x82,0x2a,0xbd, 
	0x99,0x21,0x80,0x88, 
	0x04,0x89,0x11,0x0c, 
	0x06,0xc1,0x28,0x76, 
	0x0c,0x09,0xb2,0xa0, 
	0x80,0xba,0xbd,0x82, 
	0x0b,0x99,0xc0,0x20, 
	0x00,0x82,0x6c,0x71, 
	0xa2,0x0b,0x99,0x07, 
	0x6a,0x1d,0x8c,0x44, 
	0x92,0x4b,0x9a,0x86, 
	0x04,0x00,0x82,0x0b, 
	0xa6,0xa2,0x0b,0x9a, 
	0x87,0x3a,0x02,0x06, 
	0xae,0x00,0x0c,0x09, 
	0x1b,0x8a,0x82,0x4b, 
	0x9a,0xa2,0x0b,0x99, 
	0x0c,0x24,0x17,0x6a, 
	0x1d,0x8c,0x4f,0x92, 
	0x4b,0x9b,0x86,0x04, 
	0x00,0x92,0x0b,0xa7, 
	0xa2,0x0b,0x9b,0x97, 
	0x3a,0x02,0x86,0xab, 
	0x00,0x0c,0x09,0x1b, 
	0xfa,0xf2,0x4b,0x9b, 
	0xa2,0x0b,0x99,0x0c, 
	0x4f,0x27,0x6a,0x1b, 
	0x8c,0x46,0x92,0x4b, 
	0x9c,0x06,0x04,0x00, 
	0x82,0x0b,0xa8,0xa2, 
	0x0b,0x9c,0x87,0x3a, 
	0x02,0x86,0xa8,0x00, 
	0x1b,0xfa,0xf2,0x4b, 
	0x9c,0xa2,0x0b,0x99, 
	0x88,0x01,0x0c,0x8f, 
	0x82,0x08,0x34,0x2c, 
	0x19,0x97,0x98,0x0d, 
	0x37,0x6a,0x23,0x16, 
	0x7e,0x24,0x0c,0x09, 
	0x92,0x4b,0x9d,0x06, 
	0x06,0x00,0x37,0x6a, 
	0x15,0xf2,0x0b,0xa5, 
	0x66,0x1f,0x0c,0xcc, 
	0x9e,0xad,0x02,0xe2, 
	0x4b,0xa5,0xe5,0x3f, 
	0xfe,0x06,0x32,0x00, 
	0xe2,0x4b,0xa5,0x1c, 
	0x0f,0xe2,0xa2,0x80, 
	0x47,0x6a,0x29,0x82, 
	0x0b,0xa2,0x66,0x18, 
	0x20,0xdc,0xd3,0x32, 
	0x4b,0xa2,0xea,0xad, 
	0xf2,0x4a,0xfa,0xad, 
	0x02,0xc0,0x20,0x00, 
	0x92,0x2c,0x72,0xf0, 
	0x99,0x20,0xc0,0x20, 
	0x00,0x92,0x6c,0x72, 
	0xa5,0x3c,0xfe,0x86, 
	0x25,0x00,0x32,0x4b, 
	0xa2,0x2c,0x0f,0x57, 
	0x6a,0x2d,0x82,0x0b, 
	0xa3,0x66,0x18,0x22, 
	0x98,0x21,0xdc,0xd9, 
	0x92,0x4b,0xa3,0xea, 
	0xbd,0xf2,0x4b,0xfa, 
	0xc0,0x20,0x00,0xa2, 
	0x2c,0x72,0xf0,0xaa, 
	0x20,0xc0,0x20,0x00, 
	0xa2,0x6c,0x72,0xad, 
	0x02,0xa5,0x39,0xfe, 
	0x46,0x19,0x00,0x98, 
	0x21,0x92,0x4b,0xa3, 
	0x4c,0x0f,0x67,0x6a, 
	0x29,0x82,0x0b,0xa4, 
	0x66,0x18,0x20,0xdc, 
	0xd5,0x52,0x4b,0xa4, 
	0xea,0xad,0xf2,0x4a, 
	0xfa,0xad,0x02,0xc0, 
	0x20,0x00,0x92,0x2c, 
	0x72,0xf0,0x99,0x20, 
	0xc0,0x20,0x00,0x92, 
	0x6c,0x72,0xa5,0x36, 
	0xfe,0x06,0x0d,0x00, 
	0x52,0x4b,0xa4,0x77, 
	0x6a,0x2e,0x16,0x07, 
	0x16,0xf2,0x0b,0xaa, 
	0xa2,0x0b,0x9f,0xf7, 
	0xba,0x07,0x1b,0x8a, 
	0x82,0x4b,0x9f,0x86, 
	0x06,0x00,0x0c,0x0a, 
	0x98,0x11,0xa2,0x4b, 
	0x9f,0x16,0x19,0x11, 
	0xf2,0x0b,0xa1,0xa2, 
	0x0b,0xa0,0xf7,0x3a, 
	0x02,0x46,0x50,0x00, 
	0x1b,0x9a,0x92,0x4b, 
	0xa0,0x0c,0x02,0x1d, 
	0xf0,0xc0,0x20,0x00, 
	0x0c,0x14,0x82,0x2f, 
	0xb3,0x0c,0x03,0x80, 
	0x88,0x14,0x82,0xc8, 
	0xfd,0x80,0x34,0x83, 
	0x4d,0x03,0xc0,0x20, 
	0x00,0xf2,0x2f,0xb7, 
	0xd8,0x22,0xf0,0xfc, 
	0x05,0xf9,0x21,0x66, 
	0xce,0x08,0x52,0xdd, 
	0x03,0x52,0x05,0xa3, 
	0x46,0x00,0x00,0x0c, 
	0x05,0x7d,0x0f,0xc0, 
	0x20,0x00,0x82,0x2a, 
	0xbd,0x0c,0x0e,0x80, 
	0x88,0x04,0x89,0x11, 
	0xc6,0x90,0xff,0xc0, 
	0x20,0x00,0x42,0x2f, 
	0xae,0x40,0x47,0x04, 
	0xc0,0x20,0x00,0xf2, 
	0x2d,0xa4,0xf0,0xf0, 
	0x04,0x3d,0x0f,0xc0, 
	0x20,0x00,0x72,0x2d, 
	0xa4,0x70,0x70,0x05, 
	0xc0,0x20,0x00,0xd8, 
	0x22,0x0c,0x0e,0x92, 
	0x2a,0xbd,0x0c,0x06, 
	0x90,0x98,0x04,0x99, 
	0x11,0xc6,0x06,0x00, 
	0x0c,0x06,0x3d,0x0f, 
	0xc0,0x20,0x00,0x72, 
	0x2d,0xe3,0x70,0x78, 
	0x05,0xc0,0x20,0x00, 
	0xd8,0x22,0x82,0x2a, 
	0xbd,0x0c,0x0e,0x80, 
	0x88,0x04,0x89,0x11, 
	0x0c,0x05,0x0c,0x08, 
	0x89,0x21,0xc6,0x7b, 
	0xff,0xa1,0xcc,0x75, 
	0xc0,0x20,0x00,0x82, 
	0x2f,0xb3,0x0c,0x04, 
	0x80,0x88,0x14,0x82, 
	0xc8,0xfd,0x80,0x4c, 
	0x83,0xc0,0x20,0x00, 
	0x91,0xab,0x75,0xf2, 
	0x2f,0xbc,0xb1,0xf1, 
	0x75,0xf0,0xff,0x05, 
	0xc0,0x20,0x00,0x92, 
	0x29,0xa8,0xb7,0x89, 
	0x0f,0xc0,0x20,0x00, 
	0x92,0x2a,0xe0,0x90, 
	0x90,0x75,0xcc,0x39, 
	0x0c,0x06,0x46,0x00, 
	0x00,0x0c,0x16,0x3d, 
	0x04,0x71,0xbd,0x75, 
	0xc0,0x20,0x00,0xe2, 
	0x27,0x92,0xe0,0xeb, 
	0x05,0xc0,0x20,0x00, 
	0x72,0x27,0x92,0x70, 
	0x7b,0x05,0xc0,0x20, 
	0x00,0xb2,0x2a,0xe3, 
	0xd8,0x22,0xb0,0xb0, 
	0x04,0xb9,0x11,0x46, 
	0xe4,0xff,0x0c,0x09, 
	0x86,0xbd,0xff,0xc0, 
	0x20,0x00,0x42,0x23, 
	0x36,0x40,0x4c,0x05, 
	0xc0,0x20,0x00,0xf2, 
	0x2d,0xe3,0xf0,0xf0, 
	0x05,0xc0,0x20,0x00, 
	0x82,0x2a,0xab,0x80, 
	0x88,0x04,0x16,0x28, 
	0xf5,0xc0,0x20,0x00, 
	0x82,0x2a,0xad,0x80, 
	0x88,0x05,0x16,0x68, 
	0xf4,0x0c,0x16,0xc6, 
	0xd0,0xff,0x0c,0x09, 
	0x92,0x4b,0x9f,0x86, 
	0xb0,0xff,0x0c,0x0f, 
	0xea,0xdd,0xf2,0x4b, 
	0xa0,0xb2,0xa0,0x80, 
	0xb2,0x4d,0xfa,0xc0, 
	0x20,0x00,0xa2,0x2c, 
	0x72,0xb0,0xaa,0x20, 
	0xc0,0x20,0x00,0xa2, 
	0x6c,0x72,0xad,0x02, 
	0x25,0x1d,0xfe,0x86, 
	0xa7,0xff,0x82,0x0b, 
	0xa9,0xe2,0x0b,0x9d, 
	0x87,0xbe,0x4e,0x1b, 
	0x9e,0x92,0x4b,0x9d, 
	0xc6,0x71,0xff,0xc0, 
	0x20,0x00,0xa2,0x2c, 
	0x72,0x0c,0x1b,0xb0, 
	0xaa,0x20,0xc0,0x20, 
	0x00,0xa2,0x6c,0x72, 
	0xad,0x02,0xa5,0x1a, 
	0xfe,0x06,0x9d,0xff, 
	0xad,0x02,0xc0,0x20, 
	0x00,0xd2,0x2c,0x72, 
	0x40,0xdd,0x20,0xc0, 
	0x20,0x00,0xd2,0x6c, 
	0x72,0x25,0x19,0xfe, 
	0x46,0x97,0xff,0xad, 
	0x02,0xc0,0x20,0x00, 
	0xe2,0x2c,0x72,0xf0, 
	0xee,0x20,0xc0,0x20, 
	0x00,0xe2,0x6c,0x72, 
	0xa5,0x17,0xfe,0x86, 
	0x91,0xff,0xad,0x02, 
	0xc0,0x20,0x00,0x82, 
	0x2c,0x72,0xf0,0xf8, 
	0x20,0xc0,0x20,0x00, 
	0xf2,0x6c,0x72,0x65, 
	0x16,0xfe,0xc6,0x8b, 
	0xff,0x00,0x00,0x00, 
	0x36,0x41,0x00,0x0c, 
	0x0a,0x71,0x5b,0x75, 
	0x51,0x55,0x75,0xc0, 
	0x20,0x00,0xa2,0x65, 
	0xa4,0xc0,0x20,0x00, 
	0x1c,0x13,0x92,0x25, 
	0x94,0x81,0x9b,0x75, 
	0x90,0x68,0x74,0x90, 
	0x90,0x75,0x80,0x99, 
	0x11,0x90,0x66,0x20, 
	0x8a,0x66,0x37,0xb6, 
	0x48,0xc1,0xa0,0x75, 
	0x60,0xb6,0x90,0xca, 
	0xbb,0xa0,0x0b,0x00, 
	0xc6,0x0b,0x00,0x06, 
	0x66,0x00,0x86,0x5f, 
	0x00,0x46,0x5a,0x00, 
	0xc6,0x53,0x00,0xc6, 
	0x4d,0x00,0x06,0x0a, 
	0x00,0x46,0x09,0x00, 
	0x06,0x48,0x00,0xc6, 
	0x3a,0x00,0xc6,0x36, 
	0x00,0x06,0x29,0x00, 
	0x06,0x25,0x00,0xc6, 
	0x07,0x00,0xc6,0x1d, 
	0x00,0x46,0x0e,0x00, 
	0x06,0x0a,0x00,0xd8, 
	0x32,0xd2,0x0d,0x36, 
	0xc0,0x20,0x00,0xd2, 
	0x65,0xa4,0x2c,0x8e, 
	0xc0,0x20,0x00,0xe2, 
	0x65,0xb4,0x0c,0x02, 
	0x1d,0xf0,0xc0,0x20, 
	0x00,0xf2,0x27,0x94, 
	0xf0,0xf4,0x04,0xc0, 
	0x20,0x00,0xf2,0x65, 
	0xa4,0x46,0xf8,0xff, 
	0x38,0x32,0x32,0x03, 
	0x51,0xc0,0x20,0x00, 
	0x32,0x65,0xa4,0xc6, 
	0xf4,0xff,0x48,0x32, 
	0x62,0x04,0x48,0x82, 
	0x04,0x4c,0x72,0x04, 
	0x4b,0xa0,0x88,0x11, 
	0x90,0x77,0x11,0x80, 
	0x77,0x20,0x82,0x04, 
	0x49,0xb0,0x66,0x11, 
	0xb0,0x88,0x11,0x80, 
	0x66,0x20,0x70,0x66, 
	0x20,0x72,0x04,0x4a, 
	0x42,0x04,0x4d,0xb0, 
	0x77,0x11,0x70,0x44, 
	0x20,0x60,0x44,0x20, 
	0xc0,0x20,0x00,0x42, 
	0x65,0xa4,0x06,0xe6, 
	0xff,0x98,0x32,0xa2, 
	0x09,0x46,0x92,0x09, 
	0x45,0xf0,0xaa,0x11, 
	0xa0,0x99,0x20,0xc0, 
	0x20,0x00,0x92,0x65, 
	0xa4,0x46,0xe0,0xff, 
	0xa8,0x32,0xa8,0x5a, 
	0xc0,0x20,0x00,0xa2, 
	0x65,0xa4,0x06,0xdd, 
	0xff,0xd8,0x32,0xb2, 
	0x0d,0x3f,0xd8,0x7d, 
	0xc0,0xbb,0x11,0xd0, 
	0xe8,0x74,0xd0,0xc8, 
	0x75,0xc0,0xbb,0x20, 
	0x00,0xee,0x11,0x80, 
	0xcd,0x01,0xb0,0xb0, 
	0x74,0xd0,0xd0,0x75, 
	0xe0,0xcc,0x20,0x80, 
	0xdd,0x11,0xd0,0xbb, 
	0x20,0xc0,0xbb,0x20, 
	0xc0,0x20,0x00,0xb2, 
	0x65,0xa4,0x06,0xd0, 
	0xff,0xe8,0x32,0xe8, 
	0x4e,0xc0,0x20,0x00, 
	0xe2,0x65,0xa4,0xc6, 
	0xcc,0xff,0x48,0x32, 
	0xf2,0x04,0x33,0x62, 
	0x04,0x35,0x32,0x04, 
	0x34,0xc0,0x66,0x11, 
	0x80,0x33,0x11,0xd0, 
	0xff,0x11,0x60,0x33, 
	0x20,0x62,0x04,0x32, 
	0x42,0x04,0x31,0xe0, 
	0x66,0x11,0x60,0x44, 
	0x20,0x40,0xff,0x20, 
	0x30,0xff,0x20,0xc0, 
	0x20,0x00,0xf2,0x65, 
	0xa4,0x46,0xc0,0xff, 
	0x88,0x32,0x82,0x08, 
	0x47,0xc0,0x20,0x00, 
	0x82,0x65,0xa4,0xc6, 
	0xbc,0xff,0x91,0xe4, 
	0x74,0xc0,0x20,0x00, 
	0x92,0x29,0x9a,0x90, 
	0x90,0x05,0xc0,0x20, 
	0x00,0x92,0x65,0xa4, 
	0x86,0xb7,0xff,0xa8, 
	0x32,0xb2,0x0a,0x43, 
	0xa2,0x0a,0x44,0xc0, 
	0xbb,0x11,0xb0,0xaa, 
	0x20,0xc0,0x20,0x00, 
	0xa2,0x65,0xa4,0xc6, 
	0xb1,0xff,0xc0,0x20, 
	0x00,0xb2,0x27,0x80, 
	0xb0,0xb0,0x04,0xc0, 
	0x20,0x00,0xb2,0x65, 
	0xa4,0x46,0xad,0xff, 
	0xc8,0x32,0xd2,0x0c, 
	0x40,0xc2,0x0c,0x42, 
	0x90,0xdd,0x11,0xd0, 
	0xcc,0x20,0xc0,0x20, 
	0x00,0xc2,0x65,0xa4, 
	0x86,0xa7,0xff,0xd8, 
	0x32,0xe2,0x0d,0x3b, 
	0xf2,0x0d,0x37,0x42, 
	0x0d,0x3a,0x32,0x0d, 
	0x39,0xc0,0x44,0x11, 
	0xb0,0x33,0x11,0x40, 
	0x33,0x20,0x42,0x0d, 
	0x38,0x90,0xff,0x11, 
	0xa0,0x44,0x11,0x40, 
	0xff,0x20,0x30,0xff, 
	0x20,0x32,0x0d,0x3c, 
	0xd0,0xee,0x11,0xe0, 
	0x33,0x11,0x30,0xee, 
	0x20,0xf0,0xee,0x20, 
	0xf2,0x0d,0x3d,0xd2, 
	0x0d,0x3e,0xf0,0xff, 
	0x11,0xf0,0xdd,0x20, 
	0xe0,0xdd,0x20,0xc0, 
	0x20,0x00,0xd2,0x65, 
	0xa4,0x46,0x94,0xff, 
	0x36,0x41,0x00,0x31, 
	0xcd,0x74,0x0c,0x08, 
	0xc0,0x20,0x00,0x58, 
	0x02,0x48,0x32,0x82, 
	0x63,0xa4,0x62,0x04, 
	0x4f,0x72,0x05,0x00, 
	0x42,0x04,0x34,0x52, 
	0x05,0x01,0x70,0x70, 
	0x04,0x60,0x60,0x14, 
	0x50,0x50,0x14,0xc0, 
	0x55,0x11,0xa0,0x66, 
	0x11,0x70,0x55,0x20, 
	0x60,0x55,0x20,0x50, 
	0x50,0x74,0x80,0x55, 
	0x11,0x50,0x44,0x20, 
	0xc0,0x20,0x00,0x42, 
	0x63,0xa4,0x2c,0xa2, 
	0xc0,0x20,0x00,0x22, 
	0x63,0xb4,0x2d,0x08, 
	0x1d,0xf0,0x00,0x00, 
	0x36,0x41,0x00,0x0c, 
	0x08,0x31,0xb8,0x74, 
	0xc0,0x20,0x00,0x82, 
	0x63,0xa4,0xc0,0x20, 
	0x00,0x82,0x63,0xa5, 
	0xc0,0x20,0x00,0x82, 
	0x63,0xa6,0xc0,0x20, 
	0x00,0x82,0x63,0xa7, 
	0xc0,0x20,0x00,0x82, 
	0x63,0xa8,0xc0,0x20, 
	0x00,0x82,0x63,0xa9, 
	0x48,0x12,0x51,0xad, 
	0x74,0xc8,0x14,0x50, 
	0xcc,0xc2,0xc0,0x20, 
	0x00,0xc2,0x63,0xa4, 
	0xb8,0x24,0x50,0xbb, 
	0xc2,0xc0,0x20,0x00, 
	0xb2,0x63,0xa5,0xa8, 
	0x34,0x50,0xaa,0xc2, 
	0xc0,0x20,0x00,0xa2, 
	0x63,0xa6,0x98,0x54, 
	0x50,0x99,0xc2,0xc0, 
	0x20,0x00,0x92,0x63, 
	0xa7,0x68,0x64,0x50, 
	0x66,0xc2,0xc0,0x20, 
	0x00,0x62,0x63,0xa8, 
	0x48,0x74,0x50,0x44, 
	0xc2,0xc0,0x20,0x00, 
	0x42,0x63,0xa9,0x3c, 
	0xe2,0xc0,0x20,0x00, 
	0x22,0x63,0xb4,0x2d, 
	0x08,0x1d,0xf0,0x00, 
	0x36,0x41,0x00,0xc1, 
	0x87,0x74,0xa8,0x32, 
	0xb8,0x12,0xa2,0x0a, 
	0x34,0x2c,0x18,0x87, 
	0x9a,0x31,0xc0,0x20, 
	0x00,0x92,0x2c,0xb9, 
	0x90,0x9a,0x05,0x99, 
	0x5b,0xc0,0x20,0x00, 
	0xe2,0x2c,0xba,0xe0, 
	0xef,0x05,0xe9,0x6b, 
	0xc0,0x20,0x00,0xd2, 
	0x2c,0xb0,0xd0,0xd9, 
	0x04,0xd9,0x7b,0xa1, 
	0xb5,0x74,0xc0,0x20, 
	0x00,0xa2,0x2a,0xac, 
	0xa0,0xa7,0x05,0xa9, 
	0x8b,0x46,0x0c,0x00, 
	0x66,0xca,0x2c,0xc0, 
	0x20,0x00,0x92,0x2c, 
	0xae,0x90,0x9f,0x05, 
	0x99,0x5b,0xc0,0x20, 
	0x00,0xe2,0x2c,0xae, 
	0xe0,0xe7,0x04,0xe9, 
	0x6b,0xc0,0x20,0x00, 
	0xd2,0x2c,0xb0,0xd0, 
	0xd8,0x04,0xd9,0x7b, 
	0xc0,0x20,0x00,0xa2, 
	0x2c,0xb4,0xa0,0xac, 
	0x05,0x86,0xf2,0xff, 
	0x98,0x5b,0x66,0x19, 
	0x14,0xc2,0x0b,0x28, 
	0xcc,0xec,0x65,0xc9, 
	0xfd,0xe8,0x22,0xb8, 
	0x12,0xe8,0x8e,0x98, 
	0x5b,0xe0,0xda,0xc0, 
	0xd9,0x1b,0xd8,0x6b, 
	0x92,0x4b,0x28,0x66, 
	0x1d,0x14,0xf2,0x0b, 
	0x29,0xcc,0xef,0xa5, 
	0xc7,0xfd,0x98,0x22, 
	0xb8,0x12,0x98,0x89, 
	0xd8,0x6b,0x90,0x8a, 
	0xc0,0x89,0x2b,0xc8, 
	0x7b,0xd2,0x4b,0x29, 
	0x66,0x1c,0x14,0xd2, 
	0x0b,0x2a,0xcc,0xed, 
	0xa5,0xc5,0xfd,0xf8, 
	0x22,0xb8,0x12,0xf8, 
	0x8f,0xc8,0x7b,0xf0, 
	0xea,0xc0,0xe9,0x3b, 
	0x98,0x8b,0xc2,0x4b, 
	0x2a,0x66,0x19,0x14, 
	0x82,0x0b,0x2b,0xcc, 
	0xe8,0xe5,0xc3,0xfd, 
	0xc8,0x22,0xb8,0x12, 
	0xc8,0x8c,0x98,0x8b, 
	0xc0,0xaa,0xc0,0xa9, 
	0x4b,0x92,0x4b,0x2b, 
	0x0c,0x02,0x1d,0xf0, 
	0x36,0x61,0x00,0x62, 
	0xa2,0x80,0x0c,0x04, 
	0x88,0x22,0x52,0xa0, 
	0x80,0x5a,0x98,0x42, 
	0x49,0x98,0x42,0x49, 
	0xb2,0x98,0x02,0x6a, 
	0x88,0x42,0x49,0x01, 
	0x42,0x49,0x03,0x42, 
	0x49,0x00,0x42,0x48, 
	0xfe,0x42,0x48,0xff, 
	0xe5,0xbf,0xfd,0xc8, 
	0x22,0xa2,0x6c,0x13, 
	0xb1,0xa9,0x74,0x31, 
	0x5e,0x74,0xc0,0x20, 
	0x00,0xa2,0x23,0x80, 
	0xb0,0xaa,0x20,0xc0, 
	0x20,0x00,0xa2,0x63, 
	0x80,0xad,0x02,0xa5, 
	0x50,0x01,0x0c,0x09, 
	0xb8,0x22,0x0c,0x17, 
	0x6a,0xcb,0x72,0x4c, 
	0xe8,0x42,0x4c,0xf4, 
	0x42,0x4c,0xf5,0x42, 
	0x4c,0xf8,0xf8,0xc2, 
	0xd8,0xb2,0xe2,0xcf, 
	0x40,0xd0,0xa9,0x90, 
	0x42,0x5a,0x0c,0x1b, 
	0x99,0x90,0x90,0x74, 
	0x66,0xb9,0xf1,0xad, 
	0x0f,0x49,0x4a,0x4b, 
	0xaa,0xe7,0x9a,0xf8, 
	0x49,0x2d,0x42,0x5d, 
	0x01,0x42,0x4d,0x00, 
	0x42,0x4d,0x58,0x49, 
	0x2f,0x42,0x4f,0x00, 
	0x42,0x4f,0x50,0x68, 
	0x32,0x49,0x1f,0xa2, 
	0x06,0x34,0xe2,0xa0, 
	0x60,0xe7,0x1a,0x48, 
	0xf2,0xa0,0x61,0xf7, 
	0x1a,0x42,0x26,0xda, 
	0x3f,0x5a,0xdb,0x72, 
	0x4d,0x97,0xe2,0xa0, 
	0xff,0x26,0x8a,0x3f, 
	0xf1,0x29,0x74,0x26, 
	0xba,0x47,0x51,0x1f, 
	0x74,0x2c,0x18,0xa7, 
	0x28,0x05,0xa6,0xca, 
	0x02,0x46,0x31,0x00, 
	0x91,0x80,0x74,0x7c, 
	0x7f,0x26,0xda,0x45, 
	0xb2,0xca,0xb8,0x16, 
	0x8b,0x08,0x7c,0xed, 
	0xc0,0x20,0x00,0xc2, 
	0x23,0x80,0xd0,0xcc, 
	0x10,0xc0,0x20,0x00, 
	0xc2,0x63,0x80,0x1d, 
	0xf0,0x5a,0xdb,0x42, 
	0x4d,0x97,0x42,0x4c, 
	0xf6,0x46,0xee,0xff, 
	0x42,0x4d,0x96,0xf8, 
	0x42,0xe2,0x4f,0x18, 
	0x42,0x4f,0x1a,0x46, 
	0x03,0x00,0x42,0x4d, 
	0x96,0x88,0x62,0xf2, 
	0x6b,0x54,0xe2,0x48, 
	0x1c,0x42,0x48,0x1e, 
	0x42,0x4c,0xe8,0xc6, 
	0xef,0xff,0xd8,0x82, 
	0xa2,0xa3,0x80,0xaa, 
	0xab,0x42,0x4d,0x1a, 
	0xe2,0x4d,0x18,0xa2, 
	0x0a,0x12,0x42,0x4c, 
	0xe8,0x66,0x1a,0x11, 
	0xa2,0x2b,0xe5,0xa2, 
	0x6b,0x1f,0x65,0xd4, 
	0x06,0x91,0x64,0x74, 
	0x7c,0x7f,0xb9,0x36, 
	0xa9,0x26,0xc0,0x20, 
	0x00,0xc2,0x25,0x88, 
	0xf0,0xcc,0x10,0xc0, 
	0x20,0x00,0xc2,0x65, 
	0x88,0xc0,0x20,0x00, 
	0xb2,0x25,0x89,0x90, 
	0xbb,0x10,0xc0,0x20, 
	0x00,0xb2,0x65,0x89, 
	0x86,0xdd,0xff,0x72, 
	0x4d,0x96,0xb8,0x52, 
	0xe2,0x4b,0x18,0x42, 
	0x4b,0x1a,0x42,0x4c, 
	0xe8,0xc0,0x20,0x00, 
	0xa2,0x25,0x88,0xf0, 
	0xaa,0x10,0xc0,0x20, 
	0x00,0xa2,0x65,0x88, 
	0xc0,0x20,0x00,0x82, 
	0x25,0x89,0x90,0x88, 
	0x10,0xc0,0x20,0x00, 
	0x82,0x65,0x89,0xc6, 
	0xd1,0xff,0x2c,0x0a, 
	0xa2,0x46,0x34,0x81, 
	0x52,0x74,0x91,0xed, 
	0x73,0x0c,0xaa,0xc0, 
	0x20,0x00,0x62,0x25, 
	0x81,0x90,0x66,0x10, 
	0x80,0x66,0x20,0xc0, 
	0x20,0x00,0x92,0xa0, 
	0xe3,0x0c,0x88,0x62, 
	0x65,0x81,0xa2,0x4d, 
	0xa6,0xa2,0x4d,0xa7, 
	0xa2,0x4d,0xa8,0x72, 
	0x4d,0xaa,0x72,0x4d, 
	0xd5,0x42,0x4d,0xdc, 
	0x42,0x4d,0xdb,0x42, 
	0x4d,0xd8,0x42,0x4d, 
	0xe0,0x42,0x4d,0xdf, 
	0x42,0x4d,0xd4,0x42, 
	0x4d,0xd6,0x42,0x4d, 
	0xd7,0x42,0x4d,0x96, 
	0x42,0x4d,0xd9,0x42, 
	0x4d,0xda,0x42,0x4d, 
	0xdd,0x62,0xa3,0x80, 
	0x6a,0x6b,0x82,0x4d, 
	0xa1,0x92,0x4d,0x99, 
	0x82,0xdb,0x03,0x42, 
	0x4c,0xf9,0xf2,0x6b, 
	0x53,0x42,0x4c,0xe4, 
	0x42,0x46,0x00,0x42, 
	0x46,0x01,0x42,0x58, 
	0x41,0x42,0x46,0x09, 
	0x42,0x46,0x0e,0x42, 
	0x46,0x21,0xc8,0x72, 
	0xe2,0x4c,0x20,0xb8, 
	0x92,0xe2,0x4b,0x18, 
	0x72,0x46,0x23,0x42, 
	0x46,0x22,0x6c,0xff, 
	0xc0,0x20,0x00,0xd2, 
	0x23,0x88,0xf0,0xdd, 
	0x10,0xc0,0x20,0x00, 
	0xad,0x02,0x68,0x01, 
	0xd2,0x63,0x88,0x42, 
	0x4c,0x22,0x42,0x4c, 
	0x23,0xe2,0x4c,0x20, 
	0x42,0x4b,0x1a,0x42, 
	0x4b,0x1b,0xe2,0x4b, 
	0x18,0xe5,0x0e,0x01, 
	0xad,0x02,0x25,0x15, 
	0x01,0x46,0xa1,0xff, 
	0x36,0x61,0x00,0x38, 
	0x22,0x82,0xa0,0x80, 
	0x8a,0x33,0x32,0x03, 
	0xc0,0x56,0xe3,0x1d, 
	0x51,0xd1,0x73,0xd1, 
	0x1f,0x74,0xc1,0x17, 
	0x74,0xb1,0xcb,0x73, 
	0xa1,0xc8,0x73,0x91, 
	0x1d,0x74,0x81,0x1d, 
	0x74,0x71,0x1d,0x74, 
	0x61,0xb0,0x73,0xf1, 
	0x1d,0x74,0xe1,0x1d, 
	0x74,0x41,0xcb,0x73, 
	0xc0,0x20,0x00,0x32, 
	0x24,0x84,0x50,0x33, 
	0x20,0xc0,0x20,0x00, 
	0x51,0x0f,0x74,0x28, 
	0x32,0x32,0x64,0x84, 
	0x22,0x02,0x34,0x41, 
	0x17,0x74,0x32,0xc2, 
	0xf8,0x16,0x73,0x33, 
	0x32,0xc2,0xf0,0x16, 
	0xd3,0x4c,0x32,0xc2, 
	0xef,0x16,0x23,0x19, 
	0x32,0xc2,0xe0,0xcc, 
	0x13,0x86,0x14,0x02, 
	0x2c,0x14,0x47,0x92, 
	0x02,0x46,0x10,0x03, 
	0x41,0x0e,0x74,0x32, 
	0xc2,0xc0,0x16,0x93, 
	0x17,0x32,0xc2,0xb8, 
	0x56,0xf3,0x16,0x29, 
	0x11,0xc0,0x20,0x00, 
	0x21,0x0a,0x74,0x32, 
	0x26,0x82,0x20,0x33, 
	0x10,0x21,0x08,0x74, 
	0x20,0x33,0x20,0xc0, 
	0x20,0x00,0x32,0x66, 
	0x82,0xc0,0x20,0x00, 
	0x22,0x26,0x83,0x31, 
	0x05,0x74,0x40,0x22, 
	0x10,0x30,0x22,0x20, 
	0xc0,0x20,0x00,0x22, 
	0x66,0x83,0xc0,0x20, 
	0x00,0x41,0x01,0x74, 
	0x32,0x26,0x84,0x40, 
	0x33,0x10,0x41,0x00, 
	0x74,0x40,0x33,0x20, 
	0xc0,0x20,0x00,0x32, 
	0x66,0x84,0xc0,0x20, 
	0x00,0x21,0xfd,0x73, 
	0x42,0x26,0x85,0x20, 
	0x44,0x10,0xc0,0x20, 
	0x00,0x42,0x66,0x85, 
	0xc0,0x20,0x00,0x32, 
	0x26,0x86,0x70,0x33, 
	0x10,0xf0,0x33,0x20, 
	0xc0,0x20,0x00,0x32, 
	0x66,0x86,0xc0,0x20, 
	0x00,0x22,0x26,0x87, 
	0x32,0xa3,0x00,0x90, 
	0x22,0x10,0x30,0x22, 
	0x20,0xc0,0x20,0x00, 
	0x22,0x66,0x87,0xc0, 
	0x20,0x00,0x32,0x26, 
	0x88,0x7c,0x74,0x40, 
	0x33,0x10,0xc0,0x20, 
	0x00,0x32,0x66,0x88, 
	0xc0,0x20,0x00,0x21, 
	0xec,0x73,0x42,0x26, 
	0x89,0x20,0x44,0x10, 
	0x21,0xeb,0x73,0x20, 
	0x44,0x20,0xc0,0x20, 
	0x00,0x42,0x66,0x89, 
	0xc0,0x20,0x00,0x31, 
	0x75,0x73,0x22,0x26, 
	0x8a,0x30,0x22,0x10, 
	0xc0,0x20,0x00,0x22, 
	0x66,0x8a,0xc0,0x20, 
	0x00,0x41,0xe3,0x73, 
	0x32,0x26,0x8c,0x40, 
	0x33,0x10,0xe0,0x33, 
	0x20,0xc0,0x20,0x00, 
	0x32,0x66,0x8c,0xc0, 
	0x20,0x00,0x21,0xc2, 
	0x73,0x42,0x26,0x99, 
	0x20,0x44,0x10,0xc0, 
	0x20,0x00,0x42,0x66, 
	0x99,0xc0,0x20,0x00, 
	0x31,0xc5,0x73,0x22, 
	0x26,0x9c,0x30,0x22, 
	0x10,0xc0,0x20,0x00, 
	0x22,0x66,0x9c,0xc0, 
	0x20,0x00,0x42,0x25, 
	0x1c,0xd0,0x44,0x10, 
	0x80,0x44,0x20,0xc0, 
	0x20,0x00,0x42,0x65, 
	0x1c,0xc0,0x20,0x00, 
	0x31,0xd2,0x73,0x22, 
	0x25,0x28,0x30,0x22, 
	0x10,0x31,0xd0,0x73, 
	0x30,0x22,0x20,0xc0, 
	0x20,0x00,0x22,0x65, 
	0x28,0xc0,0x20,0x00, 
	0x21,0x7f,0x73,0x41, 
	0xcd,0x73,0x32,0x22, 
	0x80,0x40,0x33,0x10, 
	0x41,0xcc,0x73,0x40, 
	0x33,0x20,0xc0,0x20, 
	0x00,0x32,0x62,0x80, 
	0xc0,0x20,0x00,0x42, 
	0x22,0x83,0x31,0xc8, 
	0x73,0xc0,0x44,0x10, 
	0x30,0x44,0x20,0xc0, 
	0x20,0x00,0x42,0x62, 
	0x83,0xc0,0x20,0x00, 
	0x32,0x2b,0x80,0xa0, 
	0x33,0x20,0xc0,0x20, 
	0x00,0x32,0x6b,0x80, 
	0xc0,0x20,0x00,0x42, 
	0x2b,0x9d,0x7c,0xe2, 
	0x20,0x44,0x10,0xc0, 
	0x20,0x00,0x42,0x6b, 
	0x9d,0x28,0x11,0x0c, 
	0x02,0x1d,0xf0,0xc0, 
	0x20,0x00,0x31,0xad, 
	0x73,0x22,0x26,0x82, 
	0x30,0x22,0x10,0x31, 
	0xac,0x73,0x30,0x22, 
	0x20,0xc0,0x20,0x00, 
	0x22,0x66,0x82,0xc0, 
	0x20,0x00,0x32,0x26, 
	0x83,0x21,0xa8,0x73, 
	0x40,0x43,0x10,0x20, 
	0x44,0x20,0xc0,0x20, 
	0x00,0x42,0x66,0x83, 
	0xc0,0x20,0x00,0x31, 
	0xa5,0x73,0x22,0x26, 
	0x84,0x30,0x22,0x10, 
	0x31,0xa4,0x73,0x30, 
	0x22,0x20,0xc0,0x20, 
	0x00,0x22,0x66,0x84, 
	0xc0,0x20,0x00,0x41, 
	0xa1,0x73,0x32,0x26, 
	0x85,0x40,0x33,0x10, 
	0xc0,0x20,0x00,0x32, 
	0x66,0x85,0xc0,0x20, 
	0x00,0x22,0x26,0x86, 
	0x70,0x22,0x10,0xf0, 
	0x22,0x20,0xc0,0x20, 
	0x00,0x22,0x66,0x86, 
	0xc0,0x20,0x00,0x42, 
	0x26,0x87,0x22,0xa3, 
	0x00,0x90,0x44,0x10, 
	0x20,0x44,0x20,0xc0, 
	0x20,0x00,0x42,0x66, 
	0x87,0xc0,0x20,0x00, 
	0x22,0x26,0x88,0x7c, 
	0x73,0x30,0x22,0x10, 
	0xc0,0x20,0x00,0x22, 
	0x66,0x88,0xc0,0x20, 
	0x00,0x41,0x8f,0x73, 
	0x32,0x26,0x89,0x40, 
	0x33,0x10,0x41,0x8e, 
	0x73,0x40,0x33,0x20, 
	0xc0,0x20,0x00,0x32, 
	0x66,0x89,0xc0,0x20, 
	0x00,0x21,0x18,0x73, 
	0x42,0x26,0x8a,0x20, 
	0x44,0x10,0xc0,0x20, 
	0x00,0x42,0x66,0x8a, 
	0xc0,0x20,0x00,0x31, 
	0x87,0x73,0x22,0x26, 
	0x8c,0x30,0x22,0x10, 
	0xe0,0x22,0x20,0xc0, 
	0x20,0x00,0x22,0x66, 
	0x8c,0xc0,0x20,0x00, 
	0x41,0x66,0x73,0x32, 
	0x26,0x99,0x40,0x33, 
	0x10,0xc0,0x20,0x00, 
	0x32,0x66,0x99,0xc0, 
	0x20,0x00,0x21,0x68, 
	0x73,0x42,0x26,0x9c, 
	0x20,0x44,0x10,0xc0, 
	0x20,0x00,0x42,0x66, 
	0x9c,0xc0,0x20,0x00, 
	0x32,0x25,0x1c,0xd0, 
	0x33,0x10,0x80,0x33, 
	0x20,0xc0,0x20,0x00, 
	0x32,0x65,0x1c,0xc0, 
	0x20,0x00,0x21,0x75, 
	0x73,0x42,0x25,0x28, 
	0x20,0x44,0x10,0x21, 
	0x74,0x73,0x20,0x44, 
	0x20,0xc0,0x20,0x00, 
	0x42,0x65,0x28,0xc0, 
	0x20,0x00,0x41,0x22, 
	0x73,0x31,0x70,0x73, 
	0x22,0x24,0x80,0x30, 
	0x22,0x10,0x31,0x6f, 
	0x73,0x30,0x22,0x20, 
	0xc0,0x20,0x00,0x22, 
	0x64,0x80,0xc0,0x20, 
	0x00,0x32,0x24,0x83, 
	0x21,0x6c,0x73,0xc0, 
	0x33,0x10,0x20,0x33, 
	0x20,0xc0,0x20,0x00, 
	0x32,0x64,0x83,0xc0, 
	0x20,0x00,0x22,0x2b, 
	0x80,0xa0,0x22,0x20, 
	0xc0,0x20,0x00,0x22, 
	0x6b,0x80,0xc0,0x20, 
	0x00,0x32,0x2b,0x9d, 
	0x7c,0xe4,0x40,0x33, 
	0x10,0xc0,0x20,0x00, 
	0x32,0x6b,0x9d,0x21, 
	0x41,0x73,0xc0,0x20, 
	0x00,0x42,0x2b,0x94, 
	0x20,0x44,0x20,0xc0, 
	0x20,0x00,0x42,0x6b, 
	0x94,0x21,0x5c,0x73, 
	0xc0,0x20,0x00,0x31, 
	0x5c,0x73,0x42,0x2b, 
	0x92,0x30,0x44,0x10, 
	0x20,0x44,0x20,0xc0, 
	0x20,0x00,0x42,0x6b, 
	0x92,0x86,0x98,0xff, 
	0x21,0x58,0x73,0xc0, 
	0x20,0x00,0x31,0x46, 
	0x73,0x42,0x26,0x82, 
	0x30,0x44,0x10,0x20, 
	0x44,0x20,0xc0,0x20, 
	0x00,0x42,0x66,0x82, 
	0x21,0x53,0x73,0xc0, 
	0x20,0x00,0x31,0x3f, 
	0x73,0x42,0x26,0x83, 
	0x30,0x44,0x10,0x20, 
	0x44,0x20,0xc0,0x20, 
	0x00,0x42,0x66,0x83, 
	0x21,0x4e,0x73,0xc0, 
	0x20,0x00,0x31,0x3d, 
	0x73,0x42,0x26,0x84, 
	0x30,0x44,0x10,0x20, 
	0x44,0x20,0xc0,0x20, 
	0x00,0x42,0x66,0x84, 
	0xc0,0x20,0x00,0x31, 
	0x3a,0x73,0x22,0x26, 
	0x85,0x30,0x22,0x10, 
	0xc0,0x20,0x00,0x22, 
	0x66,0x85,0xc0,0x20, 
	0x00,0x42,0x26,0x86, 
	0x70,0x44,0x10,0xf0, 
	0x44,0x20,0xc0,0x20, 
	0x00,0x42,0x66,0x86, 
	0xc0,0x20,0x00,0x32, 
	0x26,0x87,0x42,0xa3, 
	0x00,0x90,0x33,0x10, 
	0x40,0x33,0x20,0xc0, 
	0x20,0x00,0x32,0x66, 
	0x87,0x0c,0x82,0xc0, 
	0x20,0x00,0x42,0x26, 
	0x88,0x20,0x44,0x20, 
	0xc0,0x20,0x00,0x42, 
	0x66,0x88,0x21,0x36, 
	0x73,0xc0,0x20,0x00, 
	0x31,0x28,0x73,0x42, 
	0x26,0x89,0x30,0x44, 
	0x10,0x20,0x44,0x20, 
	0xc0,0x20,0x00,0x42, 
	0x66,0x89,0x31,0x31, 
	0x73,0xc0,0x20,0x00, 
	0x22,0x26,0x8a,0x30, 
	0x22,0x20,0xc0,0x20, 
	0x00,0x22,0x66,0x8a, 
	0xc0,0x20,0x00,0x41, 
	0x20,0x73,0x32,0x26, 
	0x8c,0x40,0x33,0x10, 
	0xe0,0x33,0x20,0xc0, 
	0x20,0x00,0x32,0x66, 
	0x8c,0xc0,0x20,0x00, 
	0x21,0xff,0x72,0x42, 
	0x26,0x99,0x20,0x44, 
	0x10,0xc0,0x20,0x00, 
	0x42,0x66,0x99,0xc0, 
	0x20,0x00,0x31,0x01, 
	0x73,0x22,0x26,0x9c, 
	0x30,0x22,0x10,0xc0, 
	0x20,0x00,0x22,0x66, 
	0x9c,0xc0,0x20,0x00, 
	0x42,0x25,0x1c,0xd0, 
	0x44,0x10,0x80,0x44, 
	0x20,0xc0,0x20,0x00, 
	0x42,0x65,0x1c,0xc0, 
	0x20,0x00,0x31,0x1a, 
	0x73,0x22,0x25,0x28, 
	0x30,0x22,0x10,0x31, 
	0x19,0x73,0x30,0x22, 
	0x20,0xc0,0x20,0x00, 
	0x22,0x65,0x28,0x21, 
	0x17,0x73,0xc0,0x20, 
	0x00,0x31,0xba,0x72, 
	0x41,0x09,0x73,0x52, 
	0x23,0x80,0x40,0x55, 
	0x10,0x20,0x55,0x20, 
	0xc0,0x20,0x00,0x52, 
	0x63,0x80,0x51,0xd6, 
	0x72,0xc0,0x20,0x00, 
	0x42,0x23,0x83,0xc0, 
	0x44,0x10,0x50,0x44, 
	0x20,0xc0,0x20,0x00, 
	0x42,0x63,0x83,0xc0, 
	0x20,0x00,0x21,0xeb, 
	0x72,0x52,0x23,0x90, 
	0x20,0x55,0x20,0xc0, 
	0x20,0x00,0x52,0x63, 
	0x90,0x41,0x07,0x73, 
	0xc0,0x20,0x00,0x22, 
	0x23,0x92,0x40,0x22, 
	0x10,0x41,0xae,0x72, 
	0x40,0x22,0x20,0xc0, 
	0x20,0x00,0x22,0x63, 
	0x92,0xc0,0x20,0x00, 
	0x52,0x2b,0x80,0xa0, 
	0x55,0x20,0xc0,0x20, 
	0x00,0x52,0x6b,0x80, 
	0xc0,0x20,0x00,0x32, 
	0x2b,0x9d,0x7c,0xe4, 
	0x40,0x33,0x10,0xc0, 
	0x20,0x00,0x32,0x6b, 
	0x9d,0x86,0x31,0xff, 
	0x31,0xfa,0x72,0xc0, 
	0x20,0x00,0x22,0x26, 
	0x83,0xc0,0x22,0x10, 
	0x30,0x22,0x20,0xc0, 
	0x20,0x00,0x22,0x66, 
	0x83,0xc0,0x20,0x00, 
	0xf1,0xf5,0x72,0x42, 
	0x26,0x84,0xe1,0xf4, 
	0x72,0xf0,0x44,0x10, 
	0xe0,0x44,0x20,0xc0, 
	0x20,0x00,0x42,0x66, 
	0x84,0x32,0xaf,0x7b, 
	0xc0,0x20,0x00,0x22, 
	0x26,0x85,0x30,0x22, 
	0x10,0x32,0xa0,0x80, 
	0x30,0x22,0x20,0xc0, 
	0x20,0x00,0x22,0x66, 
	0x85,0xc0,0x20,0x00, 
	0xf2,0x26,0x86,0x70, 
	0xff,0x10,0xa0,0xff, 
	0x20,0xc0,0x20,0x00, 
	0xf2,0x66,0x86,0xf2, 
	0xa5,0x00,0xc0,0x20, 
	0x00,0xe2,0x26,0x87, 
	0x90,0xee,0x10,0xf0, 
	0xee,0x20,0xc0,0x20, 
	0x00,0xe2,0x66,0x87, 
	0xc0,0x20,0x00,0x41, 
	0xe1,0x72,0x32,0x26, 
	0x90,0x40,0x33,0x10, 
	0xc0,0x20,0x00,0x32, 
	0x66,0x90,0xf1,0xde, 
	0x72,0xc0,0x20,0x00, 
	0x21,0xde,0x72,0xe2, 
	0x26,0x92,0x20,0xee, 
	0x10,0xf0,0xee,0x20, 
	0xc0,0x20,0x00,0xe2, 
	0x66,0x92,0x31,0xda, 
	0x72,0xc0,0x20,0x00, 
	0x41,0xda,0x72,0x22, 
	0x26,0x96,0x40,0x22, 
	0x10,0x30,0x22,0x20, 
	0xc0,0x20,0x00,0x22, 
	0x66,0x96,0xc0,0x20, 
	0x00,0xf1,0xd5,0x72, 
	0x42,0x26,0x9f,0xe1, 
	0xd5,0x72,0xf0,0x44, 
	0x10,0xe0,0x44,0x20, 
	0xc0,0x20,0x00,0x42, 
	0x66,0x9f,0xc0,0x20, 
	0x00,0x32,0x25,0x1c, 
	0xd0,0x33,0x10,0x80, 
	0x33,0x20,0xc0,0x20, 
	0x00,0x32,0x65,0x1c, 
	0xc0,0x20,0x00,0x21, 
	0xbf,0x72,0xe2,0x25, 
	0x28,0xf1,0xbe,0x72, 
	0x20,0xee,0x10,0xf0, 
	0xee,0x20,0xc0,0x20, 
	0x00,0xe2,0x65,0x28, 
	0x7c,0xd6,0xc0,0x20, 
	0x00,0xe1,0xc6,0x72, 
	0x52,0x2e,0x80,0x60, 
	0x55,0x10,0xc0,0x20, 
	0x00,0x52,0x6e,0x80, 
	0xc0,0x20,0x00,0x21, 
	0xc3,0x72,0x42,0x2e, 
	0x81,0x51,0xc2,0x72, 
	0x20,0x44,0x10,0x50, 
	0x44,0x20,0xc0,0x20, 
	0x00,0x42,0x6e,0x81, 
	0xc0,0x20,0x00,0x32, 
	0x2e,0x84,0x41,0xbe, 
	0x72,0x30,0x30,0x74, 
	0x40,0x33,0x20,0xc0, 
	0x20,0x00,0x32,0x6e, 
	0x84,0xc0,0x20,0x00, 
	0x41,0x28,0x72,0xf2, 
	0x2e,0x85,0x51,0x8a, 
	0x72,0x40,0xff,0x10, 
	0x50,0xff,0x20,0xc0, 
	0x20,0x00,0xf2,0x6e, 
	0x85,0xc0,0x20,0x00, 
	0x62,0x2e,0x86,0xf1, 
	0xb4,0x72,0xc0,0x66, 
	0x10,0xf0,0x66,0x20, 
	0xc0,0x20,0x00,0x62, 
	0x6e,0x86,0xc0,0x20, 
	0x00,0x31,0xb0,0x72, 
	0xf2,0x2e,0x87,0x30, 
	0xff,0x10,0x31,0xaf, 
	0x72,0x30,0xff,0x20, 
	0xc0,0x20,0x00,0xf2, 
	0x6e,0x87,0xc0,0x20, 
	0x00,0x62,0x2e,0x8c, 
	0x40,0x66,0x10,0xc0, 
	0x20,0x00,0x62,0x6e, 
	0x8c,0xc0,0x20,0x00, 
	0x32,0x2e,0x8e,0x40, 
	0x33,0x10,0x50,0x33, 
	0x20,0xc0,0x20,0x00, 
	0x32,0x6e,0x8e,0xf1, 
	0xa6,0x72,0x61,0xa4, 
	0x72,0xc0,0x20,0x00, 
	0x52,0x2e,0x92,0xf0, 
	0x55,0x10,0x60,0x55, 
	0x20,0xc0,0x20,0x00, 
	0x52,0x6e,0x92,0xc0, 
	0x20,0x00,0x31,0x1d, 
	0x72,0xf2,0x2e,0x93, 
	0x30,0xff,0x10,0xc0, 
	0x20,0x00,0xf2,0x6e, 
	0x93,0xc0,0x20,0x00, 
	0x61,0x7f,0x72,0x52, 
	0x2e,0x94,0x60,0x55, 
	0x10,0x61,0x99,0x72, 
	0x60,0x55,0x20,0xc0, 
	0x20,0x00,0x52,0x6e, 
	0x94,0xc0,0x20,0x00, 
	0x31,0x97,0x72,0xf2, 
	0x2e,0x95,0x30,0xff, 
	0x10,0x2c,0x93,0x30, 
	0xff,0x20,0xc0,0x20, 
	0x00,0xf2,0x6e,0x95, 
	0xc0,0x20,0x00,0x52, 
	0x2e,0x96,0x62,0xaf, 
	0x00,0x60,0x55,0x10, 
	0xc0,0x20,0x00,0x52, 
	0x6e,0x96,0xc0,0x20, 
	0x00,0x32,0x2e,0x97, 
	0x30,0x30,0xf4,0xc0, 
	0x20,0x00,0x32,0x6e, 
	0x97,0x31,0x8a,0x72, 
	0xc0,0x20,0x00,0x51, 
	0x8a,0x72,0xf2,0x2e, 
	0x98,0x50,0xff,0x10, 
	0x30,0xff,0x20,0xc0, 
	0x20,0x00,0xf2,0x6e, 
	0x98,0xc0,0x20,0x00, 
	0x62,0x2e,0x99,0x32, 
	0xa2,0x00,0xc0,0x66, 
	0x10,0x30,0x66,0x20, 
	0xc0,0x20,0x00,0x62, 
	0x6e,0x99,0xc0,0x20, 
	0x00,0xf2,0x2e,0x9a, 
	0xc0,0xff,0x10,0x30, 
	0xff,0x20,0xc0,0x20, 
	0x00,0xf2,0x6e,0x9a, 
	0xc0,0x20,0x00,0x62, 
	0x2e,0x9b,0xf2,0xa3, 
	0x00,0x50,0x66,0x10, 
	0xf0,0x66,0x20,0xc0, 
	0x20,0x00,0x62,0x6e, 
	0x9b,0xc0,0x20,0x00, 
	0x32,0x2e,0x9c,0xc0, 
	0x33,0x10,0xf0,0x33, 
	0x20,0xc0,0x20,0x00, 
	0x32,0x6e,0x9c,0xc0, 
	0x20,0x00,0x62,0x2e, 
	0x9d,0xc0,0x66,0x10, 
	0xf0,0x66,0x20,0xc0, 
	0x20,0x00,0x62,0x6e, 
	0x9d,0xc0,0x20,0x00, 
	0xf1,0xd1,0x71,0x32, 
	0x2e,0x9e,0x61,0x6c, 
	0x72,0xf0,0x33,0x10, 
	0x60,0x33,0x20,0xc0, 
	0x20,0x00,0x32,0x6e, 
	0x9e,0xc0,0x20,0x00, 
	0x62,0x2e,0x9f,0xf0, 
	0x66,0x10,0xf1,0x67, 
	0x72,0xf0,0x66,0x20, 
	0xc0,0x20,0x00,0x62, 
	0x6e,0x9f,0xc0,0x20, 
	0x00,0x32,0x2e,0xa0, 
	0xc0,0x20,0x00,0xf1, 
	0x63,0x72,0xf2,0x6e, 
	0xa0,0xc0,0x20,0x00, 
	0x62,0x2e,0xa4,0xf1, 
	0x61,0x72,0x60,0x60, 
	0xf4,0xf0,0x66,0x20, 
	0xc0,0x20,0x00,0x62, 
	0x6e,0xa4,0xf1,0x5e, 
	0x72,0xc0,0x20,0x00, 
	0x31,0x5e,0x72,0x62, 
	0x2e,0xa5,0x30,0x66, 
	0x10,0xf0,0x66,0x20, 
	0xc0,0x20,0x00,0x62, 
	0x6e,0xa5,0xc0,0x20, 
	0x00,0x32,0x2e,0xa6, 
	0x40,0x33,0x10,0x41, 
	0x58,0x72,0x40,0x33, 
	0x20,0xc0,0x20,0x00, 
	0x32,0x6e,0xa6,0xc0, 
	0x20,0x00,0xf2,0x2e, 
	0xa7,0xc0,0x20,0x00, 
	0x61,0x54,0x72,0x62, 
	0x6e,0xa7,0xc0,0x20, 
	0x00,0x41,0x52,0x72, 
	0x32,0x2e,0xa8,0x40, 
	0x33,0x10,0x41,0x51, 
	0x72,0x40,0x33,0x20, 
	0xc0,0x20,0x00,0x32, 
	0x6e,0xa8,0xc0,0x20, 
	0x00,0x62,0x2e,0xa9, 
	0xf1,0x4e,0x72,0x20, 
	0x66,0x10,0xf0,0x66, 
	0x20,0xc0,0x20,0x00, 
	0x62,0x6e,0xa9,0x41, 
	0x4b,0x72,0xc0,0x20, 
	0x00,0x32,0x2e,0xaa, 
	0x50,0x33,0x10,0x40, 
	0x33,0x20,0xc0,0x20, 
	0x00,0x32,0x6e,0xaa, 
	0xc0,0x20,0x00,0x21, 
	0x46,0x72,0x62,0x2e, 
	0xab,0xf1,0x45,0x72, 
	0x20,0x66,0x10,0xf0, 
	0x66,0x20,0xc0,0x20, 
	0x00,0x62,0x6e,0xab, 
	0xc0,0x20,0x00,0x52, 
	0x2b,0x80,0xa0,0x55, 
	0x20,0xc0,0x20,0x00, 
	0x52,0x6b,0x80,0xc0, 
	0x20,0x00,0x32,0x2b, 
	0x9d,0x7c,0xe4,0x40, 
	0x33,0x10,0xc0,0x20, 
	0x00,0x32,0x6b,0x9d, 
	0xc6,0x4c,0xfe,0x21, 
	0x3a,0x72,0xc0,0x20, 
	0x00,0x32,0x26,0x83, 
	0x40,0x33,0x10,0x20, 
	0x33,0x20,0xc0,0x20, 
	0x00,0x32,0x66,0x83, 
	0xc0,0x20,0x00,0x21, 
	0x10,0x72,0x42,0x26, 
	0x84,0x20,0x44,0x10, 
	0x21,0x0f,0x72,0x20, 
	0x44,0x20,0xc0,0x20, 
	0x00,0x42,0x66,0x84, 
	0xc0,0x20,0x00,0x31, 
	0x2f,0x72,0x22,0x26, 
	0x85,0x30,0x22,0x10, 
	0x32,0xa0,0x84,0x30, 
	0x22,0x20,0xc0,0x20, 
	0x00,0x22,0x66,0x85, 
	0xc0,0x20,0x00,0x42, 
	0x26,0x86,0x70,0x44, 
	0x10,0xf0,0x44,0x20, 
	0xc0,0x20,0x00,0x42, 
	0x66,0x86,0xc0,0x20, 
	0x00,0x32,0x26,0x87, 
	0x22,0xa7,0x00,0x90, 
	0x93,0x10,0x20,0x99, 
	0x20,0xc0,0x20,0x00, 
	0x92,0x66,0x87,0xc0, 
	0x20,0x00,0x71,0xfc, 
	0x71,0x42,0x26,0x90, 
	0x70,0x44,0x10,0xe0, 
	0x44,0x20,0xc0,0x20, 
	0x00,0x42,0x66,0x90, 
	0xc0,0x20,0x00,0x31, 
	0xf9,0x71,0x22,0x26, 
	0x92,0x30,0x22,0x10, 
	0x31,0x19,0x72,0x30, 
	0x22,0x20,0xc0,0x20, 
	0x00,0x22,0x66,0x92, 
	0xc0,0x20,0x00,0x72, 
	0x26,0x94,0x7c,0x09, 
	0x90,0x77,0x10,0x0c, 
	0x69,0x90,0x77,0x20, 
	0xc0,0x20,0x00,0x72, 
	0x66,0x94,0xc0,0x20, 
	0x00,0x41,0xef,0x71, 
	0x32,0x26,0x96,0x40, 
	0x33,0x10,0x41,0xef, 
	0x71,0x40,0x33,0x20, 
	0xc0,0x20,0x00,0x32, 
	0x66,0x96,0xc0,0x20, 
	0x00,0x21,0xea,0x71, 
	0x92,0x26,0x9f,0x20, 
	0x99,0x10,0xc0,0x20, 
	0x00,0x92,0x66,0x9f, 
	0xc0,0x20,0x00,0x72, 
	0x25,0x1c,0xd0,0x77, 
	0x10,0x80,0x77,0x20, 
	0xc0,0x20,0x00,0x72, 
	0x65,0x1c,0xc0,0x20, 
	0x00,0x61,0xd5,0x71, 
	0x42,0x25,0x28,0x60, 
	0x44,0x10,0x61,0xd4, 
	0x71,0x60,0x44,0x20, 
	0xc0,0x20,0x00,0x42, 
	0x65,0x28,0xc0,0x20, 
	0x00,0x21,0xdd,0x71, 
	0x92,0x22,0x80,0x0c, 
	0x23,0x30,0x99,0x20, 
	0xc0,0x20,0x00,0x92, 
	0x62,0x80,0xc0,0x20, 
	0x00,0x41,0xd9,0x71, 
	0x82,0x22,0x81,0x91, 
	0xd9,0x71,0x40,0x88, 
	0x10,0x90,0x88,0x20, 
	0xc0,0x20,0x00,0x82, 
	0x62,0x81,0xc0,0x20, 
	0x00,0x72,0x22,0x84, 
	0x81,0xd5,0x71,0x70, 
	0x70,0x74,0x80,0x77, 
	0x20,0xc0,0x20,0x00, 
	0x72,0x62,0x84,0xc0, 
	0x20,0x00,0x71,0x3e, 
	0x71,0x62,0x22,0x85, 
	0x70,0x66,0x10,0xa0, 
	0x66,0x20,0xc0,0x20, 
	0x00,0x62,0x62,0x85, 
	0xc0,0x20,0x00,0x52, 
	0x22,0x86,0x61,0xcb, 
	0x71,0xc0,0x55,0x10, 
	0x60,0x55,0x20,0xc0, 
	0x20,0x00,0x52,0x62, 
	0x86,0xc0,0x20,0x00, 
	0x31,0xc8,0x71,0x92, 
	0x22,0x87,0x30,0x99, 
	0x10,0x31,0xc6,0x71, 
	0x30,0x99,0x20,0xc0, 
	0x20,0x00,0x92,0x62, 
	0x87,0xc0,0x20,0x00, 
	0x92,0xaf,0x00,0x82, 
	0x22,0x8a,0x32,0xa0, 
	0xf0,0x90,0x88,0x10, 
	0x30,0x88,0x20,0xc0, 
	0x20,0x00,0x82,0x62, 
	0x8a,0xc0,0x20,0x00, 
	0x62,0x22,0x8c,0x51, 
	0x8b,0x71,0x70,0x66, 
	0x10,0x50,0x66,0x20, 
	0xc0,0x20,0x00,0x62, 
	0x62,0x8c,0xc0,0x20, 
	0x00,0x32,0x22,0x8e, 
	0x70,0x33,0x10,0x50, 
	0x33,0x20,0xc0,0x20, 
	0x00,0x32,0x62,0x8e, 
	0xc0,0x20,0x00,0x82, 
	0x22,0x8f,0x51,0xc6, 
	0x71,0x80,0x80,0xf4, 
	0x50,0x88,0x20,0xc0, 
	0x20,0x00,0x82,0x62, 
	0x8f,0xc0,0x20,0x00, 
	0x61,0xc6,0x71,0x32, 
	0x22,0x92,0x60,0x33, 
	0x20,0xc0,0x20,0x00, 
	0x32,0x62,0x92,0xc0, 
	0x20,0x00,0x81,0x29, 
	0x71,0x62,0x22,0x93, 
	0x80,0x66,0x10,0xc0, 
	0x20,0x00,0x62,0x62, 
	0x93,0xc0,0x20,0x00, 
	0x31,0x8b,0x71,0x82, 
	0x22,0x94,0x30,0x88, 
	0x10,0x31,0xa5,0x71, 
	0x30,0x88,0x20,0xc0, 
	0x20,0x00,0x82,0x62, 
	0x94,0xc0,0x20,0x00, 
	0x61,0xa3,0x71,0x32, 
	0x22,0x95,0x60,0x33, 
	0x10,0x2c,0x96,0x60, 
	0x33,0x20,0xc0,0x20, 
	0x00,0x32,0x62,0x95, 
	0xc0,0x20,0x00,0x82, 
	0x22,0x96,0x90,0x88, 
	0x10,0xc0,0x20,0x00, 
	0x82,0x62,0x96,0xc0, 
	0x20,0x00,0x62,0x22, 
	0x97,0x60,0x60,0xf4, 
	0xc0,0x20,0x00,0x62, 
	0x62,0x97,0xc0,0x20, 
	0x00,0x91,0x97,0x71, 
	0x32,0x22,0x98,0x62, 
	0xa0,0xc0,0x90,0x33, 
	0x10,0x60,0x33,0x20, 
	0xc0,0x20,0x00,0x32, 
	0x62,0x98,0xc0,0x20, 
	0x00,0x82,0x22,0x99, 
	0x62,0xa2,0x00,0xc0, 
	0x88,0x10,0x60,0x88, 
	0x20,0xc0,0x20,0x00, 
	0x82,0x62,0x99,0xc0, 
	0x20,0x00,0x32,0x22, 
	0x9a,0xc0,0x33,0x10, 
	0x60,0x33,0x20,0xc0, 
	0x20,0x00,0x32,0x62, 
	0x9a,0xc0,0x20,0x00, 
	0x82,0x22,0x9b,0x32, 
	0xa3,0x00,0x90,0x88, 
	0x10,0x30,0x88,0x20, 
	0xc0,0x20,0x00,0x82, 
	0x62,0x9b,0xc0,0x20, 
	0x00,0x62,0x22,0x9c, 
	0xc0,0x66,0x10,0x30, 
	0x66,0x20,0xc0,0x20, 
	0x00,0x62,0x62,0x9c, 
	0xc0,0x20,0x00,0x82, 
	0x22,0x9d,0xc0,0x88, 
	0x10,0x30,0x88,0x20, 
	0xc0,0x20,0x00,0x82, 
	0x62,0x9d,0xc0,0x20, 
	0x00,0x31,0xdd,0x70, 
	0x62,0x22,0x9e,0x81, 
	0x79,0x71,0x30,0x66, 
	0x10,0x80,0x66,0x20, 
	0xc0,0x20,0x00,0x62, 
	0x62,0x9e,0xc0,0x20, 
	0x00,0x82,0x22,0x9f, 
	0x30,0x88,0x10,0x31, 
	0x74,0x71,0x30,0x88, 
	0x20,0xc0,0x20,0x00, 
	0x82,0x62,0x9f,0xc0, 
	0x20,0x00,0x62,0x22, 
	0xa0,0xc0,0x20,0x00, 
	0x31,0x70,0x71,0x32, 
	0x62,0xa0,0xc0,0x20, 
	0x00,0x82,0x22,0xa4, 
	0x31,0x6e,0x71,0x80, 
	0x80,0xf4,0x30,0x88, 
	0x20,0xc0,0x20,0x00, 
	0x82,0x62,0xa4,0x31, 
	0x79,0x71,0xc0,0x20, 
	0x00,0x61,0x6a,0x71, 
	0x82,0x22,0xa5,0x60, 
	0x88,0x10,0x30,0x88, 
	0x20,0xc0,0x20,0x00, 
	0x82,0x62,0xa5,0xc0, 
	0x20,0x00,0x62,0x22, 
	0xa6,0x70,0x66,0x10, 
	0x71,0x65,0x71,0x70, 
	0x66,0x20,0xc0,0x20, 
	0x00,0x62,0x62,0xa6, 
	0xc0,0x20,0x00,0x32, 
	0x22,0xa7,0xc0,0x20, 
	0x00,0x81,0x60,0x71, 
	0x82,0x62,0xa7,0xc0, 
	0x20,0x00,0x71,0x5f, 
	0x71,0x62,0x22,0xa8, 
	0x70,0x66,0x10,0x71, 
	0x5e,0x71,0x70,0x66, 
	0x20,0xc0,0x20,0x00, 
	0x62,0x62,0xa8,0xc0, 
	0x20,0x00,0x32,0x22, 
	0xa9,0x40,0x33,0x10, 
	0x41,0x5a,0x71,0x40, 
	0x33,0x20,0xc0,0x20, 
	0x00,0x32,0x62,0xa9, 
	0x81,0x60,0x71,0xc0, 
	0x20,0x00,0x72,0x22, 
	0xaa,0x90,0x77,0x10, 
	0x80,0x77,0x20,0xc0, 
	0x20,0x00,0x72,0x62, 
	0xaa,0xc0,0x20,0x00, 
	0x61,0x53,0x71,0x42, 
	0x22,0xab,0x60,0x44, 
	0x10,0x50,0x44,0x20, 
	0xc0,0x20,0x00,0x42, 
	0x62,0xab,0xc0,0x20, 
	0x00,0x31,0x55,0x71, 
	0x92,0x22,0xad,0x30, 
	0x99,0x10,0xc0,0x20, 
	0x00,0x92,0x62,0xad, 
	0xc0,0x20,0x00,0x71, 
	0xba,0x70,0x81,0x51, 
	0x71,0x62,0x27,0x9c, 
	0x80,0x66,0x10,0x81, 
	0xcc,0x70,0x80,0x66, 
	0x20,0xc0,0x20,0x00, 
	0x62,0x67,0x9c,0xc0, 
	0x20,0x00,0x52,0x2b, 
	0x80,0xa0,0x55,0x20, 
	0xc0,0x20,0x00,0x52, 
	0x6b,0x80,0xc0,0x20, 
	0x00,0x32,0x2b,0x9d, 
	0x7c,0xe4,0x40,0x33, 
	0x10,0xc0,0x20,0x00, 
	0x32,0x6b,0x9d,0x06, 
	0x4f,0xfd,0x21,0x44, 
	0x71,0xc0,0x20,0x00, 
	0xa2,0x26,0x83,0xc0, 
	0xaa,0x10,0x20,0xaa, 
	0x20,0xc0,0x20,0x00, 
	0xa2,0x66,0x83,0xc0, 
	0x20,0x00,0x41,0x12, 
	0x71,0x32,0x26,0x84, 
	0x40,0x33,0x10,0x41, 
	0x11,0x71,0x40,0x33, 
	0x20,0xc0,0x20,0x00, 
	0x32,0x66,0x84,0xc0, 
	0x20,0x00,0x21,0x31, 
	0x71,0xa2,0x26,0x85, 
	0x20,0xaa,0x10,0x22, 
	0xa0,0x84,0x20,0xaa, 
	0x20,0xc0,0x20,0x00, 
	0xa2,0x66,0x85,0xc0, 
	0x20,0x00,0x42,0x26, 
	0x86,0x70,0x44,0x10, 
	0xf0,0x44,0x20,0xc0, 
	0x20,0x00,0x42,0x66, 
	0x86,0xc0,0x20,0x00, 
	0x32,0x26,0x87,0x42, 
	0xa7,0x00,0x90,0x33, 
	0x10,0x40,0x33,0x20, 
	0xc0,0x20,0x00,0x32, 
	0x66,0x87,0xc0,0x20, 
	0x00,0x21,0xfe,0x70, 
	0xa2,0x26,0x90,0x20, 
	0xaa,0x10,0xe0,0xaa, 
	0x20,0xc0,0x20,0x00, 
	0xa2,0x66,0x90,0xc0, 
	0x20,0x00,0x91,0xfb, 
	0x70,0x72,0x26,0x92, 
	0x90,0x77,0x10,0x91, 
	0x1b,0x71,0x90,0x77, 
	0x20,0xc0,0x20,0x00, 
	0x72,0x66,0x92,0xc0, 
	0x20,0x00,0x32,0x26, 
	0x94,0x7c,0x04,0x40, 
	0x33,0x10,0x0c,0x64, 
	0x40,0x33,0x20,0xc0, 
	0x20,0x00,0x32,0x66, 
	0x94,0xc0,0x20,0x00, 
	0x21,0xf3,0x70,0xe2, 
	0x26,0x9f,0x20,0xee, 
	0x10,0xc0,0x20,0x00, 
	0xe2,0x66,0x9f,0xc0, 
	0x20,0x00,0xa2,0x25, 
	0x1c,0xd0,0xaa,0x10, 
	0x80,0xaa,0x20,0xc0, 
	0x20,0x00,0xa2,0x65, 
	0x1c,0xc0,0x20,0x00, 
	0x91,0xde,0x70,0x82, 
	0x25,0x28,0x90,0x88, 
	0x10,0x91,0xdc,0x70, 
	0x90,0x88,0x20,0xc0, 
	0x20,0x00,0x82,0x65, 
	0x28,0xc0,0x20,0x00, 
	0x41,0xe6,0x70,0x62, 
	0x24,0x80,0x0c,0x27, 
	0x70,0x66,0x20,0xc0, 
	0x20,0x00,0x62,0x64, 
	0x80,0x62,0xa0,0x6c, 
	0xc0,0x20,0x00,0x31, 
	0xe1,0x70,0x52,0x24, 
	0x81,0x30,0x55,0x10, 
	0x60,0x55,0x20,0xc0, 
	0x20,0x00,0x52,0x64, 
	0x81,0xc0,0x20,0x00, 
	0x22,0x24,0x84,0x20, 
	0x20,0x74,0xc0,0x20, 
	0x00,0x22,0x64,0x84, 
	0x21,0xfc,0x70,0xc0, 
	0x20,0x00,0x51,0x47, 
	0x70,0xe2,0x24,0x85, 
	0x50,0xee,0x10,0x20, 
	0xee,0x20,0xc0,0x20, 
	0x00,0xe2,0x64,0x85, 
	0xe1,0xf7,0x70,0xc0, 
	0x20,0x00,0xd2,0x24, 
	0x86,0xc0,0xdd,0x10, 
	0xe0,0xdd,0x20,0xc0, 
	0x20,0x00,0xd2,0x64, 
	0x86,0x91,0xf2,0x70, 
	0xc0,0x20,0x00,0xa1, 
	0xd0,0x70,0x82,0x24, 
	0x87,0xa0,0x88,0x10, 
	0x90,0x88,0x20,0xc0, 
	0x20,0x00,0x82,0x64, 
	0x87,0xc0,0x20,0x00, 
	0x62,0x24,0x8a,0x72, 
	0xaf,0x00,0x70,0x66, 
	0x10,0x72,0xa0,0xf0, 
	0x70,0x66,0x20,0xc0, 
	0x20,0x00,0x62,0x64, 
	0x8a,0xc0,0x20,0x00, 
	0x22,0x24,0x8c,0x61, 
	0x94,0x70,0x50,0x22, 
	0x10,0x60,0x22,0x20, 
	0xc0,0x20,0x00,0x22, 
	0x64,0x8c,0xc0,0x20, 
	0x00,0xe2,0x24,0x8e, 
	0x21,0xcd,0x70,0x50, 
	0xee,0x10,0x20,0xee, 
	0x20,0xc0,0x20,0x00, 
	0xe2,0x64,0x8e,0xc0, 
	0x20,0x00,0xd2,0x24, 
	0x8f,0x71,0xce,0x70, 
	0xd0,0xd0,0xf4,0x70, 
	0xdd,0x20,0xc0,0x20, 
	0x00,0xd2,0x64,0x8f, 
	0xc0,0x20,0x00,0xa1, 
	0xce,0x70,0x92,0x24, 
	0x92,0xa0,0x99,0x20, 
	0xc0,0x20,0x00,0x92, 
	0x64,0x92,0xc0,0x20, 
	0x00,0x81,0x31,0x70, 
	0x62,0x24,0x93,0x80, 
	0x66,0x10,0xc0,0x20, 
	0x00,0x62,0x64,0x93, 
	0xc0,0x20,0x00,0xe1, 
	0x93,0x70,0xd2,0x24, 
	0x94,0xe0,0xdd,0x10, 
	0xe1,0x2c,0x70,0xe0, 
	0xdd,0x20,0xc0,0x20, 
	0x00,0xd2,0x64,0x94, 
	0x0c,0xf9,0xc0,0x20, 
	0x00,0xa1,0xaa,0x70, 
	0x82,0x24,0x95,0xa0, 
	0x88,0x10,0x90,0x88, 
	0x20,0xc0,0x20,0x00, 
	0x82,0x64,0x95,0x0c, 
	0x4e,0xc0,0x20,0x00, 
	0xd2,0x24,0x96,0x62, 
	0xaf,0x00,0x60,0xdd, 
	0x10,0xe0,0xdd,0x20, 
	0xc0,0x20,0x00,0xd2, 
	0x64,0x96,0xd1,0xbd, 
	0x70,0xc0,0x20,0x00, 
	0xa2,0x24,0x97,0xa0, 
	0xa0,0xf4,0xd0,0xaa, 
	0x20,0xc0,0x20,0x00, 
	0xa2,0x64,0x97,0xc0, 
	0x20,0x00,0xd1,0x9c, 
	0x70,0x92,0x24,0x98, 
	0xe2,0xa0,0xc0,0xd0, 
	0x99,0x10,0xe0,0x99, 
	0x20,0xc0,0x20,0x00, 
	0x92,0x64,0x98,0xc0, 
	0x20,0x00,0x82,0x24, 
	0x99,0x92,0xa1,0x00, 
	0xc0,0x88,0x10,0x90, 
	0x88,0x20,0xc0,0x20, 
	0x00,0x82,0x64,0x99, 
	0xc0,0x20,0x00,0x62, 
	0x24,0x9a,0x81,0x88, 
	0x70,0xc0,0x66,0x10, 
	0x80,0x66,0x20,0xc0, 
	0x20,0x00,0x62,0x64, 
	0x9a,0xc0,0x20,0x00, 
	0xa2,0x24,0x9b,0xd0, 
	0xaa,0x10,0xe0,0xaa, 
	0x20,0xc0,0x20,0x00, 
	0xa2,0x64,0x9b,0xc0, 
	0x20,0x00,0x92,0x24, 
	0x9c,0xa2,0xa1,0x00, 
	0xc0,0x99,0x10,0xa0, 
	0x99,0x20,0xc0,0x20, 
	0x00,0x92,0x64,0x9c, 
	0xc0,0x20,0x00,0x62, 
	0x24,0x9d,0xc0,0x66, 
	0x10,0x80,0x66,0x20, 
	0xc0,0x20,0x00,0x62, 
	0x64,0x9d,0xc0,0x20, 
	0x00,0xa1,0xe1,0x6f, 
	0xe2,0x24,0x9e,0x91, 
	0x98,0x70,0xa0,0xee, 
	0x10,0x90,0xee,0x20, 
	0xc0,0x20,0x00,0xe2, 
	0x64,0x9e,0xc0,0x20, 
	0x00,0x82,0x24,0x9f, 
	0xa0,0x88,0x10,0x90, 
	0x88,0x20,0xc0,0x20, 
	0x00,0x82,0x64,0x9f, 
	0xc0,0x20,0x00,0xe1, 
	0x90,0x70,0x62,0x24, 
	0xa0,0xc0,0x20,0x00, 
	0xe2,0x64,0xa0,0xe1, 
	0x8e,0x70,0xc0,0x20, 
	0x00,0xa2,0x24,0xa4, 
	0xa0,0xa0,0xf4,0xe0, 
	0xaa,0x20,0xc0,0x20, 
	0x00,0xa2,0x64,0xa4, 
	0x81,0x8a,0x70,0xc0, 
	0x20,0x00,0x91,0x6f, 
	0x70,0x62,0x24,0xa5, 
	0x90,0x66,0x10,0x80, 
	0x66,0x20,0xc0,0x20, 
	0x00,0x62,0x64,0xa5, 
	0xc0,0x20,0x00,0xe2, 
	0x24,0xa6,0x50,0xee, 
	0x10,0x20,0xee,0x20, 
	0xc0,0x20,0x00,0xe2, 
	0x64,0xa6,0xc0,0x20, 
	0x00,0x91,0x7f,0x70, 
	0xa2,0x24,0xa7,0xc0, 
	0x20,0x00,0x92,0x64, 
	0xa7,0x61,0x7d,0x70, 
	0xc0,0x20,0x00,0x81, 
	0x64,0x70,0x52,0x24, 
	0xa8,0x80,0x55,0x10, 
	0x60,0x55,0x20,0xc0, 
	0x20,0x00,0x52,0x64, 
	0xa8,0x21,0x78,0x70, 
	0xc0,0x20,0x00,0xe2, 
	0x24,0xa9,0x30,0xee, 
	0x10,0x20,0xee,0x20, 
	0xc0,0x20,0x00,0xe2, 
	0x64,0xa9,0xa1,0x74, 
	0x70,0xc0,0x20,0x00, 
	0x92,0x24,0xaa,0xd0, 
	0x99,0x10,0xa0,0x99, 
	0x20,0xc0,0x20,0x00, 
	0x92,0x64,0xaa,0xc0, 
	0x20,0x00,0x81,0x58, 
	0x70,0x62,0x24,0xab, 
	0x80,0x66,0x10,0x70, 
	0x66,0x20,0xc0,0x20, 
	0x00,0x62,0x64,0xab, 
	0xc0,0x20,0x00,0x51, 
	0x5b,0x70,0x32,0x24, 
	0xad,0x50,0x33,0x10, 
	0xc0,0x20,0x00,0x32, 
	0x64,0xad,0xe2,0xa0, 
	0x7b,0xc0,0x20,0x00, 
	0xa1,0xdb,0x6f,0xd2, 
	0x2a,0x8f,0x22,0xaf, 
	0x00,0x20,0xdd,0x10, 
	0xe0,0xdd,0x20,0xc0, 
	0x20,0x00,0xd2,0x6a, 
	0x8f,0xd1,0x5f,0x70, 
	0xc0,0x20,0x00,0x92, 
	0x2a,0x90,0x90,0x90, 
	0xf4,0xd0,0x99,0x20, 
	0xc0,0x20,0x00,0x92, 
	0x6a,0x90,0x81,0x5b, 
	0x70,0xc0,0x20,0x00, 
	0x51,0xb3,0x6f,0x72, 
	0x25,0x8a,0x80,0x77, 
	0x10,0xc0,0x20,0x00, 
	0x72,0x65,0x8a,0xc0, 
	0x20,0x00,0x61,0x46, 
	0x70,0x42,0x25,0x9c, 
	0x60,0x44,0x10,0x61, 
	0xc1,0x6f,0x60,0x44, 
	0x20,0xc0,0x20,0x00, 
	0x42,0x65,0x9c,0xc0, 
	0x20,0x00,0x31,0x9f, 
	0x6f,0x22,0x2b,0x80, 
	0x30,0x22,0x20,0xc0, 
	0x20,0x00,0x22,0x6b, 
	0x80,0xc0,0x20,0x00, 
	0xd2,0x2b,0x9d,0x7c, 
	0xee,0xe0,0xdd,0x10, 
	0xc0,0x20,0x00,0xd2, 
	0x6b,0x9d,0x46,0x43, 
	0xfc,0x00,0x00,0x00, 
	0x36,0x41,0x00,0x28, 
	0x32,0x58,0x72,0x16, 
	0x85,0x05,0x0c,0x03, 
	0xa8,0x42,0x41,0x88, 
	0x6f,0x25,0xb3,0x05, 
	0xdd,0x04,0xcd,0x03, 
	0xe5,0xe1,0x04,0xd1, 
	0x40,0x70,0x0c,0x0c, 
	0x65,0xb8,0x04,0x6d, 
	0x0a,0x7d,0x0b,0xad, 
	0x05,0xa5,0xb1,0x05, 
	0xdd,0x04,0xcd,0x03, 
	0x65,0xe0,0x04,0xdd, 
	0x0b,0xcd,0x0a,0xbd, 
	0x07,0xad,0x06,0xe5, 
	0xdf,0x04,0x31,0x71, 
	0x6f,0x25,0x0e,0x05, 
	0x9d,0x0a,0xa9,0xa2, 
	0xb1,0x74,0x6f,0xa1, 
	0x72,0x6f,0xb0,0x99, 
	0x10,0xc0,0x20,0x00, 
	0x82,0x23,0x80,0xa0, 
	0x88,0x10,0x90,0x88, 
	0x20,0xc0,0x20,0x00, 
	0x82,0x63,0x80,0x0c, 
	0x02,0x1d,0xf0,0x00, 
	0x36,0x41,0x00,0x0c, 
	0x0d,0x28,0x32,0x0c, 
	0x0c,0x48,0x32,0x38, 
	0x22,0xbd,0x04,0xad, 
	0x03,0x65,0xee,0x04, 
	0xbc,0x5a,0xa8,0x72, 
	0x25,0xac,0x05,0xcd, 
	0x03,0xdd,0x04,0x6d, 
	0x0b,0x5d,0x0a,0xbd, 
	0x04,0xad,0x03,0xe5, 
	0x75,0x04,0xdd,0x0b, 
	0xcd,0x0a,0xbd,0x06, 
	0xad,0x05,0xe5,0xd9, 
	0x04,0xd1,0x20,0x70, 
	0x0c,0x0c,0xa5,0x74, 
	0x04,0xd1,0x5a,0x6f, 
	0x0c,0x0c,0xe5,0xaf, 
	0x04,0x65,0x07,0x05, 
	0xa9,0x92,0x46,0x00, 
	0x00,0xa8,0x92,0xb1, 
	0x57,0x6f,0x91,0x57, 
	0x6f,0x81,0x51,0x6f, 
	0x90,0x9a,0x10,0xc0, 
	0x20,0x00,0x22,0x28, 
	0x81,0xb0,0x22,0x10, 
	0x90,0x22,0x20,0xc0, 
	0x20,0x00,0x22,0x68, 
	0x81,0x0c,0x02,0x1d, 
	0xf0,0x00,0x00,0x00, 
	0x36,0x41,0x00,0x98, 
	0x32,0xa8,0x22,0x92, 
	0x09,0x36,0xa2,0xda, 
	0x01,0xe6,0x49,0x0d, 
	0xa6,0x19,0x0a,0xa2, 
	0x0a,0x55,0x66,0x1a, 
	0x04,0xad,0x02,0xe5, 
	0x5c,0xfc,0x0c,0x02, 
	0x1d,0xf0,0x00,0x00, 
	0x36,0x41,0x00,0x31, 
	0x52,0x6f,0xc0,0x20, 
	0x00,0x82,0x23,0x95, 
	0xc0,0x20,0x00,0x91, 
	0x78,0x6f,0x42,0x23, 
	0x96,0xc0,0x20,0x00, 
	0x82,0x69,0x83,0x51, 
	0x58,0x6f,0xc0,0x20, 
	0x00,0x42,0x65,0x94, 
	0x5c,0x02,0xc0,0x20, 
	0x00,0x22,0x63,0xb4, 
	0x0c,0x02,0x1d,0xf0, 
	0x36,0x41,0x00,0x51, 
	0x4d,0x6f,0x31,0x45, 
	0x6f,0xc0,0x20,0x00, 
	0x82,0x23,0x95,0xc0, 
	0x20,0x00,0x62,0x23, 
	0x96,0xc0,0x20,0x00, 
	0x91,0x6a,0x6f,0x42, 
	0x23,0x97,0xc0,0x20, 
	0x00,0x82,0x69,0x83, 
	0x71,0x4a,0x6f,0xc0, 
	0x20,0x00,0x62,0x67, 
	0x94,0xc0,0x20,0x00, 
	0x42,0x65,0xc2,0xc0, 
	0x20,0x00,0x42,0x65, 
	0xc4,0x5c,0x22,0xc0, 
	0x20,0x00,0x22,0x63, 
	0xb4,0x0c,0x02,0x1d, 
	0xf0,0x00,0x00,0x00, 
	0x36,0x41,0x00,0x0c, 
	0x03,0xc0,0x20,0x00, 
	0x39,0x02,0xc0,0x20, 
	0x00,0x39,0x12,0x1d, 
	0xf0,0x00,0x00,0x00, 
	0x36,0x41,0x00,0xc0, 
	0x20,0x00,0x58,0x12, 
	0xc0,0x20,0x00,0x0c, 
	0x03,0x48,0x02,0x0c, 
	0x12,0x50,0x44,0xc0, 
	0x40,0x23,0x93,0x1d, 
	0xf0,0x00,0x00,0x00, 
	0x36,0x41,0x00,0x1b, 
	0x32,0x42,0xa1,0xff, 
	0x40,0x42,0xc0,0x0c, 
	0x02,0x40,0x23,0x93, 
	0x1d,0xf0,0x00,0x00, 
	0x36,0x41,0x00,0xc0, 
	0x20,0x00,0xa8,0x12, 
	0x25,0xfe,0xff,0xc0, 
	0x20,0x00,0x88,0x02, 
	0xa7,0x98,0x03,0x0c, 
	0x02,0x1d,0xf0,0xc0, 
	0x20,0x00,0xa8,0x12, 
	0xe5,0xfc,0xff,0xc0, 
	0x20,0x00,0xa9,0x12, 
	0xc0,0x20,0x00,0x98, 
	0x12,0x20,0x99,0xa0, 
	0xc0,0x20,0x00,0x39, 
	0x29,0x0c,0x12,0x1d, 
	0xf0,0x00,0x00,0x00, 
	0x36,0x41,0x00,0xad, 
	0x02,0x25,0xf9,0xff, 
	0x8c,0x2a,0x0c,0x02, 
	0x1d,0xf0,0xc0,0x20, 
	0x00,0xa8,0x02,0x25, 
	0xfa,0xff,0xc0,0x20, 
	0x00,0xa9,0x02,0xc0, 
	0x20,0x00,0x88,0x02, 
	0x20,0x28,0xa0,0xc0, 
	0x20,0x00,0x28,0x22, 
	0x1d,0xf0,0x00,0x00, 
	0x36,0x41,0x00,0x42, 
	0xa0,0x80,0x38,0x22, 
	0x0c,0x02,0x82,0xd3, 
	0x03,0x4a,0x33,0x22, 
	0x48,0x78,0x22,0x43, 
	0x9a,0x22,0x43,0x9b, 
	0x22,0x43,0x9c,0x22, 
	0x43,0x9e,0x22,0x43, 
	0x9f,0x22,0x43,0x9d, 
	0x22,0x43,0xa0,0x22, 
	0x43,0xa2,0x22,0x43, 
	0xa3,0x22,0x43,0xa4, 
	0x22,0x43,0xa5,0x1d, 
	0xf0,0x00,0x00,0x00, 
	0x36,0x41,0x00,0x0c, 
	0x02,0x1d,0xf0,0x00, 
	0x36,0x41,0x00,0x1d, 
	0xf0,0x00,0x00,0x00, 
	0x36,0x41,0x00,0x1d, 
	0xf0,0x00,0x00,0x00, 
	0x36,0x41,0x00,0xa8, 
	0x32,0xb1,0xab,0x6f, 
	0xa2,0x0a,0x34,0x2c, 
	0x18,0x87,0x9a,0x05, 
	0x31,0xe9,0x6e,0x06, 
	0x02,0x00,0x31,0xe7, 
	0x6e,0xc2,0xca,0xe0, 
	0xc0,0x3b,0x83,0xa8, 
	0x22,0xa2,0x2a,0x1d, 
	0x65,0x02,0x00,0x37, 
	0x3a,0x1d,0x0c,0x1f, 
	0xe1,0xf8,0x6e,0xc0, 
	0x20,0x00,0xd2,0x2e, 
	0x80,0xf0,0xdd,0x20, 
	0xc0,0x20,0x00,0x0c, 
	0x2b,0xc8,0x22,0xd2, 
	0x6e,0x80,0xc2,0xdc, 
	0x03,0xb2,0x4c,0x78, 
	0x1d,0xf0,0x00,0x00, 
	0x36,0x41,0x00,0xa5, 
	0x63,0xfc,0x27,0x3a, 
	0x04,0x20,0x2a,0xc0, 
	0x1d,0xf0,0x20,0x2a, 
	0xc0,0x1d,0xf0,0x00, 
	0x36,0x41,0x00,0x21, 
	0x97,0x6f,0x81,0x95, 
	0x6f,0xb1,0x93,0x6f, 
	0xb9,0x38,0x29,0x78, 
	0x92,0xc2,0x60,0xa2, 
	0xc2,0x30,0xc2,0xcb, 
	0x78,0xd2,0xcb,0x58, 
	0xd9,0x58,0xc9,0x48, 
	0xa9,0x68,0x99,0x88, 
	0xa2,0xc8,0x64,0x91, 
	0x91,0x6f,0xc2,0xc8, 
	0x34,0xd1,0x8d,0x6f, 
	0xd9,0x98,0xc9,0x08, 
	0x99,0xc8,0x21,0x8c, 
	0x6f,0xa9,0x28,0xb2, 
	0xc8,0x38,0x0c,0x1a, 
	0xb9,0x18,0xe2,0xcd, 
	0x4c,0xf2,0xcd,0x30, 
	0xf9,0xa8,0xe9,0xb8, 
	0x89,0x02,0xa5,0xaf, 
	0x05,0x0c,0x0a,0xb1, 
	0x87,0x6f,0x65,0x49, 
	0x05,0x0c,0x1a,0x25, 
	0x4a,0x05,0x0c,0x1e, 
	0xf1,0xc7,0x6e,0xc0, 
	0x20,0x00,0xe2,0x6f, 
	0x91,0xa1,0x82,0x6f, 
	0xa5,0xe3,0xff,0xa8, 
	0x02,0xe5,0x4b,0xfc, 
	0x1d,0xf0,0x00,0x00, 
	0x36,0x41,0x00,0xd2, 
	0xa0,0xfe,0x91,0xbf, 
	0x6e,0xc0,0x20,0x00, 
	0xc2,0x29,0x90,0xd0, 
	0xcc,0x10,0xc0,0x20, 
	0x00,0xc2,0x69,0x90, 
	0xc0,0x20,0x00,0xb2, 
	0x29,0x94,0x0c,0x08, 
	0xb0,0xb0,0x74,0xc0, 
	0x20,0x00,0xa1,0x75, 
	0x6f,0x82,0x69,0xb4, 
	0x65,0xe4,0xff,0x1d, 
	0xf0,0x00,0x00,0x00, 
	0x36,0x61,0x00,0x31, 
	0x6e,0x6f,0x6c,0xf2, 
	0xa8,0x03,0x61,0x9f, 
	0x6e,0xe8,0x2a,0x42, 
	0xa0,0x80,0x4a,0xde, 
	0x82,0x0d,0x94,0x52, 
	0xa2,0x80,0x66,0x18, 
	0x04,0xa5,0x56,0xfc, 
	0x1d,0xf0,0x82,0x0d, 
	0xb3,0x71,0xae,0x6e, 
	0x66,0x18,0x3e,0xb8, 
	0x3a,0xb2,0x0b,0x34, 
	0xc2,0xcb,0xe0,0x16, 
	0xcc,0x2e,0xc2,0xcb, 
	0xdf,0x16,0x6c,0x2e, 
	0xa2,0x2e,0x16,0x25, 
	0xf0,0xff,0xa7,0xb7, 
	0x67,0xc0,0x20,0x00, 
	0x91,0xa5,0x6e,0x82, 
	0x26,0x80,0x90,0x88, 
	0x20,0xc0,0x20,0x00, 
	0xe8,0x03,0x0c,0x0d, 
	0xe8,0x2e,0x82,0x66, 
	0x80,0x4a,0xfe,0xd2, 
	0x4f,0xb3,0x5a,0xee, 
	0xd2,0x4e,0xf8,0x86, 
	0x10,0x00,0x82,0x0d, 
	0xb9,0x5a,0xbe,0x66, 
	0x18,0x3a,0x92,0x0b, 
	0xe2,0x56,0xc9,0x27, 
	0x25,0x8e,0x02,0x86, 
	0x0b,0x00,0xf1,0x30, 
	0x6f,0xe1,0xbb,0x6e, 
	0xc0,0x20,0x00,0xc2, 
	0x2e,0x80,0xf0,0xcc, 
	0x20,0xc0,0x20,0x00, 
	0xc2,0x6e,0x80,0xc0, 
	0x20,0x00,0xc1,0x9a, 
	0x6e,0xa2,0x2c,0x88, 
	0x20,0xaa,0x10,0xc0, 
	0x20,0x00,0xa2,0x6c, 
	0x88,0x0c,0x09,0x92, 
	0x4d,0xb9,0x92,0x4b, 
	0xf8,0x28,0x03,0xe8, 
	0x22,0x4a,0x9e,0x82, 
	0x09,0xb4,0x66,0x18, 
	0x31,0xa2,0x2e,0x17, 
	0x25,0xe8,0xff,0x28, 
	0x03,0xa7,0xb7,0x22, 
	0xd1,0xda,0x6e,0xc0, 
	0x20,0x00,0xc2,0x26, 
	0x80,0xd0,0xcc,0x20, 
	0xc0,0x20,0x00,0x0c, 
	0x0a,0xe8,0x22,0xc2, 
	0x66,0x80,0x5a,0xbe, 
	0x4a,0x9e,0xa2,0x49, 
	0xb4,0xa2,0x4b,0xf8, 
	0xc6,0x00,0x00,0xe8, 
	0x22,0x4a,0x9e,0xf2, 
	0x09,0xb5,0x66,0x1f, 
	0x2e,0xa2,0x2e,0x18, 
	0xa5,0xe4,0xff,0x28, 
	0x03,0xa7,0xb7,0x1f, 
	0x98,0x32,0x92,0x09, 
	0x47,0x92,0xc9,0xd0, 
	0x56,0x19,0x2e,0xb1, 
	0x31,0x6f,0xc0,0x20, 
	0x00,0xa2,0x26,0x80, 
	0xb0,0xaa,0x20,0xc0, 
	0x20,0x00,0xa2,0x66, 
	0x80,0x86,0xb7,0x00, 
	0xe8,0x22,0x4a,0x9e, 
	0xc2,0x09,0xb6,0x66, 
	0x1c,0x31,0xa2,0x2e, 
	0x19,0x65,0xe1,0xff, 
	0x28,0x03,0xa7,0xb7, 
	0x22,0x91,0xda,0x6e, 
	0xc0,0x20,0x00,0x82, 
	0x26,0x80,0x90,0x88, 
	0x20,0xc0,0x20,0x00, 
	0x0c,0x0d,0xe8,0x22, 
	0x82,0x66,0x80,0x5a, 
	0xfe,0x4a,0x9e,0xd2, 
	0x49,0xb6,0xd2,0x4f, 
	0xf8,0xc6,0x00,0x00, 
	0xe8,0x22,0x4a,0x9e, 
	0xa2,0x09,0xb7,0x66, 
	0x1a,0x4a,0xa2,0x2e, 
	0x1a,0xe5,0xdd,0xff, 
	0x28,0x03,0xa7,0xb7, 
	0x3b,0xa1,0xa7,0x6e, 
	0xc0,0x20,0x00,0xc1, 
	0x5b,0x6e,0xa8,0x0a, 
	0xb1,0xa5,0x6e,0xc0, 
	0xaa,0x20,0xc0,0x20, 
	0x00,0xa9,0x0b,0x91, 
	0xe9,0x6e,0xc0,0x20, 
	0x00,0x81,0xa5,0x6e, 
	0xf2,0x28,0x29,0x90, 
	0xff,0x20,0xc0,0x20, 
	0x00,0x0c,0x0c,0xe8, 
	0x22,0xf2,0x68,0x29, 
	0x5a,0xde,0x4a,0x9e, 
	0xc2,0x49,0xb7,0xc2, 
	0x4d,0xf8,0xc6,0x00, 
	0x00,0xe8,0x22,0x4a, 
	0x9e,0xb2,0x09,0xb8, 
	0x66,0x1b,0x3f,0xa2, 
	0x2e,0x1b,0xe5,0xd8, 
	0xff,0x28,0x03,0xa7, 
	0xb7,0x30,0x81,0x05, 
	0x6f,0xc0,0x20,0x00, 
	0xf2,0x26,0x80,0x80, 
	0xff,0x20,0xc0,0x20, 
	0x00,0xf2,0x66,0x80, 
	0xc0,0x20,0x00,0xf1, 
	0x93,0x6e,0xe1,0x42, 
	0x6e,0xd8,0x8f,0xe0, 
	0xdd,0x20,0xc0,0x20, 
	0x00,0x0c,0x0c,0xe8, 
	0x22,0xd9,0x8f,0x4a, 
	0x9e,0xc2,0x49,0xb8, 
	0xc6,0x00,0x00,0xe8, 
	0x22,0x4a,0x9e,0xa2, 
	0x09,0xba,0x61,0xf8, 
	0x6e,0x66,0x1a,0x4e, 
	0xa2,0x2e,0x1d,0x65, 
	0xd4,0xff,0x28,0x03, 
	0xe8,0x22,0xa7,0xb6, 
	0x3f,0xf2,0xa3,0x80, 
	0x4a,0x7e,0x9d,0x07, 
	0xfa,0xfe,0xb2,0x0f, 
	0x00,0x79,0x01,0xfc, 
	0x0b,0xd1,0xf0,0x6e, 
	0x0c,0x1b,0xb2,0x4f, 
	0x00,0xa8,0x32,0x0c, 
	0x0c,0xb8,0x3a,0xa8, 
	0x2a,0x65,0xaa,0x04, 
	0x98,0x01,0xd6,0xea, 
	0x1d,0xe1,0x30,0x6e, 
	0xc0,0x20,0x00,0xd1, 
	0x33,0x6e,0xc2,0x2d, 
	0x84,0xe0,0xcc,0x10, 
	0xc0,0x20,0x00,0xc2, 
	0x6d,0x84,0xc6,0x76, 
	0x00,0x4a,0x9e,0xf2, 
	0x09,0xb3,0x82,0x09, 
	0xb4,0x56,0x2f,0x0a, 
	0x56,0xf8,0x09,0xa2, 
	0x09,0xb5,0x56,0x9a, 
	0x09,0xb2,0x09,0xb6, 
	0x56,0x3b,0x09,0xc2, 
	0x09,0xb7,0x56,0xdc, 
	0x08,0xd2,0x09,0xb8, 
	0x56,0x7d,0x08,0xe2, 
	0x09,0xb9,0x56,0x1e, 
	0x08,0xf2,0x09,0xba, 
	0x56,0xbf,0x07,0xad, 
	0x02,0x25,0x33,0x00, 
	0x28,0x03,0x88,0x32, 
	0x82,0x08,0x34,0x92, 
	0xa0,0xfa,0x97,0x18, 
	0x69,0xa8,0x22,0xa8, 
	0x3a,0x25,0xcb,0xff, 
	0x28,0x03,0xa7,0x36, 
	0x02,0x06,0x6c,0x00, 
	0xb8,0x32,0xb2,0x0b, 
	0x34,0xc2,0xcb,0xf0, 
	0x16,0xcc,0x2c,0x2c, 
	0x1c,0xb7,0xac,0x02, 
	0x46,0x99,0x00,0xe6, 
	0xcb,0x02,0xc6,0x97, 
	0x00,0xad,0x02,0xe5, 
	0xaa,0xff,0xa8,0x03, 
	0x25,0x53,0x02,0xa8, 
	0x03,0x25,0xfd,0x00, 
	0x28,0x03,0xd8,0x32, 
	0xd2,0x0d,0x34,0x66, 
	0xcd,0x06,0xad,0x02, 
	0x25,0x0a,0x01,0x28, 
	0x03,0xe8,0x22,0x4a, 
	0xee,0xf2,0x0e,0xc2, 
	0xcc,0x9f,0xad,0x02, 
	0x65,0xd6,0x01,0x28, 
	0x03,0xe8,0x22,0x4a, 
	0xee,0xf2,0x0e,0xae, 
	0x56,0xaf,0x23,0xad, 
	0x02,0x65,0x0f,0x01, 
	0x86,0x8c,0x00,0x1d, 
	0xf0,0x66,0x19,0x05, 
	0xe5,0x68,0x02,0x86, 
	0x6b,0xff,0x82,0xc9, 
	0xfe,0x56,0x98,0xd7, 
	0xa2,0x2e,0x1c,0xa5, 
	0xc3,0xff,0xa7,0x37, 
	0x02,0x06,0x67,0xff, 
	0x0c,0x32,0xa8,0x03, 
	0xa5,0x78,0x02,0x98, 
	0x03,0x98,0x29,0x5a, 
	0x99,0x22,0x49,0xe2, 
	0x46,0x62,0xff,0x5a, 
	0xbe,0x92,0x0b,0xe2, 
	0xcc,0x49,0x25,0x63, 
	0x02,0x06,0x5f,0xff, 
	0x66,0x19,0x05,0x65, 
	0x65,0x02,0xc6,0x5c, 
	0xff,0x66,0x29,0x3f, 
	0x21,0xec,0x6d,0xc0, 
	0x20,0x00,0xa2,0x22, 
	0xc1,0xa0,0xa0,0x04, 
	0x16,0x1a,0xd6,0xa2, 
	0x2e,0x16,0x25,0xbf, 
	0xff,0xa7,0x37,0x02, 
	0x46,0x55,0xff,0xc2, 
	0xae,0xff,0xc0,0x20, 
	0x00,0xb2,0x22,0xc0, 
	0xc0,0xbb,0x10,0xc0, 
	0x20,0x00,0xb2,0x62, 
	0xc0,0xa8,0x03,0x65, 
	0x73,0x02,0xe8,0x03, 
	0xe8,0x2e,0x0c,0x3d, 
	0x5a,0xee,0xd2,0x4e, 
	0xe2,0x06,0x4c,0xff, 
	0xc0,0x20,0x00,0xc1, 
	0xd7,0x6d,0x92,0x26, 
	0x80,0xc0,0x99,0x20, 
	0xc0,0x20,0x00,0x92, 
	0x66,0x80,0xc0,0x20, 
	0x00,0x91,0xdb,0x6d, 
	0x82,0x29,0x88,0x20, 
	0x88,0x10,0xc0,0x20, 
	0x00,0x82,0x69,0x88, 
	0xf2,0x0b,0xe4,0x66, 
	0x1f,0x3a,0xe5,0xaf, 
	0xff,0xf1,0x8c,0x6e, 
	0xc0,0x20,0x00,0xe2, 
	0x26,0x83,0xf0,0xee, 
	0x20,0xc0,0x20,0x00, 
	0x28,0x03,0xd8,0x32, 
	0xe2,0x66,0x83,0xd2, 
	0x0d,0x34,0x2c,0x1e, 
	0xe7,0x9d,0x15,0x0c, 
	0x69,0x7c,0x0a,0xc0, 
	0x20,0x00,0x82,0x26, 
	0x94,0xa0,0x88,0x10, 
	0x90,0x88,0x20,0xc0, 
	0x20,0x00,0x82,0x66, 
	0x94,0xd8,0x22,0x4a, 
	0xdd,0x0c,0x0e,0xe2, 
	0x4d,0xb3,0xc6,0x30, 
	0xff,0x81,0x16,0x6e, 
	0xc0,0x20,0x00,0xf2, 
	0x26,0x80,0x80,0xff, 
	0x20,0xc0,0x20,0x00, 
	0xf2,0x66,0x80,0xe8, 
	0x22,0x0c,0x0a,0x5a, 
	0xbe,0x4a,0x9e,0xa2, 
	0x49,0xb5,0xa2,0x4b, 
	0xf8,0xc6,0x44,0xff, 
	0xe1,0xba,0x6d,0xc0, 
	0x20,0x00,0xd1,0xbb, 
	0x6d,0xc2,0x2d,0x84, 
	0xe0,0xcc,0x20,0xc0, 
	0x20,0x00,0xc2,0x6d, 
	0x84,0xf2,0x07,0xc3, 
	0x66,0x1f,0x04,0x0c, 
	0x28,0x82,0x47,0xc3, 
	0xc0,0x20,0x00,0xc1, 
	0xb4,0x6d,0xd1,0xaa, 
	0x6d,0xb2,0x2c,0x80, 
	0xd0,0xbb,0x20,0xc0, 
	0x20,0x00,0xb2,0x6c, 
	0x80,0x0c,0x0a,0xa2, 
	0x47,0xba,0x46,0x7f, 
	0xff,0xe8,0x22,0xa8, 
	0x4e,0x25,0xaf,0xff, 
	0xe1,0x64,0x6e,0x28, 
	0x03,0xa7,0x3e,0x02, 
	0x86,0x21,0x00,0xa8, 
	0x32,0xc2,0x0a,0x47, 
	0x3c,0x08,0x87,0x1c, 
	0x27,0x98,0x22,0x4a, 
	0xb9,0xb2,0x0b,0xab, 
	0xdc,0xdb,0x5a,0xd9, 
	0xd2,0x0d,0xe8,0xdc, 
	0x6d,0xb2,0x0a,0x34, 
	0xe2,0xcb,0xa0,0x16, 
	0xfe,0x11,0xf2,0xcb, 
	0x9f,0x16,0x9f,0x11, 
	0xad,0x02,0xa5,0xd1, 
	0xfd,0x28,0x03,0xa8, 
	0x32,0xb2,0x0a,0x34, 
	0x82,0xcb,0xe0,0x16, 
	0x18,0x0d,0x92,0xcb, 
	0xdf,0x16,0xb9,0x0c, 
	0xc2,0xcb,0xf0,0x16, 
	0x5c,0x0c,0xd2,0x0a, 
	0x47,0x3c,0x0e,0xe7, 
	0x1d,0x04,0xad,0x02, 
	0xe5,0xa9,0x03,0xa8, 
	0x03,0xa8,0x2a,0x5a, 
	0xaa,0xf2,0x0a,0xee, 
	0x16,0x2f,0x0a,0xb1, 
	0x85,0x6d,0xc0,0x20, 
	0x00,0xc2,0x2b,0xa2, 
	0xc0,0xc8,0x75,0xc2, 
	0x4a,0xed,0xc0,0x20, 
	0x00,0xb2,0x2b,0xa2, 
	0xb0,0xb0,0xf5,0xb2, 
	0x4a,0xec,0x65,0x0a, 
	0xfc,0xe8,0x03,0xe8, 
	0x2e,0xa9,0x4e,0x46, 
	0x00,0x00,0xe8,0x22, 
	0xa8,0x6e,0xa5,0xa5, 
	0xff,0xf1,0x3e,0x6e, 
	0xa7,0x3f,0x02,0x06, 
	0x80,0xff,0x28,0x03, 
	0xb8,0x32,0xb2,0x0b, 
	0x34,0x26,0xcb,0x04, 
	0x2c,0x1c,0xc7,0x9b, 
	0x04,0xad,0x02,0xe5, 
	0x99,0x02,0x65,0x07, 
	0xfc,0xd8,0x03,0xd8, 
	0x2d,0xa9,0x6d,0x1d, 
	0xf0,0xad,0x02,0x25, 
	0xdf,0x03,0x28,0x03, 
	0xe8,0x22,0x4a,0xee, 
	0xe2,0x0e,0xc2,0xcc, 
	0x3e,0xad,0x02,0xa5, 
	0xce,0x03,0x28,0x03, 
	0xe8,0x22,0x4a,0xfe, 
	0xf2,0x0f,0xaf,0xdc, 
	0xff,0x88,0x32,0x82, 
	0x08,0x47,0x3c,0x09, 
	0x97,0x18,0x16,0x5a, 
	0x9e,0x92,0x09,0xf8, 
	0xcc,0x69,0xad,0x02, 
	0xa5,0x61,0xfc,0xc6, 
	0x01,0x00,0x66,0x19, 
	0x04,0xad,0x02,0x65, 
	0x9a,0xff,0xa5,0x02, 
	0xfc,0xe8,0x03,0xe8, 
	0x2e,0xa9,0x3e,0x06, 
	0xbb,0xff,0x1c,0xeb, 
	0x3c,0x2f,0xf2,0x4a, 
	0xed,0x86,0xda,0xff, 
	0xad,0x02,0xa5,0x5e, 
	0x01,0x86,0xcf,0xff, 
	0xad,0x02,0xa5,0x27, 
	0x02,0xa8,0x03,0xa5, 
	0xd1,0x00,0x28,0x03, 
	0xe8,0x22,0x4a,0xee, 
	0x82,0x0e,0xc2,0xcc, 
	0x98,0xad,0x02,0xe5, 
	0xab,0x01,0x28,0x03, 
	0xe8,0x22,0x4a,0xee, 
	0xf2,0x0e,0xae,0x56, 
	0xff,0xf8,0xad,0x02, 
	0xa5,0xe4,0x00,0xc6, 
	0xe1,0xff,0x82,0xcc, 
	0xe0,0x16,0x48,0xee, 
	0xad,0x02,0xa5,0xbf, 
	0xfd,0x06,0xb7,0xff, 
	0x36,0x41,0x00,0x31, 
	0x06,0x6e,0xad,0x03, 
	0xa5,0x85,0xff,0x1c, 
	0x14,0xdc,0xba,0xad, 
	0x03,0xa5,0x8b,0xff, 
	0x2c,0xac,0xa0,0xb0, 
	0x74,0xc7,0xab,0x02, 
	0x06,0x44,0x00,0xb7, 
	0xac,0x02,0x06,0x51, 
	0x00,0xad,0x02,0x65, 
	0x1c,0xfe,0x1d,0xf0, 
	0xb8,0x32,0x98,0x22, 
	0x32,0xa0,0x80,0x3a, 
	0x99,0x82,0x09,0x97, 
	0xa2,0x0b,0x34,0x66, 
	0x18,0x17,0xc2,0xca, 
	0xf8,0x16,0xac,0x16, 
	0xd2,0xca,0xf0,0x16, 
	0xcd,0x16,0xe2,0xca, 
	0xc0,0x16,0x0e,0x0c, 
	0xf2,0xca,0xb8,0x16, 
	0xaf,0x0b,0x2c,0x18, 
	0x87,0x9a,0x30,0xa8, 
	0x22,0x3a,0x9a,0x92, 
	0x09,0xd8,0x8c,0x79, 
	0xad,0x02,0x65,0x9f, 
	0x00,0xb8,0x32,0xa8, 
	0x22,0xc2,0x0b,0x31, 
	0x9c,0xac,0x3a,0x9a, 
	0xd2,0x09,0xda,0xe2, 
	0x09,0xdb,0x66,0x1d, 
	0x0e,0x66,0x1e,0x0b, 
	0xf2,0x09,0xe0,0xcc, 
	0x5f,0xad,0x02,0xe5, 
	0xbc,0x00,0x1d,0xf0, 
	0x1d,0xf0,0xc2,0xa2, 
	0x80,0x0c,0x0d,0x0c, 
	0x1e,0xb1,0x4c,0x6d, 
	0xc0,0x20,0x00,0x82, 
	0x2b,0x90,0x80,0x88, 
	0x74,0x0b,0x88,0x56, 
	0x88,0x09,0xc0,0x20, 
	0x00,0x92,0x2b,0x92, 
	0xb7,0xf9,0x02,0x06, 
	0x23,0x00,0xca,0xca, 
	0xc0,0x20,0x00,0xf2, 
	0x2b,0x92,0xf0,0xf9, 
	0x65,0x47,0x8f,0x4b, 
	0x92,0x0c,0xe1,0xf6, 
	0x59,0x02,0xc6,0x5e, 
	0x00,0xc0,0x20,0x00, 
	0x92,0x2b,0xc0,0x90, 
	0x98,0x75,0xc0,0x20, 
	0x00,0x82,0x2b,0x80, 
	0x80,0x88,0x75,0x97, 
	0x18,0x2d,0x91,0x03, 
	0x6d,0xc0,0x20,0x00, 
	0xf2,0x2b,0xc0,0x81, 
	0x02,0x6d,0x90,0xff, 
	0x10,0xc0,0x20,0x00, 
	0x92,0x2b,0x80,0x80, 
	0x99,0x10,0xf0,0x99, 
	0x20,0xc0,0x20,0x00, 
	0x3a,0xfa,0x0c,0x28, 
	0x92,0x6b,0x80,0xd2, 
	0x4c,0xe2,0x82,0x4c, 
	0xe3,0xe2,0x4f,0xb9, 
	0xd2,0x4c,0xe1,0x1d, 
	0xf0,0x92,0x09,0x96, 
	0x0b,0xc9,0x16,0xac, 
	0x0a,0xd2,0xc9,0xfe, 
	0x16,0x4d,0x0a,0x26, 
	0x39,0x05,0xe2,0xc9, 
	0xfc,0x56,0xde,0xf2, 
	0xad,0x02,0x25,0x1d, 
	0x03,0x06,0x26,0x00, 
	0x1c,0xba,0xa7,0x2b, 
	0x13,0xb7,0x2a,0x52, 
	0xad,0x02,0xe5,0x47, 
	0x00,0x1d,0xf0,0xca, 
	0xca,0x3a,0xfa,0xe2, 
	0x4f,0xe0,0x86,0xf0, 
	0xff,0x1c,0x7a,0xa7, 
	0x2b,0x0c,0xb7,0xaa, 
	0x02,0x06,0x2a,0x00, 
	0xad,0x02,0xe5,0x17, 
	0x00,0x1d,0xf0,0xa6, 
	0x4b,0x1d,0xe6,0x5b, 
	0x6f,0xad,0x02,0x0c, 
	0x4b,0x25,0x00,0xfc, 
	0x1d,0xf0,0x3c,0xea, 
	0xa7,0x2b,0x2d,0xb7, 
	0xaa,0x02,0x06,0x30, 
	0x00,0xad,0x02,0x65, 
	0x0c,0xfe,0x1d,0xf0, 
	0x82,0xcb,0xfd,0x56, 
	0x98,0xf0,0xad,0x02, 
	0x0c,0x3b,0x25,0xfe, 
	0xfb,0x1d,0xf0,0x2c, 
	0x3a,0xa7,0x2b,0x5a, 
	0xb7,0xaa,0x02,0x86, 
	0x34,0x00,0xad,0x02, 
	0x65,0xa9,0x02,0x1d, 
	0xf0,0x3c,0x9a,0xa7, 
	0x2b,0x3b,0xb7,0xaa, 
	0x02,0x86,0x2b,0x00, 
	0xad,0x02,0xa5,0x3a, 
	0xfc,0x1d,0xf0,0xad, 
	0x02,0x25,0x89,0x02, 
	0x06,0x01,0x00,0xad, 
	0x02,0x25,0x5d,0x00, 
	0xb8,0x32,0xa2,0x0b, 
	0x34,0x46,0xa4,0xff, 
	0xad,0x02,0x65,0xb3, 
	0x02,0xb8,0x32,0xa2, 
	0x0b,0x34,0x06,0xa1, 
	0xff,0x40,0x9b,0xc0, 
	0x56,0x49,0xeb,0xad, 
	0x02,0x25,0x3c,0xfc, 
	0x1d,0xf0,0x3c,0x2a, 
	0xa7,0x2b,0x2b,0xb7, 
	0x2a,0x63,0x25,0xd9, 
	0xfb,0x1d,0xf0,0x1c, 
	0xfa,0xa7,0x2b,0x2b, 
	0xa6,0xcb,0x02,0x46, 
	0xa5,0xff,0xad,0x02, 
	0x25,0x9b,0x00,0x1d, 
	0xf0,0x1c,0xaa,0xa7, 
	0x2b,0x26,0xb7,0xaa, 
	0x02,0xc6,0xa0,0xff, 
	0xad,0x02,0x25,0x43, 
	0x03,0x1d,0xf0,0xc2, 
	0xcb,0xd5,0x56,0x6c, 
	0xe7,0xad,0x02,0xa5, 
	0x92,0xfd,0x1d,0xf0, 
	0xd2,0xcb,0xe4,0x56, 
	0x9d,0xe6,0xad,0x02, 
	0x25,0x61,0x03,0x1d, 
	0xf0,0xe2,0xcb,0xe8, 
	0x56,0xce,0xe5,0xad, 
	0x02,0xa5,0x20,0x00, 
	0x1d,0xf0,0x4c,0x4a, 
	0xa7,0x2b,0x3f,0xb7, 
	0x2a,0x75,0xad,0x02, 
	0x65,0x77,0x00,0x1d, 
	0xf0,0x1b,0xd9,0x46, 
	0xb0,0xff,0xf2,0xcb, 
	0xcd,0x56,0xbf,0xe3, 
	0xad,0x02,0xa5,0x4d, 
	0x03,0x1d,0xf0,0x3c, 
	0xda,0xa7,0x2b,0x30, 
	0xb7,0xaa,0x02,0x46, 
	0x8a,0xff,0xad,0x02, 
	0x25,0x3a,0xfd,0x1d, 
	0xf0,0x2c,0x9a,0xa7, 
	0x2b,0x2b,0xb7,0xaa, 
	0x02,0xc6,0x85,0xff, 
	0xad,0x02,0xa5,0x5b, 
	0xfd,0x1d,0xf0,0x4c, 
	0x1a,0xa7,0x2b,0x26, 
	0xb7,0xaa,0x02,0x46, 
	0x81,0xff,0xad,0x02, 
	0x65,0x43,0x00,0x1d, 
	0xf0,0x82,0xcb,0xc6, 
	0x56,0x88,0xdf,0xad, 
	0x02,0x25,0x89,0xfd, 
	0x1d,0xf0,0x92,0xcb, 
	0xd8,0x56,0xb9,0xde, 
	0xad,0x02,0x65,0xd2, 
	0xfd,0x1d,0xf0,0xa2, 
	0xcb,0xc0,0x56,0xea, 
	0xdd,0xad,0x02,0x25, 
	0xa1,0x00,0x1d,0xf0, 
	0x5c,0x2a,0xa7,0x2b, 
	0x0c,0xb7,0xaa,0x02, 
	0x06,0x73,0xff,0xad, 
	0x02,0x65,0x54,0xff, 
	0x1d,0xf0,0xc2,0xcb, 
	0xb0,0x56,0xfc,0xdb, 
	0xad,0x02,0xa5,0x50, 
	0xff,0x1d,0xf0,0x00, 
	0x36,0x41,0x00,0x0c, 
	0x09,0x31,0x92,0x6c, 
	0xc0,0x20,0x00,0x92, 
	0x63,0xa4,0xc0,0x20, 
	0x00,0x92,0x63,0xa5, 
	0xc0,0x20,0x00,0x92, 
	0x63,0xa6,0xc0,0x20, 
	0x00,0x92,0x63,0xa7, 
	0xc0,0x20,0x00,0x92, 
	0x63,0xa8,0xc0,0x20, 
	0x00,0x92,0x63,0xa9, 
	0xc0,0x20,0x00,0x48, 
	0x72,0x92,0x63,0xaa, 
	0xb8,0x24,0xa8,0x14, 
	0xb0,0xc8,0x74,0x00, 
	0xcc,0x11,0x80,0xbb, 
	0x01,0xc0,0xbb,0x20, 
	0xa0,0xc0,0x74,0x80, 
	0xcc,0x11,0xa0,0xa8, 
	0x74,0xc0,0xaa,0x20, 
	0xb0,0xaa,0x20,0xc0, 
	0x20,0x00,0xa2,0x63, 
	0xa4,0x78,0x04,0x58, 
	0x64,0x70,0x60,0x75, 
	0x70,0x88,0x74,0x50, 
	0x50,0x31,0x80,0x55, 
	0x01,0x80,0x88,0x11, 
	0x70,0x70,0x74,0x80, 
	0x66,0x20,0x00,0x77, 
	0x11,0x70,0x55,0x20, 
	0x60,0x55,0x20,0xc0, 
	0x20,0x00,0x28,0x32, 
	0x52,0x63,0xa5,0xe8, 
	0x64,0x22,0x02,0x34, 
	0xe0,0xf0,0x74,0x80, 
	0xff,0x11,0xe0,0xe8, 
	0x74,0xf0,0xee,0x20, 
	0xf2,0x04,0x20,0x00, 
	0x22,0x11,0x80,0xff, 
	0x01,0x20,0xff,0x20, 
	0xf0,0xee,0x20,0xc0, 
	0x20,0x00,0xe2,0x63, 
	0xa6,0xb2,0x04,0x26, 
	0xc8,0x44,0xe2,0x04, 
	0x25,0xc0,0xd8,0x74, 
	0x00,0xdd,0x11,0x80, 
	0xcc,0x01,0xd0,0xcc, 
	0x20,0xd2,0x04,0x21, 
	0xc0,0xee,0x11,0x90, 
	0xdd,0x11,0xe0,0xdd, 
	0x20,0xd0,0xbb,0x20, 
	0xd2,0x04,0x2c,0xb0, 
	0xb0,0x74,0x80,0xdd, 
	0x11,0xd0,0xbb,0x20, 
	0xc0,0xbb,0x20,0xc0, 
	0x20,0x00,0xb2,0x63, 
	0xa7,0x72,0x04,0x24, 
	0xb2,0x04,0x28,0xc2, 
	0x04,0x29,0x88,0x74, 
	0xd0,0xcc,0x11,0x80, 
	0xa0,0x75,0x90,0xbb, 
	0x11,0x80,0x88,0x21, 
	0x00,0xaa,0x11,0x80, 
	0x88,0x01,0xa0,0x88, 
	0x20,0xa2,0x04,0x2a, 
	0xc0,0xbb,0x20,0xb0, 
	0xaa,0x20,0xb2,0x04, 
	0x27,0xa0,0xa0,0x74, 
	0x80,0xaa,0x11,0xb0, 
	0xbb,0x11,0xb0,0x77, 
	0x20,0x70,0x70,0x74, 
	0xa0,0x77,0x20,0x80, 
	0x77,0x20,0xc0,0x20, 
	0x00,0x72,0x63,0xa8, 
	0x72,0x04,0x22,0x58, 
	0x34,0xf0,0x77,0x11, 
	0x50,0x68,0x54,0x00, 
	0x66,0x11,0x80,0x55, 
	0x01,0x60,0x55,0x20, 
	0x62,0x04,0x23,0x48, 
	0x74,0x70,0x66,0x20, 
	0x60,0x60,0x74,0x40, 
	0x40,0x74,0x80,0x66, 
	0x11,0x60,0x44,0x20, 
	0x50,0x44,0x20,0xc0, 
	0x20,0x00,0x42,0x63, 
	0xa9,0x1c,0x72,0xc0, 
	0x20,0x00,0x22,0x63, 
	0xb4,0x2d,0x09,0x1d, 
	0xf0,0x00,0x00,0x00, 
	0x36,0x41,0x00,0x0c, 
	0x0a,0x31,0x38,0x6c, 
	0xc0,0x20,0x00,0xa2, 
	0x63,0xa4,0xc0,0x20, 
	0x00,0xa2,0x63,0xa5, 
	0xc0,0x20,0x00,0xa2, 
	0x63,0xa6,0xc0,0x20, 
	0x00,0xa2,0x63,0xa7, 
	0xc0,0x20,0x00,0xa2, 
	0x63,0xa8,0xc0,0x20, 
	0x00,0xa2,0x63,0xa9, 
	0xc0,0x20,0x00,0x48, 
	0x92,0xa2,0x63,0xaa, 
	0xc8,0x24,0xb8,0x14, 
	0xc0,0xd8,0x74,0x00, 
	0xdd,0x11,0x80,0xcc, 
	0x01,0xd0,0xcc,0x20, 
	0xb0,0xd0,0x74,0x80, 
	0xdd,0x11,0xb0,0xb8, 
	0x74,0xd0,0xbb,0x20, 
	0xc0,0xbb,0x20,0xc0, 
	0x20,0x00,0xb2,0x63, 
	0xa4,0x88,0x04,0x68, 
	0x44,0x80,0x70,0x75, 
	0x80,0x98,0x74,0x60, 
	0x60,0x31,0x80,0x66, 
	0x01,0x80,0x99,0x11, 
	0x80,0x80,0x74,0x00, 
	0x88,0x11,0x90,0x77, 
	0x20,0x80,0x66,0x20, 
	0x70,0x66,0x20,0xc0, 
	0x20,0x00,0x62,0x63, 
	0xa5,0x68,0x32,0x78, 
	0x44,0x62,0x06,0x34, 
	0x70,0x50,0x74,0x80, 
	0x55,0x11,0x70,0x28, 
	0x74,0x50,0x22,0x20, 
	0x52,0x04,0x18,0x00, 
	0x66,0x11,0x80,0x55, 
	0x01,0x60,0x55,0x20, 
	0x50,0x22,0x20,0xc0, 
	0x20,0x00,0x22,0x63, 
	0xa6,0xc2,0x04,0x24, 
	0xe2,0x04,0x29,0xf2, 
	0x04,0x1d,0x22,0x04, 
	0x25,0xd2,0x04,0x1f, 
	0xc0,0x22,0x11,0x80, 
	0xdd,0x01,0xc0,0xff, 
	0x11,0xf0,0xee,0x20, 
	0xe0,0xe0,0x74,0xf2, 
	0x04,0x1c,0x00,0xee, 
	0x11,0xe0,0xdd,0x20, 
	0xe2,0x04,0x2a,0xc0, 
	0xff,0x11,0xf0,0xee, 
	0x20,0xf2,0x04,0x19, 
	0xe0,0xe0,0x74,0x80, 
	0xee,0x11,0x90,0xff, 
	0x11,0x20,0xff,0x20, 
	0xf0,0xcc,0x20,0xc0, 
	0xc0,0x74,0xe0,0xcc, 
	0x20,0xd0,0xcc,0x20, 
	0xc0,0x20,0x00,0xc2, 
	0x63,0xa7,0xb8,0x54, 
	0x92,0x04,0x28,0xb0, 
	0xb0,0x31,0x00,0x99, 
	0x11,0x80,0xbb,0x01, 
	0xb0,0x99,0x20,0xb2, 
	0x04,0x22,0x82,0x04, 
	0x2b,0x80,0xbb,0x11, 
	0xb0,0x88,0x20,0x90, 
	0x88,0x20,0xc0,0x20, 
	0x00,0x82,0x63,0xa8, 
	0x68,0x54,0x60,0x70, 
	0x74,0x80,0x77,0x11, 
	0x60,0x68,0x74,0x70, 
	0x66,0x20,0x72,0x04, 
	0x1a,0x52,0x04,0x1b, 
	0xf0,0x77,0x11,0x70, 
	0x55,0x20,0x50,0x50, 
	0x74,0x00,0x55,0x11, 
	0x60,0x55,0x20,0xc0, 
	0x20,0x00,0x52,0x63, 
	0xa9,0x58,0x34,0x42, 
	0x14,0x17,0x50,0x60, 
	0x74,0x80,0x66,0x11, 
	0x50,0x58,0x54,0x60, 
	0x55,0x20,0x40,0x68, 
	0x74,0x00,0x66,0x11, 
	0x80,0x44,0x01,0x60, 
	0x44,0x20,0x50,0x44, 
	0x20,0xc0,0x20,0x00, 
	0x42,0x63,0xaa,0x1c, 
	0x82,0xc0,0x20,0x00, 
	0x22,0x63,0xb4,0x2d, 
	0x0a,0x1d,0xf0,0x00, 
	0x36,0x41,0x00,0x0c, 
	0x08,0x31,0xd9,0x6b, 
	0xc0,0x20,0x00,0x82, 
	0x63,0xa4,0xc0,0x20, 
	0x00,0x82,0x63,0xa5, 
	0xc0,0x20,0x00,0x82, 
	0x63,0xa6,0xc0,0x20, 
	0x00,0x82,0x63,0xa7, 
	0xc0,0x20,0x00,0x82, 
	0x63,0xa8,0xc0,0x20, 
	0x00,0x82,0x63,0xa9, 
	0xc0,0x20,0x00,0x58, 
	0x62,0x82,0x63,0xaa, 
	0x98,0x25,0x78,0x15, 
	0x90,0xa8,0x74,0x00, 
	0xaa,0x11,0x80,0x99, 
	0x01,0xa0,0x99,0x20, 
	0x70,0xa0,0x74,0x80, 
	0xaa,0x11,0x70,0x78, 
	0x74,0xa0,0x77,0x20, 
	0x90,0x77,0x20,0xc0, 
	0x20,0x00,0x72,0x63, 
	0xa4,0x48,0x05,0xe8, 
	0x55,0x40,0xf0,0x75, 
	0x40,0x68,0x74,0xe0, 
	0xe0,0x31,0x80,0xee, 
	0x01,0x80,0x66,0x11, 
	0x40,0x40,0x74,0x00, 
	0x44,0x11,0x60,0xff, 
	0x20,0x40,0xee,0x20, 
	0xf0,0xee,0x20,0xc0, 
	0x20,0x00,0xe2,0x63, 
	0xa5,0xe8,0x32,0xc8, 
	0x55,0xe2,0x0e,0x34, 
	0xc0,0xd0,0x74,0x80, 
	0xdd,0x11,0xc0,0xc8, 
	0x74,0xd0,0xcc,0x20, 
	0xd2,0x05,0x1c,0x00, 
	0xee,0x11,0x80,0xdd, 
	0x01,0xe0,0xdd,0x20, 
	0xd0,0xcc,0x20,0xc0, 
	0x20,0x00,0xc2,0x63, 
	0xa6,0xa8,0x65,0x72, 
	0x05,0x1d,0x80,0x9a, 
	0x01,0xa0,0xb8,0x74, 
	0x90,0x77,0x11,0x70, 
	0x70,0x74,0x00,0xbb, 
	0x11,0xa0,0xa0,0x75, 
	0xb0,0x99,0x20,0x80, 
	0xaa,0x11,0xa0,0x77, 
	0x20,0x90,0x77,0x20, 
	0xc0,0x20,0x00,0x72, 
	0x63,0xa7,0x42,0x05, 
	0x1f,0x62,0x05,0x1e, 
	0x58,0x35,0xf0,0x66, 
	0x11,0x60,0x44,0x20, 
	0x40,0x40,0x74,0x50, 
	0x68,0x54,0x80,0x66, 
	0x11,0x50,0x50,0x74, 
	0x00,0x55,0x11,0x60, 
	0x44,0x20,0x50,0x44, 
	0x20,0xc0,0x20,0x00, 
	0x42,0x63,0xa8,0x1c, 
	0xb2,0xc0,0x20,0x00, 
	0x22,0x63,0xb4,0x2d, 
	0x08,0x1d,0xf0,0x00, 
	0x36,0x41,0x00,0x0c, 
	0x09,0x31,0x97,0x6b, 
	0xc0,0x20,0x00,0x92, 
	0x63,0xa4,0xc0,0x20, 
	0x00,0x92,0x63,0xa5, 
	0xc0,0x20,0x00,0x92, 
	0x63,0xa6,0xc0,0x20, 
	0x00,0x92,0x63,0xa7, 
	0xc0,0x20,0x00,0x92, 
	0x63,0xa8,0xc0,0x20, 
	0x00,0x48,0x62,0x92, 
	0x63,0xa9,0x82,0x04, 
	0x22,0xa2,0x04,0x26, 
	0xc2,0x04,0x27,0xb2, 
	0x04,0x28,0xc0,0xcc, 
	0x11,0xc0,0xbb,0x20, 
	0xc2,0x04,0x25,0x80, 
	0xbb,0x01,0xc0,0xcc, 
	0x11,0xc0,0xaa,0x20, 
	0xa0,0xa0,0x74,0xc2, 
	0x04,0x23,0x00,0xaa, 
	0x11,0xb0,0xaa,0x20, 
	0xb2,0x04,0x24,0xc0, 
	0xcc,0x11,0xc0,0xbb, 
	0x20,0xc2,0x04,0x21, 
	0xb0,0xb0,0x74,0x80, 
	0xbb,0x11,0xc0,0xcc, 
	0x11,0xc0,0x88,0x20, 
	0x80,0x80,0x74,0xb0, 
	0x88,0x20,0xa0,0x88, 
	0x20,0xc0,0x20,0x00, 
	0x82,0x63,0xa4,0x52, 
	0x04,0x2a,0x72,0x04, 
	0x2b,0x62,0x04,0x2c, 
	0xc0,0x77,0x11,0x70, 
	0x66,0x20,0x72,0x04, 
	0x29,0x60,0x60,0x74, 
	0xc0,0x77,0x11,0x80, 
	0x66,0x11,0x70,0x55, 
	0x20,0x50,0x50,0x74, 
	0x60,0x55,0x20,0x62, 
	0x04,0x2d,0x42,0x04, 
	0x2e,0xc0,0x66,0x11, 
	0x60,0x44,0x20,0x40, 
	0x40,0x74,0x00,0x44, 
	0x11,0x50,0x44,0x20, 
	0xc0,0x20,0x00,0x42, 
	0x63,0xa5,0x4c,0x12, 
	0xc0,0x20,0x00,0x22, 
	0x63,0xb4,0x2d,0x09, 
	0x1d,0xf0,0x00,0x00, 
	0x36,0x21,0x01,0x0c, 
	0x17,0x0c,0x06,0x52, 
	0xa0,0x80,0x41,0x51, 
	0x6b,0xad,0x01,0xb1, 
	0x28,0x6c,0x5c,0x4c, 
	0xa5,0xbb,0x04,0xb8, 
	0x22,0x5a,0x3b,0x92, 
	0x03,0x96,0x0c,0x2a, 
	0xfc,0x39,0x91,0x62, 
	0x6b,0xc0,0x20,0x00, 
	0x82,0x24,0x80,0x90, 
	0x88,0x10,0xc0,0x20, 
	0x00,0x82,0x64,0x80, 
	0x72,0x43,0x97,0x72, 
	0x43,0x96,0xa5,0x80, 
	0xfb,0xb8,0x22,0xa2, 
	0x6b,0x14,0x5a,0xab, 
	0x72,0x4a,0xb3,0xe5, 
	0x7f,0xfb,0x38,0x22, 
	0xa2,0x63,0x16,0x5a, 
	0x33,0x92,0x03,0xb2, 
	0xc6,0x2f,0x00,0x0b, 
	0x89,0x56,0x58,0x0c, 
	0xc0,0x20,0x00,0x92, 
	0x24,0xb2,0x90,0x9b, 
	0x05,0x16,0x69,0x18, 
	0xa2,0x43,0x96,0xc0, 
	0x20,0x00,0x92,0x24, 
	0xb1,0x68,0x32,0x90, 
	0x9c,0x25,0x56,0x09, 
	0x13,0x0c,0x07,0x0c, 
	0x4e,0x0c,0x0a,0xb1, 
	0x35,0x6b,0xc1,0x34, 
	0x6b,0xc2,0x61,0x18, 
	0xb9,0x16,0xa9,0x06, 
	0xe2,0x46,0x4e,0xb2, 
	0x21,0x18,0xad,0x07, 
	0x0c,0x0d,0x0c,0x0c, 
	0x25,0xe1,0x03,0xac, 
	0x0a,0xa2,0x03,0x98, 
	0xbd,0x01,0xb0,0xaa, 
	0xa0,0xa8,0x0a,0x65, 
	0x9f,0x04,0xcd,0x07, 
	0xd2,0x21,0x18,0x65, 
	0xcd,0x03,0xd1,0x2a, 
	0x6b,0x0c,0x0c,0xe5, 
	0xa3,0x03,0xa5,0xf6, 
	0x03,0xa9,0xb6,0x0c, 
	0x17,0x0c,0x06,0x25, 
	0x78,0xfb,0x38,0x22, 
	0xa2,0x63,0x14,0xc1, 
	0x25,0x6b,0xc0,0x20, 
	0x00,0xb1,0x24,0x6b, 
	0x88,0x32,0x92,0x24, 
	0x90,0x88,0xb8,0xc0, 
	0x99,0x10,0xb0,0x88, 
	0x10,0x90,0x88,0x20, 
	0xc0,0x20,0x00,0x82, 
	0x64,0x90,0x5a,0x33, 
	0xd2,0x03,0x98,0x16, 
	0xed,0xf5,0xb1,0x1d, 
	0x6b,0xc0,0x20,0x00, 
	0xa2,0x24,0x80,0xb0, 
	0xaa,0x10,0xc0,0x20, 
	0x00,0xa2,0x64,0x80, 
	0x72,0x43,0xb6,0xe5, 
	0x73,0xfb,0x38,0x22, 
	0xa2,0x63,0x19,0x5a, 
	0x33,0x06,0xcf,0xff, 
	0x92,0x03,0xb2,0xa8, 
	0x02,0x56,0x59,0x04, 
	0x72,0x4a,0x01,0xc6, 
	0x0e,0x00,0x82,0xc9, 
	0xfe,0x56,0x88,0xf2, 
	0x98,0x32,0x92,0x09, 
	0x34,0xc0,0x20,0x00, 
	0xc2,0x24,0xb3,0xc0, 
	0xc8,0x14,0x66,0x3c, 
	0x39,0x66,0xb9,0x04, 
	0xb8,0x62,0x72,0x4b, 
	0x1e,0xc8,0x02,0xa2, 
	0x4c,0x01,0x62,0x43, 
	0x98,0x62,0x43,0x97, 
	0x62,0x43,0x96,0x65, 
	0x6f,0xfb,0xd8,0x22, 
	0xd2,0x2d,0x14,0xe8, 
	0x12,0xd0,0xda,0xc0, 
	0xd9,0x2e,0x0c,0x02, 
	0x1d,0xf0,0x0c,0x3e, 
	0xe2,0x4a,0x01,0x62, 
	0x43,0xb2,0x62,0x43, 
	0x97,0x62,0x43,0x96, 
	0x86,0xfa,0xff,0x66, 
	0xb9,0x04,0xf8,0x62, 
	0x62,0x4f,0x1e,0xa2, 
	0x2b,0x14,0xa5,0x08, 
	0xff,0xb8,0x22,0x82, 
	0x2b,0x54,0x5a,0x3b, 
	0xa7,0xb8,0x88,0x72, 
	0x43,0x96,0x98,0x32, 
	0xa2,0x03,0x98,0x92, 
	0x09,0x4e,0x97,0x3a, 
	0x74,0x92,0x03,0xb2, 
	0x62,0x43,0x98,0x1b, 
	0x99,0x90,0x90,0x74, 
	0x92,0x43,0xb2,0x06, 
	0xdb,0xff,0x66,0x19, 
	0x15,0x0c,0x07,0x1c, 
	0x2e,0xa1,0xee,0x6a, 
	0x0c,0x0b,0xc1,0xed, 
	0x6a,0xc9,0x16,0xb9, 
	0x06,0xa2,0x61,0x18, 
	0x06,0xb2,0xff,0x66, 
	0x29,0x15,0x91,0xeb, 
	0x6a,0x0c,0x07,0x0c, 
	0x8e,0x0c,0x0d,0xf1, 
	0xe9,0x6a,0xf9,0x16, 
	0xd9,0x06,0x92,0x61, 
	0x18,0xc6,0xab,0xff, 
	0x0c,0x1e,0x91,0xe6, 
	0x6a,0x81,0xe5,0x6a, 
	0x0c,0x07,0x79,0x06, 
	0x89,0x16,0x0c,0x07, 
	0x86,0xf9,0xff,0xa2, 
	0x2b,0x14,0x65,0x01, 
	0xff,0x38,0x22,0x91, 
	0x9e,0x6b,0x5a,0x33, 
	0xa7,0x39,0x02,0x86, 
	0x93,0xff,0x62,0x43, 
	0x98,0x62,0x43,0x97, 
	0x62,0x43,0x96,0x86, 
	0x90,0xff,0x1b,0x8a, 
	0x80,0x80,0x74,0x82, 
	0x43,0x98,0xf6,0x38, 
	0x0b,0x91,0xd5,0x6a, 
	0x92,0x6b,0x54,0x92, 
	0x03,0xb2,0x46,0xbc, 
	0xff,0x91,0xa3,0x6b, 
	0x06,0xfc,0xff,0x00, 
	0x36,0x41,0x00,0x0c, 
	0x08,0x31,0xd9,0x6a, 
	0xc0,0x20,0x00,0x82, 
	0x63,0xa4,0xc0,0x20, 
	0x00,0x42,0x23,0x94, 
	0x58,0x22,0x40,0x48, 
	0x74,0x5a,0x44,0x52, 
	0xd4,0x02,0x52,0x05, 
	0x60,0x42,0xd4,0x01, 
	0x42,0x04,0x61,0x80, 
	0x55,0x11,0x50,0x44, 
	0x20,0xc0,0x20,0x00, 
	0x42,0x63,0xa4,0x4c, 
	0x42,0xc0,0x20,0x00, 
	0x22,0x63,0xb4,0x2d, 
	0x08,0x1d,0xf0,0x00, 
	0x36,0x41,0x00,0xb2, 
	0xa1,0x80,0xa2,0xa0, 
	0x80,0x26,0x13,0x2c, 
	0x26,0x23,0x29,0x8c, 
	0x03,0x1d,0xf0,0x6d, 
	0x07,0xd8,0x22,0xc2, 
	0x07,0x00,0x00,0x05, 
	0x40,0xda,0xcc,0xba, 
	0xcc,0x32,0x4c,0xe0, 
	0x82,0x07,0x00,0x98, 
	0x22,0x40,0x20,0x91, 
	0x9a,0x88,0xaa,0x88, 
	0x22,0x48,0xe1,0x22, 
	0x07,0x00,0x06,0x08, 
	0x00,0x88,0x22,0x72, 
	0x06,0x00,0x00,0x05, 
	0x40,0x8a,0x77,0xba, 
	0x77,0x32,0x47,0xe0, 
	0x28,0x22,0xf2,0x06, 
	0x00,0x40,0xe0,0x91, 
	0x2a,0xff,0xaa,0xff, 
	0xe2,0x4f,0xe1,0x22, 
	0x06,0x00,0x1b,0x92, 
	0x92,0x46,0x00,0x1d, 
	0xf0,0x00,0x00,0x00, 
	0x36,0x61,0x00,0x0c, 
	0x03,0x32,0x41,0x00, 
	0x32,0x41,0x01,0x0c, 
	0x17,0x52,0xa0,0x80, 
	0xa1,0xd7,0x6a,0xc0, 
	0x20,0x00,0xd2,0x2a, 
	0x92,0xd0,0xde,0x05, 
	0xc0,0x20,0x00,0x62, 
	0x2a,0x8e,0x60,0x60, 
	0x74,0xc0,0x20,0x00, 
	0x98,0x22,0x42,0x2a, 
	0x90,0x5a,0x99,0xb2, 
	0x09,0xdc,0x40,0x48, 
	0x74,0xec,0x8b,0xac, 
	0x14,0xc2,0xa1,0x80, 
	0x0c,0x0b,0xf8,0x22, 
	0xba,0xff,0xca,0xff, 
	0x32,0x4f,0xe0,0xe8, 
	0x22,0x1b,0xfb,0xba, 
	0xee,0xf0,0xb0,0x74, 
	0x5a,0xee,0x32,0x4e, 
	0xe1,0xb7,0x94,0xe5, 
	0x98,0x22,0x5a,0x99, 
	0x72,0x49,0xdc,0x0c, 
	0x1b,0xc2,0xcb,0xff, 
	0x56,0xfc,0x0d,0x16, 
	0x0d,0x0e,0x20,0xa2, 
	0x20,0xe5,0xd2,0x01, 
	0x32,0x61,0x02,0x62, 
	0x41,0x01,0x32,0x41, 
	0x00,0x40,0x93,0x41, 
	0x1b,0x99,0x90,0x90, 
	0x74,0x16,0x19,0x0b, 
	0x71,0xba,0x6a,0xb1, 
	0xb9,0x6a,0x51,0xb8, 
	0x6a,0xb0,0xb9,0xa0, 
	0xb9,0x11,0xc0,0x20, 
	0x00,0x32,0x25,0xa0, 
	0xc0,0x20,0x00,0x62, 
	0x27,0xc0,0xc0,0x20, 
	0x00,0x42,0x27,0xc1, 
	0xad,0x02,0x30,0xbc, 
	0x25,0xcd,0x06,0x1c, 
	0x8d,0xed,0x01,0x1b, 
	0xf1,0xa5,0xee,0xff, 
	0xad,0x02,0x30,0xb8, 
	0x25,0xcd,0x06,0x1c, 
	0x0d,0xed,0x01,0x1b, 
	0xf1,0xa5,0xed,0xff, 
	0xad,0x02,0x30,0xb4, 
	0x25,0xcd,0x06,0x0c, 
	0x8d,0xed,0x01,0x1b, 
	0xf1,0xa5,0xec,0xff, 
	0xcd,0x06,0xad,0x02, 
	0x30,0xb0,0x25,0x0c, 
	0x0d,0xed,0x01,0x1b, 
	0xf1,0xa5,0xeb,0xff, 
	0xad,0x02,0x30,0xbc, 
	0x24,0xcd,0x04,0x1c, 
	0x8d,0xed,0x01,0x1b, 
	0xf1,0xa5,0xea,0xff, 
	0xad,0x02,0x30,0xb8, 
	0x24,0xcd,0x04,0x1c, 
	0x0d,0xed,0x01,0x1b, 
	0xf1,0xa5,0xe9,0xff, 
	0xad,0x02,0x30,0xb4, 
	0x24,0xcd,0x04,0x0c, 
	0x8d,0xed,0x01,0x1b, 
	0xf1,0xa5,0xe8,0xff, 
	0xc1,0x35,0x6b,0xc7, 
	0x15,0x0f,0xcd,0x04, 
	0x30,0xb0,0x24,0xad, 
	0x02,0x0c,0x0d,0xed, 
	0x01,0x1b,0xf1,0x65, 
	0xe7,0xff,0x8b,0x77, 
	0xd8,0x11,0x4b,0x55, 
	0xd0,0xd5,0xc0,0x56, 
	0xbd,0xf5,0x38,0x21, 
	0x0c,0x1e,0x98,0x22, 
	0xa2,0xa0,0x80,0xaa, 
	0x99,0xe2,0x49,0xdb, 
	0x32,0x49,0xd8,0x0c, 
	0x02,0x1d,0xf0,0x3d, 
	0x07,0xc6,0xfc,0xff, 
	0x36,0x41,0x00,0x52, 
	0xa0,0x80,0xb2,0xa0, 
	0xff,0x71,0x84,0x6a, 
	0x81,0x4e,0x6a,0x91, 
	0x5a,0x6a,0xc0,0x20, 
	0x00,0x62,0x29,0x94, 
	0x60,0x68,0x74,0xc0, 
	0x20,0x00,0xa2,0x27, 
	0x80,0xa0,0xa8,0x75, 
	0xb7,0x96,0x24,0x28, 
	0x22,0x5a,0x52,0xc2, 
	0x05,0xdb,0x16,0xec, 
	0x05,0xc0,0x20,0x00, 
	0xe2,0x27,0x80,0xd2, 
	0x05,0xe1,0x80,0xee, 
	0x10,0x80,0xdd,0x01, 
	0xe0,0xdd,0x20,0xc0, 
	0x20,0x00,0xd2,0x67, 
	0x80,0x06,0x06,0x00, 
	0xc0,0x20,0x00,0x32, 
	0x27,0x80,0x80,0xf6, 
	0x01,0x80,0x33,0x10, 
	0x30,0xff,0x20,0xc0, 
	0x20,0x00,0x28,0x22, 
	0xf2,0x67,0x80,0x5a, 
	0x52,0x0c,0x27,0x42, 
	0xa2,0x80,0x4a,0x42, 
	0x72,0x44,0xe3,0x0c, 
	0x02,0x22,0x44,0xe2, 
	0x0c,0x17,0x72,0x45, 
	0xb9,0xb7,0x16,0x0e, 
	0x72,0x45,0xe0,0x1c, 
	0xf8,0xc0,0x20,0x00, 
	0x82,0x69,0xb4,0x0c, 
	0x02,0x1d,0xf0,0x7d, 
	0x02,0xc6,0xfa,0xff, 
	0xc0,0x20,0x00,0xd2, 
	0x27,0x80,0x80,0xca, 
	0x01,0x80,0xdd,0x10, 
	0xd0,0xcc,0x20,0xc0, 
	0x20,0x00,0xc2,0x67, 
	0x80,0x06,0xef,0xff, 
	0x36,0x41,0x00,0x62, 
	0xa0,0x80,0x58,0x22, 
	0x71,0x5b,0x6a,0x6a, 
	0x55,0xc0,0x20,0x00, 
	0x62,0x27,0x92,0x22, 
	0x05,0xdd,0x60,0x6e, 
	0x05,0x62,0x45,0xde, 
	0x27,0x16,0x45,0xfc, 
	0x92,0x62,0x45,0xdd, 
	0xc0,0x20,0x00,0x92, 
	0x27,0x90,0x82,0xa0, 
	0xff,0x90,0x98,0x41, 
	0x97,0x08,0x20,0xb2, 
	0x05,0xe1,0xc1,0x18, 
	0x6a,0x80,0xbb,0x01, 
	0xc0,0xbb,0x10,0xc1, 
	0x17,0x6a,0xc0,0x20, 
	0x00,0xa2,0x27,0x80, 
	0xc0,0xaa,0x10,0xb0, 
	0xaa,0x20,0xc0,0x20, 
	0x00,0xa2,0x67,0x80, 
	0x0c,0x0c,0xc2,0x45, 
	0xda,0x06,0x02,0x00, 
	0x27,0x16,0x05,0x66, 
	0x12,0x02,0x62,0x45, 
	0xdd,0x0c,0x02,0x1d, 
	0xf0,0x00,0x00,0x00, 
	0x36,0x41,0x00,0x31, 
	0x18,0x6a,0xc0,0x20, 
	0x00,0x81,0x22,0x6a, 
	0x42,0x23,0x95,0xc0, 
	0x20,0x00,0x42,0x68, 
	0x9e,0x4c,0x02,0xc0, 
	0x20,0x00,0x22,0x63, 
	0xb4,0x0c,0x02,0x1d, 
	0xf0,0x00,0x00,0x00, 
	0x36,0x41,0x00,0x0c, 
	0x09,0x0c,0x1a,0x61, 
	0x90,0x6a,0xc0,0x20, 
	0x00,0x52,0x26,0xbe, 
	0x50,0x50,0xd5,0xc0, 
	0x20,0x00,0x28,0xb2, 
	0x62,0x26,0xbd,0x82, 
	0x02,0x01,0xc2,0x02, 
	0x00,0xb2,0x02,0x00, 
	0x20,0x88,0x90,0x20, 
	0xcc,0x90,0x20,0x7b, 
	0x90,0xc2,0x1c,0x0c, 
	0x1b,0xbb,0xc2,0x52, 
	0x01,0x82,0x18,0x1c, 
	0x82,0x52,0x02,0xb2, 
	0x42,0x00,0x52,0x57, 
	0x0c,0x72,0x02,0x01, 
	0x60,0x60,0xd4,0x20, 
	0x47,0x90,0x1b,0x77, 
	0x72,0x42,0x01,0x62, 
	0x54,0x1c,0x32,0x02, 
	0x00,0x42,0x02,0x01, 
	0x66,0xb3,0x05,0x92, 
	0x42,0x00,0xa2,0x42, 
	0x58,0x82,0x12,0x01, 
	0x66,0xb4,0x0c,0x92, 
	0x42,0x01,0xa2,0x42, 
	0x59,0x0c,0x04,0x0c, 
	0x17,0x86,0x00,0x00, 
	0x72,0x02,0x59,0x80, 
	0x55,0xc0,0x82,0x12, 
	0x02,0x98,0x22,0x80, 
	0x66,0xc0,0x5a,0x59, 
	0x59,0x22,0x98,0x32, 
	0x82,0x02,0x58,0x6a, 
	0x69,0x69,0x32,0xcc, 
	0xc8,0x82,0x02,0x00, 
	0x66,0x28,0x34,0x50, 
	0x51,0x41,0x59,0x42, 
	0x06,0x01,0x00,0x50, 
	0x94,0x41,0x99,0x42, 
	0xcc,0x97,0x66,0x24, 
	0x10,0x60,0x41,0x41, 
	0x49,0x52,0x06,0x01, 
	0x00,0x60,0xa4,0x41, 
	0xa9,0x52,0x0c,0x02, 
	0x1d,0xf0,0x66,0x44, 
	0x05,0x60,0x42,0x41, 
	0x06,0xfa,0xff,0x66, 
	0x84,0xef,0x60,0x43, 
	0x41,0xc6,0xf7,0xff, 
	0x66,0x48,0x05,0x50, 
	0x52,0x41,0x06,0xf1, 
	0xff,0x66,0x88,0xcb, 
	0x50,0x53,0x41,0xc6, 
	0xee,0xff,0x00,0x00, 
	0x36,0x41,0x00,0x51, 
	0xdd,0x69,0x61,0xc9, 
	0x69,0xc0,0x20,0x00, 
	0x28,0xc2,0x52,0x25, 
	0xa4,0x32,0x02,0x00, 
	0x60,0x55,0x10,0x1b, 
	0x43,0x20,0x33,0xa0, 
	0x68,0x43,0x42,0x42, 
	0x00,0x69,0x12,0x59, 
	0x43,0x42,0x02,0x00, 
	0x98,0x22,0x66,0xb4, 
	0x10,0x0c,0x04,0x0c, 
	0x08,0x0c,0x16,0x62, 
	0x42,0x50,0x82,0x42, 
	0x00,0x0c,0x16,0x86, 
	0x00,0x00,0x62,0x02, 
	0x50,0x88,0x12,0x80, 
	0x55,0xc0,0x5a,0x59, 
	0x59,0x22,0xcc,0x96, 
	0x66,0x24,0x10,0x50, 
	0x41,0x41,0x49,0x32, 
	0x06,0x01,0x00,0x50, 
	0x94,0x41,0x99,0x32, 
	0x0c,0x02,0x1d,0xf0, 
	0x66,0x44,0x05,0x50, 
	0x42,0x41,0x06,0xfa, 
	0xff,0x66,0x84,0xef, 
	0x50,0x43,0x41,0xc6, 
	0xf7,0xff,0x00,0x00, 
	0x36,0x41,0x00,0x0c, 
	0x79,0xe2,0xa4,0x00, 
	0x61,0xbf,0x69,0x81, 
	0x11,0x6a,0xa8,0x32, 
	0x51,0xa5,0x69,0x72, 
	0x0a,0x34,0x21,0x37, 
	0x6a,0x32,0xc7,0xf0, 
	0x56,0x23,0x0c,0xc0, 
	0x20,0x00,0x92,0x25, 
	0xb7,0x7c,0x0f,0x90, 
	0x9c,0x05,0x16,0xc9, 
	0x16,0xb1,0xd2,0x69, 
	0x72,0xaf,0x0f,0xd1, 
	0x7a,0x6a,0x91,0x76, 
	0x6a,0x4c,0x04,0xa1, 
	0x76,0x6a,0xc1,0x76, 
	0x6a,0xc0,0x20,0x00, 
	0x32,0x25,0xb8,0x30, 
	0x34,0x24,0x0b,0x33, 
	0x16,0x93,0x2a,0xc0, 
	0x20,0x00,0x32,0x25, 
	0xb8,0x30,0x34,0x24, 
	0x32,0xc3,0xfe,0x16, 
	0xe3,0x48,0xc0,0x20, 
	0x00,0x32,0x25,0xb8, 
	0x30,0x34,0x24,0x32, 
	0xc3,0xfd,0x56,0xf3, 
	0x2a,0xc0,0x20,0x00, 
	0x32,0x25,0xb8,0x30, 
	0x30,0x24,0x16,0x63, 
	0x65,0xc0,0x20,0x00, 
	0x32,0x25,0xb8,0x30, 
	0x30,0x24,0x0b,0x33, 
	0x16,0x33,0x68,0xc0, 
	0x20,0x00,0x32,0x25, 
	0xb8,0x30,0x30,0x24, 
	0x32,0xc3,0xfe,0x16, 
	0x23,0x68,0xc0,0x20, 
	0x00,0x32,0x25,0xb8, 
	0x30,0x30,0x24,0xf6, 
	0x53,0x0e,0xc0,0x20, 
	0x00,0x32,0x25,0xb8, 
	0x30,0x30,0x24,0xb6, 
	0x33,0x02,0x86,0x94, 
	0x01,0x0c,0x07,0x0c, 
	0x04,0xc0,0x20,0x00, 
	0x32,0x22,0xaa,0x90, 
	0x93,0x10,0x40,0x34, 
	0x11,0x90,0x33,0x20, 
	0xc0,0x20,0x00,0x32, 
	0x62,0xaa,0xc0,0x20, 
	0x00,0x92,0x26,0x84, 
	0xf0,0x99,0x10,0x90, 
	0x97,0x20,0xc0,0x20, 
	0x00,0x92,0x66,0x84, 
	0x91,0x4d,0x6a,0x86, 
	0x8f,0x00,0xb2,0xa5, 
	0x00,0x66,0xc7,0x28, 
	0xc0,0x20,0x00,0x72, 
	0x25,0xb7,0x70,0x7c, 
	0x14,0xc0,0x20,0x00, 
	0x42,0x25,0xb7,0x40, 
	0x48,0x41,0x47,0x89, 
	0x02,0x06,0x29,0x00, 
	0xc0,0x20,0x00,0x92, 
	0x26,0x80,0x90,0x90, 
	0x04,0x16,0x19,0x09, 
	0x0c,0x07,0xc6,0x24, 
	0x00,0x2c,0x1a,0xa7, 
	0x17,0x02,0x06,0x20, 
	0x00,0x71,0x9d,0x69, 
	0xa1,0x41,0x6a,0xc0, 
	0x20,0x00,0xc2,0x25, 
	0xb1,0xc0,0xc4,0x24, 
	0xc0,0x20,0x00,0x92, 
	0x25,0xb1,0x90,0x9c, 
	0x25,0xc0,0x20,0x00, 
	0xd2,0x27,0x92,0x61, 
	0x08,0x6a,0xd0,0xde, 
	0x05,0x16,0xbd,0x0d, 
	0xc0,0x20,0x00,0x42, 
	0x27,0x95,0x40,0x44, 
	0x25,0xc0,0x20,0x00, 
	0x72,0x27,0x95,0x70, 
	0x70,0x25,0xc0,0x20, 
	0x00,0xe2,0x22,0xb2, 
	0xe0,0xd9,0x05,0xc0, 
	0x20,0x00,0xf2,0x22, 
	0xaa,0x80,0xff,0x10, 
	0xc0,0x20,0x00,0xf2, 
	0x62,0xaa,0xe0,0xe9, 
	0x05,0x16,0xce,0x12, 
	0xe1,0x2d,0x6a,0xc0, 
	0x20,0x00,0x82,0x22, 
	0xab,0x60,0x88,0x10, 
	0xe0,0x88,0x20,0xc0, 
	0x20,0x00,0x82,0x62, 
	0xab,0x46,0x4a,0x00, 
	0xc0,0x20,0x00,0x92, 
	0x22,0xaa,0x80,0x99, 
	0x10,0xa0,0x99,0x20, 
	0xc0,0x20,0x00,0x92, 
	0x62,0xaa,0x0c,0x02, 
	0x1d,0xf0,0x0c,0x1c, 
	0x0b,0x77,0x70,0x7c, 
	0x93,0xc0,0x20,0x00, 
	0xd2,0x26,0x80,0x07, 
	0x6d,0x0b,0xc0,0x20, 
	0x00,0x42,0x25,0xb7, 
	0x40,0x44,0x24,0x06, 
	0x02,0x00,0xc0,0x20, 
	0x00,0x42,0x25,0xb7, 
	0x40,0x40,0x24,0x61, 
	0xd8,0x69,0xd2,0xa0, 
	0xf0,0xc0,0x20,0x00, 
	0x92,0x25,0xb1,0x90, 
	0x9c,0x25,0xc0,0x20, 
	0x00,0xc2,0x25,0xb1, 
	0xc0,0xc4,0x24,0xc0, 
	0x20,0x00,0x52,0x0a, 
	0x35,0xe2,0x22,0xb3, 
	0x66,0x75,0x55,0xc0, 
	0x20,0x00,0xe2,0x22, 
	0xaa,0x80,0xee,0x10, 
	0xb0,0xee,0x20,0xc0, 
	0x20,0x00,0xe2,0x62, 
	0xaa,0x0b,0xa9,0x56, 
	0x9a,0x2d,0xf2,0xcc, 
	0xfe,0x56,0x3f,0x2d, 
	0x42,0xa0,0x60,0xc0, 
	0x20,0x00,0x32,0x22, 
	0x8a,0x60,0x33,0x10, 
	0x40,0x33,0x20,0xc0, 
	0x20,0x00,0x32,0x62, 
	0x8a,0x46,0xdf,0xff, 
	0xb2,0xc9,0xfb,0x56, 
	0x5b,0xf6,0xd2,0xcc, 
	0xfe,0x56,0xfd,0xf5, 
	0xc0,0x20,0x00,0xf2, 
	0x22,0xaa,0x80,0xff, 
	0x10,0xe0,0xff,0x20, 
	0xc0,0x20,0x00,0xf2, 
	0x62,0xaa,0x06,0xd7, 
	0xff,0x66,0x65,0x26, 
	0xc0,0x20,0x00,0x92, 
	0x22,0xaa,0x80,0x99, 
	0x10,0xb0,0x99,0x20, 
	0xc0,0x20,0x00,0x92, 
	0x62,0xaa,0xc0,0x20, 
	0x00,0x32,0x22,0x8a, 
	0x60,0x33,0x10,0xd0, 
	0x33,0x20,0xc0,0x20, 
	0x00,0x32,0x62,0x8a, 
	0x86,0xcc,0xff,0xc0, 
	0x20,0x00,0xa2,0x22, 
	0xbe,0xa0,0xa8,0x04, 
	0x16,0x0a,0x1c,0xe2, 
	0xa2,0x00,0xc0,0x20, 
	0x00,0xc2,0x22,0xaa, 
	0x80,0xcc,0x10,0xe0, 
	0xcc,0x20,0xc0,0x20, 
	0x00,0xc2,0x62,0xaa, 
	0xc0,0x20,0x00,0xb2, 
	0x22,0x8a,0x60,0xbb, 
	0x10,0xd0,0xbb,0x20, 
	0xc0,0x20,0x00,0xb2, 
	0x62,0x8a,0x06,0xbf, 
	0xff,0xf1,0xaf,0x69, 
	0xc0,0x20,0x00,0xe2, 
	0x22,0xab,0x60,0xee, 
	0x10,0xf0,0xee,0x20, 
	0xc0,0x20,0x00,0xe2, 
	0x62,0xab,0xf6,0x27, 
	0x02,0x06,0x71,0x00, 
	0x82,0xa7,0x00,0x16, 
	0x54,0x2b,0x61,0xce, 
	0x69,0x0b,0xf4,0x16, 
	0x4f,0x2d,0xa2,0xa6, 
	0x00,0x32,0xc4,0xfe, 
	0x16,0x83,0x34,0x92, 
	0xc4,0xfd,0x16,0xc9, 
	0x38,0xc2,0xc4,0xfc, 
	0x16,0x2c,0x3a,0xd2, 
	0xc4,0xfb,0x56,0x8d, 
	0xeb,0xe2,0xc7,0xfd, 
	0x56,0xee,0x31,0xc0, 
	0x20,0x00,0xf2,0x22, 
	0xaa,0xb0,0xff,0x20, 
	0xc0,0x20,0x00,0xf2, 
	0x62,0xaa,0x06,0xa8, 
	0xff,0xc0,0x20,0x00, 
	0x32,0x22,0xaa,0xa0, 
	0x33,0x10,0xb0,0x33, 
	0x20,0xc0,0x20,0x00, 
	0x32,0x62,0xaa,0xc0, 
	0x20,0x00,0x32,0x26, 
	0x84,0x80,0x33,0x10, 
	0xe0,0x33,0x20,0xc0, 
	0x20,0x00,0x32,0x66, 
	0x84,0x0c,0x07,0x0c, 
	0x04,0xc0,0x20,0x00, 
	0x32,0x25,0xb9,0x30, 
	0x34,0x25,0x26,0x13, 
	0x68,0xc0,0x20,0x00, 
	0x32,0x25,0xb9,0x30, 
	0x34,0x25,0x32,0xc3, 
	0xfe,0x16,0x73,0x1d, 
	0xc0,0x20,0x00,0x32, 
	0x25,0xb9,0x30,0x34, 
	0x25,0x66,0x33,0x71, 
	0xc0,0x20,0x00,0x32, 
	0x25,0xb9,0x30,0x30, 
	0x25,0x16,0xe3,0x1e, 
	0xc0,0x20,0x00,0x32, 
	0x25,0xb9,0x30,0x30, 
	0x25,0x0b,0x33,0x16, 
	0xf3,0x3a,0xc0,0x20, 
	0x00,0x32,0x25,0xb9, 
	0x30,0x30,0x25,0x32, 
	0xc3,0xfe,0x16,0xe3, 
	0x3a,0xc0,0x20,0x00, 
	0x32,0x25,0xb9,0x30, 
	0x30,0x25,0xb6,0x53, 
	0x02,0x86,0x71,0x00, 
	0xc0,0x20,0x00,0x32, 
	0x25,0xb9,0x30,0x30, 
	0x25,0xf6,0x33,0x02, 
	0xc6,0x6d,0x00,0x0c, 
	0x87,0x0c,0xa4,0x06, 
	0x6c,0x00,0xc0,0x20, 
	0x00,0x32,0x22,0xaa, 
	0xa0,0x33,0x10,0xb0, 
	0x33,0x20,0xc0,0x20, 
	0x00,0x32,0x62,0xaa, 
	0xc0,0x20,0x00,0x32, 
	0x26,0x84,0x80,0x33, 
	0x10,0xe0,0x33,0x20, 
	0xc0,0x20,0x00,0x32, 
	0x66,0x84,0xc0,0x20, 
	0x00,0x32,0x25,0xb9, 
	0x30,0x34,0x24,0x0b, 
	0x33,0x16,0xa3,0x1e, 
	0xc0,0x20,0x00,0x82, 
	0x25,0xb9,0x80,0x84, 
	0x24,0x82,0xc8,0xfe, 
	0x16,0x28,0x20,0xc0, 
	0x20,0x00,0xa2,0x25, 
	0xb9,0xa0,0xa4,0x24, 
	0xa2,0xca,0xfd,0x56, 
	0x3a,0xdb,0xc0,0x20, 
	0x00,0xb2,0x25,0xb9, 
	0xb0,0xb0,0x24,0x16, 
	0x7b,0x0b,0xc0,0x20, 
	0x00,0xc2,0x25,0xb9, 
	0xc0,0xc0,0x24,0x0b, 
	0xcc,0x16,0x6c,0x27, 
	0xc0,0x20,0x00,0xd2, 
	0x25,0xb9,0xd0,0xd0, 
	0x24,0xd2,0xcd,0xfe, 
	0x16,0x5d,0x29,0xc0, 
	0x20,0x00,0xe2,0x25, 
	0xb9,0xe0,0xe0,0x24, 
	0xb6,0x5e,0x02,0xc6, 
	0x23,0x00,0xc0,0x20, 
	0x00,0x32,0x25,0xb9, 
	0x30,0x30,0x24,0xf6, 
	0x33,0x02,0x06,0x20, 
	0x00,0x0c,0x87,0x0c, 
	0xa4,0x46,0x1e,0x00, 
	0xc0,0x20,0x00,0xa2, 
	0x22,0xaa,0x80,0xaa, 
	0x10,0xb0,0xaa,0x20, 
	0xc0,0x20,0x00,0xa2, 
	0x62,0xaa,0x66,0x27, 
	0x1e,0x66,0x24,0x1b, 
	0x66,0x19,0x18,0xdc, 
	0x5c,0x2c,0x0c,0xc0, 
	0x20,0x00,0xb2,0x22, 
	0x8a,0x60,0xbb,0x10, 
	0xc0,0xbb,0x20,0xc0, 
	0x20,0x00,0xb2,0x62, 
	0x8a,0x46,0x4c,0xff, 
	0xc0,0x20,0x00,0xc2, 
	0x22,0x8a,0x60,0xcc, 
	0x10,0xd0,0xcc,0x20, 
	0xc0,0x20,0x00,0xc2, 
	0x62,0x8a,0x06,0x47, 
	0xff,0x66,0x17,0x14, 
	0xe1,0x6a,0x69,0xc0, 
	0x20,0x00,0xd2,0x22, 
	0xaa,0xe0,0xdd,0x20, 
	0xc0,0x20,0x00,0xd2, 
	0x62,0xaa,0x06,0x41, 
	0xff,0x31,0x65,0x69, 
	0xc0,0x20,0x00,0xf2, 
	0x22,0xaa,0x30,0xff, 
	0x20,0xc0,0x20,0x00, 
	0xf2,0x62,0xaa,0xc6, 
	0x3b,0xff,0x0c,0x57, 
	0x0c,0xc4,0xc0,0x20, 
	0x00,0xa2,0x22,0xaa, 
	0x40,0x84,0x11,0x90, 
	0xaa,0x10,0xa0,0x88, 
	0x20,0xc0,0x20,0x00, 
	0x82,0x62,0xaa,0xc0, 
	0x20,0x00,0x52,0x26, 
	0x84,0xf0,0x55,0x10, 
	0x50,0x57,0x20,0xc0, 
	0x20,0x00,0x52,0x66, 
	0x84,0x46,0x30,0xff, 
	0xc0,0x20,0x00,0xb2, 
	0x22,0x8a,0x60,0xbb, 
	0x10,0xd0,0xbb,0x20, 
	0xc0,0x20,0x00,0xb2, 
	0x62,0x8a,0x06,0x2b, 
	0xff,0xc0,0x20,0x00, 
	0x32,0x22,0xaa,0xd0, 
	0x33,0x10,0xc0,0x33, 
	0x20,0xc0,0x20,0x00, 
	0x32,0x62,0xaa,0xc0, 
	0x20,0x00,0x32,0x26, 
	0x84,0x70,0x33,0x10, 
	0x40,0x33,0x20,0xc0, 
	0x20,0x00,0x32,0x66, 
	0x84,0x06,0x82,0xff, 
	0xc0,0x20,0x00,0x32, 
	0x22,0xaa,0xd0,0x33, 
	0x10,0xc0,0x33,0x20, 
	0xc0,0x20,0x00,0x32, 
	0x62,0xaa,0xc0,0x20, 
	0x00,0x22,0x26,0x84, 
	0x32,0xaf,0x0f,0x30, 
	0x22,0x10,0x4c,0x03, 
	0x30,0x22,0x20,0xc0, 
	0x20,0x00,0x22,0x66, 
	0x84,0x21,0xed,0x68, 
	0x86,0x9d,0xff,0x0c, 
	0x57,0x0c,0xc4,0xc0, 
	0x20,0x00,0x32,0x22, 
	0xaa,0x90,0x93,0x10, 
	0x40,0x34,0x11,0x90, 
	0x33,0x20,0xc0,0x20, 
	0x00,0x32,0x62,0xaa, 
	0xc0,0x20,0x00,0x92, 
	0x26,0x84,0xf0,0x99, 
	0x10,0x90,0x97,0x20, 
	0xc0,0x20,0x00,0x92, 
	0x66,0x84,0x91,0x28, 
	0x69,0x46,0x91,0xff, 
	0x66,0x37,0x11,0xc0, 
	0x20,0x00,0x92,0x22, 
	0xaa,0x80,0x99,0x20, 
	0xc0,0x20,0x00,0x92, 
	0x62,0xaa,0x06,0x04, 
	0xff,0xc0,0x20,0x00, 
	0xb2,0x22,0xaa,0xa0, 
	0xbb,0x20,0xc0,0x20, 
	0x00,0xb2,0x62,0xaa, 
	0x86,0xff,0xfe,0xc2, 
	0xc7,0xfd,0x56,0xec, 
	0x0a,0xc0,0x20,0x00, 
	0xd2,0x22,0xaa,0x60, 
	0xdd,0x20,0xc0,0x20, 
	0x00,0xd2,0x62,0xaa, 
	0x86,0xf9,0xfe,0xc0, 
	0x20,0x00,0x32,0x22, 
	0xaa,0xa0,0x33,0x10, 
	0xb0,0x33,0x20,0xc0, 
	0x20,0x00,0x32,0x62, 
	0xaa,0xc0,0x20,0x00, 
	0xf2,0x26,0x84,0x80, 
	0xff,0x10,0xe0,0xff, 
	0x20,0xc0,0x20,0x00, 
	0xf2,0x66,0x84,0xc6, 
	0xef,0xfe,0xc0,0x20, 
	0x00,0xa2,0x22,0xaa, 
	0xd0,0xaa,0x10,0xc0, 
	0xaa,0x20,0xc0,0x20, 
	0x00,0xa2,0x62,0xaa, 
	0xc0,0x20,0x00,0x82, 
	0x26,0x84,0x92,0xaf, 
	0x0f,0x90,0x88,0x10, 
	0x4c,0x09,0x90,0x88, 
	0x20,0xc0,0x20,0x00, 
	0x82,0x66,0x84,0xc6, 
	0xe4,0xfe,0xc0,0x20, 
	0x00,0xb2,0x22,0xaa, 
	0x80,0xbb,0x20,0xc0, 
	0x20,0x00,0xb2,0x62, 
	0xaa,0x46,0xe0,0xfe, 
	0xe2,0xc7,0xfd,0x56, 
	0xde,0x08,0xc0,0x20, 
	0x00,0x72,0x22,0xb3, 
	0x70,0x70,0xd4,0xc0, 
	0x20,0x00,0x42,0x25, 
	0xbf,0x40,0x4c,0x25, 
	0xc0,0x20,0x00,0x62, 
	0x22,0xb7,0x0b,0xfd, 
	0x60,0x60,0x14,0x56, 
	0x8f,0x09,0xc0,0x20, 
	0x00,0x82,0x22,0xaa, 
	0xb0,0x88,0x20,0xc0, 
	0x20,0x00,0x82,0x62, 
	0xaa,0x46,0xd2,0xfe, 
	0xc0,0x20,0x00,0x92, 
	0x22,0xaa,0xa0,0x99, 
	0x20,0xc0,0x20,0x00, 
	0x92,0x62,0xaa,0xc6, 
	0xcd,0xfe,0x66,0x37, 
	0x2d,0xc0,0x20,0x00, 
	0xb2,0x22,0xaa,0xa0, 
	0xbb,0x20,0xc0,0x20, 
	0x00,0xb2,0x62,0xaa, 
	0x86,0xc8,0xfe,0x0c, 
	0x57,0x0c,0xb4,0xc6, 
	0x8b,0xff,0x66,0x37, 
	0x3c,0xc0,0x20,0x00, 
	0xc2,0x22,0xaa,0xa0, 
	0xcc,0x20,0xc0,0x20, 
	0x00,0xc2,0x62,0xaa, 
	0x86,0xc1,0xfe,0xc0, 
	0x20,0x00,0xd2,0x22, 
	0xaa,0x60,0xdd,0x20, 
	0xc0,0x20,0x00,0xd2, 
	0x62,0xaa,0x06,0xbd, 
	0xfe,0x0c,0x57,0x0c, 
	0x74,0x46,0x80,0xff, 
	0xc0,0x20,0x00,0xe2, 
	0x22,0xaa,0x60,0xee, 
	0x20,0xc0,0x20,0x00, 
	0xe2,0x62,0xaa,0xc6, 
	0xb6,0xfe,0xc0,0x20, 
	0x00,0xf2,0x22,0xaa, 
	0x60,0xff,0x20,0xc0, 
	0x20,0x00,0xf2,0x62, 
	0xaa,0x46,0xb2,0xfe, 
	0x0c,0x57,0x0c,0xc4, 
	0x46,0x77,0xfe,0xc0, 
	0x20,0x00,0x32,0x25, 
	0xbd,0xf7,0x73,0x6a, 
	0x66,0x59,0x43,0x66, 
	0x4c,0x52,0x66,0x64, 
	0x4f,0x66,0x26,0x70, 
	0x42,0xa3,0x00,0x77, 
	0xb4,0x6a,0xc0,0x20, 
	0x00,0x82,0x22,0xaa, 
	0xa0,0x88,0x20,0xc0, 
	0x20,0x00,0x82,0x62, 
	0xaa,0x46,0xa5,0xfe, 
	0x0c,0x87,0x0c,0xa4, 
	0x46,0x6a,0xfe,0x0c, 
	0x57,0x0c,0xb4,0x86, 
	0x68,0xfe,0x0c,0x57, 
	0x0c,0xb4,0x46,0x8b, 
	0xff,0x0c,0x57,0x0c, 
	0x74,0x06,0x65,0xfe, 
	0x0c,0x57,0x0c,0x74, 
	0xc6,0x87,0xff,0xc0, 
	0x20,0x00,0x92,0x22, 
	0xaa,0x80,0x99,0x20, 
	0xc0,0x20,0x00,0x92, 
	0x62,0xaa,0x06,0x98, 
	0xfe,0xc0,0x20,0x00, 
	0xa2,0x22,0xaa,0x80, 
	0xaa,0x20,0xc0,0x20, 
	0x00,0xa2,0x62,0xaa, 
	0x86,0x93,0xfe,0xc0, 
	0x20,0x00,0xb2,0x22, 
	0xaa,0x80,0xbb,0x20, 
	0xc0,0x20,0x00,0xb2, 
	0x62,0xaa,0x06,0x8f, 
	0xfe,0xc0,0x20,0x00, 
	0xc2,0x22,0xaa,0x80, 
	0xcc,0x20,0xc0,0x20, 
	0x00,0xc2,0x62,0xaa, 
	0x86,0x8a,0xfe,0x00, 
	0x36,0x41,0x00,0x0c, 
	0xf7,0x0c,0x49,0x0c, 
	0x28,0x0c,0x1c,0x0c, 
	0x0b,0xa1,0xce,0x67, 
	0x68,0x32,0x41,0xe0, 
	0x67,0x62,0x06,0x34, 
	0x51,0xc7,0x67,0x32, 
	0xc6,0xf0,0x16,0xf3, 
	0x17,0xc2,0xc6,0xe0, 
	0x16,0xbc,0x30,0xd2, 
	0xc6,0xdf,0x56,0xfd, 
	0x16,0xc1,0xfb,0x67, 
	0x48,0x92,0xc0,0x20, 
	0x00,0xf2,0x25,0xa4, 
	0xd8,0xb2,0xf0,0xf0, 
	0xf4,0xf9,0x14,0xe8, 
	0x4d,0xe0,0xe0,0xd4, 
	0xe9,0x24,0xd8,0x5d, 
	0xd0,0xd0,0xd4,0xd9, 
	0x34,0x61,0x9c,0x68, 
	0xc0,0x20,0x00,0x32, 
	0x2c,0xaa,0x60,0x33, 
	0x10,0x39,0x04,0xc0, 
	0x20,0x00,0xf2,0x25, 
	0xa7,0xf0,0xf8,0x41, 
	0xf9,0x44,0xc0,0x20, 
	0x00,0xe2,0x2c,0xe7, 
	0x77,0x6e,0x23,0xe2, 
	0xa1,0x00,0xc0,0x20, 
	0x00,0xd2,0x2c,0xd8, 
	0xe0,0xdd,0x20,0xc0, 
	0x20,0x00,0xd2,0x6c, 
	0xd8,0x32,0xae,0xff, 
	0xc0,0x20,0x00,0x22, 
	0x2c,0xd8,0x30,0x22, 
	0x10,0xc0,0x20,0x00, 
	0x22,0x6c,0xd8,0x0c, 
	0x66,0x21,0xe2,0x67, 
	0xc0,0x20,0x00,0xf2, 
	0x22,0x95,0xf0,0xf0, 
	0x25,0x16,0x6f,0x3b, 
	0xc0,0x20,0x00,0x32, 
	0x22,0x95,0x30,0x30, 
	0x25,0x0b,0x33,0x16, 
	0xe3,0x3a,0xc0,0x20, 
	0x00,0xc2,0x22,0x95, 
	0xc0,0xc0,0x25,0xc2, 
	0xcc,0xfe,0x16,0xbc, 
	0x3a,0xc0,0x20,0x00, 
	0xd2,0x22,0x95,0xd0, 
	0xd0,0x25,0xd2,0xcd, 
	0xfd,0x16,0x6d,0x39, 
	0x72,0x44,0x1c,0xc0, 
	0x20,0x00,0xe2,0x22, 
	0x99,0xe0,0xe0,0x25, 
	0xac,0xce,0xc0,0x20, 
	0x00,0xf2,0x22,0x99, 
	0xf0,0xf0,0x25,0x0b, 
	0xff,0x16,0x0f,0x36, 
	0xc0,0x20,0x00,0x32, 
	0x22,0x99,0x30,0x30, 
	0x25,0x32,0xc3,0xfe, 
	0x16,0x33,0x35,0xc0, 
	0x20,0x00,0x82,0x22, 
	0x99,0x80,0x80,0x25, 
	0x66,0x38,0x06,0x7d, 
	0x06,0x46,0x00,0x00, 
	0x7d,0x0b,0x72,0x44, 
	0x2a,0xc0,0x20,0x00, 
	0xd2,0x25,0xbb,0xd0, 
	0xdf,0x05,0xd2,0x44, 
	0x19,0xc0,0x20,0x00, 
	0xc2,0x25,0xb1,0xc0, 
	0xcc,0x25,0xc2,0x44, 
	0x25,0xc0,0x20,0x00, 
	0xb2,0x25,0xb1,0xb0, 
	0xb4,0x24,0xb2,0x44, 
	0x24,0xc0,0x20,0x00, 
	0x92,0x22,0x95,0x90, 
	0x94,0x25,0x92,0x44, 
	0x1d,0xc0,0x20,0x00, 
	0x82,0x22,0x99,0x80, 
	0x84,0x25,0x82,0x44, 
	0x29,0xc0,0x20,0x00, 
	0x32,0x22,0x94,0x30, 
	0x38,0x75,0x32,0x44, 
	0x1f,0xc0,0x20,0x00, 
	0xf2,0x22,0x98,0xf0, 
	0xf8,0x75,0xf2,0x44, 
	0x2b,0xc0,0x20,0x00, 
	0xe2,0x22,0x90,0xe0, 
	0xe8,0x41,0xe2,0x44, 
	0x22,0xc0,0x20,0x00, 
	0xd2,0x22,0x8e,0xd2, 
	0x44,0x28,0xc0,0x20, 
	0x00,0xc2,0x25,0xa6, 
	0xa0,0xcc,0x10,0xc9, 
	0x54,0xc0,0x20,0x00, 
	0xb2,0x25,0xb3,0xb0, 
	0xb9,0x04,0xb2,0x44, 
	0x2c,0xc0,0x20,0x00, 
	0x92,0x22,0x8b,0x90, 
	0x90,0xf5,0x92,0x54, 
	0x17,0x0c,0x02,0x1d, 
	0xf0,0x68,0x62,0xc0, 
	0x20,0x00,0xe2,0x25, 
	0xa4,0x38,0xb2,0xe0, 
	0xe0,0xf4,0xe9,0x16, 
	0xd8,0x43,0xd0,0xd0, 
	0xd4,0xd9,0x26,0x38, 
	0x53,0x30,0x30,0xd4, 
	0x39,0x36,0xc0,0x20, 
	0x00,0xf2,0x24,0xb1, 
	0xf0,0xf8,0x41,0xf9, 
	0x06,0xc0,0x20,0x00, 
	0xe8,0x22,0xf2,0x25, 
	0xa7,0xe2,0xde,0x01, 
	0xf0,0xf8,0x41,0xf9, 
	0x56,0xe2,0x0e,0x2d, 
	0x16,0x3e,0x29,0xc0, 
	0x20,0x00,0x22,0x24, 
	0xbd,0x22,0x46,0x1c, 
	0xc0,0x20,0x00,0xf2, 
	0x25,0xbb,0xf0,0xff, 
	0x05,0xf2,0x46,0x1d, 
	0xc0,0x20,0x00,0xe2, 
	0x25,0xb1,0xe0,0xec, 
	0x25,0xe2,0x46,0x21, 
	0xc0,0x20,0x00,0xd2, 
	0x25,0xb1,0xd0,0xd4, 
	0x24,0xd2,0x46,0x22, 
	0xc0,0x20,0x00,0x32, 
	0x25,0xb8,0x30,0x30, 
	0x24,0x32,0x46,0x24, 
	0xc0,0x20,0x00,0xf2, 
	0x25,0xb8,0xf0,0xf4, 
	0x24,0x16,0x7f,0x28, 
	0xc0,0x20,0x00,0x32, 
	0x25,0xb8,0x30,0x34, 
	0x24,0x0b,0x33,0x16, 
	0x53,0x28,0xc0,0x20, 
	0x00,0xd2,0x25,0xb8, 
	0xd0,0xd4,0x24,0xd2, 
	0xcd,0xfe,0x16,0xed, 
	0x28,0xc0,0x20,0x00, 
	0xe2,0x25,0xb8,0xe0, 
	0xe4,0x24,0xe2,0xce, 
	0xfd,0x16,0x3e,0x27, 
	0x72,0x46,0x23,0x0c, 
	0xdd,0xc0,0x20,0x00, 
	0x32,0x25,0xb9,0x30, 
	0x3c,0x25,0x32,0x46, 
	0x25,0xc0,0x20,0x00, 
	0xf2,0x25,0xb9,0xf0, 
	0xf8,0x35,0xf7,0xbd, 
	0x02,0x86,0x74,0x00, 
	0xc0,0x20,0x00,0x22, 
	0x25,0xb9,0x20,0x28, 
	0x35,0x22,0x46,0x26, 
	0xc0,0x20,0x00,0xe2, 
	0x25,0xb9,0xe0,0xe0, 
	0x25,0xe2,0x46,0x28, 
	0xc0,0x20,0x00,0x32, 
	0x25,0xb9,0x30,0x34, 
	0x25,0x16,0xd3,0x21, 
	0xc0,0x20,0x00,0xf2, 
	0x25,0xb9,0xf0,0xf4, 
	0x25,0x0b,0xff,0x16, 
	0xbf,0x21,0xc0,0x20, 
	0x00,0x32,0x25,0xb9, 
	0x30,0x34,0x25,0x32, 
	0xc3,0xfe,0x16,0x43, 
	0x22,0xc0,0x20,0x00, 
	0xe2,0x25,0xb9,0xe0, 
	0xe4,0x25,0xe2,0xce, 
	0xfd,0x16,0x9e,0x20, 
	0x72,0x46,0x27,0xc0, 
	0x20,0x00,0x32,0x25, 
	0xb9,0x30,0x3c,0x24, 
	0x32,0x46,0x29,0xc0, 
	0x20,0x00,0xf2,0x25, 
	0xb9,0xf0,0xf8,0x34, 
	0xf7,0xbd,0x02,0x46, 
	0x5a,0x00,0xc0,0x20, 
	0x00,0x22,0x25,0xb9, 
	0x20,0x28,0x34,0x22, 
	0x46,0x2a,0xc0,0x20, 
	0x00,0xe2,0x25,0xb9, 
	0xe0,0xe0,0x24,0xe2, 
	0x46,0x2c,0xc0,0x20, 
	0x00,0x32,0x25,0xb9, 
	0x30,0x34,0x24,0x16, 
	0x93,0x10,0xc0,0x20, 
	0x00,0xf2,0x25,0xb9, 
	0xf0,0xf4,0x24,0x0b, 
	0xff,0x16,0x3f,0x14, 
	0xc0,0x20,0x00,0x32, 
	0x25,0xb9,0x30,0x34, 
	0x24,0x32,0xc3,0xfe, 
	0x16,0x63,0x13,0xc0, 
	0x20,0x00,0x82,0x25, 
	0xb9,0x80,0x84,0x24, 
	0x82,0xc8,0xfd,0x56, 
	0xf8,0x0d,0x7d,0x09, 
	0x86,0x36,0x00,0x68, 
	0x72,0xc0,0x20,0x00, 
	0xd2,0x25,0xa4,0x38, 
	0xb2,0xd0,0xd0,0xf4, 
	0xd9,0x16,0xc8,0x43, 
	0xc0,0xc0,0xd4,0xc9, 
	0x26,0x38,0x53,0xf8, 
	0xc2,0x30,0x30,0xd4, 
	0x39,0x36,0xf8,0x3f, 
	0xa0,0xff,0x10,0xf9, 
	0x06,0xc0,0x20,0x00, 
	0xe2,0x25,0xa7,0xe0, 
	0xe8,0x41,0xe9,0x66, 
	0xc0,0x20,0x00,0xd2, 
	0x25,0xbb,0xd0,0xdf, 
	0x05,0xd2,0x46,0x21, 
	0xc0,0x20,0x00,0xc2, 
	0x25,0xb1,0xc0,0xcc, 
	0x25,0xc2,0x46,0x25, 
	0xc0,0x20,0x00,0x32, 
	0x25,0xb1,0x30,0x34, 
	0x24,0x32,0x46,0x26, 
	0xc0,0x20,0x00,0xf2, 
	0x25,0xb7,0xf0,0xf0, 
	0x55,0xf2,0x46,0x2c, 
	0xc0,0x20,0x00,0xe2, 
	0x25,0xb7,0xe0,0xe8, 
	0x24,0xe2,0x46,0x27, 
	0xc0,0x20,0x00,0xd2, 
	0x25,0xb7,0xd0,0xd4, 
	0x24,0xd2,0x46,0x29, 
	0xc0,0x20,0x00,0xc2, 
	0x25,0xb7,0xc0,0xcc, 
	0x14,0x9c,0xbc,0xc0, 
	0x20,0x00,0xe2,0x25, 
	0xb7,0xe0,0xec,0x14, 
	0x26,0x1e,0x12,0xc0, 
	0x20,0x00,0xf2,0x25, 
	0xb7,0xf0,0xfc,0x14, 
	0x66,0x2f,0x08,0x7d, 
	0x09,0xc6,0x00,0x00, 
	0x8d,0x0b,0x7d,0x08, 
	0x72,0x46,0x24,0xc0, 
	0x20,0x00,0xb2,0x25, 
	0xb7,0xb0,0xb0,0x24, 
	0xb2,0x46,0x2a,0xc0, 
	0x20,0x00,0x92,0x24, 
	0x80,0x90,0x90,0x04, 
	0x92,0x46,0x28,0xc0, 
	0x20,0x00,0x82,0x25, 
	0xb8,0x80,0x88,0xf4, 
	0x89,0x46,0xc0,0x20, 
	0x00,0x32,0x25,0xa6, 
	0xa0,0x33,0x10,0x39, 
	0x76,0x06,0x64,0xff, 
	0x7d,0x0c,0x72,0x46, 
	0x2b,0xc0,0x20,0x00, 
	0xe2,0x25,0xba,0xe0, 
	0xec,0x25,0xe2,0x46, 
	0x2d,0xc0,0x20,0x00, 
	0xc2,0x25,0xba,0xc0, 
	0xc8,0x35,0xc7,0x3d, 
	0x08,0xc0,0x20,0x00, 
	0xb2,0x25,0xb7,0xb0, 
	0xb8,0x35,0xb2,0x46, 
	0x2e,0xc0,0x20,0x00, 
	0xc2,0x25,0xa6,0xa0, 
	0xcc,0x10,0xc9,0x66, 
	0x46,0x56,0xff,0x2d, 
	0x0b,0x06,0x8c,0xff, 
	0x2d,0x0b,0x46,0xa6, 
	0xff,0x9d,0x08,0x7d, 
	0x09,0x46,0x2e,0xff, 
	0x8d,0x0b,0x7d,0x08, 
	0x86,0xec,0xff,0xb2, 
	0x44,0x1c,0x46,0x1c, 
	0xff,0x82,0x44,0x1c, 
	0xc6,0x1a,0xff,0x62, 
	0x44,0x1c,0x46,0x19, 
	0xff,0x92,0x44,0x1c, 
	0xc6,0x17,0xff,0xc0, 
	0x20,0x00,0xd2,0x24, 
	0xbc,0xf7,0x7d,0x5f, 
	0xc0,0x20,0x00,0xd2, 
	0x24,0xbd,0xd2,0x46, 
	0x1c,0x31,0xc6,0x66, 
	0xc0,0x20,0x00,0x22, 
	0x24,0x93,0x30,0x22, 
	0x20,0xc0,0x20,0x00, 
	0x22,0x64,0x93,0xf1, 
	0xc1,0x66,0xc0,0x20, 
	0x00,0xe2,0x24,0x93, 
	0xf0,0xee,0x10,0xc0, 
	0x20,0x00,0xe2,0x64, 
	0x93,0xc6,0x4e,0xff, 
	0xc2,0x46,0x23,0x06, 
	0x68,0xff,0xc2,0x46, 
	0x27,0x86,0x82,0xff, 
	0xb2,0x46,0x23,0x06, 
	0x65,0xff,0xb2,0x46, 
	0x27,0x86,0x7f,0xff, 
	0x92,0x46,0x23,0x06, 
	0x62,0xff,0x92,0x46, 
	0x27,0x86,0x7c,0xff, 
	0x82,0x46,0x23,0x06, 
	0x5f,0xff,0x82,0x46, 
	0x27,0x86,0x79,0xff, 
	0xc0,0x20,0x00,0xe2, 
	0x24,0xb0,0xe0,0xe8, 
	0x05,0x56,0xfe,0xcf, 
	0x22,0xa0,0xff,0x86, 
	0x3d,0xff,0x00,0x00, 
	0x36,0x61,0x00,0x1c, 
	0x0d,0x0c,0x8c,0x0c, 
	0x7e,0x31,0x22,0x67, 
	0x71,0x72,0x67,0xb8, 
	0x32,0x41,0x8c,0x66, 
	0xf2,0x0b,0x34,0x2c, 
	0x18,0x87,0x1f,0x02, 
	0x46,0x28,0x00,0x91, 
	0xc4,0x66,0xc0,0x20, 
	0x00,0xb2,0x23,0xb3, 
	0xb0,0xb0,0xd4,0xc0, 
	0x20,0x00,0x62,0x24, 
	0xb1,0x60,0x6c,0x25, 
	0x69,0x31,0xc0,0x20, 
	0x00,0x52,0x24,0xb1, 
	0x50,0x54,0x24,0xc0, 
	0x20,0x00,0x62,0x24, 
	0xbf,0x60,0x6c,0x25, 
	0x69,0x21,0xc0,0x20, 
	0x00,0xf2,0x23,0xb7, 
	0xf0,0xf0,0x14,0xc0, 
	0x20,0x00,0x62,0x29, 
	0x95,0x60,0x60,0x25, 
	0xc0,0x20,0x00,0xe2, 
	0x24,0xbf,0xd9,0x01, 
	0xe0,0xef,0x05,0x16, 
	0xbe,0x10,0xc1,0x24, 
	0x67,0x88,0x31,0xe2, 
	0xa4,0x00,0x82,0xc8, 
	0xfb,0x56,0x98,0x0d, 
	0xd9,0x01,0x82,0xc5, 
	0xfc,0x56,0x68,0x52, 
	0xd8,0x21,0xd2,0xcd, 
	0xfa,0x56,0xed,0x51, 
	0x82,0xcf,0xfe,0x56, 
	0x48,0x6e,0x92,0xa3, 
	0x00,0xb7,0x39,0x02, 
	0xc6,0xb6,0x01,0xc2, 
	0xab,0xff,0xc0,0x20, 
	0x00,0xb2,0x23,0x86, 
	0xc0,0xbb,0x10,0xc0, 
	0x20,0x00,0xb2,0x63, 
	0x86,0xb1,0x4b,0x67, 
	0xc0,0x20,0x00,0xa2, 
	0x23,0x8f,0xa0,0xa0, 
	0xf4,0xb0,0xaa,0x20, 
	0xc0,0x20,0x00,0xa2, 
	0x63,0x8f,0x06,0x2d, 
	0x00,0x66,0xcf,0x50, 
	0xc0,0x20,0x00,0x82, 
	0x23,0xb3,0x80,0x80, 
	0xd4,0x89,0x11,0xc0, 
	0x20,0x00,0x62,0x24, 
	0xb1,0x60,0x6c,0x25, 
	0x69,0x31,0xc0,0x20, 
	0x00,0x52,0x24,0xb1, 
	0x50,0x54,0x24,0xc0, 
	0x20,0x00,0x82,0x23, 
	0xb7,0xc0,0x20,0x00, 
	0x62,0x24,0xb7,0x60, 
	0x6c,0x14,0xc0,0x20, 
	0x00,0xf2,0x24,0xb7, 
	0xf0,0xf8,0x41,0xf7, 
	0x8e,0x02,0xc6,0x37, 
	0x00,0x91,0x68,0x66, 
	0xc0,0x20,0x00,0x92, 
	0x29,0x80,0x90,0x90, 
	0x04,0x16,0x99,0x0c, 
	0x0c,0x06,0xc6,0x32, 
	0x00,0x66,0xbf,0x35, 
	0xc0,0x20,0x00,0x92, 
	0x24,0xb8,0x90,0x97, 
	0x04,0xc0,0x20,0x00, 
	0xb2,0x24,0xb8,0xb0, 
	0xb4,0x24,0xc0,0x20, 
	0x00,0xa2,0x24,0xb9, 
	0xa0,0xa4,0x25,0x16, 
	0x8b,0x33,0x66,0x19, 
	0x02,0x16,0x2a,0x33, 
	0xb1,0xdd,0x66,0xc0, 
	0x20,0x00,0xa2,0x23, 
	0x92,0xb0,0xaa,0x20, 
	0xc0,0x20,0x00,0xa2, 
	0x63,0x92,0x0c,0x02, 
	0x1d,0xf0,0xc0,0x20, 
	0x00,0x82,0x23,0x86, 
	0xe0,0x88,0x20,0xc0, 
	0x20,0x00,0x82,0x63, 
	0x86,0xc0,0x20,0x00, 
	0xf2,0x23,0x8f,0xf0, 
	0xf0,0xf4,0xc0,0xff, 
	0x20,0xc0,0x20,0x00, 
	0xf2,0x63,0x8f,0xd2, 
	0x61,0x00,0x20,0xa2, 
	0x20,0x25,0xa2,0x00, 
	0xb8,0x31,0x92,0xa3, 
	0x80,0x26,0x5b,0x02, 
	0x86,0x22,0x00,0xc2, 
	0xc5,0xfc,0x56,0xac, 
	0x30,0xc0,0x20,0x00, 
	0xd2,0x24,0x83,0xd0, 
	0xdb,0x04,0x56,0x1d, 
	0x4c,0xc0,0x20,0x00, 
	0xe2,0x23,0xb7,0xe0, 
	0xe1,0x04,0x16,0x5e, 
	0x4b,0xc0,0x20,0x00, 
	0xf2,0x23,0xb0,0xf0, 
	0xf3,0x05,0x56,0x9f, 
	0x4a,0xb8,0x22,0x9a, 
	0x8b,0x82,0x08,0x0d, 
	0x0b,0x88,0x56,0xd8, 
	0x49,0xd2,0xdb,0x03, 
	0xd2,0x1d,0x45,0xd0, 
	0x93,0x41,0xa7,0x39, 
	0x02,0x86,0x23,0x01, 
	0xd7,0x37,0x02,0x06, 
	0x22,0x01,0xad,0x02, 
	0x25,0x8a,0x00,0x46, 
	0x19,0x01,0x0c,0x1e, 
	0x0b,0x66,0x60,0x6e, 
	0x93,0x92,0xa0,0x80, 
	0x60,0xdc,0x93,0x88, 
	0x22,0xc1,0xb7,0x66, 
	0x9a,0x88,0xd2,0x48, 
	0xa1,0x92,0x0b,0x35, 
	0xb1,0x90,0x66,0xf2, 
	0xc9,0xf8,0x56,0x9f, 
	0x12,0xc0,0x20,0x00, 
	0xd2,0x23,0x9e,0xb0, 
	0xdd,0x10,0xc0,0xdd, 
	0x20,0xc0,0x20,0x00, 
	0xd2,0x63,0x9e,0x46, 
	0x50,0x00,0xc8,0x22, 
	0x9a,0xbc,0xe2,0x0b, 
	0x01,0xa1,0xaa,0x66, 
	0x66,0x1e,0x54,0xd2, 
	0xdc,0x03,0xe2,0x1d, 
	0x41,0xf2,0xa2,0x57, 
	0xe7,0xbf,0x02,0xc6, 
	0xfe,0x00,0xc1,0x23, 
	0x66,0xc0,0x20,0x00, 
	0x82,0x2c,0x95,0x80, 
	0x8f,0x05,0x16,0xb8, 
	0x39,0xc0,0x20,0x00, 
	0x92,0x2c,0xa7,0x90, 
	0x9b,0x05,0x16,0xf9, 
	0x38,0xc0,0x20,0x00, 
	0xb2,0x2c,0x9c,0xb0, 
	0xbf,0x05,0x16,0x5b, 
	0x41,0x0c,0xff,0xc0, 
	0x20,0x00,0xe2,0x2c, 
	0x9c,0xa0,0xee,0x10, 
	0xf0,0xee,0x20,0xc0, 
	0x20,0x00,0xe2,0x6c, 
	0x9c,0xb8,0x32,0x92, 
	0x0b,0x35,0xe2,0x1d, 
	0x41,0x46,0xda,0x00, 
	0x98,0x32,0x92,0x09, 
	0x35,0xb1,0x70,0x66, 
	0x66,0x79,0x14,0xc0, 
	0x20,0x00,0xc2,0x23, 
	0xa4,0xa0,0xcc,0x10, 
	0xb0,0xcc,0x20,0xc0, 
	0x20,0x00,0xc2,0x63, 
	0xa4,0x06,0x0b,0x00, 
	0x66,0x69,0x14,0xc0, 
	0x20,0x00,0xd2,0x23, 
	0xa4,0xa0,0xdd,0x10, 
	0xb0,0xdd,0x20,0xc0, 
	0x20,0x00,0xd2,0x63, 
	0xa4,0x06,0x05,0x00, 
	0xf2,0xa5,0x00,0xc0, 
	0x20,0x00,0xe2,0x23, 
	0xa4,0xa0,0xee,0x10, 
	0xf0,0xee,0x20,0xc0, 
	0x20,0x00,0xe2,0x63, 
	0xa4,0x7c,0xd9,0xc0, 
	0x20,0x00,0xf2,0x23, 
	0xb7,0xf0,0xf0,0x14, 
	0xdc,0x3f,0x56,0x26, 
	0x1b,0xc0,0x20,0x00, 
	0x82,0x23,0xa3,0x90, 
	0x88,0x10,0xc0,0x20, 
	0x00,0x82,0x63,0xa3, 
	0x86,0x03,0x00,0xc0, 
	0x20,0x00,0xa2,0x23, 
	0xa3,0x90,0xaa,0x10, 
	0xc0,0x20,0x00,0xa2, 
	0x63,0xa3,0x91,0xd8, 
	0x65,0xdc,0x66,0xc1, 
	0xb9,0x66,0xc0,0x20, 
	0x00,0xb2,0x23,0x9e, 
	0x90,0xbb,0x10,0xc0, 
	0xbb,0x20,0xc0,0x20, 
	0x00,0xb2,0x63,0x9e, 
	0x86,0x8f,0xff,0xd1, 
	0x89,0x66,0xc0,0x20, 
	0x00,0xc2,0x23,0x9e, 
	0x90,0xcc,0x10,0xd0, 
	0xcc,0x20,0xc0,0x20, 
	0x00,0xc2,0x63,0x9e, 
	0x86,0x89,0xff,0x66, 
	0x69,0x17,0xe1,0x59, 
	0x66,0xc0,0x20,0x00, 
	0xd2,0x23,0x9e,0xb0, 
	0xdd,0x10,0xe0,0xdd, 
	0x20,0xc0,0x20,0x00, 
	0xd2,0x63,0x9e,0x46, 
	0x04,0x00,0xc0,0x20, 
	0x00,0xe2,0x23,0x9e, 
	0xb0,0xee,0x10,0xc0, 
	0xee,0x20,0xc0,0x20, 
	0x00,0xe2,0x63,0x9e, 
	0x20,0xa2,0x20,0x65, 
	0x84,0x00,0xf2,0x21, 
	0x03,0x0b,0xff,0x56, 
	0x0f,0x0a,0x56,0x85, 
	0x05,0xc0,0x20,0x00, 
	0x82,0x24,0x83,0xb7, 
	0x68,0x02,0x46,0x24, 
	0x00,0xc0,0x20,0x00, 
	0x92,0x23,0xb7,0x17, 
	0xe9,0x02,0x46,0x21, 
	0x00,0xc0,0x20,0x00, 
	0xb2,0x23,0xb0,0x37, 
	0xfb,0x7c,0xb8,0x22, 
	0xc2,0xa3,0x80,0xca, 
	0xcb,0xd2,0x0c,0x0d, 
	0x66,0x1d,0x6f,0xb2, 
	0xdb,0x03,0xb2,0x1b, 
	0x45,0xb7,0xb7,0x66, 
	0xd2,0x0c,0x0c,0xf6, 
	0x3d,0x60,0xf8,0x11, 
	0xe2,0xa5,0x60,0xf7, 
	0x3e,0x02,0x46,0xfa, 
	0x00,0xb0,0x85,0x41, 
	0xa7,0x38,0x02,0x06, 
	0xf8,0x00,0xad,0x02, 
	0xe5,0x6b,0x00,0x06, 
	0x11,0x00,0x92,0xc5, 
	0xfe,0x56,0x99,0x18, 
	0xc0,0x20,0x00,0xb2, 
	0x24,0x83,0xb7,0xeb, 
	0x35,0xc0,0x20,0x00, 
	0xc2,0x23,0xb7,0x17, 
	0x6c,0x2c,0xc0,0x20, 
	0x00,0xd2,0x23,0xb0, 
	0x37,0xfd,0x23,0xb2, 
	0x22,0x02,0xe2,0xa3, 
	0x80,0xe0,0xeb,0x80, 
	0xe2,0x0e,0x0d,0x66, 
	0x1e,0x14,0xb2,0xdb, 
	0x03,0xb2,0x1b,0x45, 
	0xb0,0xf4,0x41,0xa7, 
	0xbf,0x08,0xb7,0xb7, 
	0x05,0x20,0xa2,0x20, 
	0x65,0x67,0x00,0xa1, 
	0x95,0x65,0x66,0x26, 
	0x38,0xc8,0x31,0x66, 
	0x1c,0x33,0xe8,0x11, 
	0x4c,0x0d,0xe7,0x3d, 
	0x2c,0x91,0x43,0x66, 
	0xc0,0x20,0x00,0x82, 
	0x23,0xa4,0xa0,0x88, 
	0x10,0x90,0x88,0x20, 
	0xc0,0x20,0x00,0x82, 
	0x63,0xa4,0x81,0x6d, 
	0x66,0xc0,0x20,0x00, 
	0xf2,0x23,0xa5,0xf0, 
	0xf0,0xf4,0x80,0xff, 
	0x20,0xc0,0x20,0x00, 
	0xf2,0x63,0xa5,0xc6, 
	0x42,0xff,0xc1,0x51, 
	0x66,0xc0,0x20,0x00, 
	0xb2,0x23,0xa4,0xa0, 
	0xbb,0x10,0xc0,0xbb, 
	0x20,0xc0,0x20,0x00, 
	0xb2,0x63,0xa4,0xb1, 
	0x63,0x66,0xc0,0x20, 
	0x00,0x92,0x23,0xa5, 
	0x90,0x90,0xf4,0xb0, 
	0x99,0x20,0xc0,0x20, 
	0x00,0x92,0x63,0xa5, 
	0x86,0x37,0xff,0xd1, 
	0xd6,0x65,0xc0,0x20, 
	0x00,0xc2,0x23,0x92, 
	0xd0,0xcc,0x10,0xc0, 
	0x20,0x00,0xc2,0x63, 
	0x92,0x46,0x32,0xff, 
	0x0c,0x2f,0xc0,0x20, 
	0x00,0xe2,0x23,0xa3, 
	0xf0,0xee,0x20,0xc0, 
	0x20,0x00,0xe2,0x63, 
	0xa3,0x46,0x96,0xff, 
	0x56,0xf5,0x04,0xc0, 
	0x20,0x00,0x82,0x24, 
	0x83,0x80,0x8b,0x04, 
	0x56,0xb8,0x1b,0xc0, 
	0x20,0x00,0xb2,0x23, 
	0xb7,0xb0,0xb1,0x04, 
	0x16,0xfb,0x1a,0xc0, 
	0x20,0x00,0xc2,0x23, 
	0xb0,0xc0,0xc3,0x05, 
	0x56,0x3c,0x1a,0xb2, 
	0x22,0x02,0x90,0xdb, 
	0x80,0xd2,0x0d,0x0d, 
	0xd2,0xcd,0xff,0x56, 
	0x4d,0x19,0xd2,0xdb, 
	0x03,0xd2,0x1d,0x45, 
	0xd0,0xe4,0x41,0xa7, 
	0x3e,0x02,0x46,0x61, 
	0x00,0xd7,0x37,0x02, 
	0xc6,0x5f,0x00,0xad, 
	0x02,0x25,0x59,0x00, 
	0x06,0x55,0x00,0xe2, 
	0xc5,0xff,0x56,0x8e, 
	0x14,0xc0,0x20,0x00, 
	0xf2,0x24,0x83,0xf0, 
	0xfb,0x04,0x56,0xef, 
	0x14,0xc0,0x20,0x00, 
	0x82,0x23,0xb7,0x80, 
	0x81,0x04,0x16,0x28, 
	0x14,0xc0,0x20,0x00, 
	0xb2,0x23,0xb0,0xb0, 
	0xb3,0x05,0x56,0x6b, 
	0x13,0xc2,0x22,0x02, 
	0x90,0xbc,0x80,0xd2, 
	0x0b,0x0d,0x0b,0xdd, 
	0x56,0x8d,0x12,0xd2, 
	0xdc,0x03,0xd2,0x1d, 
	0x45,0xd7,0x37,0x02, 
	0x06,0x47,0x00,0xe8, 
	0x21,0x0b,0xee,0x56, 
	0x8e,0x22,0xd0,0xf5, 
	0x41,0xa7,0x3f,0x02, 
	0xc6,0x87,0x00,0xad, 
	0x02,0x65,0x53,0x00, 
	0xc8,0x22,0xb2,0xa3, 
	0x80,0xba,0xbc,0xc6, 
	0x31,0xff,0xc2,0xc5, 
	0xfd,0x56,0xec,0xea, 
	0xc0,0x20,0x00,0xd2, 
	0x24,0x83,0xd0,0xdb, 
	0x04,0x56,0x2d,0xea, 
	0xc0,0x20,0x00,0xe2, 
	0x23,0xb7,0xe0,0xe1, 
	0x04,0x16,0x6e,0xe9, 
	0xc0,0x20,0x00,0xf2, 
	0x23,0xb0,0xf0,0xf3, 
	0x05,0x56,0xaf,0xe8, 
	0xb2,0x22,0x02,0x82, 
	0xa3,0x80,0x80,0x8b, 
	0x80,0x82,0x08,0x0d, 
	0x82,0xc8,0xff,0x56, 
	0x88,0xe7,0xb2,0xdb, 
	0x03,0xb2,0x1b,0x45, 
	0xb0,0x93,0x41,0xa7, 
	0x39,0x02,0x46,0x9a, 
	0xff,0xb7,0x37,0x02, 
	0xc6,0x98,0xff,0xad, 
	0x02,0x65,0x4d,0x00, 
	0xc6,0x96,0xff,0x66, 
	0x15,0x3b,0xc0,0x20, 
	0x00,0xf2,0x23,0x86, 
	0xe0,0xff,0x20,0xc0, 
	0x20,0x00,0xd8,0x21, 
	0xf2,0x63,0x86,0xd2, 
	0xcd,0xfd,0x56,0x8d, 
	0x18,0x91,0xd2,0x65, 
	0xc0,0x20,0x00,0x82, 
	0x23,0x8f,0x80,0x80, 
	0xf4,0x90,0x88,0x20, 
	0xc0,0x20,0x00,0x82, 
	0x63,0x8f,0x06,0xe7, 
	0xfe,0x98,0x32,0x92, 
	0x09,0x35,0x1b,0xbe, 
	0xb2,0x5d,0x41,0x86, 
	0x24,0xff,0x66,0x25, 
	0x1c,0xd8,0x21,0x66, 
	0x1d,0x17,0xf1,0x92, 
	0x65,0xc0,0x20,0x00, 
	0xe2,0x23,0x8f,0xe0, 
	0xe0,0xf4,0xf0,0xee, 
	0x20,0xc0,0x20,0x00, 
	0xe2,0x63,0x8f,0xc6, 
	0xdb,0xfe,0xc0,0x20, 
	0x00,0x82,0x23,0x86, 
	0xe0,0x88,0x20,0xc0, 
	0x20,0x00,0x82,0x63, 
	0x86,0xc0,0x20,0x00, 
	0xf2,0x23,0x8f,0xf0, 
	0xf0,0xf4,0xc0,0xff, 
	0x20,0xc0,0x20,0x00, 
	0xf2,0x63,0x8f,0xc6, 
	0xd2,0xfe,0x0c,0x0c, 
	0xc2,0x4b,0x01,0x98, 
	0x32,0xc2,0x5d,0x41, 
	0x92,0x09,0x35,0x86, 
	0x0f,0xff,0x20,0xa2, 
	0x20,0xe5,0x46,0x00, 
	0xc2,0x22,0x02,0xb2, 
	0xa3,0x80,0xb0,0xbc, 
	0x80,0x46,0xf2,0xfe, 
	0xad,0x02,0xe5,0x45, 
	0x00,0xc8,0x22,0xb2, 
	0xa3,0x80,0xba,0xbc, 
	0x86,0xee,0xfe,0xad, 
	0x02,0xe5,0x44,0x00, 
	0x06,0xf7,0xff,0xad, 
	0x02,0x65,0x44,0x00, 
	0x06,0xf5,0xff,0xb8, 
	0x32,0xe2,0x0b,0x51, 
	0x66,0x1e,0x16,0x0c, 
	0xa8,0xc0,0x20,0x00, 
	0xf2,0x2c,0x9c,0xa0, 
	0xff,0x10,0x80,0xff, 
	0x20,0xc0,0x20,0x00, 
	0xf2,0x6c,0x9c,0xc6, 
	0x04,0x00,0xc0,0x20, 
	0x00,0x82,0x2c,0x9c, 
	0x0c,0x89,0xa0,0x88, 
	0x10,0x90,0x88,0x20, 
	0xc0,0x20,0x00,0x82, 
	0x6c,0x9c,0xc0,0x20, 
	0x00,0x91,0x23,0x65, 
	0x92,0x29,0x80,0x90, 
	0x98,0x75,0x26,0x19, 
	0x02,0x86,0xee,0xfe, 
	0xf1,0xce,0x65,0xc0, 
	0x20,0x00,0xe1,0x1e, 
	0x65,0xe2,0x2e,0x8d, 
	0xf7,0x1e,0x02,0x06, 
	0xea,0xfe,0xc0,0x20, 
	0x00,0xf1,0x1a,0x65, 
	0xf2,0x2f,0x8e,0xf2, 
	0xcf,0xfe,0x56,0x9f, 
	0xb9,0x91,0xc6,0x65, 
	0xc0,0x20,0x00,0x81, 
	0x16,0x65,0x82,0x28, 
	0x95,0x90,0x88,0xc0, 
	0x56,0x78,0xb8,0xc0, 
	0x20,0x00,0xe1,0x12, 
	0x65,0xe2,0x2e,0x96, 
	0x90,0xee,0xc0,0x56, 
	0x8e,0xb7,0x81,0xbf, 
	0x65,0x92,0x0b,0x35, 
	0xc0,0x20,0x00,0xf1, 
	0x0d,0x65,0xf2,0x2f, 
	0x97,0x80,0xff,0xc0, 
	0x56,0x6f,0xb6,0x82, 
	0xc9,0xfa,0x56,0x08, 
	0xb6,0xe1,0xb9,0x65, 
	0xc0,0x20,0x00,0xe2, 
	0x6c,0x89,0x6c,0xc9, 
	0xc0,0x20,0x00,0x82, 
	0x2c,0x88,0x90,0x88, 
	0x10,0x98,0x01,0x90, 
	0x88,0x20,0xc0,0x20, 
	0x00,0x82,0x6c,0x88, 
	0xf1,0xb3,0x65,0xc0, 
	0x20,0x00,0xf2,0x6c, 
	0x81,0xe1,0xdd,0x64, 
	0xc0,0x20,0x00,0x92, 
	0x2c,0x84,0xe0,0x99, 
	0x10,0xc0,0x20,0x00, 
	0x92,0x6c,0x84,0x06, 
	0xc8,0xfe,0xc0,0x20, 
	0x00,0xf2,0x23,0x8f, 
	0xf0,0xf0,0xf4,0xc0, 
	0xff,0x20,0xc0,0x20, 
	0x00,0xf2,0x63,0x8f, 
	0x86,0x85,0xfe,0xd0, 
	0x83,0x41,0xa7,0x38, 
	0x02,0x46,0xab,0xfe, 
	0xad,0x02,0xe5,0x30, 
	0x00,0xc6,0x74,0xff, 
	0x00,0x00,0x00,0xc0, 
	0x20,0x00,0xa2,0x23, 
	0x86,0xe0,0xaa,0x20, 
	0xc0,0x20,0x00,0xa2, 
	0x63,0x86,0xc0,0x20, 
	0x00,0x92,0x23,0x8f, 
	0x90,0x90,0xf4,0xc0, 
	0x99,0x20,0xc0,0x20, 
	0x00,0x92,0x63,0x8f, 
	0x86,0x77,0xfe,0xb0, 
	0xc4,0x41,0xa7,0x3c, 
	0x02,0x86,0x18,0xff, 
	0xad,0x02,0x65,0x2d, 
	0x00,0x86,0x16,0xff, 
	0x36,0x41,0x00,0x0c, 
	0x16,0x0c,0x03,0xc2, 
	0xa3,0x80,0xf1,0xa4, 
	0x64,0x71,0xb5,0x64, 
	0xc0,0x20,0x00,0xb2, 
	0x27,0xb5,0x1b,0xbb, 
	0xc0,0x20,0x00,0xb2, 
	0x67,0xb5,0xa8,0x32, 
	0xb8,0x02,0xa2,0x0a, 
	0x34,0xa2,0x4b,0x02, 
	0x82,0xca,0xf0,0x16, 
	0x48,0x0b,0x42,0xa0, 
	0x80,0x0c,0x25,0x0c, 
	0x3d,0xe2,0xca,0xe0, 
	0x16,0xde,0x08,0x2c, 
	0x1f,0xf7,0x9a,0x68, 
	0xe8,0x22,0x71,0xd1, 
	0x64,0x4a,0x9e,0x92, 
	0x09,0xd7,0xad,0x0e, 
	0x66,0x29,0x5d,0xa8, 
	0x8e,0x25,0x70,0xfd, 
	0xc1,0x80,0x65,0xb8, 
	0x02,0xa7,0xbc,0x02, 
	0x06,0x3e,0x00,0xc0, 
	0x20,0x00,0xe2,0x27, 
	0x92,0xe0,0xeb,0x05, 
	0x56,0x7e,0x0f,0x5d, 
	0x06,0x86,0x3c,0x00, 
	0xc0,0x20,0x00,0x92, 
	0x27,0x92,0x90,0x9b, 
	0x05,0x92,0x4c,0x1b, 
	0x92,0x4b,0x00,0xac, 
	0x69,0x4a,0xba,0xb2, 
	0x0b,0xd4,0x9c,0xfb, 
	0x65,0xd0,0xf9,0xc8, 
	0x22,0xd8,0x8c,0xe1, 
	0x94,0x64,0xd0,0xda, 
	0xc0,0xe0,0xdd,0xc2, 
	0xd0,0xd0,0xb4,0xe1, 
	0xba,0x64,0xc0,0x20, 
	0x00,0xd2,0x6e,0xd6, 
	0x4a,0xcc,0x32,0x4c, 
	0xd4,0x0c,0x02,0x1d, 
	0xf0,0x8c,0x39,0x66, 
	0x39,0x04,0x6d,0x0d, 
	0x62,0x4b,0x01,0xca, 
	0xea,0xe2,0x0e,0x0f, 
	0xc8,0x92,0x66,0x1e, 
	0xae,0x0c,0x09,0x32, 
	0x4c,0x1b,0x86,0xec, 
	0xff,0xe8,0x22,0xca, 
	0xae,0x82,0x0a,0x09, 
	0x4a,0x9e,0x26,0x18, 
	0x46,0x62,0x4b,0x01, 
	0x98,0x72,0x32,0x49, 
	0x23,0x32,0x4b,0x00, 
	0x46,0xf1,0xff,0xd8, 
	0x62,0xc0,0x20,0x00, 
	0x92,0x2f,0xb7,0x90, 
	0x9c,0x05,0x92,0x4d, 
	0x1f,0x92,0x4b,0x00, 
	0xa8,0x22,0xca,0xaa, 
	0xd2,0x0a,0x04,0x66, 
	0x1d,0xaa,0x66,0x19, 
	0xa7,0x32,0x4a,0x04, 
	0xd1,0x7b,0x64,0xc1, 
	0x7d,0x64,0xc0,0x20, 
	0x00,0xb2,0x2c,0x80, 
	0xd0,0xbb,0x20,0xc0, 
	0x20,0x00,0xb2,0x6c, 
	0x80,0x06,0xe3,0xff, 
	0x92,0x09,0xd7,0x26, 
	0x19,0x0b,0xcc,0x39, 
	0x5d,0x06,0x06,0x01, 
	0x00,0x66,0x39,0x04, 
	0x5d,0x0d,0x52,0x4b, 
	0x01,0xc2,0x0a,0x0f, 
	0xa8,0x72,0x66,0x1c, 
	0x10,0x0c,0x09,0x32, 
	0x4a,0x23,0x92,0x4b, 
	0x00,0xc0,0x20,0x00, 
	0x92,0x67,0xb6,0x86, 
	0xd7,0xff,0xc0,0x20, 
	0x00,0x92,0x2f,0xb7, 
	0x90,0x9c,0x05,0x3d, 
	0x09,0x86,0xf8,0xff, 
	0xc0,0x20,0x00,0xc2, 
	0x27,0x92,0xb7,0xfc, 
	0x01,0x0c,0x35,0xc2, 
	0xa3,0x80,0x52,0x4b, 
	0x01,0xa8,0x22,0x06, 
	0xd2,0xff,0x00,0x00, 
	0x36,0x41,0x00,0xb1, 
	0x39,0x65,0xa1,0x84, 
	0x64,0xc0,0x20,0x00, 
	0x92,0x2a,0x84,0xb0, 
	0x99,0x20,0xc0,0x20, 
	0x00,0x38,0x22,0x0c, 
	0x14,0x0c,0x02,0x92, 
	0x6a,0x84,0x82,0xd3, 
	0x03,0x32,0xd3,0x03, 
	0x42,0x48,0x62,0x22, 
	0x43,0x98,0x1d,0xf0, 
	0x36,0x41,0x00,0xb8, 
	0x22,0x32,0xa3,0x80, 
	0x3a,0x8b,0x82,0x08, 
	0x18,0x0c,0x15,0xcc, 
	0xe8,0x25,0xbe,0xf9, 
	0x98,0x22,0xa2,0x69, 
	0xe7,0x3a,0x99,0x52, 
	0x49,0x18,0x86,0x16, 
	0x00,0x32,0xa2,0x80, 
	0x41,0x72,0x64,0xc0, 
	0x20,0x00,0xc2,0x24, 
	0x85,0xc0,0xc8,0x14, 
	0x26,0x3c,0x10,0xa2, 
	0x2b,0xe7,0x25,0x58, 
	0xfd,0xd1,0x21,0x65, 
	0xb8,0x22,0xa7,0x3d, 
	0x02,0x86,0x32,0x00, 
	0xa8,0x32,0xa2,0x0a, 
	0x34,0x2c,0x1c,0x26, 
	0xca,0x31,0xc7,0x1a, 
	0x2e,0x3a,0x9b,0xa1, 
	0x8c,0x64,0xc0,0x20, 
	0x00,0x82,0x24,0x80, 
	0xa0,0x88,0x10,0xc0, 
	0x20,0x00,0x82,0x64, 
	0x80,0xf1,0x17,0x65, 
	0xc0,0x20,0x00,0xe2, 
	0x24,0x84,0xf0,0xee, 
	0x10,0xc0,0x20,0x00, 
	0xe2,0x64,0x84,0x0c, 
	0x2d,0xd2,0x49,0xe2, 
	0x0c,0x02,0x1d,0xf0, 
	0xd1,0x37,0x64,0xe2, 
	0xa1,0x00,0xc1,0x1e, 
	0x64,0x3a,0x9b,0xa2, 
	0x09,0xe3,0xb1,0x35, 
	0x64,0xec,0x8a,0xc0, 
	0x20,0x00,0xf2,0x2c, 
	0x80,0xd0,0xdf,0x10, 
	0xc0,0x20,0x00,0xd2, 
	0x6c,0x80,0xc0,0x20, 
	0x00,0xc2,0x2b,0xc0, 
	0xe0,0xcc,0x20,0xc0, 
	0x20,0x00,0xc2,0x6b, 
	0xc0,0x25,0xb4,0xf9, 
	0xb8,0x22,0xa9,0x7b, 
	0x3a,0x9b,0x46,0xe5, 
	0xff,0x66,0x1a,0x28, 
	0xc0,0x20,0x00,0x92, 
	0x2c,0x80,0xd0,0x99, 
	0x10,0xc0,0x20,0x00, 
	0x92,0x6c,0x80,0xc0, 
	0x20,0x00,0x82,0x2b, 
	0xc0,0xe0,0x88,0x20, 
	0xc0,0x20,0x00,0x82, 
	0x6b,0xc0,0x65,0xb1, 
	0xf9,0xb8,0x22,0xa2, 
	0x6b,0x16,0x86,0xf3, 
	0xff,0xb2,0xca,0xfe, 
	0x56,0x3b,0xf6,0xe1, 
	0xf6,0x64,0xd1,0x3d, 
	0x64,0xc0,0x20,0x00, 
	0xc2,0x2d,0x80,0xe0, 
	0xcc,0x10,0xc0,0x20, 
	0x00,0xc2,0x6d,0x80, 
	0xe5,0xae,0xf9,0xb8, 
	0x22,0xa2,0x6b,0x1c, 
	0x06,0xea,0xff,0x3a, 
	0xfb,0x52,0x4f,0xe2, 
	0x06,0xd9,0xff,0x00, 
	0x36,0x41,0x00,0x41, 
	0x94,0x64,0x31,0x33, 
	0x64,0xc0,0x20,0x00, 
	0x22,0x23,0x80,0x40, 
	0x22,0x20,0xc0,0x20, 
	0x00,0x22,0x63,0x80, 
	0x0c,0x02,0x1d,0xf0, 
	0x36,0x41,0x00,0x0c, 
	0x13,0x82,0xa2,0x80, 
	0x42,0xa0,0x80,0x58, 
	0x22,0x0c,0x02,0x4a, 
	0x45,0x8a,0x55,0x22, 
	0x44,0x9f,0x22,0x44, 
	0x9d,0x22,0x44,0x9c, 
	0x22,0x44,0x9b,0x22, 
	0x44,0x9a,0x22,0x44, 
	0xa0,0x32,0x45,0xe3, 
	0x32,0x45,0xe4,0x22, 
	0x45,0xe2,0x32,0x44, 
	0xb3,0x1d,0xf0,0x00, 
	0x36,0x41,0x00,0x0c, 
	0x66,0x38,0x22,0x7c, 
	0x05,0x32,0xd3,0x03, 
	0x32,0x03,0x64,0x41, 
	0xe2,0x63,0x66,0x13, 
	0x14,0xc0,0x20,0x00, 
	0x82,0x24,0x94,0x50, 
	0x88,0x10,0x60,0x88, 
	0x20,0xc0,0x20,0x00, 
	0x82,0x64,0x94,0x46, 
	0x14,0x00,0x91,0x16, 
	0x64,0xc0,0x20,0x00, 
	0x92,0x29,0x92,0xc7, 
	0x79,0x33,0xa8,0x32, 
	0xa2,0x0a,0x35,0x0c, 
	0x5d,0x66,0x6a,0x14, 
	0xc0,0x20,0x00,0xb2, 
	0x24,0x94,0x50,0xbb, 
	0x10,0x60,0xbb,0x20, 
	0xc0,0x20,0x00,0xb2, 
	0x64,0x94,0x86,0x09, 
	0x00,0xc0,0x20,0x00, 
	0xc2,0x24,0x94,0x50, 
	0xcc,0x10,0xd0,0xcc, 
	0x20,0xc0,0x20,0x00, 
	0xc2,0x64,0x94,0x46, 
	0x04,0x00,0xc0,0x20, 
	0x00,0xd2,0x24,0x94, 
	0x50,0xdd,0x10,0x60, 
	0xdd,0x20,0xc0,0x20, 
	0x00,0xd2,0x64,0x94, 
	0x0c,0x02,0x1d,0xf0, 
	0x36,0x41,0x00,0x31, 
	0xc5,0x63,0xc0,0x20, 
	0x00,0x42,0x23,0xb1, 
	0x40,0x44,0x24,0xc0, 
	0x20,0x00,0x32,0x23, 
	0xbf,0x30,0x3c,0x25, 
	0x9c,0x14,0x26,0x14, 
	0x47,0x26,0x24,0x49, 
	0x82,0xc4,0xfd,0x0c, 
	0x26,0x0c,0x75,0x80, 
	0x56,0x83,0x46,0x00, 
	0x00,0x0c,0x55,0x21, 
	0x8f,0x64,0x9c,0xa3, 
	0xe6,0x33,0x02,0xe6, 
	0x13,0x10,0xe6,0x53, 
	0x07,0xa6,0x33,0x04, 
	0x0c,0xc4,0x06,0x03, 
	0x00,0xe6,0x73,0x02, 
	0xe6,0x53,0x14,0x0c, 
	0x64,0x46,0x00,0x00, 
	0x0c,0x34,0x00,0x05, 
	0x40,0x20,0x20,0xb1, 
	0x20,0x24,0xd1,0x20, 
	0x20,0xf4,0x1d,0xf0, 
	0x1c,0x84,0x06,0xfb, 
	0xff,0x0c,0x45,0x06, 
	0xf1,0xff,0x0c,0x35, 
	0xc6,0xef,0xff,0x00, 
	0x36,0xc1,0x00,0x0c, 
	0x0b,0xa8,0x22,0x52, 
	0xa3,0x80,0xc2,0xda, 
	0x03,0x5a,0xaa,0xb2, 
	0x4a,0x0c,0xb2,0x5c, 
	0x45,0x31,0x38,0x64, 
	0xc0,0x20,0x00,0x82, 
	0x23,0xb1,0x80,0x9b, 
	0x05,0x92,0x4a,0x0d, 
	0xc0,0x20,0x00,0x42, 
	0x23,0xb7,0x80,0x8b, 
	0x05,0x40,0x40,0x14, 
	0x16,0x48,0x0a,0x40, 
	0xb1,0x04,0x16,0xeb, 
	0x09,0xad,0x02,0x65, 
	0xf5,0xff,0xc0,0x20, 
	0x00,0xf2,0x23,0x51, 
	0x68,0x22,0xf0,0xf0, 
	0xa4,0xc0,0x20,0x00, 
	0x0c,0x09,0x2d,0x01, 
	0xe2,0xc1,0x20,0xc2, 
	0x23,0xb5,0xd2,0xd6, 
	0x03,0xc0,0xc0,0xf5, 
	0xc2,0x5d,0x45,0x30, 
	0x89,0x90,0xc0,0x20, 
	0x00,0xb2,0x28,0x41, 
	0xc0,0x20,0x00,0x82, 
	0x28,0x49,0xe0,0xc9, 
	0x90,0x80,0xd0,0xa5, 
	0xd2,0x5c,0x00,0x80, 
	0x80,0xa4,0x82,0x5c, 
	0x01,0xb0,0xd0,0xf5, 
	0x20,0xc9,0x90,0xd2, 
	0x5c,0x00,0xb2,0x5c, 
	0x01,0x2b,0x99,0x90, 
	0x90,0x74,0xb6,0xb9, 
	0xcd,0xbd,0x01,0x32, 
	0xc1,0x20,0xc2,0xc1, 
	0x20,0x5a,0x66,0x0c, 
	0x02,0x40,0x50,0x04, 
	0x42,0xc1,0x1c,0xd2, 
	0x1b,0x00,0x1c,0x09, 
	0xd7,0xb2,0x09,0xe2, 
	0x1c,0x00,0x9c,0xb5, 
	0xe7,0xbf,0x01,0x2d, 
	0x0d,0x2b,0xcc,0xd7, 
	0xb9,0x0a,0xb7,0x34, 
	0x07,0xd2,0x06,0x0c, 
	0x1b,0xdd,0xd2,0x46, 
	0x0c,0x2b,0xbb,0x37, 
	0x9b,0xd8,0x06,0x03, 
	0x00,0xe7,0xba,0xe4, 
	0xe7,0x3f,0xe1,0x2d, 
	0x0d,0x06,0xf7,0xff, 
	0x0c,0x02,0x1d,0xf0, 
	0x36,0x41,0x00,0x0c, 
	0x3f,0x0c,0x1d,0x0c, 
	0x0c,0xa8,0x32,0xb2, 
	0xa3,0x80,0xa2,0x0a, 
	0x34,0xe2,0xa0,0xff, 
	0x66,0xca,0x33,0x98, 
	0x22,0x81,0x6c,0x63, 
	0xba,0xb9,0xc0,0x20, 
	0x00,0x82,0x28,0xb7, 
	0x80,0x8c,0x05,0x16, 
	0x68,0x08,0xa8,0x72, 
	0xa2,0x0a,0x20,0xe7, 
	0x9a,0x61,0xc2,0x0b, 
	0x10,0x56,0x5c,0x04, 
	0xa2,0x0b,0x0e,0x0c, 
	0xee,0xa7,0xbe,0x02, 
	0xc6,0x24,0x00,0x1b, 
	0xfa,0xf2,0x4b,0x0e, 
	0x86,0x0c,0x00,0x2c, 
	0x18,0x87,0x9a,0x2d, 
	0xa8,0x22,0x91,0x99, 
	0x63,0xba,0xba,0xc0, 
	0x20,0x00,0x92,0x29, 
	0x92,0xb7,0x79,0x44, 
	0xa8,0x92,0xa2,0x0a, 
	0x18,0xe7,0x9a,0x19, 
	0xc2,0x0b,0x10,0xcc, 
	0xfc,0xa2,0x0b,0x0e, 
	0xf6,0x5a,0x53,0x1b, 
	0xda,0xd2,0x4b,0x0e, 
	0x86,0x00,0x00,0xc2, 
	0x4b,0x0e,0x0c,0x02, 
	0x1d,0xf0,0x56,0x5a, 
	0xff,0x92,0x0b,0x11, 
	0xb6,0x39,0x2b,0xf2, 
	0x4b,0x11,0xd2,0x4b, 
	0x10,0x46,0xfa,0xff, 
	0xdc,0x3a,0x92,0x0b, 
	0x11,0xb6,0x39,0x22, 
	0xf2,0x4b,0x11,0xd2, 
	0x4b,0x10,0x06,0xf6, 
	0xff,0xc2,0x4b,0x0e, 
	0x86,0xf4,0xff,0xc2, 
	0x4b,0x0e,0x06,0xf3, 
	0xff,0xc2,0x4b,0x0e, 
	0x86,0xf1,0xff,0x1b, 
	0xe9,0xe2,0x4b,0x11, 
	0x86,0xef,0xff,0x1b, 
	0xf9,0xf2,0x4b,0x11, 
	0x86,0xed,0xff,0xad, 
	0x02,0xd2,0x4b,0x0f, 
	0x0c,0x58,0x82,0x4b, 
	0x0e,0x25,0x94,0xf9, 
	0x86,0xe9,0xff,0xad, 
	0x02,0xd2,0x4b,0x0f, 
	0x0c,0xf9,0x92,0x4b, 
	0x0e,0x25,0x93,0xf9, 
	0x86,0xe5,0xff,0x00, 
	0x36,0x41,0x00,0x41, 
	0x73,0x63,0x0c,0x09, 
	0x0c,0x27,0x0c,0x68, 
	0x0c,0xf6,0x58,0x92, 
	0x0c,0x42,0xc0,0x20, 
	0x00,0x32,0x24,0x95, 
	0x30,0x30,0x25,0x16, 
	0x33,0x0c,0xc0,0x20, 
	0x00,0xa2,0x24,0x95, 
	0xa0,0xa0,0x25,0x0b, 
	0xaa,0x16,0xba,0x0b, 
	0xc0,0x20,0x00,0xb2, 
	0x24,0x95,0xb0,0xb0, 
	0x25,0xb2,0xcb,0xfe, 
	0x16,0x8b,0x0b,0xc0, 
	0x20,0x00,0xc2,0x24, 
	0x95,0xc0,0xc0,0x25, 
	0xc2,0xcc,0xfd,0x16, 
	0x3c,0x0a,0x62,0x45, 
	0x1c,0xc0,0x20,0x00, 
	0xd2,0x24,0x99,0xd0, 
	0xd0,0x25,0xac,0x7d, 
	0xc0,0x20,0x00,0xe2, 
	0x24,0x99,0xe0,0xe0, 
	0x25,0x26,0x1e,0x76, 
	0xc0,0x20,0x00,0xf2, 
	0x24,0x99,0xf0,0xf0, 
	0x25,0x26,0x2f,0x6c, 
	0xc0,0x20,0x00,0x32, 
	0x24,0x99,0x30,0x30, 
	0x25,0x66,0x33,0x06, 
	0x6d,0x08,0x46,0x00, 
	0x00,0x6d,0x09,0x62, 
	0x45,0x2a,0xc0,0x20, 
	0x00,0xe2,0x24,0x95, 
	0xe0,0xe4,0x25,0xe2, 
	0x45,0x1d,0xc0,0x20, 
	0x00,0xd2,0x24,0x99, 
	0xd0,0xd4,0x25,0xd2, 
	0x45,0x29,0xc0,0x20, 
	0x00,0xc2,0x24,0x94, 
	0xc0,0xc8,0x75,0xc2, 
	0x45,0x1f,0xc0,0x20, 
	0x00,0xb2,0x24,0x98, 
	0xb0,0xb8,0x75,0xb2, 
	0x45,0x2b,0xc0,0x20, 
	0x00,0xa2,0x24,0x90, 
	0xa0,0xa8,0x41,0xa2, 
	0x45,0x22,0xc0,0x20, 
	0x00,0x92,0x24,0x8e, 
	0x92,0x45,0x28,0xc0, 
	0x20,0x00,0x82,0x24, 
	0x8b,0x0c,0x02,0x80, 
	0x80,0xf5,0x82,0x55, 
	0x17,0x1d,0xf0,0x2d, 
	0x07,0x6d,0x02,0x06, 
	0xe8,0xff,0x92,0x45, 
	0x1c,0x06,0xd9,0xff, 
	0x72,0x45,0x1c,0x86, 
	0xd7,0xff,0x82,0x45, 
	0x1c,0x06,0xd6,0xff, 
	0x22,0x45,0x1c,0x86, 
	0xd4,0xff,0x00,0x00, 
	0x36,0x41,0x00,0xc8, 
	0x32,0xa1,0x0a,0x63, 
	0xb2,0x0c,0x34,0x2c, 
	0x18,0x26,0xcb,0x66, 
	0x87,0x9b,0x5f,0x31, 
	0x2f,0x63,0xc0,0x20, 
	0x00,0x92,0x23,0xe3, 
	0x77,0x69,0x53,0xc0, 
	0x20,0x00,0xb2,0x23, 
	0xac,0xf7,0xfb,0x0d, 
	0xc0,0x20,0x00,0xd2, 
	0x2a,0x41,0x1b,0xdd, 
	0xc0,0x20,0x00,0xd2, 
	0x6a,0x41,0x88,0x92, 
	0xc0,0x20,0x00,0xf2, 
	0x23,0xe0,0xf0,0xf0, 
	0xf5,0xf2,0x48,0x18, 
	0xe2,0x0c,0x31,0x66, 
	0x1e,0x04,0xad,0x02, 
	0xe5,0xdc,0xff,0xb2, 
	0xa1,0x00,0xc0,0x20, 
	0x00,0xa2,0x23,0xd7, 
	0xb0,0xaa,0x20,0xc0, 
	0x20,0x00,0xa2,0x63, 
	0xd7,0x92,0xae,0xff, 
	0xc0,0x20,0x00,0x82, 
	0x23,0xd7,0x90,0x88, 
	0x10,0xc0,0x20,0x00, 
	0x82,0x63,0xd7,0x0c, 
	0x02,0x1d,0xf0,0x31, 
	0xf4,0x62,0xc0,0x20, 
	0x00,0xd2,0x23,0xbc, 
	0x81,0xda,0x62,0xf7, 
	0x7d,0x5c,0xc0,0x20, 
	0x00,0xe2,0x23,0xb0, 
	0x87,0xfe,0x0d,0xc0, 
	0x20,0x00,0xf2,0x2a, 
	0x40,0x1b,0xff,0xc0, 
	0x20,0x00,0xf2,0x6a, 
	0x40,0xa8,0x72,0xc0, 
	0x20,0x00,0x82,0x23, 
	0xb3,0x92,0xa0,0xff, 
	0x80,0x83,0x04,0x16, 
	0xf8,0x08,0x92,0x4a, 
	0x20,0xb2,0x0c,0x31, 
	0x66,0x1b,0x04,0xad, 
	0x02,0x25,0xd6,0xff, 
	0xf1,0xe6,0x62,0xc0, 
	0x20,0x00,0xe2,0x23, 
	0x93,0xf0,0xee,0x20, 
	0xc0,0x20,0x00,0xe2, 
	0x63,0x93,0xd1,0xe0, 
	0x62,0xc0,0x20,0x00, 
	0xc2,0x23,0x93,0xd0, 
	0xcc,0x10,0xc0,0x20, 
	0x00,0xc2,0x63,0x93, 
	0xc6,0xe3,0xff,0xb8, 
	0x22,0xc2,0xa3,0x80, 
	0xca,0xbb,0x0c,0x0c, 
	0xc0,0x20,0x00,0x82, 
	0x28,0xb7,0xc7,0x78, 
	0x30,0xc0,0x20,0x00, 
	0xd2,0x23,0xb0,0xe2, 
	0xa0,0x95,0x87,0xfd, 
	0x45,0xf2,0x0b,0x22, 
	0x1b,0xff,0xf0,0xf0, 
	0x74,0xf2,0x4b,0x22, 
	0xf7,0xbe,0x19,0xc2, 
	0x4b,0x22,0xc2,0x4b, 
	0x23,0xc0,0x20,0x00, 
	0x82,0x2a,0x5e,0x1b, 
	0x88,0xc0,0x20,0x00, 
	0x82,0x6a,0x5e,0x86, 
	0x00,0x00,0xc2,0x4b, 
	0x22,0xc2,0x0b,0x23, 
	0xc0,0x20,0x00,0xc2, 
	0x6a,0x5d,0x92,0x0b, 
	0x22,0xc0,0x20,0x00, 
	0x92,0x6a,0x5c,0x06, 
	0xcd,0xff,0xc0,0x20, 
	0x00,0x92,0x23,0xbd, 
	0x86,0xd9,0xff,0xc2, 
	0x4b,0x22,0xc6,0xf6, 
	0xff,0x00,0x00,0x00, 
	0x36,0xe1,0x00,0x0c, 
	0x16,0x52,0xa0,0x80, 
	0x41,0xa4,0x62,0x31, 
	0x69,0x63,0x0c,0x07, 
	0xad,0x01,0xb1,0x94, 
	0x63,0x1c,0xcc,0x0c, 
	0x08,0x91,0xa9,0x62, 
	0x99,0xf1,0x82,0x61, 
	0x10,0x65,0x8f,0x02, 
	0xb8,0x22,0x39,0xd1, 
	0x5a,0x9b,0xa2,0x09, 
	0x96,0x0c,0x03,0x56, 
	0xea,0x04,0xe8,0x02, 
	0x0c,0x0d,0x62,0x4e, 
	0x01,0xd2,0x49,0x98, 
	0x38,0x32,0x99,0x81, 
	0xc8,0x73,0xc9,0xe1, 
	0x16,0x4c,0x16,0xb8, 
	0x43,0xad,0x01,0xa8, 
	0x0a,0xba,0xaa,0xa5, 
	0x78,0x02,0xa9,0xa1, 
	0xb9,0x91,0xa8,0xe1, 
	0xe5,0x77,0x02,0xdd, 
	0x0b,0xcd,0x0a,0xb8, 
	0xf1,0xa2,0x21,0x10, 
	0x65,0xa6,0x01,0xdd, 
	0x0b,0xcd,0x0a,0xb8, 
	0x91,0xa8,0xa1,0xe5, 
	0x7c,0x01,0xcd,0x07, 
	0xd8,0xd1,0x65,0x7c, 
	0x01,0xe5,0xd3,0x01, 
	0xa9,0xa3,0x06,0x4b, 
	0x00,0x0b,0xca,0x56, 
	0xdc,0x08,0xc8,0x42, 
	0xc2,0x61,0x11,0xed, 
	0x01,0x1c,0x1f,0xc0, 
	0x20,0x00,0xd2,0x24, 
	0xae,0x99,0x81,0xd0, 
	0xd3,0x41,0xf0,0xdd, 
	0x10,0xd2,0xcd,0xef, 
	0x56,0x4d,0x07,0xa8, 
	0x81,0xa2,0x0a,0x98, 
	0x42,0x21,0x11,0xe0, 
	0xaa,0xa0,0xa8,0x0a, 
	0x25,0x73,0x02,0xd1, 
	0x6d,0x63,0xc1,0x6d, 
	0x63,0x25,0x78,0x01, 
	0xd1,0x84,0x62,0x0c, 
	0x0c,0xa5,0xa0,0x01, 
	0x65,0xca,0x01,0x62, 
	0x44,0x1a,0xa9,0x34, 
	0xe5,0x4b,0xf9,0xb8, 
	0x22,0xa2,0x6b,0x13, 
	0x5a,0xbb,0x32,0x4b, 
	0x98,0x32,0x4b,0x97, 
	0x32,0x4b,0x96,0x46, 
	0x0c,0x00,0xa8,0xa3, 
	0xd1,0x72,0x62,0xd0, 
	0xda,0x10,0xc0,0x20, 
	0x00,0xe1,0x60,0x63, 
	0xc2,0x24,0x80,0xe0, 
	0xcc,0x10,0xd0,0xcc, 
	0x20,0xc0,0x20,0x00, 
	0xc2,0x64,0x80,0xe5, 
	0x48,0xf9,0xe8,0x22, 
	0xa2,0x6e,0x14,0x5a, 
	0xee,0x62,0x4e,0xb3, 
	0xe5,0x47,0xf9,0xf8, 
	0x22,0xa2,0x6f,0x16, 
	0x0c,0x02,0x1d,0xf0, 
	0x32,0x4c,0x1a,0xa2, 
	0x2b,0x14,0x25,0xe3, 
	0xfc,0x81,0x54,0x63, 
	0xa7,0xb8,0xec,0xb8, 
	0x22,0x5a,0xbb,0x92, 
	0x0b,0x98,0xb6,0x69, 
	0x10,0xa2,0x0b,0xb2, 
	0x32,0x4b,0x98,0x1b, 
	0xaa,0xa0,0xa0,0x74, 
	0xa2,0x4b,0xb2,0xc6, 
	0x01,0x00,0xa2,0x0b, 
	0xb2,0x1b,0xc9,0xc2, 
	0x4b,0x98,0x98,0x02, 
	0xf6,0x2a,0x05,0x62, 
	0x49,0x01,0x46,0x03, 
	0x00,0x0c,0x3d,0xd2, 
	0x49,0x01,0x32,0x4b, 
	0xb2,0x32,0x4b,0x97, 
	0x32,0x4b,0x96,0x38, 
	0x32,0xe8,0x73,0xe9, 
	0xe1,0x16,0x5e,0xf7, 
	0xcd,0x01,0xa2,0x0b, 
	0x98,0xb8,0x43,0xc0, 
	0xaa,0xa0,0xa8,0x0a, 
	0xba,0xaa,0xe5,0x65, 
	0x02,0xa9,0xc1,0xb9, 
	0xb1,0xa8,0xe1,0x65, 
	0x65,0x02,0xdd,0x0b, 
	0xcd,0x0a,0xb8,0xf1, 
	0xa2,0x21,0x10,0xe5, 
	0x93,0x01,0xdd,0x0b, 
	0xcd,0x0a,0xb8,0xb1, 
	0xa8,0xc1,0x25,0x6a, 
	0x01,0xcd,0x07,0xd8, 
	0xd1,0xa5,0x69,0x01, 
	0x25,0xc1,0x01,0xa9, 
	0xa3,0xc6,0xcd,0xff, 
	0xa8,0xa3,0xf1,0x3f, 
	0x62,0xf0,0xfa,0x10, 
	0xc0,0x20,0x00,0x81, 
	0x2e,0x63,0xe2,0x24, 
	0x80,0x80,0xee,0x10, 
	0xf0,0xee,0x20,0xc0, 
	0x20,0x00,0xd8,0x81, 
	0xe2,0x64,0x80,0x62, 
	0x4d,0x97,0x62,0x4d, 
	0x96,0xa5,0x3b,0xf9, 
	0x88,0x22,0xa2,0x68, 
	0x14,0x5a,0x88,0x62, 
	0x48,0xb3,0xe5,0x3a, 
	0xf9,0x98,0x22,0xa2, 
	0x69,0x16,0x86,0xca, 
	0xff,0x00,0x00,0x00, 
	0x36,0x61,0x00,0x51, 
	0x3c,0x62,0x32,0xa0, 
	0x80,0x68,0x22,0x0c, 
	0x17,0x3a,0x36,0xc0, 
	0x20,0x00,0xc2,0x25, 
	0x94,0xc0,0xcf,0x04, 
	0xc2,0x43,0xb1,0xc0, 
	0x20,0x00,0xb2,0x25, 
	0x94,0xc1,0x7e,0x62, 
	0xb0,0xb8,0x75,0xc0, 
	0x20,0x00,0xa2,0x25, 
	0x94,0x48,0x32,0xa0, 
	0xa8,0x41,0xc0,0xaa, 
	0x10,0xb0,0xaa,0x20, 
	0xa9,0x01,0xa2,0x66, 
	0x1f,0xe5,0x5a,0x02, 
	0x0c,0x3c,0xb9,0x34, 
	0xa9,0x24,0x82,0x04, 
	0x47,0x3c,0x09,0x97, 
	0x98,0x14,0xd8,0x01, 
	0xcc,0xfd,0xf8,0x02, 
	0xc2,0x4f,0x01,0xc0, 
	0x20,0x00,0x2c,0x3e, 
	0xe2,0x65,0xb4,0x0c, 
	0x02,0x1d,0xf0,0xc2, 
	0x44,0x50,0xc2,0x04, 
	0x34,0x82,0xa0,0x60, 
	0x87,0x1c,0x3c,0x92, 
	0xa0,0x61,0x97,0x1c, 
	0x36,0x72,0x43,0x96, 
	0xe2,0xd6,0x03,0x0c, 
	0x2d,0xd2,0x4e,0x7e, 
	0x66,0xdc,0x28,0x22, 
	0xa3,0x80,0xf2,0x03, 
	0xb1,0x2a,0x26,0xdc, 
	0x0f,0x72,0x42,0x12, 
	0x72,0x43,0xb1,0xa5, 
	0xb3,0x01,0xa2,0x66, 
	0xe5,0x92,0x02,0x12, 
	0x86,0x01,0x00,0x0c, 
	0x09,0x0c,0x08,0x82, 
	0x42,0x12,0xc0,0x20, 
	0x00,0x92,0x65,0x42, 
	0x72,0x43,0x97,0xc0, 
	0x20,0x00,0x2c,0x39, 
	0x92,0x65,0xb4,0x06, 
	0xe9,0xff,0x00,0x00, 
	0x36,0x41,0x00,0x38, 
	0x32,0x0c,0x42,0x22, 
	0x43,0x50,0x0c,0x02, 
	0x1d,0xf0,0x00,0x00, 
	0x36,0x01,0x01,0x0c, 
	0x86,0x0c,0x14,0x0c, 
	0x03,0x71,0xf5,0x61, 
	0xd2,0xa0,0x61,0x51, 
	0x59,0x62,0xa8,0x32, 
	0x0c,0x5f,0xf2,0x4a, 
	0x50,0xc8,0x22,0xb2, 
	0xa0,0x80,0xba,0xbc, 
	0xe2,0x0b,0x96,0xf2, 
	0xa0,0x60,0x66,0x1e, 
	0x2e,0xe2,0xa2,0x80, 
	0x82,0x0a,0x47,0x32, 
	0x4a,0x4f,0x82,0xc8, 
	0xd0,0x16,0x58,0x27, 
	0xea,0x8c,0x82,0x08, 
	0xfe,0x91,0xe3,0x62, 
	0x56,0x98,0x24,0x81, 
	0x74,0x62,0xc0,0x20, 
	0x00,0x92,0x27,0x80, 
	0x80,0x99,0x10,0xc0, 
	0x20,0x00,0x92,0x67, 
	0x80,0xc6,0x90,0x00, 
	0x82,0xce,0xfe,0x56, 
	0x68,0x1f,0xe1,0xf7, 
	0x61,0x82,0x0b,0xb1, 
	0x92,0xaf,0x33,0xdc, 
	0xa8,0xc0,0x20,0x00, 
	0x82,0x25,0x1c,0xe0, 
	0x88,0x10,0xc0,0x20, 
	0x00,0x82,0x65,0x1c, 
	0xc0,0x20,0x00,0x88, 
	0x75,0x90,0x88,0x10, 
	0xc0,0x20,0x00,0x89, 
	0x75,0xc0,0x20,0x00, 
	0x82,0x25,0x36,0x4c, 
	0x89,0x80,0x8c,0x05, 
	0x16,0x58,0x1c,0x25, 
	0x24,0xf9,0xf8,0x12, 
	0xe8,0x0f,0x62,0x61, 
	0x14,0xe0,0xea,0xc0, 
	0xe9,0x2f,0x25,0x23, 
	0xf9,0x68,0x22,0xf2, 
	0xa0,0x80,0xfa,0xf6, 
	0xf9,0xe1,0xf2,0x0f, 
	0xb1,0x48,0x32,0x16, 
	0xff,0x0c,0xc0,0x20, 
	0x00,0x82,0x25,0x1c, 
	0x80,0x8d,0x05,0x16, 
	0x68,0x43,0xa1,0xbf, 
	0x62,0x0c,0x09,0xb1, 
	0xbe,0x62,0xb9,0x14, 
	0x32,0x04,0x34,0x0c, 
	0x0b,0xb9,0x04,0xc2, 
	0xc3,0xa0,0x16,0xcc, 
	0x0a,0xa9,0x11,0x99, 
	0x01,0xd2,0xc3,0x9f, 
	0x16,0x2d,0x0a,0xa1, 
	0xdc,0x61,0x0c,0x09, 
	0x99,0xc1,0xa9,0xd1, 
	0xc0,0x20,0x00,0x0c, 
	0x1e,0x82,0x25,0x3a, 
	0xf2,0xa2,0x80,0xfa, 
	0xf6,0x80,0x80,0xd4, 
	0x89,0x31,0xe2,0x4f, 
	0xf1,0xa8,0x74,0xe5, 
	0x41,0x02,0xd8,0xd1, 
	0x0c,0x0c,0xb9,0x41, 
	0xa9,0x51,0xb8,0x11, 
	0xa8,0x01,0x25,0x47, 
	0x01,0xa9,0x71,0xb9, 
	0x61,0xa8,0x31,0x25, 
	0x41,0x02,0xdd,0x0b, 
	0xcd,0x0a,0xb8,0x61, 
	0xa8,0x71,0x65,0x1f, 
	0x01,0xdd,0x0b,0xcd, 
	0x0a,0xb8,0x41,0xa8, 
	0x51,0x25,0x45,0x01, 
	0xd8,0x11,0xc8,0x01, 
	0xa5,0x6d,0x01,0xd8, 
	0xd1,0xc8,0xc1,0xa5, 
	0x08,0x01,0xe5,0x9b, 
	0x01,0xa5,0x3d,0x02, 
	0xa9,0x24,0xa2,0x61, 
	0x10,0xb9,0x34,0xb9, 
	0xf1,0xe5,0x9a,0x01, 
	0xa2,0x66,0x1f,0x66, 
	0xd3,0x2b,0xb8,0xf1, 
	0x0c,0x0d,0x32,0x21, 
	0x10,0x0c,0x0c,0xad, 
	0x03,0x65,0x7d,0x01, 
	0x16,0xaa,0x47,0xcd, 
	0x03,0xb1,0x95,0x62, 
	0x0c,0x0a,0xd8,0xf1, 
	0xe5,0x69,0x01,0xd8, 
	0xd1,0xc8,0xc1,0xe5, 
	0x04,0x01,0x25,0x98, 
	0x01,0xe8,0xe1,0xa2, 
	0x4e,0xa1,0xf2,0x04, 
	0x47,0xf2,0xcf,0xd0, 
	0x16,0x5f,0x0c,0x32, 
	0x04,0x34,0x92,0xc3, 
	0xa0,0x16,0x69,0x1b, 
	0xa2,0xc3,0x9f,0xb2, 
	0xa2,0x80,0xba,0xb6, 
	0xb2,0x61,0x15,0x16, 
	0xda,0x1a,0xb8,0x34, 
	0xa8,0x24,0x38,0x74, 
	0x25,0x95,0x01,0xb2, 
	0x21,0x15,0xc2,0x21, 
	0x14,0x0c,0x4d,0xe0, 
	0xea,0x11,0x37,0xbe, 
	0x02,0xc6,0xd0,0x00, 
	0x0c,0x0f,0xf2,0x4b, 
	0xf0,0x0c,0x18,0x82, 
	0x4b,0xf1,0xc0,0x20, 
	0x00,0xe1,0x0d,0x62, 
	0xa2,0x0b,0xf0,0xc2, 
	0x27,0x85,0x80,0xaa, 
	0x01,0xe0,0xcc,0x10, 
	0xc0,0xaa,0x20,0xc0, 
	0x20,0x00,0xa2,0x67, 
	0x85,0x32,0x04,0x34, 
	0x92,0xc3,0xb8,0x56, 
	0x59,0x16,0x7c,0x83, 
	0xb8,0x34,0xa8,0x24, 
	0xd1,0x75,0x62,0x0c, 
	0x0c,0xa5,0x82,0x01, 
	0xb2,0x21,0x15,0xd6, 
	0xfa,0x35,0xc0,0x20, 
	0x00,0xf2,0x27,0x8a, 
	0x0c,0x28,0x30,0xff, 
	0x10,0x80,0xff,0x20, 
	0xc0,0x20,0x00,0xf2, 
	0x67,0x8a,0x06,0xd7, 
	0x00,0x32,0x03,0x34, 
	0x82,0xa0,0x60,0x87, 
	0x13,0x20,0x82,0xa0, 
	0x61,0x87,0x13,0x1a, 
	0x7a,0xd6,0x0c,0x0c, 
	0xc2,0x4d,0x97,0xc2, 
	0x4d,0x96,0x98,0x02, 
	0xa2,0xc3,0xb8,0xb2, 
	0x49,0x01,0x16,0xba, 
	0x10,0xe2,0xc3,0xc0, 
	0x16,0x5e,0x10,0xc0, 
	0x20,0x00,0x81,0x7d, 
	0x61,0xf2,0x25,0x1c, 
	0x80,0xff,0x10,0xc0, 
	0x20,0x00,0xf2,0x65, 
	0x1c,0x0c,0x02,0x1d, 
	0xf0,0xb2,0x0a,0x34, 
	0x72,0xa0,0x80,0x97, 
	0x9b,0x22,0x98,0x52, 
	0x32,0x49,0x1a,0xa2, 
	0x2c,0x14,0xe5,0xa2, 
	0xfc,0x68,0x22,0x0c, 
	0x3b,0xc8,0xd6,0x38, 
	0x32,0xc7,0xba,0xa0, 
	0x7a,0xe6,0x42,0x4e, 
	0x97,0xd8,0x02,0x42, 
	0x4d,0x01,0xc6,0xf3, 
	0xff,0x66,0xdb,0xde, 
	0x98,0x82,0x86,0xf5, 
	0xff,0xc0,0x20,0x00, 
	0x82,0x27,0x80,0x90, 
	0x88,0x10,0xc0,0x20, 
	0x00,0x82,0x67,0x80, 
	0xc0,0x20,0x00,0x91, 
	0x54,0x61,0x82,0x27, 
	0x81,0x90,0x88,0x10, 
	0xc0,0x20,0x00,0x82, 
	0x67,0x81,0x81,0x61, 
	0x61,0xc0,0x20,0x00, 
	0x32,0x25,0x1c,0x80, 
	0x33,0x20,0xc0,0x20, 
	0x00,0x32,0x65,0x1c, 
	0x32,0x0a,0x34,0xf7, 
	0x13,0x62,0xd7,0x13, 
	0x5f,0x88,0x02,0x42, 
	0x48,0x01,0xf2,0xaf, 
	0x00,0xc0,0x20,0x00, 
	0xd8,0x75,0xf0,0xdd, 
	0x10,0x60,0xdd,0x20, 
	0xc0,0x20,0x00,0xd9, 
	0x75,0xc0,0x20,0x00, 
	0x91,0xc8,0x61,0x82, 
	0x27,0x85,0x90,0x88, 
	0x10,0xc0,0x20,0x00, 
	0x82,0x67,0x85,0xf1, 
	0xe9,0x61,0xc0,0x20, 
	0x00,0xd2,0x25,0x1c, 
	0xf0,0xdd,0x20,0xc0, 
	0x20,0x00,0xd2,0x65, 
	0x1c,0x91,0x32,0x62, 
	0xc0,0x20,0x00,0x82, 
	0x25,0x1d,0x90,0x88, 
	0x10,0xc0,0x20,0x00, 
	0x82,0x65,0x1d,0xc0, 
	0x20,0x00,0xea,0x9c, 
	0xd1,0x2e,0x62,0x0c, 
	0x0f,0xf2,0x65,0x1f, 
	0xd9,0xdc,0x42,0x49, 
	0xf1,0x32,0xa0,0x80, 
	0x0c,0x29,0x92,0x4b, 
	0x96,0x25,0xfa,0xf8, 
	0xb8,0x22,0xa2,0x6b, 
	0x14,0x3a,0xab,0x42, 
	0x4a,0xb5,0x65,0xf9, 
	0xf8,0xc8,0x22,0xa2, 
	0x6c,0x18,0xc6,0xc2, 
	0xff,0xb2,0x49,0x01, 
	0xc6,0xbc,0xff,0xb2, 
	0xa2,0x80,0xba,0xb6, 
	0xc2,0x0b,0xf1,0xa2, 
	0x26,0x1f,0xc0,0xaa, 
	0x82,0xbc,0x9a,0x25, 
	0x1c,0x02,0xa9,0x91, 
	0xb9,0x81,0xa8,0x74, 
	0x65,0x1b,0x02,0xa9, 
	0xb1,0xb9,0xa1,0xd8, 
	0x81,0xc8,0x91,0xbd, 
	0x0d,0xad,0x0c,0x25, 
	0xe5,0x00,0xdd,0x0b, 
	0xcd,0x0a,0xb8,0xa1, 
	0xa8,0xb1,0x25,0x49, 
	0x01,0xd1,0xdd,0x61, 
	0x0c,0x0c,0xe5,0xe3, 
	0x00,0xd1,0x17,0x61, 
	0x0c,0x0c,0x25,0x1f, 
	0x01,0xa5,0x76,0x01, 
	0xa9,0x94,0x4c,0x8d, 
	0xd7,0x93,0x51,0xd1, 
	0x0e,0x62,0x0c,0x0c, 
	0xa8,0x24,0xb8,0x34, 
	0xb9,0xf1,0xa2,0x61, 
	0x10,0x25,0x5c,0x01, 
	0xa6,0x1a,0x0f,0xb8, 
	0xf1,0xa2,0x21,0x10, 
	0xd1,0x09,0x62,0x0c, 
	0x0c,0x65,0x66,0x01, 
	0x96,0xaa,0x1c,0xb8, 
	0xf1,0xa2,0x21,0x10, 
	0xd1,0x06,0x62,0x0c, 
	0x0c,0x25,0x5a,0x01, 
	0xa6,0x1a,0x0f,0xb8, 
	0xf1,0xa2,0x21,0x10, 
	0xd1,0x03,0x62,0x0c, 
	0x0c,0x65,0x64,0x01, 
	0x96,0xaa,0x1a,0x98, 
	0x52,0x0c,0x08,0x82, 
	0x49,0x1a,0xf8,0x02, 
	0x0c,0x3e,0xe2,0x4f, 
	0x01,0xa2,0xc3,0xc0, 
	0x56,0xfa,0x09,0x38, 
	0x02,0x98,0x82,0xc2, 
	0xd6,0x03,0xc2,0x0c, 
	0x92,0x92,0x61,0x11, 
	0x0b,0xcc,0x56,0xdc, 
	0x10,0x28,0x34,0xa2, 
	0x26,0xe5,0xd8,0x24, 
	0xd2,0x61,0x10,0xe5, 
	0x10,0x02,0xa2,0x61, 
	0x13,0xb2,0x61,0x12, 
	0xdd,0x02,0xc2,0x21, 
	0x10,0x65,0x57,0x01, 
	0xe2,0x21,0x13,0xf2, 
	0x21,0x12,0xa6,0x1a, 
	0x02,0x46,0x68,0x00, 
	0xdd,0x0f,0xcd,0x0e, 
	0xbd,0x02,0xa2,0x21, 
	0x10,0x25,0xee,0x00, 
	0x25,0x6c,0x01,0xdd, 
	0x0a,0xbd,0x02,0xa2, 
	0x21,0x10,0xd0,0x90, 
	0x74,0x99,0x21,0x65, 
	0x6b,0x01,0xb2,0x21, 
	0x11,0xc0,0x20,0x00, 
	0xe1,0xf5,0x60,0xa2, 
	0x6e,0x40,0xf2,0x26, 
	0x1f,0xc0,0x20,0x00, 
	0xf2,0x6e,0x41,0xc0, 
	0x20,0x00,0xc8,0x21, 
	0xc2,0x6e,0x43,0xd2, 
	0x26,0xe5,0xc0,0x20, 
	0x00,0xd2,0x6e,0x44, 
	0x1c,0xea,0xc7,0x3a, 
	0x02,0x86,0x4c,0x00, 
	0x0c,0x32,0x0c,0x1a, 
	0x98,0xe1,0x0c,0x08, 
	0x82,0x49,0x97,0xa2, 
	0x49,0x96,0x89,0x94, 
	0x82,0x4b,0x1a,0x22, 
	0x43,0x01,0x0c,0x02, 
	0x46,0x4b,0x00,0x0c, 
	0x3d,0xc8,0xe1,0x0c, 
	0x1b,0xb2,0x4c,0x97, 
	0xd2,0x4c,0x96,0x28, 
	0x94,0xb1,0xd3,0x60, 
	0xb0,0xb2,0x10,0xc0, 
	0x20,0x00,0xc1,0xd0, 
	0x60,0xa2,0x27,0x81, 
	0xc0,0xaa,0x10,0xb0, 
	0xaa,0x20,0xc0,0x20, 
	0x00,0xa2,0x67,0x81, 
	0xc0,0x20,0x00,0x91, 
	0xde,0x60,0x82,0x25, 
	0x1c,0x90,0x88,0x10, 
	0xc0,0x20,0x00,0x82, 
	0x65,0x1c,0xc0,0x20, 
	0x00,0xf8,0x75,0x32, 
	0xaf,0x33,0x30,0xff, 
	0x10,0xc0,0x20,0x00, 
	0xf9,0x75,0x32,0x04, 
	0x34,0xe2,0xc3,0xa0, 
	0x16,0x9e,0xd6,0xc2, 
	0xc3,0x9f,0x16,0x3c, 
	0xd6,0xd1,0xc9,0x60, 
	0xd9,0xe6,0xc6,0x56, 
	0xff,0xa1,0xc0,0x60, 
	0x0c,0x09,0xb1,0xbf, 
	0x60,0x46,0xf1,0xfe, 
	0xd0,0xea,0x11,0x37, 
	0x3e,0x27,0x0c,0x2f, 
	0x0c,0x18,0x82,0x4b, 
	0xf0,0xf2,0x4b,0xf1, 
	0x86,0x2c,0xff,0x0c, 
	0x2a,0x0c,0x1b,0xb2, 
	0x49,0x1a,0xa2,0x43, 
	0x01,0x28,0x94,0x0c, 
	0x3c,0xd8,0xe1,0x0c, 
	0x1e,0xe2,0x4d,0x97, 
	0xc2,0x4d,0x96,0x86, 
	0xdc,0xff,0xc0,0xfa, 
	0x11,0x37,0x3f,0x0a, 
	0xd2,0x4b,0xf1,0x0c, 
	0x28,0x82,0x4b,0xf0, 
	0x86,0x21,0xff,0xb0, 
	0x9a,0x11,0x37,0x39, 
	0x0a,0x0c,0x3a,0xa2, 
	0x4b,0xf0,0xc2,0x4b, 
	0xf1,0x46,0x1d,0xff, 
	0xa0,0xca,0x11,0x37, 
	0x3c,0x21,0xd2,0x4b, 
	0xf0,0x1c,0x0c,0xc6, 
	0xfa,0xff,0xc0,0x20, 
	0x00,0xd2,0x27,0x8a, 
	0x0c,0x4e,0x30,0xdd, 
	0x10,0xe0,0xdd,0x20, 
	0xc0,0x20,0x00,0xd2, 
	0x67,0x8a,0x32,0x04, 
	0x34,0xc6,0x75,0xff, 
	0x90,0xea,0x11,0x37, 
	0x3e,0x1c,0x2c,0x09, 
	0x0c,0x5f,0xf2,0x4b, 
	0xf0,0xcd,0x09,0xc6, 
	0xef,0xff,0xc8,0x52, 
	0x0c,0x1a,0xa2,0x4c, 
	0x1a,0x98,0x02,0x0c, 
	0x28,0x82,0x49,0x01, 
	0x46,0x94,0xff,0x80, 
	0xea,0x11,0x37,0x3e, 
	0x45,0x4c,0x09,0x0c, 
	0x6f,0xf2,0x4b,0xf0, 
	0x46,0xf6,0xff,0x0c, 
	0x22,0x0c,0x3a,0x98, 
	0xe1,0x0c,0x18,0x82, 
	0x49,0x97,0xa2,0x49, 
	0x96,0x82,0x4b,0x1a, 
	0x22,0x43,0x01,0x28, 
	0x94,0xa2,0x26,0xe5, 
	0x65,0xf5,0x01,0xb9, 
	0x34,0xa9,0x24,0x06, 
	0xd4,0xff,0xbd,0x0f, 
	0xad,0x0e,0xdd,0x02, 
	0xc2,0x21,0x10,0x25, 
	0xd4,0x00,0x25,0x52, 
	0x01,0xdd,0x0a,0x86, 
	0x96,0xff,0x0c,0x5a, 
	0x46,0xe5,0xfe,0x70, 
	0xca,0x11,0x37,0xbc, 
	0x02,0x06,0xf4,0xfe, 
	0xc2,0xa0,0x80,0x0c, 
	0x7e,0xe2,0x4b,0xf0, 
	0x86,0xd3,0xff,0x00, 
	0x36,0x61,0x00,0x71, 
	0xa4,0x60,0xe1,0x7a, 
	0x60,0x61,0x75,0x60, 
	0xb2,0xa0,0x61,0xa2, 
	0xa0,0x60,0x41,0xd8, 
	0x60,0x58,0x32,0x0c, 
	0x69,0x92,0x45,0x50, 
	0x38,0x22,0xc2,0xa0, 
	0x80,0xca,0xd3,0xf2, 
	0x0d,0x96,0x0c,0x09, 
	0x66,0x3f,0x28,0x82, 
	0xa3,0x80,0x8a,0x83, 
	0x92,0x48,0x05,0xc2, 
	0x05,0x47,0xf1,0x65, 
	0x61,0xc2,0xcc,0xd0, 
	0x56,0xbc,0x0b,0xc1, 
	0x6a,0x61,0xc0,0x20, 
	0x00,0x92,0x26,0x80, 
	0xc0,0x99,0x10,0xc0, 
	0x20,0x00,0x92,0x66, 
	0x80,0x46,0x2d,0x00, 
	0xd2,0xcf,0xfc,0x56, 
	0x8d,0x19,0x51,0x64, 
	0x61,0xc0,0x20,0x00, 
	0xf2,0x24,0x3c,0xf0, 
	0xff,0x05,0x16,0xdf, 
	0x18,0x0c,0x28,0x92, 
	0xa3,0x80,0x9a,0x93, 
	0x82,0x49,0x05,0x25, 
	0xc6,0xf8,0x98,0x12, 
	0x88,0x09,0x80,0x8a, 
	0xc0,0x89,0x39,0xc0, 
	0x20,0x00,0x72,0x24, 
	0x3c,0x70,0x70,0xe5, 
	0xc0,0x20,0x00,0xa2, 
	0x24,0x28,0x58,0x32, 
	0xa0,0xac,0x05,0x16, 
	0x3a,0x27,0x91,0x56, 
	0x61,0x77,0xa9,0x07, 
	0x81,0x6c,0x60,0x8a, 
	0x77,0x80,0x77,0x23, 
	0xb1,0x47,0x61,0x0c, 
	0x09,0xa1,0x45,0x61, 
	0xa9,0x11,0x99,0x21, 
	0xb9,0x15,0x0c,0x0b, 
	0xb9,0x05,0xc0,0x20, 
	0x00,0x38,0x22,0xa2, 
	0x24,0x3c,0x0c,0x4b, 
	0xa0,0xac,0x14,0xb0, 
	0xaa,0xa0,0xa0,0xa0, 
	0x74,0x25,0xe6,0x01, 
	0xd8,0x11,0xc8,0x21, 
	0x25,0xeb,0x00,0x25, 
	0x3e,0x01,0xb2,0x23, 
	0x1f,0xb0,0xb7,0x82, 
	0x0c,0x0d,0xa0,0xbb, 
	0xd2,0xb2,0x63,0x43, 
	0x98,0x75,0xc2,0x05, 
	0x34,0x99,0x01,0xe2, 
	0xcc,0xb8,0x56,0xbe, 
	0x16,0xa8,0x52,0x16, 
	0x49,0x24,0xb9,0x4a, 
	0xc6,0x5b,0x00,0xc0, 
	0x20,0x00,0xc2,0x26, 
	0x80,0xf0,0xcc,0x10, 
	0xc0,0x20,0x00,0xc2, 
	0x66,0x80,0xc2,0x05, 
	0x34,0x91,0x4b,0x60, 
	0xa0,0x8c,0xc0,0x16, 
	0xe8,0x20,0xb0,0xfc, 
	0xc0,0x16,0x8f,0x20, 
	0xc0,0x20,0x00,0x82, 
	0x27,0xc0,0x90,0x88, 
	0x10,0xc0,0x20,0x00, 
	0x82,0x67,0xc0,0x0c, 
	0x4f,0x0c,0x88,0xc0, 
	0x20,0x00,0xc2,0x26, 
	0x88,0x80,0xcc,0x20, 
	0xc0,0x20,0x00,0xc2, 
	0x66,0x88,0x91,0x87, 
	0x60,0xc0,0x20,0x00, 
	0x82,0x26,0x89,0x90, 
	0x88,0x20,0xc0,0x20, 
	0x00,0x82,0x66,0x89, 
	0xc1,0x16,0x61,0xc0, 
	0x20,0x00,0x92,0x24, 
	0x1c,0xc0,0x99,0x10, 
	0xc0,0x20,0x00,0x92, 
	0x64,0x1c,0xc2,0x05, 
	0x34,0xa7,0x1c,0x58, 
	0xb7,0x1c,0x55,0xb1, 
	0x22,0x61,0xc0,0x20, 
	0x00,0x92,0x24,0x1d, 
	0xb0,0x99,0x10,0xc0, 
	0x20,0x00,0x92,0x64, 
	0x1d,0x81,0x1e,0x61, 
	0xc1,0x1f,0x61,0xc0, 
	0x20,0x00,0xb2,0x24, 
	0x28,0x80,0xbb,0x10, 
	0xc0,0xbb,0x20,0xc0, 
	0x20,0x00,0xb2,0x64, 
	0x28,0x91,0x1a,0x61, 
	0xc0,0x20,0x00,0x82, 
	0x24,0x2c,0x90,0x88, 
	0x10,0xc0,0x20,0x00, 
	0x82,0x64,0x2c,0xc0, 
	0x20,0x00,0xc1,0x12, 
	0x60,0xb2,0x26,0x80, 
	0x98,0xa5,0xe0,0xbb, 
	0x10,0xc0,0x99,0x10, 
	0xb0,0x99,0x20,0xc0, 
	0x20,0x00,0x92,0x66, 
	0x80,0x52,0xa0,0x80, 
	0xe1,0x70,0x60,0xc0, 
	0x20,0x00,0xc2,0x24, 
	0x28,0xe0,0xcc,0x20, 
	0xc0,0x20,0x00,0x0c, 
	0x13,0xc2,0x64,0x28, 
	0xf2,0x4d,0x96,0x32, 
	0x4d,0x97,0x65,0xaf, 
	0xf8,0xf8,0x22,0xa2, 
	0x6f,0x14,0x5a,0xff, 
	0x32,0x4f,0xb5,0xa5, 
	0xae,0xf8,0x88,0x22, 
	0xa2,0x68,0x18,0x0c, 
	0x02,0x1d,0xf0,0xa2, 
	0x23,0x14,0xe5,0x49, 
	0xfc,0x38,0x22,0x98, 
	0xe3,0x97,0xba,0x0c, 
	0x0c,0x1a,0xb2,0xa0, 
	0x80,0xba,0xb3,0xa2, 
	0x4b,0x97,0x46,0xf8, 
	0xff,0x0c,0x4d,0xe2, 
	0xa3,0x80,0xea,0xe3, 
	0xd2,0x4e,0x05,0xc8, 
	0x32,0xc2,0x0c,0x34, 
	0xd2,0xa0,0x60,0xd7, 
	0x1c,0xcc,0xf2,0xa0, 
	0x61,0xf7,0x1c,0xc6, 
	0x0c,0x0b,0xc2,0xa0, 
	0x80,0xca,0xc3,0xb2, 
	0x4c,0x97,0xb2,0x4c, 
	0x96,0xc0,0x20,0x00, 
	0xa2,0x24,0x28,0x50, 
	0xaa,0x10,0xc0,0x20, 
	0x00,0xa2,0x64,0x28, 
	0xc0,0x20,0x00,0x91, 
	0xfa,0x5f,0x82,0x27, 
	0xc0,0x90,0x88,0x20, 
	0xc0,0x20,0x00,0x82, 
	0x67,0xc0,0x46,0xe5, 
	0xff,0x66,0xdc,0x0a, 
	0xa8,0x82,0xcc,0x39, 
	0xd9,0x4a,0x46,0x00, 
	0x00,0xb9,0x4a,0x16, 
	0x19,0x08,0xa8,0x45, 
	0xba,0xaa,0xa5,0xcb, 
	0x01,0xd1,0xa0,0x60, 
	0x0c,0x0c,0xa5,0xd0, 
	0x00,0x2d,0x0a,0x7d, 
	0x0b,0xa8,0x01,0xe5, 
	0xc9,0x01,0xdd,0x0b, 
	0xcd,0x0a,0xbd,0x07, 
	0xad,0x02,0x65,0xf8, 
	0x00,0x25,0x22,0x01, 
	0xa2,0x63,0x41,0x0c, 
	0x0d,0xc0,0x20,0x00, 
	0xe1,0xd4,0x60,0xc2, 
	0x24,0x28,0xe0,0xcc, 
	0x10,0xc0,0x20,0x00, 
	0xc2,0x64,0x28,0xc2, 
	0x05,0x34,0xb2,0xcc, 
	0xa0,0x16,0xeb,0xf3, 
	0xf2,0xa0,0x61,0xf7, 
	0x1c,0x35,0xc0,0x20, 
	0x00,0xe1,0xcc,0x5f, 
	0xc2,0x26,0x80,0xb2, 
	0x23,0x41,0xe0,0xcc, 
	0x10,0xe1,0xca,0x5f, 
	0xe0,0xbb,0x10,0xc0, 
	0xbb,0x20,0xc0,0x20, 
	0x00,0xb2,0x66,0x80, 
	0xc0,0x20,0x00,0x91, 
	0xee,0x5f,0xa1,0xd5, 
	0x5f,0x82,0x29,0xc0, 
	0xa0,0x88,0x20,0xc0, 
	0x20,0x00,0x82,0x69, 
	0xc0,0xc2,0x05,0x34, 
	0xf2,0xcc,0xa0,0x16, 
	0xcf,0xef,0x82,0xcc, 
	0x9f,0x16,0x68,0xef, 
	0x92,0xa0,0x80,0x9a, 
	0x93,0xd2,0x49,0x97, 
	0xd2,0x49,0x96,0x06, 
	0xba,0xff,0xa1,0xbe, 
	0x60,0x77,0xaa,0x05, 
	0x72,0xd7,0xe0,0x80, 
	0x77,0x23,0xb1,0xb9, 
	0x5f,0x0c,0x08,0x91, 
	0xb8,0x5f,0x99,0x11, 
	0x89,0x21,0x86,0x62, 
	0xff,0xc2,0xd7,0x04, 
	0xc0,0x20,0x00,0xc8, 
	0x0c,0xf2,0xd7,0x04, 
	0x90,0xcc,0x10,0xc0, 
	0x20,0x00,0xc9,0x0f, 
	0xc6,0x7b,0xff,0xd9, 
	0x4a,0x86,0xca,0xff, 
	0x36,0x41,0x00,0x0c, 
	0x08,0x31,0xb8,0x5f, 
	0xc0,0x20,0x00,0x82, 
	0x63,0xa4,0xc0,0x20, 
	0x00,0x82,0x63,0xa5, 
	0xc0,0x20,0x00,0x82, 
	0x63,0xa6,0xc0,0x20, 
	0x00,0x82,0x63,0xa7, 
	0xc0,0x20,0x00,0x82, 
	0x63,0xa8,0xc0,0x20, 
	0x00,0x48,0x42,0x82, 
	0x63,0xa9,0x68,0x24, 
	0x58,0x14,0x60,0x78, 
	0x74,0x00,0x77,0x11, 
	0x80,0x66,0x01,0x70, 
	0x66,0x20,0x50,0x70, 
	0x74,0x80,0x77,0x11, 
	0x50,0x58,0x74,0x70, 
	0x55,0x20,0x60,0x55, 
	0x20,0xc0,0x20,0x00, 
	0x52,0x63,0xa4,0xe8, 
	0x04,0xc8,0x44,0xe0, 
	0xd0,0x75,0xe0,0xf8, 
	0x74,0xc0,0xc0,0x31, 
	0x80,0xcc,0x01,0x80, 
	0xff,0x11,0xe0,0xe0, 
	0x74,0x00,0xee,0x11, 
	0xf0,0xdd,0x20,0xe0, 
	0xcc,0x20,0xd0,0xcc, 
	0x20,0xc0,0x20,0x00, 
	0xc2,0x63,0xa5,0xc8, 
	0x32,0xa8,0x44,0xc2, 
	0x0c,0x34,0xa0,0xb0, 
	0x74,0x80,0xbb,0x11, 
	0xa0,0xa8,0x74,0xb0, 
	0xaa,0x20,0xb2,0x04, 
	0x18,0x00,0xcc,0x11, 
	0x80,0xbb,0x01,0xc0, 
	0xbb,0x20,0xb0,0xaa, 
	0x20,0xc0,0x20,0x00, 
	0xa2,0x63,0xa6,0x78, 
	0x54,0x52,0x04,0x19, 
	0x80,0x67,0x01,0x70, 
	0x98,0x74,0x90,0x55, 
	0x11,0x50,0x50,0x74, 
	0x00,0x99,0x11,0x70, 
	0x70,0x75,0x80,0x77, 
	0x11,0x90,0x66,0x20, 
	0x70,0x55,0x20,0x60, 
	0x55,0x20,0xc0,0x20, 
	0x00,0x52,0x63,0xa7, 
	0x52,0x04,0x1a,0x42, 
	0x04,0x1b,0xf0,0x55, 
	0x11,0x50,0x44,0x20, 
	0x40,0x40,0x74,0xc0, 
	0x20,0x00,0x42,0x63, 
	0xa8,0x1c,0xa2,0xc0, 
	0x20,0x00,0x22,0x63, 
	0xb4,0x2d,0x08,0x1d, 
	0xf0,0x00,0x00,0x00, 
	0x36,0x41,0x00,0x0c, 
	0x09,0x31,0x7c,0x5f, 
	0xc0,0x20,0x00,0x92, 
	0x63,0xa4,0xc0,0x20, 
	0x00,0x92,0x63,0xa5, 
	0xc0,0x20,0x00,0x92, 
	0x63,0xa6,0xc0,0x20, 
	0x00,0x92,0x63,0xa7, 
	0xc0,0x20,0x00,0x92, 
	0x63,0xa8,0xc0,0x20, 
	0x00,0x48,0x52,0x92, 
	0x63,0xa9,0x68,0x24, 
	0x58,0x14,0x60,0x78, 
	0x74,0x00,0x77,0x11, 
	0x80,0x66,0x01,0x70, 
	0x66,0x20,0x50,0x70, 
	0x74,0x80,0x77,0x11, 
	0x50,0x58,0x74,0x70, 
	0x55,0x20,0x60,0x55, 
	0x20,0xc0,0x20,0x00, 
	0x52,0x63,0xa4,0xe8, 
	0x04,0xc8,0x44,0xe0, 
	0xd0,0x75,0xe0,0xf8, 
	0x74,0xc0,0xc0,0x31, 
	0x80,0xcc,0x01,0x80, 
	0xff,0x11,0xe0,0xe0, 
	0x74,0x00,0xee,0x11, 
	0xf0,0xdd,0x20,0xe0, 
	0xcc,0x20,0xd0,0xcc, 
	0x20,0xc0,0x20,0x00, 
	0xc2,0x63,0xa5,0xc8, 
	0x32,0xa8,0x44,0xc2, 
	0x0c,0x34,0xa0,0xb0, 
	0x74,0x80,0xbb,0x11, 
	0xa0,0xa8,0x74,0xb0, 
	0xaa,0x20,0xb2,0x04, 
	0x18,0x00,0xcc,0x11, 
	0x80,0xbb,0x01,0xc0, 
	0xbb,0x20,0xb0,0xaa, 
	0x20,0xc0,0x20,0x00, 
	0xa2,0x63,0xa6,0x72, 
	0x04,0x1c,0x88,0x54, 
	0xa8,0x34,0x80,0x80, 
	0x31,0xa0,0xb0,0x74, 
	0x00,0xbb,0x11,0x80, 
	0x88,0x01,0xa0,0xa8, 
	0x74,0xb0,0x88,0x20, 
	0xb2,0x04,0x19,0x80, 
	0xaa,0x11,0x90,0xbb, 
	0x11,0xb0,0x77,0x20, 
	0x70,0x70,0x74,0xa0, 
	0x77,0x20,0x80,0x77, 
	0x20,0xc0,0x20,0x00, 
	0x72,0x63,0xa7,0x58, 
	0x54,0x50,0x60,0x74, 
	0x80,0x66,0x11,0x50, 
	0x58,0x74,0x60,0x55, 
	0x20,0x62,0x04,0x1a, 
	0x42,0x04,0x1b,0xf0, 
	0x66,0x11,0x60,0x44, 
	0x20,0x40,0x40,0x74, 
	0x00,0x44,0x11,0x50, 
	0x44,0x20,0xc0,0x20, 
	0x00,0x42,0x63,0xa8, 
	0x3c,0x32,0xc0,0x20, 
	0x00,0x22,0x63,0xb4, 
	0x2d,0x09,0x1d,0xf0, 
	0x36,0x41,0x00,0x0c, 
	0x09,0x31,0x39,0x5f, 
	0xc0,0x20,0x00,0x92, 
	0x63,0xa4,0xc0,0x20, 
	0x00,0x92,0x63,0xa5, 
	0xc0,0x20,0x00,0x92, 
	0x63,0xa6,0xc0,0x20, 
	0x00,0x92,0x63,0xa7, 
	0xc0,0x20,0x00,0x92, 
	0x63,0xa8,0xc0,0x20, 
	0x00,0x48,0x82,0x92, 
	0x63,0xa9,0x68,0x24, 
	0x58,0x14,0x60,0x78, 
	0x74,0x00,0x77,0x11, 
	0x80,0x66,0x01,0x70, 
	0x66,0x20,0x50,0x70, 
	0x74,0x80,0x77,0x11, 
	0x50,0x58,0x74,0x70, 
	0x55,0x20,0x60,0x55, 
	0x20,0xc0,0x20,0x00, 
	0x52,0x63,0xa4,0xe8, 
	0x04,0xc8,0x44,0xe0, 
	0xd0,0x75,0xe0,0xf8, 
	0x74,0xc0,0xc0,0x31, 
	0x80,0xcc,0x01,0x80, 
	0xff,0x11,0xe0,0xe0, 
	0x74,0x00,0xee,0x11, 
	0xf0,0xdd,0x20,0xe0, 
	0xcc,0x20,0xd0,0xcc, 
	0x20,0xc0,0x20,0x00, 
	0xc2,0x63,0xa5,0xc8, 
	0x32,0xa8,0x44,0xc2, 
	0x0c,0x34,0xa0,0xb0, 
	0x74,0x80,0xbb,0x11, 
	0xa0,0xa8,0x74,0xb0, 
	0xaa,0x20,0xb2,0x04, 
	0x18,0x00,0xcc,0x11, 
	0x80,0xbb,0x01,0xc0, 
	0xbb,0x20,0xb0,0xaa, 
	0x20,0xc0,0x20,0x00, 
	0xa2,0x63,0xa6,0x72, 
	0x04,0x1c,0x88,0x54, 
	0xa8,0x34,0x80,0x80, 
	0x31,0xa0,0xb0,0x74, 
	0x00,0xbb,0x11,0x80, 
	0x88,0x01,0xa0,0xa8, 
	0x74,0xb0,0x88,0x20, 
	0xb2,0x04,0x19,0x80, 
	0xaa,0x11,0x90,0xbb, 
	0x11,0xb0,0x77,0x20, 
	0x70,0x70,0x74,0xa0, 
	0x77,0x20,0x80,0x77, 
	0x20,0xc0,0x20,0x00, 
	0x72,0x63,0xa7,0x58, 
	0x54,0x50,0x60,0x74, 
	0x80,0x66,0x11,0x50, 
	0x58,0x74,0x60,0x55, 
	0x20,0x62,0x04,0x1a, 
	0x42,0x04,0x1b,0xf0, 
	0x66,0x11,0x60,0x44, 
	0x20,0x40,0x40,0x74, 
	0x00,0x44,0x11,0x50, 
	0x44,0x20,0xc0,0x20, 
	0x00,0x42,0x63,0xa8, 
	0x1c,0xc2,0xc0,0x20, 
	0x00,0x22,0x63,0xb4, 
	0x2d,0x09,0x1d,0xf0, 
	0x36,0x41,0x00,0x0c, 
	0x02,0x1d,0xf0,0x00, 
	0x36,0x41,0x00,0x0c, 
	0x02,0x1d,0xf0,0x00, 
	0x36,0x41,0x00,0x0c, 
	0x02,0x1d,0xf0,0x00, 
	0x36,0x41,0x00,0x4c, 
	0x22,0x31,0xf0,0x5e, 
	0xc0,0x20,0x00,0x22, 
	0x63,0xb4,0x0c,0x02, 
	0x1d,0xf0,0x00,0x00, 
	0x36,0x41,0x00,0x0c, 
	0x02,0x1d,0xf0,0x00, 
	0x36,0x41,0x00,0x0c, 
	0x02,0x1d,0xf0,0x00, 
	0x36,0x41,0x00,0x0c, 
	0x02,0x1d,0xf0,0x00, 
	0x36,0x41,0x00,0x0c, 
	0x02,0x1d,0xf0,0x00, 
	0x36,0x41,0x00,0x0c, 
	0x02,0x1d,0xf0,0x00, 
	0x36,0x41,0x00,0x0c, 
	0x02,0x1d,0xf0,0x00, 
	0x36,0x61,0x00,0x31, 
	0xfb,0x5e,0xe1,0xe8, 
	0x5e,0xa1,0xe4,0x5e, 
	0x92,0xa0,0xff,0x61, 
	0xcf,0x5e,0x41,0xca, 
	0x5e,0xf2,0xa0,0x80, 
	0xbd,0x02,0xc8,0x3b, 
	0xd1,0xe2,0x5e,0x72, 
	0x0c,0x34,0x21,0xcb, 
	0x5e,0x82,0xc7,0xf8, 
	0x16,0xe8,0x08,0x0c, 
	0xf5,0x82,0xc7,0xc0, 
	0x16,0x28,0x10,0x4c, 
	0x89,0x97,0x97,0x7d, 
	0x78,0x5b,0xc0,0x20, 
	0x00,0x92,0x24,0xa4, 
	0x90,0x90,0xf4,0x99, 
	0x17,0xc0,0x20,0x00, 
	0x82,0x23,0xe0,0x80, 
	0x88,0xf4,0x89,0x27, 
	0xc0,0x20,0x00,0x88, 
	0x2b,0x92,0x2a,0xb1, 
	0xfa,0x88,0x90,0x98, 
	0x41,0x99,0x07,0x82, 
	0x08,0xad,0x16,0x18, 
	0x18,0xc0,0x20,0x00, 
	0x92,0x2a,0xbd,0x92, 
	0x47,0x18,0xc0,0x20, 
	0x00,0xa2,0x24,0xb3, 
	0xa0,0xab,0x04,0xa2, 
	0x47,0x19,0xb8,0x3c, 
	0xa8,0x2c,0xe5,0xdd, 
	0x00,0xa9,0x37,0xc0, 
	0x20,0x00,0xb2,0x23, 
	0xe2,0xb0,0xb8,0x24, 
	0x26,0x2b,0x10,0xc0, 
	0x20,0x00,0xc2,0x23, 
	0xe2,0xc0,0xc8,0x24, 
	0x66,0x4c,0x06,0x0c, 
	0x65,0x46,0x00,0x00, 
	0x0c,0x45,0x52,0x47, 
	0x1c,0xc0,0x20,0x00, 
	0x92,0x24,0xac,0x20, 
	0x99,0x10,0x77,0x79, 
	0x04,0x60,0xa9,0x20, 
	0xa9,0x57,0x0c,0x02, 
	0x1d,0xf0,0xc8,0x4b, 
	0xc0,0x20,0x00,0x52, 
	0x24,0xa4,0x50,0x50, 
	0xf4,0x59,0x1c,0xc0, 
	0x20,0x00,0x32,0x23, 
	0x98,0x30,0x30,0xf5, 
	0x39,0x2c,0xc0,0x20, 
	0x00,0x82,0x2a,0xaa, 
	0x80,0x88,0x41,0x89, 
	0x0c,0xc0,0x20,0x00, 
	0x52,0x24,0xad,0x20, 
	0x55,0x10,0xc0,0x20, 
	0x00,0x32,0x24,0xaf, 
	0x20,0x33,0x10,0x77, 
	0x75,0x02,0x60,0x55, 
	0x20,0x78,0x2b,0x77, 
	0x73,0x02,0x60,0x33, 
	0x20,0xfa,0x77,0x88, 
	0x3c,0x3a,0x35,0x3a, 
	0x88,0x89,0x4c,0x72, 
	0x07,0xad,0x16,0xc7, 
	0x10,0xc0,0x20,0x00, 
	0x92,0x2a,0xbd,0x92, 
	0x4c,0x18,0xc0,0x20, 
	0x00,0xa2,0x24,0xb3, 
	0xa0,0xab,0x04,0xa2, 
	0x4c,0x19,0xc0,0x20, 
	0x00,0x92,0x24,0xac, 
	0x20,0x99,0x10,0x77, 
	0x79,0x87,0x60,0xb9, 
	0x20,0xb9,0x5c,0xc6, 
	0xdf,0xff,0x78,0x8b, 
	0xc0,0x20,0x00,0xf2, 
	0x24,0xa4,0xf0,0xf0, 
	0xf4,0xf9,0x17,0xc0, 
	0x20,0x00,0x82,0x23, 
	0xe0,0x80,0x88,0xf4, 
	0x89,0x27,0xc0,0x20, 
	0x00,0xf2,0x2a,0xb1, 
	0x88,0x2b,0xf0,0xfa, 
	0x41,0xf9,0x07,0xf2, 
	0xa0,0x80,0xfa,0x88, 
	0x82,0x08,0xad,0x16, 
	0x88,0x0f,0xc0,0x20, 
	0x00,0x92,0x2a,0xbd, 
	0x92,0x47,0x18,0xc0, 
	0x20,0x00,0x82,0x24, 
	0xb3,0x80,0x8b,0x04, 
	0x82,0x47,0x19,0xb8, 
	0x3c,0xa8,0x2c,0xe5, 
	0xcd,0x00,0xa9,0x37, 
	0xc0,0x20,0x00,0x92, 
	0x23,0xe2,0x90,0x98, 
	0x24,0x16,0x19,0x10, 
	0xc0,0x20,0x00,0xa2, 
	0x23,0xe2,0xa0,0xa8, 
	0x24,0x26,0x1a,0x2e, 
	0xc0,0x20,0x00,0xb2, 
	0x23,0xe2,0xb0,0xb8, 
	0x24,0xb2,0xcb,0xfe, 
	0x16,0xbb,0x0e,0xc0, 
	0x20,0x00,0xc2,0x23, 
	0xe2,0xc0,0xc8,0x24, 
	0xc2,0xcc,0xfd,0x16, 
	0x1c,0x0e,0xc0,0x20, 
	0x00,0xd2,0x23,0xe2, 
	0xd0,0xd8,0x24,0x66, 
	0x4d,0x06,0x0c,0x65, 
	0x46,0x00,0x00,0x0c, 
	0x35,0x52,0x47,0x1c, 
	0xc0,0x20,0x00,0x92, 
	0x24,0xac,0x20,0x99, 
	0x10,0x90,0xe7,0x05, 
	0x16,0x6e,0xed,0x60, 
	0xa9,0x20,0xa9,0x57, 
	0x86,0xb3,0xff,0xc0, 
	0x20,0x00,0xb2,0x2a, 
	0xbc,0xf7,0x7b,0x5c, 
	0xc0,0x20,0x00,0x92, 
	0x2a,0xbd,0x92,0x47, 
	0x18,0xc0,0x20,0x00, 
	0x82,0x2a,0x93,0xe0, 
	0x88,0x20,0xc0,0x20, 
	0x00,0x82,0x6a,0x93, 
	0xc0,0x20,0x00,0xf2, 
	0x2a,0x93,0xd0,0xff, 
	0x10,0xc0,0x20,0x00, 
	0xf2,0x6a,0x93,0xc6, 
	0x94,0xff,0xc0,0x20, 
	0x00,0xb2,0x2a,0xbc, 
	0xf7,0x7b,0x7d,0xc0, 
	0x20,0x00,0x92,0x2a, 
	0xbd,0x92,0x4c,0x18, 
	0xc0,0x20,0x00,0x82, 
	0x2a,0x93,0xe0,0x88, 
	0x20,0xc0,0x20,0x00, 
	0x82,0x6a,0x93,0xc0, 
	0x20,0x00,0xf2,0x2a, 
	0x93,0xd0,0xff,0x10, 
	0xc0,0x20,0x00,0xf2, 
	0x6a,0x93,0x06,0xb2, 
	0xff,0xc0,0x20,0x00, 
	0xb2,0x2a,0xb0,0xb0, 
	0xb8,0x05,0x56,0x4b, 
	0xe1,0x92,0xa0,0xff, 
	0xc6,0x82,0xff,0xc0, 
	0x20,0x00,0xf2,0x2a, 
	0xbc,0xf7,0x7f,0x47, 
	0xc0,0x20,0x00,0xb2, 
	0x2a,0xbd,0xb2,0x47, 
	0x18,0xc0,0x20,0x00, 
	0x92,0x2a,0x93,0xe0, 
	0x99,0x20,0xc0,0x20, 
	0x00,0x92,0x6a,0x93, 
	0xc0,0x20,0x00,0x82, 
	0x2a,0x93,0xd0,0x88, 
	0x10,0xc0,0x20,0x00, 
	0x82,0x6a,0x93,0x06, 
	0xb7,0xff,0x0c,0x25, 
	0x46,0xcd,0xff,0x0c, 
	0x45,0x06,0xcc,0xff, 
	0x0c,0x55,0xc6,0xca, 
	0xff,0xc0,0x20,0x00, 
	0xd2,0x2a,0xb0,0xd0, 
	0xd8,0x05,0x56,0x8d, 
	0xe6,0x86,0x98,0xff, 
	0xc0,0x20,0x00,0xe2, 
	0x2a,0xb0,0xe0,0xe8, 
	0x05,0x56,0x2e,0xeb, 
	0x06,0xab,0xff,0x00, 
	0x36,0x41,0x00,0x38, 
	0x32,0x32,0x03,0x34, 
	0x66,0x83,0x47,0x21, 
	0x1c,0x5e,0x51,0x48, 
	0x5e,0xc0,0x20,0x00, 
	0x82,0x25,0xa2,0x07, 
	0x68,0x3c,0xc0,0x20, 
	0x00,0x92,0x25,0xa3, 
	0xb1,0x21,0x5f,0x07, 
	0xe9,0x30,0xc1,0x9e, 
	0x5e,0xc0,0x20,0x00, 
	0xa2,0x22,0x8c,0xc0, 
	0xaa,0x10,0xb0,0xaa, 
	0x20,0xc0,0x20,0x00, 
	0xa2,0x62,0x8c,0x86, 
	0x0a,0x00,0xe1,0xf1, 
	0x5e,0xc0,0x20,0x00, 
	0xd2,0x22,0x89,0x40, 
	0xdd,0x10,0xe0,0xdd, 
	0x20,0xc0,0x20,0x00, 
	0xd2,0x62,0x89,0x0c, 
	0x02,0x1d,0xf0,0xf1, 
	0xf0,0x5e,0xc0,0x20, 
	0x00,0xe2,0x22,0x8c, 
	0xf0,0xee,0x20,0xc0, 
	0x20,0x00,0xe2,0x62, 
	0x8c,0xc0,0x20,0x00, 
	0x32,0x22,0xac,0x61, 
	0x0e,0x5f,0xf7,0x73, 
	0xdd,0xc0,0x20,0x00, 
	0x82,0x25,0x9f,0x1c, 
	0x84,0x80,0x88,0x75, 
	0x87,0xb4,0x17,0xa1, 
	0x0a,0x5f,0xc0,0x20, 
	0x00,0x92,0x22,0x83, 
	0x60,0x99,0x10,0xa0, 
	0x99,0x20,0xc0,0x20, 
	0x00,0x92,0x62,0x83, 
	0x46,0x0d,0x00,0xc0, 
	0x20,0x00,0xa2,0x25, 
	0xa1,0xc1,0x03,0x5f, 
	0x07,0x7a,0x14,0xc0, 
	0x20,0x00,0xb2,0x22, 
	0x83,0x60,0xbb,0x10, 
	0xc0,0xbb,0x20,0xc0, 
	0x20,0x00,0xb2,0x62, 
	0x83,0x06,0x05,0x00, 
	0xd1,0xfe,0x5e,0xc0, 
	0x20,0x00,0xc2,0x22, 
	0x83,0x60,0xcc,0x10, 
	0xd0,0xcc,0x20,0xc0, 
	0x20,0x00,0xc2,0x62, 
	0x83,0x41,0x55,0x5e, 
	0xc0,0x20,0x00,0xd2, 
	0x25,0xa3,0xf1,0xf7, 
	0x5e,0xd0,0xd0,0x04, 
	0x16,0xad,0xf5,0xc0, 
	0x20,0x00,0xe2,0x22, 
	0x89,0x40,0xee,0x10, 
	0xf0,0xee,0x20,0xc0, 
	0x20,0x00,0xe2,0x62, 
	0x89,0x86,0xd6,0xff, 
	0x36,0x41,0x00,0x0c, 
	0x13,0xd1,0x0c,0x5e, 
	0xc8,0x32,0xb8,0x02, 
	0xc2,0x0c,0x34,0xc2, 
	0x4b,0x02,0x26,0x8c, 
	0x2d,0x0c,0x0a,0x26, 
	0xdc,0x18,0x4c,0x8e, 
	0xe7,0x9c,0x0f,0xf2, 
	0x0b,0x01,0xc8,0x52, 
	0x26,0x2f,0x53,0x9d, 
	0x0a,0xa2,0x4c,0x1b, 
	0x92,0x4b,0x00,0x0c, 
	0x02,0x1d,0xf0,0x82, 
	0x0b,0x01,0xc8,0x82, 
	0x26,0x28,0x4d,0x9d, 
	0x0a,0xa2,0x4c,0x1b, 
	0x06,0xfa,0xff,0xa8, 
	0x42,0xc0,0x20,0x00, 
	0xc2,0x2d,0xa4,0x92, 
	0x0a,0x1a,0xc0,0xc0, 
	0x04,0xc2,0x4a,0x1b, 
	0x66,0x19,0x1e,0xa8, 
	0x22,0xa2,0x2a,0x13, 
	0xe5,0xbd,0xfb,0xb8, 
	0x02,0x0c,0x2d,0xc8, 
	0x42,0xe1,0xd7,0x5e, 
	0xc2,0x0c,0x1b,0xa7, 
	0xbe,0x28,0x26,0x1c, 
	0x2f,0x0c,0x39,0x92, 
	0x4b,0x01,0x9d,0x0c, 
	0x06,0xec,0xff,0xc0, 
	0x20,0x00,0x92,0x2d, 
	0xe3,0x90,0x90,0x05, 
	0xad,0x09,0xc6,0xe7, 
	0xff,0xc0,0x20,0x00, 
	0x92,0x2d,0xe3,0x90, 
	0x90,0x05,0xad,0x09, 
	0x46,0xe9,0xff,0x66, 
	0x1c,0x01,0x3d,0x0d, 
	0x9d,0x03,0x46,0xf4, 
	0xff,0x9d,0x0d,0x06, 
	0xf3,0xff,0x00,0x00, 
	0x36,0x41,0x00,0x0c, 
	0x02,0x1d,0xf0,0x00, 
	0x36,0x41,0x00,0x0c, 
	0x02,0x1d,0xf0,0x00, 
	0x36,0x41,0x00,0x0c, 
	0x02,0x1d,0xf0,0x00, 
	0x36,0x41,0x00,0x7d, 
	0x02,0x28,0x02,0xb6, 
	0x23,0x15,0x0b,0x43, 
	0x9c,0x04,0x0c,0x16, 
	0x1b,0x86,0x70,0x56, 
	0xa0,0x58,0x05,0x80, 
	0x60,0x74,0x20,0x25, 
	0x63,0x67,0x93,0xef, 
	0x1d,0xf0,0x00,0x00, 
	0x36,0x41,0x00,0x0c, 
	0x02,0x1d,0xf0,0x00, 
	0x36,0x41,0x00,0x0c, 
	0x02,0x1d,0xf0,0x00, 
	0x36,0x41,0x00,0x0c, 
	0x02,0x1d,0xf0,0x00, 
	0x36,0x41,0x00,0x0c, 
	0x02,0x1d,0xf0,0x00, 
	0x36,0x41,0x00,0x0c, 
	0x02,0x1d,0xf0,0x00, 
	0x36,0x41,0x00,0x0c, 
	0x02,0x1d,0xf0,0x00, 
	0x36,0x41,0x00,0x0c, 
	0x02,0x1d,0xf0,0x00, 
	0x36,0x41,0x00,0x0c, 
	0x02,0x1d,0xf0,0x00, 
	0x36,0x41,0x00,0x0c, 
	0x02,0x1d,0xf0,0x00, 
	0x36,0x41,0x00,0x0c, 
	0x02,0x1d,0xf0,0x00, 
	0x36,0x41,0x00,0x1d, 
	0xf0,0x00,0x00,0x00, 
	0x36,0x41,0x00,0x1d, 
	0xf0,0x00,0x00,0x00, 
	0x36,0x41,0x00,0x1d, 
	0xf0,0x00,0x00,0x00, 
	0x67,0xc5,0x08,0x40, 
	0x73,0x11,0x20,0x77, 
	0x20,0x16,0x17,0x00, 
	0x1d,0xf0,0x3d,0x05, 
	0x2d,0x04,0x1d,0xf0, 
	0x50,0x76,0x11,0x70, 
	0x55,0x30,0x86,0x58, 
	0x00,0x00,0x00,0x00, 
	0x36,0x21,0x00,0x61, 
	0x96,0x5e,0x50,0x73, 
	0x30,0x96,0x77,0xfe, 
	0x67,0x43,0xd0,0x67, 
	0x45,0xdb,0x30,0x74, 
	0xb5,0x50,0x84,0xb5, 
	0x87,0x37,0x78,0x67, 
	0x05,0x31,0x60,0x55, 
	0x20,0x50,0x55,0x11, 
	0x50,0x5b,0x41,0x80, 
	0xa7,0xc0,0xf6,0xca, 
	0x3e,0x00,0x0a,0x40, 
	0x92,0xa0,0x00,0x90, 
	0x94,0x81,0x40,0x45, 
	0x81,0x50,0x50,0x91, 
	0x4a,0x22,0x5a,0x33, 
	0x47,0xb2,0x01,0x1b, 
	0x33,0x30,0xa4,0xb5, 
	0x77,0x1a,0x76,0x8d, 
	0x07,0xc6,0x28,0x00, 
	0x40,0x55,0x11,0x50, 
	0x5c,0x41,0x67,0x03, 
	0x04,0x1b,0x88,0x06, 
	0xf2,0xff,0x4a,0x22, 
	0x5a,0x33,0x47,0xb2, 
	0x02,0x32,0xc3,0x01, 
	0x1d,0xf0,0x00,0x00, 
	0xf6,0xda,0xf8,0x00, 
	0x0a,0x40,0x00,0xb4, 
	0xa1,0x40,0x95,0x81, 
	0x50,0x40,0x91,0x0c, 
	0x05,0x16,0xbb,0xfb, 
	0xa0,0x99,0x20,0x46, 
	0xed,0xff,0x00,0x00, 
	0x40,0x33,0x11,0x30, 
	0x3c,0x41,0x1b,0x77, 
	0x06,0x03,0x00,0x00, 
	0x67,0x03,0xf0,0x60, 
	0x33,0x20,0x50,0x33, 
	0x11,0x30,0x3b,0x41, 
	0x70,0xa8,0xc0,0xf6, 
	0xca,0x2d,0x00,0x0a, 
	0x40,0x00,0x92,0xa1, 
	0x20,0x23,0x81,0x30, 
	0x30,0x91,0x4a,0x22, 
	0x50,0x33,0x80,0x47, 
	0xb2,0x01,0x1b,0x33, 
	0x30,0xa4,0xb5,0x87, 
	0x9a,0x31,0xd6,0xa9, 
	0x00,0x1b,0x22,0x16, 
	0x12,0x06,0xf0,0x99, 
	0x11,0x16,0x39,0x05, 
	0x1d,0xf0,0x00,0x00, 
	0xf6,0xda,0x16,0x00, 
	0x0a,0x40,0x00,0xb2, 
	0xa1,0x20,0x93,0x81, 
	0x30,0x20,0x91,0x0c, 
	0x03,0x16,0x9b,0xfc, 
	0xa0,0x99,0x20,0xc6, 
	0xf0,0xff,0x3d,0x05, 
	0x2d,0x04,0x1d,0xf0, 
	0xad,0x02,0x00,0x41, 
	0x40,0x20,0x23,0x81, 
	0x30,0x30,0x91,0x1b, 
	0x88,0xd0,0x88,0x01, 
	0x8a,0x33,0x67,0x43, 
	0x0a,0x07,0x6a,0x05, 
	0x1b,0x22,0x9c,0xa2, 
	0x9c,0x09,0x1d,0xf0, 
	0x0c,0x02,0x30,0x34, 
	0xb5,0xc0,0x33,0x01, 
	0xf0,0x88,0x11,0x80, 
	0x33,0x20,0x1d,0xf0, 
	0x20,0x21,0x41,0xf0, 
	0x22,0x11,0x1d,0xf0, 
	0x1b,0x33,0x1d,0xf0, 
	0x67,0xc5,0x05,0x41, 
	0x4b,0x5e,0x40,0x33, 
	0x20,0x1d,0xf0,0x00, 
	0x50,0x76,0x11,0x70, 
	0x35,0x30,0x2d,0x04, 
	0x1d,0xf0,0x00,0x00, 
	0x50,0x76,0x11,0x70, 
	0x55,0x30,0x86,0xae, 
	0xff,0x00,0x00,0x00, 
	0x36,0x21,0x00,0x61, 
	0x41,0x5e,0x50,0x73, 
	0x30,0x96,0x77,0xfe, 
	0x67,0x43,0xcc,0x67, 
	0x45,0xd5,0x30,0x74, 
	0xa5,0x50,0x84,0xa5, 
	0x57,0x33,0x7c,0x57, 
	0x13,0x41,0x67,0x05, 
	0x4a,0x60,0x55,0x20, 
	0x50,0x55,0x11,0x50, 
	0x5b,0x41,0x80,0xa7, 
	0xc0,0xf6,0xca,0x4b, 
	0x00,0x0a,0x40,0x0c, 
	0x09,0x90,0x94,0x81, 
	0x40,0x45,0x81,0x50, 
	0x50,0x91,0x50,0x33, 
	0xc0,0x47,0xb2,0x01, 
	0x0b,0x33,0x40,0x22, 
	0xc0,0x90,0x90,0x60, 
	0x8c,0x59,0x0b,0x53, 
	0x20,0x35,0x83,0x0b, 
	0x22,0x30,0xa4,0xa5, 
	0x77,0x1a,0x7f,0x46, 
	0x31,0x00,0x00,0x00, 
	0x47,0x32,0x34,0x27, 
	0x34,0xb7,0x0c,0x03, 
	0x0c,0x02,0x1d,0xf0, 
	0x40,0x55,0x11,0x50, 
	0x5c,0x41,0x67,0x03, 
	0xb4,0x1b,0x88,0xc6, 
	0xeb,0xff,0x00,0x00, 
	0xf6,0xda,0xea,0x00, 
	0x0a,0x40,0x00,0xb4, 
	0xa1,0x40,0x95,0x81, 
	0x50,0x40,0x91,0x0c, 
	0x05,0x16,0xdb,0xfa, 
	0xa0,0x99,0x20,0xc6, 
	0xe9,0xff,0x00,0x00, 
	0x67,0x03,0x50,0x60, 
	0x33,0x20,0x50,0x33, 
	0x11,0x30,0x3b,0x41, 
	0x70,0xa8,0xc0,0xf6, 
	0xca,0x51,0x00,0x0a, 
	0x40,0x0c,0x09,0x90, 
	0x92,0x81,0x20,0x23, 
	0x81,0x30,0x30,0x91, 
	0x50,0xb6,0x11,0xb0, 
	0x55,0x30,0x20,0x24, 
	0xc0,0x30,0x35,0xc0, 
	0x27,0xb4,0x01,0x0b, 
	0x33,0x90,0x90,0x60, 
	0x8c,0x59,0x0b,0x53, 
	0x20,0x35,0x83,0x0b, 
	0x22,0x30,0xa4,0xa5, 
	0x87,0x9a,0x48,0xd6, 
	0xa9,0x00,0x1b,0x22, 
	0x16,0x42,0x07,0xf0, 
	0x99,0x11,0x16,0x69, 
	0x06,0x1d,0xf0,0x00, 
	0x40,0x33,0x11,0x30, 
	0x3c,0x41,0x67,0x05, 
	0xae,0x1b,0x77,0x46, 
	0xea,0xff,0x00,0x00, 
	0xf6,0xda,0x18,0x00, 
	0x0a,0x40,0x00,0xb2, 
	0xa1,0x20,0x93,0x81, 
	0x30,0x20,0x91,0x50, 
	0x36,0x11,0x16,0xcb, 
	0xfa,0xa0,0x99,0x20, 
	0x86,0xe9,0xff,0x00, 
	0x50,0x76,0x11,0x70, 
	0x35,0x30,0x2d,0x04, 
	0x1d,0xf0,0x00,0x00, 
	0x40,0x83,0x11,0xbc, 
	0x18,0x60,0xf8,0x40, 
	0x80,0x8c,0x41,0xa7, 
	0xa6,0x4e,0x1b,0x66, 
	0x00,0x16,0x40,0x20, 
	0x88,0x81,0x90,0x22, 
	0x81,0x00,0x99,0xa1, 
	0x30,0x34,0xb5,0x60, 
	0x33,0xc0,0xc0,0x33, 
	0x01,0x8a,0x33,0x06, 
	0xe3,0xff,0x00,0x00, 
	0x20,0x21,0x41,0xf0, 
	0x22,0x11,0x1d,0xf0, 
	0x1b,0x33,0x1d,0xf0, 
	0x60,0xf2,0x40,0x62, 
	0xc6,0x15,0x67,0x2a, 
	0x1b,0xb6,0xc6,0xcb, 
	0x00,0x16,0x40,0x90, 
	0x82,0x81,0x00,0x29, 
	0xa1,0x0c,0x09,0x30, 
	0x34,0xb5,0x60,0x33, 
	0xc0,0xc0,0x33,0x01, 
	0x8a,0x33,0x46,0xd6, 
	0xff,0x6d,0x0a,0x86, 
	0xf7,0xff,0x00,0x00, 
	0xf0,0x33,0x11,0x30, 
	0x31,0x41,0x20,0xa3, 
	0x20,0x16,0x4a,0x08, 
	0x9c,0x53,0xa0,0xf3, 
	0x40,0xa2,0xca,0xf5, 
	0x00,0x1a,0x40,0x20, 
	0x33,0x81,0x00,0x22, 
	0xa1,0x0c,0x18,0xa0, 
	0x88,0xc0,0x86,0x34, 
	0x00,0xa0,0xf2,0x40, 
	0xa2,0xca,0xf5,0x6c, 
	0x18,0xa0,0x88,0xc0, 
	0x00,0x1a,0x40,0x96, 
	0x9a,0x00,0x00,0x32, 
	0xa1,0x0c,0x02,0x46, 
	0x2e,0x00,0x00,0x00, 
	0x20,0x30,0x91,0x00, 
	0x22,0xa1,0x86,0x2b, 
	0x00,0xf0,0x55,0x11, 
	0x50,0x51,0x41,0x40, 
	0xa5,0x20,0xbc,0xba, 
	0x9c,0x55,0xa0,0xf5, 
	0x40,0xa2,0xca,0xf5, 
	0x00,0x1a,0x40,0x40, 
	0x55,0x81,0x00,0x44, 
	0xa1,0x0c,0x19,0xa0, 
	0x99,0xc0,0x46,0x23, 
	0x00,0xa0,0xf4,0x40, 
	0xa2,0xca,0xf5,0x6c, 
	0x19,0xa0,0x99,0xc0, 
	0x00,0x1a,0x40,0x96, 
	0x9a,0x00,0x00,0x54, 
	0xa1,0x0c,0x04,0x06, 
	0x1d,0x00,0x00,0x00, 
	0x40,0x50,0x91,0x00, 
	0x44,0xa1,0x46,0x1a, 
	0x00,0x70,0x3f,0x05, 
	0x10,0x33,0x01,0x0c, 
	0x02,0x46,0x62,0x00, 
	0xcc,0xd4,0xf0,0x85, 
	0x11,0xcc,0x88,0x41, 
	0xb8,0x5d,0x40,0x33, 
	0x20,0x46,0x5e,0x00, 
	0x00,0x67,0xc5,0x0b, 
	0x40,0x85,0x11,0x40, 
	0x88,0x20,0x8c,0x28, 
	0x3d,0x05,0x2d,0x04, 
	0x70,0x7f,0x05,0xf0, 
	0x33,0x11,0x00,0x41, 
	0x40,0x30,0x37,0x81, 
	0x86,0x56,0x00,0x00, 
	0x56,0x82,0xfe,0xf0, 
	0x83,0x11,0x56,0x28, 
	0xfe,0x71,0xab,0x5d, 
	0x70,0x35,0x20,0xc6, 
	0x51,0x00,0x00,0x00, 
	0x36,0x41,0x00,0x61, 
	0xa7,0x5d,0x50,0x73, 
	0x30,0x67,0x43,0xaf, 
	0x67,0x45,0xdc,0x30, 
	0x84,0xa5,0x50,0x94, 
	0xa5,0x16,0x78,0xf0, 
	0x16,0xd9,0xf4,0x9a, 
	0x88,0xa1,0xa2,0x5d, 
	0x60,0x33,0x20,0xa0, 
	0x33,0x10,0x60,0x55, 
	0x20,0xa0,0x55,0x10, 
	0x79,0x11,0x20,0xc0, 
	0xf5,0x40,0xd0,0xf5, 
	0x30,0xe0,0xf5,0x50, 
	0xf0,0xf5,0xd0,0xa2, 
	0xc1,0x40,0xbc,0xc1, 
	0x0c,0x09,0xba,0xaa, 
	0xb7,0xba,0x01,0x1b, 
	0x99,0x10,0x40,0x40, 
	0xa0,0x69,0x81,0x40, 
	0xb2,0xc1,0x00,0xaa, 
	0xa1,0xba,0xaa,0xb7, 
	0xba,0x02,0x62,0xc6, 
	0x01,0x50,0xb2,0xc1, 
	0x0c,0x09,0xba,0x66, 
	0xb7,0xb6,0x01,0x1b, 
	0x99,0xd0,0xbc,0xc1, 
	0xb0,0x66,0x80,0xb7, 
	0xb6,0x01,0x1b,0x99, 
	0x40,0xb3,0xc1,0xba, 
	0x66,0xb7,0xb6,0x01, 
	0x1b,0x99,0x8c,0x3a, 
	0x0c,0x1b,0xb0,0x66, 
	0x20,0xf0,0x72,0xc1, 
	0x40,0xbe,0xc1,0x0c, 
	0x0a,0x7a,0xbb,0x77, 
	0xbb,0x02,0xa2,0xca, 
	0x01,0x50,0x7c,0xc1, 
	0x70,0xbb,0x80,0x77, 
	0xbb,0x01,0x1b,0xaa, 
	0xd0,0x73,0xc1,0xf0, 
	0x20,0x00,0x7a,0xbb, 
	0x77,0xbb,0x01,0x1b, 
	0xaa,0xb0,0xaa,0x81, 
	0x9a,0xaa,0x00,0xbb, 
	0xa1,0xba,0x66,0xb7, 
	0xb6,0x02,0xa2,0xca, 
	0x01,0xf0,0x2c,0xc1, 
	0x0c,0x09,0xaa,0x22, 
	0xa7,0xb2,0x01,0x1b, 
	0x99,0x50,0xa3,0xc1, 
	0xa0,0x22,0x80,0xa7, 
	0xb2,0x01,0x1b,0x99, 
	0xd0,0xae,0xc1,0xf0, 
	0x20,0x00,0xaa,0x22, 
	0xa7,0xb2,0x01,0x1b, 
	0x99,0xf0,0xb3,0xc1, 
	0x50,0x7e,0xc1,0x0c, 
	0x0a,0x7a,0xbb,0x77, 
	0xbb,0x02,0xa2,0xca, 
	0x01,0xb0,0xaa,0x81, 
	0x9a,0xaa,0x00,0xbb, 
	0xa1,0xba,0x22,0xb7, 
	0xb2,0x01,0x1b,0xaa, 
	0xf0,0x3e,0xc1,0x0c, 
	0xb4,0x78,0x11,0xaa, 
	0x33,0x30,0x59,0x41, 
	0xcc,0x45,0x42,0xc4, 
	0x01,0x82,0xc8,0xff, 
	0x00,0x14,0x40,0x20, 
	0x33,0x81,0x60,0x22, 
	0x81,0x00,0x66,0xa1, 
	0x42,0xa3,0xff,0x40, 
	0x88,0xc0,0xf0,0x44, 
	0x11,0x47,0xb8,0x2b, 
	0xd6,0x86,0x00,0x1b, 
	0x22,0x9c,0xc2,0xf0, 
	0x66,0x11,0x8c,0xe6, 
	0xc0,0x88,0x01,0x8a, 
	0x33,0x70,0x7f,0x05, 
	0x10,0x77,0x01,0x70, 
	0x33,0x20,0x1d,0xf0, 
	0x20,0x21,0x41,0xf0, 
	0x22,0x11,0x86,0xf9, 
	0xff,0x1b,0x33,0x46, 
	0xf8,0xff,0x00,0x00, 
	0x96,0x98,0x00,0x1b, 
	0x84,0xc0,0x38,0x01, 
	0x0c,0x02,0xc6,0xf5, 
	0xff,0x80,0x80,0x60, 
	0x9d,0x06,0x00,0x08, 
	0x40,0xf6,0xc8,0x0b, 
	0x00,0x62,0xa1,0x20, 
	0x23,0x81,0x30,0x30, 
	0x91,0x06,0x04,0x00, 
	0xf6,0xd8,0x1c,0x00, 
	0xa2,0xa1,0x20,0x63, 
	0x81,0x30,0x20,0x91, 
	0x0c,0x03,0xa0,0x99, 
	0x20,0x0c,0x08,0x16, 
	0x99,0xf9,0x0c,0x19, 
	0x90,0x66,0x20,0x46, 
	0xe4,0xff,0x00,0x00, 
	0x70,0x3f,0x05,0x10, 
	0x33,0x01,0x0c,0x02, 
	0x86,0xe7,0xff,0x00, 
	0xf0,0x55,0x11,0x50, 
	0x51,0x41,0x40,0xa5, 
	0x20,0xbc,0xba,0x9c, 
	0x55,0xa0,0xf5,0x40, 
	0xa2,0xca,0xf5,0x00, 
	0x1a,0x40,0x40,0x55, 
	0x81,0x00,0x44,0xa1, 
	0x0c,0x19,0xa0,0x99, 
	0xc0,0xc6,0x36,0x00, 
	0xa0,0xf4,0x40,0xa2, 
	0xca,0xf5,0x6c,0x19, 
	0xa0,0x99,0xc0,0x00, 
	0x1a,0x40,0x96,0x7a, 
	0x00,0x00,0x54,0xa1, 
	0x0c,0x04,0x86,0x30, 
	0x00,0x40,0x50,0x91, 
	0x00,0x44,0xa1,0x46, 
	0x2e,0x00,0x00,0x00, 
	0xf0,0x33,0x11,0x30, 
	0x31,0x41,0x30,0x22, 
	0x20,0x70,0x3f,0x05, 
	0x10,0x33,0x01,0x60, 
	0x33,0x20,0xcc,0x42, 
	0x41,0x28,0x5d,0x40, 
	0x33,0x20,0x0c,0x02, 
	0x1d,0xf0,0x00,0x00, 
	0xf0,0x33,0x11,0x30, 
	0x31,0x41,0x20,0xa3, 
	0x20,0xbc,0xba,0x9c, 
	0x53,0xa0,0xf3,0x40, 
	0xa2,0xca,0xf5,0x00, 
	0x1a,0x40,0x20,0x33, 
	0x81,0x00,0x22,0xa1, 
	0x0c,0x18,0xa0,0x88, 
	0xc0,0x86,0x1d,0x00, 
	0xa0,0xf2,0x40,0xa2, 
	0xca,0xf5,0x6c,0x18, 
	0xa0,0x88,0xc0,0x00, 
	0x1a,0x40,0x96,0x7a, 
	0x00,0x00,0x32,0xa1, 
	0x0c,0x02,0x46,0x17, 
	0x00,0x20,0x30,0x91, 
	0x00,0x22,0xa1,0x06, 
	0x15,0x00,0x00,0x00, 
	0x70,0x3f,0x05,0x10, 
	0x33,0x01,0x0c,0x02, 
	0x1d,0xf0,0x00,0x00, 
	0x50,0x7f,0x05,0x10, 
	0x77,0x01,0x70,0x33, 
	0x30,0x67,0xc5,0x05, 
	0x41,0x0d,0x5d,0x40, 
	0x33,0x20,0x1d,0xf0, 
	0x40,0x85,0x11,0x40, 
	0x88,0x20,0x16,0x68, 
	0xfd,0x3d,0x05,0x2d, 
	0x04,0x1d,0xf0,0x00, 
	0x47,0x32,0x3a,0xc6, 
	0x0f,0x00,0x00,0x00, 
	0x36,0x21,0x00,0x61, 
	0x03,0x5d,0x50,0x73, 
	0x30,0x67,0x43,0xc7, 
	0x67,0x45,0xd8,0x30, 
	0x84,0xa5,0x50,0x94, 
	0xa5,0x16,0xf9,0xef, 
	0x16,0x48,0xf6,0x90, 
	0x88,0xc0,0xa1,0xfe, 
	0x5c,0x60,0x33,0x20, 
	0xa0,0x33,0x10,0x60, 
	0x55,0x20,0xa0,0x55, 
	0x10,0x10,0x4f,0x40, 
	0x37,0x35,0x0a,0x37, 
	0x15,0xc1,0x20,0x33, 
	0x81,0x00,0x22,0xa1, 
	0x0b,0x88,0x50,0x33, 
	0xc0,0x47,0xb2,0x01, 
	0x0b,0x33,0x40,0x22, 
	0xc0,0x20,0x33,0x81, 
	0x00,0x22,0xa1,0x0c, 
	0x0a,0x0c,0x1b,0x3c, 
	0x49,0xb0,0xaa,0x81, 
	0x00,0xbb,0xa1,0x57, 
	0x33,0x10,0x57,0x13, 
	0x42,0x1b,0xbb,0x50, 
	0x33,0xc0,0x47,0xb2, 
	0x02,0x32,0xc3,0xff, 
	0x40,0x22,0xc0,0x20, 
	0x33,0x81,0x00,0x22, 
	0xa1,0x0b,0x99,0x56, 
	0xa9,0xfd,0x92,0xa3, 
	0xfe,0x90,0x88,0x80, 
	0x92,0xd9,0x04,0x97, 
	0xb8,0x39,0x57,0x33, 
	0x07,0x57,0x13,0x1f, 
	0x1b,0xbb,0x16,0x6b, 
	0x08,0x2d,0x0b,0xc0, 
	0x88,0x01,0x8a,0x3a, 
	0x70,0x7f,0x05,0x10, 
	0x77,0x01,0x70,0x33, 
	0x20,0x1d,0xf0,0x00, 
	0x47,0xb2,0xb9,0x06, 
	0xf1,0xff,0x00,0x00, 
	0x47,0x32,0xe1,0x47, 
	0x92,0xd9,0x1b,0xbb, 
	0x16,0x0b,0x06,0xb0, 
	0xb1,0x41,0xf0,0xbb, 
	0x11,0x06,0xf4,0xff, 
	0x96,0x98,0x00,0x1b, 
	0x89,0xc0,0x38,0x01, 
	0x0c,0x02,0x86,0xf2, 
	0xff,0x80,0x80,0x60, 
	0x00,0x08,0x40,0xf6, 
	0xc8,0x0d,0x00,0x6b, 
	0xa1,0xb0,0xba,0x81, 
	0xa0,0xa0,0x91,0x86, 
	0x04,0x00,0x00,0x00, 
	0xf6,0xd8,0x35,0x00, 
	0x9b,0xa1,0xb0,0x6a, 
	0x81,0xa0,0xb0,0x91, 
	0x0c,0x0a,0x90,0x22, 
	0x20,0x0c,0x08,0x20, 
	0x33,0x20,0x8c,0x33, 
	0x0c,0x19,0x90,0x66, 
	0x20,0xd6,0xc6,0xf8, 
	0x1b,0xbb,0x8c,0xeb, 
	0xf0,0x66,0x11,0x56, 
	0x26,0xf8,0xb0,0xb1, 
	0x41,0xf0,0xbb,0x11, 
	0x46,0xde,0xff,0x00, 
	0x1b,0xaa,0xc6,0xdc, 
	0xff,0x70,0x3f,0x05, 
	0x10,0x33,0x01,0x0c, 
	0x02,0x1d,0xf0,0x00, 
	0x36,0x21,0x00,0x47, 
	0x92,0x0d,0x57,0x93, 
	0x17,0x61,0xb7,0x5c, 
	0x67,0x43,0x08,0x0c, 
	0x02,0x1d,0xf0,0x00, 
	0x0c,0x12,0x1d,0xf0, 
	0x40,0x73,0x11,0x20, 
	0x77,0x20,0x06,0x02, 
	0x00,0x50,0x73,0x20, 
	0xf0,0x77,0x11,0x20, 
	0x77,0x20,0x0c,0x02, 
	0x0c,0x13,0x70,0x23, 
	0x93,0x1d,0xf0,0x00, 
	0x36,0x21,0x00,0x61, 
	0xac,0x5c,0x67,0x43, 
	0x0e,0x67,0xc5,0x40, 
	0x40,0x75,0x11,0x40, 
	0x77,0x20,0xbc,0x77, 
	0x0c,0x02,0x1d,0xf0, 
	0x40,0x73,0x11,0x20, 
	0x77,0x20,0x16,0x77, 
	0xfe,0x0c,0x02,0x1d, 
	0xf0,0x00,0x00,0x00, 
	0x36,0x21,0x00,0x61, 
	0xa2,0x5c,0x67,0x43, 
	0x0e,0x67,0xc5,0x18, 
	0x40,0x75,0x11,0x40, 
	0x77,0x20,0x8c,0xf7, 
	0x0c,0x12,0x1d,0xf0, 
	0x40,0x73,0x11,0x20, 
	0x77,0x20,0x16,0x77, 
	0xfe,0x0c,0x12,0x1d, 
	0xf0,0x50,0x73,0x30, 
	0x96,0xd7,0x01,0x96, 
	0xd3,0x00,0x57,0x33, 
	0x05,0x57,0x93,0x10, 
	0x27,0x34,0x0d,0x0c, 
	0x02,0x1d,0xf0,0x00, 
	0x37,0x35,0xf7,0x37, 
	0x95,0x02,0x47,0xb2, 
	0xf1,0x0c,0x12,0x1d, 
	0xf0,0x96,0xa3,0xfe, 
	0x50,0x73,0x20,0xf0, 
	0x77,0x11,0x20,0x77, 
	0x20,0x40,0x77,0x20, 
	0x0c,0x12,0x0c,0x03, 
	0x70,0x23,0x83,0x1d, 
	0xf0,0x00,0x00,0x00, 
	0x36,0x21,0x00,0x61, 
	0x89,0x5c,0x67,0x43, 
	0x0e,0x67,0xc5,0x40, 
	0x40,0x75,0x11,0x40, 
	0x77,0x20,0xbc,0x77, 
	0x7c,0xf2,0x1d,0xf0, 
	0x40,0x73,0x11,0x20, 
	0x77,0x20,0x16,0x77, 
	0xfe,0x7c,0xf2,0x1d, 
	0xf0,0x00,0x00,0x00, 
	0x36,0x21,0x00,0x61, 
	0x7f,0x5c,0x67,0x43, 
	0x0e,0x67,0xc5,0x18, 
	0x40,0x75,0x11,0x40, 
	0x77,0x20,0x8c,0xf7, 
	0x0c,0x02,0x1d,0xf0, 
	0x40,0x73,0x11,0x20, 
	0x77,0x20,0x16,0x77, 
	0xfe,0x0c,0x02,0x1d, 
	0xf0,0x50,0x73,0x30, 
	0x96,0xd7,0x01,0x96, 
	0xd3,0x00,0x57,0x33, 
	0x05,0x57,0x93,0x10, 
	0x47,0xb2,0x0d,0x7c, 
	0xf2,0x1d,0xf0,0x00, 
	0x37,0x35,0xf7,0x37, 
	0x95,0x02,0x27,0x34, 
	0xf1,0x0c,0x02,0x1d, 
	0xf0,0xd6,0x83,0xff, 
	0x50,0x73,0x20,0xf0, 
	0x77,0x11,0x20,0x77, 
	0x20,0x40,0x77,0x20, 
	0x0c,0x02,0x7c,0xf3, 
	0x70,0x23,0x93,0x1d, 
	0xf0,0x00,0x00,0x00, 
	0x36,0x21,0x00,0x61, 
	0x66,0x5c,0x67,0x43, 
	0x06,0x67,0x45,0x10, 
	0x0c,0x02,0x1d,0xf0, 
	0x40,0x73,0x11,0x20, 
	0x77,0x20,0x16,0xf7, 
	0xfe,0x0c,0x12,0x1d, 
	0xf0,0x40,0x75,0x11, 
	0x40,0x77,0x20,0x16, 
	0x57,0xfe,0x0c,0x12, 
	0x1d,0xf0,0x00,0x00, 
	0x36,0x21,0x00,0x61, 
	0x5b,0x5c,0x67,0x43, 
	0x26,0x30,0x44,0xa5, 
	0x60,0x53,0x95,0x50, 
	0x44,0xc0,0xe6,0xc4, 
	0x26,0xa6,0x14,0x2f, 
	0x60,0x73,0x20,0x10, 
	0x45,0x40,0x20,0x57, 
	0x81,0x00,0x14,0x40, 
	0x50,0x50,0x91,0x50, 
	0x20,0x60,0x70,0x25, 
	0xb3,0x1d,0xf0,0x00, 
	0x40,0x43,0x11,0x20, 
	0x44,0x20,0x16,0x24, 
	0x00,0x32,0xa0,0x00, 
	0x50,0x46,0x11,0x0b, 
	0x54,0x30,0x45,0xb3, 
	0x2d,0x04,0x1d,0xf0, 
	0x0c,0x02,0x1d,0xf0, 
	0x36,0x21,0x00,0x61, 
	0x48,0x5c,0x67,0x43, 
	0x2a,0x30,0x44,0xa5, 
	0x60,0x54,0x95,0x50, 
	0x44,0xc0,0xe6,0xc4, 
	0x2a,0x96,0x34,0x03, 
	0x60,0x73,0x20,0x10, 
	0x45,0x40,0x20,0x57, 
	0x81,0x1b,0x44,0x26, 
	0xc4,0x29,0x00,0x14, 
	0x40,0x50,0x50,0x91, 
	0x50,0x20,0x60,0x70, 
	0x25,0xb3,0x1d,0xf0, 
	0x40,0x43,0x11,0x20, 
	0x44,0x20,0x8c,0x24, 
	0x7c,0xf2,0x1d,0xf0, 
	0x50,0x46,0x11,0x7c, 
	0xf5,0x30,0x45,0xb3, 
	0x2d,0x04,0x1d,0xf0, 
	0x0c,0x02,0x1d,0xf0, 
	0x96,0x43,0x00,0x2d, 
	0x05,0x1d,0xf0,0x00, 
	0x50,0x26,0x11,0x1d, 
	0xf0,0x00,0x00,0x00, 
	0x36,0x81,0x00,0x20, 
	0xa2,0x20,0x40,0xb4, 
	0x20,0x32,0x61,0x01, 
	0x29,0x01,0x59,0x31, 
	0x49,0x21,0x25,0xa7, 
	0x00,0x38,0x11,0x88, 
	0x31,0x40,0x33,0x82, 
	0x20,0x88,0x82,0x2d, 
	0x0a,0x8a,0x33,0x3a, 
	0x3b,0x1d,0xf0,0x00, 
	0x36,0x81,0x00,0x39, 
	0x11,0x29,0x01,0x59, 
	0x31,0x49,0x21,0xcd, 
	0x02,0xbd,0x03,0xad, 
	0x04,0x2c,0x0e,0x16, 
	0x95,0x0b,0x57,0xb3, 
	0x07,0x0c,0x02,0x0c, 
	0x03,0x1d,0xf0,0x00, 
	0x00,0xd0,0xf5,0x40, 
	0x16,0x4d,0x22,0xd0, 
	0x8e,0xc0,0x00,0x1d, 
	0x40,0x00,0x55,0xa1, 
	0x00,0x22,0xa1,0x00, 
	0x08,0x40,0x30,0x70, 
	0x91,0x40,0x60,0x91, 
	0x60,0x55,0x20,0x00, 
	0x1d,0x40,0x00,0xe3, 
	0xa1,0x50,0x30,0xf5, 
	0x00,0x08,0x40,0xc0, 
	0xf0,0x91,0x30,0x67, 
	0xc2,0x10,0x40,0x40, 
	0x30,0x77,0xe2,0xf0, 
	0xee,0x20,0x50,0xc0, 
	0xf4,0x60,0xbc,0x82, 
	0xfd,0x06,0xe0,0x77, 
	0x81,0xad,0x07,0xb7, 
	0xb7,0x0e,0x0b,0xf6, 
	0x7a,0xa5,0x57,0x3a, 
	0x07,0xb7,0xba,0x04, 
	0xf2,0xc6,0xfe,0xaa, 
	0xa5,0xb0,0xaa,0xc0, 
	0xe0,0xb0,0xf4,0x30, 
	0xea,0xe2,0x00,0xee, 
	0x11,0x30,0xaa,0xc2, 
	0xa0,0x3c,0x82,0xe0, 
	0xbb,0x20,0xcd,0x0b, 
	0xed,0x0a,0x37,0xbb, 
	0x0e,0x0b,0xea,0xba, 
	0xc5,0x57,0x3c,0x07, 
	0x37,0xbc,0x04,0xca, 
	0xc5,0xe2,0xca,0xfe, 
	0x00,0x1d,0x40,0x30, 
	0x3c,0xc0,0x00,0xb4, 
	0xa1,0x00,0x4f,0x11, 
	0x40,0x4e,0x20,0x40, 
	0xa4,0x20,0x65,0x9a, 
	0x00,0xb7,0x33,0x0b, 
	0x30,0x8b,0xc0,0x56, 
	0x98,0x09,0xa7,0x32, 
	0x02,0xc6,0x24,0x00, 
	0x0b,0x24,0x0c,0x03, 
	0x1d,0xf0,0x00,0x00, 
	0x47,0x33,0x02,0xc6, 
	0x22,0x00,0x90,0xf4, 
	0x40,0x9c,0x99,0x90, 
	0xfe,0xc0,0x00,0x19, 
	0x40,0x00,0xa4,0xa1, 
	0x00,0xd3,0xa1,0x00, 
	0x0f,0x40,0x20,0xb0, 
	0x91,0xd0,0xbb,0x20, 
	0x00,0x19,0x40,0x00, 
	0x22,0xa1,0xa0,0xc0, 
	0xf4,0x10,0x40,0x40, 
	0xa0,0xd0,0xf5,0xd0, 
	0x4b,0xe2,0xd0,0x3b, 
	0xc2,0xfd,0x03,0x20, 
	0x44,0x81,0x30,0xbc, 
	0x82,0xed,0x04,0xb7, 
	0xb4,0x0e,0x0b,0xf3, 
	0xaa,0xe4,0xa7,0x3e, 
	0x07,0xb7,0xbe,0x04, 
	0xf2,0xc3,0xfe,0xea, 
	0xea,0xb0,0x8e,0xc0, 
	0x20,0xe0,0xf4,0xd0, 
	0x98,0xe2,0x00,0x99, 
	0x11,0xd0,0xd8,0xc2, 
	0xbd,0x0d,0xd0,0xcc, 
	0x82,0x90,0xee,0x20, 
	0xc7,0xbe,0x16,0x0b, 
	0xbd,0xaa,0xee,0xa7, 
	0x3e,0x0f,0xc7,0xbe, 
	0x0c,0x0c,0x03,0x00, 
	0x2f,0x11,0xb2,0xcd, 
	0xfe,0x20,0x2b,0x20, 
	0x1d,0xf0,0x0c,0x03, 
	0x00,0x2f,0x11,0x20, 
	0x2b,0x20,0x1d,0xf0, 
	0x0c,0x03,0x2d,0x04, 
	0x1d,0xf0,0xcc,0x34, 
	0x0c,0x1a,0x40,0xaa, 
	0xc2,0xd0,0xfa,0x40, 
	0x16,0x8d,0x0f,0x00, 
	0x1d,0x40,0xd0,0xfe, 
	0xc0,0x00,0xaa,0xa1, 
	0x00,0x0f,0x40,0x30, 
	0x50,0x91,0x00,0x1d, 
	0x40,0x00,0xe3,0xa1, 
	0x00,0x0f,0x40,0xc0, 
	0xb0,0x91,0xe0,0xbb, 
	0x20,0x00,0x1d,0x40, 
	0x00,0x2c,0xa1,0xa0, 
	0xd0,0xf5,0xa0,0xc0, 
	0xf4,0x10,0x40,0x40, 
	0xd0,0x45,0xc2,0xfd, 
	0x04,0xd0,0x55,0xe2, 
	0xb0,0x55,0x81,0x40, 
	0x3c,0x82,0xed,0x05, 
	0x37,0xb5,0x10,0x0b, 
	0xf4,0xa0,0xe5,0x80, 
	0xa7,0x3e,0x08,0x37, 
	0xbe,0x05,0xf2,0xc4, 
	0xfe,0xe0,0xea,0x80, 
	0xb0,0x50,0xf4,0x30, 
	0x4e,0xc0,0xd0,0x84, 
	0xe2,0x00,0x88,0x11, 
	0xd0,0x44,0xc2,0xed, 
	0x04,0x80,0x55,0x20, 
	0x40,0x3c,0x82,0xbd, 
	0x05,0x37,0xb5,0x0f, 
	0x0b,0xe4,0xa0,0xb5, 
	0x80,0xa7,0x3b,0x07, 
	0x37,0xbb,0x04,0xe2, 
	0xc4,0xfe,0xba,0xba, 
	0x30,0xbb,0xc0,0x00, 
	0x3f,0x11,0x30,0x3e, 
	0x20,0x10,0x40,0x40, 
	0xd0,0x5b,0xe2,0xd0, 
	0x4b,0xc2,0xfd,0x04, 
	0x20,0x55,0x81,0x40, 
	0xbc,0x82,0xed,0x05, 
	0xb7,0xb5,0x10,0x0b, 
	0xf4,0xa0,0xe5,0x80, 
	0xa7,0x3e,0x08,0xb7, 
	0xbe,0x05,0xf2,0xc4, 
	0xfe,0xe0,0xea,0x80, 
	0xb0,0x8e,0xc0,0x20, 
	0xe0,0xf4,0xd0,0x98, 
	0xe2,0x00,0x99,0x11, 
	0xd0,0xd8,0xc2,0xbd, 
	0x0d,0xd0,0xcc,0x82, 
	0x90,0xee,0x20,0xc7, 
	0xbe,0x21,0x0b,0xbd, 
	0xaa,0xee,0xa7,0x3e, 
	0x1a,0xc7,0xbe,0x17, 
	0x00,0x8f,0x11,0x22, 
	0xcd,0xfe,0x80,0x22, 
	0x20,0x1d,0xf0,0x00, 
	0x37,0x35,0x02,0x47, 
	0x32,0x0d,0x0c,0x12, 
	0x0c,0x03,0x1d,0xf0, 
	0x00,0x2f,0x11,0x20, 
	0x2b,0x20,0x1d,0xf0, 
	0x0c,0x02,0x0c,0x03, 
	0x1d,0xf0,0x00,0x00, 
	0xa0,0xd0,0xf5,0xa0, 
	0xb3,0xc0,0xa0,0xc0, 
	0xf4,0x0c,0x13,0x86, 
	0xdf,0xff,0x00,0x00, 
	0x36,0x41,0x00,0xa1, 
	0x8c,0x5b,0x8c,0x73, 
	0x91,0x8a,0x5b,0x82, 
	0x23,0x00,0x82,0x69, 
	0x00,0x49,0x0a,0x8c, 
	0x15,0xe0,0x05,0x00, 
	0x8c,0x66,0xad,0x06, 
	0x10,0x11,0x20,0xe5, 
	0x0c,0x00,0x1d,0xf0, 
	0x36,0x41,0x00,0x20, 
	0xa2,0x20,0xb2,0xa0, 
	0x00,0x65,0x01,0x00, 
	0xa1,0x82,0x5b,0xa2, 
	0x2a,0x00,0xb8,0xfa, 
	0x8c,0x1b,0xe0,0x0b, 
	0x00,0xad,0x02,0xe5, 
	0x92,0x00,0x00,0x00, 
	0x36,0x61,0x00,0x72, 
	0xaf,0x78,0x29,0x01, 
	0xd1,0x7b,0x5b,0xd8, 
	0x0d,0xe2,0xa1,0x48, 
	0x62,0x2d,0x52,0xea, 
	0xdd,0xd9,0x11,0x16, 
	0xd6,0x07,0x58,0x16, 
	0xbd,0x05,0x0b,0x55, 
	0x96,0x95,0x06,0x60, 
	0x45,0xa0,0x8c,0x73, 
	0x77,0x16,0x59,0x82, 
	0x24,0x42,0x37,0x98, 
	0x53,0xc8,0x24,0x0b, 
	0xbb,0x57,0x9b,0x04, 
	0xb9,0x16,0x46,0x01, 
	0x00,0xb8,0x16,0x0c, 
	0x09,0x99,0x24,0xbc, 
	0xec,0x2d,0x0b,0x77, 
	0x16,0x22,0xa2,0x26, 
	0x62,0x00,0x15,0x40, 
	0xd2,0xa0,0x01,0x00, 
	0xdd,0xa1,0xa7,0x0d, 
	0x13,0xe2,0x26,0x63, 
	0xb2,0x24,0x22,0xe7, 
	0x8d,0x11,0xa2,0x21, 
	0x00,0xe0,0x0c,0x00, 
	0x46,0x03,0x00,0x00, 
	0x00,0xe0,0x0c,0x00, 
	0x46,0x01,0x00,0x00, 
	0xad,0x0b,0xe0,0x0c, 
	0x00,0xb8,0x16,0xf8, 
	0x11,0x27,0x9b,0x87, 
	0xf8,0x0f,0x67,0x9f, 
	0x82,0x42,0xc4,0xfc, 
	0x0b,0x55,0x66,0x05, 
	0x98,0x98,0x06,0x8c, 
	0x9b,0x69,0x11,0x6d, 
	0x09,0x56,0x19,0xf8, 
	0x1d,0xf0,0x00,0x00, 
	0x16,0x19,0xff,0x68, 
	0x11,0x99,0x06,0x6d, 
	0x09,0x06,0xfb,0xff, 
	0x36,0x41,0x00,0x51, 
	0x53,0x5b,0x58,0x05, 
	0x42,0x25,0x52,0xcc, 
	0x64,0x42,0xa1,0x4c, 
	0x4a,0x45,0x42,0x65, 
	0x52,0x58,0x14,0xa6, 
	0xc5,0x03,0x7c,0xf2, 
	0x1d,0xf0,0x1b,0x95, 
	0x40,0x85,0xa0,0x99, 
	0x14,0x29,0x28,0x0c, 
	0x02,0x1d,0xf0,0x00, 
	0x36,0x41,0x00,0x41, 
	0x49,0x5b,0x38,0x04, 
	0x52,0xc4,0x10,0x5a, 
	0x53,0x22,0x45,0x00, 
	0x1b,0x33,0x30,0x30, 
	0x74,0x39,0x04,0x1d, 
	0xf0,0x00,0x00,0x00, 
	0x36,0x41,0x00,0x7c, 
	0xf2,0x1d,0xf0,0x00, 
	0x36,0x41,0x00,0x1d, 
	0xf0,0x00,0x00,0x00, 
	0x30,0xb1,0x03,0x59, 
	0x71,0x3b,0x23,0x20, 
	0xb1,0x13,0x1b,0x33, 
	0x30,0x20,0x14,0x20, 
	0x33,0xc0,0x38,0x03, 
	0x40,0x03,0x03,0x00, 
	0x22,0x40,0x30,0x30, 
	0x91,0x30,0x30,0x34, 
	0x40,0x03,0x13,0x41, 
	0x37,0x5b,0x5d,0x01, 
	0x12,0xc1,0x60,0x40, 
	0x43,0xa0,0xa0,0x04, 
	0x00,0x00,0x00,0x00, 
	0x1d,0x00,0xfc,0x84, 
	0xfc,0x64,0x00,0x00, 
	0x18,0x45,0xfc,0x04, 
	0x18,0x55,0xec,0xc4, 
	0x18,0x65,0xec,0x84, 
	0x18,0x75,0xec,0x44, 
	0x1d,0x06,0xec,0x04, 
	0x1d,0x07,0xdc,0xc4, 
	0x1d,0x08,0xdc,0x84, 
	0x1d,0x09,0xdc,0x44, 
	0x1d,0x0a,0xdc,0x04, 
	0x1d,0x0b,0xcc,0xc4, 
	0x1d,0x0c,0xcc,0x84, 
	0x1d,0x0d,0xcc,0x44, 
	0x1d,0x0e,0xcc,0x04, 
	0x1d,0x0f,0x10,0x30, 
	0x14,0x8c,0x43,0xf0, 
	0x41,0x00,0x30,0x11, 
	0xc0,0x22,0xc5,0x60, 
	0x42,0xa0,0x60,0x50, 
	0x31,0xc0,0x47,0xb3, 
	0x16,0x40,0x55,0xc0, 
	0x32,0x25,0x1c,0x42, 
	0x25,0x1d,0x39,0x45, 
	0x49,0x55,0x32,0x25, 
	0x1e,0x42,0x25,0x1f, 
	0x39,0x65,0x49,0x75, 
	0x30,0xc2,0x09,0x40, 
	0xd2,0x09,0x30,0xc1, 
	0x49,0x40,0xd1,0x49, 
	0x30,0xe2,0x09,0x40, 
	0xf2,0x09,0x30,0xe1, 
	0x49,0x40,0xf1,0x49, 
	0x28,0x45,0x38,0x55, 
	0x48,0x65,0x58,0x75, 
	0x00,0x30,0x00,0x00, 
	0x30,0xb1,0x03,0x28, 
	0x41,0x3b,0x33,0x30, 
	0xb1,0x13,0x32,0x21, 
	0x05,0x56,0x62,0x04, 
	0x32,0x61,0x11,0x42, 
	0x61,0x12,0x52,0x61, 
	0x13,0x31,0x09,0x5b, 
	0x20,0xe6,0x03,0x30, 
	0xe6,0x13,0x30,0xb1, 
	0x03,0x12,0xc1,0x60, 
	0x10,0x20,0x00,0x42, 
	0xa0,0x00,0x36,0x81, 
	0x00,0xf5,0x01,0x00, 
	0xe1,0x04,0x5b,0xea, 
	0x0c,0x1d,0xf0,0x20, 
	0xe6,0x13,0x0c,0x02, 
	0x48,0xa5,0x10,0x20, 
	0x00,0x30,0xb1,0x13, 
	0x38,0x95,0x58,0xb5, 
	0x00,0x30,0x00,0x00, 
	0x36,0x61,0x00,0xfd, 
	0x0f,0x1d,0xf0,0x7c, 
	0xf2,0x12,0xc1,0x60, 
	0x00,0x30,0x00,0x00, 
	0x59,0x71,0x21,0xf7, 
	0x5a,0x30,0xb1,0x03, 
	0x20,0xe6,0x61,0x39, 
	0x01,0x29,0x11,0x22, 
	0x21,0x13,0x12,0xc1, 
	0x60,0x10,0x20,0x00, 
	0x41,0x0d,0x5a,0x30, 
	0x34,0x20,0x30,0x44, 
	0x90,0x36,0xc1,0x00, 
	0xf0,0x61,0x00,0xe1, 
	0xf0,0x5a,0xf0,0xe2, 
	0x03,0xc0,0xe4,0x03, 
	0xd8,0x1e,0xc0,0xff, 
	0x10,0xc0,0x03,0x03, 
	0xd9,0x31,0x16,0x2f, 
	0x06,0xc9,0x21,0x22, 
	0x61,0x08,0x22,0xaf, 
	0xff,0xc0,0xff,0x40, 
	0xf1,0xe1,0x59,0x00, 
	0x0c,0x40,0xf0,0xf0, 
	0x91,0xf0,0x22,0x30, 
	0xd1,0xe6,0x5a,0xf0, 
	0xe3,0x13,0xd0,0xcc, 
	0xb0,0xd2,0x2c,0x2c, 
	0xf0,0x66,0x00,0xf8, 
	0x0e,0xd9,0x1e,0xd0, 
	0xff,0x10,0xf0,0xe4, 
	0x13,0x10,0x20,0x00, 
	0xf0,0x60,0x00,0xd8, 
	0x0c,0xfd,0x01,0xe8, 
	0x1c,0xf0,0x0d,0x00, 
	0xe1,0xdb,0x5a,0xf0, 
	0xe2,0x03,0xd0,0x66, 
	0x00,0xd8,0x0e,0xc8, 
	0x31,0xc0,0xdd,0x10, 
	0xd0,0xff,0x10,0x56, 
	0xef,0x01,0x28,0x81, 
	0xc2,0x6e,0x01,0xc2, 
	0x21,0x02,0xd0,0xe4, 
	0x13,0xd0,0x63,0x00, 
	0x01,0xd4,0x5a,0xd1, 
	0xea,0x59,0xc0,0x03, 
	0x13,0xd0,0x00,0x20, 
	0x00,0x0d,0x90,0x1d, 
	0xf0,0xd0,0xff,0x40, 
	0xc1,0xce,0x5a,0xc0, 
	0xcd,0xb0,0xe2,0x2c, 
	0x2d,0x20,0xff,0x10, 
	0xe0,0xff,0x10,0xe1, 
	0xc9,0x5a,0x56,0xbf, 
	0xf7,0xf1,0xc0,0x59, 
	0x00,0x0d,0x40,0xf0, 
	0xd0,0x91,0xf2,0x2c, 
	0x2d,0xd0,0xe3,0x13, 
	0xf0,0x22,0x20,0xd0, 
	0x22,0x30,0xc6,0xde, 
	0xff,0x00,0x00,0x00, 
	0x36,0x41,0x00,0x1c, 
	0x55,0x27,0x35,0x3b, 
	0x81,0xc2,0x5a,0x8a, 
	0x82,0x82,0x08,0x00, 
	0x71,0xc1,0x5a,0xf6, 
	0x78,0x31,0xd0,0x82, 
	0x11,0x80,0x77,0xc0, 
	0x81,0xbf,0x5a,0x62, 
	0x27,0x2a,0x8c,0xe3, 
	0x32,0x67,0x2a,0x42, 
	0x67,0x2b,0x80,0x96, 
	0xc0,0x0c,0x02,0x90, 
	0x26,0x93,0x1d,0xf0, 
	0x82,0x67,0x2a,0x22, 
	0x67,0x2b,0x80,0xa6, 
	0xc0,0x0c,0x02,0xa0, 
	0x26,0x93,0x1d,0xf0, 
	0x0c,0x02,0x1d,0xf0, 
	0x0c,0x02,0x1d,0xf0, 
	0x36,0x41,0x00,0xad, 
	0x02,0xbd,0x03,0xcd, 
	0x02,0xa5,0xfa,0xff, 
	0x2d,0x0a,0x1d,0xf0, 
	0x36,0x21,0x00,0x41, 
	0xa9,0x5a,0x70,0x66, 
	0x00,0x38,0x04,0x68, 
	0x14,0x20,0x53,0x20, 
	0x59,0x04,0x60,0x55, 
	0x10,0x50,0xe4,0x13, 
	0x70,0xe6,0x13,0x10, 
	0x20,0x00,0x2d,0x03, 
	0x1d,0xf0,0x00,0x00, 
	0x20,0xd2,0x61,0x12, 
	0xc1,0xa0,0x29,0x41, 
	0x21,0x9d,0x5a,0x49, 
	0x61,0x59,0x71,0x20, 
	0xe6,0x13,0x10,0x20, 
	0x00,0x22,0x21,0x13, 
	0x12,0xc1,0x60,0x40, 
	0xb2,0x03,0x51,0xb2, 
	0x59,0x40,0x45,0x20, 
	0x40,0x45,0x90,0x36, 
	0xc1,0x00,0xf0,0x62, 
	0x00,0xe0,0x03,0x03, 
	0xc2,0xa1,0x00,0xe9, 
	0x21,0xc0,0xe3,0x13, 
	0xc1,0x99,0x5a,0xd8, 
	0x0c,0xe8,0x1c,0xfd, 
	0x01,0xf0,0x0d,0x00, 
	0xe8,0x21,0x01,0x96, 
	0x5a,0xd1,0xa7,0x59, 
	0xe0,0x03,0x13,0xd0, 
	0x00,0x20,0x00,0x0d, 
	0x90,0xe0,0x63,0x00, 
	0x1d,0xf0,0x22,0x65, 
	0x13,0x28,0x45,0x48, 
	0x65,0x58,0x75,0x10, 
	0x32,0x00,0x00,0x00, 
	0x20,0xd3,0x61,0x12, 
	0xc1,0xa0,0x29,0x41, 
	0x21,0x83,0x5a,0x49, 
	0x61,0x59,0x71,0x20, 
	0xe6,0x13,0x10,0x20, 
	0x00,0x22,0x21,0x13, 
	0x12,0xc1,0x60,0x40, 
	0xb3,0x03,0x51,0x98, 
	0x59,0x40,0x45,0x20, 
	0x40,0x45,0x90,0x36, 
	0xc1,0x00,0xf0,0x63, 
	0x00,0xf0,0xe2,0x03, 
	0xc0,0xe4,0x03,0xd1, 
	0x82,0x5a,0xc0,0xff, 
	0x10,0xd0,0xff,0x10, 
	0xe0,0x03,0x03,0x16, 
	0xdf,0x03,0xe9,0x21, 
	0xf0,0xc0,0x60,0xf0, 
	0xcc,0x10,0xc0,0xe3, 
	0x13,0xd1,0x77,0x5a, 
	0x1c,0xfe,0xc0,0xfc, 
	0x40,0xc0,0xfe,0xc0, 
	0xf0,0xf0,0x60,0xf2, 
	0xcf,0x15,0xd0,0xcf, 
	0xb0,0xd8,0x0c,0xe2, 
	0x2c,0x01,0x10,0xf1, 
	0x20,0xf0,0x0d,0x00, 
	0xf0,0xe2,0x03,0xc0, 
	0xe4,0x03,0xd1,0x72, 
	0x5a,0xc0,0xff,0x10, 
	0xd0,0xff,0x10,0x56, 
	0x5f,0xfc,0xe8,0x21, 
	0x01,0x70,0x5a,0xd1, 
	0x7f,0x59,0xe0,0x03, 
	0x13,0xd0,0x00,0x20, 
	0x00,0x0d,0x90,0x1d, 
	0xf0,0x22,0x65,0x13, 
	0x28,0x45,0x48,0x65, 
	0x58,0x75,0x10,0x33, 
	0x00,0x00,0x00,0x00, 
	0x21,0x69,0x5a,0x09, 
	0x82,0x01,0x68,0x5a, 
	0x19,0x92,0x08,0x00, 
	0x39,0xb2,0x00,0xd4, 
	0x61,0x49,0xc2,0x09, 
	0xa2,0x30,0xb1,0x03, 
	0x40,0xe8,0x03,0x39, 
	0x32,0x49,0x42,0x30, 
	0xee,0x03,0x39,0x52, 
	0x40,0xd1,0x03,0x49, 
	0x62,0x1c,0x80,0x59, 
	0xd2,0x69,0xe2,0x79, 
	0xf2,0x82,0x62,0x10, 
	0x92,0x62,0x11,0xa2, 
	0x62,0x12,0xb2,0x62, 
	0x13,0xc2,0x62,0x14, 
	0xd2,0x62,0x15,0xe2, 
	0x62,0x16,0xf2,0x62, 
	0x17,0x82,0xc0,0xf8, 
	0xa2,0xc2,0x20,0x20, 
	0x80,0x40,0x56,0xb0, 
	0xfd,0x20,0x80,0x40, 
	0x30,0x49,0x03,0x40, 
	0x48,0x03,0x39,0x12, 
	0x49,0x22,0x0c,0x13, 
	0x0c,0x04,0x30,0x49, 
	0x13,0x40,0x48,0x13, 
	0x10,0x20,0x00,0x11, 
	0x4d,0x5a,0x02,0xa0, 
	0x00,0x21,0x4d,0x5a, 
	0x20,0xe6,0x13,0x10, 
	0x20,0x00,0xe0,0x03, 
	0x03,0xe2,0x61,0x00, 
	0xd1,0x06,0x5a,0xc1, 
	0x41,0x5a,0xd0,0xe3, 
	0x13,0xd2,0x2c,0x12, 
	0x62,0x2c,0x13,0xd0, 
	0x0d,0x00,0xf8,0x01, 
	0xf0,0x03,0x13,0x3c, 
	0x42,0x20,0xe6,0x13, 
	0x10,0x20,0x00,0x28, 
	0x11,0x38,0x21,0x20, 
	0x49,0x13,0x30,0x48, 
	0x13,0x10,0x20,0x00, 
	0x11,0x3d,0x5a,0x1c, 
	0x86,0x72,0xc1,0xe0, 
	0xe2,0xc6,0xf8,0xf2, 
	0xc7,0x20,0x48,0xcf, 
	0x58,0xdf,0x68,0xef, 
	0x78,0xff,0x82,0x2f, 
	0x10,0x92,0x2f,0x11, 
	0xa2,0x2f,0x12,0xb2, 
	0x2f,0x13,0x20,0x80, 
	0x40,0x56,0xf6,0xfd, 
	0x42,0x27,0x14,0x52, 
	0x27,0x15,0x62,0x27, 
	0x16,0x72,0x27,0x17, 
	0x20,0x80,0x40,0x28, 
	0x31,0x38,0x41,0x20, 
	0xb1,0x13,0x30,0xe8, 
	0x13,0x28,0x51,0x20, 
	0xee,0x13,0x38,0x61, 
	0x30,0xd1,0x13,0x08, 
	0x81,0x28,0xa1,0x38, 
	0xb1,0x18,0x91,0x10, 
	0x34,0x00,0x00,0x00, 
	0x21,0x2a,0x5a,0x09, 
	0x82,0x01,0x29,0x5a, 
	0x19,0x92,0x08,0x00, 
	0x39,0xb2,0x00,0xd5, 
	0x61,0x49,0xc2,0x09, 
	0xa2,0x30,0xb1,0x03, 
	0x40,0xe8,0x03,0x39, 
	0x32,0x49,0x42,0x30, 
	0xee,0x03,0x39,0x52, 
	0x40,0xd1,0x03,0x49, 
	0x62,0x1c,0x80,0x59, 
	0xd2,0x69,0xe2,0x79, 
	0xf2,0x82,0x62,0x10, 
	0x92,0x62,0x11,0xa2, 
	0x62,0x12,0xb2,0x62, 
	0x13,0xc2,0x62,0x14, 
	0xd2,0x62,0x15,0xe2, 
	0x62,0x16,0xf2,0x62, 
	0x17,0x82,0xc0,0xf8, 
	0xa2,0xc2,0x20,0x20, 
	0x80,0x40,0x56,0xb0, 
	0xfd,0x20,0x80,0x40, 
	0x30,0x49,0x03,0x40, 
	0x48,0x03,0x39,0x12, 
	0x49,0x22,0x0c,0x13, 
	0x0c,0x04,0x30,0x49, 
	0x13,0x40,0x48,0x13, 
	0x10,0x20,0x00,0x11, 
	0x0e,0x5a,0x02,0xa0, 
	0x00,0x21,0x0e,0x5a, 
	0x20,0xe6,0x13,0x10, 
	0x20,0x00,0xe0,0x03, 
	0x03,0xe2,0x61,0x00, 
	0xd1,0x0c,0x5a,0xc1, 
	0xff,0x59,0xd0,0xe3, 
	0x13,0xd2,0x2c,0x10, 
	0x62,0x2c,0x11,0xd0, 
	0x0d,0x00,0xf8,0x01, 
	0xf0,0x03,0x13,0x3c, 
	0x52,0x20,0xe6,0x13, 
	0x10,0x20,0x00,0x28, 
	0x11,0x38,0x21,0x20, 
	0x49,0x13,0x30,0x48, 
	0x13,0x10,0x20,0x00, 
	0x11,0xfe,0x59,0x1c, 
	0x86,0x72,0xc1,0xe0, 
	0xe2,0xc6,0xf8,0xf2, 
	0xc7,0x20,0x48,0xcf, 
	0x58,0xdf,0x68,0xef, 
	0x78,0xff,0x82,0x2f, 
	0x10,0x92,0x2f,0x11, 
	0xa2,0x2f,0x12,0xb2, 
	0x2f,0x13,0x20,0x80, 
	0x40,0x56,0xf6,0xfd, 
	0x42,0x27,0x14,0x52, 
	0x27,0x15,0x62,0x27, 
	0x16,0x72,0x27,0x17, 
	0x20,0x80,0x40,0x28, 
	0x31,0x38,0x41,0x20, 
	0xb1,0x13,0x30,0xe8, 
	0x13,0x28,0x51,0x20, 
	0xee,0x13,0x38,0x61, 
	0x30,0xd1,0x13,0x08, 
	0x81,0x28,0xa1,0x38, 
	0xb1,0x18,0x91,0x10, 
	0x35,0x00,0x00,0x00, 
	0x36,0x61,0x00,0x31, 
	0xeb,0x59,0x39,0x01, 
	0x28,0x01,0x28,0x02, 
	0x26,0x02,0x14,0x88, 
	0x01,0x88,0x08,0xe0, 
	0x08,0x00,0xa8,0x01, 
	0xa2,0xca,0xfc,0xa9, 
	0x01,0x98,0x01,0x98, 
	0x09,0x66,0x09,0xea, 
	0x1d,0xf0,0x00,0x00, 
	0x36,0x41,0x00,0x1d, 
	0xf0,0x00,0x00,0x00, 
	0x36,0x41,0x00,0x65, 
	0x79,0xfa,0xe5,0x83, 
	0xfa,0x46,0xfe,0xff, 
	0x36,0x21,0x00,0xbc, 
	0x22,0x0c,0x07,0x06, 
	0x03,0x00,0x00,0x00, 
	0x36,0x21,0x00,0xac, 
	0x62,0x20,0x7f,0x05, 
	0x20,0x21,0x60,0x40, 
	0xf2,0x40,0x00,0x14, 
	0x40,0x00,0x52,0xa1, 
	0x50,0x3b,0x41,0xb0, 
	0x25,0x01,0x52,0xa4, 
	0x1d,0x40,0x55,0xc0, 
	0xc0,0x55,0x01,0x5a, 
	0x33,0x10,0x77,0x01, 
	0x70,0x33,0x20,0x1d, 
	0xf0,0x0c,0x03,0x1d, 
	0xf0,0x00,0x00,0x00, 
	0x36,0x21,0x00,0x20, 
	0x43,0x20,0x16,0x64, 
	0x05,0x0c,0x07,0x86, 
	0x06,0x00,0x00,0x00, 
	0x36,0x21,0x00,0x20, 
	0x43,0x20,0x16,0x64, 
	0x04,0x30,0x7f,0x05, 
	0xd6,0x93,0x00,0x20, 
	0x20,0x60,0x30,0x30, 
	0x60,0x8c,0x02,0x0b, 
	0x33,0xbc,0x73,0x40, 
	0xf3,0x40,0x00,0x14, 
	0x40,0x20,0x33,0x81, 
	0x00,0x22,0xa1,0x00, 
	0x4b,0x40,0x00,0x62, 
	0xa1,0x20,0x23,0x81, 
	0x30,0x30,0x91,0x52, 
	0xa4,0x3d,0x40,0x55, 
	0xc0,0xc0,0x55,0x01, 
	0x5a,0x33,0x10,0x77, 
	0x01,0x70,0x33,0x20, 
	0xd6,0x86,0x00,0x1b, 
	0x22,0xac,0x02,0xf0, 
	0x66,0x11,0x9c,0x36, 
	0x1d,0xf0,0x00,0x00, 
	0x40,0xf2,0x40,0x00, 
	0x14,0x40,0x00,0x32, 
	0xa1,0x0c,0x02,0x42, 
	0xc4,0x20,0x46,0xf0, 
	0xff,0x20,0x21,0x41, 
	0xf0,0x22,0x11,0x1d, 
	0xf0,0x1b,0x33,0x1d, 
	0xf0,0x00,0x00,0x00, 
	0x36,0x41,0x00,0x20, 
	0x40,0xf5,0x30,0x50, 
	0xf5,0x50,0x62,0xc1, 
	0x30,0xb4,0xc1,0x0c, 
	0x09,0xba,0x66,0xb7, 
	0xb6,0x02,0x92,0xc9, 
	0x01,0x10,0x40,0x40, 
	0x60,0x99,0x81,0x30, 
	0xb2,0xc1,0x00,0x66, 
	0xa1,0xba,0x66,0xb7, 
	0xb6,0x01,0x1b,0x99, 
	0x50,0x34,0xc1,0x2d, 
	0x06,0x9a,0x33,0x1d, 
	0xf0,0x00,0x00,0x00, 
	0x00,0x8c,0xd4,0x4a, 
	0x73,0x62,0x03,0x00, 
	0x1b,0x33,0x62,0x45, 
	0x00,0x1b,0x55,0x77, 
	0x23,0xf2,0x1d,0xf0, 
	0xb6,0x74,0xe9,0x62, 
	0x03,0x00,0x1b,0x33, 
	0x42,0xc4,0xff,0x62, 
	0x45,0x00,0x52,0xc5, 
	0x01,0x17,0x65,0x27, 
	0xb6,0x64,0xd5,0x62, 
	0x03,0x00,0x72,0x03, 
	0x01,0x2b,0x33,0x42, 
	0xc4,0xfe,0x62,0x45, 
	0x00,0x72,0x45,0x01, 
	0x2b,0x55,0x86,0x03, 
	0x00,0x00,0x00,0x00, 
	0x36,0x21,0x00,0x20, 
	0x52,0x20,0x07,0xe2, 
	0xc6,0x17,0xe2,0xd7, 
	0x40,0x74,0x41,0x82, 
	0xa0,0x03,0x87,0x83, 
	0x66,0x16,0x07,0x02, 
	0xc0,0x87,0x11,0x3a, 
	0x88,0x68,0x03,0x78, 
	0x13,0x69,0x05,0x68, 
	0x23,0x79,0x15,0x72, 
	0x23,0x03,0x62,0x65, 
	0x02,0x32,0xc3,0x10, 
	0x72,0x65,0x03,0x52, 
	0xc5,0x10,0x87,0x23, 
	0xe3,0x37,0x64,0x0b, 
	0x68,0x03,0x78,0x13, 
	0x8b,0x33,0x69,0x05, 
	0x79,0x15,0x8b,0x55, 
	0x27,0xe4,0x08,0x17, 
	0xe4,0x15,0x07,0xe4, 
	0x22,0x1d,0xf0,0x00, 
	0x68,0x03,0x4b,0x33, 
	0x69,0x05,0x4b,0x55, 
	0x17,0xe4,0x04,0x07, 
	0xe4,0x11,0x1d,0xf0, 
	0x62,0x13,0x00,0x2b, 
	0x33,0x62,0x55,0x00, 
	0x2b,0x55,0x07,0xe4, 
	0x02,0x1d,0xf0,0x00, 
	0x62,0x03,0x00,0x62, 
	0x45,0x00,0x1d,0xf0, 
	0x16,0xa4,0xff,0x00, 
	0x23,0x40,0x80,0xb3, 
	0x10,0xb0,0x33,0xc0, 
	0x68,0x03,0xac,0xa7, 
	0xc0,0xa7,0x11,0x30, 
	0xaa,0x80,0x78,0x13, 
	0x88,0x23,0x60,0x67, 
	0x81,0x69,0x05,0x98, 
	0x33,0x70,0x78,0x81, 
	0x79,0x15,0x68,0x43, 
	0x80,0x89,0x81,0x89, 
	0x25,0x32,0xc3,0x10, 
	0x90,0x96,0x81,0x92, 
	0x65,0x03,0x52,0xc5, 
	0x10,0xa7,0x23,0xd9, 
	0x37,0x64,0x14,0x78, 
	0x13,0x88,0x23,0x60, 
	0x67,0x81,0x69,0x05, 
	0x8b,0x33,0x70,0x78, 
	0x81,0x79,0x15,0x8b, 
	0x55,0x80,0x68,0x20, 
	0x27,0x64,0x0c,0x78, 
	0x13,0x4b,0x33,0x60, 
	0x67,0x81,0x69,0x05, 
	0x4b,0x55,0x6d,0x07, 
	0xba,0x33,0x17,0xe4, 
	0x06,0x07,0xe4,0x18, 
	0x1d,0xf0,0x00,0x00, 
	0x62,0x03,0x00,0x72, 
	0x03,0x01,0x2b,0x33, 
	0x62,0x45,0x00,0x72, 
	0x45,0x01,0x2b,0x55, 
	0x07,0xe4,0x01,0x1d, 
	0xf0,0x62,0x03,0x00, 
	0x62,0x45,0x00,0x1d, 
	0xf0,0x00,0x00,0x00, 
	0x36,0x21,0x00,0xd0, 
	0x20,0x00,0x00,0x40, 
	0x00,0x46,0xfe,0xff, 
	0x36,0x21,0x00,0xf0, 
	0x41,0x00,0x1d,0xf0, 
	0x28,0x41,0x38,0x51, 
	0x12,0xc1,0x60,0x10, 
	0x41,0x00,0x00,0x30, 
	0x00,0x00,0x00,0x00, 
	0x22,0x65,0x13,0x28, 
	0x15,0x38,0x05,0x20, 
	0xe6,0x13,0x28,0x45, 
	0x48,0x65,0x10,0x20, 
	0x00,0x30,0xb1,0x13, 
	0x38,0x55,0x58,0x75, 
	0x00,0x30,0x00,0x00, 
	0x36,0x21,0x00,0x20, 
	0xea,0x03,0x1d,0xf0, 
	0x36,0x21,0x00,0xcc, 
	0x52,0x30,0xf0,0x13, 
	0xc6,0x03,0x00,0x00, 
	0xf6,0x22,0x05,0x30, 
	0xf1,0x13,0x46,0x01, 
	0x00,0xf6,0x32,0x05, 
	0x30,0xf2,0x13,0x00, 
	0x20,0x00,0x1d,0xf0, 
	0x36,0x21,0x00,0xcc, 
	0x52,0x20,0xf0,0x03, 
	0x1d,0xf0,0x00,0x00, 
	0xf6,0x22,0x04,0x20, 
	0xf1,0x03,0x1d,0xf0, 
	0xf6,0x32,0x04,0x20, 
	0xf2,0x03,0x1d,0xf0, 
	0x0c,0x02,0x1d,0xf0, 
	0x36,0x21,0x00,0x20, 
	0xe3,0x13,0x1d,0xf0, 
	0x36,0x81,0x00,0x25, 
	0x53,0xf6,0x1d,0xf0, 
	0x00,0x00,0x00,0x00, 
	0x00,0x00,0x00,0x00, 
	0x00,0x00,0x00,0x00, 
	0x00,0x00,0x00,0x00, 
	0x00,0x00,0x00,0x00, 
	0x00,0x00,0x00,0x00, 
	0x00,0x00,0x00,0x00, 
	0x00,0x00,0x00,0x00, 
	0x00,0x00,0x00,0x00, 
	0x00,0x00,0x00,0x00, 
	0x00,0x00,0x00,0x00, 
	0x00,0x00,0x00,0x00, 
	0x00,0x00,0x00,0x00, 
	0x00,0x00,0x00,0x00, 
	0x00,0x00,0x00,0x00, 
	0x00,0x00,0x00,0x00, 
	0x00,0x00,0x00,0x00, 
	0x00,0x00,0x00,0x00, 
	0x00,0x00,0x00,0x00, 
	0x00,0x00,0x00,0x00, 
	0x00,0x00,0x00,0x00, 
	0x00,0x00,0x00,0x00, 
	0x00,0x00,0x00,0x00, 
	0x00,0x00,0x00,0x00, 
	0x00,0x00,0x00,0x00, 
	0x00,0x00,0x00,0x00, 
	0x00,0x00,0x00,0x00, 
	0x00,0x00,0x00,0x00, 
	0x00,0x00,0x00,0x00, 
	0x00,0x00,0x00,0x00, 
	0x00,0x00,0x00,0x00, 
	0x00,0x00,0x00,0x00, 
	0x00,0x00,0x00,0x00, 
	0x00,0x00,0x00,0x00, 
	0x00,0x00,0x00,0x00, 
	0x00,0x00,0x00,0x00, 
	0x00,0x00,0x00,0x00, 
	0x00,0x00,0x00,0x00, 
	0x00,0x00,0x00,0x00, 
	0x00,0x00,0x00,0x00, 
	0x00,0x00,0x00,0x00, 
	0x00,0x00,0x00,0x00, 
	0x00,0x00,0x00,0x00, 
	0x00,0x00,0x00,0x00, 
	0x00,0x00,0x00,0x00, 
	0x00,0x00,0x00,0x00, 
	0x00,0x00,0x00,0x00, 
	0x00,0x00,0x00,0x00, 
	0x00,0x00,0x00,0x00, 
	0x00,0x00,0x00,0x00, 
	0x00,0x00,0x00,0x00, 
	0x00,0x00,0x00,0x00, 
	0x00,0x00,0x00,0x00, 
	0x00,0x00,0x00,0x00, 
	0x00,0x00,0x00,0x00, 
	0x00,0x00,0x00,0x00, 
	0x00,0x00,0x00,0x00, 
	0x00,0x00,0x00,0x00, 
	0x00,0x00,0x00,0x00, 
	0x00,0x00,0x00,0x00, 
	0x00,0x00,0x00,0x00, 
	0x00,0x00,0x00,0x00, 
	0x00,0x00,0x00,0x00, 
	0x00,0x00,0x00,0x00, 
	0x00,0x00,0x00,0x00, 
	0x00,0x00,0x00,0x00, 
	0x00,0x00,0x00,0x00, 
	0x00,0x00,0x00,0x00, 
	0x00,0x00,0x00,0x00, 
	0x00,0x00,0x00,0x00, 
	0x00,0x00,0x00,0x00, 
	0x00,0x00,0x00,0x00, 
	0x00,0x00,0x00,0x00, 
	0x00,0x00,0x00,0x00, 
	0x00,0x00,0x00,0x00, 
	0x00,0x00,0x00,0x00, 
	0x00,0x00,0x00,0x00, 
	0x00,0x00,0x00,0x00, 
	0x00,0x00,0x00,0x00, 
	0x00,0x00,0x00,0x00, 
	0x00,0x00,0x00,0x00, 
	0x00,0x00,0x00,0x00, 
	0x00,0x00,0x00,0x00, 
	0x00,0x00,0x00,0x00, 
	0x00,0x00,0x00,0x00, 
	0x00,0x00,0x00,0x00, 
	0x00,0x00,0x00,0x00, 
	0x00,0x00,0x00,0x00, 
	0x00,0x00,0x00,0x00, 
	0x00,0x00,0x00,0x00, 
	0x00,0x00,0x00,0x00, 
	0x00,0x00,0x00,0x00, 
	0x00,0x00,0x00,0x00, 
	0x00,0x00,0x00,0x00, 
	0x00,0x00,0x00,0x00, 
	0x00,0x00,0x00,0x00, 
	0x00,0x00,0x00,0x00, 
	0x00,0x00,0x00,0x00, 
	0x00,0x00,0x00,0x00, 
	0x00,0x00,0x00,0x00, 
	0x00,0x00,0x00,0x00, 
	0x00,0x00,0x00,0x00, 
	0x00,0x00,0x00,0x00, 
	0x00,0x00,0x00,0x00, 
	0x00,0x00,0x00,0x00, 
	0x00,0x00,0x00,0x00, 
	0x00,0x00,0x00,0x00, 
	0x00,0x00,0x00,0x00, 
	0x00,0x00,0x00,0x00, 
	0x00,0x00,0x00,0x00, 
	0x00,0x00,0x00,0x00, 
	0x00,0x00,0x00,0x00, 
	0x00,0x00,0x00,0x00, 
	0x00,0x00,0x00,0x00, 
	0x00,0x00,0x00,0x00, 
	0x00,0x00,0x00,0x00, 
	0x00,0x00,0x00,0x00, 
	0x00,0x00,0x00,0x00, 
	0x00,0x00,0x00,0x00, 
	0x00,0x00,0x00,0x00, 
	0x00,0x00,0x00,0x00, 
	0x00,0x00,0x00,0x00, 
	0x00,0x00,0x00,0x00, 
	0x00,0x00,0x00,0x00, 
	0x00,0x00,0x00,0x00, 
	0x00,0x00,0x00,0x00, 
	0x00,0x00,0x00,0x00, 
	0x00,0x00,0x00,0x00, 
	0x00,0x00,0x00,0x00, 
	0x00,0x00,0x00,0x00, 
	0x00,0x00,0x00,0x00, 
	0x00,0x00,0x00,0x00, 
	0x00,0x00,0x00,0x00, 
	0x00,0x00,0x00,0x00, 
	0x00,0x00,0x00,0x00, 
	0x00,0x00,0x00,0x00, 
	0x00,0x00,0x00,0x00, 
	0x00,0x00,0x00,0x00, 
	0x00,0x00,0x00,0x00, 
	0x00,0x00,0x00,0x00, 
	0x00,0x00,0x00,0x00, 
	0x00,0x00,0x00,0x00, 
	0x00,0x00,0x00,0x00, 
	0x00,0x00,0x00,0x00, 
	0x00,0x00,0x00,0x00, 
	0x00,0x00,0x00,0x00, 
	0x00,0x00,0x00,0x00, 
	0x00,0x00,0x00,0x00, 
	0x00,0x00,0x00,0x00, 
	0x00,0x00,0x00,0x00, 
	0x00,0x00,0x00,0x00, 
	0x00,0x00,0x00,0x00, 
	0x00,0x00,0x00,0x00, 
	0x00,0x00,0x00,0x00, 
	0x00,0x00,0x00,0x00, 
	0x00,0x00,0x00,0x00, 
	0x00,0x00,0x00,0x00, 
	0x00,0x00,0x00,0x00, 
	0x00,0x00,0x00,0x00, 
	0x00,0x00,0x00,0x00, 
	0x00,0x00,0x00,0x00, 
	0x00,0x00,0x00,0x00, 
	0x00,0x00,0x00,0x00, 
	0x00,0x00,0x00,0x00, 
	0x00,0x00,0x00,0x00, 
	0x00,0x00,0x00,0x00, 
	0x00,0x00,0x00,0x00, 
	0x00,0x00,0x00,0x00, 
	0x00,0x00,0x00,0x00, 
	0x00,0x00,0x00,0x00, 
	0x00,0x00,0x00,0x00, 
	0x00,0x00,0x00,0x00, 
	0x00,0x00,0x00,0x00, 
	0x00,0x00,0x00,0x00, 
	0x00,0x00,0x00,0x00, 
	0x00,0x00,0x00,0x00, 
	0x00,0x00,0x00,0x00, 
	0x00,0x00,0x00,0x00, 
	0x00,0x00,0x00,0x00, 
	0x00,0x00,0x00,0x00, 
	0x00,0x00,0x00,0x00, 
	0x00,0x00,0x00,0x00, 
	0x00,0x00,0x00,0x00, 
	0x00,0x00,0x00,0x00, 
	0x00,0x00,0x00,0x00, 
	0x00,0x00,0x00,0x00, 
	0x00,0x00,0x00,0x00, 
	0x00,0x00,0x00,0x00, 
	0x00,0x00,0x00,0x00, 
	0x00,0x00,0x00,0x00, 
	0x00,0x00,0x00,0x00, 
	0x00,0x00,0x00,0x00, 
	0x00,0x00,0x00,0x00, 
	0x00,0x00,0x00,0x00, 
	0x00,0x00,0x00,0x00, 
	0x00,0x00,0x00,0x00, 
	0x00,0x00,0x00,0x00, 
	0x00,0x00,0x00,0x00, 
	0x00,0x00,0x00,0x00, 
	0x00,0x00,0x00,0x00, 
	0x00,0x00,0x00,0x00, 
	0x00,0x00,0x00,0x00, 
	0x00,0x00,0x00,0x00, 
	0x00,0x00,0x00,0x00, 
	0x00,0x00,0x00,0x00, 
	0x00,0x00,0x00,0x00, 
	0x00,0x00,0x00,0x00, 
	0x00,0x00,0x00,0x00, 
	0x00,0x00,0x00,0x00, 
	0x00,0x00,0x00,0x00, 
	0x00,0x00,0x00,0x00, 
	0x00,0x00,0x00,0x00, 
	0x00,0x00,0x00,0x00, 
	0x00,0x00,0x00,0x00, 
	0x00,0x00,0x00,0x00, 
	0x00,0x00,0x00,0x00, 
	0x00,0x00,0x00,0x00, 
	0x00,0x00,0x00,0x00, 
	0x00,0x00,0x00,0x00, 
	0x00,0x00,0x00,0x00, 
	0x00,0x00,0x00,0x00, 
	0x00,0x00,0x00,0x00, 
	0x00,0x00,0x00,0x00, 
	0x00,0x00,0x00,0x00, 
	0x00,0x00,0x00,0x00, 
	0x00,0x00,0x00,0x00, 
	0x00,0x00,0x00,0x00, 
	0x00,0x00,0x00,0x00, 
	0x00,0x00,0x00,0x00, 
	0x00,0x00,0x00,0x00, 
	0x00,0x00,0x00,0x00, 
	0x00,0x00,0x00,0x00, 
	0x00,0x00,0x00,0x00, 
	0x00,0x00,0x00,0x00, 
	0x00,0x00,0x00,0x00, 
	0x00,0x00,0x00,0x00, 
	0x00,0x00,0x00,0x00, 
	0x00,0x00,0x00,0x00, 
	0x00,0x00,0x00,0x00, 
	0x00,0x00,0x00,0x00, 
	0x00,0x00,0x00,0x00, 
	0x00,0x00,0x00,0x00, 
	0x00,0x00,0x00,0x00, 
	0x00,0x00,0x00,0x00, 
	0x00,0x00,0x00,0x00, 
	0x00,0x00,0x00,0x00, 
	0x00,0x00,0x00,0x00, 
	0x00,0x00,0x00,0x00, 
	0x00,0x00,0x00,0x00, 
	0x00,0x00,0x00,0x00, 
	0x00,0x00,0x00,0x00, 
	0x00,0x00,0x00,0x00, 
	0x00,0x00,0x00,0x00, 
	0x00,0x00,0x00,0x00, 
	0x00,0x00,0x00,0x00, 
	0x00,0x00,0x00,0x00, 
	0x00,0x00,0x00,0x00, 
	0x00,0x00,0x00,0x00, 
	0x00,0x00,0x00,0x00, 
	0x00,0x00,0x00,0x00, 
	0x00,0x00,0x00,0x00, 
	0x00,0x00,0x00,0x00, 
	0x00,0x00,0x00,0x00, 
	0x00,0x00,0x00,0x00, 
	0x00,0x00,0x00,0x00, 
	0x00,0x00,0x00,0x00, 
	0x00,0x00,0x00,0x00, 
	0x00,0x00,0x00,0x00, 
	0x00,0x00,0x00,0x00, 
	0x00,0x00,0x00,0x00, 
	0x00,0x00,0x00,0x00, 
	0x00,0x00,0x00,0x00, 
	0x00,0x00,0x00,0x00, 
	0x00,0x00,0x00,0x00, 
	0x00,0x00,0x00,0x00, 
	0x00,0x00,0x00,0x00, 
	0x00,0x00,0x00,0x00, 
	0x00,0x00,0x00,0x00, 
	0x00,0x00,0x00,0x00, 
	0x00,0x00,0x00,0x00, 
	0x00,0x00,0x00,0x00, 
	0x00,0x00,0x00,0x00, 
	0x00,0x00,0x00,0x00, 
	0x00,0x00,0x00,0x00, 
	0x00,0x00,0x00,0x00, 
	0x00,0x00,0x00,0x00, 
	0x00,0x00,0x00,0x00, 
	0x00,0x00,0x00,0x00, 
	0x00,0x00,0x00,0x00, 
	0x00,0x00,0x00,0x00, 
	0x00,0x00,0x00,0x00, 
	0x00,0x00,0x00,0x00, 
	0x00,0x00,0x00,0x00, 
	0x00,0x00,0x00,0x00, 
	0x00,0x00,0x00,0x00, 
	0x00,0x00,0x00,0x00, 
	0x00,0x00,0x00,0x00, 
	0x00,0x00,0x00,0x00, 
	0x00,0x00,0x00,0x00, 
	0x00,0x00,0x00,0x00, 
	0x00,0x00,0x00,0x00, 
	0x00,0x00,0x00,0x00, 
	0x00,0x00,0x00,0x00, 
	0x00,0x00,0x00,0x00, 
	0x00,0x00,0x00,0x00, 
	0x00,0x00,0x00,0x00, 
	0x00,0x00,0x00,0x00, 
	0x00,0x00,0x00,0x00, 
	0x00,0x00,0x00,0x00, 
	0x00,0x00,0x00,0x00, 
	0x00,0x00,0x00,0x00, 
	0x00,0x00,0x00,0x00, 
	0x00,0x00,0x00,0x00, 
	0x00,0x00,0x00,0x00, 
	0x00,0x00,0x00,0x00, 
	0x00,0x00,0x00,0x00, 
	0x00,0x00,0x00,0x00, 
	0x00,0x00,0x00,0x00, 
	0x00,0x00,0x00,0x00, 
	0x00,0x00,0x00,0x00, 
	0x00,0x00,0x00,0x00, 
	0x00,0x00,0x00,0x00, 
	0x00,0x00,0x00,0x00, 
	0x00,0x00,0x00,0x00, 
	0x00,0x00,0x00,0x00, 
	0x00,0x00,0x00,0x00, 
	0x00,0x00,0x00,0x00, 
	0x00,0x00,0x00,0x00, 
	0x00,0x00,0x00,0x00, 
	0x00,0x00,0x00,0x00, 
	0x00,0x00,0x00,0x00, 
	0x00,0x00,0x00,0x00, 
	0x00,0x00,0x00,0x00, 
	0x00,0x00,0x00,0x00, 
	0x00,0x00,0x00,0x00, 
	0x00,0x00,0x00,0x00, 
	0x00,0x00,0x00,0x00, 
	0x00,0x00,0x00,0x00, 
	0x00,0x00,0x00,0x00, 
	0x00,0x00,0x00,0x00, 
	0x00,0x00,0x00,0x00, 
	0x00,0x00,0x00,0x00, 
	0x00,0x00,0x00,0x00, 
	0x00,0x00,0x00,0x00, 
	0x00,0x00,0x00,0x00, 
	0x00,0x00,0x00,0x00, 
	0x00,0x00,0x00,0x00, 
	0x00,0x00,0x00,0x00, 
	0x00,0x00,0x00,0x00, 
	0x00,0x00,0x00,0x00, 
	0x00,0x00,0x00,0x00, 
	0x00,0x00,0x00,0x00, 
	0x00,0x00,0x00,0x00, 
	0x00,0x00,0x00,0x00, 
	0x00,0x00,0x00,0x00, 
	0x00,0x00,0x00,0x00, 
	0x00,0x00,0x00,0x00, 
	0x00,0x00,0x00,0x00, 
	0x00,0x00,0x00,0x00, 
	0x00,0x00,0x00,0x00, 
	0x00,0x00,0x00,0x00, 
	0x00,0x00,0x00,0x00, 
	0x00,0x00,0x00,0x00, 
	0x00,0x00,0x00,0x00, 
	0x00,0x00,0x00,0x00, 
	0x00,0x00,0x00,0x00, 
	0x00,0x00,0x00,0x00, 
	0x00,0x00,0x00,0x00, 
	0x00,0x00,0x00,0x00, 
	0x00,0x00,0x00,0x00, 
	0x00,0x00,0x00,0x00, 
	0x00,0x00,0x00,0x00, 
	0x00,0x00,0x00,0x00, 
	0x00,0x00,0x00,0x00, 
	0x00,0x00,0x00,0x00, 
	0x00,0x00,0x00,0x00, 
	0x00,0x00,0x00,0x00, 
	0x00,0x00,0x00,0x00, 
	0x00,0x00,0x00,0x00, 
	0x00,0x00,0x00,0x00, 
	0x00,0x00,0x00,0x00, 
	0x00,0x00,0x00,0x00, 
	0x00,0x00,0x00,0x00, 
	0x00,0x00,0x00,0x00, 
	0x00,0x00,0x00,0x00, 
	0x00,0x00,0x00,0x00, 
	0x00,0x00,0x00,0x00, 
	0x00,0x00,0x00,0x00, 
	0x00,0x00,0x00,0x00, 
	0x00,0x00,0x00,0x00, 
	0x00,0x00,0x00,0x00, 
	0x00,0x00,0x00,0x00, 
	0x00,0x00,0x00,0x00, 
	0x00,0x00,0x00,0x00, 
	0x00,0x00,0x00,0x00, 
	0x00,0x00,0x00,0x00, 
	0x00,0x00,0x00,0x00, 
	0x00,0x00,0x00,0x00, 
	0x00,0x00,0x00,0x00, 
	0x00,0x00,0x00,0x00, 
	0x00,0x00,0x00,0x00, 
	0x00,0x00,0x00,0x00, 
	0x00,0x00,0x00,0x00, 
	0x00,0x00,0x00,0x00, 
	0x00,0x00,0x00,0x00, 
	0x00,0x00,0x00,0x00, 
	0x00,0x00,0x00,0x00, 
	0x00,0x00,0x00,0x00, 
	0x00,0x00,0x00,0x00, 
	0x00,0x00,0x00,0x00, 
	0x00,0x00,0x00,0x00, 
	0x00,0x00,0x00,0x00, 
	0x00,0x00,0x00,0x00, 
	0x00,0x00,0x00,0x00, 
	0x00,0x00,0x00,0x00, 
	0x00,0x00,0x00,0x00, 
	0x00,0x00,0x00,0x00, 
	0x00,0x00,0x00,0x00, 
	0x00,0x00,0x00,0x00, 
	0x00,0x00,0x00,0x00, 
	0x00,0x00,0x00,0x00, 
	0x00,0x00,0x00,0x00, 
	0x00,0x00,0x00,0x00, 
	0x00,0x00,0x00,0x00, 
	0x00,0x00,0x00,0x00, 
	0x00,0x00,0x00,0x00, 
	0x00,0x00,0x00,0x00, 
	0x00,0x00,0x00,0x00, 
	0x00,0x00,0x00,0x00, 
	0x00,0x00,0x00,0x00, 
	0x00,0x00,0x00,0x00, 
	0x00,0x00,0x00,0x00, 
	0x00,0x00,0x00,0x00, 
	0x00,0x00,0x00,0x00, 
	0x00,0x00,0x00,0x00, 
	0x00,0x00,0x00,0x00, 
	0x00,0x00,0x00,0x00, 
	0x00,0x00,0x00,0x00, 
	0x00,0x00,0x00,0x00, 
	0x00,0x00,0x00,0x00, 
	0x00,0x00,0x00,0x00, 
	0x00,0x00,0x00,0x00, 
	0x00,0x00,0x00,0x00, 
	0x00,0x00,0x00,0x00, 
	0x00,0x00,0x00,0x00, 
	0x00,0x00,0x00,0x00, 
	0x00,0x00,0x00,0x00, 
	0x00,0x00,0x00,0x00, 
	0x00,0x00,0x00,0x00, 
	0x00,0x00,0x00,0x00, 
	0x00,0x00,0x00,0x00, 
	0x00,0x00,0x00,0x00, 
	0x00,0x00,0x00,0x00, 
	0x00,0x00,0x00,0x00, 
	0x00,0x00,0x00,0x00, 
	0x00,0x00,0x00,0x00, 
	0x00,0x00,0x00,0x00, 
	0x00,0x00,0x00,0x00, 
	0x00,0x00,0x00,0x00, 
	0x00,0x00,0x00,0x00, 
	0x00,0x00,0x00,0x00, 
	0x00,0x00,0x00,0x00, 
	0x00,0x00,0x00,0x00, 
	0x00,0x00,0x00,0x00, 
	0x00,0x00,0x00,0x00, 
	0x00,0x00,0x00,0x00, 
	0x00,0x00,0x00,0x00, 
	0x00,0x00,0x00,0x00, 
	0x00,0x00,0x00,0x00, 
	0x00,0x00,0x00,0x00, 
	0x00,0x00,0x00,0x00, 
	0x00,0x00,0x00,0x00, 
	0x00,0x00,0x00,0x00, 
	0x00,0x00,0x00,0x00, 
	0x00,0x00,0x00,0x00, 
	0x00,0x00,0x00,0x00, 
	0x00,0x00,0x00,0x00, 
	0x00,0x00,0x00,0x00, 
	0x00,0x00,0x00,0x00, 
	0x00,0x00,0x00,0x00, 
	0x00,0x00,0x00,0x00, 
	0x00,0x00,0x00,0x00, 
	0x00,0x00,0x00,0x00, 
	0x00,0x00,0x00,0x00, 
	0x00,0x00,0x00,0x00, 
	0x00,0x00,0x00,0x00, 
	0x00,0x00,0x00,0x00, 
	0x00,0x00,0x00,0x00, 
	0x00,0x00,0x00,0x00, 
	0x00,0x00,0x00,0x00, 
	0x00,0x00,0x00,0x00, 
	0x00,0x00,0x00,0x00, 
	0x00,0x00,0x00,0x00, 
	0x00,0x00,0x00,0x00, 
	0x00,0x00,0x00,0x00, 
	0x00,0x00,0x00,0x00, 
	0x00,0x00,0x00,0x00, 
	0x00,0x00,0x00,0x00, 
	0x00,0x00,0x00,0x00, 
	0x00,0x00,0x00,0x00, 
	0x00,0x00,0x00,0x00, 
	0x00,0x00,0x00,0x00, 
	0x00,0x00,0x00,0x00, 
	0x00,0x00,0x00,0x00, 
	0x00,0x00,0x00,0x00, 
	0x00,0x00,0x00,0x00, 
	0x00,0x00,0x00,0x00, 
	0x00,0x00,0x00,0x00, 
	0x00,0x00,0x00,0x00, 
	0x00,0x00,0x00,0x00, 
	0x00,0x00,0x00,0x00, 
	0x00,0x00,0x00,0x00, 
	0x00,0x00,0x00,0x00, 
	0x00,0x00,0x00,0x00, 
	0x00,0x00,0x00,0x00, 
	0x00,0x00,0x00,0x00, 
	0x00,0x00,0x00,0x00, 
	0x00,0x00,0x00,0x00, 
	0x00,0x00,0x00,0x00, 
	0x00,0x00,0x00,0x00, 
	0x00,0x00,0x00,0x00, 
	0x00,0x00,0x00,0x00, 
	0x00,0x00,0x00,0x00, 
	0x00,0x00,0x00,0x00, 
	0x00,0x00,0x00,0x00, 
	0x00,0x00,0x00,0x00, 
	0x00,0x00,0x00,0x00, 
	0x00,0x00,0x00,0x00, 
	0x00,0x00,0x00,0x00, 
	0x00,0x00,0x00,0x00, 
	0x00,0x00,0x00,0x00, 
	0x00,0x00,0x00,0x00, 
	0x00,0x00,0x00,0x00, 
	0x00,0x00,0x00,0x00, 
	0x00,0x00,0x00,0x00, 
	0x00,0x00,0x00,0x00, 
	0x00,0x00,0x00,0x00, 
	0x00,0x00,0x00,0x00, 
	0x00,0x00,0x00,0x00, 
	0x00,0x00,0x00,0x00, 
	0x00,0x00,0x00,0x00, 
	0x00,0x00,0x00,0x00, 
	0x00,0x00,0x00,0x00, 
	0x00,0x00,0x00,0x00, 
	0x00,0x00,0x00,0x00, 
	0x00,0x00,0x00,0x00, 
	0x00,0x00,0x00,0x00, 
	0x00,0x00,0x00,0x00, 
	0x00,0x00,0x00,0x00, 
	0x00,0x00,0x00,0x00, 
	0x00,0x00,0x00,0x00, 
	0x00,0x00,0x00,0x00, 
	0x00,0x00,0x00,0x00, 
	0x00,0x00,0x00,0x00, 
	0x00,0x00,0x00,0x00, 
	0x00,0x00,0x00,0x00, 
	0x00,0x00,0x00,0x00, 
	0x00,0x00,0x00,0x00, 
	0x00,0x00,0x00,0x00, 
	0x00,0x00,0x00,0x00, 
	0x00,0x00,0x00,0x00, 
	0x00,0x00,0x00,0x00, 
	0x00,0x00,0x00,0x00, 
	0x00,0x00,0x00,0x00, 
	0x00,0x00,0x00,0x00, 
	0x00,0x00,0x00,0x00, 
	0x00,0x00,0x00,0x00, 
	0x00,0x00,0x00,0x00, 
	0x00,0x00,0x00,0x00, 
	0x00,0x00,0x00,0x00, 
	0x00,0x00,0x00,0x00, 
	0x00,0x00,0x00,0x00, 
	0x00,0x00,0x00,0x00, 
	0x00,0x00,0x00,0x00, 
	0x00,0x00,0x00,0x00, 
	0x00,0x00,0x00,0x00, 
	0x00,0x00,0x00,0x00, 
	0x00,0x00,0x00,0x00, 
	0x00,0x00,0x00,0x00, 
	0x00,0x00,0x00,0x00, 
	0x00,0x00,0x00,0x00, 
	0x00,0x00,0x00,0x00, 
	0x00,0x00,0x00,0x00, 
	0x00,0x00,0x00,0x00, 
	0x00,0x00,0x00,0x00, 
	0x00,0x00,0x00,0x00, 
	0x00,0x00,0x00,0x00, 
	0x00,0x00,0x00,0x00, 
	0x00,0x00,0x00,0x00, 
	0x00,0x00,0x00,0x00, 
	0x00,0x00,0x00,0x00, 
	0x00,0x00,0x00,0x00, 
	0x00,0x00,0x00,0x00, 
	0x00,0x00,0x00,0x00, 
	0x00,0x00,0x00,0x00, 
	0x00,0x00,0x00,0x00, 
	0x00,0x00,0x00,0x00, 
	0x00,0x00,0x00,0x00, 
	0x00,0x00,0x00,0x00, 
	0x00,0x00,0x00,0x00, 
	0x00,0x00,0x00,0x00, 
	0x00,0x00,0x00,0x00, 
	0x00,0x00,0x00,0x00, 
	0x00,0x00,0x00,0x00, 
	0x00,0x00,0x00,0x00, 
	0x00,0x00,0x00,0x00, 
	0x00,0x00,0x00,0x00, 
	0x00,0x00,0x00,0x00, 
	0x00,0x00,0x00,0x00, 
	0x00,0x00,0x00,0x00, 
	0x00,0x00,0x00,0x00, 
	0x00,0x00,0x00,0x00, 
	0x00,0x00,0x00,0x00, 
	0x00,0x00,0x00,0x00, 
	0x00,0x00,0x00,0x00, 
	0x00,0x00,0x00,0x00, 
	0x00,0x00,0x00,0x00, 
	0x00,0x00,0x00,0x00, 
	0x00,0x00,0x00,0x00, 
	0x00,0x00,0x00,0x00, 
	0x00,0x00,0x00,0x00, 
	0x00,0x00,0x00,0x00, 
	0x00,0x00,0x00,0x00, 
	0x00,0x00,0x00,0x00, 
	0x00,0x00,0x00,0x00, 
	0x00,0x00,0x00,0x00, 
	0x00,0x00,0x00,0x00, 
	0x00,0x00,0x00,0x00, 
	0x00,0x00,0x00,0x00, 
	0x00,0x00,0x00,0x00, 
	0x00,0x00,0x00,0x00, 
	0x00,0x00,0x00,0x00, 
	0x00,0x00,0x00,0x00, 
	0x00,0x00,0x00,0x00, 
	0x00,0x00,0x00,0x00, 
	0x00,0x00,0x00,0x00, 
	0x00,0x00,0x00,0x00, 
	0x00,0x00,0x00,0x00, 
	0x00,0x00,0x00,0x00, 
	0x00,0x00,0x00,0x00, 
	0x00,0x00,0x00,0x00, 
	0x00,0x00,0x00,0x00, 
	0x00,0x00,0x00,0x00, 
	0x00,0x00,0x00,0x00, 
	0x00,0x00,0x00,0x00, 
	0x00,0x00,0x00,0x00, 
	0x00,0x00,0x00,0x00, 
	0x00,0x00,0x00,0x00, 
	0x00,0x00,0x00,0x00, 
	0x00,0x00,0x00,0x00, 
	0x00,0x00,0x00,0x00, 
	0x00,0x00,0x00,0x00, 
	0x00,0x00,0x00,0x00, 
	0x00,0x00,0x00,0x00, 
	0x00,0x00,0x00,0x00, 
	0x00,0x00,0x00,0x00, 
	0x00,0x00,0x00,0x00, 
	0x00,0x00,0x00,0x00, 
	0x00,0x00,0x00,0x00, 
	0x00,0x00,0x00,0x00, 
	0x00,0x00,0x00,0x00, 
	0x00,0x00,0x00,0x00, 
	0x00,0x00,0x00,0x00, 
	0x00,0x00,0x00,0x00, 
	0x00,0x00,0x00,0x00, 
	0x00,0x00,0x00,0x00, 
	0x00,0x00,0x00,0x00, 
	0x00,0x00,0x00,0x00, 
	0x00,0x00,0x00,0x00, 
	0x00,0x00,0x00,0x00, 
	0x00,0x00,0x00,0x00, 
	0x00,0x00,0x00,0x00, 
	0x00,0x00,0x00,0x00, 
	0x00,0x00,0x00,0x00, 
	0x00,0x00,0x00,0x00, 
	0x00,0x00,0x00,0x00, 
	0x00,0x00,0x00,0x00, 
	0x00,0x00,0x00,0x00, 
	0x00,0x00,0x00,0x00, 
	0x00,0x00,0x00,0x00, 
	0x00,0x00,0x00,0x00, 
	0x00,0x00,0x00,0x00, 
	0x00,0x00,0x00,0x00, 
	0x00,0x00,0x00,0x00, 
	0x00,0x00,0x00,0x00, 
	0x00,0x00,0x00,0x00, 
	0x00,0x00,0x00,0x00, 
	0x00,0x00,0x00,0x00, 
	0x00,0x00,0x00,0x00, 
	0x00,0x00,0x00,0x00, 
	0x00,0x00,0x00,0x00, 
	0x00,0x00,0x00,0x00, 
	0x00,0x00,0x00,0x00, 
	0x00,0x00,0x00,0x00, 
	0x00,0x00,0x00,0x00, 
	0x00,0x00,0x00,0x00, 
	0x00,0x00,0x00,0x00, 
	0x00,0x00,0x00,0x00, 
	0x00,0x00,0x00,0x00, 
	0x00,0x00,0x00,0x00, 
	0x00,0x00,0x00,0x00, 
	0x00,0x00,0x00,0x00, 
	0x00,0x00,0x00,0x00, 
	0x00,0x00,0x00,0x00, 
	0x00,0x00,0x00,0x00, 
	0x00,0x00,0x00,0x00, 
	0x00,0x00,0x00,0x00, 
	0x00,0x00,0x00,0x00, 
	0x00,0x00,0x00,0x00, 
	0x00,0x00,0x00,0x00, 
	0x00,0x00,0x00,0x00, 
	0x00,0x00,0x00,0x00, 
	0x00,0x00,0x00,0x00, 
	0x00,0x00,0x00,0x00, 
	0x00,0x00,0x00,0x00, 
	0x00,0x00,0x00,0x00, 
	0x00,0x00,0x00,0x00, 
	0x00,0x00,0x00,0x00, 
	0x00,0x00,0x00,0x00, 
	0x00,0x00,0x00,0x00, 
	0x00,0x00,0x00,0x00, 
	0x00,0x00,0x00,0x00, 
	0x00,0x00,0x00,0x00, 
	0x00,0x00,0x00,0x00, 
	0x00,0x00,0x00,0x00, 
	0x00,0x00,0x00,0x00, 
	0x00,0x00,0x00,0x00, 
	0x00,0x00,0x00,0x00, 
	0x00,0x00,0x00,0x00, 
	0x00,0x00,0x00,0x00, 
	0x00,0x00,0x00,0x00, 
	0x00,0x00,0x00,0x00, 
	0x00,0x00,0x00,0x00, 
	0x00,0x00,0x00,0x00, 
	0x00,0x00,0x00,0x00, 
	0x00,0x00,0x00,0x00, 
	0x00,0x00,0x00,0x00, 
	0x00,0x00,0x00,0x00, 
	0x00,0x00,0x00,0x00, 
	0x00,0x00,0x00,0x00, 
	0x00,0x00,0x00,0x00, 
	0x00,0x00,0x00,0x00, 
	0x00,0x00,0x00,0x00, 
	0x00,0x00,0x00,0x00, 
	0x00,0x00,0x00,0x00, 
	0x00,0x00,0x00,0x00, 
	0x00,0x00,0x00,0x00, 
	0x00,0x00,0x00,0x00, 
	0x00,0x00,0x00,0x00, 
	0x00,0x00,0x00,0x00, 
	0x00,0x00,0x00,0x00, 
	0x00,0x00,0x00,0x00, 
	0x00,0x00,0x00,0x00, 
	0x00,0x00,0x00,0x00, 
	0x00,0x00,0x00,0x00, 
	0x00,0x00,0x00,0x00, 
	0x00,0x00,0x00,0x00, 
	0x00,0x00,0x00,0x00, 
	0x00,0x00,0x00,0x00, 
	0x00,0x00,0x00,0x00, 
	0x00,0x00,0x00,0x00, 
	0x00,0x00,0x00,0x00, 
	0x00,0x00,0x00,0x00, 
	0x00,0x00,0x00,0x00, 
	0x00,0x00,0x00,0x00, 
	0x00,0x00,0x00,0x00, 
	0x00,0x00,0x00,0x00, 
	0x00,0x00,0x00,0x00, 
	0x00,0x00,0x00,0x00, 
	0x00,0x00,0x00,0x00, 
	0x00,0x00,0x00,0x00, 
	0x00,0x00,0x00,0x00, 
	0x00,0x00,0x00,0x00, 
	0x00,0x00,0x00,0x00, 
	0x00,0x00,0x00,0x00, 
	0x00,0x00,0x00,0x00, 
	0x00,0x00,0x00,0x00, 
	0x00,0x00,0x00,0x00, 
	0x00,0x00,0x00,0x00, 
	0x00,0x00,0x00,0x00, 
	0x00,0x00,0x00,0x00, 
	0x00,0x00,0x00,0x00, 
	0x00,0x00,0x00,0x00, 
	0x00,0x00,0x00,0x00, 
	0x00,0x00,0x00,0x00, 
	0x00,0x00,0x00,0x00, 
	0x00,0x00,0x00,0x00, 
	0x00,0x00,0x00,0x00, 
	0x00,0x00,0x00,0x00, 
	0x00,0x00,0x00,0x00, 
	0x00,0x00,0x00,0x00, 
	0x00,0x00,0x00,0x00, 
	0x00,0x00,0x00,0x00, 
	0x00,0x00,0x00,0x00, 
	0x00,0x00,0x00,0x00, 
	0x00,0x00,0x00,0x00, 
	0x00,0x00,0x00,0x00, 
	0x00,0x00,0x00,0x00, 
	0x00,0x00,0x00,0x00, 
	0x00,0x00,0x00,0x00, 
	0x00,0x00,0x00,0x00, 
	0x00,0x00,0x00,0x00, 
	0x00,0x00,0x00,0x00, 
	0x00,0x00,0x00,0x00, 
	0x00,0x00,0x00,0x00, 
	0x00,0x00,0x00,0x00, 
	0x00,0x00,0x00,0x00, 
	0x00,0x00,0x00,0x00, 
	0x00,0x00,0x00,0x00, 
	0x00,0x00,0x00,0x00, 
	0x00,0x00,0x00,0x00, 
	0x00,0x00,0x00,0x00, 
	0x00,0x00,0x00,0x00, 
	0x00,0x00,0x00,0x00, 
	0x00,0x00,0x00,0x00, 
	0x00,0x00,0x00,0x00, 
	0x00,0x00,0x00,0x00, 
	0x00,0x00,0x00,0x00, 
	0x00,0x00,0x00,0x00, 
	0x00,0x00,0x00,0x00, 
	0x00,0x00,0x00,0x00, 
	0x00,0x00,0x00,0x00, 
	0x00,0x00,0x00,0x00, 
	0x00,0x00,0x00,0x00, 
	0x00,0x00,0x00,0x00, 
	0x00,0x00,0x00,0x00, 
	0x00,0x00,0x00,0x00, 
	0x00,0x00,0x00,0x00, 
	0x00,0x00,0x00,0x00, 
	0x00,0x00,0x00,0x00, 
	0x00,0x00,0x00,0x00, 
	0x00,0x00,0x00,0x00, 
	0x00,0x00,0x00,0x00, 
	0x00,0x00,0x00,0x00, 
	0x00,0x00,0x00,0x00, 
	0x00,0x00,0x00,0x00, 
	0x00,0x00,0x00,0x00, 
	0x00,0x00,0x00,0x00, 
	0x00,0x00,0x00,0x00, 
	0x00,0x00,0x00,0x00, 
	0x00,0x00,0x00,0x00, 
	0x00,0x00,0x00,0x00, 
	0x00,0x00,0x00,0x00, 
	0x00,0x00,0x00,0x00, 
	0x00,0x00,0x00,0x00, 
	0x00,0x00,0x00,0x00, 
	0x00,0x00,0x00,0x00, 
	0x00,0x00,0x00,0x00, 
	0x00,0x00,0x00,0x00, 
	0x00,0x00,0x00,0x00, 
	0x00,0x00,0x00,0x00, 
	0x00,0x00,0x00,0x00, 
	0x00,0x00,0x00,0x00, 
	0x00,0x00,0x00,0x00, 
	0x00,0x00,0x00,0x00, 
	0x00,0x00,0x00,0x00, 
	0x00,0x00,0x00,0x00, 
	0x00,0x00,0x00,0x00, 
	0x00,0x00,0x00,0x00, 
	0x00,0x00,0x00,0x00, 
	0x00,0x00,0x00,0x00, 
	0x00,0x00,0x00,0x00, 
	0x00,0x00,0x00,0x00, 
	0x00,0x00,0x00,0x00, 
	0x00,0x00,0x00,0x00, 
	0x00,0x00,0x00,0x00, 
	0x00,0x00,0x00,0x00, 
	0x00,0x00,0x00,0x00, 
	0x00,0x00,0x00,0x00, 
	0x00,0x00,0x00,0x00, 
	0x00,0x00,0x00,0x00, 
	0x00,0x00,0x00,0x00, 
	0x00,0x00,0x00,0x00, 
	0x00,0x00,0x00,0x00, 
	0x00,0x00,0x00,0x00, 
	0x00,0x00,0x00,0x00, 
	0x00,0x00,0x00,0x00, 
	0x00,0x00,0x00,0x00, 
	0x00,0x00,0x00,0x00, 
	0x00,0x00,0x00,0x00, 
	0x00,0x00,0x00,0x00, 
	0x00,0x00,0x00,0x00, 
	0x00,0x00,0x00,0x00, 
	0x00,0x00,0x00,0x00, 
	0x00,0x00,0x00,0x00, 
	0x00,0x00,0x00,0x00, 
	0x00,0x00,0x00,0x00, 
	0x00,0x00,0x00,0x00, 
	0x00,0x00,0x00,0x00, 
	0x00,0x00,0x00,0x00, 
	0x00,0x00,0x00,0x00, 
	0x00,0x00,0x00,0x00, 
	0x00,0x00,0x00,0x00, 
	0x00,0x00,0x00,0x00, 
	0x00,0x00,0x00,0x00, 
	0x00,0x00,0x00,0x00, 
	0x00,0x00,0x00,0x00, 
	0x00,0x00,0x00,0x00, 
	0x00,0x00,0x00,0x00, 
	0x00,0x00,0x00,0x00, 
	0x00,0x00,0x00,0x00, 
	0x00,0x00,0x00,0x00, 
	0x00,0x00,0x00,0x00, 
	0x00,0x00,0x00,0x00, 
	0x00,0x00,0x00,0x00, 
	0x00,0x00,0x00,0x00, 
	0x00,0x00,0x00,0x00, 
	0x00,0x00,0x00,0x00, 
	0x00,0x00,0x00,0x00, 
	0x00,0x00,0x00,0x00, 
	0x00,0x00,0x00,0x00, 
	0x00,0x00,0x00,0x00, 
	0x00,0x00,0x00,0x00, 
	0x00,0x00,0x00,0x00, 
	0x00,0x00,0x00,0x00, 
	0x00,0x00,0x00,0x00, 
	0x00,0x00,0x00,0x00, 
	0x00,0x00,0x00,0x00, 
	0x00,0x00,0x00,0x00, 
	0x00,0x00,0x00,0x00, 
	0x00,0x00,0x00,0x00, 
	0x00,0x00,0x00,0x00, 
	0x00,0x00,0x00,0x00, 
	0x00,0x00,0x00,0x00, 
	0x00,0x00,0x00,0x00, 
	0x00,0x00,0x00,0x00, 
	0x00,0x00,0x00,0x00, 
	0x00,0x00,0x00,0x00, 
	0x00,0x00,0x00,0x00, 
	0x00,0x00,0x00,0x00, 
	0x00,0x00,0x00,0x00, 
	0x00,0x00,0x00,0x00, 
	0x00,0x00,0x00,0x00, 
	0x00,0x00,0x00,0x00, 
	0x00,0x00,0x00,0x00, 
	0x00,0x00,0x00,0x00, 
	0x00,0x00,0x00,0x00, 
	0x00,0x00,0x00,0x00, 
	0x00,0x00,0x00,0x00, 
	0x00,0x00,0x00,0x00, 
	0x00,0x00,0x00,0x00, 
	0x00,0x00,0x00,0x00, 
	0x00,0x00,0x00,0x00, 
	0x00,0x00,0x00,0x00, 
	0x00,0x00,0x00,0x00, 
	0x00,0x00,0x00,0x00, 
	0x00,0x00,0x00,0x00, 
	0x00,0x00,0x00,0x00, 
	0x00,0x00,0x00,0x00, 
	0x00,0x00,0x00,0x00, 
	0x00,0x00,0x00,0x00, 
	0x00,0x00,0x00,0x00, 
	0x00,0x00,0x00,0x00, 
	0x00,0x00,0x00,0x00, 
	0x00,0x00,0x00,0x00, 
	0x00,0x00,0x00,0x00, 
	0x00,0x00,0x00,0x00, 
	0x00,0x00,0x00,0x00, 
	0x00,0x00,0x00,0x00, 
	0x00,0x00,0x00,0x00, 
	0x00,0x00,0x00,0x00, 
	0x00,0x00,0x00,0x00, 
	0x00,0x00,0x00,0x00, 
	0x00,0x00,0x00,0x00, 
	0x00,0x00,0x00,0x00, 
	0x00,0x00,0x00,0x00, 
	0x00,0x00,0x00,0x00, 
	0x00,0x00,0x00,0x00, 
	0x00,0x00,0x00,0x00, 
	0x00,0x00,0x00,0x00, 
	0x00,0x00,0x00,0x00, 
	0x00,0x00,0x00,0x00, 
	0x00,0x00,0x00,0x00, 
	0x00,0x00,0x00,0x00, 
	0x00,0x00,0x00,0x00, 
	0x00,0x00,0x00,0x00, 
	0x00,0x00,0x00,0x00, 
	0x00,0x00,0x00,0x00, 
	0x00,0x00,0x00,0x00, 
	0x00,0x00,0x00,0x00, 
	0x00,0x00,0x00,0x00, 
	0x00,0x00,0x00,0x00, 
	0x00,0x00,0x00,0x00, 
	0x00,0x00,0x00,0x00, 
	0x00,0x00,0x00,0x00, 
	0x00,0x00,0x00,0x00, 
	0x00,0x00,0x00,0x00, 
	0x00,0x00,0x00,0x00, 
	0x00,0x00,0x00,0x00, 
	0x00,0x00,0x00,0x00, 
	0x00,0x00,0x00,0x00, 
	0x00,0x00,0x00,0x00, 
	0x00,0x00,0x00,0x00, 
	0x00,0x00,0x00,0x00, 
	0x00,0x00,0x00,0x00, 
	0x00,0x00,0x00,0x00, 
	0x00,0x00,0x00,0x00, 
	0x00,0x00,0x00,0x00, 
	0x00,0x00,0x00,0x00, 
	0x00,0x00,0x00,0x00, 
	0x00,0x00,0x00,0x00, 
	0x00,0x00,0x00,0x00, 
	0x00,0x00,0x00,0x00, 
	0x00,0x00,0x00,0x00, 
	0x00,0x00,0x00,0x00, 
	0x00,0x00,0x00,0x00, 
	0x00,0x00,0x00,0x00, 
	0x00,0x00,0x00,0x00, 
	0x00,0x00,0x00,0x00, 
	0x00,0x00,0x00,0x00, 
	0x00,0x00,0x00,0x00, 
	0x00,0x00,0x00,0x00, 
	0x00,0x00,0x00,0x00, 
	0x00,0x00,0x00,0x00, 
	0x00,0x00,0x00,0x00, 
	0x00,0x00,0x00,0x00, 
	0x00,0x00,0x00,0x00, 
	0x00,0x00,0x00,0x00, 
	0x00,0x00,0x00,0x00, 
	0x00,0x00,0x00,0x00, 
	0x00,0x00,0x00,0x00, 
	0x00,0x00,0x00,0x00, 
	0x00,0x00,0x00,0x00, 
	0x00,0x00,0x00,0x00, 
	0x00,0x00,0x00,0x00, 
	0x00,0x00,0x00,0x00, 
	0x00,0x00,0x00,0x00, 
	0x00,0x00,0x00,0x00, 
	0x00,0x00,0x00,0x00, 
	0x00,0x00,0x00,0x00, 
	0x00,0x00,0x00,0x00, 
	0x00,0x00,0x00,0x00, 
	0x00,0x00,0x00,0x00, 
	0x00,0x00,0x00,0x00, 
	0x00,0x00,0x00,0x00, 
	0x00,0x00,0x00,0x00, 
	0x00,0x00,0x00,0x00, 
	0x00,0x00,0x00,0x00, 
	0x00,0x00,0x00,0x00, 
	0x00,0x00,0x00,0x00, 
	0x00,0x00,0x00,0x00, 
	0x00,0x00,0x00,0x00, 
	0x00,0x00,0x00,0x00, 
	0x00,0x00,0x00,0x00, 
	0x00,0x00,0x00,0x00, 
	0x00,0x00,0x00,0x00, 
	0x00,0x00,0x00,0x00, 
	0x00,0x00,0x00,0x00, 
	0x00,0x00,0x00,0x00, 
	0x00,0x00,0x00,0x00, 
	0x00,0x00,0x00,0x00, 
	0x00,0x00,0x00,0x00, 
	0x00,0x00,0x00,0x00, 
	0x00,0x00,0x00,0x00, 
	0x00,0x00,0x00,0x00, 
	0x00,0x00,0x00,0x00, 
	0x00,0x00,0x00,0x00, 
	0x00,0x00,0x00,0x00, 
	0x00,0x00,0x00,0x00, 
	0x00,0x00,0x00,0x00, 
	0x00,0x00,0x00,0x00, 
	0x00,0x00,0x00,0x00, 
	0x00,0x00,0x00,0x00, 
	0x00,0x00,0x00,0x00, 
	0x00,0x00,0x00,0x00, 
	0x00,0x00,0x00,0x00, 
	0x00,0x00,0x00,0x00, 
	0x00,0x00,0x00,0x00, 
	0x00,0x00,0x00,0x00, 
	0x00,0x00,0x00,0x00, 
	0x00,0x00,0x00,0x00, 
	0x00,0x00,0x00,0x00, 
	0x00,0x00,0x00,0x00, 
	0x00,0x00,0x00,0x00, 
	0x00,0x00,0x00,0x00, 
	0x00,0x00,0x00,0x00, 
	0x00,0x00,0x00,0x00, 
	0x00,0x00,0x00,0x00, 
	0x00,0x00,0x00,0x00, 
	0x00,0x00,0x00,0x00, 
	0x00,0x00,0x00,0x00, 
	0x00,0x00,0x00,0x00, 
	0x00,0x00,0x00,0x00, 
	0x00,0x00,0x00,0x00, 
	0x00,0x00,0x00,0x00, 
	0x00,0x00,0x00,0x00, 
	0x00,0x00,0x00,0x00, 
	0x00,0x00,0x00,0x00, 
	0x00,0x00,0x00,0x00, 
	0x00,0x00,0x00,0x00, 
	0x00,0x00,0x00,0x00, 
	0x00,0x00,0x00,0x00, 
	0x00,0x00,0x00,0x00, 
	0x00,0x00,0x00,0x00, 
	0x00,0x00,0x00,0x00, 
	0x00,0x00,0x00,0x00, 
	0x00,0x00,0x00,0x00, 
	0x00,0x00,0x00,0x00, 
	0x00,0x00,0x00,0x00, 
	0x00,0x00,0x00,0x00, 
	0x00,0x00,0x00,0x00, 
	0x00,0x00,0x00,0x00, 
	0x00,0x00,0x00,0x00, 
	0x00,0x00,0x00,0x00, 
	0x00,0x00,0x00,0x00, 
	0x00,0x00,0x00,0x00, 
	0x00,0x00,0x00,0x00, 
	0x00,0x00,0x00,0x00, 
	0x00,0x00,0x00,0x00, 
	0x00,0x00,0x00,0x00, 
	0x00,0x00,0x00,0x00, 
	0x00,0x00,0x00,0x00, 
	0x00,0x00,0x00,0x00, 
	0x00,0x00,0x00,0x00, 
	0x00,0x00,0x00,0x00, 
	0x00,0x00,0x00,0x00, 
	0x00,0x00,0x00,0x00, 
	0x00,0x00,0x00,0x00, 
	0x00,0x00,0x00,0x00, 
	0x00,0x00,0x00,0x00, 
	0x00,0x00,0x00,0x00, 
	0x00,0x00,0x00,0x00, 
	0x00,0x00,0x00,0x00, 
	0x00,0x00,0x00,0x00, 
	0x00,0x00,0x00,0x00, 
	0x00,0x00,0x00,0x00, 
	0x00,0x00,0x00,0x00, 
	0x00,0x00,0x00,0x00, 
	0x00,0x00,0x00,0x00, 
	0x00,0x00,0x00,0x00, 
	0x00,0x00,0x00,0x00, 
	0x00,0x00,0x00,0x00, 
	0x00,0x00,0x00,0x00, 
	0x00,0x00,0x00,0x00, 
	0x00,0x00,0x00,0x00, 
	0x00,0x00,0x00,0x00, 
	0x00,0x00,0x00,0x00, 
	0x00,0x00,0x00,0x00, 
	0x00,0x00,0x00,0x00, 
	0x00,0x00,0x00,0x00, 
	0x00,0x00,0x00,0x00, 
	0x00,0x00,0x00,0x00, 
	0x00,0x00,0x00,0x00, 
	0x00,0x00,0x00,0x00, 
	0x00,0x00,0x00,0x00, 
	0x00,0x00,0x00,0x00, 
	0x00,0x00,0x00,0x00, 
	0x00,0x00,0x00,0x00, 
	0x00,0x00,0x00,0x00, 
	0x00,0x00,0x00,0x00, 
	0x00,0x00,0x00,0x00, 
	0x00,0x00,0x00,0x00, 
	0x00,0x00,0x00,0x00, 
	0x00,0x00,0x00,0x00, 
	0x00,0x00,0x00,0x00, 
	0x00,0x00,0x00,0x00, 
	0x00,0x00,0x00,0x00, 
	0x00,0x00,0x00,0x00, 
	0x00,0x00,0x00,0x00, 
	0x00,0x00,0x00,0x00, 
	0x00,0x00,0x00,0x00, 
	0x00,0x00,0x00,0x00, 
	0x00,0x00,0x00,0x00, 
	0x00,0x00,0x00,0x00, 
	0x00,0x00,0x00,0x00, 
	0x00,0x00,0x00,0x00, 
	0x00,0x00,0x00,0x00, 
	0x00,0x00,0x00,0x00, 
	0x00,0x00,0x00,0x00, 
	0x00,0x00,0x00,0x00, 
	0x00,0x00,0x00,0x00, 
	0x00,0x00,0x00,0x00, 
	0x00,0x00,0x00,0x00, 
	0x00,0x00,0x00,0x00, 
	0x00,0x00,0x00,0x00, 
	0x00,0x00,0x00,0x00, 
	0x00,0x00,0x00,0x00, 
	0x00,0x00,0x00,0x00, 
	0x00,0x00,0x00,0x00, 
	0x00,0x00,0x00,0x00, 
	0x00,0x00,0x00,0x00, 
	0x00,0x00,0x00,0x00, 
	0x00,0x00,0x00,0x00, 
	0x00,0x00,0x00,0x00, 
	0x00,0x00,0x00,0x00, 
	0x00,0x00,0x00,0x00, 
	0x00,0x00,0x00,0x00, 
	0x00,0x00,0x00,0x00, 
	0x00,0x00,0x00,0x00, 
	0x00,0x00,0x00,0x00, 
	0x00,0x00,0x00,0x00, 
	0x00,0x00,0x00,0x00, 
	0x00,0x00,0x00,0x00, 
	0x00,0x00,0x00,0x00, 
	0x00,0x00,0x00,0x00, 
	0x00,0x00,0x00,0x00, 
	0x00,0x00,0x00,0x00, 
	0x00,0x00,0x00,0x00, 
	0x00,0x00,0x00,0x00, 
	0x00,0x00,0x00,0x00, 
	0x00,0x00,0x00,0x00, 
	0x00,0x00,0x00,0x00, 
	0x00,0x00,0x00,0x00, 
	0x00,0x00,0x00,0x00, 
	0x00,0x00,0x00,0x00, 
	0x00,0x00,0x00,0x00, 
	0x00,0x00,0x00,0x00, 
	0x00,0x00,0x00,0x00, 
	0x00,0x00,0x00,0x00, 
	0x00,0x00,0x00,0x00, 
	0x00,0x00,0x00,0x00, 
	0x00,0x00,0x00,0x00, 
	0x00,0x00,0x00,0x00, 
	0x00,0x00,0x00,0x00, 
	0x00,0x00,0x00,0x00, 
	0x00,0x00,0x00,0x00, 
	0x00,0x00,0x00,0x00, 
	0x00,0x00,0x00,0x00, 
	0x00,0x00,0x00,0x00, 
	0x00,0x00,0x00,0x00, 
	0x00,0x00,0x00,0x00, 
	0x00,0x00,0x00,0x00, 
	0x00,0x00,0x00,0x00, 
	0x00,0x00,0x00,0x00, 
	0x00,0x00,0x00,0x00, 
	0x00,0x00,0x00,0x00, 
	0x00,0x00,0x00,0x00, 
	0x00,0x00,0x00,0x00, 
	0x00,0x00,0x00,0x00, 
	0x00,0x00,0x00,0x00, 
	0x00,0x00,0x00,0x00, 
	0x00,0x00,0x00,0x00, 
	0x00,0x00,0x00,0x00, 
	0x00,0x00,0x00,0x00, 
	0x00,0x00,0x00,0x00, 
	0x00,0x00,0x00,0x00, 
	0x00,0x00,0x00,0x00, 
	0x00,0x00,0x00,0x00, 
	0x00,0x00,0x00,0x00, 
	0x00,0x00,0x00,0x00, 
	0x00,0x00,0x00,0x00, 
	0x00,0x00,0x00,0x00, 
	0x00,0x00,0x00,0x00, 
	0x00,0x00,0x00,0x00, 
	0x00,0x00,0x00,0x00, 
	0x00,0x00,0x00,0x00, 
	0x00,0x00,0x00,0x00, 
	0x00,0x00,0x00,0x00, 
	0x00,0x00,0x00,0x00, 
	0x00,0x00,0x00,0x00, 
	0x00,0x00,0x00,0x00, 
	0x00,0x00,0x00,0x00, 
	0x00,0x00,0x00,0x00, 
	0x00,0x00,0x00,0x00, 
	0x00,0x00,0x00,0x00, 
	0x00,0x00,0x00,0x00, 
	0x00,0x00,0x00,0x00, 
	0x00,0x00,0x00,0x00, 
	0x00,0x00,0x00,0x00, 
	0x00,0x00,0x00,0x00, 
	0x00,0x00,0x00,0x00, 
	0x00,0x00,0x00,0x00, 
	0x00,0x00,0x00,0x00, 
	0x00,0x00,0x00,0x00, 
	0x00,0x00,0x00,0x00, 
	0x00,0x00,0x00,0x00, 
	0x00,0x00,0x00,0x00, 
	0x00,0x00,0x00,0x00, 
	0x00,0x00,0x00,0x00, 
	0x00,0x00,0x00,0x00, 
	0x00,0x00,0x00,0x00, 
	0x00,0x00,0x00,0x00, 
	0x00,0x00,0x00,0x00, 
	0x00,0x00,0x00,0x00, 
	0x00,0x00,0x00,0x00, 
	0x00,0x00,0x00,0x00, 
	0x00,0x00,0x00,0x00, 
	0x00,0x00,0x00,0x00, 
	0x00,0x00,0x00,0x00, 
	0x00,0x00,0x00,0x00, 
	0x00,0x00,0x00,0x00, 
	0x00,0x00,0x00,0x00, 
	0x00,0x00,0x00,0x00, 
	0x00,0x00,0x00,0x00, 
	0x00,0x00,0x00,0x00, 
	0x00,0x00,0x00,0x00, 
	0x00,0x00,0x00,0x00, 
	0x00,0x00,0x00,0x00, 
	0x00,0x00,0x00,0x00, 
	0x00,0x00,0x00,0x00, 
	0x00,0x00,0x00,0x00, 
	0x00,0x00,0x00,0x00, 
	0x00,0x00,0x00,0x00, 
	0x00,0x00,0x00,0x00, 
	0x00,0x00,0x00,0x00, 
	0x00,0x00,0x00,0x00, 
	0x00,0x00,0x00,0x00, 
	0x00,0x00,0x00,0x00, 
	0x00,0x00,0x00,0x00, 
	0x00,0x00,0x00,0x00, 
	0x00,0x00,0x00,0x00, 
	0x00,0x00,0x00,0x00, 
	0x00,0x00,0x00,0x00, 
	0x00,0x00,0x00,0x00, 
	0x00,0x00,0x00,0x00, 
	0x00,0x00,0x00,0x00, 
	0x00,0x00,0x00,0x00, 
	0x00,0x00,0x00,0x00, 
	0x00,0x00,0x00,0x00, 
	0x00,0x00,0x00,0x00, 
	0x00,0x00,0x00,0x00, 
	0x00,0x00,0x00,0x00, 
	0x00,0x00,0x00,0x00, 
	0x00,0x00,0x00,0x00, 
	0x00,0x00,0x00,0x00, 
	0x00,0x00,0x00,0x00, 
	0x00,0x00,0x00,0x00, 
	0x00,0x00,0x00,0x00, 
	0x00,0x00,0x00,0x00, 
	0x00,0x00,0x00,0x00, 
	0x00,0x00,0x00,0x00, 
	0x00,0x00,0x00,0x00, 
	0x00,0x00,0x00,0x00, 
	0x00,0x00,0x00,0x00, 
	0x00,0x00,0x00,0x00, 
	0x00,0x00,0x00,0x00, 
	0x00,0x00,0x00,0x00, 
	0x00,0x00,0x00,0x00, 
	0x00,0x00,0x00,0x00, 
	0x00,0x00,0x00,0x00, 
	0x00,0x00,0x00,0x00, 
	0x00,0x00,0x00,0x00, 
	0x00,0x00,0x00,0x00, 
	0x00,0x00,0x00,0x00, 
	0x00,0x00,0x00,0x00, 
	0x00,0x00,0x00,0x00, 
	0x00,0x00,0x00,0x00, 
	0x00,0x00,0x00,0x00, 
	0x00,0x00,0x00,0x00, 
	0x00,0x00,0x00,0x00, 
	0x00,0x00,0x00,0x00, 
	0x00,0x00,0x00,0x00, 
	0x00,0x00,0x00,0x00, 
	0x00,0x00,0x00,0x00, 
	0x00,0x00,0x00,0x00, 
	0x00,0x00,0x00,0x00, 
	0x00,0x00,0x00,0x00, 
	0x00,0x00,0x00,0x00, 
	0x00,0x00,0x00,0x00, 
	0x00,0x00,0x00,0x00, 
	0x00,0x00,0x00,0x00, 
	0x00,0x00,0x00,0x00, 
	0x00,0x00,0x00,0x00, 
	0x00,0x00,0x00,0x00, 
	0x00,0x00,0x00,0x00, 
	0x00,0x00,0x00,0x00, 
	0x00,0x00,0x00,0x00, 
	0x00,0x00,0x00,0x00, 
	0x00,0x00,0x00,0x00, 
	0x00,0x00,0x00,0x00, 
	0x00,0x00,0x00,0x00, 
	0x00,0x00,0x00,0x00, 
	0x00,0x00,0x00,0x00, 
	0x00,0x00,0x00,0x00, 
	0x00,0x00,0x00,0x00, 
	0x00,0x00,0x00,0x00, 
	0x00,0x00,0x00,0x00, 
	0x00,0x00,0x00,0x00, 
	0x00,0x00,0x00,0x00, 
	0x00,0x00,0x00,0x00, 
	0x00,0x00,0x00,0x00, 
	0x00,0x00,0x00,0x00, 
	0x00,0x00,0x00,0x00, 
	0x00,0x00,0x00,0x00, 
	0x00,0x00,0x00,0x00, 
	0x00,0x00,0x00,0x00, 
	0x00,0x00,0x00,0x00, 
	0x00,0x00,0x00,0x00, 
	0x00,0x00,0x00,0x00, 
	0x00,0x00,0x00,0x00, 
	0x00,0x00,0x00,0x00, 
	0x00,0x00,0x00,0x00, 
	0x00,0x00,0x00,0x00, 
	0x00,0x00,0x00,0x00, 
	0x00,0x00,0x00,0x00, 
	0x00,0x00,0x00,0x00, 
	0x00,0x00,0x00,0x00, 
	0x00,0x00,0x00,0x00, 
	0x00,0x00,0x00,0x00, 
	0x00,0x00,0x00,0x00, 
	0x00,0x00,0x00,0x00, 
	0x00,0x00,0x00,0x00, 
	0x00,0x00,0x00,0x00, 
	0x00,0x00,0x00,0x00, 
	0x00,0x00,0x00,0x00, 
	0x00,0x00,0x00,0x00, 
	0x00,0x00,0x00,0x00, 
	0x00,0x00,0x00,0x00, 
	0x00,0x00,0x00,0x00, 
	0x00,0x00,0x00,0x00, 
	0x00,0x00,0x00,0x00, 
	0x00,0x00,0x00,0x00, 
	0x00,0x00,0x00,0x00, 
	0x00,0x00,0x00,0x00, 
	0x00,0x00,0x00,0x00, 
	0x00,0x00,0x00,0x00, 
	0x00,0x00,0x00,0x00, 
	0x00,0x00,0x00,0x00, 
	0x00,0x00,0x00,0x00, 
	0x00,0x00,0x00,0x00, 
	0x00,0x00,0x00,0x00, 
	0x00,0x00,0x00,0x00, 
	0x00,0x00,0x00,0x00, 
	0x00,0x00,0x00,0x00, 
	0x00,0x00,0x00,0x00, 
	0x00,0x00,0x00,0x00, 
	0x00,0x00,0x00,0x00, 
	0x00,0x00,0x00,0x00, 
	0x00,0x00,0x00,0x00, 
	0x00,0x00,0x00,0x00, 
	0x00,0x00,0x00,0x00, 
	0x00,0x00,0x00,0x00, 
	0x00,0x00,0x00,0x00, 
	0x00,0x00,0x00,0x00, 
	0x00,0x00,0x00,0x00, 
	0x00,0x00,0x00,0x00, 
	0x00,0x00,0x00,0x00, 
	0x00,0x00,0x00,0x00, 
	0x00,0x00,0x00,0x00, 
	0x00,0x00,0x00,0x00, 
	0x00,0x00,0x00,0x00, 
	0x00,0x00,0x00,0x00, 
	0x00,0x00,0x00,0x00, 
	0x00,0x00,0x00,0x00, 
	0x00,0x00,0x00,0x00, 
	0x00,0x00,0x00,0x00, 
	0x00,0x00,0x00,0x00, 
	0x00,0x00,0x00,0x00, 
	0x00,0x00,0x00,0x00, 
	0x00,0x00,0x00,0x00, 
	0x00,0x00,0x00,0x00, 
	0x00,0x00,0x00,0x00, 
	0x00,0x00,0x00,0x00, 
	0x00,0x00,0x00,0x00, 
	0x00,0x00,0x00,0x00, 
	0x00,0x00,0x00,0x00, 
	0x00,0x00,0x00,0x00, 
	0x00,0x00,0x00,0x00, 
	0x00,0x00,0x00,0x00, 
	0x00,0x00,0x00,0x00, 
	0x00,0x00,0x00,0x00, 
	0x00,0x00,0x00,0x00, 
	0x00,0x00,0x00,0x00, 
	0x00,0x00,0x00,0x00, 
	0x00,0x00,0x00,0x00, 
	0x00,0x00,0x00,0x00, 
	0x00,0x00,0x00,0x00, 
	0x00,0x00,0x00,0x00, 
	0x00,0x00,0x00,0x00, 
	0x00,0x00,0x00,0x00, 
	0x00,0x00,0x00,0x00, 
	0x00,0x00,0x00,0x00, 
	0x00,0x00,0x00,0x00, 
	0x00,0x00,0x00,0x00, 
	0x00,0x00,0x00,0x00, 
	0x00,0x00,0x00,0x00, 
	0x00,0x00,0x00,0x00, 
	0x00,0x00,0x00,0x00, 
	0x00,0x00,0x00,0x00, 
	0x00,0x00,0x00,0x00, 
	0x00,0x00,0x00,0x00, 
	0x00,0x00,0x00,0x00, 
	0x00,0x00,0x00,0x00, 
	0x00,0x00,0x00,0x00, 
	0x00,0x00,0x00,0x00, 
	0x00,0x00,0x00,0x00, 
	0x00,0x00,0x00,0x00, 
	0x00,0x00,0x00,0x00, 
	0x00,0x00,0x00,0x00, 
	0x00,0x00,0x00,0x00, 
	0x00,0x00,0x00,0x00, 
	0x00,0x00,0x00,0x00, 
	0x00,0x00,0x00,0x00, 
	0x00,0x00,0x00,0x00, 
	0x00,0x00,0x00,0x00, 
	0x00,0x00,0x00,0x00, 
	0x00,0x00,0x00,0x00, 
	0x00,0x00,0x00,0x00, 
	0x00,0x00,0x00,0x00, 
	0x00,0x00,0x00,0x00, 
	0x00,0x00,0x00,0x00, 
	0x00,0x00,0x00,0x00, 
	0x00,0x00,0x00,0x00, 
	0x00,0x00,0x00,0x00, 
	0x00,0x00,0x00,0x00, 
	0x00,0x00,0x00,0x00, 
	0x00,0x00,0x00,0x00, 
	0x00,0x00,0x00,0x00, 
	0x00,0x00,0x00,0x00, 
	0x00,0x00,0x00,0x00, 
	0x00,0x00,0x00,0x00, 
	0x00,0x00,0x00,0x00, 
	0x00,0x00,0x00,0x00, 
	0x00,0x00,0x00,0x00, 
	0x00,0x00,0x00,0x00, 
	0x00,0x00,0x00,0x00, 
	0x00,0x00,0x00,0x00, 
	0x00,0x00,0x00,0x00, 
	0x00,0x00,0x00,0x00, 
	0x00,0x00,0x00,0x00, 
	0x00,0x00,0x00,0x00, 
	0x00,0x00,0x00,0x00, 
	0x00,0x00,0x00,0x00, 
	0x00,0x00,0x00,0x00, 
	0x00,0x00,0x00,0x00, 
	0x00,0x00,0x00,0x00, 
	0x00,0x00,0x00,0x00, 
	0x00,0x00,0x00,0x00, 
	0x00,0x00,0x00,0x00, 
	0x00,0x00,0x00,0x00, 
	0x00,0x00,0x00,0x00, 
	0x00,0x00,0x00,0x00, 
	0x00,0x00,0x00,0x00, 
	0x00,0x00,0x00,0x00, 
	0x00,0x00,0x00,0x00, 
	0x00,0x00,0x00,0x00, 
	0x00,0x00,0x00,0x00, 
	0x00,0x00,0x00,0x00, 
	0x00,0x00,0x00,0x00, 
	0x00,0x00,0x00,0x00, 
	0x00,0x00,0x00,0x00, 
	0x00,0x00,0x00,0x00, 
	0x00,0x00,0x00,0x00, 
	0x00,0x00,0x00,0x00, 
	0x00,0x00,0x00,0x00, 
	0x00,0x00,0x00,0x00, 
	0x00,0x00,0x00,0x00, 
	0x00,0x00,0x00,0x00, 
	0x00,0x00,0x00,0x00, 
	0x00,0x00,0x00,0x00, 
	0x00,0x00,0x00,0x00, 
	0x00,0x00,0x00,0x00, 
	0x00,0x00,0x00,0x00, 
	0x00,0x00,0x00,0x00, 
	0x00,0x00,0x00,0x00, 
	0x00,0x00,0x00,0x00, 
	0x00,0x00,0x00,0x00, 
	0x00,0x00,0x00,0x00, 
	0x00,0x00,0x00,0x00, 
	0x00,0x00,0x00,0x00, 
	0x00,0x00,0x00,0x00, 
	0x00,0x00,0x00,0x00, 
	0x00,0x00,0x00,0x00, 
	0x00,0x00,0x00,0x00, 
	0x00,0x00,0x00,0x00, 
	0x00,0x00,0x00,0x00, 
	0x00,0x00,0x00,0x00, 
	0x00,0x00,0x00,0x00, 
	0x00,0x00,0x00,0x00, 
	0x00,0x00,0x00,0x00, 
	0x00,0x00,0x00,0x00, 
	0x00,0x00,0x00,0x00, 
	0x00,0x00,0x00,0x00, 
	0x00,0x00,0x00,0x00, 
	0x00,0x00,0x00,0x00, 
	0x00,0x00,0x00,0x00, 
	0x00,0x00,0x00,0x00, 
	0x00,0x00,0x00,0x00, 
	0x00,0x00,0x00,0x00, 
	0x00,0x00,0x00,0x00, 
	0x00,0x00,0x00,0x00, 
	0x00,0x00,0x00,0x00, 
	0x00,0x00,0x00,0x00, 
	0x00,0x00,0x00,0x00, 
	0x00,0x00,0x00,0x00, 
	0x00,0x00,0x00,0x00, 
	0x00,0x00,0x00,0x00, 
	0x00,0x00,0x00,0x00, 
	0x00,0x00,0x00,0x00, 
	0x00,0x00,0x00,0x00, 
	0x00,0x00,0x00,0x00, 
	0x00,0x00,0x00,0x00, 
	0x00,0x00,0x00,0x00, 
	0x00,0x00,0x00,0x00, 
	0x00,0x00,0x00,0x00, 
	0x00,0x00,0x00,0x00, 
	0x00,0x00,0x00,0x00, 
	0x00,0x00,0x00,0x00, 
	0x00,0x00,0x00,0x00, 
	0x00,0x00,0x00,0x00, 
	0x00,0x00,0x00,0x00, 
	0x00,0x00,0x00,0x00, 
	0x00,0x00,0x00,0x00, 
	0x00,0x00,0x00,0x00, 
	0x00,0x00,0x00,0x00, 
	0x00,0x00,0x00,0x00, 
	0x00,0x00,0x00,0x00, 
	0x00,0x00,0x00,0x00, 
	0x00,0x00,0x00,0x00, 
	0x00,0x00,0x00,0x00, 
	0x00,0x00,0x00,0x00, 
	0x00,0x00,0x00,0x00, 
	0x00,0x00,0x00,0x00, 
	0x00,0x00,0x00,0x00, 
	0x00,0x00,0x00,0x00, 
	0x00,0x00,0x00,0x00, 
	0x00,0x00,0x00,0x00, 
	0x00,0x00,0x00,0x00, 
	0x00,0x00,0x00,0x00, 
	0x00,0x00,0x00,0x00, 
	0x00,0x00,0x00,0x00, 
	0x00,0x00,0x00,0x00, 
	0x00,0x00,0x00,0x00, 
	0x00,0x00,0x00,0x00, 
	0x00,0x00,0x00,0x00, 
	0x00,0x00,0x00,0x00, 
	0x00,0x00,0x00,0x00, 
	0x00,0x00,0x00,0x00, 
	0x00,0x00,0x00,0x00, 
	0x00,0x00,0x00,0x00, 
	0x00,0x00,0x00,0x00, 
	0x00,0x00,0x00,0x00, 
	0x00,0x00,0x00,0x00, 
	0x00,0x00,0x00,0x00, 
	0x00,0x00,0x00,0x00, 
	0x00,0x00,0x00,0x00, 
	0x00,0x00,0x00,0x00, 
	0x00,0x00,0x00,0x00, 
	0x00,0x00,0x00,0x00, 
	0x00,0x00,0x00,0x00, 
	0x00,0x00,0x00,0x00, 
	0x00,0x00,0x00,0x00, 
	0x00,0x00,0x00,0x00, 
	0x00,0x00,0x00,0x00, 
	0x00,0x00,0x00,0x00, 
	0x00,0x00,0x00,0x00, 
	0x00,0x00,0x00,0x00, 
	0x00,0x00,0x00,0x00, 
	0x00,0x00,0x00,0x00, 
	0x00,0x00,0x00,0x00, 
	0x00,0x00,0x00,0x00, 
	0x00,0x00,0x00,0x00, 
	0x00,0x00,0x00,0x00, 
	0x00,0x00,0x00,0x00, 
	0x00,0x00,0x00,0x00, 
	0x00,0x00,0x00,0x00, 
	0x00,0x00,0x00,0x00, 
	0x00,0x00,0x00,0x00, 
	0x00,0x00,0x00,0x00, 
	0x00,0x00,0x00,0x00, 
	0x00,0x00,0x00,0x00, 
	0x00,0x00,0x00,0x00, 
	0x00,0x00,0x00,0x00, 
	0x00,0x00,0x00,0x00, 
	0x00,0x00,0x00,0x00, 
	0x00,0x00,0x00,0x00, 
	0x00,0x00,0x00,0x00, 
	0x00,0x00,0x00,0x00, 
	0x00,0x00,0x00,0x00, 
	0x00,0x00,0x00,0x00, 
	0x00,0x00,0x00,0x00, 
	0x00,0x00,0x00,0x00, 
	0x00,0x00,0x00,0x00, 
	0x00,0x00,0x00,0x00, 
	0x00,0x00,0x00,0x00, 
	0x00,0x00,0x00,0x00, 
	0x00,0x00,0x00,0x00, 
	0x00,0x00,0x00,0x00, 
	0x00,0x00,0x00,0x00, 
	0x00,0x00,0x00,0x00, 
	0x00,0x00,0x00,0x00, 
	0x00,0x00,0x00,0x00, 
	0x00,0x00,0x00,0x00, 
	0x00,0x00,0x00,0x00, 
	0x00,0x00,0x00,0x00, 
	0x00,0x00,0x00,0x00, 
	0x00,0x00,0x00,0x00, 
	0x00,0x00,0x00,0x00, 
	0x00,0x00,0x00,0x00, 
	0x00,0x00,0x00,0x00, 
	0x00,0x00,0x00,0x00, 
	0x00,0x00,0x00,0x00, 
	0x00,0x00,0x00,0x00, 
	0x00,0x00,0x00,0x00, 
	0x00,0x00,0x00,0x00, 
	0x00,0x00,0x00,0x00, 
	0x00,0x00,0x00,0x00, 
	0x00,0x00,0x00,0x00, 
	0x00,0x00,0x00,0x00, 
	0x00,0x00,0x00,0x00, 
	0x00,0x00,0x00,0x00, 
	0x00,0x00,0x00,0x00, 
	0x00,0x00,0x00,0x00, 
	0x00,0x00,0x00,0x00, 
	0x00,0x00,0x00,0x00, 
	0x00,0x00,0x00,0x00, 
	0x00,0x00,0x00,0x00, 
	0x00,0x00,0x00,0x00, 
	0x00,0x00,0x00,0x00, 
	0x00,0x00,0x00,0x00, 
	0x00,0x00,0x00,0x00, 
	0x00,0x00,0x00,0x00, 
	0x00,0x00,0x00,0x00, 
	0x00,0x00,0x00,0x00, 
	0x00,0x00,0x00,0x00, 
	0x00,0x00,0x00,0x00, 
	0x00,0x00,0x00,0x00, 
	0x00,0x00,0x00,0x00, 
	0x00,0x00,0x00,0x00, 
	0x00,0x00,0x00,0x00, 
	0x00,0x00,0x00,0x00, 
	0x00,0x00,0x00,0x00, 
	0x00,0x00,0x00,0x00, 
	0x00,0x00,0x00,0x00, 
	0x00,0x00,0x00,0x00, 
	0x00,0x00,0x00,0x00, 
	0x00,0x00,0x00,0x00, 
	0x00,0x00,0x00,0x00, 
	0x00,0x00,0x00,0x00, 
	0x00,0x00,0x00,0x00, 
	0x00,0x00,0x00,0x00, 
	0x00,0x00,0x00,0x00, 
	0x00,0x00,0x00,0x00, 
	0x00,0x00,0x00,0x00, 
	0x00,0x00,0x00,0x00, 
	0x00,0x00,0x00,0x00, 
	0x00,0x00,0x00,0x00, 
	0x00,0x00,0x00,0x00, 
	0x00,0x00,0x00,0x00, 
	0x00,0x00,0x00,0x00, 
	0x00,0x00,0x00,0x00, 
	0x00,0x00,0x00,0x00, 
	0x00,0x00,0x00,0x00, 
	0x00,0x00,0x00,0x00, 
	0x00,0x00,0x00,0x00, 
	0x00,0x00,0x00,0x00, 
	0x00,0x00,0x00,0x00, 
	0x00,0x00,0x00,0x00, 
	0x00,0x00,0x00,0x00, 
	0x00,0x00,0x00,0x00, 
	0x00,0x00,0x00,0x00, 
	0x00,0x00,0x00,0x00, 
	0x00,0x00,0x00,0x00, 
	0x00,0x00,0x00,0x00, 
	0x00,0x00,0x00,0x00, 
	0x00,0x00,0x00,0x00, 
	0x00,0x00,0x00,0x00, 
	0x00,0x00,0x00,0x00, 
	0x00,0x00,0x00,0x00, 
	0x00,0x00,0x00,0x00, 
	0x00,0x00,0x00,0x00, 
	0x00,0x00,0x00,0x00, 
	0x00,0x00,0x00,0x00, 
	0x00,0x00,0x00,0x00, 
	0x00,0x00,0x00,0x00, 
	0x00,0x00,0x00,0x00, 
	0x00,0x00,0x00,0x00, 
	0x00,0x00,0x00,0x00, 
	0x00,0x00,0x00,0x00, 
	0x00,0x00,0x00,0x00, 
	0x00,0x00,0x00,0x00, 
	0x00,0x00,0x00,0x00, 
	0x00,0x00,0x00,0x00, 
	0x00,0x00,0x00,0x00, 
	0x00,0x00,0x00,0x00, 
	0x00,0x00,0x00,0x00, 
	0x00,0x00,0x00,0x00, 
	0x00,0x00,0x00,0x00, 
	0x00,0x00,0x00,0x00, 
	0x00,0x00,0x00,0x00, 
	0x00,0x00,0x00,0x00, 
	0x00,0x00,0x00,0x00, 
	0x00,0x00,0x00,0x00, 
	0x00,0x00,0x00,0x00, 
	0x00,0x00,0x00,0x00, 
	0x00,0x00,0x00,0x00, 
	0x00,0x00,0x00,0x00, 
	0x00,0x00,0x00,0x00, 
	0x00,0x00,0x00,0x00, 
	0x00,0x00,0x00,0x00, 
	0x00,0x00,0x00,0x00, 
	0x00,0x00,0x00,0x00, 
	0x00,0x00,0x00,0x00, 
	0x00,0x00,0x00,0x00, 
	0x00,0x00,0x00,0x00, 
	0x00,0x00,0x00,0x00, 
	0x00,0x00,0x00,0x00, 
	0x00,0x00,0x00,0x00, 
	0x00,0x00,0x00,0x00, 
	0x00,0x00,0x00,0x00, 
	0x00,0x00,0x00,0x00, 
	0x00,0x00,0x00,0x00, 
	0x00,0x00,0x00,0x00, 
	0x00,0x00,0x00,0x00, 
	0x00,0x00,0x00,0x00, 
	0x00,0x00,0x00,0x00, 
	0x00,0x00,0x00,0x00, 
	0x00,0x00,0x00,0x00, 
	0x00,0x00,0x00,0x00, 
	0x00,0x00,0x00,0x00, 
	0x00,0x00,0x00,0x00, 
	0x00,0x00,0x00,0x00, 
	0x00,0x00,0x00,0x00, 
	0x00,0x00,0x00,0x00, 
	0x00,0x00,0x00,0x00, 
	0x00,0x00,0x00,0x00, 
	0x00,0x00,0x00,0x00, 
	0x00,0x00,0x00,0x00, 
	0x00,0x00,0x00,0x00, 
	0x00,0x00,0x00,0x00, 
	0x00,0x00,0x00,0x00, 
	0x00,0x00,0x00,0x00, 
	0x00,0x00,0x00,0x00, 
	0x00,0x00,0x00,0x00, 
	0x00,0x00,0x00,0x00, 
	0x00,0x00,0x00,0x00, 
	0x00,0x00,0x00,0x00, 
	0x00,0x00,0x00,0x00, 
	0x00,0x00,0x00,0x00, 
	0x00,0x00,0x00,0x00, 
	0x00,0x00,0x00,0x00, 
	0x00,0x00,0x00,0x00, 
	0x00,0x00,0x00,0x00, 
	0x00,0x00,0x00,0x00, 
	0x00,0x00,0x00,0x00, 
	0x00,0x00,0x00,0x00, 
	0x00,0x00,0x00,0x00, 
	0x00,0x00,0x00,0x00, 
	0x00,0x00,0x00,0x00, 
	0x00,0x00,0x00,0x00, 
	0x00,0x00,0x00,0x00, 
	0x00,0x00,0x00,0x00, 
	0x00,0x00,0x00,0x00, 
	0x00,0x00,0x00,0x00, 
	0x00,0x00,0x00,0x00, 
	0x00,0x00,0x00,0x00, 
	0x00,0x00,0x00,0x00, 
	0x00,0x00,0x00,0x00, 
	0x00,0x00,0x00,0x00, 
	0x00,0x00,0x00,0x00, 
	0x00,0x00,0x00,0x00, 
	0x00,0x00,0x00,0x00, 
	0x00,0x00,0x00,0x00, 
	0x00,0x00,0x00,0x00, 
	0x00,0x00,0x00,0x00, 
	0x00,0x00,0x00,0x00, 
	0x00,0x00,0x00,0x00, 
	0x00,0x00,0x00,0x00, 
	0x00,0x00,0x00,0x00, 
	0x00,0x00,0x00,0x00, 
	0x00,0x00,0x00,0x00, 
	0x00,0x00,0x00,0x00, 
	0x00,0x00,0x00,0x00, 
	0x00,0x00,0x00,0x00, 
	0x00,0x00,0x00,0x00, 
	0x00,0x00,0x00,0x00, 
	0x00,0x00,0x00,0x00, 
	0x00,0x00,0x00,0x00, 
	0x00,0x00,0x00,0x00, 
	0x00,0x00,0x00,0x00, 
	0x00,0x00,0x00,0x00, 
	0x00,0x00,0x00,0x00, 
	0x00,0x00,0x00,0x00, 
	0x00,0x00,0x00,0x00, 
	0x00,0x00,0x00,0x00, 
	0x00,0x00,0x00,0x00, 
	0x00,0x00,0x00,0x00, 
	0x00,0x00,0x00,0x00, 
	0x00,0x00,0x00,0x00, 
	0x00,0x00,0x00,0x00, 
	0x00,0x00,0x00,0x00, 
	0x00,0x00,0x00,0x00, 
	0x00,0x00,0x00,0x00, 
	0x00,0x00,0x00,0x00, 
	0x00,0x00,0x00,0x00, 
	0x00,0x00,0x00,0x00, 
	0x00,0x00,0x00,0x00, 
	0x00,0x00,0x00,0x00, 
	0x00,0x00,0x00,0x00, 
	0x00,0x00,0x00,0x00, 
	0x00,0x00,0x00,0x00, 
	0x00,0x00,0x00,0x00, 
	0x00,0x00,0x00,0x00, 
	0x00,0x00,0x00,0x00, 
	0x00,0x00,0x00,0x00, 
	0x00,0x00,0x00,0x00, 
	0x00,0x00,0x00,0x00, 
	0x00,0x00,0x00,0x00, 
	0x00,0x00,0x00,0x00, 
	0x00,0x00,0x00,0x00, 
	0x00,0x00,0x00,0x00, 
	0x00,0x00,0x00,0x00, 
	0x00,0x00,0x00,0x00, 
	0x00,0x00,0x00,0x00, 
	0x00,0x00,0x00,0x00, 
	0x00,0x00,0x00,0x00, 
	0x00,0x00,0x00,0x00, 
	0x00,0x00,0x00,0x00, 
	0x00,0x00,0x00,0x00, 
	0x00,0x00,0x00,0x00, 
	0x00,0x00,0x00,0x00, 
	0x00,0x00,0x00,0x00, 
	0x00,0x00,0x00,0x00, 
	0x00,0x00,0x00,0x00, 
	0x00,0x00,0x00,0x00, 
	0x00,0x00,0x00,0x00, 
	0x00,0x00,0x00,0x00, 
	0x00,0x00,0x00,0x00, 
	0x00,0x00,0x00,0x00, 
	0x00,0x00,0x00,0x00, 
	0x00,0x00,0x00,0x00, 
	0x00,0x00,0x00,0x00, 
	0x00,0x00,0x00,0x00, 
	0x00,0x00,0x00,0x00, 
	0x00,0x00,0x00,0x00, 
	0x00,0x00,0x00,0x00, 
	0x00,0x00,0x00,0x00, 
	0x00,0x00,0x00,0x00, 
	0x00,0x00,0x00,0x00, 
	0x00,0x00,0x00,0x00, 
	0x00,0x00,0x00,0x00, 
	0x00,0x00,0x00,0x00, 
	0x00,0x00,0x00,0x00, 
	0x00,0x00,0x00,0x00, 
	0x00,0x00,0x00,0x00, 
	0x00,0x00,0x00,0x00, 
	0x00,0x00,0x00,0x00, 
	0x00,0x00,0x00,0x00, 
	0x00,0x00,0x00,0x00, 
	0x00,0x00,0x00,0x00, 
	0x00,0x00,0x00,0x00, 
	0x00,0x00,0x00,0x00, 
	0x00,0x00,0x00,0x00, 
	0x00,0x00,0x00,0x00, 
	0x00,0x00,0x00,0x00, 
	0x00,0x00,0x00,0x00, 
	0x00,0x00,0x00,0x00, 
	0x00,0x00,0x00,0x00, 
	0x00,0x00,0x00,0x00, 
	0x00,0x00,0x00,0x00, 
	0x00,0x00,0x00,0x00, 
	0x00,0x00,0x00,0x00, 
	0x00,0x00,0x00,0x00, 
	0x00,0x00,0x00,0x00, 
	0x00,0x00,0x00,0x00, 
	0x00,0x00,0x00,0x00, 
	0x00,0x00,0x00,0x00, 
	0x00,0x00,0x00,0x00, 
	0x00,0x00,0x00,0x00, 
	0x00,0x00,0x00,0x00, 
	0x00,0x00,0x00,0x00, 
	0x00,0x00,0x00,0x00, 
	0x00,0x00,0x00,0x00, 
	0x00,0x00,0x00,0x00, 
	0x00,0x00,0x00,0x00, 
	0x00,0x00,0x00,0x00, 
	0x00,0x00,0x00,0x00, 
	0x00,0x00,0x00,0x00, 
	0x00,0x00,0x00,0x00, 
	0x00,0x00,0x00,0x00, 
	0x00,0x00,0x00,0x00, 
	0x00,0x00,0x00,0x00, 
	0x00,0x00,0x00,0x00, 
	0x00,0x00,0x00,0x00, 
	0x00,0x00,0x00,0x00, 
	0x00,0x00,0x00,0x00, 
	0x00,0x00,0x00,0x00, 
	0x00,0x00,0x00,0x00, 
	0x00,0x00,0x00,0x00, 
	0x00,0x00,0x00,0x00, 
	0x00,0x00,0x00,0x00, 
	0x00,0x00,0x00,0x00, 
	0x00,0x00,0x00,0x00, 
	0x00,0x00,0x00,0x00, 
	0x00,0x00,0x00,0x00, 
	0x00,0x00,0x00,0x00, 
	0x00,0x00,0x00,0x00, 
	0x00,0x00,0x00,0x00, 
	0x00,0x00,0x00,0x00, 
	0x00,0x00,0x00,0x00, 
	0x00,0x00,0x00,0x00, 
	0x00,0x00,0x00,0x00, 
	0x00,0x00,0x00,0x00, 
	0x00,0x00,0x00,0x00, 
	0x00,0x00,0x00,0x00, 
	0x00,0x00,0x00,0x00, 
	0x00,0x00,0x00,0x00, 
	0x00,0x00,0x00,0x00, 
	0x00,0x00,0x00,0x00, 
	0x00,0x00,0x00,0x00, 
	0x00,0x00,0x00,0x00, 
	0x00,0x00,0x00,0x00, 
	0x00,0x00,0x00,0x00, 
	0x00,0x00,0x00,0x00, 
	0x00,0x00,0x00,0x00, 
	0x00,0x00,0x00,0x00, 
	0x00,0x00,0x00,0x00, 
	0x00,0x00,0x00,0x00, 
	0x00,0x00,0x00,0x00, 
	0x00,0x00,0x00,0x00, 
	0x00,0x00,0x00,0x00, 
	0x00,0x00,0x00,0x00, 
	0x00,0x00,0x00,0x00, 
	0x00,0x00,0x00,0x00, 
	0x00,0x00,0x00,0x00, 
	0x00,0x00,0x00,0x00, 
	0x00,0x00,0x00,0x00, 
	0x00,0x00,0x00,0x00, 
	0x00,0x00,0x00,0x00, 
	0x00,0x00,0x00,0x00, 
	0x00,0x00,0x00,0x00, 
	0x00,0x00,0x00,0x00, 
	0x00,0x00,0x00,0x00, 
	0x00,0x00,0x00,0x00, 
	0x00,0x00,0x00,0x00, 
	0x00,0x00,0x00,0x00, 
	0x00,0x00,0x00,0x00, 
	0x00,0x00,0x00,0x00, 
	0x00,0x00,0x00,0x00, 
	0x00,0x00,0x00,0x00, 
	0x00,0x00,0x00,0x00, 
	0x00,0x00,0x00,0x00, 
	0x00,0x00,0x00,0x00, 
	0x00,0x00,0x00,0x00, 
	0x00,0x00,0x00,0x00, 
	0x00,0x00,0x00,0x00, 
	0x00,0x00,0x00,0x00, 
	0x00,0x00,0x00,0x00, 
	0x00,0x00,0x00,0x00, 
	0x00,0x00,0x00,0x00, 
	0x00,0x00,0x00,0x00, 
	0x00,0x00,0x00,0x00, 
	0x00,0x00,0x00,0x00, 
	0x00,0x00,0x00,0x00, 
	0x00,0x00,0x00,0x00, 
	0x00,0x00,0x00,0x00, 
	0x00,0x00,0x00,0x00, 
	0x00,0x00,0x00,0x00, 
	0x00,0x00,0x00,0x00, 
	0x00,0x00,0x00,0x00, 
	0x00,0x00,0x00,0x00, 
	0x00,0x00,0x00,0x00, 
	0x00,0x00,0x00,0x00, 
	0x00,0x00,0x00,0x00, 
	0x00,0x00,0x00,0x00, 
	0x00,0x00,0x00,0x00, 
	0x00,0x00,0x00,0x00, 
	0x00,0x00,0x00,0x00, 
	0x00,0x00,0x00,0x00, 
	0x00,0x00,0x00,0x00, 
	0x00,0x00,0x00,0x00, 
	0x00,0x00,0x00,0x00, 
	0x00,0x00,0x00,0x00, 
	0x00,0x00,0x00,0x00, 
	0x00,0x00,0x00,0x00, 
	0x00,0x00,0x00,0x00, 
	0x00,0x00,0x00,0x00, 
	0x00,0x00,0x00,0x00, 
	0x00,0x00,0x00,0x00, 
	0x00,0x00,0x00,0x00, 
	0x00,0x00,0x00,0x00, 
	0x00,0x00,0x00,0x00, 
	0x00,0x00,0x00,0x00, 
	0x00,0x00,0x00,0x00, 
	0x00,0x00,0x00,0x00, 
	0x00,0x00,0x00,0x00, 
	0x00,0x00,0x00,0x00, 
	0x00,0x00,0x00,0x00, 
	0x00,0x00,0x00,0x00, 
	0x00,0x00,0x00,0x00, 
	0x00,0x00,0x00,0x00, 
	0x00,0x00,0x00,0x00, 
	0x00,0x00,0x00,0x00, 
	0x00,0x00,0x00,0x00, 
	0x00,0x00,0x00,0x00, 
	0x00,0x00,0x00,0x00, 
	0x00,0x00,0x00,0x00, 
	0x00,0x00,0x00,0x00, 
	0x00,0x00,0x00,0x00, 
	0x00,0x00,0x00,0x00, 
	0x00,0x00,0x00,0x00, 
	0x00,0x00,0x00,0x00, 
	0x00,0x00,0x00,0x00, 
	0x00,0x00,0x00,0x00, 
	0x00,0x00,0x00,0x00, 
	0x00,0x00,0x00,0x00, 
	0x00,0x00,0x00,0x00, 
	0x00,0x00,0x00,0x00, 
	0x00,0x00,0x00,0x00, 
	0x00,0x00,0x00,0x00, 
	0x00,0x00,0x00,0x00, 
	0x00,0x00,0x00,0x00, 
	0x00,0x00,0x00,0x00, 
	0x00,0x00,0x00,0x00, 
	0x00,0x00,0x00,0x00, 
	0x00,0x00,0x00,0x00, 
	0x00,0x00,0x00,0x00, 
	0x00,0x00,0x00,0x00, 
	0x00,0x00,0x00,0x00, 
	0x00,0x00,0x00,0x00, 
	0x00,0x00,0x00,0x00, 
	0x00,0x00,0x00,0x00, 
	0x00,0x00,0x00,0x00, 
	0x00,0x00,0x00,0x00, 
	0x00,0x00,0x00,0x00, 
	0x00,0x00,0x00,0x00, 
	0x00,0x00,0x00,0x00, 
	0x00,0x00,0x00,0x00, 
	0x00,0x00,0x00,0x00, 
	0x00,0x00,0x00,0x00, 
	0x00,0x00,0x00,0x00, 
	0x00,0x00,0x00,0x00, 
	0x00,0x00,0x00,0x00, 
	0x00,0x00,0x00,0x00, 
	0x00,0x00,0x00,0x00, 
	0x00,0x00,0x00,0x00, 
	0x00,0x00,0x00,0x00, 
	0x00,0x00,0x00,0x00, 
	0x00,0x00,0x00,0x00, 
	0x00,0x00,0x00,0x00, 
	0x00,0x00,0x00,0x00, 
	0x00,0x00,0x00,0x00, 
	0x00,0x00,0x00,0x00, 
	0x00,0x00,0x00,0x00, 
	0x00,0x00,0x00,0x00, 
	0x00,0x00,0x00,0x00, 
	0x00,0x00,0x00,0x00, 
	0x00,0x00,0x00,0x00, 
	0x00,0x00,0x00,0x00, 
	0x00,0x00,0x00,0x00, 
	0x00,0x00,0x00,0x00, 
	0x00,0x00,0x00,0x00, 
	0x00,0x00,0x00,0x00, 
	0x00,0x00,0x00,0x00, 
	0x00,0x00,0x00,0x00, 
	0x00,0x00,0x00,0x00, 
	0x00,0x00,0x00,0x00, 
	0x00,0x00,0x00,0x00, 
	0x00,0x00,0x00,0x00, 
	0x00,0x00,0x00,0x00, 
	0x00,0x00,0x00,0x00, 
	0x00,0x00,0x00,0x00, 
	0x00,0x00,0x00,0x00, 
	0x00,0x00,0x00,0x00, 
	0x00,0x00,0x00,0x00, 
	0x00,0x00,0x00,0x00, 
	0x00,0x00,0x00,0x00, 
	0x00,0x00,0x00,0x00, 
	0x00,0x00,0x00,0x00, 
	0x00,0x00,0x00,0x00, 
	0x00,0x00,0x00,0x00, 
	0x00,0x00,0x00,0x00, 
	0x00,0x00,0x00,0x00, 
	0x00,0x00,0x00,0x00, 
	0x00,0x00,0x00,0x00, 
	0x00,0x00,0x00,0x00, 
	0x00,0x00,0x00,0x00, 
	0x00,0x00,0x00,0x00, 
	0x00,0x00,0x00,0x00, 
	0x00,0x00,0x00,0x00, 
	0x00,0x00,0x00,0x00, 
	0x00,0x00,0x00,0x00, 
	0x00,0x00,0x00,0x00, 
	0x00,0x00,0x00,0x00, 
	0x00,0x00,0x00,0x00, 
	0x00,0x00,0x00,0x00, 
	0x00,0x00,0x00,0x00, 
	0x00,0x00,0x00,0x00, 
	0x00,0x00,0x00,0x00, 
	0x00,0x00,0x00,0x00, 
	0x00,0x00,0x00,0x00, 
	0x00,0x00,0x00,0x00, 
	0x00,0x00,0x00,0x00, 
	0x00,0x00,0x00,0x00, 
	0x00,0x00,0x00,0x00, 
	0x00,0x00,0x00,0x00, 
	0x00,0x00,0x00,0x00, 
	0x00,0x00,0x00,0x00, 
	0x00,0x00,0x00,0x00, 
	0x00,0x00,0x00,0x00, 
	0x00,0x00,0x00,0x00, 
	0x00,0x00,0x00,0x00, 
	0x00,0x00,0x00,0x00, 
	0x00,0x00,0x00,0x00, 
	0x00,0x00,0x00,0x00, 
	0x00,0x00,0x00,0x00, 
	0x00,0x00,0x00,0x00, 
	0x00,0x00,0x00,0x00, 
	0x00,0x00,0x00,0x00, 
	0x00,0x00,0x00,0x00, 
	0x00,0x00,0x00,0x00, 
	0x00,0x00,0x00,0x00, 
	0x00,0x00,0x00,0x00, 
	0x00,0x00,0x00,0x00, 
	0x00,0x00,0x00,0x00, 
	0x00,0x00,0x00,0x00, 
	0x00,0x00,0x00,0x00, 
	0x00,0x00,0x00,0x00, 
	0x00,0x00,0x00,0x00, 
	0x00,0x00,0x00,0x00, 
	0x00,0x00,0x00,0x00, 
	0x00,0x00,0x00,0x00, 
	0x00,0x00,0x00,0x00, 
	0x00,0x00,0x00,0x00, 
	0x00,0x00,0x00,0x00, 
	0x00,0x00,0x00,0x00, 
	0x00,0x00,0x00,0x00, 
	0x00,0x00,0x00,0x00, 
	0x00,0x00,0x00,0x00, 
	0x00,0x00,0x00,0x00, 
	0x00,0x00,0x00,0x00, 
	0x00,0x00,0x00,0x00, 
	0x00,0x00,0x00,0x00, 
	0x00,0x00,0x00,0x00, 
	0x00,0x00,0x00,0x00, 
	0x00,0x00,0x00,0x00, 
	0x00,0x00,0x00,0x00, 
	0x00,0x00,0x00,0x00, 
	0x00,0x00,0x00,0x00, 
	0x00,0x00,0x00,0x00, 
	0x00,0x00,0x00,0x00, 
	0x00,0x00,0x00,0x00, 
	0x00,0x00,0x00,0x00, 
	0x00,0x00,0x00,0x00, 
	0x00,0x00,0x00,0x00, 
	0x00,0x00,0x00,0x00, 
	0x00,0x00,0x00,0x00, 
	0x00,0x00,0x00,0x00, 
	0x00,0x00,0x00,0x00, 
	0x00,0x00,0x00,0x00, 
	0x00,0x00,0x00,0x00, 
	0x00,0x00,0x00,0x00, 
	0x00,0x00,0x00,0x00, 
	0x00,0x00,0x00,0x00, 
	0x00,0x00,0x00,0x00, 
	0x00,0x00,0x00,0x00, 
	0x00,0x00,0x00,0x00, 
	0x00,0x00,0x00,0x00, 
	0x00,0x00,0x00,0x00, 
	0x00,0x00,0x00,0x00, 
	0x00,0x00,0x00,0x00, 
	0x00,0x00,0x00,0x00, 
	0x00,0x00,0x00,0x00, 
	0x00,0x00,0x00,0x00, 
	0x00,0x00,0x00,0x00, 
	0x00,0x00,0x00,0x00, 
	0x00,0x00,0x00,0x00, 
	0x00,0x00,0x00,0x00, 
	0x00,0x00,0x00,0x00, 
	0x00,0x00,0x00,0x00, 
	0x00,0x00,0x00,0x00, 
	0x00,0x00,0x00,0x00, 
	0x00,0x00,0x00,0x00, 
	0x00,0x00,0x00,0x00, 
	0x00,0x00,0x00,0x00, 
	0x00,0x00,0x00,0x00, 
	0x00,0x00,0x00,0x00, 
	0x00,0x00,0x00,0x00, 
	0x00,0x00,0x00,0x00, 
	0x00,0x00,0x00,0x00, 
	0x00,0x00,0x00,0x00, 
	0x00,0x00,0x00,0x00, 
	0x00,0x00,0x00,0x00, 
	0x00,0x00,0x00,0x00, 
	0x00,0x00,0x00,0x00, 
	0x00,0x00,0x00,0x00, 
	0x00,0x00,0x00,0x00, 
	0x00,0x00,0x00,0x00, 
	0x00,0x00,0x00,0x00, 
	0x00,0x00,0x00,0x00, 
	0x00,0x00,0x00,0x00, 
	0x00,0x00,0x00,0x00, 
	0x00,0x00,0x00,0x00, 
	0x00,0x00,0x00,0x00, 
	0x00,0x00,0x00,0x00, 
	0x00,0x00,0x00,0x00, 
	0x00,0x00,0x00,0x00, 
	0x00,0x00,0x00,0x00, 
	0x00,0x00,0x00,0x00, 
	0x00,0x00,0x00,0x00, 
	0x00,0x00,0x00,0x00, 
	0x00,0x00,0x00,0x00, 
	0x00,0x00,0x00,0x00, 
	0x00,0x00,0x00,0x00, 
	0x00,0x00,0x00,0x00, 
	0x00,0x00,0x00,0x00, 
	0x00,0x00,0x00,0x00, 
	0x00,0x00,0x00,0x00, 
	0x00,0x00,0x00,0x00, 
	0x00,0x00,0x00,0x00, 
	0x00,0x00,0x00,0x00, 
	0x00,0x00,0x00,0x00, 
	0x00,0x00,0x00,0x00, 
	0x00,0x00,0x00,0x00, 
	0x00,0x00,0x00,0x00, 
	0x00,0x00,0x00,0x00, 
	0x00,0x00,0x00,0x00, 
	0x00,0x00,0x00,0x00, 
	0x00,0x00,0x00,0x00, 
	0x00,0x00,0x00,0x00, 
	0x00,0x00,0x00,0x00, 
	0x00,0x00,0x00,0x00, 
	0x00,0x00,0x00,0x00, 
	0x00,0x00,0x00,0x00, 
	0x00,0x00,0x00,0x00, 
	0x00,0x00,0x00,0x00, 
	0x00,0x00,0x00,0x00, 
	0x00,0x00,0x00,0x00, 
	0x00,0x00,0x00,0x00, 
	0x00,0x00,0x00,0x00, 
	0x00,0x00,0x00,0x00, 
	0x00,0x00,0x00,0x00, 
	0x00,0x00,0x00,0x00, 
	0x00,0x00,0x00,0x00, 
	0x00,0x00,0x00,0x00, 
	0x00,0x00,0x00,0x00, 
	0x00,0x00,0x00,0x00, 
	0x00,0x00,0x00,0x00, 
	0x00,0x00,0x00,0x00, 
	0x00,0x00,0x00,0x00, 
	0x00,0x00,0x00,0x00, 
	0x00,0x00,0x00,0x00, 
	0x00,0x00,0x00,0x00, 
	0x00,0x00,0x00,0x00, 
	0x00,0x00,0x00,0x00, 
	0x00,0x00,0x00,0x00, 
	0x00,0x00,0x00,0x00, 
	0x00,0x00,0x00,0x00, 
	0x00,0x00,0x00,0x00, 
	0x00,0x00,0x00,0x00, 
	0x00,0x00,0x00,0x00, 
	0x00,0x00,0x00,0x00, 
	0x00,0x00,0x00,0x00, 
	0x00,0x00,0x00,0x00, 
	0x00,0x00,0x00,0x00, 
	0x00,0x00,0x00,0x00, 
	0x00,0x00,0x00,0x00, 
	0x00,0x00,0x00,0x00, 
	0x00,0x00,0x00,0x00, 
	0x00,0x00,0x00,0x00, 
	0x00,0x00,0x00,0x00, 
	0x00,0x00,0x00,0x00, 
	0x00,0x00,0x00,0x00, 
	0x00,0x00,0x00,0x00, 
	0x00,0x00,0x00,0x00, 
	0x00,0x00,0x00,0x00, 
	0x00,0x00,0x00,0x00, 
	0x00,0x00,0x00,0x00, 
	0x00,0x00,0x00,0x00, 
	0x00,0x00,0x00,0x00, 
	0x00,0x00,0x00,0x00, 
	0x00,0x00,0x00,0x00, 
	0x00,0x00,0x00,0x00, 
	0x00,0x00,0x00,0x00, 
	0x00,0x00,0x00,0x00, 
	0x00,0x00,0x00,0x00, 
	0x00,0x00,0x00,0x00, 
	0x00,0x00,0x00,0x00, 
	0x00,0x00,0x00,0x00, 
	0x00,0x00,0x00,0x00, 
	0x00,0x00,0x00,0x00, 
	0x00,0x00,0x00,0x00, 
	0x00,0x00,0x00,0x00, 
	0x00,0x00,0x00,0x00, 
	0x00,0x00,0x00,0x00, 
	0x00,0x00,0x00,0x00, 
	0x00,0x00,0x00,0x00, 
	0x00,0x00,0x00,0x00, 
	0x00,0x00,0x00,0x00, 
	0x00,0x00,0x00,0x00, 
	0x00,0x00,0x00,0x00, 
	0x00,0x00,0x00,0x00, 
	0x00,0x00,0x00,0x00, 
	0x00,0x00,0x00,0x00, 
	0x00,0x00,0x00,0x00, 
	0x00,0x00,0x00,0x00, 
	0x00,0x00,0x00,0x00, 
	0x00,0x00,0x00,0x00, 
	0x00,0x00,0x00,0x00, 
	0x00,0x00,0x00,0x00, 
	0x00,0x00,0x00,0x00, 
	0x00,0x00,0x00,0x00, 
	0x00,0x00,0x00,0x00, 
	0x00,0x00,0x00,0x00, 
	0x00,0x00,0x00,0x00, 
	0x00,0x00,0x00,0x00, 
	0x00,0x00,0x00,0x00, 
	0x00,0x00,0x00,0x00, 
	0x00,0x00,0x00,0x00, 
	0x00,0x00,0x00,0x00, 
	0x00,0x00,0x00,0x00, 
	0x00,0x00,0x00,0x00, 
	0x00,0x00,0x00,0x00, 
	0x00,0x00,0x00,0x00, 
	0x00,0x00,0x00,0x00, 
	0x00,0x00,0x00,0x00, 
	0x00,0x00,0x00,0x00, 
	0x00,0x00,0x00,0x00, 
	0x00,0x00,0x00,0x00, 
	0x00,0x00,0x00,0x00, 
	0x00,0x00,0x00,0x00, 
	0x00,0x00,0x00,0x00, 
	0x00,0x00,0x00,0x00, 
	0x00,0x00,0x00,0x00, 
	0x00,0x00,0x00,0x00, 
	0x00,0x00,0x00,0x00, 
	0x00,0x00,0x00,0x00, 
	0x00,0x00,0x00,0x00, 
	0x00,0x00,0x00,0x00, 
	0x00,0x00,0x00,0x00, 
	0x00,0x00,0x00,0x00, 
	0x00,0x00,0x00,0x00, 
	0x00,0x00,0x00,0x00, 
	0x00,0x00,0x00,0x00, 
	0x00,0x00,0x00,0x00, 
	0x00,0x00,0x00,0x00, 
	0x00,0x00,0x00,0x00, 
	0x00,0x00,0x00,0x00, 
	0x00,0x00,0x00,0x00, 
	0x00,0x00,0x00,0x00, 
	0x00,0x00,0x00,0x00, 
	0x00,0x00,0x00,0x00, 
	0x00,0x00,0x00,0x00, 
	0x00,0x00,0x00,0x00, 
	0x00,0x00,0x00,0x00, 
	0x00,0x00,0x00,0x00, 
	0x00,0x00,0x00,0x00, 
	0x00,0x00,0x00,0x00, 
	0x00,0x00,0x00,0x00, 
	0x00,0x00,0x00,0x00, 
	0x00,0x00,0x00,0x00, 
	0x00,0x00,0x00,0x00, 
	0x00,0x00,0x00,0x00, 
	0x00,0x00,0x00,0x00, 
	0x00,0x00,0x00,0x00, 
	0x00,0x00,0x00,0x00, 
	0x00,0x00,0x00,0x00, 
	0x00,0x00,0x00,0x00, 
	0x00,0x00,0x00,0x00, 
	0x00,0x00,0x00,0x00, 
	0x00,0x00,0x00,0x00, 
	0x00,0x00,0x00,0x00, 
	0x00,0x00,0x00,0x00, 
	0x00,0x00,0x00,0x00, 
	0x00,0x00,0x00,0x00, 
	0x00,0x00,0x00,0x00, 
	0x00,0x00,0x00,0x00, 
	0x00,0x00,0x00,0x00, 
	0x00,0x00,0x00,0x00, 
	0x00,0x00,0x00,0x00, 
	0x00,0x00,0x00,0x00, 
	0x00,0x00,0x00,0x00, 
	0x00,0x00,0x00,0x00, 
	0x00,0x00,0x00,0x00, 
	0x00,0x00,0x00,0x00, 
	0x00,0x00,0x00,0x00, 
	0x00,0x00,0x00,0x00, 
	0x00,0x00,0x00,0x00, 
	0x00,0x00,0x00,0x00, 
	0x00,0x00,0x00,0x00, 
	0x00,0x00,0x00,0x00, 
	0x00,0x00,0x00,0x00, 
	0x00,0x00,0x00,0x00, 
	0x00,0x00,0x00,0x00, 
	0x00,0x00,0x00,0x00, 
	0x00,0x00,0x00,0x00, 
	0x00,0x00,0x00,0x00, 
	0x00,0x00,0x00,0x00, 
	0x00,0x00,0x00,0x00, 
	0x00,0x00,0x00,0x00, 
	0x00,0x00,0x00,0x00, 
	0x00,0x00,0x00,0x00, 
	0x00,0x00,0x00,0x00, 
	0x00,0x00,0x00,0x00, 
	0x00,0x00,0x00,0x00, 
	0x00,0x00,0x00,0x00, 
	0x00,0x00,0x00,0x00, 
	0x00,0x00,0x00,0x00, 
	0x00,0x00,0x00,0x00, 
	0x00,0x00,0x00,0x00, 
	0x00,0x00,0x00,0x00, 
	0x00,0x00,0x00,0x00, 
	0x00,0x00,0x00,0x00, 
	0x00,0x00,0x00,0x00, 
	0x00,0x00,0x00,0x00, 
	0x00,0x00,0x00,0x00, 
	0x00,0x00,0x00,0x00, 
	0x00,0x00,0x00,0x00, 
	0x00,0x00,0x00,0x00, 
	0x00,0x00,0x00,0x00, 
	0x00,0x00,0x00,0x00, 
	0x00,0x00,0x00,0x00, 
	0x00,0x00,0x00,0x00, 
	0x00,0x00,0x00,0x00, 
	0x00,0x00,0x00,0x00, 
	0x00,0x00,0x00,0x00, 
	0x00,0x00,0x00,0x00, 
	0x00,0x00,0x00,0x00, 
	0x00,0x00,0x00,0x00, 
	0x00,0x00,0x00,0x00, 
	0x00,0x00,0x00,0x00, 
	0x00,0x00,0x00,0x00, 
	0x00,0x00,0x00,0x00, 
	0x00,0x00,0x00,0x00, 
	0x00,0x00,0x00,0x00, 
	0x00,0x00,0x00,0x00, 
	0x00,0x00,0x00,0x00, 
	0x00,0x00,0x00,0x00, 
	0x00,0x00,0x00,0x00, 
	0x00,0x00,0x00,0x00, 
	0x00,0x00,0x00,0x00, 
	0x00,0x00,0x00,0x00, 
	0x00,0x00,0x00,0x00, 
	0x00,0x00,0x00,0x00, 
	0x00,0x00,0x00,0x00, 
	0x00,0x00,0x00,0x00, 
	0x00,0x00,0x00,0x00, 
	0x00,0x00,0x00,0x00, 
	0x00,0x00,0x00,0x00, 
	0x00,0x00,0x00,0x00, 
	0x00,0x00,0x00,0x00, 
	0x00,0x00,0x00,0x00, 
	0x00,0x00,0x00,0x00, 
	0x00,0x00,0x00,0x00, 
	0x00,0x00,0x00,0x00, 
	0x00,0x00,0x00,0x00, 
	0x00,0x00,0x00,0x00, 
	0x00,0x00,0x00,0x00, 
	0x00,0x00,0x00,0x00, 
	0x00,0x00,0x00,0x00, 
	0x00,0x00,0x00,0x00, 
	0x00,0x00,0x00,0x00, 
	0x00,0x00,0x00,0x00, 
	0x00,0x00,0x00,0x00, 
	0x00,0x00,0x00,0x00, 
	0x00,0x00,0x00,0x00, 
	0x00,0x00,0x00,0x00, 
	0x00,0x00,0x00,0x00, 
	0x00,0x00,0x00,0x00, 
	0x00,0x00,0x00,0x00, 
	0x00,0x00,0x00,0x00, 
	0x00,0x00,0x00,0x00, 
	0x00,0x00,0x00,0x00, 
	0x00,0x00,0x00,0x00, 
	0x00,0x00,0x00,0x00, 
	0x00,0x00,0x00,0x00, 
	0x00,0x00,0x00,0x00, 
	0x00,0x00,0x00,0x00, 
	0x00,0x00,0x00,0x00, 
	0x00,0x00,0x00,0x00, 
	0x00,0x00,0x00,0x00, 
	0x00,0x00,0x00,0x00, 
	0x00,0x00,0x00,0x00, 
	0x00,0x00,0x00,0x00, 
	0x00,0x00,0x00,0x00, 
	0x00,0x00,0x00,0x00, 
	0x00,0x00,0x00,0x00, 
	0x00,0x00,0x00,0x00, 
	0x00,0x00,0x00,0x00, 
	0x00,0x00,0x00,0x00, 
	0x00,0x00,0x00,0x00, 
	0x00,0x00,0x00,0x00, 
	0x00,0x00,0x00,0x00, 
	0x00,0x00,0x00,0x00, 
	0x00,0x00,0x00,0x00, 
	0x00,0x00,0x00,0x00, 
	0x00,0x00,0x00,0x00, 
	0x00,0x00,0x00,0x00, 
	0x00,0x00,0x00,0x00, 
	0x00,0x00,0x00,0x00, 
	0x00,0x00,0x00,0x00, 
	0x00,0x00,0x00,0x00, 
	0x00,0x00,0x00,0x00, 
	0x00,0x00,0x00,0x00, 
	0x00,0x00,0x00,0x00, 
	0x00,0x00,0x00,0x00, 
	0x00,0x00,0x00,0x00, 
	0x00,0x00,0x00,0x00, 
	0x00,0x00,0x00,0x00, 
	0x00,0x00,0x00,0x00, 
	0x00,0x00,0x00,0x00, 
	0x00,0x00,0x00,0x00, 
	0x00,0x00,0x00,0x00, 
	0x00,0x00,0x00,0x00, 
	0x00,0x00,0x00,0x00, 
	0x00,0x00,0x00,0x00, 
	0x00,0x00,0x00,0x00, 
	0x00,0x00,0x00,0x00, 
	0x00,0x00,0x00,0x00, 
	0x00,0x00,0x00,0x00, 
	0x00,0x00,0x00,0x00, 
	0x00,0x00,0x00,0x00, 
	0x00,0x00,0x00,0x00, 
	0x00,0x00,0x00,0x00, 
	0x00,0x00,0x00,0x00, 
	0x00,0x00,0x00,0x00, 
	0x00,0x00,0x00,0x00, 
	0x00,0x00,0x00,0x00, 
	0x00,0x00,0x00,0x00, 
	0x00,0x00,0x00,0x00, 
	0x00,0x00,0x00,0x00, 
	0x00,0x00,0x00,0x00, 
	0x00,0x00,0x00,0x00, 
	0x00,0x00,0x00,0x00, 
	0x00,0x00,0x00,0x00, 
	0x00,0x00,0x00,0x00, 
	0x00,0x00,0x00,0x00, 
	0x00,0x00,0x00,0x00, 
	0x00,0x00,0x00,0x00, 
	0x00,0x00,0x00,0x00, 
	0x00,0x00,0x00,0x00, 
	0x00,0x00,0x00,0x00, 
	0x00,0x00,0x00,0x00, 
	0x00,0x00,0x00,0x00, 
	0x00,0x00,0x00,0x00, 
	0x00,0x00,0x00,0x00, 
	0x00,0x00,0x00,0x00, 
	0x00,0x00,0x00,0x00, 
	0x00,0x00,0x00,0x00, 
	0x00,0x00,0x00,0x00, 
	0x00,0x00,0x00,0x00, 
	0x00,0x00,0x00,0x00, 
	0x00,0x00,0x00,0x00, 
	0x00,0x00,0x00,0x00, 
	0x00,0x00,0x00,0x00, 
	0x00,0x00,0x00,0x00, 
	0x00,0x00,0x00,0x00, 
	0x00,0x00,0x00,0x00, 
	0x00,0x00,0x00,0x00, 
	0x00,0x00,0x00,0x00, 
	0x00,0x00,0x00,0x00, 
	0x00,0x00,0x00,0x00, 
	0x00,0x00,0x00,0x00, 
	0x00,0x00,0x00,0x00, 
	0x00,0x00,0x00,0x00, 
	0x00,0x00,0x00,0x00, 
	0x00,0x00,0x00,0x00, 
	0x00,0x00,0x00,0x00, 
	0x00,0x00,0x00,0x00, 
	0x00,0x00,0x00,0x00, 
	0x00,0x00,0x00,0x00, 
	0x00,0x00,0x00,0x00, 
	0x00,0x00,0x00,0x00, 
	0x00,0x00,0x00,0x00, 
	0x00,0x00,0x00,0x00, 
	0x00,0x00,0x00,0x00, 
	0x00,0x00,0x00,0x00, 
	0x00,0x00,0x00,0x00, 
	0x00,0x00,0x00,0x00, 
	0x00,0x00,0x00,0x00, 
	0x00,0x00,0x00,0x00, 
	0x00,0x00,0x00,0x00, 
	0x00,0x00,0x00,0x00, 
	0x00,0x00,0x00,0x00, 
	0x00,0x00,0x00,0x00, 
	0x00,0x00,0x00,0x00, 
	0x00,0x00,0x00,0x00, 
	0x00,0x00,0x00,0x00, 
	0x00,0x00,0x00,0x00, 
	0x00,0x00,0x00,0x00, 
	0x00,0x00,0x00,0x00, 
	0x00,0x00,0x00,0x00, 
	0x00,0x00,0x00,0x00, 
	0x00,0x00,0x00,0x00, 
	0x00,0x00,0x00,0x00, 
	0x00,0x00,0x00,0x00, 
	0x00,0x00,0x00,0x00, 
	0x00,0x00,0x00,0x00, 
	0x00,0x00,0x00,0x00, 
	0x00,0x00,0x00,0x00, 
	0x00,0x00,0x00,0x00, 
	0x00,0x00,0x00,0x00, 
	0x00,0x00,0x00,0x00, 
	0x00,0x00,0x00,0x00, 
	0x00,0x00,0x00,0x00, 
	0x00,0x00,0x00,0x00, 
	0x00,0x00,0x00,0x00, 
	0x00,0x00,0x00,0x00, 
	0x00,0x00,0x00,0x00, 
	0x00,0x00,0x00,0x00, 
	0x00,0x00,0x00,0x00, 
	0x00,0x00,0x00,0x00, 
	0x00,0x00,0x00,0x00, 
	0x00,0x00,0x00,0x00, 
	0x00,0x00,0x00,0x00, 
	0x00,0x00,0x00,0x00, 
	0x00,0x00,0x00,0x00, 
	0x00,0x00,0x00,0x00, 
	0x00,0x00,0x00,0x00, 
	0x00,0x00,0x00,0x00, 
	0x00,0x00,0x00,0x00, 
	0x00,0x00,0x00,0x00, 
	0x00,0x00,0x00,0x00, 
	0x00,0x00,0x00,0x00, 
	0x00,0x00,0x00,0x00, 
	0x00,0x00,0x00,0x00, 
	0x00,0x00,0x00,0x00, 
	0x00,0x00,0x00,0x00, 
	0x00,0x00,0x00,0x00, 
	0x00,0x00,0x00,0x00, 
	0x00,0x00,0x00,0x00, 
	0x00,0x00,0x00,0x00, 
	0x00,0x00,0x00,0x00, 
	0x00,0x00,0x00,0x00, 
	0x00,0x00,0x00,0x00, 
	0x00,0x00,0x00,0x00, 
	0x00,0x00,0x00,0x00, 
	0x00,0x00,0x00,0x00, 
	0x00,0x00,0x00,0x00, 
	0x00,0x00,0x00,0x00, 
	0x00,0x00,0x00,0x00, 
	0x00,0x00,0x00,0x00, 
	0x00,0x00,0x00,0x00, 
	0x00,0x00,0x00,0x00, 
	0x00,0x00,0x00,0x00, 
	0x00,0x00,0x00,0x00, 
	0x00,0x00,0x00,0x00, 
	0x00,0x00,0x00,0x00, 
	0x00,0x00,0x00,0x00, 
	0x00,0x00,0x00,0x00, 
	0x00,0x00,0x00,0x00, 
	0x00,0x00,0x00,0x00, 
	0x00,0x00,0x00,0x00, 
	0x00,0x00,0x00,0x00, 
	0x00,0x00,0x00,0x00, 
	0x00,0x00,0x00,0x00, 
	0x00,0x00,0x00,0x00, 
	0x00,0x00,0x00,0x00, 
	0x00,0x00,0x00,0x00, 
	0x00,0x00,0x00,0x00, 
	0x00,0x00,0x00,0x00, 
	0x00,0x00,0x00,0x00, 
	0x00,0x00,0x00,0x00, 
	0x00,0x00,0x00,0x00, 
	0x00,0x00,0x00,0x00, 
	0x00,0x00,0x00,0x00, 
	0x00,0x00,0x00,0x00, 
	0x00,0x00,0x00,0x00, 
	0x00,0x00,0x00,0x00, 
	0x00,0x00,0x00,0x00, 
	0x00,0x00,0x00,0x00, 
	0x00,0x00,0x00,0x00, 
	0x00,0x00,0x00,0x00, 
	0x00,0x00,0x00,0x00, 
	0x00,0x00,0x00,0x00, 
	0x00,0x00,0x00,0x00, 
	0x00,0x00,0x00,0x00, 
	0x00,0x00,0x00,0x00, 
	0x00,0x00,0x00,0x00, 
	0x00,0x00,0x00,0x00, 
	0x00,0x00,0x00,0x00, 
	0x00,0x00,0x00,0x00, 
	0x00,0x00,0x00,0x00, 
	0x00,0x00,0x00,0x00, 
	0x00,0x00,0x00,0x00, 
	0x00,0x00,0x00,0x00, 
	0x00,0x00,0x00,0x00, 
	0x00,0x00,0x00,0x00, 
	0x00,0x00,0x00,0x00, 
	0x00,0x00,0x00,0x00, 
	0x00,0x00,0x00,0x00, 
	0x00,0x00,0x00,0x00, 
	0x00,0x00,0x00,0x00, 
	0x00,0x00,0x00,0x00, 
	0x00,0x00,0x00,0x00, 
	0x00,0x00,0x00,0x00, 
	0x00,0x00,0x00,0x00, 
	0x00,0x00,0x00,0x00, 
	0x00,0x00,0x00,0x00, 
	0x00,0x00,0x00,0x00, 
	0x00,0x00,0x00,0x00, 
	0x00,0x00,0x00,0x00, 
	0x00,0x00,0x00,0x00, 
	0x00,0x00,0x00,0x00, 
	0x00,0x00,0x00,0x00, 
	0x00,0x00,0x00,0x00, 
	0x00,0x00,0x00,0x00, 
	0x00,0x00,0x00,0x00, 
	0x00,0x00,0x00,0x00, 
	0x00,0x00,0x00,0x00, 
	0x00,0x00,0x00,0x00, 
	0x00,0x00,0x00,0x00, 
	0x00,0x00,0x00,0x00, 
	0x00,0x00,0x00,0x00, 
	0x00,0x00,0x00,0x00, 
	0x00,0x00,0x00,0x00, 
	0x00,0x00,0x00,0x00, 
	0x00,0x00,0x00,0x00, 
	0x00,0x00,0x00,0x00, 
	0x00,0x00,0x00,0x00, 
	0x00,0x00,0x00,0x00, 
	0x00,0x00,0x00,0x00, 
	0x00,0x00,0x00,0x00, 
	0x00,0x00,0x00,0x00, 
	0x00,0x00,0x00,0x00, 
	0x00,0x00,0x00,0x00, 
	0x00,0x00,0x00,0x00, 
	0x00,0x00,0x00,0x00, 
	0x00,0x00,0x00,0x00, 
	0x00,0x00,0x00,0x00, 
	0x00,0x00,0x00,0x00, 
	0x00,0x00,0x00,0x00, 
	0x00,0x00,0x00,0x00, 
	0x00,0x00,0x00,0x00, 
	0x00,0x00,0x00,0x00, 
	0x00,0x00,0x00,0x00, 
	0x00,0x00,0x00,0x00, 
	0x00,0x00,0x00,0x00, 
	0x00,0x00,0x00,0x00, 
	0x00,0x00,0x00,0x00, 
	0x00,0x00,0x00,0x00, 
	0x00,0x00,0x00,0x00, 
	0x00,0x00,0x00,0x00, 
	0x00,0x00,0x00,0x00, 
	0x00,0x00,0x00,0x00, 
	0x00,0x00,0x00,0x00, 
	0x00,0x00,0x00,0x00, 
	0x00,0x00,0x00,0x00, 
	0x00,0x00,0x00,0x00, 
	0x00,0x00,0x00,0x00, 
	0x00,0x00,0x00,0x00, 
	0x00,0x00,0x00,0x00, 
	0x00,0x00,0x00,0x00, 
	0x00,0x00,0x00,0x00, 
	0x00,0x00,0x00,0x00, 
	0x00,0x00,0x00,0x00, 
	0x00,0x00,0x00,0x00, 
	0x00,0x00,0x00,0x00, 
	0x00,0x00,0x00,0x00, 
	0x00,0x00,0x00,0x00, 
	0x00,0x00,0x00,0x00, 
	0x00,0x00,0x00,0x00, 
	0x00,0x00,0x00,0x00, 
	0x00,0x00,0x00,0x00, 
	0x00,0x00,0x00,0x00, 
	0x00,0x00,0x00,0x00, 
	0x00,0x00,0x00,0x00, 
	0x00,0x00,0x00,0x00, 
	0x00,0x00,0x00,0x00, 
	0x00,0x00,0x00,0x00, 
	0x00,0x00,0x00,0x00, 
	0x00,0x00,0x00,0x00, 
	0x00,0x00,0x00,0x00, 
	0x00,0x00,0x00,0x00, 
	0x00,0x00,0x00,0x00, 
	0x00,0x00,0x00,0x00, 
	0x00,0x00,0x00,0x00, 
	0x00,0x00,0x00,0x00, 
	0x00,0x00,0x00,0x00, 
	0x00,0x00,0x00,0x00, 
	0x00,0x00,0x00,0x00, 
	0x00,0x00,0x00,0x00, 
	0x00,0x00,0x00,0x00, 
	0x00,0x00,0x00,0x00, 
	0x00,0x00,0x00,0x00, 
	0x00,0x00,0x00,0x00, 
	0x00,0x00,0x00,0x00, 
	0x00,0x00,0x00,0x00, 
	0x00,0x00,0x00,0x00, 
	0x00,0x00,0x00,0x00, 
	0x00,0x00,0x00,0x00, 
	0x00,0x00,0x00,0x00, 
	0x00,0x00,0x00,0x00, 
	0x00,0x00,0x00,0x00, 
	0x00,0x00,0x00,0x00, 
	0x00,0x00,0x00,0x00, 
	0x00,0x00,0x00,0x00, 
	0x00,0x00,0x00,0x00, 
	0x00,0x00,0x00,0x00, 
	0x00,0x00,0x00,0x00, 
	0x00,0x00,0x00,0x00, 
	0x00,0x00,0x00,0x00, 
	0x00,0x00,0x00,0x00, 
	0x00,0x00,0x00,0x00, 
	0x00,0x00,0x00,0x00, 
	0x00,0x00,0x00,0x00, 
	0x00,0x00,0x00,0x00, 
	0x00,0x00,0x00,0x00, 
	0x00,0x00,0x00,0x00, 
	0x00,0x00,0x00,0x00, 
	0x00,0x00,0x00,0x00, 
	0x00,0x00,0x00,0x00, 
	0x00,0x00,0x00,0x00, 
	0x00,0x00,0x00,0x00, 
	0x00,0x00,0x00,0x00, 
	0x00,0x00,0x00,0x00, 
	0x00,0x00,0x00,0x00, 
	0x00,0x00,0x00,0x00, 
	0x00,0x00,0x00,0x00, 
	0x00,0x00,0x00,0x00, 
	0x00,0x00,0x00,0x00, 
	0x00,0x00,0x00,0x00, 
	0x00,0x00,0x00,0x00, 
	0x00,0x00,0x00,0x00, 
	0x00,0x00,0x00,0x00, 
	0x00,0x00,0x00,0x00, 
	0x00,0x00,0x00,0x00, 
	0x00,0x00,0x00,0x00, 
	0x00,0x00,0x00,0x00, 
	0x00,0x00,0x00,0x00, 
	0x00,0x00,0x00,0x00, 
	0x00,0x00,0x00,0x00, 
	0x00,0x00,0x00,0x00, 
	0x00,0x00,0x00,0x00, 
	0x00,0x00,0x00,0x00, 
	0x00,0x00,0x00,0x00, 
	0x00,0x00,0x00,0x00, 
	0x00,0x00,0x00,0x00, 
	0x00,0x00,0x00,0x00, 
	0x00,0x00,0x00,0x00, 
	0x00,0x00,0x00,0x00, 
	0x00,0x00,0x00,0x00, 
	0x00,0x00,0x00,0x00, 
	0x00,0x00,0x00,0x00, 
	0x00,0x00,0x00,0x00, 
	0x00,0x00,0x00,0x00, 
	0x00,0x00,0x00,0x00, 
	0x00,0x00,0x00,0x00, 
	0x00,0x00,0x00,0x00, 
	0x00,0x00,0x00,0x00, 
	0x00,0x00,0x00,0x00, 
	0x00,0x00,0x00,0x00, 
	0x00,0x00,0x00,0x00, 
	0x00,0x00,0x00,0x00, 
	0x00,0x00,0x00,0x00, 
	0x00,0x00,0x00,0x00, 
	0x00,0x00,0x00,0x00, 
	0x00,0x00,0x00,0x00, 
	0x00,0x00,0x00,0x00, 
	0x00,0x00,0x00,0x00, 
	0x00,0x00,0x00,0x00, 
	0x00,0x00,0x00,0x00, 
	0x00,0x00,0x00,0x00, 
	0x00,0x00,0x00,0x00, 
	0x00,0x00,0x00,0x00, 
	0x00,0x00,0x00,0x00, 
	0x00,0x00,0x00,0x00, 
	0x00,0x00,0x00,0x00, 
	0x00,0x00,0x00,0x00, 
	0x00,0x00,0x00,0x00, 
	0x00,0x00,0x00,0x00, 
	0x00,0x00,0x00,0x00, 
	0x00,0x00,0x00,0x00, 
	0x00,0x00,0x00,0x00, 
	0x00,0x00,0x00,0x00, 
	0x00,0x00,0x00,0x00, 
	0x00,0x00,0x00,0x00, 
	0x00,0x00,0x00,0x00, 
	0x00,0x00,0x00,0x00, 
	0x00,0x00,0x00,0x00, 
	0x00,0x00,0x00,0x00, 
	0x00,0x00,0x00,0x00, 
	0x00,0x00,0x00,0x00, 
	0x00,0x00,0x00,0x00, 
	0x00,0x00,0x00,0x00, 
	0x00,0x00,0x00,0x00, 
	0x00,0x00,0x00,0x00, 
	0x00,0x00,0x00,0x00, 
	0x00,0x00,0x00,0x00, 
	0x00,0x00,0x00,0x00, 
	0x00,0x00,0x00,0x00, 
	0x00,0x00,0x00,0x00, 
	0x00,0x00,0x00,0x00, 
	0x00,0x00,0x00,0x00, 
	0x00,0x00,0x00,0x00, 
	0x00,0x00,0x00,0x00, 
	0x00,0x00,0x00,0x00, 
	0x00,0x00,0x00,0x00, 
	0x00,0x00,0x00,0x00, 
	0x00,0x00,0x00,0x00, 
	0x00,0x00,0x00,0x00, 
	0x00,0x00,0x00,0x00, 
	0x00,0x00,0x00,0x00, 
	0x00,0x00,0x00,0x00, 
	0x00,0x00,0x00,0x00, 
	0x00,0x00,0x00,0x00, 
	0x00,0x00,0x00,0x00, 
	0x00,0x00,0x00,0x00, 
	0x00,0x00,0x00,0x00, 
	0x00,0x00,0x00,0x00, 
	0x00,0x00,0x00,0x00, 
	0x00,0x00,0x00,0x00, 
	0x00,0x00,0x00,0x00, 
	0x00,0x00,0x00,0x00, 
	0x00,0x00,0x00,0x00, 
	0x00,0x00,0x00,0x00, 
	0x00,0x00,0x00,0x00, 
	0x00,0x00,0x00,0x00, 
	0x00,0x00,0x00,0x00, 
	0x00,0x00,0x00,0x00, 
	0x00,0x00,0x00,0x00, 
	0x00,0x00,0x00,0x00, 
	0x00,0x00,0x00,0x00, 
	0x00,0x00,0x00,0x00, 
	0x00,0x00,0x00,0x00, 
	0x00,0x00,0x00,0x00, 
	0x00,0x00,0x00,0x00, 
	0x00,0x00,0x00,0x00, 
	0x00,0x00,0x00,0x00, 
	0x00,0x00,0x00,0x00, 
	0x00,0x00,0x00,0x00, 
	0x00,0x00,0x00,0x00, 
	0x00,0x00,0x00,0x00, 
	0x00,0x00,0x00,0x00, 
	0x00,0x00,0x00,0x00, 
	0x00,0x00,0x00,0x00, 
	0x00,0x00,0x00,0x00, 
	0x00,0x00,0x00,0x00, 
	0x00,0x00,0x00,0x00, 
	0x00,0x00,0x00,0x00, 
	0x00,0x00,0x00,0x00, 
	0x00,0x00,0x00,0x00, 
	0x00,0x00,0x00,0x00, 
	0x00,0x00,0x00,0x00, 
	0x00,0x00,0x00,0x00, 
	0x00,0x00,0x00,0x00, 
	0x00,0x00,0x00,0x00, 
	0x00,0x00,0x00,0x00, 
	0x00,0x00,0x00,0x00, 
	0x00,0x00,0x00,0x00, 
	0x00,0x00,0x00,0x00, 
	0x00,0x00,0x00,0x00, 
	0x00,0x00,0x00,0x00, 
	0x00,0x00,0x00,0x00, 
	0x00,0x00,0x00,0x00, 
	0x00,0x00,0x00,0x00, 
	0x00,0x00,0x00,0x00, 
	0x00,0x00,0x00,0x00, 
	0x00,0x00,0x00,0x00, 
	0x00,0x00,0x00,0x00, 
	0x00,0x00,0x00,0x00, 
	0x00,0x00,0x00,0x00, 
	0x00,0x00,0x00,0x00, 
	0x00,0x00,0x00,0x00, 
	0x00,0x00,0x00,0x00, 
	0x00,0x00,0x00,0x00, 
	0x00,0x00,0x00,0x00, 
	0x00,0x00,0x00,0x00, 
	0x00,0x00,0x00,0x00, 
	0x00,0x00,0x00,0x00, 
	0x00,0x00,0x00,0x00, 
	0x00,0x00,0x00,0x00, 
	0x00,0x00,0x00,0x00, 
	0x00,0x00,0x00,0x00, 
	0x00,0x00,0x00,0x00, 
	0x00,0x00,0x00,0x00, 
	0x00,0x00,0x00,0x00, 
	0x00,0x00,0x00,0x00, 
	0x00,0x00,0x00,0x00, 
	0x00,0x00,0x00,0x00, 
	0x00,0x00,0x00,0x00, 
	0x00,0x00,0x00,0x00, 
	0x00,0x00,0x00,0x00, 
	0x00,0x00,0x00,0x00, 
	0x00,0x00,0x00,0x00, 
	0x00,0x00,0x00,0x00, 
	0x00,0x00,0x00,0x00, 
	0x00,0x00,0x00,0x00, 
	0x00,0x00,0x00,0x00, 
	0x00,0x00,0x00,0x00, 
	0x00,0x00,0x00,0x00, 
	0x00,0x00,0x00,0x00, 
	0x00,0x00,0x00,0x00, 
	0x00,0x00,0x00,0x00, 
	0x00,0x00,0x00,0x00, 
	0x00,0x00,0x00,0x00, 
	0x00,0x00,0x00,0x00, 
	0x00,0x00,0x00,0x00, 
	0x00,0x00,0x00,0x00, 
	0x00,0x00,0x00,0x00, 
	0x00,0x00,0x00,0x00, 
	0x00,0x00,0x00,0x00, 
	0x00,0x00,0x00,0x00, 
	0x00,0x00,0x00,0x00, 
	0x00,0x00,0x00,0x00, 
	0x00,0x00,0x00,0x00, 
	0x00,0x00,0x00,0x00, 
	0x00,0x00,0x00,0x00, 
	0x00,0x00,0x00,0x00, 
	0x00,0x00,0x00,0x00, 
	0x00,0x00,0x00,0x00, 
	0x00,0x00,0x00,0x00, 
	0x00,0x00,0x00,0x00, 
	0x00,0x00,0x00,0x00, 
	0x00,0x00,0x00,0x00, 
	0x00,0x00,0x00,0x00, 
	0x00,0x00,0x00,0x00, 
	0x00,0x00,0x00,0x00, 
	0x00,0x00,0x00,0x00, 
	0x00,0x00,0x00,0x00, 
	0x00,0x00,0x00,0x00, 
	0x00,0x00,0x00,0x00, 
	0x00,0x00,0x00,0x00, 
	0x00,0x00,0x00,0x00, 
	0x00,0x00,0x00,0x00, 
	0x00,0x00,0x00,0x00, 
	0x00,0x00,0x00,0x00, 
	0x00,0x00,0x00,0x00, 
	0x00,0x00,0x00,0x00, 
	0x00,0x00,0x00,0x00, 
	0x00,0x00,0x00,0x00, 
	0x00,0x00,0x00,0x00, 
	0x00,0x00,0x00,0x00, 
	0x00,0x00,0x00,0x00, 
	0x00,0x00,0x00,0x00, 
	0x00,0x00,0x00,0x00, 
	0x00,0x00,0x00,0x00, 
	0x00,0x00,0x00,0x00, 
	0x00,0x00,0x00,0x00, 
	0x00,0x00,0x00,0x00, 
	0x00,0x00,0x00,0x00, 
	0x00,0x00,0x00,0x00, 
	0x00,0x00,0x00,0x00, 
	0x00,0x00,0x00,0x00, 
	0x00,0x00,0x00,0x00, 
	0x00,0x00,0x00,0x00, 
	0x00,0x00,0x00,0x00, 
	0x00,0x00,0x00,0x00, 
	0x00,0x00,0x00,0x00, 
	0x00,0x00,0x00,0x00, 
	0x00,0x00,0x00,0x00, 
	0x00,0x00,0x00,0x00, 
	0x00,0x00,0x00,0x00, 
	0x00,0x00,0x00,0x00, 
	0x00,0x00,0x00,0x00, 
	0x00,0x00,0x00,0x00, 
	0x00,0x00,0x00,0x00, 
	0x00,0x00,0x00,0x00, 
	0x00,0x00,0x00,0x00, 
	0x00,0x00,0x00,0x00, 
	0x00,0x00,0x00,0x00, 
	0x00,0x00,0x00,0x00, 
	0x00,0x00,0x00,0x00, 
	0x00,0x00,0x00,0x00, 
	0x00,0x00,0x00,0x00, 
	0x00,0x00,0x00,0x00, 
	0x00,0x00,0x00,0x00, 
	0x00,0x00,0x00,0x00, 
	0x00,0x00,0x00,0x00, 
	0x00,0x00,0x00,0x00, 
	0x00,0x00,0x00,0x00, 
	0x00,0x00,0x00,0x00, 
	0x00,0x00,0x00,0x00, 
	0x00,0x00,0x00,0x00, 
	0x00,0x00,0x00,0x00, 
	0x00,0x00,0x00,0x00, 
	0x00,0x00,0x00,0x00, 
	0x00,0x00,0x00,0x00, 
	0x00,0x00,0x00,0x00, 
	0x00,0x00,0x00,0x00, 
	0x00,0x00,0x00,0x00, 
	0x00,0x00,0x00,0x00, 
	0x00,0x00,0x00,0x00, 
	0x00,0x00,0x00,0x00, 
	0x00,0x00,0x00,0x00, 
	0x00,0x00,0x00,0x00, 
	0x00,0x00,0x00,0x00, 
	0x00,0x00,0x00,0x00, 
	0x00,0x00,0x00,0x00, 
	0x00,0x00,0x00,0x00, 
	0x00,0x00,0x00,0x00, 
	0x00,0x00,0x00,0x00, 
	0x00,0x00,0x00,0x00, 
	0x00,0x00,0x00,0x00, 
	0x00,0x00,0x00,0x00, 
	0x00,0x00,0x00,0x00, 
	0x00,0x00,0x00,0x00, 
	0x00,0x00,0x00,0x00, 
	0x00,0x00,0x00,0x00, 
	0x00,0x00,0x00,0x00, 
	0x00,0x00,0x00,0x00, 
	0x00,0x00,0x00,0x00, 
	0x00,0x00,0x00,0x00, 
	0x00,0x00,0x00,0x00, 
	0x00,0x00,0x00,0x00, 
	0x00,0x00,0x00,0x00, 
	0x00,0x00,0x00,0x00, 
	0x00,0x00,0x00,0x00, 
	0x00,0x00,0x00,0x00, 
	0x00,0x00,0x00,0x00, 
	0x00,0x00,0x00,0x00, 
	0x00,0x00,0x00,0x00, 
	0x00,0x00,0x00,0x00, 
	0x00,0x00,0x00,0x00, 
	0x00,0x00,0x00,0x00, 
	0x00,0x00,0x00,0x00, 
	0x00,0x00,0x00,0x00, 
	0x00,0x00,0x00,0x00, 
	0x00,0x00,0x00,0x00, 
	0x00,0x00,0x00,0x00, 
	0x00,0x00,0x00,0x00, 
	0x00,0x00,0x00,0x00, 
	0x00,0x00,0x00,0x00, 
	0x00,0x00,0x00,0x00, 
	0x00,0x00,0x00,0x00, 
	0x00,0x00,0x00,0x00, 
	0x00,0x00,0x00,0x00, 
	0x00,0x00,0x00,0x00, 
	0x00,0x00,0x00,0x00, 
	0x00,0x00,0x00,0x00, 
	0x00,0x00,0x00,0x00, 
	0x00,0x00,0x00,0x00, 
	0x00,0x00,0x00,0x00, 
	0x00,0x00,0x00,0x00, 
	0x00,0x00,0x00,0x00, 
	0x00,0x00,0x00,0x00, 
	0x00,0x00,0x00,0x00, 
	0x00,0x00,0x00,0x00, 
	0x00,0x00,0x00,0x00, 
	0x00,0x00,0x00,0x00, 
	0x00,0x00,0x00,0x00, 
	0x00,0x00,0x00,0x00, 
	0x00,0x00,0x00,0x00, 
	0x00,0x00,0x00,0x00, 
	0x00,0x00,0x00,0x00, 
	0x00,0x00,0x00,0x00, 
	0x00,0x00,0x00,0x00, 
	0x00,0x00,0x00,0x00, 
	0x00,0x00,0x00,0x00, 
	0x00,0x00,0x00,0x00, 
	0x00,0x00,0x00,0x00, 
	0x00,0x00,0x00,0x00, 
	0x00,0x00,0x00,0x00, 
	0x00,0x00,0x00,0x00, 
	0x00,0x00,0x00,0x00, 
	0x00,0x00,0x00,0x00, 
	0x00,0x00,0x00,0x00, 
	0x00,0x00,0x00,0x00, 
	0x00,0x00,0x00,0x00, 
	0x00,0x00,0x00,0x00, 
	0x00,0x00,0x00,0x00, 
	0x00,0x00,0x00,0x00, 
	0x00,0x00,0x00,0x00, 
	0x00,0x00,0x00,0x00, 
	0x00,0x00,0x00,0x00, 
	0x00,0x00,0x00,0x00, 
	0x00,0x00,0x00,0x00, 
	0x00,0x00,0x00,0x00, 
	0x00,0x00,0x00,0x00, 
	0x00,0x00,0x00,0x00, 
	0x00,0x00,0x00,0x00, 
	0x00,0x00,0x00,0x00, 
	0x00,0x00,0x00,0x00, 
	0x00,0x00,0x00,0x00, 
	0x00,0x00,0x00,0x00, 
	0x00,0x00,0x00,0x00, 
	0x00,0x00,0x00,0x00, 
	0x00,0x00,0x00,0x00, 
	0x00,0x00,0x00,0x00, 
	0x00,0x00,0x00,0x00, 
	0x00,0x00,0x00,0x00, 
	0x00,0x00,0x00,0x00, 
	0x00,0x00,0x00,0x00, 
	0x00,0x00,0x00,0x00, 
	0x00,0x00,0x00,0x00, 
	0x00,0x00,0x00,0x00, 
	0x00,0x00,0x00,0x00, 
	0x00,0x00,0x00,0x00, 
	0x00,0x00,0x00,0x00, 
	0x00,0x00,0x00,0x00, 
	0x00,0x00,0x00,0x00, 
	0x00,0x00,0x00,0x00, 
	0x00,0x00,0x00,0x00, 
	0x00,0x00,0x00,0x00, 
	0x00,0x00,0x00,0x00, 
	0x00,0x00,0x00,0x00, 
	0x00,0x00,0x00,0x00, 
	0x00,0x00,0x00,0x00, 
	0x00,0x00,0x00,0x00, 
	0x00,0x00,0x00,0x00, 
	0x00,0x00,0x00,0x00, 
	0x00,0x00,0x00,0x00, 
	0x00,0x00,0x00,0x00, 
	0x00,0x00,0x00,0x00, 
	0x00,0x00,0x00,0x00, 
	0x00,0x00,0x00,0x00, 
	0x00,0x00,0x00,0x00, 
	0x00,0x00,0x00,0x00, 
	0x00,0x00,0x00,0x00, 
	0x00,0x00,0x00,0x00, 
	0x00,0x00,0x00,0x00, 
	0x00,0x00,0x00,0x00, 
	0x00,0x00,0x00,0x00, 
	0x00,0x00,0x00,0x00, 
	0x00,0x00,0x00,0x00, 
	0x00,0x00,0x00,0x00, 
	0x00,0x00,0x00,0x00, 
	0x00,0x00,0x00,0x00, 
	0x00,0x00,0x00,0x00, 
	0x00,0x00,0x00,0x00, 
	0x00,0x00,0x00,0x00, 
	0x00,0x00,0x00,0x00, 
	0x00,0x00,0x00,0x00, 
	0x00,0x00,0x00,0x00, 
	0x00,0x00,0x00,0x00, 
	0x00,0x00,0x00,0x00, 
	0x00,0x00,0x00,0x00, 
	0x00,0x00,0x00,0x00, 
	0x00,0x00,0x00,0x00, 
	0x00,0x00,0x00,0x00, 
	0x00,0x00,0x00,0x00, 
	0x00,0x00,0x00,0x00, 
	0x00,0x00,0x00,0x00, 
	0x00,0x00,0x00,0x00, 
	0x00,0x00,0x00,0x00, 
	0x00,0x00,0x00,0x00, 
	0x00,0x00,0x00,0x00, 
	0x00,0x00,0x00,0x00, 
	0x00,0x00,0x00,0x00, 
	0x00,0x00,0x00,0x00, 
	0x00,0x00,0x00,0x00, 
	0x00,0x00,0x00,0x00, 
	0x00,0x00,0x00,0x00, 
	0x00,0x00,0x00,0x00, 
	0x00,0x00,0x00,0x00, 
	0x00,0x00,0x00,0x00, 
	0x00,0x00,0x00,0x00, 
	0x00,0x00,0x00,0x00, 
	0x00,0x00,0x00,0x00, 
	0x00,0x00,0x00,0x00, 
	0x00,0x00,0x00,0x00, 
	0x00,0x00,0x00,0x00, 
	0x00,0x00,0x00,0x00, 
	0x00,0x00,0x00,0x00, 
	0x00,0x00,0x00,0x00, 
	0x00,0x00,0x00,0x00, 
	0x00,0x00,0x00,0x00, 
	0x00,0x00,0x00,0x00, 
	0x00,0x00,0x00,0x00, 
	0x00,0x00,0x00,0x00, 
	0x00,0x00,0x00,0x00, 
	0x00,0x00,0x00,0x00, 
	0x00,0x00,0x00,0x00, 
	0x00,0x00,0x00,0x00, 
	0x00,0x00,0x00,0x00, 
	0x00,0x00,0x00,0x00, 
	0x00,0x00,0x00,0x00, 
	0x00,0x00,0x00,0x00, 
	0x00,0x00,0x00,0x00, 
	0x00,0x00,0x00,0x00, 
	0x00,0x00,0x00,0x00, 
	0x00,0x00,0x00,0x00, 
	0x00,0x00,0x00,0x00, 
	0x00,0x00,0x00,0x00, 
	0x00,0x00,0x00,0x00, 
	0x00,0x00,0x00,0x00, 
	0x00,0x00,0x00,0x00, 
	0x00,0x00,0x00,0x00, 
	0x00,0x00,0x00,0x00, 
	0x00,0x00,0x00,0x00, 
	0x00,0x00,0x00,0x00, 
	0x00,0x00,0x00,0x00, 
	0x00,0x00,0x00,0x00, 
	0x00,0x00,0x00,0x00, 
	0x00,0x00,0x00,0x00, 
	0x00,0x00,0x00,0x00, 
	0x00,0x00,0x00,0x00, 
	0x00,0x00,0x00,0x00, 
	0x00,0x00,0x00,0x00, 
	0x00,0x00,0x00,0x00, 
	0x00,0x00,0x00,0x00, 
	0x00,0x00,0x00,0x00, 
	0x00,0x00,0x00,0x00, 
	0x00,0x00,0x00,0x00, 
	0x00,0x00,0x00,0x00, 
	0x00,0x00,0x00,0x00, 
	0x00,0x00,0x00,0x00, 
	0x00,0x00,0x00,0x00, 
	0x00,0x00,0x00,0x00, 
	0x00,0x00,0x00,0x00, 
	0x00,0x00,0x00,0x00, 
	0x00,0x00,0x00,0x00, 
	0x00,0x00,0x00,0x00, 
	0x00,0x00,0x00,0x00, 
	0x00,0x00,0x00,0x00, 
	0x00,0x00,0x00,0x00, 
	0x00,0x00,0x00,0x00, 
	0x00,0x00,0x00,0x00, 
	0x00,0x00,0x00,0x00, 
	0x00,0x00,0x00,0x00, 
	0x00,0x00,0x00,0x00, 
	0x00,0x00,0x00,0x00, 
	0x00,0x00,0x00,0x00, 
	0x00,0x00,0x00,0x00, 
	0x00,0x00,0x00,0x00, 
	0x00,0x00,0x00,0x00, 
	0x00,0x00,0x00,0x00, 
	0x00,0x00,0x00,0x00, 
	0x00,0x00,0x00,0x00, 
	0x00,0x00,0x00,0x00, 
	0x00,0x00,0x00,0x00, 
	0x00,0x00,0x00,0x00, 
	0x00,0x00,0x00,0x00, 
	0x00,0x00,0x00,0x00, 
	0x00,0x00,0x00,0x00, 
	0x00,0x00,0x00,0x00, 
	0x00,0x00,0x00,0x00, 
	0x00,0x00,0x00,0x00, 
	0x00,0x00,0x00,0x00, 
	0x00,0x00,0x00,0x00, 
	0x00,0x00,0x00,0x00, 
	0x00,0x00,0x00,0x00, 
	0x00,0x00,0x00,0x00, 
	0x00,0x00,0x00,0x00, 
	0x00,0x00,0x00,0x00, 
	0x00,0x00,0x00,0x00, 
	0x00,0x00,0x00,0x00, 
	0x00,0x00,0x00,0x00, 
	0x00,0x00,0x00,0x00, 
	0x00,0x00,0x00,0x00, 
	0x00,0x00,0x00,0x00, 
	0x00,0x00,0x00,0x00, 
	0x00,0x00,0x00,0x00, 
	0x00,0x00,0x00,0x00, 
	0x00,0x00,0x00,0x00, 
	0x00,0x00,0x00,0x00, 
	0x00,0x00,0x00,0x00, 
	0x00,0x00,0x00,0x00, 
	0x00,0x00,0x00,0x00, 
	0x00,0x00,0x00,0x00, 
	0x00,0x00,0x00,0x00, 
	0x00,0x00,0x00,0x00, 
	0x00,0x00,0x00,0x00, 
	0x00,0x00,0x00,0x00, 
	0x00,0x00,0x00,0x00, 
	0x00,0x00,0x00,0x00, 
	0x00,0x00,0x00,0x00, 
	0x00,0x00,0x00,0x00, 
	0x00,0x00,0x00,0x00, 
	0x00,0x00,0x00,0x00, 
	0x00,0x00,0x00,0x00, 
	0x00,0x00,0x00,0x00, 
	0x00,0x00,0x00,0x00, 
	0x00,0x00,0x00,0x00, 
	0x00,0x00,0x00,0x00, 
	0x00,0x00,0x00,0x00, 
	0x00,0x00,0x00,0x00, 
	0x00,0x00,0x00,0x00, 
	0x00,0x00,0x00,0x00, 
	0x00,0x00,0x00,0x00, 
	0x00,0x00,0x00,0x00, 
	0x00,0x00,0x00,0x00, 
	0x00,0x00,0x00,0x00, 
	0x00,0x00,0x00,0x00, 
	0x00,0x00,0x00,0x00, 
	0x00,0x00,0x00,0x00, 
	0x00,0x00,0x00,0x00, 
	0x00,0x00,0x00,0x00, 
	0x00,0x00,0x00,0x00, 
	0x00,0x00,0x00,0x00, 
	0x00,0x00,0x00,0x00, 
	0x00,0x00,0x00,0x00, 
	0x00,0x00,0x00,0x00, 
	0x00,0x00,0x00,0x00, 
	0x00,0x00,0x00,0x00, 
	0x00,0x00,0x00,0x00, 
	0x00,0x00,0x00,0x00, 
	0x00,0x00,0x00,0x00, 
	0x00,0x00,0x00,0x00, 
	0x00,0x00,0x00,0x00, 
	0x00,0x00,0x00,0x00, 
	0x00,0x00,0x00,0x00, 
	0x00,0x00,0x00,0x00, 
	0x00,0x00,0x00,0x00, 
	0x00,0x00,0x00,0x00, 
	0x00,0x00,0x00,0x00, 
	0x00,0x00,0x00,0x00, 
	0x00,0x00,0x00,0x00, 
	0x00,0x00,0x00,0x00, 
	0x00,0x00,0x00,0x00, 
	0x00,0x00,0x00,0x00, 
	0x00,0x00,0x00,0x00, 
	0x00,0x00,0x00,0x00, 
	0x00,0x00,0x00,0x00, 
	0x00,0x00,0x00,0x00, 
	0x00,0x00,0x00,0x00, 
	0x00,0x00,0x00,0x00, 
	0x00,0x00,0x00,0x00, 
	0x00,0x00,0x00,0x00, 
	0x00,0x00,0x00,0x00, 
	0x00,0x00,0x00,0x00, 
	0x00,0x00,0x00,0x00, 
	0x00,0x00,0x00,0x00, 
	0x00,0x00,0x00,0x00, 
	0x00,0x00,0x00,0x00, 
	0x00,0x00,0x00,0x00, 
	0x00,0x00,0x00,0x00, 
	0x00,0x00,0x00,0x00, 
	0x00,0x00,0x00,0x00, 
	0x00,0x00,0x00,0x00, 
	0x00,0x00,0x00,0x00, 
	0x00,0x00,0x00,0x00, 
	0x00,0x00,0x00,0x00, 
	0x00,0x00,0x00,0x00, 
	0x00,0x00,0x00,0x00, 
	0x00,0x00,0x00,0x00, 
	0x00,0x00,0x00,0x00, 
	0x00,0x00,0x00,0x00, 
	0x00,0x00,0x00,0x00, 
	0x00,0x00,0x00,0x00, 
	0x00,0x00,0x00,0x00, 
	0x00,0x00,0x00,0x00, 
	0x00,0x00,0x00,0x00, 
	0x00,0x00,0x00,0x00, 
	0x00,0x00,0x00,0x00, 
	0x00,0x00,0x00,0x00, 
	0x00,0x00,0x00,0x00, 
	0x00,0x00,0x00,0x00, 
	0x00,0x00,0x00,0x00, 
	0x00,0x00,0x00,0x00, 
	0x00,0x00,0x00,0x00, 
	0x00,0x00,0x00,0x00, 
	0x00,0x00,0x00,0x00, 
	0x00,0x00,0x00,0x00, 
	0x00,0x00,0x00,0x00, 
	0x00,0x00,0x00,0x00, 
	0x00,0x00,0x00,0x00, 
	0x00,0x00,0x00,0x00, 
	0x00,0x00,0x00,0x00, 
	0x00,0x00,0x00,0x00, 
	0x00,0x00,0x00,0x00, 
	0x00,0x00,0x00,0x00, 
	0x00,0x00,0x00,0x00, 
	0x00,0x00,0x00,0x00, 
	0x00,0x00,0x00,0x00, 
	0x00,0x00,0x00,0x00, 
	0x00,0x00,0x00,0x00, 
	0x00,0x00,0x00,0x00, 
	0x00,0x00,0x00,0x00, 
	0x00,0x00,0x00,0x00, 
	0x00,0x00,0x00,0x00, 
	0x00,0x00,0x00,0x00, 
	0x00,0x00,0x00,0x00, 
	0x00,0x00,0x00,0x00, 
	0x00,0x00,0x00,0x00, 
	0x00,0x00,0x00,0x00, 
	0x00,0x00,0x00,0x00, 
	0x00,0x00,0x00,0x00, 
	0x00,0x00,0x00,0x00, 
	0x00,0x00,0x00,0x00, 
	0x00,0x00,0x00,0x00, 
	0x00,0x00,0x00,0x00, 
	0x00,0x00,0x00,0x00, 
	0x00,0x00,0x00,0x00, 
	0x00,0x00,0x00,0x00, 
	0x00,0x00,0x00,0x00, 
	0x00,0x00,0x00,0x00, 
	0x00,0x00,0x00,0x00, 
	0x00,0x00,0x00,0x00, 
	0x00,0x00,0x00,0x00, 
	0x00,0x00,0x00,0x00, 
	0x00,0x00,0x00,0x00, 
	0x00,0x00,0x00,0x00, 
	0x00,0x00,0x00,0x00, 
	0x00,0x00,0x00,0x00, 
	0x00,0x00,0x00,0x00, 
	0x00,0x00,0x00,0x00, 
	0x00,0x00,0x00,0x00, 
	0x00,0x00,0x00,0x00, 
	0x00,0x00,0x00,0x00, 
	0x00,0x00,0x00,0x00, 
	0x00,0x00,0x00,0x00, 
	0x00,0x00,0x00,0x00, 
	0x00,0x00,0x00,0x00, 
	0x00,0x00,0x00,0x00, 
	0x00,0x00,0x00,0x00, 
	0x00,0x00,0x00,0x00, 
	0x00,0x00,0x00,0x00, 
	0x00,0x00,0x00,0x00, 
	0x00,0x00,0x00,0x00, 
	0x00,0x00,0x00,0x00, 
	0x00,0x00,0x00,0x00, 
	0x00,0x00,0x00,0x00, 
	0x00,0x00,0x00,0x00, 
	0x00,0x00,0x00,0x00, 
	0x00,0x00,0x00,0x00, 
	0x00,0x00,0x00,0x00, 
	0x00,0x00,0x00,0x00, 
	0x00,0x00,0x00,0x00, 
	0x00,0x00,0x00,0x00, 
	0x00,0x00,0x00,0x00, 
	0x00,0x00,0x00,0x00, 
	0x00,0x00,0x00,0x00, 
	0x00,0x00,0x00,0x00, 
	0x00,0x00,0x00,0x00, 
	0x00,0x00,0x00,0x00, 
	0x00,0x00,0x00,0x00, 
	0x00,0x00,0x00,0x00, 
	0x00,0x00,0x00,0x00, 
	0x00,0x00,0x00,0x00, 
	0x00,0x00,0x00,0x00, 
	0x00,0x00,0x00,0x00, 
	0x00,0x00,0x00,0x00, 
	0x00,0x00,0x00,0x00, 
	0x00,0x00,0x00,0x00, 
	0x00,0x00,0x00,0x00, 
	0x00,0x00,0x00,0x00, 
	0x00,0x00,0x00,0x00, 
	0x00,0x00,0x00,0x00, 
	0x00,0x00,0x00,0x00, 
	0x00,0x00,0x00,0x00, 
	0x00,0x00,0x00,0x00, 
	0x00,0x00,0x00,0x00, 
	0x00,0x00,0x00,0x00, 
	0x00,0x00,0x00,0x00, 
	0x00,0x00,0x00,0x00, 
	0x00,0x00,0x00,0x00, 
	0x00,0x00,0x00,0x00, 
	0x00,0x00,0x00,0x00, 
	0x00,0x00,0x00,0x00, 
	0x00,0x00,0x00,0x00, 
	0x00,0x00,0x00,0x00, 
	0x00,0x00,0x00,0x00, 
	0x00,0x00,0x00,0x00, 
	0x00,0x00,0x00,0x00, 
	0x00,0x00,0x00,0x00, 
	0x00,0x00,0x00,0x00, 
	0x00,0x00,0x00,0x00, 
	0x00,0x00,0x00,0x00, 
	0x00,0x00,0x00,0x00, 
	0x00,0x00,0x00,0x00, 
	0x00,0x00,0x00,0x00, 
	0x00,0x00,0x00,0x00, 
	0x00,0x00,0x00,0x00, 
	0x00,0x00,0x00,0x00, 
	0x00,0x00,0x00,0x00, 
	0x00,0x00,0x00,0x00, 
	0x00,0x00,0x00,0x00, 
	0x00,0x00,0x00,0x00, 
	0x00,0x00,0x00,0x00, 
	0x00,0x00,0x00,0x00, 
	0x00,0x00,0x00,0x00, 
	0x00,0x00,0x00,0x00, 
	0x00,0x00,0x00,0x00, 
	0x00,0x00,0x00,0x00, 
	0x00,0x00,0x00,0x00, 
	0x00,0x00,0x00,0x00, 
	0x00,0x00,0x00,0x00, 
	0x00,0x00,0x00,0x00, 
	0x00,0x00,0x00,0x00, 
	0x00,0x00,0x00,0x00, 
	0x00,0x00,0x00,0x00, 
	0x00,0x00,0x00,0x00, 
	0x00,0x00,0x00,0x00, 
	0x00,0x00,0x00,0x00, 
	0x00,0x00,0x00,0x00, 
	0x00,0x00,0x00,0x00, 
	0x00,0x00,0x00,0x00, 
	0x00,0x00,0x00,0x00, 
	0x00,0x00,0x00,0x00, 
	0x00,0x00,0x00,0x00, 
	0x00,0x00,0x00,0x00, 
	0x00,0x00,0x00,0x00, 
	0x00,0x00,0x00,0x00, 
	0x00,0x00,0x00,0x00, 
	0x00,0x00,0x00,0x00, 
	0x00,0x00,0x00,0x00, 
	0x00,0x00,0x00,0x00, 
	0x00,0x00,0x00,0x00, 
	0x00,0x00,0x00,0x00, 
	0x00,0x00,0x00,0x00, 
	0x00,0x00,0x00,0x00, 
	0x00,0x00,0x00,0x00, 
	0x00,0x00,0x00,0x00, 
	0x00,0x00,0x00,0x00, 
	0x00,0x00,0x00,0x00, 
	0x00,0x00,0x00,0x00, 
	0x00,0x00,0x00,0x00, 
	0x00,0x00,0x00,0x00, 
	0x00,0x00,0x00,0x00, 
	0x00,0x00,0x00,0x00, 
	0x00,0x00,0x00,0x00, 
	0x00,0x00,0x00,0x00, 
	0x00,0x00,0x00,0x00, 
	0x00,0x00,0x00,0x00, 
	0x00,0x00,0x00,0x00, 
	0x00,0x00,0x00,0x00, 
	0x00,0x00,0x00,0x00, 
	0x00,0x00,0x00,0x00, 
	0x00,0x00,0x00,0x00, 
	0x00,0x00,0x00,0x00, 
	0x00,0x00,0x00,0x00, 
	0x00,0x00,0x00,0x00, 
	0x00,0x00,0x00,0x00, 
	0x00,0x00,0x00,0x00, 
	0x00,0x00,0x00,0x00, 
	0x00,0x00,0x00,0x00, 
	0x00,0x00,0x00,0x00, 
	0x00,0x00,0x00,0x00, 
	0x00,0x00,0x00,0x00, 
	0x00,0x00,0x00,0x00, 
	0x00,0x00,0x00,0x00, 
	0x00,0x00,0x00,0x00, 
	0x00,0x00,0x00,0x00, 
	0x00,0x00,0x00,0x00, 
	0x00,0x00,0x00,0x00, 
	0x00,0x00,0x00,0x00, 
	0x00,0x00,0x00,0x00, 
	0x00,0x00,0x00,0x00, 
	0x00,0x00,0x00,0x00, 
	0x00,0x00,0x00,0x00, 
	0x00,0x00,0x00,0x00, 
	0x00,0x00,0x00,0x00, 
	0x00,0x00,0x00,0x00, 
	0x00,0x00,0x00,0x00, 
	0x00,0x00,0x00,0x00, 
	0x00,0x00,0x00,0x00, 
	0x00,0x00,0x00,0x00, 
	0x00,0x00,0x00,0x00, 
	0x00,0x00,0x00,0x00, 
	0x00,0x00,0x00,0x00, 
	0x00,0x00,0x00,0x00, 
	0x00,0x00,0x00,0x00, 
	0x00,0x00,0x00,0x00, 
	0x00,0x00,0x00,0x00, 
	0x00,0x00,0x00,0x00, 
	0x00,0x00,0x00,0x00, 
	0x00,0x00,0x00,0x00, 
	0x00,0x00,0x00,0x00, 
	0x00,0x00,0x00,0x00, 
	0x00,0x00,0x00,0x00, 
	0x00,0x00,0x00,0x00, 
	0x00,0x00,0x00,0x00, 
	0x00,0x00,0x00,0x00, 
	0x00,0x00,0x00,0x00, 
	0x00,0x00,0x00,0x00, 
	0x00,0x00,0x00,0x00, 
	0x00,0x00,0x00,0x00, 
	0x00,0x00,0x00,0x00, 
	0x00,0x00,0x00,0x00, 
	0x00,0x00,0x00,0x00, 
	0x00,0x00,0x00,0x00, 
	0x00,0x00,0x00,0x00, 
	0x00,0x00,0x00,0x00, 
	0x00,0x00,0x00,0x00, 
	0x00,0x00,0x00,0x00, 
	0x00,0x00,0x00,0x00, 
	0x00,0x00,0x00,0x00, 
	0x00,0x00,0x00,0x00, 
	0x00,0x00,0x00,0x00, 
	0x00,0x00,0x00,0x00, 
	0x00,0x00,0x00,0x00, 
	0x00,0x00,0x00,0x00, 
	0x00,0x00,0x00,0x00, 
	0x00,0x00,0x00,0x00, 
	0x00,0x00,0x00,0x00, 
	0x00,0x00,0x00,0x00, 
	0x00,0x00,0x00,0x00, 
	0x00,0x00,0x00,0x00, 
	0x00,0x00,0x00,0x00, 
	0x00,0x00,0x00,0x00, 
	0x00,0x00,0x00,0x00, 
	0x00,0x00,0x00,0x00, 
	0x00,0x00,0x00,0x00, 
	0x00,0x00,0x00,0x00, 
	0x00,0x00,0x00,0x00, 
	0x00,0x00,0x00,0x00, 
	0x00,0x00,0x00,0x00, 
	0x00,0x00,0x00,0x00, 
	0x00,0x00,0x00,0x00, 
	0x00,0x00,0x00,0x00, 
	0x00,0x00,0x00,0x00, 
	0x00,0x00,0x00,0x00, 
	0x00,0x00,0x00,0x00, 
	0x00,0x00,0x00,0x00, 
	0x00,0x00,0x00,0x00, 
	0x00,0x00,0x00,0x00, 
	0x00,0x00,0x00,0x00, 
	0x00,0x00,0x00,0x00, 
	0x00,0x00,0x00,0x00, 
	0x00,0x00,0x00,0x00, 
	0x00,0x00,0x00,0x00, 
	0x00,0x00,0x00,0x00, 
	0x00,0x00,0x00,0x00, 
	0x00,0x00,0x00,0x00, 
	0x00,0x00,0x00,0x00, 
	0x00,0x00,0x00,0x00, 
	0x00,0x00,0x00,0x00, 
	0x00,0x00,0x00,0x00, 
	0x00,0x00,0x00,0x00, 
	0x00,0x00,0x00,0x00, 
	0x00,0x00,0x00,0x00, 
	0x00,0x00,0x00,0x00, 
	0x00,0x00,0x00,0x00, 
	0x00,0x00,0x00,0x00, 
	0x00,0x00,0x00,0x00, 
	0x00,0x00,0x00,0x00, 
	0x00,0x00,0x00,0x00, 
	0x00,0x00,0x00,0x00, 
	0x00,0x00,0x00,0x00, 
	0x00,0x00,0x00,0x00, 
	0x00,0x00,0x00,0x00, 
	0x00,0x00,0x00,0x00, 
	0x00,0x00,0x00,0x00, 
	0x00,0x00,0x00,0x00, 
	0x00,0x00,0x00,0x00, 
	0x00,0x00,0x00,0x00, 
	0x00,0x00,0x00,0x00, 
	0x00,0x00,0x00,0x00, 
	0x00,0x00,0x00,0x00, 
	0x00,0x00,0x00,0x00, 
	0x00,0x00,0x00,0x00, 
	0x00,0x00,0x00,0x00, 
	0x00,0x00,0x00,0x00, 
	0x00,0x00,0x00,0x00, 
	0x00,0x00,0x00,0x00, 
	0x00,0x00,0x00,0x00, 
	0x00,0x00,0x00,0x00, 
	0x00,0x00,0x00,0x00, 
	0x00,0x00,0x00,0x00, 
	0x00,0x00,0x00,0x00, 
	0x00,0x00,0x00,0x00, 
	0x00,0x00,0x00,0x00, 
	0x00,0x00,0x00,0x00, 
	0x00,0x00,0x00,0x00, 
	0x00,0x00,0x00,0x00, 
	0x00,0x00,0x00,0x00, 
	0x00,0x00,0x00,0x00, 
	0x00,0x00,0x00,0x00, 
	0x00,0x00,0x00,0x00, 
	0x00,0x00,0x00,0x00, 
	0x00,0x00,0x00,0x00, 
	0x00,0x00,0x00,0x00, 
	0x00,0x00,0x00,0x00, 
	0x00,0x00,0x00,0x00, 
	0x00,0x00,0x00,0x00, 
	0x00,0x00,0x00,0x00, 
	0x00,0x00,0x00,0x00, 
	0x00,0x00,0x00,0x00, 
	0x00,0x00,0x00,0x00, 
	0x00,0x00,0x00,0x00, 
	0x00,0x00,0x00,0x00, 
	0x00,0x00,0x00,0x00, 
	0x00,0x00,0x00,0x00, 
	0x00,0x00,0x00,0x00, 
	0x00,0x00,0x00,0x00, 
	0x00,0x00,0x00,0x00, 
	0x00,0x00,0x00,0x00, 
	0x00,0x00,0x00,0x00, 
	0x00,0x00,0x00,0x00, 
	0x00,0x00,0x00,0x00, 
	0x00,0x00,0x00,0x00, 
	0x00,0x00,0x00,0x00, 
	0x00,0x00,0x00,0x00, 
	0x00,0x00,0x00,0x00, 
	0x00,0x00,0x00,0x00, 
	0x00,0x00,0x00,0x00, 
	0x00,0x00,0x00,0x00, 
	0x00,0x00,0x00,0x00, 
	0x00,0x00,0x00,0x00, 
	0x00,0x00,0x00,0x00, 
	0x00,0x00,0x00,0x00, 
	0x00,0x00,0x00,0x00, 
	0x00,0x00,0x00,0x00, 
	0x00,0x00,0x00,0x00, 
	0x00,0x00,0x00,0x00, 
	0x00,0x00,0x00,0x00, 
	0x00,0x00,0x00,0x00, 
	0x00,0x00,0x00,0x00, 
	0x00,0x00,0x00,0x00, 
	0x00,0x00,0x00,0x00, 
	0x00,0x00,0x00,0x00, 
	0x00,0x00,0x00,0x00, 
	0x00,0x00,0x00,0x00, 
	0x00,0x00,0x00,0x00, 
	0x00,0x00,0x00,0x00, 
	0x00,0x00,0x00,0x00, 
	0x00,0x00,0x00,0x00, 
	0x00,0x00,0x00,0x00, 
	0x00,0x00,0x00,0x00, 
	0x00,0x00,0x00,0x00, 
	0x00,0x00,0x00,0x00, 
	0x00,0x00,0x00,0x00, 
	0x00,0x00,0x00,0x00, 
	0x00,0x00,0x00,0x00, 
	0x00,0x00,0x00,0x00, 
	0x00,0x00,0x00,0x00, 
	0x00,0x00,0x00,0x00, 
	0x00,0x00,0x00,0x00, 
	0x00,0x00,0x00,0x00, 
	0x00,0x00,0x00,0x00, 
	0x00,0x00,0x00,0x00, 
	0x00,0x00,0x00,0x00, 
	0x00,0x00,0x00,0x00, 
	0x00,0x00,0x00,0x00, 
	0x00,0x00,0x00,0x00, 
	0x00,0x00,0x00,0x00, 
	0x00,0x00,0x00,0x00, 
	0x00,0x00,0x00,0x00, 
	0x00,0x00,0x00,0x00, 
	0x00,0x00,0x00,0x00, 
	0x00,0x00,0x00,0x00, 
	0x00,0x00,0x00,0x00, 
	0x00,0x00,0x00,0x00, 
	0x00,0x00,0x00,0x00, 
	0x00,0x00,0x00,0x00, 
	0x00,0x00,0x00,0x00, 
	0x00,0x00,0x00,0x00, 
	0x00,0x00,0x00,0x00, 
	0x00,0x00,0x00,0x00, 
	0x00,0x00,0x00,0x00, 
	0x00,0x00,0x00,0x00, 
	0x00,0x00,0x00,0x00, 
	0x00,0x00,0x00,0x00, 
	0x00,0x00,0x00,0x00, 
	0x00,0x00,0x00,0x00, 
	0x00,0x00,0x00,0x00, 
	0x00,0x00,0x00,0x00, 
	0x00,0x00,0x00,0x00, 
	0x00,0x00,0x00,0x00, 
	0x00,0x00,0x00,0x00, 
	0x00,0x00,0x00,0x00, 
	0x00,0x00,0x00,0x00, 
	0x00,0x00,0x00,0x00, 
	0x00,0x00,0x00,0x00, 
	0x00,0x00,0x00,0x00, 
	0x00,0x00,0x00,0x00, 
	0x00,0x00,0x00,0x00, 
	0x00,0x00,0x00,0x00, 
	0x00,0x00,0x00,0x00, 
	0x00,0x00,0x00,0x00, 
	0x00,0x00,0x00,0x00, 
	0x00,0x00,0x00,0x00, 
	0x00,0x00,0x00,0x00, 
	0x00,0x00,0x00,0x00, 
	0x00,0x00,0x00,0x00, 
	0x00,0x00,0x00,0x00, 
	0x00,0x00,0x00,0x00, 
	0x00,0x00,0x00,0x00, 
	0x00,0x00,0x00,0x00, 
	0x00,0x00,0x00,0x00, 
	0x00,0x00,0x00,0x00, 
	0x00,0x00,0x00,0x00, 
	0x00,0x00,0x00,0x00, 
	0x00,0x00,0x00,0x00, 
	0x00,0x00,0x00,0x00, 
	0x00,0x00,0x00,0x00, 
	0x00,0x00,0x00,0x00, 
	0x00,0x00,0x00,0x00, 
	0x00,0x00,0x00,0x00, 
	0x00,0x00,0x00,0x00, 
	0x00,0x00,0x00,0x00, 
	0x00,0x00,0x00,0x00, 
	0x00,0x00,0x00,0x00, 
	0x00,0x00,0x00,0x00, 
	0x00,0x00,0x00,0x00, 
	0x00,0x00,0x00,0x00, 
	0x00,0x00,0x00,0x00, 
	0x00,0x00,0x00,0x00, 
	0x00,0x00,0x00,0x00, 
	0x00,0x00,0x00,0x00, 
	0x00,0x00,0x00,0x00, 
	0x00,0x00,0x00,0x00, 
	0x00,0x00,0x00,0x00, 
	0x00,0x00,0x00,0x00, 
	0x00,0x00,0x00,0x00, 
	0x00,0x00,0x00,0x00, 
	0x00,0x00,0x00,0x00, 
	0x00,0x00,0x00,0x00, 
	0x00,0x00,0x00,0x00, 
	0x00,0x00,0x00,0x00, 
	0x00,0x00,0x00,0x00, 
	0x00,0x00,0x00,0x00, 
	0x00,0x00,0x00,0x00, 
	0x00,0x00,0x00,0x00, 
	0x00,0x00,0x00,0x00, 
	0x00,0x00,0x00,0x00, 
	0x00,0x00,0x00,0x00, 
	0x00,0x00,0x00,0x00, 
	0x00,0x00,0x00,0x00, 
	0x00,0x00,0x00,0x00, 
	0x00,0x00,0x00,0x00, 
	0x00,0x00,0x00,0x00, 
	0x00,0x00,0x00,0x00, 
	0x00,0x00,0x00,0x00, 
	0x00,0x00,0x00,0x00, 
	0x00,0x00,0x00,0x00, 
	0x00,0x00,0x00,0x00, 
	0x00,0x00,0x00,0x00, 
	0x00,0x00,0x00,0x00, 
	0x00,0x00,0x00,0x00, 
	0x00,0x00,0x00,0x00, 
	0x00,0x00,0x00,0x00, 
	0x00,0x00,0x00,0x00, 
	0x00,0x00,0x00,0x00, 
	0x00,0x00,0x00,0x00, 
	0x00,0x00,0x00,0x00, 
	0x00,0x00,0x00,0x00, 
	0x00,0x00,0x00,0x00, 
	0x00,0x00,0x00,0x00, 
	0x00,0x00,0x00,0x00, 
	0x00,0x00,0x00,0x00, 
	0x00,0x00,0x00,0x00, 
	0x00,0x00,0x00,0x00, 
	0x00,0x00,0x00,0x00, 
	0x00,0x00,0x00,0x00, 
	0x00,0x00,0x00,0x00, 
	0x00,0x00,0x00,0x00, 
	0x00,0x00,0x00,0x00, 
	0x00,0x00,0x00,0x00, 
	0x00,0x00,0x00,0x00, 
	0x00,0x00,0x00,0x00, 
	0x00,0x00,0x00,0x00, 
	0x00,0x00,0x00,0x00, 
	0x00,0x00,0x00,0x00, 
	0x00,0x00,0x00,0x00, 
	0x00,0x00,0x00,0x00, 
	0x00,0x00,0x00,0x00, 
	0x00,0x00,0x00,0x00, 
	0x00,0x00,0x00,0x00, 
	0x00,0x00,0x00,0x00, 
	0x00,0x00,0x00,0x00, 
	0x00,0x00,0x00,0x00, 
	0x00,0x00,0x00,0x00, 
	0x00,0x00,0x00,0x00, 
	0x00,0x00,0x00,0x00, 
	0x00,0x00,0x00,0x00, 
	0x00,0x00,0x00,0x00, 
	0x00,0x00,0x00,0x00, 
	0x00,0x00,0x00,0x00, 
	0x00,0x00,0x00,0x00, 
	0x00,0x00,0x00,0x00, 
	0x00,0x00,0x00,0x00, 
	0x00,0x00,0x00,0x00, 
	0x00,0x00,0x00,0x00, 
	0x00,0x00,0x00,0x00, 
	0x00,0x00,0x00,0x00, 
	0x00,0x00,0x00,0x00, 
	0x00,0x00,0x00,0x00, 
	0x00,0x00,0x00,0x00, 
	0x00,0x00,0x00,0x00, 
	0x00,0x00,0x00,0x00, 
	0x00,0x00,0x00,0x00, 
	0x00,0x00,0x00,0x00, 
	0x00,0x00,0x00,0x00, 
	0x00,0x00,0x00,0x00, 
	0x00,0x00,0x00,0x00, 
	0x00,0x00,0x00,0x00, 
	0x00,0x00,0x00,0x00, 
	0x00,0x00,0x00,0x00, 
	0x00,0x00,0x00,0x00, 
	0x00,0x00,0x00,0x00, 
	0x00,0x00,0x00,0x00, 
	0x00,0x00,0x00,0x00, 
	0x00,0x00,0x00,0x00, 
	0x00,0x00,0x00,0x00, 
	0x00,0x00,0x00,0x00, 
	0x00,0x00,0x00,0x00, 
	0x00,0x00,0x00,0x00, 
	0x00,0x00,0x00,0x00, 
	0x00,0x00,0x00,0x00, 
	0x00,0x00,0x00,0x00, 
	0x00,0x00,0x00,0x00, 
	0x00,0x00,0x00,0x00, 
	0x00,0x00,0x00,0x00, 
	0x00,0x00,0x00,0x00, 
	0x00,0x00,0x00,0x00, 
	0x00,0x00,0x00,0x00, 
	0x00,0x00,0x00,0x00, 
	0x00,0x00,0x00,0x00, 
	0x00,0x00,0x00,0x00, 
	0x00,0x00,0x00,0x00, 
	0x00,0x00,0x00,0x00, 
	0x00,0x00,0x00,0x00, 
	0x00,0x00,0x00,0x00, 
	0x00,0x00,0x00,0x00, 
	0x00,0x00,0x00,0x00, 
	0x00,0x00,0x00,0x00, 
	0x00,0x00,0x00,0x00, 
	0x00,0x00,0x00,0x00, 
	0x00,0x00,0x00,0x00, 
	0x00,0x00,0x00,0x00, 
	0x00,0x00,0x00,0x00, 
	0x00,0x00,0x00,0x00, 
	0x00,0x00,0x00,0x00, 
	0x00,0x00,0x00,0x00, 
	0x00,0x00,0x00,0x00, 
	0x00,0x00,0x00,0x00, 
	0x00,0x00,0x00,0x00, 
	0x00,0x00,0x00,0x00, 
	0x00,0x00,0x00,0x00, 
	0x00,0x00,0x00,0x00, 
	0x00,0x00,0x00,0x00, 
	0x00,0x00,0x00,0x00, 
	0x00,0x00,0x00,0x00, 
	0x00,0x00,0x00,0x00, 
	0x00,0x00,0x00,0x00, 
	0x00,0x00,0x00,0x00, 
	0x00,0x00,0x00,0x00, 
	0x00,0x00,0x00,0x00, 
	0x00,0x00,0x00,0x00, 
	0x00,0x00,0x00,0x00, 
	0x00,0x00,0x00,0x00, 
	0x00,0x00,0x00,0x00, 
	0x00,0x00,0x00,0x00, 
	0x00,0x00,0x00,0x00, 
	0x00,0x00,0x00,0x00, 
	0x00,0x00,0x00,0x00, 
	0x00,0x00,0x00,0x00, 
	0x00,0x00,0x00,0x00, 
	0x00,0x00,0x00,0x00, 
	0x00,0x00,0x00,0x00, 
	0x00,0x00,0x00,0x00, 
	0x00,0x00,0x00,0x00, 
	0x00,0x00,0x00,0x00, 
	0x00,0x00,0x00,0x00, 
	0x00,0x00,0x00,0x00, 
	0x00,0x00,0x00,0x00, 
	0x00,0x00,0x00,0x00, 
	0x00,0x00,0x00,0x00, 
	0x00,0x00,0x00,0x00, 
	0x00,0x00,0x00,0x00, 
	0x00,0x00,0x00,0x00, 
	0x00,0x00,0x00,0x00, 
	0x00,0x00,0x00,0x00, 
	0x00,0x00,0x00,0x00, 
	0x00,0x00,0x00,0x00, 
	0x00,0x00,0x00,0x00, 
	0x00,0x00,0x00,0x00, 
	0x00,0x00,0x00,0x00, 
	0x00,0x00,0x00,0x00, 
	0x00,0x00,0x00,0x00, 
	0x00,0x00,0x00,0x00, 
	0x00,0x00,0x00,0x00, 
	0x00,0x00,0x00,0x00, 
	0x00,0x00,0x00,0x00, 
	0x00,0x00,0x00,0x00, 
	0x00,0x00,0x00,0x00, 
	0x00,0x00,0x00,0x00, 
	0x00,0x00,0x00,0x00, 
	0x00,0x00,0x00,0x00, 
	0x00,0x00,0x00,0x00, 
	0x00,0x00,0x00,0x00, 
	0x00,0x00,0x00,0x00, 
	0x00,0x00,0x00,0x00, 
	0x00,0x00,0x00,0x00, 
	0x00,0x00,0x00,0x00, 
	0x00,0x00,0x00,0x00, 
	0x00,0x00,0x00,0x00, 
	0x00,0x00,0x00,0x00, 
	0x00,0x00,0x00,0x00, 
	0x00,0x00,0x00,0x00, 
	0x00,0x00,0x00,0x00, 
	0x00,0x00,0x00,0x00, 
	0x00,0x00,0x00,0x00, 
	0x00,0x00,0x00,0x00, 
	0x00,0x00,0x00,0x00, 
	0x00,0x00,0x00,0x00, 
	0x00,0x00,0x00,0x00, 
	0x00,0x00,0x00,0x00, 
	0x00,0x00,0x00,0x00, 
	0x00,0x00,0x00,0x00, 
	0x00,0x00,0x00,0x00, 
	0x00,0x00,0x00,0x00, 
	0x00,0x00,0x00,0x00, 
	0x00,0x00,0x00,0x00, 
	0x00,0x00,0x00,0x00, 
	0x00,0x00,0x00,0x00, 
	0x00,0x00,0x00,0x00, 
	0x00,0x00,0x00,0x00, 
	0x00,0x00,0x00,0x00, 
	0x00,0x00,0x00,0x00, 
	0x00,0x00,0x00,0x00, 
	0x00,0x00,0x00,0x00, 
	0x00,0x00,0x00,0x00, 
	0x00,0x00,0x00,0x00, 
	0x00,0x00,0x00,0x00, 
	0x00,0x00,0x00,0x00, 
	0x00,0x00,0x00,0x00, 
	0x00,0x00,0x00,0x00, 
	0x00,0x00,0x00,0x00, 
	0x00,0x00,0x00,0x00, 
	0x00,0x00,0x00,0x00, 
	0x00,0x00,0x00,0x00, 
	0x00,0x00,0x00,0x00, 
	0x00,0x00,0x00,0x00, 
	0x00,0x00,0x00,0x00, 
	0x00,0x00,0x00,0x00, 
	0x00,0x00,0x00,0x00, 
	0x00,0x00,0x00,0x00, 
	0x00,0x00,0x00,0x00, 
	0x00,0x00,0x00,0x00, 
	0x00,0x00,0x00,0x00, 
	0x00,0x00,0x00,0x00, 
	0x00,0x00,0x00,0x00, 
	0x00,0x00,0x00,0x00, 
	0x00,0x00,0x00,0x00, 
	0x00,0x00,0x00,0x00, 
	0x00,0x00,0x00,0x00, 
	0x00,0x00,0x00,0x00, 
	0x00,0x00,0x00,0x00, 
	0x00,0x00,0x00,0x00, 
	0x00,0x00,0x00,0x00, 
	0x00,0x00,0x00,0x00, 
	0x00,0x00,0x00,0x00, 
	0x00,0x00,0x00,0x00, 
	0x00,0x00,0x00,0x00, 
	0x00,0x00,0x00,0x00, 
	0x00,0x00,0x00,0x00, 
	0x00,0x00,0x00,0x00, 
	0x00,0x00,0x00,0x00, 
	0x00,0x00,0x00,0x00, 
	0x00,0x00,0x00,0x00, 
	0x00,0x00,0x00,0x00, 
	0x00,0x00,0x00,0x00, 
	0x00,0x00,0x00,0x00, 
	0x00,0x00,0x00,0x00, 
	0x00,0x00,0x00,0x00, 
	0x00,0x00,0x00,0x00, 
	0x00,0x00,0x00,0x00, 
	0x00,0x00,0x00,0x00, 
	0x00,0x00,0x00,0x00, 
	0x00,0x00,0x00,0x00, 
	0x00,0x00,0x00,0x00, 
	0x00,0x00,0x00,0x00, 
	0x00,0x00,0x00,0x00, 
	0x00,0x00,0x00,0x00, 
	0x00,0x00,0x00,0x00, 
	0x00,0x00,0x00,0x00, 
	0x00,0x00,0x00,0x00, 
	0x00,0x00,0x00,0x00, 
	0x00,0x00,0x00,0x00, 
	0x00,0x00,0x00,0x00, 
	0x00,0x00,0x00,0x00, 
	0x00,0x00,0x00,0x00, 
	0x00,0x00,0x00,0x00, 
	0x00,0x00,0x00,0x00, 
	0x00,0x00,0x00,0x00, 
	0x00,0x00,0x00,0x00, 
	0x00,0x00,0x00,0x00, 
	0x00,0x00,0x00,0x00, 
	0x00,0x00,0x00,0x00, 
	0x00,0x00,0x00,0x00, 
	0x00,0x00,0x00,0x00, 
	0x00,0x00,0x00,0x00, 
	0x00,0x00,0x00,0x00, 
	0x00,0x00,0x00,0x00, 
	0x00,0x00,0x00,0x00, 
	0x00,0x00,0x00,0x00, 
	0x00,0x00,0x00,0x00, 
	0x00,0x00,0x00,0x00, 
	0x00,0x00,0x00,0x00, 
	0x00,0x00,0x00,0x00, 
	0x00,0x00,0x00,0x00, 
	0x00,0x00,0x00,0x00, 
	0x00,0x00,0x00,0x00, 
	0x00,0x00,0x00,0x00, 
	0x00,0x00,0x00,0x00, 
	0x00,0x00,0x00,0x00, 
	0x00,0x00,0x00,0x00, 
	0x00,0x00,0x00,0x00, 
	0x00,0x00,0x00,0x00, 
	0x00,0x00,0x00,0x00, 
	0x00,0x00,0x00,0x00, 
	0x00,0x00,0x00,0x00, 
	0x00,0x00,0x00,0x00, 
	0x00,0x00,0x00,0x00, 
	0x00,0x00,0x00,0x00, 
	0x00,0x00,0x00,0x00, 
	0x00,0x00,0x00,0x00, 
	0x00,0x00,0x00,0x00, 
	0x00,0x00,0x00,0x00, 
	0x00,0x00,0x00,0x00, 
	0x00,0x00,0x00,0x00, 
	0x00,0x00,0x00,0x00, 
	0x00,0x00,0x00,0x00, 
	0x00,0x00,0x00,0x00, 
	0x00,0x00,0x00,0x00, 
	0x00,0x00,0x00,0x00, 
	0x00,0x00,0x00,0x00, 
	0x00,0x00,0x00,0x00, 
	0x00,0x00,0x00,0x00, 
	0x00,0x00,0x00,0x00, 
	0x00,0x00,0x00,0x00, 
	0x00,0x00,0x00,0x00, 
	0x00,0x00,0x00,0x00, 
	0x00,0x00,0x00,0x00, 
	0x00,0x00,0x00,0x00, 
	0x00,0x00,0x00,0x00, 
	0x00,0x00,0x00,0x00, 
	0x00,0x00,0x00,0x00, 
	0x00,0x00,0x00,0x00, 
	0x00,0x00,0x00,0x00, 
	0x00,0x00,0x00,0x00, 
	0x00,0x00,0x00,0x00, 
	0x00,0x00,0x00,0x00, 
	0x00,0x00,0x00,0x00, 
	0x00,0x00,0x00,0x00, 
	0x00,0x00,0x00,0x00, 
	0x00,0x00,0x00,0x00, 
	0x00,0x00,0x00,0x00, 
	0x00,0x00,0x00,0x00, 
	0x00,0x00,0x00,0x00, 
	0x00,0x00,0x00,0x00, 
	0x00,0x00,0x00,0x00, 
	0x00,0x00,0x00,0x00, 
	0x00,0x00,0x00,0x00, 
	0x00,0x00,0x00,0x00, 
	0x00,0x00,0x00,0x00, 
	0x00,0x00,0x00,0x00, 
	0x00,0x00,0x00,0x00, 
	0x00,0x00,0x00,0x00, 
	0x00,0x00,0x00,0x00, 
	0x00,0x00,0x00,0x00, 
	0x00,0x00,0x00,0x00, 
	0x00,0x00,0x00,0x00, 
	0x00,0x00,0x00,0x00, 
	0x00,0x00,0x00,0x00, 
	0x00,0x00,0x00,0x00, 
	0x00,0x00,0x00,0x00, 
	0x00,0x00,0x00,0x00, 
	0x00,0x00,0x00,0x00, 
	0x00,0x00,0x00,0x00, 
	0x00,0x00,0x00,0x00, 
	0x00,0x00,0x00,0x00, 
	0x00,0x00,0x00,0x00, 
	0x00,0x00,0x00,0x00, 
	0x00,0x00,0x00,0x00, 
	0x00,0x00,0x00,0x00, 
	0x00,0x00,0x00,0x00, 
	0x00,0x00,0x00,0x00, 
	0x00,0x00,0x00,0x00, 
	0x00,0x00,0x00,0x00, 
	0x00,0x00,0x00,0x00, 
	0x00,0x00,0x00,0x00, 
	0x00,0x00,0x00,0x00, 
	0x00,0x00,0x00,0x00, 
	0x00,0x00,0x00,0x00, 
	0x00,0x00,0x00,0x00, 
	0x00,0x00,0x00,0x00, 
	0x00,0x00,0x00,0x00, 
	0x00,0x00,0x00,0x00, 
	0x00,0x00,0x00,0x00, 
	0x00,0x00,0x00,0x00, 
	0x00,0x00,0x00,0x00, 
	0x00,0x00,0x00,0x00, 
	0x00,0x00,0x00,0x00, 
	0x00,0x00,0x00,0x00, 
	0x00,0x00,0x00,0x00, 
	0x00,0x00,0x00,0x00, 
	0x00,0x00,0x00,0x00, 
	0x00,0x00,0x00,0x00, 
	0x00,0x00,0x00,0x00, 
	0x00,0x00,0x00,0x00, 
	0x00,0x00,0x00,0x00, 
	0x00,0x00,0x00,0x00, 
	0x00,0x00,0x00,0x00, 
	0x00,0x00,0x00,0x00, 
	0x00,0x00,0x00,0x00, 
	0x00,0x00,0x00,0x00, 
	0x00,0x00,0x00,0x00, 
	0x00,0x00,0x00,0x00, 
	0x00,0x00,0x00,0x00, 
	0x00,0x00,0x00,0x00, 
	0x00,0x00,0x00,0x00, 
	0x00,0x00,0x00,0x00, 
	0x00,0x00,0x00,0x00, 
	0x00,0x00,0x00,0x00, 
	0x00,0x00,0x00,0x00, 
	0x00,0x00,0x00,0x00, 
	0x00,0x00,0x00,0x00, 
	0x00,0x00,0x00,0x00, 
	0x00,0x00,0x00,0x00, 
	0x00,0x00,0x00,0x00, 
	0x00,0x00,0x00,0x00, 
	0x00,0x00,0x00,0x00, 
	0x00,0x00,0x00,0x00, 
	0x00,0x00,0x00,0x00, 
	0x00,0x00,0x00,0x00, 
	0x00,0x00,0x00,0x00, 
	0x00,0x00,0x00,0x00, 
	0x00,0x00,0x00,0x00, 
	0x00,0x00,0x00,0x00, 
	0x00,0x00,0x00,0x00, 
	0x00,0x00,0x00,0x00, 
	0x00,0x00,0x00,0x00, 
	0x00,0x00,0x00,0x00, 
	0x00,0x00,0x00,0x00, 
	0x00,0x00,0x00,0x00, 
	0x00,0x00,0x00,0x00, 
	0x00,0x00,0x00,0x00, 
	0x00,0x00,0x00,0x00, 
	0x00,0x00,0x00,0x00, 
	0x00,0x00,0x00,0x00, 
	0x00,0x00,0x00,0x00, 
	0x00,0x00,0x00,0x00, 
	0x00,0x00,0x00,0x00, 
	0x00,0x00,0x00,0x00, 
	0x00,0x00,0x00,0x00, 
	0x00,0x00,0x00,0x00, 
	0x00,0x00,0x00,0x00, 
	0x00,0x00,0x00,0x00, 
	0x00,0x00,0x00,0x00, 
	0x00,0x00,0x00,0x00, 
	0x00,0x00,0x00,0x00, 
	0x00,0x00,0x00,0x00, 
	0x00,0x00,0x00,0x00, 
	0x00,0x00,0x00,0x00, 
	0x00,0x00,0x00,0x00, 
	0x00,0x00,0x00,0x00, 
	0x00,0x00,0x00,0x00, 
	0x00,0x00,0x00,0x00, 
	0x00,0x00,0x00,0x00, 
	0x00,0x00,0x00,0x00, 
	0x00,0x00,0x00,0x00, 
	0x00,0x00,0x00,0x00, 
	0x00,0x00,0x00,0x00, 
	0x00,0x00,0x00,0x00, 
	0x00,0x00,0x00,0x00, 
	0x00,0x00,0x00,0x00, 
	0x00,0x00,0x00,0x00, 
	0x00,0x00,0x00,0x00, 
	0x00,0x00,0x00,0x00, 
	0x00,0x00,0x00,0x00, 
	0x00,0x00,0x00,0x00, 
	0x00,0x00,0x00,0x00, 
	0x00,0x00,0x00,0x00, 
	0x00,0x00,0x00,0x00, 
	0x00,0x00,0x00,0x00, 
	0x00,0x00,0x00,0x00, 
	0x00,0x00,0x00,0x00, 
	0x00,0x00,0x00,0x00, 
	0x00,0x00,0x00,0x00, 
	0x00,0x00,0x00,0x00, 
	0x00,0x00,0x00,0x00, 
	0x00,0x00,0x00,0x00, 
	0x00,0x00,0x00,0x00, 
	0x00,0x00,0x00,0x00, 
	0x00,0x00,0x00,0x00, 
	0x00,0x00,0x00,0x00, 
	0x00,0x00,0x00,0x00, 
	0x00,0x00,0x00,0x00, 
	0x00,0x00,0x00,0x00, 
	0x00,0x00,0x00,0x00, 
	0x00,0x00,0x00,0x00, 
	0x00,0x00,0x00,0x00, 
	0x00,0x00,0x00,0x00, 
	0x00,0x00,0x00,0x00, 
	0x00,0x00,0x00,0x00, 
	0x00,0x00,0x00,0x00, 
	0x00,0x00,0x00,0x00, 
	0x00,0x00,0x00,0x00, 
	0x00,0x00,0x00,0x00, 
	0x00,0x00,0x00,0x00, 
	0x00,0x00,0x00,0x00, 
	0x00,0x00,0x00,0x00, 
	0x00,0x00,0x00,0x00, 
	0x00,0x00,0x00,0x00, 
	0x00,0x00,0x00,0x00, 
	0x00,0x00,0x00,0x00, 
	0x00,0x00,0x00,0x00, 
	0x00,0x00,0x00,0x00, 
	0x00,0x00,0x00,0x00, 
	0x00,0x00,0x00,0x00, 
	0x00,0x00,0x00,0x00, 
	0x00,0x00,0x00,0x00, 
	0x00,0x00,0x00,0x00, 
	0x00,0x00,0x00,0x00, 
	0x00,0x00,0x00,0x00, 
	0x00,0x00,0x00,0x00, 
	0x00,0x00,0x00,0x00, 
	0x00,0x00,0x00,0x00, 
	0x00,0x00,0x00,0x00, 
	0x00,0x00,0x00,0x00, 
	0x00,0x00,0x00,0x00, 
	0x00,0x00,0x00,0x00, 
	0x00,0x00,0x00,0x00, 
	0x00,0x00,0x00,0x00, 
	0x00,0x00,0x00,0x00, 
	0x00,0x00,0x00,0x00, 
	0x00,0x00,0x00,0x00, 
	0x00,0x00,0x00,0x00, 
	0x00,0x00,0x00,0x00, 
	0x00,0x00,0x00,0x00, 
	0x00,0x00,0x00,0x00, 
	0x00,0x00,0x00,0x00, 
	0x00,0x00,0x00,0x00, 
	0x00,0x00,0x00,0x00, 
	0x00,0x00,0x00,0x00, 
	0x00,0x00,0x00,0x00, 
	0x00,0x00,0x00,0x00, 
	0x00,0x00,0x00,0x00, 
	0x00,0x00,0x00,0x00, 
	0x00,0x00,0x00,0x00, 
	0x00,0x00,0x00,0x00, 
	0x00,0x00,0x00,0x00, 
	0x00,0x00,0x00,0x00, 
	0x00,0x00,0x00,0x00, 
	0x00,0x00,0x00,0x00, 
	0x00,0x00,0x00,0x00, 
	0x00,0x00,0x00,0x00, 
	0x00,0x00,0x00,0x00, 
	0x00,0x00,0x00,0x00, 
	0x00,0x00,0x00,0x00, 
	0x00,0x00,0x00,0x00, 
	0x00,0x00,0x00,0x00, 
	0x00,0x00,0x00,0x00, 
	0x00,0x00,0x00,0x00, 
	0x00,0x00,0x00,0x00, 
	0x00,0x00,0x00,0x00, 
	0x00,0x00,0x00,0x00, 
	0x00,0x00,0x00,0x00, 
	0x00,0x00,0x00,0x00, 
	0x00,0x00,0x00,0x00, 
	0x00,0x00,0x00,0x00, 
	0x00,0x00,0x00,0x00, 
	0x00,0x00,0x00,0x00, 
	0x00,0x00,0x00,0x00, 
	0x00,0x00,0x00,0x00, 
	0x00,0x00,0x00,0x00, 
	0x00,0x00,0x00,0x00, 
	0x00,0x00,0x00,0x00, 
	0x00,0x00,0x00,0x00, 
	0x00,0x00,0x00,0x00, 
	0x00,0x00,0x00,0x00, 
	0x00,0x00,0x00,0x00, 
	0x00,0x00,0x00,0x00, 
	0x00,0x00,0x00,0x00, 
	0x00,0x00,0x00,0x00, 
	0x00,0x00,0x00,0x00, 
	0x00,0x00,0x00,0x00, 
	0x00,0x00,0x00,0x00, 
	0x00,0x00,0x00,0x00, 
	0x00,0x00,0x00,0x00, 
	0x00,0x00,0x00,0x00, 
	0x00,0x00,0x00,0x00, 
	0x00,0x00,0x00,0x00, 
	0x00,0x00,0x00,0x00, 
	0x00,0x00,0x00,0x00, 
	0x00,0x00,0x00,0x00, 
	0x00,0x00,0x00,0x00, 
	0x00,0x00,0x00,0x00, 
	0x00,0x00,0x00,0x00, 
	0x00,0x00,0x00,0x00, 
	0x00,0x00,0x00,0x00, 
	0x00,0x00,0x00,0x00, 
	0x00,0x00,0x00,0x00, 
	0x00,0x00,0x00,0x00, 
	0x00,0x00,0x00,0x00, 
	0x00,0x00,0x00,0x00, 
	0x00,0x00,0x00,0x00, 
	0x00,0x00,0x00,0x00, 
	0x00,0x00,0x00,0x00, 
	0x00,0x00,0x00,0x00, 
	0x00,0x00,0x00,0x00, 
	0x00,0x00,0x00,0x00, 
	0x00,0x00,0x00,0x00, 
	0x00,0x00,0x00,0x00, 
	0x00,0x00,0x00,0x00, 
	0x00,0x00,0x00,0x00, 
	0x00,0x00,0x00,0x00, 
	0x00,0x00,0x00,0x00, 
	0x00,0x00,0x00,0x00, 
	0x00,0x00,0x00,0x00, 
	0x00,0x00,0x00,0x00, 
	0x00,0x00,0x00,0x00, 
	0x00,0x00,0x00,0x00, 
	0x00,0x00,0x00,0x00, 
	0x00,0x00,0x00,0x00, 
	0x00,0x00,0x00,0x00, 
	0x00,0x00,0x00,0x00, 
	0x00,0x00,0x00,0x00, 
	0x00,0x00,0x00,0x00, 
	0x00,0x00,0x00,0x00, 
	0x00,0x00,0x00,0x00, 
	0x00,0x00,0x00,0x00, 
	0x00,0x00,0x00,0x00, 
	0x00,0x00,0x00,0x00, 
	0x00,0x00,0x00,0x00, 
	0x00,0x00,0x00,0x00, 
	0x00,0x00,0x00,0x00, 
	0x00,0x00,0x00,0x00, 
	0x00,0x00,0x00,0x00, 
	0x00,0x00,0x00,0x00, 
	0x00,0x00,0x00,0x00, 
	0x00,0x00,0x00,0x00, 
	0x00,0x00,0x00,0x00, 
	0x00,0x00,0x00,0x00, 
	0x00,0x00,0x00,0x00, 
	0x00,0x00,0x00,0x00, 
	0x00,0x00,0x00,0x00, 
	0x00,0x00,0x00,0x00, 
	0x00,0x00,0x00,0x00, 
	0x00,0x00,0x00,0x00, 
	0x00,0x00,0x00,0x00, 
	0x00,0x00,0x00,0x00, 
	0x00,0x00,0x00,0x00, 
	0x00,0x00,0x00,0x00, 
	0x00,0x00,0x00,0x00, 
	0x00,0x00,0x00,0x00, 
	0x00,0x00,0x00,0x00, 
	0x00,0x00,0x00,0x00, 
	0x00,0x00,0x00,0x00, 
	0x00,0x00,0x00,0x00, 
	0x00,0x00,0x00,0x00, 
	0x00,0x00,0x00,0x00, 
	0x00,0x00,0x00,0x00, 
	0x00,0x00,0x00,0x00, 
	0x00,0x00,0x00,0x00, 
	0x00,0x00,0x00,0x00, 
	0x00,0x00,0x00,0x00, 
	0x00,0x00,0x00,0x00, 
	0x00,0x00,0x00,0x00, 
	0x00,0x00,0x00,0x00, 
	0x00,0x00,0x00,0x00, 
	0x00,0x00,0x00,0x00, 
	0x00,0x00,0x00,0x00, 
	0x00,0x00,0x00,0x00, 
	0x00,0x00,0x00,0x00, 
	0x00,0x00,0x00,0x00, 
	0x00,0x00,0x00,0x00, 
	0x00,0x00,0x00,0x00, 
	0x00,0x00,0x00,0x00, 
	0x00,0x00,0x00,0x00, 
	0x00,0x00,0x00,0x00, 
	0x00,0x00,0x00,0x00, 
	0x00,0x00,0x00,0x00, 
	0x00,0x00,0x00,0x00, 
	0x00,0x00,0x00,0x00, 
	0x00,0x00,0x00,0x00, 
	0x00,0x00,0x00,0x00, 
	0x00,0x00,0x00,0x00, 
	0x00,0x00,0x00,0x00, 
	0x00,0x00,0x00,0x00, 
	0x00,0x00,0x00,0x00, 
	0x00,0x00,0x00,0x00, 
	0x00,0x00,0x00,0x00, 
	0x00,0x00,0x00,0x00, 
	0x00,0x00,0x00,0x00, 
	0x00,0x00,0x00,0x00, 
	0x00,0x00,0x00,0x00, 
	0x00,0x00,0x00,0x00, 
	0x00,0x00,0x00,0x00, 
	0x00,0x00,0x00,0x00, 
	0x00,0x00,0x00,0x00, 
	0x00,0x00,0x00,0x00, 
	0x00,0x00,0x00,0x00, 
	0x00,0x00,0x00,0x00, 
	0x00,0x00,0x00,0x00, 
	0x00,0x00,0x00,0x00, 
	0x00,0x00,0x00,0x00, 
	0x00,0x00,0x00,0x00, 
	0x00,0x00,0x00,0x00, 
	0x00,0x00,0x00,0x00, 
	0x00,0x00,0x00,0x00, 
	0x00,0x00,0x00,0x00, 
	0x00,0x00,0x00,0x00, 
	0x00,0x00,0x00,0x00, 
	0x00,0x00,0x00,0x00, 
	0x00,0x00,0x00,0x00, 
	0x00,0x00,0x00,0x00, 
	0x00,0x00,0x00,0x00, 
	0x00,0x00,0x00,0x00, 
	0x00,0x00,0x00,0x00, 
	0x00,0x00,0x00,0x00, 
	0x00,0x00,0x00,0x00, 
	0x00,0x00,0x00,0x00, 
	0x00,0x00,0x00,0x00, 
	0x00,0x00,0x00,0x00, 
	0x00,0x00,0x00,0x00, 
	0x00,0x00,0x00,0x00, 
	0x00,0x00,0x00,0x00, 
	0x00,0x00,0x00,0x00, 
	0x00,0x00,0x00,0x00, 
	0x00,0x00,0x00,0x00, 
	0x00,0x00,0x00,0x00, 
	0x00,0x00,0x00,0x00, 
	0x00,0x00,0x00,0x00, 
	0x00,0x00,0x00,0x00, 
	0x00,0x00,0x00,0x00, 
	0x00,0x00,0x00,0x00, 
	0x00,0x00,0x00,0x00, 
	0x00,0x00,0x00,0x00, 
	0x00,0x00,0x00,0x00, 
	0x00,0x00,0x00,0x00, 
	0x00,0x00,0x00,0x00, 
	0x00,0x00,0x00,0x00, 
	0x00,0x00,0x00,0x00, 
	0x00,0x00,0x00,0x00, 
	0x00,0x00,0x00,0x00, 
	0x00,0x00,0x00,0x00, 
	0x00,0x00,0x00,0x00, 
	0x00,0x00,0x00,0x00, 
	0x00,0x00,0x00,0x00, 
	0x00,0x00,0x00,0x00, 
	0x00,0x00,0x00,0x00, 
	0x00,0x00,0x00,0x00, 
	0x00,0x00,0x00,0x00, 
	0x00,0x00,0x00,0x00, 
	0x00,0x00,0x00,0x00, 
	0x00,0x00,0x00,0x00, 
	0x00,0x00,0x00,0x00, 
	0x00,0x00,0x00,0x00, 
	0x00,0x00,0x00,0x00, 
	0x00,0x00,0x00,0x00, 
	0x00,0x00,0x00,0x00, 
	0x00,0x00,0x00,0x00, 
	0x00,0x00,0x00,0x00, 
	0x00,0x00,0x00,0x00, 
	0x00,0x00,0x00,0x00, 
	0x00,0x00,0x00,0x00, 
	0x00,0x00,0x00,0x00, 
	0x00,0x00,0x00,0x00, 
	0x00,0x00,0x00,0x00, 
	0x00,0x00,0x00,0x00, 
	0x00,0x00,0x00,0x00, 
	0x00,0x00,0x00,0x00, 
	0x00,0x00,0x00,0x00, 
	0x00,0x00,0x00,0x00, 
	0x00,0x00,0x00,0x00, 
	0x00,0x00,0x00,0x00, 
	0x00,0x00,0x00,0x00, 
	0x00,0x00,0x00,0x00, 
	0x00,0x00,0x00,0x00, 
	0x00,0x00,0x00,0x00, 
	0x00,0x00,0x00,0x00, 
	0x00,0x00,0x00,0x00, 
	0x00,0x00,0x00,0x00, 
	0x00,0x00,0x00,0x00, 
	0x00,0x00,0x00,0x00, 
	0x00,0x00,0x00,0x00, 
	0x00,0x00,0x00,0x00, 
	0x00,0x00,0x00,0x00, 
	0x00,0x00,0x00,0x00, 
	0x00,0x00,0x00,0x00, 
	0x00,0x00,0x00,0x00, 
	0x00,0x00,0x00,0x00, 
	0x00,0x00,0x00,0x00, 
	0x00,0x00,0x00,0x00, 
	0x00,0x00,0x00,0x00, 
	0x00,0x00,0x00,0x00, 
	0x00,0x00,0x00,0x00, 
	0x00,0x00,0x00,0x00, 
	0x00,0x00,0x00,0x00, 
	0x00,0x00,0x00,0x00, 
	0x00,0x00,0x00,0x00, 
	0x00,0x00,0x00,0x00, 
	0x00,0x00,0x00,0x00, 
	0x00,0x00,0x00,0x00, 
	0x00,0x00,0x00,0x00, 
	0x00,0x00,0x00,0x00, 
	0x00,0x00,0x00,0x00, 
	0x00,0x00,0x00,0x00, 
	0x00,0x00,0x00,0x00, 
	0x00,0x00,0x00,0x00, 
	0x00,0x00,0x00,0x00, 
	0x00,0x00,0x00,0x00, 
	0x00,0x00,0x00,0x00, 
	0x00,0x00,0x00,0x00, 
	0x00,0x00,0x00,0x00, 
	0x00,0x00,0x00,0x00, 
	0x00,0x00,0x00,0x00, 
	0x00,0x00,0x00,0x00, 
	0x00,0x00,0x00,0x00, 
	0x00,0x00,0x00,0x00, 
	0x00,0x00,0x00,0x00, 
	0x00,0x00,0x00,0x00, 
	0x00,0x00,0x00,0x00, 
	0x00,0x00,0x00,0x00, 
	0x00,0x00,0x00,0x00, 
	0x00,0x00,0x00,0x00, 
	0x00,0x00,0x00,0x00, 
	0x00,0x00,0x00,0x00, 
	0x00,0x00,0x00,0x00, 
	0x00,0x00,0x00,0x00, 
	0x00,0x00,0x00,0x00, 
	0x00,0x00,0x00,0x00, 
	0x00,0x00,0x00,0x00, 
	0x00,0x00,0x00,0x00, 
	0x00,0x00,0x00,0x00, 
	0x00,0x00,0x00,0x00, 
	0x00,0x00,0x00,0x00, 
	0x00,0x00,0x00,0x00, 
	0x00,0x00,0x00,0x00, 
	0x00,0x00,0x00,0x00, 
	0x00,0x00,0x00,0x00, 
	0x00,0x00,0x00,0x00, 
	0x00,0x00,0x00,0x00, 
	0x00,0x00,0x00,0x00, 
	0x00,0x00,0x00,0x00, 
	0x00,0x00,0x00,0x00, 
	0x00,0x00,0x00,0x00, 
	0x00,0x00,0x00,0x00, 
	0x00,0x00,0x00,0x00, 
	0x00,0x00,0x00,0x00, 
	0x00,0x00,0x00,0x00, 
	0x00,0x00,0x00,0x00, 
	0x00,0x00,0x00,0x00, 
	0x00,0x00,0x00,0x00, 
	0x00,0x00,0x00,0x00, 
	0x00,0x00,0x00,0x00, 
	0x00,0x00,0x00,0x00, 
	0x00,0x00,0x00,0x00, 
	0x00,0x00,0x00,0x00, 
	0x00,0x00,0x00,0x00, 
	0x00,0x00,0x00,0x00, 
	0x00,0x00,0x00,0x00, 
	0x00,0x00,0x00,0x00, 
	0x00,0x00,0x00,0x00, 
	0x00,0x00,0x00,0x00, 
	0x00,0x00,0x00,0x00, 
	0x00,0x00,0x00,0x00, 
	0x00,0x00,0x00,0x00, 
	0x00,0x00,0x00,0x00, 
	0x00,0x00,0x00,0x00, 
	0x00,0x00,0x00,0x00, 
	0x00,0x00,0x00,0x00, 
	0x00,0x00,0x00,0x00, 
	0x00,0x00,0x00,0x00, 
	0x00,0x00,0x00,0x00, 
	0x00,0x00,0x00,0x00, 
	0x00,0x00,0x00,0x00, 
	0x00,0x00,0x00,0x00, 
	0x00,0x00,0x00,0x00, 
	0x00,0x00,0x00,0x00, 
	0x00,0x00,0x00,0x00, 
	0x00,0x00,0x00,0x00, 
	0x00,0x00,0x00,0x00, 
	0x00,0x00,0x00,0x00, 
	0x00,0x00,0x00,0x00, 
	0x00,0x00,0x00,0x00, 
	0x00,0x00,0x00,0x00, 
	0x00,0x00,0x00,0x00, 
	0x00,0x00,0x00,0x00, 
	0x00,0x00,0x00,0x00, 
	0x00,0x00,0x00,0x00, 
	0x00,0x00,0x00,0x00, 
	0x00,0x00,0x00,0x00, 
	0x00,0x00,0x00,0x00, 
	0x00,0x00,0x00,0x00, 
	0x00,0x00,0x00,0x00, 
	0x00,0x00,0x00,0x00, 
	0x00,0x00,0x00,0x00, 
	0x00,0x00,0x00,0x00, 
	0x00,0x00,0x00,0x00, 
	0x00,0x00,0x00,0x00, 
	0x00,0x00,0x00,0x00, 
	0x00,0x00,0x00,0x00, 
	0x00,0x00,0x00,0x00, 
	0x00,0x00,0x00,0x00, 
	0x00,0x00,0x00,0x00, 
	0x00,0x00,0x00,0x00, 
	0x00,0x00,0x00,0x00, 
	0x00,0x00,0x00,0x00, 
	0x00,0x00,0x00,0x00, 
	0x00,0x00,0x00,0x00, 
	0x00,0x00,0x00,0x00, 
	0x00,0x00,0x00,0x00, 
	0x00,0x00,0x00,0x00, 
	0x00,0x00,0x00,0x00, 
	0x00,0x00,0x00,0x00, 
	0x00,0x00,0x00,0x00, 
	0x00,0x00,0x00,0x00, 
	0x00,0x00,0x00,0x00, 
	0x00,0x00,0x00,0x00, 
	0x00,0x00,0x00,0x00, 
	0x00,0x00,0x00,0x00, 
	0x00,0x00,0x00,0x00, 
	0x00,0x00,0x00,0x00, 
	0x00,0x00,0x00,0x00, 
	0x00,0x00,0x00,0x00, 
	0x00,0x00,0x00,0x00, 
	0x00,0x00,0x00,0x00, 
	0x00,0x00,0x00,0x00, 
	0x00,0x00,0x00,0x00, 
	0x00,0x00,0x00,0x00, 
	0x00,0x00,0x00,0x00, 
	0x00,0x00,0x00,0x00, 
	0x00,0x00,0x00,0x00, 
	0x00,0x00,0x00,0x00, 
	0x00,0x00,0x00,0x00, 
	0x00,0x00,0x00,0x00, 
	0x00,0x00,0x00,0x00, 
	0x00,0x00,0x00,0x00, 
	0x00,0x00,0x00,0x00, 
	0x00,0x00,0x00,0x00, 
	0x00,0x00,0x00,0x00, 
	0x00,0x00,0x00,0x00, 
	0x00,0x00,0x00,0x00, 
	0x00,0x00,0x00,0x00, 
	0x00,0x00,0x00,0x00, 
	0x00,0x00,0x00,0x00, 
	0x00,0x00,0x00,0x00, 
	0x00,0x00,0x00,0x00, 
	0x00,0x00,0x00,0x00, 
	0x00,0x00,0x00,0x00, 
	0x00,0x00,0x00,0x00, 
	0x00,0x00,0x00,0x00, 
	0x00,0x00,0x00,0x00, 
	0x00,0x00,0x00,0x00, 
	0x00,0x00,0x00,0x00, 
	0x00,0x00,0x00,0x00, 
	0x00,0x00,0x00,0x00, 
	0x00,0x00,0x00,0x00, 
	0x00,0x00,0x00,0x00, 
	0x00,0x00,0x00,0x00, 
	0x00,0x00,0x00,0x00, 
	0x00,0x00,0x00,0x00, 
	0x00,0x00,0x00,0x00, 
	0x00,0x00,0x00,0x00, 
	0x00,0x00,0x00,0x00, 
	0x00,0x00,0x00,0x00, 
	0x00,0x00,0x00,0x00, 
	0x00,0x00,0x00,0x00, 
	0x00,0x00,0x00,0x00, 
	0x00,0x00,0x00,0x00, 
	0x00,0x00,0x00,0x00, 
	0x00,0x00,0x00,0x00, 
	0x00,0x00,0x00,0x00, 
	0x00,0x00,0x00,0x00, 
	0x00,0x00,0x00,0x00, 
	0x00,0x00,0x00,0x00, 
	0x00,0x00,0x00,0x00, 
	0x00,0x00,0x00,0x00, 
	0x00,0x00,0x00,0x00, 
	0x00,0x00,0x00,0x00, 
	0x00,0x00,0x00,0x00, 
	0x00,0x00,0x00,0x00, 
	0x00,0x00,0x00,0x00, 
	0x00,0x00,0x00,0x00, 
	0x00,0x00,0x00,0x00, 
	0x00,0x00,0x00,0x00, 
	0x00,0x00,0x00,0x00, 
	0x00,0x00,0x00,0x00, 
	0x00,0x00,0x00,0x00, 
	0x00,0x00,0x00,0x00, 
	0x00,0x00,0x00,0x00, 
	0x00,0x00,0x00,0x00, 
	0x00,0x00,0x00,0x00, 
	0x00,0x00,0x00,0x00, 
	0x00,0x00,0x00,0x00, 
	0x00,0x00,0x00,0x00, 
	0x00,0x00,0x00,0x00, 
	0x00,0x00,0x00,0x00, 
	0x00,0x00,0x00,0x00, 
	0x00,0x00,0x00,0x00, 
	0x00,0x00,0x00,0x00, 
	0x00,0x00,0x00,0x00, 
	0x00,0x00,0x00,0x00, 
	0x00,0x00,0x00,0x00, 
	0x00,0x00,0x00,0x00, 
	0x00,0x00,0x00,0x00, 
	0x00,0x00,0x00,0x00, 
	0x00,0x00,0x00,0x00, 
	0x00,0x00,0x00,0x00, 
	0x00,0x00,0x00,0x00, 
	0x00,0x00,0x00,0x00, 
	0x00,0x00,0x00,0x00, 
	0x00,0x00,0x00,0x00, 
	0x00,0x00,0x00,0x00, 
	0x00,0x00,0x00,0x00, 
	0x00,0x00,0x00,0x00, 
	0x00,0x00,0x00,0x00, 
	0x00,0x00,0x00,0x00, 
	0x00,0x00,0x00,0x00, 
	0x00,0x00,0x00,0x00, 
	0x00,0x00,0x00,0x00, 
	0x00,0x00,0x00,0x00, 
	0x00,0x00,0x00,0x00, 
	0x00,0x00,0x00,0x00, 
	0x00,0x00,0x00,0x00, 
	0x00,0x00,0x00,0x00, 
	0x00,0x00,0x00,0x00, 
	0x00,0x00,0x00,0x00, 
	0x00,0x00,0x00,0x00, 
	0x00,0x00,0x00,0x00, 
	0x00,0x00,0x00,0x00, 
	0x00,0x00,0x00,0x00, 
	0x00,0x00,0x00,0x00, 
	0x00,0x00,0x00,0x00, 
	0x00,0x00,0x00,0x00, 
	0x00,0x00,0x00,0x00, 
	0x00,0x00,0x00,0x00, 
	0x00,0x00,0x00,0x00, 
	0x00,0x00,0x00,0x00, 
	0x00,0x00,0x00,0x00, 
	0x00,0x00,0x00,0x00, 
	0x00,0x00,0x00,0x00, 
	0x00,0x00,0x00,0x00, 
	0x00,0x00,0x00,0x00, 
	0x00,0x00,0x00,0x00, 
	0x00,0x00,0x00,0x00, 
	0x00,0x00,0x00,0x00, 
	0x00,0x00,0x00,0x00, 
	0x00,0x00,0x00,0x00, 
	0x00,0x00,0x00,0x00, 
	0x00,0x00,0x00,0x00, 
	0x00,0x00,0x00,0x00, 
	0x00,0x00,0x00,0x00, 
	0x00,0x00,0x00,0x00, 
	0x00,0x00,0x00,0x00, 
	0x00,0x00,0x00,0x00, 
	0x00,0x00,0x00,0x00, 
	0x00,0x00,0x00,0x00, 
	0x00,0x00,0x00,0x00, 
	0x00,0x00,0x00,0x00, 
	0x00,0x00,0x00,0x00, 
	0x00,0x00,0x00,0x00, 
	0x00,0x00,0x00,0x00, 
	0x00,0x00,0x00,0x00, 
	0x00,0x00,0x00,0x00, 
	0x00,0x00,0x00,0x00, 
	0x00,0x00,0x00,0x00, 
	0x00,0x00,0x00,0x00, 
	0x00,0x00,0x00,0x00, 
	0x00,0x00,0x00,0x00, 
	0x00,0x00,0x00,0x00, 
	0x00,0x00,0x00,0x00, 
	0x00,0x00,0x00,0x00, 
	0x00,0x00,0x00,0x00, 
	0x00,0x00,0x00,0x00, 
	0x00,0x00,0x00,0x00, 
	0x00,0x00,0x00,0x00, 
	0x00,0x00,0x00,0x00, 
	0x00,0x00,0x00,0x00, 
	0x00,0x00,0x00,0x00, 
	0x00,0x00,0x00,0x00, 
	0x00,0x00,0x00,0x00, 
	0x00,0x00,0x00,0x00, 
	0x00,0x00,0x00,0x00, 
	0x00,0x00,0x00,0x00, 
	0x00,0x00,0x00,0x00, 
	0x00,0x00,0x00,0x00, 
	0x00,0x00,0x00,0x00, 
	0x00,0x00,0x00,0x00, 
	0x00,0x00,0x00,0x00, 
	0x00,0x00,0x00,0x00, 
	0x00,0x00,0x00,0x00, 
	0x00,0x00,0x00,0x00, 
	0x00,0x00,0x00,0x00, 
	0x00,0x00,0x00,0x00, 
	0x00,0x00,0x00,0x00, 
	0x00,0x00,0x00,0x00, 
	0x00,0x00,0x00,0x00, 
	0x00,0x00,0x00,0x00, 
	0x00,0x00,0x00,0x00, 
	0x00,0x00,0x00,0x00, 
	0x00,0x00,0x00,0x00, 
	0x00,0x00,0x00,0x00, 
	0x00,0x00,0x00,0x00, 
	0x00,0x00,0x00,0x00, 
	0x00,0x00,0x00,0x00, 
	0x00,0x00,0x00,0x00, 
	0x00,0x00,0x00,0x00, 
	0x00,0x00,0x00,0x00, 
	0x00,0x00,0x00,0x00, 
	0x00,0x00,0x00,0x00, 
	0x00,0x00,0x00,0x00, 
	0x00,0x00,0x00,0x00, 
	0x00,0x00,0x00,0x00, 
	0x00,0x00,0x00,0x00, 
	0x00,0x00,0x00,0x00, 
	0x00,0x00,0x00,0x00, 
	0x00,0x00,0x00,0x00, 
	0x00,0x00,0x00,0x00, 
	0x00,0x00,0x00,0x00, 
	0x00,0x00,0x00,0x00, 
	0x00,0x00,0x00,0x00, 
	0x00,0x00,0x00,0x00, 
	0x00,0x00,0x00,0x00, 
	0x00,0x00,0x00,0x00, 
	0x00,0x00,0x00,0x00, 
	0x00,0x00,0x00,0x00, 
	0x00,0x00,0x00,0x00, 
	0x00,0x00,0x00,0x00, 
	0x00,0x00,0x00,0x00, 
	0x00,0x00,0x00,0x00, 
	0x00,0x00,0x00,0x00, 
	0x00,0x00,0x00,0x00, 
	0x00,0x00,0x00,0x00, 
	0x00,0x00,0x00,0x00, 
	0x00,0x00,0x00,0x00, 
	0x00,0x00,0x00,0x00, 
	0x00,0x00,0x00,0x00, 
	0x00,0x00,0x00,0x00, 
	0x00,0x00,0x00,0x00, 
	0x00,0x00,0x00,0x00, 
	0x00,0x00,0x00,0x00, 
	0x00,0x00,0x00,0x00, 
	0x00,0x00,0x00,0x00, 
	0x00,0x00,0x00,0x00, 
	0x00,0x00,0x00,0x00, 
	0x00,0x00,0x00,0x00, 
	0x00,0x00,0x00,0x00, 
	0x00,0x00,0x00,0x00, 
	0x00,0x00,0x00,0x00, 
	0x00,0x00,0x00,0x00, 
	0x00,0x00,0x00,0x00, 
	0x00,0x00,0x00,0x00, 
	0x00,0x00,0x00,0x00, 
	0x00,0x00,0x00,0x00, 
	0x00,0x00,0x00,0x00, 
	0x00,0x00,0x00,0x00, 
	0x00,0x00,0x00,0x00, 
	0x00,0x00,0x00,0x00, 
	0x00,0x00,0x00,0x00, 
	0x00,0x00,0x00,0x00, 
	0x00,0x00,0x00,0x00, 
	0x00,0x00,0x00,0x00, 
	0x00,0x00,0x00,0x00, 
	0x00,0x00,0x00,0x00, 
	0x00,0x00,0x00,0x00, 
	0x00,0x00,0x00,0x00, 
	0x00,0x00,0x00,0x00, 
	0x00,0x00,0x00,0x00, 
	0x00,0x00,0x00,0x00, 
	0x00,0x00,0x00,0x00, 
	0x00,0x00,0x00,0x00, 
	0x00,0x00,0x00,0x00, 
	0x00,0x00,0x00,0x00, 
	0x00,0x00,0x00,0x00, 
	0x00,0x00,0x00,0x00, 
	0x00,0x00,0x00,0x00, 
	0x00,0x00,0x00,0x00, 
	0x00,0x00,0x00,0x00, 
	0x00,0x00,0x00,0x00, 
	0x00,0x00,0x00,0x00, 
	0x00,0x00,0x00,0x00, 
	0x00,0x00,0x00,0x00, 
	0x00,0x00,0x00,0x00, 
	0x00,0x00,0x00,0x00, 
	0x00,0x00,0x00,0x00, 
	0x00,0x00,0x00,0x00, 
	0x00,0x00,0x00,0x00, 
	0x00,0x00,0x00,0x00, 
	0x00,0x00,0x00,0x00, 
	0x00,0x00,0x00,0x00, 
	0x00,0x00,0x00,0x00, 
	0x00,0x00,0x00,0x00, 
	0x00,0x00,0x00,0x00, 
	0x00,0x00,0x00,0x00, 
	0x00,0x00,0x00,0x00, 
	0x00,0x00,0x00,0x00, 
	0x00,0x00,0x00,0x00, 
	0x00,0x00,0x00,0x00, 
	0x00,0x00,0x00,0x00, 
	0x00,0x00,0x00,0x00, 
	0x00,0x00,0x00,0x00, 
	0x00,0x00,0x00,0x00, 
	0x00,0x00,0x00,0x00, 
	0x00,0x00,0x00,0x00, 
	0x00,0x00,0x00,0x00, 
	0x00,0x00,0x00,0x00, 
	0x00,0x00,0x00,0x00, 
	0x00,0x00,0x00,0x00, 
	0x00,0x00,0x00,0x00, 
	0x00,0x00,0x00,0x00, 
	0x00,0x00,0x00,0x00, 
	0x00,0x00,0x00,0x00, 
	0x00,0x00,0x00,0x00, 
	0x00,0x00,0x00,0x00, 
	0x00,0x00,0x00,0x00, 
	0x00,0x00,0x00,0x00, 
	0x00,0x00,0x00,0x00, 
	0x00,0x00,0x00,0x00, 
	0x00,0x00,0x00,0x00, 
	0x00,0x00,0x00,0x00, 
	0x00,0x00,0x00,0x00, 
	0x00,0x00,0x00,0x00, 
	0x00,0x00,0x00,0x00, 
	0x00,0x00,0x00,0x00, 
	0x00,0x00,0x00,0x00, 
	0x00,0x00,0x00,0x00, 
	0x00,0x00,0x00,0x00, 
	0x00,0x00,0x00,0x00, 
	0x00,0x00,0x00,0x00, 
	0x00,0x00,0x00,0x00, 
	0x00,0x00,0x00,0x00, 
	0x00,0x00,0x00,0x00, 
	0x00,0x00,0x00,0x00, 
	0x00,0x00,0x00,0x00, 
	0x00,0x00,0x00,0x00, 
	0x00,0x00,0x00,0x00, 
	0x00,0x00,0x00,0x00, 
	0x00,0x00,0x00,0x00, 
	0x00,0x00,0x00,0x00, 
	0x00,0x00,0x00,0x00, 
	0x00,0x00,0x00,0x00, 
	0x00,0x00,0x00,0x00, 
	0x00,0x00,0x00,0x00, 
	0x00,0x00,0x00,0x00, 
	0x00,0x00,0x00,0x00, 
	0x00,0x00,0x00,0x00, 
	0x00,0x00,0x00,0x00, 
	0x00,0x00,0x00,0x00, 
	0x00,0x00,0x00,0x00, 
	0x00,0x00,0x00,0x00, 
	0x00,0x00,0x00,0x00, 
	0x00,0x00,0x00,0x00, 
	0x00,0x00,0x00,0x00, 
	0x00,0x00,0x00,0x00, 
	0x00,0x00,0x00,0x00, 
	0x00,0x00,0x00,0x00, 
	0x00,0x00,0x00,0x00, 
	0x00,0x00,0x00,0x00, 
	0x00,0x00,0x00,0x00, 
	0x00,0x00,0x00,0x00, 
	0x00,0x00,0x00,0x00, 
	0x00,0x00,0x00,0x00, 
	0x00,0x00,0x00,0x00, 
	0x00,0x00,0x00,0x00, 
	0x00,0x00,0x00,0x00, 
	0x00,0x00,0x00,0x00, 
	0x00,0x00,0x00,0x00, 
	0x00,0x00,0x00,0x00, 
	0x00,0x00,0x00,0x00, 
	0x00,0x00,0x00,0x00, 
	0x00,0x00,0x00,0x00, 
	0x00,0x00,0x00,0x00, 
	0x00,0x00,0x00,0x00, 
	0x00,0x00,0x00,0x00, 
	0x00,0x00,0x00,0x00, 
	0x00,0x00,0x00,0x00, 
	0x00,0x00,0x00,0x00, 
	0x00,0x00,0x00,0x00, 
	0x00,0x00,0x00,0x00, 
	0x00,0x00,0x00,0x00, 
	0x00,0x00,0x00,0x00, 
	0x00,0x00,0x00,0x00, 
	0x00,0x00,0x00,0x00, 
	0x00,0x00,0x00,0x00, 
	0x00,0x00,0x00,0x00, 
	0x00,0x00,0x00,0x00, 
	0x00,0x00,0x00,0x00, 
	0x00,0x00,0x00,0x00, 
	0x00,0x00,0x00,0x00, 
	0x00,0x00,0x00,0x00, 
	0x00,0x00,0x00,0x00, 
	0x00,0x00,0x00,0x00, 
	0x00,0x00,0x00,0x00, 
	0x00,0x00,0x00,0x00, 
	0x00,0x00,0x00,0x00, 
	0x00,0x00,0x00,0x00, 
	0x00,0x00,0x00,0x00, 
	0x00,0x00,0x00,0x00, 
	0x00,0x00,0x00,0x00, 
	0x00,0x00,0x00,0x00, 
	0x00,0x00,0x00,0x00, 
	0x00,0x00,0x00,0x00, 
	0x00,0x00,0x00,0x00, 
	0x00,0x00,0x00,0x00, 
	0x00,0x00,0x00,0x00, 
	0x00,0x00,0x00,0x00, 
	0x00,0x00,0x00,0x00, 
	0x00,0x00,0x00,0x00, 
	0x00,0x00,0x00,0x00, 
	0x00,0x00,0x00,0x00, 
	0x00,0x00,0x00,0x00, 
	0x00,0x00,0x00,0x00, 
	0x00,0x00,0x00,0x00, 
	0x00,0x00,0x00,0x00, 
	0x00,0x00,0x00,0x00, 
	0x00,0x00,0x00,0x00, 
	0x00,0x00,0x00,0x00, 
	0x00,0x00,0x00,0x00, 
	0x00,0x00,0x00,0x00, 
	0x00,0x00,0x00,0x00, 
	0x00,0x00,0x00,0x00, 
	0x00,0x00,0x00,0x00, 
	0x00,0x00,0x00,0x00, 
	0x00,0x00,0x00,0x00, 
	0x00,0x00,0x00,0x00, 
	0x00,0x00,0x00,0x00, 
	0x00,0x00,0x00,0x00, 
	0x00,0x00,0x00,0x00, 
	0x00,0x00,0x00,0x00, 
	0x00,0x00,0x00,0x00, 
	0x00,0x00,0x00,0x00, 
	0x00,0x00,0x00,0x00, 
	0x00,0x00,0x00,0x00, 
	0x00,0x00,0x00,0x00, 
	0x00,0x00,0x00,0x00, 
	0x00,0x00,0x00,0x00, 
	0x00,0x00,0x00,0x00, 
	0x00,0x00,0x00,0x00, 
	0x00,0x00,0x00,0x00, 
	0x00,0x00,0x00,0x00, 
	0x00,0x00,0x00,0x00, 
	0x00,0x00,0x00,0x00, 
	0x00,0x00,0x00,0x00, 
	0x00,0x00,0x00,0x00, 
	0x00,0x00,0x00,0x00, 
	0x00,0x00,0x00,0x00, 
	0x00,0x00,0x00,0x00, 
	0x00,0x00,0x00,0x00, 
	0x00,0x00,0x00,0x00, 
	0x00,0x00,0x00,0x00, 
	0x00,0x00,0x00,0x00, 
	0x00,0x00,0x00,0x00, 
	0x00,0x00,0x00,0x00, 
	0x00,0x00,0x00,0x00, 
	0x00,0x00,0x00,0x00, 
	0x00,0x00,0x00,0x00, 
	0x00,0x00,0x00,0x00, 
	0x00,0x00,0x00,0x00, 
	0x00,0x00,0x00,0x00, 
	0x00,0x00,0x00,0x00, 
	0x00,0x00,0x00,0x00, 
	0x00,0x00,0x00,0x00, 
	0x00,0x00,0x00,0x00, 
	0x00,0x00,0x00,0x00, 
	0x00,0x00,0x00,0x00, 
	0x00,0x00,0x00,0x00, 
	0x00,0x00,0x00,0x00, 
	0x00,0x00,0x00,0x00, 
	0x00,0x00,0x00,0x00, 
	0x00,0x00,0x00,0x00, 
	0x00,0x00,0x00,0x00, 
	0x00,0x00,0x00,0x00, 
	0x00,0x00,0x00,0x00, 
	0x00,0x00,0x00,0x00, 
	0x00,0x00,0x00,0x00, 
	0x00,0x00,0x00,0x00, 
	0x00,0x00,0x00,0x00, 
	0x00,0x00,0x00,0x00, 
	0x00,0x00,0x00,0x00, 
	0x00,0x00,0x00,0x00, 
	0x00,0x00,0x00,0x00, 
	0x00,0x00,0x00,0x00, 
	0x00,0x00,0x00,0x00, 
	0x00,0x00,0x00,0x00, 
	0x00,0x00,0x00,0x00, 
	0x00,0x00,0x00,0x00, 
	0x00,0x00,0x00,0x00, 
	0x00,0x00,0x00,0x00, 
	0x00,0x00,0x00,0x00, 
	0x00,0x00,0x00,0x00, 
	0x00,0x00,0x00,0x00, 
	0x00,0x00,0x00,0x00, 
	0x00,0x00,0x00,0x00, 
	0x00,0x00,0x00,0x00, 
	0x00,0x00,0x00,0x00, 
	0x00,0x00,0x00,0x00, 
	0x00,0x00,0x00,0x00, 
	0x00,0x00,0x00,0x00, 
	0x00,0x00,0x00,0x00, 
	0x00,0x00,0x00,0x00, 
	0x00,0x00,0x00,0x00, 
	0x00,0x00,0x00,0x00, 
	0x00,0x00,0x00,0x00, 
	0x00,0x00,0x00,0x00, 
	0x00,0x00,0x00,0x00, 
	0x00,0x00,0x00,0x00, 
	0x00,0x00,0x00,0x00, 
	0x00,0x00,0x00,0x00, 
	0x00,0x00,0x00,0x00, 
	0x00,0x00,0x00,0x00, 
	0x00,0x00,0x00,0x00, 
	0x00,0x00,0x00,0x00, 
	0x00,0x00,0x00,0x00, 
	0x00,0x00,0x00,0x00, 
	0x00,0x00,0x00,0x00, 
	0x00,0x00,0x00,0x00, 
	0x00,0x00,0x00,0x00, 
	0x00,0x00,0x00,0x00, 
	0x00,0x00,0x00,0x00, 
	0x00,0x00,0x00,0x00, 
	0x00,0x00,0x00,0x00, 
	0x00,0x00,0x00,0x00, 
	0x00,0x00,0x00,0x00, 
	0x00,0x00,0x00,0x00, 
	0x00,0x00,0x00,0x00, 
	0x00,0x00,0x00,0x00, 
	0x00,0x00,0x00,0x00, 
	0x00,0x00,0x00,0x00, 
	0x00,0x00,0x00,0x00, 
	0x00,0x00,0x00,0x00, 
	0x00,0x00,0x00,0x00, 
	0x00,0x00,0x00,0x00, 
	0x00,0x00,0x00,0x00, 
	0x00,0x00,0x00,0x00, 
	0x00,0x00,0x00,0x00, 
	0x00,0x00,0x00,0x00, 
	0x00,0x00,0x00,0x00, 
	0x00,0x00,0x00,0x00, 
	0x00,0x00,0x00,0x00, 
	0x00,0x00,0x00,0x00, 
	0x00,0x00,0x00,0x00, 
	0x00,0x00,0x00,0x00, 
	0x00,0x00,0x00,0x00, 
	0x00,0x00,0x00,0x00, 
	0x00,0x00,0x00,0x00, 
	0x00,0x00,0x00,0x00, 
	0x00,0x00,0x00,0x00, 
	0x00,0x00,0x00,0x00, 
	0x00,0x00,0x00,0x00, 
	0x00,0x00,0x00,0x00, 
	0x00,0x00,0x00,0x00, 
	0x00,0x00,0x00,0x00, 
	0x00,0x00,0x00,0x00, 
	0x00,0x00,0x00,0x00, 
	0x00,0x00,0x00,0x00, 
	0x00,0x00,0x00,0x00, 
	0x00,0x00,0x00,0x00, 
	0x00,0x00,0x00,0x00, 
	0x00,0x00,0x00,0x00, 
	0x00,0x00,0x00,0x00, 
	0x00,0x00,0x00,0x00, 
	0x00,0x00,0x00,0x00, 
	0x00,0x00,0x00,0x00, 
	0x00,0x00,0x00,0x00, 
	0x00,0x00,0x00,0x00, 
	0x00,0x00,0x00,0x00, 
	0x00,0x00,0x00,0x00, 
	0x00,0x00,0x00,0x00, 
	0x00,0x00,0x00,0x00, 
	0x00,0x00,0x00,0x00, 
	0x00,0x00,0x00,0x00, 
	0x00,0x00,0x00,0x00, 
	0x00,0x00,0x00,0x00, 
	0x00,0x00,0x00,0x00, 
	0x00,0x00,0x00,0x00, 
	0x00,0x00,0x00,0x00, 
	0x00,0x00,0x00,0x00, 
	0x00,0x00,0x00,0x00, 
	0x00,0x00,0x00,0x00, 
	0x00,0x00,0x00,0x00, 
	0x00,0x00,0x00,0x00, 
	0x00,0x00,0x00,0x00, 
	0x00,0x00,0x00,0x00, 
	0x00,0x00,0x00,0x00, 
	0x00,0x00,0x00,0x00, 
	0x00,0x00,0x00,0x00, 
	0x00,0x00,0x00,0x00, 
	0x00,0x00,0x00,0x00, 
	0x00,0x00,0x00,0x00, 
	0x00,0x00,0x00,0x00, 
	0x00,0x00,0x00,0x00, 
	0x00,0x00,0x00,0x00, 
	0x00,0x00,0x00,0x00, 
	0x00,0x00,0x00,0x00, 
	0x00,0x00,0x00,0x00, 
	0x00,0x00,0x00,0x00, 
	0x00,0x00,0x00,0x00, 
	0x00,0x00,0x00,0x00, 
	0x00,0x00,0x00,0x00, 
	0x00,0x00,0x00,0x00, 
	0x00,0x00,0x00,0x00, 
	0x00,0x00,0x00,0x00, 
	0x00,0x00,0x00,0x00, 
	0x00,0x00,0x00,0x00, 
	0x00,0x00,0x00,0x00, 
	0x00,0x00,0x00,0x00, 
	0x00,0x00,0x00,0x00, 
	0x00,0x00,0x00,0x00, 
	0x00,0x00,0x00,0x00, 
	0x00,0x00,0x00,0x00, 
	0x00,0x00,0x00,0x00, 
	0x00,0x00,0x00,0x00, 
	0x00,0x00,0x00,0x00, 
	0x00,0x00,0x00,0x00, 
	0x00,0x00,0x00,0x00, 
	0x00,0x00,0x00,0x00, 
	0x00,0x00,0x00,0x00, 
	0x00,0x00,0x00,0x00, 
	0x00,0x00,0x00,0x00, 
	0x00,0x00,0x00,0x00, 
	0x00,0x00,0x00,0x00, 
	0x00,0x00,0x00,0x00, 
	0x00,0x00,0x00,0x00, 
	0x00,0x00,0x00,0x00, 
	0x00,0x00,0x00,0x00, 
	0x00,0x00,0x00,0x00, 
	0x00,0x00,0x00,0x00, 
	0x00,0x00,0x00,0x00, 
	0x00,0x00,0x00,0x00, 
	0x00,0x00,0x00,0x00, 
	0x00,0x00,0x00,0x00, 
	0x00,0x00,0x00,0x00, 
	0x00,0x00,0x00,0x00, 
	0x00,0x00,0x00,0x00, 
	0x00,0x00,0x00,0x00, 
	0x00,0x00,0x00,0x00, 
	0x00,0x00,0x00,0x00, 
	0x00,0x00,0x00,0x00, 
	0x00,0x00,0x00,0x00, 
	0x00,0x00,0x00,0x00, 
	0x00,0x00,0x00,0x00, 
	0x00,0x00,0x00,0x00, 
	0x00,0x00,0x00,0x00, 
	0x00,0x00,0x00,0x00, 
	0x00,0x00,0x00,0x00, 
	0x00,0x00,0x00,0x00, 
	0x00,0x00,0x00,0x00, 
	0x00,0x00,0x00,0x00, 
	0x00,0x00,0x00,0x00, 
	0x00,0x00,0x00,0x00, 
	0x00,0x00,0x00,0x00, 
	0x00,0x00,0x00,0x00, 
	0x00,0x00,0x00,0x00, 
	0x00,0x00,0x00,0x00, 
	0x00,0x00,0x00,0x00, 
	0x00,0x00,0x00,0x00, 
	0x00,0x00,0x00,0x00, 
	0x00,0x00,0x00,0x00, 
	0x00,0x00,0x00,0x00, 
	0x00,0x00,0x00,0x00, 
	0x00,0x00,0x00,0x00, 
	0x00,0x00,0x00,0x00, 
	0x00,0x00,0x00,0x00, 
	0x00,0x00,0x00,0x00, 
	0x00,0x00,0x00,0x00, 
	0x00,0x00,0x00,0x00, 
	0x00,0x00,0x00,0x00, 
	0x00,0x00,0x00,0x00, 
	0x00,0x00,0x00,0x00, 
	0x00,0x00,0x00,0x00, 
	0x00,0x00,0x00,0x00, 
	0x00,0x00,0x00,0x00, 
	0x00,0x00,0x00,0x00, 
	0x00,0x00,0x00,0x00, 
	0x00,0x00,0x00,0x00, 
	0x00,0x00,0x00,0x00, 
	0x00,0x00,0x00,0x00, 
	0x00,0x00,0x00,0x00, 
	0x00,0x00,0x00,0x00, 
	0x00,0x00,0x00,0x00, 
	0x00,0x00,0x00,0x00, 
	0x00,0x00,0x00,0x00, 
	0x00,0x00,0x00,0x00, 
	0x00,0x00,0x00,0x00, 
	0x00,0x00,0x00,0x00, 
	0x00,0x00,0x00,0x00, 
	0x00,0x00,0x00,0x00, 
	0x00,0x00,0x00,0x00, 
	0x00,0x00,0x00,0x00, 
	0x00,0x00,0x00,0x00, 
	0x00,0x00,0x00,0x00, 
	0x00,0x00,0x00,0x00, 
	0x00,0x00,0x00,0x00, 
	0x00,0x00,0x00,0x00, 
	0x00,0x00,0x00,0x00, 
	0x00,0x00,0x00,0x00, 
	0x00,0x00,0x00,0x00, 
	0x00,0x00,0x00,0x00, 
	0x00,0x00,0x00,0x00, 
	0x00,0x00,0x00,0x00, 
	0x00,0x00,0x00,0x00, 
	0x00,0x00,0x00,0x00, 
	0x00,0x00,0x00,0x00, 
	0x00,0x00,0x00,0x00, 
	0x00,0x00,0x00,0x00, 
	0x00,0x00,0x00,0x00, 
	0x00,0x00,0x00,0x00, 
	0x00,0x00,0x00,0x00, 
	0x00,0x00,0x00,0x00, 
	0x00,0x00,0x00,0x00, 
	0x00,0x00,0x00,0x00, 
	0x00,0x00,0x00,0x00, 
	0x00,0x00,0x00,0x00, 
	0x00,0x00,0x00,0x00, 
	0x00,0x00,0x00,0x00, 
	0x00,0x00,0x00,0x00, 
	0x00,0x00,0x00,0x00, 
	0x00,0x00,0x00,0x00, 
	0x00,0x00,0x00,0x00, 
	0x00,0x00,0x00,0x00, 
	0x00,0x00,0x00,0x00, 
	0x00,0x00,0x00,0x00, 
	0x00,0x00,0x00,0x00, 
	0x00,0x00,0x00,0x00, 
	0x00,0x00,0x00,0x00, 
	0x00,0x00,0x00,0x00, 
	0x00,0x00,0x00,0x00, 
	0x00,0x00,0x00,0x00, 
	0x00,0x00,0x00,0x00, 
	0x00,0x00,0x00,0x00, 
	0x00,0x00,0x00,0x00, 
	0x00,0x00,0x00,0x00, 
	0x00,0x00,0x00,0x00, 
	0x00,0x00,0x00,0x00, 
	0x00,0x00,0x00,0x00, 
	0x00,0x00,0x00,0x00, 
	0x00,0x00,0x00,0x00, 
	0x00,0x00,0x00,0x00, 
	0x00,0x00,0x00,0x00, 
	0x00,0x00,0x00,0x00, 
	0x00,0x00,0x00,0x00, 
	0x00,0x00,0x00,0x00, 
	0x00,0x00,0x00,0x00, 
	0x00,0x00,0x00,0x00, 
	0x00,0x00,0x00,0x00, 
	0x00,0x00,0x00,0x00, 
	0x00,0x00,0x00,0x00, 
	0x00,0x00,0x00,0x00, 
	0x00,0x00,0x00,0x00, 
	0x00,0x00,0x00,0x00, 
	0x00,0x00,0x00,0x00, 
	0x00,0x00,0x00,0x00, 
	0x00,0x00,0x00,0x00, 
	0x00,0x00,0x00,0x00, 
	0x00,0x00,0x00,0x00, 
	0x00,0x00,0x00,0x00, 
	0x00,0x00,0x00,0x00, 
	0x00,0x00,0x00,0x00, 
	0x00,0x00,0x00,0x00, 
	0x00,0x00,0x00,0x00, 
	0x00,0x00,0x00,0x00, 
	0x00,0x00,0x00,0x00, 
	0x00,0x00,0x00,0x00, 
	0x00,0x00,0x00,0x00, 
	0x00,0x00,0x00,0x00, 
	0x00,0x00,0x00,0x00, 
	0x00,0x00,0x00,0x00, 
	0x00,0x00,0x00,0x00, 
	0x00,0x00,0x00,0x00, 
	0x00,0x00,0x00,0x00, 
	0x00,0x00,0x00,0x00, 
	0x00,0x00,0x00,0x00, 
	0x00,0x00,0x00,0x00, 
	0x00,0x00,0x00,0x00, 
	0x00,0x00,0x00,0x00, 
	0x00,0x00,0x00,0x00, 
	0x00,0x00,0x00,0x00, 
	0x00,0x00,0x00,0x00, 
	0x00,0x00,0x00,0x00, 
	0x00,0x00,0x00,0x00, 
	0x00,0x00,0x00,0x00, 
	0x00,0x00,0x00,0x00, 
	0x00,0x00,0x00,0x00, 
	0x00,0x00,0x00,0x00, 
	0x00,0x00,0x00,0x00, 
	0x00,0x00,0x00,0x00, 
	0x00,0x00,0x00,0x00, 
	0x00,0x00,0x00,0x00, 
	0x00,0x00,0x00,0x00, 
	0x00,0x00,0x00,0x00, 
	0x00,0x00,0x00,0x00, 
	0x00,0x00,0x00,0x00, 
	0x00,0x00,0x00,0x00, 
	0x00,0x00,0x00,0x00, 
	0x00,0x00,0x00,0x00, 
	0x00,0x00,0x00,0x00, 
	0x00,0x00,0x00,0x00, 
	0x00,0x00,0x00,0x00, 
	0x00,0x00,0x00,0x00, 
	0x00,0x00,0x00,0x00, 
	0x00,0x00,0x00,0x00, 
	0x00,0x00,0x00,0x00, 
	0x00,0x00,0x00,0x00, 
	0x00,0x00,0x00,0x00, 
	0x00,0x00,0x00,0x00, 
	0x00,0x00,0x00,0x00, 
	0x00,0x00,0x00,0x00, 
	0x00,0x00,0x00,0x00, 
	0x00,0x00,0x00,0x00, 
	0x00,0x00,0x00,0x00, 
	0x00,0x00,0x00,0x00, 
	0x00,0x00,0x00,0x00, 
	0x00,0x00,0x00,0x00, 
	0x00,0x00,0x00,0x00, 
	0x00,0x00,0x00,0x00, 
	0x00,0x00,0x00,0x00, 
	0x00,0x00,0x00,0x00, 
	0x00,0x00,0x00,0x00, 
	0x00,0x00,0x00,0x00, 
	0x00,0x00,0x00,0x00, 
	0x00,0x00,0x00,0x00, 
	0x00,0x00,0x00,0x00, 
	0x00,0x00,0x00,0x00, 
	0x00,0x00,0x00,0x00, 
	0x00,0x00,0x00,0x00, 
	0x00,0x00,0x00,0x00, 
	0x00,0x00,0x00,0x00, 
	0x00,0x00,0x00,0x00, 
	0x00,0x00,0x00,0x00, 
	0x00,0x00,0x00,0x00, 
	0x00,0x00,0x00,0x00, 
	0x00,0x00,0x00,0x00, 
	0x00,0x00,0x00,0x00, 
	0x00,0x00,0x00,0x00, 
	0x00,0x00,0x00,0x00, 
	0x00,0x00,0x00,0x00, 
	0x00,0x00,0x00,0x00, 
	0x00,0x00,0x00,0x00, 
	0x00,0x00,0x00,0x00, 
	0x00,0x00,0x00,0x00, 
	0x00,0x00,0x00,0x00, 
	0x00,0x00,0x00,0x00, 
	0x00,0x00,0x00,0x00, 
	0x00,0x00,0x00,0x00, 
	0x00,0x00,0x00,0x00, 
	0x00,0x00,0x00,0x00, 
	0x00,0x00,0x00,0x00, 
	0x00,0x00,0x00,0x00, 
	0x00,0x00,0x00,0x00, 
	0x00,0x00,0x00,0x00, 
	0x00,0x00,0x00,0x00, 
	0x00,0x00,0x00,0x00, 
	0x00,0x00,0x00,0x00, 
	0x00,0x00,0x00,0x00, 
	0x00,0x00,0x00,0x00, 
	0x00,0x00,0x00,0x00, 
	0x00,0x00,0x00,0x00, 
	0x00,0x00,0x00,0x00, 
	0x00,0x00,0x00,0x00, 
	0x00,0x00,0x00,0x00, 
	0x00,0x00,0x00,0x00, 
	0x00,0x00,0x00,0x00, 
	0x00,0x00,0x00,0x00, 
	0x00,0x00,0x00,0x00, 
	0x00,0x00,0x00,0x00, 
	0x00,0x00,0x00,0x00, 
	0x00,0x00,0x00,0x00, 
	0x00,0x00,0x00,0x00, 
	0x00,0x00,0x00,0x00, 
	0x00,0x00,0x00,0x00, 
	0x00,0x00,0x00,0x00, 
	0x00,0x00,0x00,0x00, 
	0x00,0x00,0x00,0x00, 
	0x00,0x00,0x00,0x00, 
	0x00,0x00,0x00,0x00, 
	0x00,0x00,0x00,0x00, 
	0x00,0x00,0x00,0x00, 
	0x00,0x00,0x00,0x00, 
	0x00,0x00,0x00,0x00, 
	0x00,0x00,0x00,0x00, 
	0x00,0x00,0x00,0x00, 
	0x00,0x00,0x00,0x00, 
	0x00,0x00,0x00,0x00, 
	0x00,0x00,0x00,0x00, 
	0x00,0x00,0x00,0x00, 
	0x00,0x00,0x00,0x00, 
	0x00,0x00,0x00,0x00, 
	0x00,0x00,0x00,0x00, 
	0x00,0x00,0x00,0x00, 
	0x00,0x00,0x00,0x00, 
	0x00,0x00,0x00,0x00, 
	0x00,0x00,0x00,0x00, 
	0x00,0x00,0x00,0x00, 
	0x00,0x00,0x00,0x00, 
	0x00,0x00,0x00,0x00, 
	0x00,0x00,0x00,0x00, 
	0x00,0x00,0x00,0x00, 
	0x00,0x00,0x00,0x00, 
	0x00,0x00,0x00,0x00, 
	0x00,0x00,0x00,0x00, 
	0x00,0x00,0x00,0x00, 
	0x00,0x00,0x00,0x00, 
	0x00,0x00,0x00,0x00, 
	0x00,0x00,0x00,0x00, 
	0x00,0x00,0x00,0x00, 
	0x00,0x00,0x00,0x00, 
	0x00,0x00,0x00,0x00, 
	0x00,0x00,0x00,0x00, 
	0x00,0x00,0x00,0x00, 
	0x00,0x00,0x00,0x00, 
	0x00,0x00,0x00,0x00, 
	0x00,0x00,0x00,0x00, 
	0x00,0x00,0x00,0x00, 
	0x00,0x00,0x00,0x00, 
	0x00,0x00,0x00,0x00, 
	0x00,0x00,0x00,0x00, 
	0x00,0x00,0x00,0x00, 
	0x00,0x00,0x00,0x00, 
	0x00,0x00,0x00,0x00, 
	0x00,0x00,0x00,0x00, 
	0x00,0x00,0x00,0x00, 
	0x00,0x00,0x00,0x00, 
	0x00,0x00,0x00,0x00, 
	0x00,0x00,0x00,0x00, 
	0x00,0x00,0x00,0x00, 
	0x00,0x00,0x00,0x00, 
	0x00,0x00,0x00,0x00, 
	0x00,0x00,0x00,0x00, 
	0x00,0x00,0x00,0x00, 
	0x00,0x00,0x00,0x00, 
	0x00,0x00,0x00,0x00, 
	0x00,0x00,0x00,0x00, 
	0x00,0x00,0x00,0x00, 
	0x00,0x00,0x00,0x00, 
	0x00,0x00,0x00,0x00, 
	0x00,0x00,0x00,0x00, 
	0x00,0x00,0x00,0x00, 
	0x00,0x00,0x00,0x00, 
	0x00,0x00,0x00,0x00, 
	0x00,0x00,0x00,0x00, 
	0x00,0x00,0x00,0x00, 
	0x00,0x00,0x00,0x00, 
	0x00,0x00,0x00,0x00, 
	0x00,0x00,0x00,0x00, 
	0x00,0x00,0x00,0x00, 
	0x00,0x00,0x00,0x00, 
	0x00,0x00,0x00,0x00, 
	0x00,0x00,0x00,0x00, 
	0x00,0x00,0x00,0x00, 
	0x00,0x00,0x00,0x00, 
	0x00,0x00,0x00,0x00, 
	0x00,0x00,0x00,0x00, 
	0x00,0x00,0x00,0x00, 
	0x00,0x00,0x00,0x00, 
	0x00,0x00,0x00,0x00, 
	0x00,0x00,0x00,0x00, 
	0x00,0x00,0x00,0x00, 
	0x00,0x00,0x00,0x00, 
	0x00,0x00,0x00,0x00, 
	0x00,0x00,0x00,0x00, 
	0x00,0x00,0x00,0x00, 
	0x00,0x00,0x00,0x00, 
	0x00,0x00,0x00,0x00, 
	0x00,0x00,0x00,0x00, 
	0x00,0x00,0x00,0x00, 
	0x00,0x00,0x00,0x00, 
	0x00,0x00,0x00,0x00, 
	0x00,0x00,0x00,0x00, 
	0x00,0x00,0x00,0x00, 
	0x00,0x00,0x00,0x00, 
	0x00,0x00,0x00,0x00, 
	0x00,0x00,0x00,0x00, 
	0x00,0x00,0x00,0x00, 
	0x00,0x00,0x00,0x00, 
	0x00,0x00,0x00,0x00, 
	0x00,0x00,0x00,0x00, 
	0x00,0x00,0x00,0x00, 
	0x00,0x00,0x00,0x00, 
	0x00,0x00,0x00,0x00, 
	0x00,0x00,0x00,0x00, 
	0x00,0x00,0x00,0x00, 
	0x00,0x00,0x00,0x00, 
	0x00,0x00,0x00,0x00, 
	0x00,0x00,0x00,0x00, 
	0x00,0x00,0x00,0x00, 
	0x00,0x00,0x00,0x00, 
	0x00,0x00,0x00,0x00, 
	0x00,0x00,0x00,0x00, 
	0x00,0x00,0x00,0x00, 
	0x00,0x00,0x00,0x00, 
	0x00,0x00,0x00,0x00, 
	0x00,0x00,0x00,0x00, 
	0x00,0x00,0x00,0x00, 
	0x00,0x00,0x00,0x00, 
	0x00,0x00,0x00,0x00, 
	0x00,0x00,0x00,0x00, 
	0x00,0x00,0x00,0x00, 
	0x00,0x00,0x00,0x00, 
	0x00,0x00,0x00,0x00, 
	0x00,0x00,0x00,0x00, 
	0x00,0x00,0x00,0x00, 
	0x00,0x00,0x00,0x00, 
	0x00,0x00,0x00,0x00, 
	0x00,0x00,0x00,0x00, 
	0x00,0x00,0x00,0x00, 
	0x00,0x00,0x00,0x00, 
	0x00,0x00,0x00,0x00, 
	0x00,0x00,0x00,0x00, 
	0x00,0x00,0x00,0x00, 
	0x00,0x00,0x00,0x00, 
	0x00,0x00,0x00,0x00, 
	0x00,0x00,0x00,0x00, 
	0x00,0x00,0x00,0x00, 
	0x00,0x00,0x00,0x00, 
	0x00,0x00,0x00,0x00, 
	0x00,0x00,0x00,0x00, 
	0x00,0x00,0x00,0x00, 
	0x00,0x00,0x00,0x00, 
	0x00,0x00,0x00,0x00, 
	0x00,0x00,0x00,0x00, 
	0x00,0x00,0x00,0x00, 
	0x00,0x00,0x00,0x00, 
	0x00,0x00,0x00,0x00, 
	0x00,0x00,0x00,0x00, 
	0x00,0x00,0x00,0x00, 
	0x00,0x00,0x00,0x00, 
	0x00,0x00,0x00,0x00, 
	0x00,0x00,0x00,0x00, 
	0x00,0x00,0x00,0x00, 
	0x00,0x00,0x00,0x00, 
	0x00,0x00,0x00,0x00, 
	0x00,0x00,0x00,0x00, 
	0x00,0x00,0x00,0x00, 
	0x00,0x00,0x00,0x00, 
	0x00,0x00,0x00,0x00, 
	0x00,0x00,0x00,0x00, 
	0x00,0x00,0x00,0x00, 
	0x00,0x00,0x00,0x00, 
	0x00,0x00,0x00,0x00, 
	0x00,0x00,0x00,0x00, 
	0x00,0x00,0x00,0x00, 
	0x00,0x00,0x00,0x00, 
	0x00,0x00,0x00,0x00, 
	0x00,0x00,0x00,0x00, 
	0x00,0x00,0x00,0x00, 
	0x00,0x00,0x00,0x00, 
	0x00,0x00,0x00,0x00, 
	0x00,0x00,0x00,0x00, 
	0x00,0x00,0x00,0x00, 
	0x00,0x00,0x00,0x00, 
	0x00,0x00,0x00,0x00, 
	0x00,0x00,0x00,0x00, 
	0x00,0x00,0x00,0x00, 
	0x00,0x00,0x00,0x00, 
	0x00,0x00,0x00,0x00, 
	0x00,0x00,0x00,0x00, 
	0x00,0x00,0x00,0x00, 
	0x00,0x00,0x00,0x00, 
	0x00,0x00,0x00,0x00, 
	0x00,0x00,0x00,0x00, 
	0x00,0x00,0x00,0x00, 
	0x00,0x00,0x00,0x00, 
	0x00,0x00,0x00,0x00, 
	0x00,0x00,0x00,0x00, 
	0x00,0x00,0x00,0x00, 
	0x00,0x00,0x00,0x00, 
	0x00,0x00,0x00,0x00, 
	0x00,0x00,0x00,0x00, 
	0x00,0x00,0x00,0x00, 
	0x00,0x00,0x00,0x00, 
	0x00,0x00,0x00,0x00, 
	0x00,0x00,0x00,0x00, 
	0x00,0x00,0x00,0x00, 
	0x00,0x00,0x00,0x00, 
	0x00,0x00,0x00,0x00, 
	0x00,0x00,0x00,0x00, 
	0x00,0x00,0x00,0x00, 
	0x00,0x00,0x00,0x00, 
	0x00,0x00,0x00,0x00, 
	0x00,0x00,0x00,0x00, 
	0x00,0x00,0x00,0x00, 
	0x00,0x00,0x00,0x00, 
	0x00,0x00,0x00,0x00, 
	0x00,0x00,0x00,0x00, 
	0x00,0x00,0x00,0x00, 
	0x00,0x00,0x00,0x00, 
	0x00,0x00,0x00,0x00, 
	0x00,0x00,0x00,0x00, 
	0x00,0x00,0x00,0x00, 
	0x00,0x00,0x00,0x00, 
	0x00,0x00,0x00,0x00, 
	0x00,0x00,0x00,0x00, 
	0x00,0x00,0x00,0x00, 
	0x00,0x00,0x00,0x00, 
	0x00,0x00,0x00,0x00, 
	0x00,0x00,0x00,0x00, 
	0x00,0x00,0x00,0x00, 
	0x00,0x00,0x00,0x00, 
	0x00,0x00,0x00,0x00, 
	0x00,0x00,0x00,0x00, 
	0x00,0x00,0x00,0x00, 
	0x00,0x00,0x00,0x00, 
	0x00,0x00,0x00,0x00, 
	0x00,0x00,0x00,0x00, 
	0x00,0x00,0x00,0x00, 
	0x00,0x00,0x00,0x00, 
	0x00,0x00,0x00,0x00, 
	0x00,0x00,0x00,0x00, 
	0x00,0x00,0x00,0x00, 
	0x00,0x00,0x00,0x00, 
	0x00,0x00,0x00,0x00, 
	0x00,0x00,0x00,0x00, 
	0x00,0x00,0x00,0x00, 
	0x00,0x00,0x00,0x00, 
	0x00,0x00,0x00,0x00, 
	0x00,0x00,0x00,0x00, 
	0x00,0x00,0x00,0x00, 
	0x00,0x00,0x00,0x00, 
	0x00,0x00,0x00,0x00, 
	0x00,0x00,0x00,0x00, 
	0x00,0x00,0x00,0x00, 
	0x00,0x00,0x00,0x00, 
	0x00,0x00,0x00,0x00, 
	0x00,0x00,0x00,0x00, 
	0x00,0x00,0x00,0x00, 
	0x00,0x00,0x00,0x00, 
	0x00,0x00,0x00,0x00, 
	0x00,0x00,0x00,0x00, 
	0x00,0x00,0x00,0x00, 
	0x00,0x00,0x00,0x00, 
	0x00,0x00,0x00,0x00, 
	0x00,0x00,0x00,0x00, 
	0x00,0x00,0x00,0x00, 
	0x00,0x00,0x00,0x00, 
	0x00,0x00,0x00,0x00, 
	0x00,0x00,0x00,0x00, 
	0x00,0x00,0x00,0x00, 
	0x00,0x00,0x00,0x00, 
	0x00,0x00,0x00,0x00, 
	0x00,0x00,0x00,0x00, 
	0x00,0x00,0x00,0x00, 
	0x00,0x00,0x00,0x00, 
	0x00,0x00,0x00,0x00, 
	0x00,0x00,0x00,0x00, 
	0x00,0x00,0x00,0x00, 
	0x00,0x00,0x00,0x00, 
	0x00,0x00,0x00,0x00, 
	0x00,0x00,0x00,0x00, 
	0x00,0x00,0x00,0x00, 
	0x00,0x00,0x00,0x00, 
	0x00,0x00,0x00,0x00, 
	0x00,0x00,0x00,0x00, 
	0x00,0x00,0x00,0x00, 
	0x00,0x00,0x00,0x00, 
	0x00,0x00,0x00,0x00, 
	0x00,0x00,0x00,0x00, 
	0x00,0x00,0x00,0x00, 
	0x00,0x00,0x00,0x00, 
	0x00,0x00,0x00,0x00, 
	0x00,0x00,0x00,0x00, 
	0x00,0x00,0x00,0x00, 
	0x00,0x00,0x00,0x00, 
	0x00,0x00,0x00,0x00, 
	0x00,0x00,0x00,0x00, 
	0x00,0x00,0x00,0x00, 
	0x00,0x00,0x00,0x00, 
	0x00,0x00,0x00,0x00, 
	0x00,0x00,0x00,0x00, 
	0x00,0x00,0x00,0x00, 
	0x00,0x00,0x00,0x00, 
	0x00,0x00,0x00,0x00, 
	0x00,0x00,0x00,0x00, 
	0x00,0x00,0x00,0x00, 
	0x00,0x00,0x00,0x00, 
	0x00,0x00,0x00,0x00, 
	0x00,0x00,0x00,0x00, 
	0x00,0x00,0x00,0x00, 
	0x00,0x00,0x00,0x00, 
	0x00,0x00,0x00,0x00, 
	0x00,0x00,0x00,0x00, 
	0x00,0x00,0x00,0x00, 
	0x00,0x00,0x00,0x00, 
	0x00,0x00,0x00,0x00, 
	0x00,0x00,0x00,0x00, 
	0x00,0x00,0x00,0x00, 
	0x00,0x00,0x00,0x00, 
	0x00,0x00,0x00,0x00, 
	0x00,0x00,0x00,0x00, 
	0x00,0x00,0x00,0x00, 
	0x00,0x00,0x00,0x00, 
	0x00,0x00,0x00,0x00, 
	0x00,0x00,0x00,0x00, 
	0x00,0x00,0x00,0x00, 
	0x00,0x00,0x00,0x00, 
	0x00,0x00,0x00,0x00, 
	0x00,0x00,0x00,0x00, 
	0x00,0x00,0x00,0x00, 
	0x00,0x00,0x00,0x00, 
	0x00,0x00,0x00,0x00, 
	0x00,0x00,0x00,0x00, 
	0x00,0x00,0x00,0x00, 
	0x00,0x00,0x00,0x00, 
	0x00,0x00,0x00,0x00, 
	0x00,0x00,0x00,0x00, 
	0x00,0x00,0x00,0x00, 
	0x00,0x00,0x00,0x00, 
	0x00,0x00,0x00,0x00, 
	0x00,0x00,0x00,0x00, 
	0x00,0x00,0x00,0x00, 
	0x00,0x00,0x00,0x00, 
	0x00,0x00,0x00,0x00, 
	0x00,0x00,0x00,0x00, 
	0x00,0x00,0x00,0x00, 
	0x00,0x00,0x00,0x00, 
	0x00,0x00,0x00,0x00, 
	0x00,0x00,0x00,0x00, 
	0x00,0x00,0x00,0x00, 
	0x00,0x00,0x00,0x00, 
	0x00,0x00,0x00,0x00, 
	0x00,0x00,0x00,0x00, 
	0x00,0x00,0x00,0x00, 
	0x00,0x00,0x00,0x00, 
	0x00,0x00,0x00,0x00, 
	0x00,0x00,0x00,0x00, 
	0x00,0x00,0x00,0x00, 
	0x00,0x00,0x00,0x00, 
	0x00,0x00,0x00,0x00, 
	0x00,0x00,0x00,0x00, 
	0x00,0x00,0x00,0x00, 
	0x00,0x00,0x00,0x00, 
	0x00,0x00,0x00,0x00, 
	0x00,0x00,0x00,0x00, 
	0x00,0x00,0x00,0x00, 
	0x00,0x00,0x00,0x00, 
	0x00,0x00,0x00,0x00, 
	0x00,0x00,0x00,0x00, 
	0x00,0x00,0x00,0x00, 
	0x00,0x00,0x00,0x00, 
	0x00,0x00,0x00,0x00, 
	0x00,0x00,0x00,0x00, 
	0x00,0x00,0x00,0x00, 
	0x00,0x00,0x00,0x00, 
	0x00,0x00,0x00,0x00, 
	0x00,0x00,0x00,0x00, 
	0x00,0x00,0x00,0x00, 
	0x00,0x00,0x00,0x00, 
	0x00,0x00,0x00,0x00, 
	0x00,0x00,0x00,0x00, 
	0x00,0x00,0x00,0x00, 
	0x00,0x00,0x00,0x00, 
	0x00,0x00,0x00,0x00, 
	0x00,0x00,0x00,0x00, 
	0x00,0x00,0x00,0x00, 
	0x00,0x00,0x00,0x00, 
	0x00,0x00,0x00,0x00, 
	0x00,0x00,0x00,0x00, 
	0x00,0x00,0x00,0x00, 
	0x00,0x00,0x00,0x00, 
	0x00,0x00,0x00,0x00, 
	0x00,0x00,0x00,0x00, 
	0x00,0x00,0x00,0x00, 
	0x00,0x00,0x00,0x00, 
	0x00,0x00,0x00,0x00, 
	0x00,0x00,0x00,0x00, 
	0x00,0x00,0x00,0x00, 
	0x00,0x00,0x00,0x00, 
	0x00,0x00,0x00,0x00, 
	0x00,0x00,0x00,0x00, 
	0x00,0x00,0x00,0x00, 
	0x00,0x00,0x00,0x00, 
	0x00,0x00,0x00,0x00, 
	0x00,0x00,0x00,0x00, 
	0x00,0x00,0x00,0x00, 
	0x00,0x00,0x00,0x00, 
	0x00,0x00,0x00,0x00, 
	0x00,0x00,0x00,0x00, 
	0x00,0x00,0x00,0x00, 
	0x00,0x00,0x00,0x00, 
	0x00,0x00,0x00,0x00, 
	0x00,0x00,0x00,0x00, 
	0x00,0x00,0x00,0x00, 
	0x00,0x00,0x00,0x00, 
	0x00,0x00,0x00,0x00, 
	0x00,0x00,0x00,0x00, 
	0x00,0x00,0x00,0x00, 
	0x00,0x00,0x00,0x00, 
	0x00,0x00,0x00,0x00, 
	0x00,0x80,0xfe,0x3f, 
	0x20,0x00,0x04,0x00, 
	0xc4,0x05,0xfe,0x3f, 
	0xd4,0x05,0xfe,0x3f, 
	0xe8,0x05,0xfe,0x3f, 
	0xe0,0x05,0xfe,0x3f, 
	0xe4,0x05,0xfe,0x3f, 
	0x00,0x05,0x00,0x40, 
	0x48,0xa0,0x00,0x40, 
	0xc4,0x0c,0xfe,0x3f, 
	0xec,0x05,0xfe,0x3f, 
	0x00,0xfe,0x03,0xf0, 
	0x00,0x00,0xa0,0x40, 
	0xf0,0x05,0xfe,0x3f, 
	0x00,0x00,0x60,0x41, 
	0x00,0x00,0x00,0xff, 
	0xff,0xff,0xff,0x00, 
	0xff,0xff,0xff,0xfd, 
	0x00,0x00,0xc0,0x40, 
	0x80,0xfc,0x0a,0x00, 
	0x00,0x00,0xb0,0x40, 
	0x00,0x00,0xf0,0x3f, 
	0x00,0x40,0x8f,0x40, 
	0x00,0x00,0xc9,0x41, 
	0x00,0x00,0x59,0x40, 
	0x00,0xdd,0x6d,0x00, 
	0x7f,0xa2,0x19,0x00, 
	0x22,0x00,0xa0,0x19, 
	0xc0,0x5d,0x00,0x00, 
	0x00,0x52,0x04,0xf0, 
	0x10,0x02,0x20,0x20, 
	0x70,0x17,0x00,0x00, 
	0x00,0x00,0x00,0x80, 
	0xbf,0x5d,0x00,0x00, 
	0xff,0xff,0xff,0x7f, 
	0x00,0x3e,0x04,0xf0, 
	0x00,0x02,0x04,0xf0, 
	0xff,0x7f,0xff,0xff, 
	0x00,0x80,0x00,0x00, 
	0x00,0x00,0xc0,0x3f, 
	0x00,0x00,0xe0,0x3f, 
	0x00,0x4e,0x04,0xf0, 
	0x00,0x40,0x6f,0x40, 
	0x00,0x00,0x10,0x40, 
	0x00,0x00,0xa0,0x3f, 
	0x00,0x00,0xe8,0x3f, 
	0x00,0x00,0xec,0x3f, 
	0x7d,0x7d,0xed,0x3f, 
	0x7d,0x7d,0x7d,0x7d, 
	0x00,0x00,0xb0,0x3f, 
	0x00,0x00,0xd0,0x3f, 
	0x55,0x55,0xe5,0x3f, 
	0x55,0x55,0x55,0x55, 
	0xaa,0xaa,0xea,0x3f, 
	0xab,0xaa,0xaa,0xaa, 
	0x00,0x88,0xb3,0x40, 
	0x00,0x1e,0x04,0xf0, 
	0x00,0x00,0xc0,0x41, 
	0x00,0x00,0xff,0xfe, 
	0x00,0xc0,0x5a,0x40, 
	0xff,0xff,0x00,0x00, 
	0xc8,0xaf,0x00,0x00, 
	0x00,0x00,0x00,0x01, 
	0xff,0xff,0xff,0x3f, 
	0x00,0x00,0x00,0xc0, 
	0xe6,0xaf,0x1f,0x01, 
	0xb7,0xd9,0xce,0xc0, 
	0x3d,0x04,0x9e,0x01, 
	0x00,0x80,0xe3,0x3f, 
	0x00,0x46,0x04,0xf0, 
	0x00,0x2e,0x04,0xf0, 
	0x00,0xa0,0xe7,0x3f, 
	0x00,0x80,0x67,0x40, 
	0x00,0x00,0x20,0x40, 
	0x40,0x30,0x00,0x00, 
	0x10,0x33,0x00,0x00, 
	0x70,0xc9,0x00,0x00, 
	0x00,0xd2,0x00,0x00, 
	0x28,0x1b,0x00,0x00, 
	0x80,0x7d,0x00,0x00, 
	0x00,0x25,0x00,0x00, 
	0xd0,0x96,0x00,0x00, 
	0x38,0x29,0x00,0x00, 
	0xd0,0xa7,0x00,0x00, 
	0x70,0x2d,0x00,0x00, 
	0xc8,0xbc,0x00,0x00, 
	0x00,0x05,0xc5,0x40, 
	0xf0,0xfb,0xbe,0xef, 
	0xfb,0xbe,0xbf,0x40, 
	0x00,0x1f,0x00,0x00, 
	0xff,0xe0,0xff,0xff, 
	0x00,0x98,0x3a,0x00, 
	0xb7,0x6d,0xdb,0xb6, 
	0x6d,0xdb,0xc1,0x40, 
	0x00,0x40,0xbf,0x40, 
	0xdb,0xf6,0x42,0x00, 
	0x00,0x20,0x4e,0x00, 
	0x92,0x24,0x49,0x92, 
	0x24,0xc9,0xba,0x40, 
	0x49,0x52,0xb6,0x40, 
	0x25,0x49,0x92,0x24, 
	0x00,0xc0,0x5d,0x00, 
	0xff,0xff,0xfe,0xff, 
	0x00,0xff,0x00,0x00, 
	0xff,0xef,0xff,0xff, 
	0xc9,0x23,0x00,0x40, 
	0x00,0x00,0x10,0x00, 
	0x00,0x22,0x04,0xf0, 
	0xff,0xff,0xbf,0xff, 
	0xff,0xff,0xff,0xf3, 
	0xff,0x00,0xff,0xff, 
	0xff,0xff,0xef,0xff, 
	0x00,0x06,0x04,0xf0, 
	0x00,0x00,0x00,0xa0, 
	0x50,0x2b,0x00,0x40, 
	0x01,0x00,0x00,0x80, 
	0x00,0x00,0x00,0x20, 
	0xff,0xff,0x88,0x7f, 
	0xff,0xf0,0xff,0xff, 
	0x00,0x00,0x23,0x00, 
	0xff,0xff,0xff,0x1f, 
	0x00,0x00,0x00,0x60, 
	0x00,0x00,0x00,0x10, 
	0xff,0x00,0xcf,0xff, 
	0x00,0x00,0xff,0xb8, 
	0xa0,0x17,0x00,0x43, 
	0x00,0x51,0x20,0x00, 
	0x7f,0xd1,0x00,0x00, 
	0x00,0x0a,0x00,0x70, 
	0xfb,0xff,0xff,0x78, 
	0x00,0x00,0xe0,0xff, 
	0x11,0x57,0x07,0x00, 
	0xff,0xff,0xff,0x8f, 
	0x00,0x00,0xff,0xcf, 
	0x08,0x04,0x00,0x10, 
	0xff,0xff,0x00,0xff, 
	0x00,0x00,0x28,0x00, 
	0x00,0x28,0x00,0x00, 
	0x00,0x40,0x00,0x00, 
	0xff,0x1f,0xff,0xff, 
	0xa0,0x17,0x00,0x41, 
	0x00,0x61,0x20,0x00, 
	0x00,0x0a,0x40,0x2f, 
	0x68,0x5d,0x1b,0x00, 
	0x00,0x00,0x00,0x02, 
	0x00,0xff,0xff,0xcf, 
	0x08,0x00,0x00,0x10, 
	0x00,0x00,0x1f,0x00, 
	0xff,0xff,0xff,0xf8, 
	0x00,0x51,0x00,0x00, 
	0xff,0xfd,0x00,0x00, 
	0x00,0x02,0x40,0x2f, 
	0x00,0x00,0x00,0xef, 
	0x00,0x56,0x00,0x03, 
	0xff,0x00,0xff,0xf0, 
	0x00,0x00,0x05,0x00, 
	0xff,0xff,0xf0,0xff, 
	0xff,0xff,0x00,0xf0, 
	0x00,0x00,0x01,0x00, 
	0x00,0x26,0x04,0xf0, 
	0x00,0xff,0x00,0xff, 
	0x2c,0x00,0x84,0x00, 
	0x00,0x43,0x33,0x44, 
	0x00,0x0f,0x00,0x00, 
	0xff,0x00,0x00,0xff, 
	0x00,0x01,0x0f,0x00, 
	0x00,0x00,0x40,0x00, 
	0xff,0xff,0x9f,0xff, 
	0x00,0xc0,0x00,0x00, 
	0x00,0xff,0xff,0x7f, 
	0x00,0x0c,0x00,0x00, 
	0x00,0x00,0xff,0xff, 
	0x00,0x00,0x07,0x00, 
	0x00,0x00,0x03,0x00, 
	0x00,0x00,0x03,0x60, 
	0x00,0x00,0x10,0x14, 
	0x00,0x08,0x00,0x08, 
	0xff,0x00,0xff,0x00, 
	0x00,0x00,0x00,0x08, 
	0x00,0x04,0x00,0x04, 
	0x00,0x00,0xff,0x00, 
	0x97,0xdd,0x00,0x04, 
	0xc5,0x00,0x08,0x00, 
	0x18,0x76,0x00,0x00, 
	0xff,0xff,0x78,0xff, 
	0x00,0x00,0x80,0x00, 
	0x00,0x51,0x10,0x00, 
	0x7b,0xff,0xff,0xf8, 
	0x00,0x56,0x00,0x05, 
	0x00,0x00,0x60,0x00, 
	0x00,0x08,0x00,0x0a, 
	0x18,0x75,0x00,0x00, 
	0xff,0x80,0xff,0xff, 
	0xff,0xff,0xff,0xf0, 
	0x00,0x41,0x00,0x00, 
	0x00,0x00,0x00,0x06, 
	0x00,0x8f,0x00,0x00, 
	0x00,0x0f,0x01,0x00, 
	0x00,0x00,0x0f,0x0f, 
	0x18,0x80,0x01,0x00, 
	0xf8,0x80,0x0f,0x00, 
	0x00,0x00,0x20,0x14, 
	0x00,0x06,0x00,0x06, 
	0x00,0x01,0x00,0x01, 
	0x07,0x7d,0x00,0x01, 
	0xc4,0x00,0x04,0x00, 
	0x04,0x79,0x00,0x00, 
	0x00,0x00,0xbe,0xbe, 
	0xff,0x7c,0xff,0xff, 
	0x00,0x00,0x70,0x41, 
	0x00,0x00,0xf0,0xbf, 
	0x80,0xa2,0x19,0x00, 
	0xe0,0x18,0xfe,0x3f, 
	0xd4,0x14,0xfe,0x3f, 
	0x74,0x19,0xfe,0x3f, 
	0xf4,0x19,0xfe,0x3f, 
	0xc8,0x0c,0xfe,0x3f, 
	0x9c,0x1a,0xfe,0x3f, 
	0x70,0x45,0x00,0x40, 
	0xcc,0x0c,0xfe,0x3f, 
	0x00,0x00,0x00,0x14, 
	0x00,0x00,0x00,0x04, 
	0xbf,0xd4,0x01,0x00, 
	0x00,0x40,0x9f,0x40, 
	0x00,0x08,0x00,0x00, 
	0xff,0x9e,0x24,0x00, 
	0xff,0x52,0x07,0x00, 
	0xf0,0x04,0xfe,0x3f, 
	0x00,0x53,0x07,0x00, 
	0x7c,0x2e,0x04,0xf0, 
	0xff,0x0f,0xff,0xff, 
	0xff,0xff,0xff,0x0f, 
	0x00,0x00,0xc0,0x00, 
	0xff,0xff,0x0f,0xff, 
	0x00,0x09,0x00,0x00, 
	0x00,0x00,0x02,0x00, 
	0x00,0x0a,0x00,0x00, 
	0x00,0x0b,0x00,0x00, 
	0xff,0xff,0x0f,0x00, 
	0x00,0x10,0x00,0x00, 
	0x00,0x00,0x30,0x00, 
	0x30,0x00,0x03,0x00, 
	0x00,0x00,0x00,0x07, 
	0x00,0x00,0x00,0x0a, 
	0x02,0x20,0x31,0x00, 
	0x0e,0x00,0x01,0x01, 
	0xd0,0xbe,0x07,0x40, 
	0xb4,0x6f,0x4c,0x06, 
	0x88,0xd2,0x06,0x40, 
	0x00,0x36,0x6e,0x01, 
	0x00,0x00,0x44,0x00, 
	0x80,0xa9,0x03,0x00, 
	0xff,0xff,0xbb,0xff, 
	0xff,0xff,0x7f,0xff, 
	0x50,0x05,0xfe,0x3f, 
	0xa8,0x07,0x03,0x41, 
	0x85,0x9e,0xcc,0xd7, 
	0x00,0x00,0x00,0x7f, 
	0x7f,0xa9,0x03,0x00, 
	0x00,0x00,0xe0,0x40, 
	0x00,0x70,0xd7,0x40, 
	0x00,0x59,0xb4,0x40, 
	0xff,0xff,0xff,0xef, 
	0xff,0xff,0xf8,0xff, 
	0x80,0x4f,0x12,0x00, 
	0x00,0xbd,0xb3,0x40, 
	0x00,0xc3,0xb3,0x40, 
	0x00,0xed,0xb4,0x40, 
	0x00,0xf3,0xb4,0x40, 
	0xff,0xff,0xff,0xeb, 
	0xff,0xff,0xff,0xdf, 
	0xff,0x3f,0x00,0x00, 
	0xff,0xff,0xf8,0xfd, 
	0xff,0xff,0xf0,0xbf, 
	0x00,0x00,0x01,0x40, 
	0xff,0xff,0xff,0xcf, 
	0xff,0x0f,0x00,0x00, 
	0x00,0x00,0x00,0x03, 
	0xff,0x08,0xff,0xff, 
	0x00,0x66,0x00,0x00, 
	0x00,0x70,0x00,0x00, 
	0x00,0x61,0x00,0x00, 
	0x00,0x0d,0x00,0x00, 
	0xff,0x1a,0xb7,0x00, 
	0x00,0x00,0xf0,0x7f, 
	0x00,0x00,0x08,0x00, 
	0xff,0xff,0x1f,0x00, 
	0xf0,0x1a,0xfe,0x3f, 
	0x1c,0x06,0xfe,0x3f, 
	0x98,0x05,0xfe,0x3f, 
	0x28,0x0a,0xfe,0x3f, 
	0x00,0x1b,0xfe,0x3f, 
	0xc4,0x97,0x00,0x40, 
	0x23,0x00,0x05,0x00, 
	0x07,0x00,0x00,0x80, 
	0x40,0x0b,0xfe,0x3f, 
	0xf8,0x0a,0xfe,0x3f, 
	0xdc,0x9f,0x00,0x40, 
	0xa0,0x05,0xfe,0x3f, 
	0x48,0x0b,0xfe,0x3f, 
	0xc4,0x9f,0x00,0x40, 
	0xb0,0x0b,0xfe,0x3f, 
	0x72,0x9a,0x00,0x40, 
	0x00,0x0e,0x20,0x00, 
	0x11,0x9b,0x00,0x40, 
	0x10,0x20,0xfe,0x3f, 
	0x34,0x0b,0xfe,0x3f, 
	0x24,0x00,0x05,0x00, 
	0x50,0x25,0xfe,0x3f, 
	0x38,0x0b,0xfe,0x3f, 
	0x25,0x00,0x05,0x00, 
	0x00,0x20,0x00,0x00, 
	0xa8,0x0c,0xfe,0x3f, 
	0x00,0x00,0x00,0x00, 
	0x00,0x00,0x00,0x00, 
	0x00,0x00,0x00,0x00, 
	0x00,0x00,0x00,0x00, 
	0x3c,0x00,0x00,0x00, 
	0xc4,0xff,0xff,0xff, 
	0x78,0x00,0x00,0x00, 
	0x88,0xff,0xff,0xff, 
	0xb4,0x00,0x00,0x00, 
	0x4c,0xff,0xff,0xff, 
	0xf0,0x00,0x00,0x00, 
	0x10,0xff,0xff,0xff, 
	0x2c,0x01,0x00,0x00, 
	0xd4,0xfe,0xff,0xff, 
	0x68,0x01,0x00,0x00, 
	0x98,0xfe,0xff,0xff, 
	0xa4,0x01,0x00,0x00, 
	0x5c,0xfe,0xff,0xff, 
	0xe0,0x01,0x00,0x00, 
	0x20,0xfe,0xff,0xff, 
	0x1c,0x02,0x00,0x00, 
	0xe4,0xfd,0xff,0xff, 
	0x58,0x02,0x00,0x00, 
	0xa8,0xfd,0xff,0xff, 
	0x00,0x00,0x00,0x00, 
	0x00,0x00,0x00,0x00, 
	0x00,0x00,0x00,0x00, 
	0x00,0x00,0x00,0x00, 
	0x64,0x00,0x00,0x00, 
	0x9c,0xff,0xff,0xff, 
	0xc8,0x00,0x00,0x00, 
	0x38,0xff,0xff,0xff, 
	0x2c,0x01,0x00,0x00, 
	0xd4,0xfe,0xff,0xff, 
	0x00,0x00,0x00,0x00, 
	0x00,0x00,0x00,0x00, 
	0x00,0x00,0x00,0x00, 
	0x00,0x00,0x00,0x00, 
	0x00,0x00,0x00,0x00, 
	0x00,0x00,0x00,0x00, 
	0x00,0x00,0x00,0x00, 
	0x00,0x00,0x00,0x00, 
	0x00,0x00,0x00,0x00, 
	0x00,0x00,0x00,0x00, 
	0x00,0x00,0x00,0x00, 
	0x28,0x06,0xfe,0x3f, 
	0x00,0x00,0x00,0x00, 
	0x01,0x01,0x01,0x01, 
	0x01,0x01,0x01,0x01, 
	0x02,0x03,0x03,0x03, 
	0x04,0x05,0x07,0x01, 
	0x01,0x01,0x01,0x01, 
	0x01,0x03,0x00,0x00, 
	0x00,0x00,0x00,0x00, 
	0x00,0x00,0x00,0x00, 
	0x43,0x00,0x00,0x00, 
	0xc0,0x0c,0xfe,0x3f, 
	0x90,0x26,0xfe,0x3f, 
	0x00,0x00,0x00,0x60, 
	0x00,0x00,0x00,0x60, 
	0x34,0x0a,0xfe,0x3f, 
	0x00,0x00,0x00,0x00, 
	0x00,0x00,0x00,0x00, 
	0xe4,0x05,0xfe,0x3f, 
	0x00,0x00,0x00,0x00, 
	0x01,0x00,0x00,0x00, 
	0xb4,0x0c,0xfe,0x3f, 
	0x00,0x00,0x3c,0x00, 
	0xc4,0xff,0x78,0x00, 
	0x88,0xff,0xb4,0x00, 
	0x4c,0xff,0xf0,0x00, 
	0x10,0xff,0x2c,0x01, 
	0xd4,0xfe,0x68,0x01, 
	0x98,0xfe,0xa4,0x01, 
	0x5c,0xfe,0xe0,0x01, 
	0x20,0xfe,0x1c,0x02, 
	0xe4,0xfd,0x58,0x02, 
	0xa8,0xfd,0x00,0x00, 
	0x20,0x06,0xfe,0x3f, 
	0x00,0x00,0x00,0x00, 
	0x00,0x00,0x00,0x00, 
	0x00,0x00,0x00,0x00, 
	0x14,0x09,0xfe,0x3f, 
	0x70,0x09,0xfe,0x3f, 
	0xcc,0x09,0xfe,0x3f, 
	0x00,0x00,0x00,0x00, 
	0x00,0x00,0x00,0x00, 
	0x00,0x00,0x00,0x00, 
	0x00,0x00,0x00,0x00, 
	0x00,0x00,0x00,0x00, 
	0x00,0x00,0x00,0x00, 
	0x00,0x00,0x00,0x00, 
	0x00,0x00,0x00,0x00, 
	0x00,0x00,0x00,0x00, 
	0xc0,0x05,0xfe,0x3f, 
	0x00,0x00,0x00,0x00, 
	0x00,0x00,0x00,0x00, 
	0x00,0x00,0x00,0x00, 
	0x00,0x00,0x00,0x00, 
	0x00,0x00,0x00,0x00, 
	0x00,0x00,0x00,0x00, 
	0x00,0x00,0x00,0x00, 
	0x00,0x00,0x00,0x00, 
	0x00,0x00,0x00,0x00, 
	0x00,0x00,0x00,0x00, 
	0x00,0x00,0x00,0x00, 
	0x00,0x00,0x00,0x00, 
	0x00,0x00,0x00,0x00, 
	0x00,0x00,0x00,0x00, 
	0x00,0x00,0x00,0x00, 
	0x00,0x00,0x00,0x00, 
	0x00,0x00,0x00,0x00, 
	0x00,0x00,0x00,0x00, 
	0x00,0x00,0x00,0x00, 
	0x00,0x00,0x00,0x00, 
	0x00,0x00,0x00,0x00, 
	0x00,0x00,0x00,0x00, 
	0x00,0x00,0x00,0x00, 
	0x00,0x00,0x00,0x00, 
	0x00,0x00,0x00,0x00, 
	0x00,0x00,0x00,0x00, 
	0x00,0x00,0x00,0x00, 
	0x00,0x00,0x00,0x00, 
	0x01,0x00,0x00,0x00, 
	0x00,0x00,0x00,0x00, 
	0x0e,0x33,0xcd,0xab, 
	0x34,0x12,0x6d,0xe6, 
	0xec,0xde,0x05,0x00, 
	0x0b,0x00,0x00,0x00, 
	0x00,0x00,0x00,0x00, 
	0x00,0x00,0x00,0x00, 
	0x00,0x00,0x00,0x00, 
	0x00,0x00,0x00,0x00, 
	0x00,0x00,0x00,0x00, 
	0x00,0x00,0x00,0x00, 
	0x00,0x00,0x00,0x00, 
	0x00,0x00,0x00,0x00, 
	0x00,0x00,0x00,0x00, 
	0x00,0x00,0x00,0x00, 
	0x00,0x00,0x00,0x00, 
	0x00,0x00,0x00,0x00, 
	0x00,0x00,0x00,0x00, 
	0x00,0x00,0x00,0x00, 
	0x00,0x00,0x00,0x00, 
	0x00,0x00,0x00,0x00, 
	0x00,0x00,0x00,0x00, 
	0x00,0x00,0x00,0x00, 
	0x00,0x00,0x00,0x00, 
	0x00,0x00,0x00,0x00, 
	0x00,0x00,0x00,0x00, 
	0x00,0x00,0x00,0x00, 
	0x00,0x00,0x00,0x00, 
	0x00,0x00,0x00,0x00, 
	0x00,0x00,0x00,0x00, 
	0x00,0x00,0x00,0x00, 
	0x00,0x00,0x00,0x00, 
	0x00,0x00,0x00,0x00, 
	0x00,0x00,0x00,0x00, 
	0x00,0x00,0x00,0x00, 
	0x00,0x00,0x00,0x00, 
	0x00,0x00,0x00,0x00, 
	0x00,0x00,0x00,0x00, 
	0x00,0x00,0x00,0x00, 
	0x00,0x00,0x00,0x00, 
	0x00,0x00,0x00,0x00, 
	0x00,0x00,0x00,0x00, 
	0x00,0x00,0x00,0x00, 
	0x00,0x00,0x00,0x00, 
	0x00,0x00,0x00,0x00, 
	0x00,0x00,0x00,0x00, 
	0x00,0x00,0x00,0x00, 
	0x00,0x00,0x00,0x00, 
	0x00,0x00,0x00,0x00, 
	0x00,0x00,0x00,0x00, 
	0x00,0x00,0x00,0x00, 
	0x00,0x00,0x00,0x00, 
	0x00,0x00,0x00,0x00, 
	0x00,0x00,0x00,0x00, 
	0x00,0x00,0x00,0x00, 
	0x00,0x00,0x00,0x00, 
	0x00,0x00,0x00,0x00, 
	0x00,0x00,0x00,0x00, 
	0x00,0x00,0x00,0x00, 
	0x00,0x00,0x00,0x00, 
	0x00,0x00,0x00,0x00, 
	0x00,0x00,0x00,0x00, 
	0x00,0x00,0x00,0x00, 
	0x00,0x00,0x00,0x00, 
	0x00,0x00,0x00,0x00, 
	0x00,0x00,0x00,0x00, 
	0x00,0x00,0x00,0x00, 
	0x00,0x00,0x00,0x00, 
	0x00,0x00,0x00,0x00, 
	0x00,0x00,0x00,0x00, 
	0x00,0x00,0x00,0x00, 
	0x00,0x00,0x00,0x00, 
	0x00,0x00,0x00,0x00, 
	0x00,0x00,0x00,0x00, 
	0x00,0x00,0x00,0x00, 
	0x00,0x00,0x00,0x00, 
	0x00,0x00,0x00,0x00, 
	0x00,0x00,0x00,0x00, 
	0x00,0x00,0x00,0x00, 
	0x00,0x00,0x00,0x00, 
	0x00,0x00,0x00,0x00, 
	0x00,0x00,0x00,0x00, 
	0x00,0x00,0x00,0x00, 
	0x00,0x00,0x00,0x00, 
	0x00,0x00,0x00,0x00, 
	0x00,0x00,0x00,0x00, 
	0x00,0x00,0x00,0x00, 
	0x00,0x00,0x00,0x00, 
	0x00,0x00,0x00,0x00, 
	0x00,0x00,0x00,0x00, 
	0x00,0x00,0x00,0x00, 
	0x00,0x00,0x00,0x00, 
	0x00,0x00,0x00,0x00, 
	0x00,0x00,0x00,0x00, 
	0x00,0x00,0x00,0x00, 
	0x00,0x00,0x00,0x00, 
	0x00,0x00,0x00,0x00, 
	0x00,0x00,0x00,0x00, 
	0x00,0x00,0x00,0x00, 
	0x00,0x00,0x00,0x00, 
	0x00,0x00,0x00,0x00, 
	0x00,0x00,0x00,0x00, 
	0x00,0x00,0x00,0x00, 
	0x00,0x00,0x00,0x00, 
	0x00,0x00,0x00,0x00, 
	0x00,0x00,0x00,0x00, 
	0x00,0x00,0x00,0x00, 
	0x00,0x00,0x00,0x00, 
	0x00,0x00,0x00,0x00, 
	0x00,0x00,0x00,0x00, 
	0x00,0x00,0x00,0x00, 
	0x00,0x00,0x00,0x00, 
	0x00,0x00,0x00,0x00, 
	0x00,0x00,0x00,0x00, 
	0x00,0x00,0x00,0x00, 
	0x00,0x00,0x00,0x00, 
	0x00,0x00,0x00,0x00, 
	0x00,0x00,0x00,0x00, 
	0x00,0x00,0x00,0x00, 
	0x00,0x00,0x00,0x00, 
	0x00,0x00,0x00,0x00, 
	0x00,0x00,0x00,0x00, 
	0x00,0x00,0x00,0x00, 
	0x00,0x00,0x00,0x00, 
	0x00,0x00,0x00,0x00, 
	0x00,0x00,0x00,0x00, 
	0x00,0x00,0x00,0x00, 
	0x00,0x00,0x00,0x00, 
	0x00,0x00,0x00,0x00, 
	0x00,0x00,0x00,0x00, 
	0x00,0x00,0x00,0x00, 
	0x00,0x00,0x00,0x00, 
	0x00,0x00,0x00,0x00, 
	0x00,0x00,0x00,0x00, 
	0x00,0x00,0x00,0x00, 
	0x00,0x00,0x00,0x00, 
	0x00,0x00,0x00,0x00, 
	0x00,0x00,0x00,0x00, 
	0x00,0x00,0x00,0x00, 
	0x00,0x00,0x00,0x00, 
	0x00,0x00,0x00,0x00, 
	0x00,0x00,0x00,0x00, 
	0x00,0x00,0x00,0x00, 
	0x00,0x00,0x00,0x00, 
	0x00,0x00,0x00,0x00, 
	0x00,0x00,0x00,0x00, 
	0x00,0x00,0x00,0x00, 
	0x00,0x00,0x00,0x00, 
	0x00,0x00,0x00,0x00, 
	0x00,0x00,0x00,0x00, 
	0x00,0x00,0x00,0x00, 
	0x00,0x00,0x00,0x00, 
	0x00,0x00,0x00,0x00, 
	0x00,0x00,0x00,0x00, 
	0x00,0x00,0x00,0x00, 
	0x00,0x00,0x00,0x00, 
	0x00,0x00,0x00,0x00, 
	0x00,0x00,0x00,0x00, 
	0x00,0x00,0x00,0x00, 
	0x00,0x00,0x00,0x00, 
	0x00,0x00,0x00,0x00, 
	0x00,0x00,0x00,0x00, 
	0x00,0x00,0x00,0x00, 
	0x00,0x00,0x00,0x00, 
	0x00,0x00,0x00,0x00, 
	0x00,0x00,0x00,0x00, 
	0x00,0x00,0x00,0x00, 
	0x00,0x00,0x00,0x00, 
	0x00,0x00,0x00,0x00, 
	0x00,0x00,0x00,0x00, 
	0x00,0x00,0x00,0x00, 
	0x00,0x00,0x00,0x00, 
	0x00,0x00,0x00,0x00, 
	0x00,0x00,0x00,0x00, 
	0x00,0x00,0x00,0x00, 
	0x00,0x00,0x00,0x00, 
	0x00,0x00,0x00,0x00, 
	0x00,0x00,0x00,0x00, 
	0x00,0x00,0x00,0x00, 
	0x00,0x00,0x00,0x00, 
	0x00,0x00,0x00,0x00, 
	0x00,0x00,0x00,0x00, 
	0x00,0x00,0x00,0x00, 
	0x00,0x00,0x00,0x00, 
	0x00,0x00,0x00,0x00, 
	0x00,0x00,0x00,0x00, 
	0x00,0x00,0x00,0x00, 
	0x00,0x00,0x00,0x00, 
	0x00,0x00,0x00,0x00, 
	0x00,0x00,0x00,0x00, 
	0x00,0x00,0x00,0x00, 
	0x00,0x00,0x00,0x00, 
	0x00,0x00,0x00,0x00, 
	0x00,0x00,0x00,0x00, 
	0x00,0x00,0x00,0x00, 
	0x00,0x00,0x00,0x00, 
	0x00,0x00,0x00,0x00, 
	0x00,0x00,0x00,0x00, 
	0x00,0x00,0x00,0x00, 
	0x00,0x00,0x00,0x00, 
	0x00,0x00,0x00,0x00, 
	0x00,0x00,0x00,0x00, 
	0x00,0x00,0x00,0x00, 
	0x00,0x00,0x00,0x00, 
	0x00,0x00,0x00,0x00, 
	0x00,0x00,0x00,0x00, 
	0x00,0x00,0x00,0x00, 
	0x00,0x00,0x00,0x00, 
	0x00,0x00,0x00,0x00, 
	0x00,0x00,0x00,0x00, 
	0x00,0x00,0x00,0x00, 
	0x00,0x00,0x00,0x00, 
	0x00,0x00,0x00,0x00, 
	0x28,0x06,0xfe,0x3f, 
	0x00,0x00,0x00,0x00, 
	0x00,0x00,0x00,0x00, 
	0xcc,0x9f,0x00,0x40, 
	0x54,0x98,0x00,0x40, 
	0xcc,0x9f,0x00,0x40, 
	0xcc,0x9f,0x00,0x40, 
	0xb4,0x98,0x00,0x40, 
	0x90,0x97,0x00,0x40, 
	0xcc,0x9f,0x00,0x40, 
	0xcc,0x9f,0x00,0x40, 
	0xcc,0x9f,0x00,0x40, 
	0xcc,0x9f,0x00,0x40, 
	0xcc,0x9f,0x00,0x40, 
	0xcc,0x9f,0x00,0x40, 
	0xcc,0x9f,0x00,0x40, 
	0xcc,0x9f,0x00,0x40, 
	0xcc,0x9f,0x00,0x40, 
	0xcc,0x9f,0x00,0x40, 
	0xcc,0x9f,0x00,0x40, 
	0xcc,0x9f,0x00,0x40, 
	0xcc,0x9f,0x00,0x40, 
	0xcc,0x9f,0x00,0x40, 
	0xcc,0x9f,0x00,0x40, 
	0xcc,0x9f,0x00,0x40, 
	0xcc,0x9f,0x00,0x40, 
	0xcc,0x9f,0x00,0x40, 
	0xcc,0x9f,0x00,0x40, 
	0xcc,0x9f,0x00,0x40, 
	0xcc,0x9f,0x00,0x40, 
	0xcc,0x9f,0x00,0x40, 
	0xcc,0x9f,0x00,0x40, 
	0xcc,0x9f,0x00,0x40, 
	0xcc,0x9f,0x00,0x40, 
	0xcc,0x9f,0x00,0x40, 
	0xcc,0x9f,0x00,0x40, 
	0xcc,0x9f,0x00,0x40, 
	0xcc,0x9f,0x00,0x40, 
	0xcc,0x9f,0x00,0x40, 
	0xcc,0x9f,0x00,0x40, 
	0xcc,0x9f,0x00,0x40, 
	0xcc,0x9f,0x00,0x40, 
	0xcc,0x9f,0x00,0x40, 
	0xcc,0x9f,0x00,0x40, 
	0xcc,0x9f,0x00,0x40, 
	0xcc,0x9f,0x00,0x40, 
	0xcc,0x9f,0x00,0x40, 
	0xcc,0x9f,0x00,0x40, 
	0xcc,0x9f,0x00,0x40, 
	0xcc,0x9f,0x00,0x40, 
	0xcc,0x9f,0x00,0x40, 
	0xcc,0x9f,0x00,0x40, 
	0xcc,0x9f,0x00,0x40, 
	0xcc,0x9f,0x00,0x40, 
	0xcc,0x9f,0x00,0x40, 
	0xcc,0x9f,0x00,0x40, 
	0xcc,0x9f,0x00,0x40, 
	0xcc,0x9f,0x00,0x40, 
	0xcc,0x9f,0x00,0x40, 
	0xcc,0x9f,0x00,0x40, 
	0xcc,0x9f,0x00,0x40, 
	0xcc,0x9f,0x00,0x40, 
	0xcc,0x9f,0x00,0x40, 
	0xcc,0x9f,0x00,0x40, 
	0xcc,0x9f,0x00,0x40, 
	0xcc,0x9f,0x00,0x40, 
	0xcc,0x9f,0x00,0x40, 
	0x00,0x00,0x00,0x00, 
	0x00,0x00,0x00,0x00, 
	0x00,0x00,0x00,0x00, 
	0x00,0x00,0x00,0x00, 
	0xff,0xff,0xff,0xff, 
	0xc4,0x9f,0x00,0x40, 
	0x15,0x00,0x00,0x00, 
	0xc4,0x9f,0x00,0x40, 
	0x14,0x00,0x00,0x00, 
	0xc4,0x9f,0x00,0x40, 
	0x13,0x00,0x00,0x00, 
	0xc4,0x9f,0x00,0x40, 
	0x12,0x00,0x00,0x00, 
	0xc4,0x9f,0x00,0x40, 
	0x11,0x00,0x00,0x00, 
	0xc4,0x9f,0x00,0x40, 
	0x10,0x00,0x00,0x00, 
	0xc4,0x9f,0x00,0x40, 
	0x0f,0x00,0x00,0x00, 
	0xc4,0x9f,0x00,0x40, 
	0x0e,0x00,0x00,0x00, 
	0xc4,0x9f,0x00,0x40, 
	0x0d,0x00,0x00,0x00, 
	0xc4,0x9f,0x00,0x40, 
	0x0c,0x00,0x00,0x00, 
	0xc4,0x9f,0x00,0x40, 
	0x0b,0x00,0x00,0x00, 
	0xc4,0x9f,0x00,0x40, 
	0x0a,0x00,0x00,0x00, 
	0xc4,0x9f,0x00,0x40, 
	0x09,0x00,0x00,0x00, 
	0xc4,0x9f,0x00,0x40, 
	0x08,0x00,0x00,0x00, 
	0xc4,0x9f,0x00,0x40, 
	0x07,0x00,0x00,0x00, 
	0xc4,0x9f,0x00,0x40, 
	0x06,0x00,0x00,0x00, 
	0xc4,0x9f,0x00,0x40, 
	0x05,0x00,0x00,0x00, 
	0xc4,0x9f,0x00,0x40, 
	0x04,0x00,0x00,0x00, 
	0xc4,0x9f,0x00,0x40, 
	0x03,0x00,0x00,0x00, 
	0xc4,0x9f,0x00,0x40, 
	0x02,0x00,0x00,0x00, 
	0xc4,0x9f,0x00,0x40, 
	0x01,0x00,0x00,0x00, 
	0xc4,0x9f,0x00,0x40, 
	0x00,0x00,0x00,0x00, 
	0x00,0x7f,0xe0,0xff, 
	0x00,0x00,0x20,0x00, 
	0x00,0x7f,0xe0,0xff, 
	0x00,0x00,0x10,0x00, 
	0x00,0x7f,0xf0,0xff, 
	0x00,0x00,0x08,0x00, 
	0x00,0x7f,0xf8,0xff, 
	0x00,0x00,0x04,0x00, 
	0x00,0x7f,0xfc,0xff, 
	0x00,0x00,0x02,0x00, 
	0x00,0x7f,0xfe,0xff, 
	0x00,0x00,0x01,0x00, 
	0x00,0x7f,0xff,0xff, 
	0x00,0x80,0x00,0x00, 
	0x00,0xff,0xff,0xff, 
	0x00,0x40,0x00,0x00, 
	0x00,0xff,0xff,0xff, 
	0x00,0x20,0x00,0x00, 
	0x00,0xff,0xff,0xff, 
	0x00,0x10,0x00,0x00, 
	0x00,0xff,0xff,0xff, 
	0x00,0x08,0x00,0x00, 
	0x00,0xff,0xff,0xff, 
	0x00,0x04,0x00,0x00, 
	0x00,0xff,0xff,0xff, 
	0x00,0x02,0x00,0x00, 
	0x00,0xff,0xff,0xff, 
	0x00,0x01,0x00,0x00, 
	0x00,0xff,0xff,0xff, 
	0x80,0x00,0x00,0x00, 
	0x80,0xff,0xff,0xff, 
	0x40,0x00,0x00,0x00, 
	0xc0,0xff,0xff,0xff, 
	0x20,0x00,0x00,0x00, 
	0xe0,0xff,0xff,0xff, 
	0x10,0x00,0x00,0x00, 
	0xf0,0xff,0xff,0xff, 
	0x08,0x00,0x00,0x00, 
	0xf8,0xff,0xff,0xff, 
	0x04,0x00,0x00,0x00, 
	0xfc,0xff,0xff,0xff, 
	0x02,0x00,0x00,0x00, 
	0xfe,0xff,0xff,0xff, 
	0x01,0x00,0x00,0x00, 
	0xff,0xff,0xff,0xff, 
	0x00,0x00,0x00,0x00, 
	0xff,0xff,0xff,0xff, 
	0x00,0x00,0x00,0x00, 
	0x00,0x00,0x00,0x00, 
	0x00,0x00,0x00,0x00, 
	0x00,0x00,0x00,0x00, 
	0x00,0x00,0x00,0x00, 
	0x00,0x00,0x00,0x00, 
	0x00,0x00,0x00,0x00, 
	0x00,0x00,0x00,0x00, 
	0x00,0x00,0x00,0x00, 
	0x00,0x00,0x00,0x00, 
	0x00,0x00,0x00,0x00, 
	0x00,0x00,0x00,0x00, 
	0x00,0x00,0x00,0x00, 
	0x00,0x00,0x00,0x00, 
	0x00,0x00,0x00,0x00, 
	0x00,0x00,0x00,0x00, 
	0x00,0x00,0x00,0x00, 
	0x00,0x00,0x00,0x00, 
	0x00,0x00,0x00,0x00, 
	0x00,0x00,0x00,0x00, 
	0x00,0x00,0x00,0x00, 
	0x00,0x00,0x00,0x00, 
	0x00,0x00,0x00,0x00, 
	0x00,0x00,0x00,0x00, 
	0x00,0x00,0x00,0x00, 
	0x00,0x00,0x00,0x00, 
	0x00,0x00,0x00,0x00, 
	0x00,0x00,0x00,0x00, 
	0x00,0x00,0x00,0x00, 
	0x00,0x00,0x00,0x00, 
	0x00,0x00,0x00,0x00, 
	0x00,0x00,0x00,0x00, 
	0x00,0x00,0x00,0x00, 
	0x00,0x00,0x00,0x00, 
	0x00,0x00,0x00,0x00, 
	0x00,0x00,0x00,0x00, 
	0x00,0x00,0x00,0x00, 
	0x00,0x00,0x00,0x00, 
	0x00,0x00,0x00,0x00, 
	0x00,0x00,0x00,0x00, 
	0x00,0x00,0x00,0x00, 
	0x00,0x00,0x00,0x00, 
	0x00,0x00,0x00,0x00, 
	0x00,0x00,0x00,0x00, 
	0x00,0x00,0x00,0x00, 
	0x00,0x00,0x00,0x00, 
	0x00,0x00,0x00,0x00, 
	0x00,0x00,0x00,0x00, 
	0x00,0x00,0x00,0x00, 
	0x00,0x00,0x00,0x00, 
	0x00,0x00,0x00,0x00, 
	0x00,0x00,0x00,0x00, 
	0x00,0x00,0x00,0x00, 
	0x00,0x00,0x00,0x00, 
	0x00,0x00,0x00,0x00, 
	0x00,0x00,0x00,0x00, 
	0x00,0x00,0x00,0x00, 
	0x00,0x00,0x00,0x00, 
	0x00,0x00,0x00,0x00, 
	0x00,0x00,0x00,0x00, 
	0x00,0x00,0x00,0x00, 
	0x00,0x00,0x00,0x00, 
	0x00,0x00,0x00,0x00, 
	0x00,0x00,0x00,0x00, 
	0x00,0x00,0x00,0x00, 
	0x00,0x00,0x00,0x00, 
	0x00,0x00,0x00,0x00, 
	0x00,0x00,0x00,0x00, 
	0x00,0x00,0x00,0x00, 
	0x00,0x00,0x00,0x00, 
	0x00,0x00,0x00,0x00, 
	0x00,0x00,0x00,0x00, 
	0x00,0x00,0x00,0x00, 
	0x00,0x00,0x00,0x00, 
	0x00,0x00,0x00,0x00, 
	0x00,0x00,0x00,0x00, 
	0x00,0x00,0x00,0x00, 
	0x00,0x00,0x00,0x00, 
	0x00,0x00,0x00,0x00, 
	0x00,0x00,0x00,0x00, 
	0x00,0x00,0x00,0x00, 
	0x00,0x00,0x00,0x00, 
	0x00,0x00,0x00,0x00, 
	0x00,0x00,0x00,0x00, 
	0x00,0x00,0x00,0x00, 
	0x00,0x00,0x00,0x00, 
	0x00,0x00,0x00,0x00, 
	0x00,0x00,0x00,0x00, 
	0x00,0x00,0x00,0x00, 
	0x00,0x00,0x00,0x00, 
	0x00,0x00,0x00,0x00, 
	0x00,0x00,0x00,0x00, 
	0x00,0x00,0x00,0x00, 
	0x00,0x00,0x00,0x00, 
	0x00,0x00,0x00,0x00, 
	0x00,0x00,0x00,0x00, 
	0x00,0x00,0x00,0x00, 
	0x00,0x00,0x00,0x00, 
	0x00,0x00,0x00,0x00, 
	0x00,0x00,0x00,0x00, 
	0x00,0x00,0x00,0x00, 
	0x00,0x00,0x00,0x00, 
	0x00,0x00,0x00,0x00, 
	0x00,0x00,0x00,0x00, 
	0x00,0x00,0x00,0x00, 
	0x00,0x00,0x00,0x00, 
	0x00,0x00,0x00,0x00, 
	0x00,0x00,0x00,0x00, 
	0x00,0x00,0x00,0x00, 
	0x00,0x00,0x00,0x00, 
	0x00,0x00,0x00,0x00, 
	0x00,0x00,0x00,0x00, 
	0x00,0x00,0x00,0x00, 
	0x00,0x00,0x00,0x00, 
	0x00,0x00,0x00,0x00, 
	0x00,0x00,0x00,0x00, 
	0x00,0x00,0x00,0x00, 
	0x00,0x00,0x00,0x00, 
	0x00,0x00,0x00,0x00, 
	0x00,0x00,0x00,0x00, 
	0x00,0x00,0x00,0x00, 
	0x00,0x00,0x00,0x00, 
	0x00,0x00,0x00,0x00, 
	0x00,0x00,0x00,0x00, 
	0x00,0x00,0x00,0x00, 
	0x00,0x00,0x00,0x00, 
	0x00,0x00,0x00,0x00, 
	0x00,0x00,0x00,0x00, 
	0x00,0x00,0x00,0x00, 
	0x00,0x00,0x00,0x00, 
	0x00,0x00,0x00,0x00, 
	0x00,0x00,0x00,0x00, 
	0x00,0x00,0x00,0x00, 
	0x00,0x00,0x00,0x00, 
	0x00,0x00,0x00,0x00, 
	0x00,0x00,0x00,0x00, 
	0x00,0x00,0x00,0x00, 
	0x00,0x00,0x00,0x00, 
	0x00,0x00,0x00,0x00, 
	0x00,0x00,0x00,0x00, 
	0x00,0x00,0x00,0x00, 
	0x00,0x00,0x00,0x00, 
	0x00,0x00,0x00,0x00, 
	0x00,0x00,0x00,0x00, 
	0x00,0x00,0x00,0x00, 
	0x00,0x00,0x00,0x00, 
	0x00,0x00,0x00,0x00, 
	0x00,0x00,0x00,0x00, 
	0x00,0x00,0x00,0x00, 
	0x00,0x00,0x00,0x00, 
	0x00,0x00,0x00,0x00, 
	0x00,0x00,0x00,0x00, 
	0x00,0x00,0x00,0x00, 
	0x00,0x00,0x00,0x00, 
	0x00,0x00,0x00,0x00, 
	0x00,0x00,0x00,0x00, 
	0x00,0x00,0x00,0x00, 
	0x00,0x00,0x00,0x00, 
	0x00,0x00,0x00,0x00, 
	0x00,0x00,0x00,0x00, 
	0x00,0x00,0x00,0x00, 
	0x00,0x00,0x00,0x00, 
	0x00,0x00,0x00,0x00, 
	0x00,0x00,0x00,0x00, 
	0x00,0x00,0x00,0x00, 
	0x00,0x00,0x00,0x00, 
	0x00,0x00,0x00,0x00, 
	0x00,0x00,0x00,0x00, 
	0x00,0x00,0x00,0x00, 
	0x00,0x00,0x00,0x00, 
	0x00,0x00,0x00,0x00, 
	0x00,0x00,0x00,0x00, 
	0x00,0x00,0x00,0x00, 
	0x00,0x00,0x00,0x00, 
	0x00,0x00,0x00,0x00, 
	0x00,0x00,0x00,0x00, 
	0x00,0x00,0x00,0x00, 
	0x00,0x00,0x00,0x00, 
	0x00,0x00,0x00,0x00, 
	0x00,0x00,0x00,0x00, 
	0x00,0x00,0x00,0x00, 
	0x00,0x00,0x00,0x00, 
	0x00,0x00,0x00,0x00, 
	0x00,0x00,0x00,0x00, 
	0x00,0x00,0x00,0x00, 
	0x00,0x00,0x00,0x00, 
	0x00,0x00,0x00,0x00, 
	0x00,0x00,0x00,0x00, 
	0x00,0x00,0x00,0x00, 
	0x00,0x00,0x00,0x00, 
	0x00,0x00,0x00,0x00, 
	0x00,0x00,0x00,0x00, 
	0x00,0x00,0x00,0x00, 
	0x00,0x00,0x00,0x00, 
	0x00,0x00,0x00,0x00, 
	0x00,0x00,0x00,0x00, 
	0x00,0x00,0x00,0x00, 
	0x00,0x00,0x00,0x00, 
	0x00,0x00,0x00,0x00, 
	0x00,0x00,0x00,0x00, 
	0x00,0x00,0x00,0x00, 
	0x00,0x00,0x00,0x00, 
	0x00,0x00,0x00,0x00, 
	0x00,0x00,0x00,0x00, 
	0x00,0x00,0x00,0x00, 
	0x00,0x00,0x00,0x00, 
	0x00,0x00,0x00,0x00, 
	0x00,0x00,0x00,0x00, 
	0x00,0x00,0x00,0x00, 
	0x00,0x00,0x00,0x00, 
	0x00,0x00,0x00,0x00, 
	0x00,0x00,0x00,0x00, 
	0x00,0x00,0x00,0x00, 
	0x00,0x00,0x00,0x00, 
	0x00,0x00,0x00,0x00, 
	0x00,0x00,0x00,0x00, 
	0x00,0x00,0x00,0x00, 
	0x00,0x00,0x00,0x00, 
	0x00,0x00,0x00,0x00, 
	0x00,0x00,0x00,0x00, 
	0x00,0x00,0x00,0x00, 
	0x00,0x00,0x00,0x00, 
	0x00,0x00,0x00,0x00, 
	0x00,0x00,0x00,0x00, 
	0x00,0x00,0x00,0x00, 
	0x00,0x00,0x00,0x00, 
	0x00,0x00,0x00,0x00, 
	0x00,0x00,0x00,0x00, 
	0x00,0x00,0x00,0x00, 
	0x00,0x00,0x00,0x00, 
	0x00,0x00,0x00,0x00, 
	0x00,0x00,0x00,0x00, 
	0x00,0x00,0x00,0x00, 
	0x00,0x00,0x00,0x00, 
	0x00,0x00,0x00,0x00, 
	0x00,0x00,0x00,0x00, 
	0x00,0x00,0x00,0x00, 
	0x00,0x00,0x00,0x00, 
	0x00,0x00,0x00,0x00, 
	0x00,0x00,0x00,0x00, 
	0x00,0x00,0x00,0x00, 
	0x00,0x00,0x00,0x00, 
	0x00,0x00,0x00,0x00, 
	0x00,0x00,0x00,0x00, 
	0x00,0x00,0x00,0x00, 
	0x00,0x00,0x00,0x00, 
	0x00,0x00,0x00,0x00, 
	0x00,0x00,0x00,0x00, 
	0x00,0x00,0x00,0x00, 
	0x00,0x00,0x00,0x00, 
	0x00,0x00,0x00,0x00, 
	0x00,0x00,0x00,0x00, 
	0x00,0x00,0x00,0x00, 
	0x00,0x00,0x00,0x00, 
	0x00,0x00,0x00,0x00, 
	0x00,0x00,0x00,0x00, 
	0x00,0x00,0x00,0x00, 
	0x00,0x00,0x00,0x00, 
	0x00,0x00,0x00,0x00, 
	0x00,0x00,0x00,0x00, 
	0x00,0x00,0x00,0x00, 
	0x00,0x00,0x00,0x00, 
	0x00,0x00,0x00,0x00, 
	0x00,0x00,0x00,0x00, 
	0x00,0x00,0x00,0x00, 
	0x00,0x00,0x00,0x00, 
	0x00,0x00,0x00,0x00, 
	0x00,0x00,0x00,0x00, 
	0x00,0x00,0x00,0x00, 
	0x00,0x00,0x00,0x00, 
	0x00,0x00,0x00,0x00, 
	0x00,0x00,0x00,0x00, 
	0x00,0x00,0x00,0x00, 
	0x00,0x00,0x00,0x00, 
	0x00,0x00,0x00,0x00, 
	0x00,0x00,0x00,0x00, 
	0x00,0x00,0x00,0x00, 
	0x00,0x00,0x00,0x00, 
	0x00,0x00,0x00,0x00, 
	0x00,0x00,0x00,0x00, 
	0x00,0x00,0x00,0x00, 
	0x00,0x00,0x00,0x00, 
	0x00,0x00,0x00,0x00, 
	0x00,0x00,0x00,0x00, 
	0x00,0x00,0x00,0x00, 
	0x00,0x00,0x00,0x00, 
	0x00,0x00,0x00,0x00, 
	0x00,0x00,0x00,0x00, 
	0x00,0x00,0x00,0x00, 
	0x00,0x00,0x00,0x00, 
	0x00,0x00,0x00,0x00, 
	0x00,0x00,0x00,0x00, 
	0x00,0x00,0x00,0x00, 
	0x00,0x00,0x00,0x00, 
	0x00,0x00,0x00,0x00, 
	0x00,0x00,0x00,0x00, 
	0x00,0x00,0x00,0x00, 
	0x00,0x00,0x00,0x00, 
	0x00,0x00,0x00,0x00, 
	0x00,0x00,0x00,0x00, 
	0x00,0x00,0x00,0x00, 
	0x00,0x00,0x00,0x00, 
	0x00,0x00,0x00,0x00, 
	0x00,0x00,0x00,0x00, 
	0x00,0x00,0x00,0x00, 
	0x00,0x00,0x00,0x00, 
	0x00,0x00,0x00,0x00, 
	0x00,0x00,0x00,0x00, 
	0x00,0x00,0x00,0x00, 
	0x00,0x00,0x00,0x00, 
	0x00,0x00,0x00,0x00, 
	0x00,0x00,0x00,0x00, 
	0x00,0x00,0x00,0x00, 
	0x00,0x00,0x00,0x00, 
	0x00,0x00,0x00,0x00, 
	0x00,0x00,0x00,0x00, 
	0x00,0x00,0x00,0x00, 
	0x00,0x00,0x00,0x00, 
	0x00,0x00,0x00,0x00, 
	0x00,0x00,0x00,0x00, 
	0x00,0x00,0x00,0x00, 
	0x00,0x00,0x00,0x00, 
	0x00,0x00,0x00,0x00, 
	0x00,0x00,0x00,0x00, 
	0x00,0x00,0x00,0x00, 
	0x00,0x00,0x00,0x00, 
	0x00,0x00,0x00,0x00, 
	0x00,0x00,0x00,0x00, 
	0x00,0x00,0x00,0x00, 
	0x00,0x00,0x00,0x00, 
	0x00,0x00,0x00,0x00, 
	0x00,0x00,0x00,0x00, 
	0x00,0x00,0x00,0x00, 
	0x00,0x00,0x00,0x00, 
	0x00,0x00,0x00,0x00, 
	0x00,0x00,0x00,0x00, 
	0x00,0x00,0x00,0x00, 
	0x00,0x00,0x00,0x00, 
	0x00,0x00,0x00,0x00, 
	0x00,0x00,0x00,0x00, 
	0x00,0x00,0x00,0x00, 
	0x00,0x00,0x00,0x00, 
	0x00,0x00,0x00,0x00, 
	0x00,0x00,0x00,0x00, 
	0x00,0x00,0x00,0x00, 
	0x00,0x00,0x00,0x00, 
	0x00,0x00,0x00,0x00, 
	0x00,0x00,0x00,0x00, 
	0x00,0x00,0x00,0x00, 
	0x00,0x00,0x00,0x00, 
	0x00,0x00,0x00,0x00, 
	0x00,0x00,0x00,0x00, 
	0x00,0x00,0x00,0x00, 
	0x00,0x00,0x00,0x00, 
	0x00,0x00,0x00,0x00, 
	0x00,0x00,0x00,0x00, 
	0x00,0x00,0x00,0x00, 
	0x00,0x00,0x00,0x00, 
	0x00,0x00,0x00,0x00, 
	0x00,0x00,0x00,0x00, 
	0x00,0x00,0x00,0x00, 
	0x00,0x00,0x00,0x00, 
	0x00,0x00,0x00,0x00, 
	0x00,0x00,0x00,0x00, 
	0x00,0x00,0x00,0x00, 
	0x00,0x00,0x00,0x00, 
	0x00,0x00,0x00,0x00, 
	0x00,0x00,0x00,0x00, 
	0x00,0x00,0x00,0x00, 
	0x00,0x00,0x00,0x00, 
	0x00,0x00,0x00,0x00, 
	0x00,0x00,0x00,0x00, 
	0x00,0x00,0x00,0x00, 
	0x00,0x00,0x00,0x00, 
	0x00,0x00,0x00,0x00, 
	0x00,0x00,0x00,0x00, 
	0x00,0x00,0x00,0x00, 
	0x00,0x00,0x00,0x00, 
	0x00,0x00,0x00,0x00, 
	0x00,0x00,0x00,0x00, 
	0x00,0x00,0x00,0x00, 
	0x00,0x00,0x00,0x00, 
	0x00,0x00,0x00,0x00, 
	0x00,0x00,0x00,0x00, 
	0x00,0x00,0x00,0x00, 
	0x00,0x00,0x00,0x00, 
	0x00,0x00,0x00,0x00, 
	0x00,0x00,0x00,0x00, 
	0x00,0x00,0x00,0x00, 
	0x00,0x00,0x00,0x00, 
	0x00,0x00,0x00,0x00, 
	0x00,0x00,0x00,0x00, 
	0x00,0x00,0x00,0x00, 
	0x00,0x00,0x00,0x00, 
	0x00,0x00,0x00,0x00, 
	0x00,0x00,0x00,0x00, 
	0x00,0x00,0x00,0x00, 
	0x00,0x00,0x00,0x00, 
	0x00,0x00,0x00,0x00, 
	0x00,0x00,0x00,0x00, 
	0x00,0x00,0x00,0x00, 
	0x00,0x00,0x00,0x00, 
	0x00,0x00,0x00,0x00, 
	0x00,0x00,0x00,0x00, 
	0x00,0x00,0x00,0x00, 
	0x00,0x00,0x00,0x00, 
	0x00,0x00,0x00,0x00, 
	0x00,0x00,0x00,0x00, 
	0x00,0x00,0x00,0x00, 
	0x00,0x00,0x00,0x00, 
	0x00,0x00,0x00,0x00, 
	0x00,0x00,0x00,0x00, 
	0x00,0x00,0x00,0x00, 
	0x00,0x00,0x00,0x00, 
	0x00,0x00,0x00,0x00, 
	0x00,0x00,0x00,0x00, 
	0x00,0x00,0x00,0x00, 
	0x00,0x00,0x00,0x00, 
	0x00,0x00,0x00,0x00, 
	0x00,0x00,0x00,0x00, 
	0x00,0x00,0x00,0x00, 
	0x00,0x00,0x00,0x00, 
	0x00,0x00,0x00,0x00, 
	0x00,0x00,0x00,0x00, 
	0x00,0x00,0x00,0x00, 
	0x00,0x00,0x00,0x00, 
	0x00,0x00,0x00,0x00, 
	0x00,0x00,0x00,0x00, 
	0x00,0x00,0x00,0x00, 
	0x00,0x00,0x00,0x00, 
	0x00,0x00,0x00,0x00, 
	0x00,0x00,0x00,0x00, 
	0x00,0x00,0x00,0x00, 
	0x00,0x00,0x00,0x00, 
	0x00,0x00,0x00,0x00, 
	0x00,0x00,0x00,0x00, 
	0x00,0x00,0x00,0x00, 
	0x00,0x00,0x00,0x00, 
	0x00,0x00,0x00,0x00, 
	0x00,0x00,0x00,0x00, 
	0x00,0x00,0x00,0x00, 
	0x00,0x00,0x00,0x00, 
	0x00,0x00,0x00,0x00, 
	0x00,0x00,0x00,0x00, 
	0x00,0x00,0x00,0x00, 
	0x00,0x00,0x00,0x00, 
	0x00,0x00,0x00,0x00, 
	0x00,0x00,0x00,0x00, 
	0x00,0x00,0x00,0x00, 
	0x00,0x00,0x00,0x00, 
	0x00,0x00,0x00,0x00, 
	0x00,0x00,0x00,0x00, 
	0x00,0x00,0x00,0x00, 
	0x00,0x00,0x00,0x00, 
	0x00,0x00,0x00,0x00, 
	0x00,0x00,0x00,0x00, 
	0x00,0x00,0x00,0x00, 
	0x00,0x00,0x00,0x00, 
	0x00,0x00,0x00,0x00, 
	0x00,0x00,0x00,0x00, 
	0x00,0x00,0x00,0x00, 
	0x00,0x00,0x00,0x00, 
	0x00,0x00,0x00,0x00, 
	0x00,0x00,0x00,0x00, 
	0x00,0x00,0x00,0x00, 
	0x00,0x00,0x00,0x00, 
	0x00,0x00,0x00,0x00, 
	0x00,0x00,0x00,0x00, 
	0x00,0x00,0x00,0x00, 
	0x00,0x00,0x00,0x00, 
	0x00,0x00,0x00,0x00, 
	0x00,0x00,0x00,0x00, 
	0x00,0x00,0x00,0x00, 
	0x00,0x00,0x00,0x00, 
	0x00,0x00,0x00,0x00, 
	0x00,0x00,0x00,0x00, 
	0x00,0x00,0x00,0x00, 
	0x00,0x00,0x00,0x00, 
	0x00,0x00,0x00,0x00, 
	0x00,0x00,0x00,0x00, 
	0x00,0x00,0x00,0x00, 
	0x00,0x00,0x00,0x00, 
	0x00,0x00,0x00,0x00, 
	0x00,0x00,0x00,0x00, 
	0x00,0x00,0x00,0x00, 
	0x00,0x00,0x00,0x00, 
	0x00,0x00,0x00,0x00, 
	0x00,0x00,0x00,0x00, 
	0x00,0x00,0x00,0x00, 
	0x00,0x00,0x00,0x00, 
	0x00,0x00,0x00,0x00, 
	0x00,0x00,0x00,0x00, 
	0x00,0x00,0x00,0x00, 
	0x00,0x00,0x00,0x00, 
	0x00,0x00,0x00,0x00, 
	0x00,0x00,0x00,0x00, 
	0x00,0x00,0x00,0x00, 
	0x00,0x00,0x00,0x00, 
	0x00,0x00,0x00,0x00, 
	0x00,0x00,0x00,0x00, 
	0x00,0x00,0x00,0x00, 
	0x00,0x00,0x00,0x00, 
	0x00,0x00,0x00,0x00, 
	0x00,0x00,0x00,0x00, 
	0x00,0x00,0x00,0x00, 
	0x00,0x00,0x00,0x00, 
	0x00,0x00,0x00,0x00, 
	0x00,0x00,0x00,0x00, 
	0x00,0x00,0x00,0x00, 
	0x00,0x00,0x00,0x00, 
	0x00,0x00,0x00,0x00, 
	0x00,0x00,0x00,0x00, 
	0x00,0x00,0x00,0x00, 
	0x00,0x00,0x00,0x00, 
	0x00,0x00,0x00,0x00, 
	0x00,0x00,0x00,0x00, 
	0x00,0x00,0x00,0x00, 
	0x00,0x00,0x00,0x00, 
	0x00,0x00,0x00,0x00, 
	0x00,0x00,0x00,0x00, 
	0x00,0x00,0x00,0x00, 
	0x00,0x00,0x00,0x00, 
	0x00,0x00,0x00,0x00, 
	0x00,0x00,0x00,0x00, 
	0x00,0x00,0x00,0x00, 
	0x00,0x00,0x00,0x00, 
	0x00,0x00,0x00,0x00, 
	0x00,0x00,0x00,0x00, 
	0x00,0x00,0x00,0x00, 
	0x00,0x00,0x00,0x00, 
	0x00,0x00,0x00,0x00, 
	0x00,0x00,0x00,0x00, 
	0x00,0x00,0x00,0x00, 
	0x00,0x00,0x00,0x00, 
	0x00,0x00,0x00,0x00, 
	0x00,0x00,0x00,0x00, 
	0x00,0x00,0x00,0x00, 
	0x00,0x00,0x00,0x00, 
	0x00,0x00,0x00,0x00, 
	0x00,0x00,0x00,0x00, 
	0x00,0x00,0x00,0x00, 
	0x00,0x00,0x00,0x00, 
	0x00,0x00,0x00,0x00, 
	0x00,0x00,0x00,0x00, 
	0x00,0x00,0x00,0x00, 
	0x00,0x00,0x00,0x00, 
	0x00,0x00,0x00,0x00, 
	0x00,0x00,0x00,0x00, 
	0x00,0x00,0x00,0x00, 
	0x00,0x00,0x00,0x00, 
	0x00,0x00,0x00,0x00, 
	0x00,0x00,0x00,0x00, 
	0x00,0x00,0x00,0x00, 
	0x00,0x00,0x00,0x00, 
	0x00,0x00,0x00,0x00, 
	0x00,0x00,0x00,0x00, 
	0x00,0x00,0x00,0x00, 
	0x00,0x00,0x00,0x00, 
	0x00,0x00,0x00,0x00, 
	0x00,0x00,0x00,0x00, 
	0x00,0x00,0x00,0x00, 
	0x00,0x00,0x00,0x00, 
	0x00,0x00,0x00,0x00, 
	0x00,0x00,0x00,0x00, 
	0x00,0x00,0x00,0x00, 
	0x00,0x00,0x00,0x00, 
	0x00,0x00,0x00,0x00, 
	0x00,0x00,0x00,0x00, 
	0x00,0x00,0x00,0x00, 
	0x00,0x00,0x00,0x00, 
	0x00,0x00,0x00,0x00, 
	0x00,0x00,0x00,0x00, 
	0x00,0x00,0x00,0x00, 
	0x00,0x00,0x00,0x00, 
	0x00,0x00,0x00,0x00, 
	0x00,0x00,0x00,0x00, 
	0x00,0x00,0x00,0x00, 
	0x00,0x00,0x00,0x00, 
	0x00,0x00,0x00,0x00, 
	0x00,0x00,0x00,0x00, 
	0x00,0x00,0x00,0x00, 
	0x00,0x00,0x00,0x00, 
	0x00,0x00,0x00,0x00, 
	0x00,0x00,0x00,0x00, 
	0x00,0x00,0x00,0x00, 
	0x00,0x00,0x00,0x00, 
	0x00,0x00,0x00,0x00, 
	0x00,0x00,0x00,0x00, 
	0x00,0x00,0x00,0x00, 
	0x00,0x00,0x00,0x00, 
	0x00,0x00,0x00,0x00, 
	0x00,0x00,0x00,0x00, 
	0x00,0x00,0x00,0x00, 
	0x00,0x00,0x00,0x00, 
	0x00,0x00,0x00,0x00, 
	0x00,0x00,0x00,0x00, 
	0x00,0x00,0x00,0x00, 
	0x00,0x00,0x00,0x00, 
	0x00,0x00,0x00,0x00, 
	0x00,0x00,0x00,0x00, 
	0x00,0x00,0x00,0x00, 
	0x00,0x00,0x00,0x00, 
	0x00,0x00,0x00,0x00, 
	0x00,0x00,0x00,0x00, 
	0x00,0x00,0x00,0x00, 
	0x00,0x00,0x00,0x00, 
	0x00,0x00,0x00,0x00, 
	0x00,0x00,0x00,0x00, 
	0x00,0x00,0x00,0x00, 
	0x00,0x00,0x00,0x00, 
	0x00,0x00,0x00,0x00, 
	0x00,0x00,0x00,0x00, 
	0x00,0x00,0x00,0x00, 
	0x00,0x00,0x00,0x00, 
	0x00,0x00,0x00,0x00, 
	0x00,0x00,0x00,0x00, 
	0x00,0x00,0x00,0x00, 
	0x00,0x00,0x00,0x00, 
	0x00,0x00,0x00,0x00, 
	0x00,0x00,0x00,0x00, 
	0x00,0x00,0x00,0x00, 
	0x00,0x00,0x00,0x00, 
	0x00,0x00,0x00,0x00, 
	0x00,0x00,0x00,0x00, 
	0x00,0x00,0x00,0x00, 
	0x00,0x00,0x00,0x00, 
	0x00,0x00,0x00,0x00, 
	0x00,0x00,0x00,0x00, 
	0x00,0x00,0x00,0x00, 
	0x00,0x00,0x00,0x00, 
	0x00,0x00,0x00,0x00, 
	0x00,0x00,0x00,0x00, 
	0x00,0x00,0x00,0x00, 
	0x00,0x00,0x00,0x00, 
	0x00,0x00,0x00,0x00, 
	0x00,0x00,0x00,0x00, 
	0x00,0x00,0x00,0x00, 
	0x00,0x00,0x00,0x00, 
	0x00,0x00,0x00,0x00, 
	0x00,0x00,0x00,0x00, 
	0x00,0x00,0x00,0x00, 
	0x00,0x00,0x00,0x00, 
	0x00,0x00,0x00,0x00, 
	0x00,0x00,0x00,0x00, 
	0x00,0x00,0x00,0x00, 
	0x00,0x00,0x00,0x00, 
	0x00,0x00,0x00,0x00, 
	0x00,0x00,0x00,0x00, 
	0x00,0x00,0x00,0x00, 
	0x00,0x00,0x00,0x00, 
	0x00,0x00,0x00,0x00, 
	0x00,0x00,0x00,0x00, 
	0x00,0x00,0x00,0x00, 
	0x00,0x00,0x00,0x00, 
	0x00,0x00,0x00,0x00, 
	0x00,0x00,0x00,0x00, 
	0x00,0x00,0x00,0x00, 
	0x00,0x00,0x00,0x00, 
	0x00,0x00,0x00,0x00, 
	0x00,0x00,0x00,0x00, 
	0x00,0x00,0x00,0x00, 
	0x00,0x00,0x00,0x00, 
	0x00,0x00,0x00,0x00, 
	0x00,0x00,0x00,0x00, 
	0x00,0x00,0x00,0x00, 
	0x00,0x00,0x00,0x00, 
	0x00,0x00,0x00,0x00, 
	0x00,0x00,0x00,0x00, 
	0x00,0x00,0x00,0x00, 
	0x00,0x00,0x00,0x00, 
	0x00,0x00,0x00,0x00, 
	0x00,0x00,0x00,0x00, 
	0x00,0x00,0x00,0x00, 
	0x00,0x00,0x00,0x00, 
	0x00,0x00,0x00,0x00, 
	0x00,0x00,0x00,0x00, 
	0x00,0x00,0x00,0x00, 
	0x00,0x00,0x00,0x00, 
	0x00,0x00,0x00,0x00, 
	0x00,0x00,0x00,0x00, 
	0x00,0x00,0x00,0x00, 
	0x00,0x00,0x00,0x00, 
	0x00,0x00,0x00,0x00, 
	0x00,0x00,0x00,0x00, 
	0x00,0x00,0x00,0x00, 
	0x00,0x00,0x00,0x00, 
	0x00,0x00,0x00,0x00, 
	0x00,0x00,0x00,0x00, 
	0x00,0x00,0x00,0x00, 
	0x00,0x00,0x00,0x00, 
	0x00,0x00,0x00,0x00, 
	0x00,0x00,0x00,0x00, 
	0x00,0x00,0x00,0x00, 
	0x00,0x00,0x00,0x00, 
	0x00,0x00,0x00,0x00, 
	0x00,0x00,0x00,0x00, 
	0x00,0x00,0x00,0x00, 
	0x00,0x00,0x00,0x00, 
	0x00,0x00,0x00,0x00, 
	0x00,0x00,0x00,0x00, 
	0x00,0x00,0x00,0x00, 
	0x00,0x00,0x00,0x00, 
	0x00,0x00,0x00,0x00, 
	0x00,0x00,0x00,0x00, 
	0x00,0x00,0x00,0x00, 
	0x00,0x00,0x00,0x00, 
	0x00,0x00,0x00,0x00, 
	0x00,0x00,0x00,0x00, 
	0x00,0x00,0x00,0x00, 
	0x00,0x00,0x00,0x00, 
	0x00,0x00,0x00,0x00, 
	0x00,0x00,0x00,0x00, 
	0x00,0x00,0x00,0x00, 
	0x00,0x00,0x00,0x00, 
	0x00,0x00,0x00,0x00, 
	0x00,0x00,0x00,0x00, 
	0x00,0x00,0x00,0x00, 
	0x00,0x00,0x00,0x00, 
	0x00,0x00,0x00,0x00, 
	0x00,0x00,0x00,0x00, 
	0x00,0x00,0x00,0x00, 
	0x00,0x00,0x00,0x00, 
	0x00,0x00,0x00,0x00, 
	0x00,0x00,0x00,0x00, 
	0x00,0x00,0x00,0x00, 
	0x00,0x00,0x00,0x00, 
	0x00,0x00,0x00,0x00, 
	0x00,0x00,0x00,0x00, 
	0x00,0x00,0x00,0x00, 
	0x00,0x00,0x00,0x00, 
	0x00,0x00,0x00,0x00, 
	0x00,0x00,0x00,0x00, 
	0x00,0x00,0x00,0x00, 
	0x00,0x00,0x00,0x00, 
	0x00,0x00,0x00,0x00, 
	0x00,0x00,0x00,0x00, 
	0x00,0x00,0x00,0x00, 
	0x00,0x00,0x00,0x00, 
	0x00,0x00,0x00,0x00, 
	0x00,0x00,0x00,0x00, 
	0x00,0x00,0x00,0x00, 
	0x00,0x00,0x00,0x00, 
	0x00,0x00,0x00,0x00, 
	0x00,0x00,0x00,0x00, 
	0x00,0x00,0x00,0x00, 
	0x00,0x00,0x00,0x00, 
	0x00,0x00,0x00,0x00, 
	0x00,0x00,0x00,0x00, 
	0x00,0x00,0x00,0x00, 
	0x00,0x00,0x00,0x00, 
	0x00,0x00,0x00,0x00, 
	0x00,0x00,0x00,0x00, 
	0x00,0x00,0x00,0x00, 
	0x00,0x00,0x00,0x00, 
	0x00,0x00,0x00,0x00, 
	0x00,0x00,0x00,0x00, 
	0x00,0x00,0x00,0x00, 
	0x00,0x00,0x00,0x00, 
	0x00,0x00,0x00,0x00, 
	0x00,0x00,0x00,0x00, 
	0x00,0x00,0x00,0x00, 
	0x00,0x00,0x00,0x00, 
	0x00,0x00,0x00,0x00, 
	0x00,0x00,0x00,0x00, 
	0x00,0x00,0x00,0x00, 
	0x00,0x00,0x00,0x00, 
	0x00,0x00,0x00,0x00, 
	0x00,0x00,0x00,0x00, 
	0x00,0x00,0x00,0x00, 
	0x00,0x00,0x00,0x00, 
	0x00,0x00,0x00,0x00, 
	0x00,0x00,0x00,0x00, 
	0x00,0x00,0x00,0x00, 
	0x00,0x00,0x00,0x00, 
	0x00,0x00,0x00,0x00, 
	0x00,0x00,0x00,0x00, 
	0x00,0x00,0x00,0x00, 
	0x00,0x00,0x00,0x00, 
	0x00,0x00,0x00,0x00, 
	0x00,0x00,0x00,0x00, 
	0x00,0x00,0x00,0x00, 
	0x00,0x00,0x00,0x00, 
	0x00,0x00,0x00,0x00, 
	0x00,0x00,0x00,0x00, 
	0x00,0x00,0x00,0x00, 
	0x00,0x00,0x00,0x00, 
	0x00,0x00,0x00,0x00, 
	0x00,0x00,0x00,0x00, 
	0x00,0x00,0x00,0x00, 
	0x00,0x00,0x00,0x00, 
	0x00,0x00,0x00,0x00, 
	0x00,0x00,0x00,0x00, 
	0x00,0x00,0x00,0x00, 
	0x00,0x00,0x00,0x00, 
	0x00,0x00,0x00,0x00, 
	0x00,0x00,0x00,0x00, 
	0x00,0x00,0x00,0x00, 
	0x00,0x00,0x00,0x00, 
	0x00,0x00,0x00,0x00, 
	0x00,0x00,0x00,0x00, 
	0x00,0x00,0x00,0x00, 
	0x00,0x00,0x00,0x00, 
	0x00,0x00,0x00,0x00, 
	0x00,0x00,0x00,0x00, 
	0x00,0x00,0x00,0x00, 
	0x00,0x00,0x00,0x00, 
	0x00,0x00,0x00,0x00, 
	0x00,0x00,0x00,0x00, 
	0x00,0x00,0x00,0x00, 
	0x00,0x00,0x00,0x00, 
	0x00,0x00,0x00,0x00, 
	0x00,0x00,0x00,0x00, 
	0x00,0x00,0x00,0x00, 
	0x00,0x00,0x00,0x00, 
	0x00,0x00,0x00,0x00, 
	0x00,0x00,0x00,0x00, 
	0x00,0x00,0x00,0x00, 
	0x00,0x00,0x00,0x00, 
	0x00,0x00,0x00,0x00, 
	0x00,0x00,0x00,0x00, 
	0x00,0x00,0x00,0x00, 
	0x00,0x00,0x00,0x00, 
	0x00,0x00,0x00,0x00, 
	0x00,0x00,0x00,0x00, 
	0x00,0x00,0x00,0x00, 
	0x00,0x00,0x00,0x00, 
	0x00,0x00,0x00,0x00, 
	0x00,0x00,0x00,0x00, 
	0x00,0x00,0x00,0x00, 
	0x00,0x00,0x00,0x00, 
	0x00,0x00,0x00,0x00, 
	0x00,0x00,0x00,0x00, 
	0x00,0x00,0x00,0x00, 
	0x00,0x00,0x00,0x00, 
	0x00,0x00,0x00,0x00, 
	0x00,0x00,0x00,0x00, 
	0x00,0x00,0x00,0x00, 
	0x00,0x00,0x00,0x00, 
	0x00,0x00,0x00,0x00, 
	0x00,0x00,0x00,0x00, 
	0x00,0x00,0x00,0x00, 
	0x00,0x00,0x00,0x00, 
	0x00,0x00,0x00,0x00, 
	0x00,0x00,0x00,0x00, 
	0x00,0x00,0x00,0x00, 
	0x00,0x00,0x00,0x00, 
	0x00,0x00,0x00,0x00, 
	0x00,0x00,0x00,0x00, 
	0x00,0x00,0x00,0x00, 
	0x00,0x00,0x00,0x00, 
	0x00,0x00,0x00,0x00, 
	0x00,0x00,0x00,0x00, 
	0x00,0x00,0x00,0x00, 
	0x00,0x00,0x00,0x00, 
	0x00,0x00,0x00,0x00, 
	0x00,0x00,0x00,0x00, 
	0x00,0x00,0x00,0x00, 
	0x00,0x00,0x00,0x00, 
	0x00,0x00,0x00,0x00, 
	0x00,0x00,0x00,0x00, 
	0x00,0x00,0x00,0x00, 
	0x00,0x00,0x00,0x00, 
	0x00,0x00,0x00,0x00, 
	0x00,0x00,0x00,0x00, 
	0x00,0x00,0x00,0x00, 
	0x00,0x00,0x00,0x00, 
	0x00,0x00,0x00,0x00, 
	0x00,0x00,0x00,0x00, 
	0x00,0x00,0x00,0x00, 
	0x00,0x00,0x00,0x00, 
	0x00,0x00,0x00,0x00, 
	0x00,0x00,0x00,0x00, 
	0x00,0x00,0x00,0x00, 
	0x00,0x00,0x00,0x00, 
	0x00,0x00,0x00,0x00, 
	0x00,0x00,0x00,0x00, 
	0x00,0x00,0x00,0x00, 
	0x00,0x00,0x00,0x00, 
	0x00,0x00,0x00,0x00, 
	0x00,0x00,0x00,0x00, 
	0x00,0x00,0x00,0x00, 
	0x00,0x00,0x00,0x00, 
	0x00,0x00,0x00,0x00, 
	0x00,0x00,0x00,0x00, 
	0x00,0x00,0x00,0x00, 
	0x00,0x00,0x00,0x00, 
	0x00,0x00,0x00,0x00, 
	0x00,0x00,0x00,0x00, 
	0x00,0x00,0x00,0x00, 
	0x00,0x00,0x00,0x00, 
	0x00,0x00,0x00,0x00, 
	0x00,0x00,0x00,0x00, 
	0x00,0x00,0x00,0x00, 
	0x00,0x00,0x00,0x00, 
	0x00,0x00,0x00,0x00, 
	0x00,0x00,0x00,0x00, 
	0x00,0x00,0x00,0x00, 
	0x00,0x00,0x00,0x00, 
	0x00,0x00,0x00,0x00, 
	0x00,0x00,0x00,0x00, 
	0x00,0x00,0x00,0x00, 
	0x00,0x00,0x00,0x00, 
	0x00,0x00,0x00,0x00, 
	0x00,0x00,0x00,0x00, 
	0x00,0x00,0x00,0x00, 
	0x00,0x00,0x00,0x00, 
	0x00,0x00,0x00,0x00, 
	0x00,0x00,0x00,0x00, 
	0x00,0x00,0x00,0x00, 
	0x00,0x00,0x00,0x00, 
	0x00,0x00,0x00,0x00, 
	0x00,0x00,0x00,0x00, 
	0x00,0x00,0x00,0x00, 
	0x00,0x00,0x00,0x00, 
	0x00,0x00,0x00,0x00, 
	0x00,0x00,0x00,0x00, 
	0x00,0x00,0x00,0x00, 
	0x00,0x00,0x00,0x00, 
	0x00,0x00,0x00,0x00, 
	0x00,0x00,0x00,0x00, 
	0x00,0x00,0x00,0x00, 
	0x00,0x00,0x00,0x00, 
	0x00,0x00,0x00,0x00, 
	0x00,0x00,0x00,0x00, 
	0x00,0x00,0x00,0x00, 
	0x00,0x00,0x00,0x00, 
	0x00,0x00,0x00,0x00, 
	0x00,0x00,0x00,0x00, 
	0x00,0x00,0x00,0x00, 
	0x00,0x00,0x00,0x00, 
	0x00,0x00,0x00,0x00, 
	0x00,0x00,0x00,0x00, 
	0x00,0x00,0x00,0x00, 
	0x00,0x00,0x00,0x00, 
	0x00,0x00,0x00,0x00, 
	0x00,0x00,0x00,0x00, 
	0x00,0x00,0x00,0x00, 
	0x00,0x00,0x00,0x00, 
	0x00,0x00,0x00,0x00, 
	0x00,0x00,0x00,0x00, 
	0x00,0x00,0x00,0x00, 
	0x00,0x00,0x00,0x00, 
	0x00,0x00,0x00,0x00, 
	0x00,0x00,0x00,0x00, 
	0x00,0x00,0x00,0x00, 
	0x00,0x00,0x00,0x00, 
	0x00,0x00,0x00,0x00, 
	0x00,0x00,0x00,0x00, 
	0x00,0x00,0x00,0x00, 
	0x00,0x00,0x00,0x00, 
	0x00,0x00,0x00,0x00, 
	0x00,0x00,0x00,0x00, 
	0x00,0x00,0x00,0x00, 
	0x00,0x00,0x00,0x00, 
	0x00,0x00,0x00,0x00, 
	0x00,0x00,0x00,0x00, 
	0x00,0x00,0x00,0x00, 
	0x00,0x00,0x00,0x00, 
	0x00,0x00,0x00,0x00, 
	0x00,0x00,0x00,0x00, 
	0x00,0x00,0x00,0x00, 
	0x00,0x00,0x00,0x00, 
	0x00,0x00,0x00,0x00, 
	0x00,0x00,0x00,0x00, 
	0x00,0x00,0x00,0x00, 
	0x00,0x00,0x00,0x00, 
	0x00,0x00,0x00,0x00, 
	0x00,0x00,0x00,0x00, 
	0x00,0x00,0x00,0x00, 
	0x00,0x00,0x00,0x00, 
	0x00,0x00,0x00,0x00, 
	0x00,0x00,0x00,0x00, 
	0x00,0x00,0x00,0x00, 
	0x00,0x00,0x00,0x00, 
	0x00,0x00,0x00,0x00, 
	0x00,0x00,0x00,0x00, 
	0x00,0x00,0x00,0x00, 
	0x00,0x00,0x00,0x00, 
	0x00,0x00,0x00,0x00, 
	0x00,0x00,0x00,0x00, 
	0x00,0x00,0x00,0x00, 
	0x00,0x00,0x00,0x00, 
	0x00,0x00,0x00,0x00, 
	0x00,0x00,0x00,0x00, 
	0x00,0x00,0x00,0x00, 
	0x00,0x00,0x00,0x00, 
	0x00,0x00,0x00,0x00, 
	0x00,0x00,0x00,0x00, 
	0x00,0x00,0x00,0x00, 
	0x00,0x00,0x00,0x00, 
	0x00,0x00,0x00,0x00, 
	0x00,0x00,0x00,0x00, 
	0x00,0x00,0x00,0x00, 
	0x00,0x00,0x00,0x00, 
	0x00,0x00,0x00,0x00, 
	0x00,0x00,0x00,0x00, 
	0x00,0x00,0x00,0x00, 
	0x00,0x00,0x00,0x00, 
	0x00,0x00,0x00,0x00, 
	0x00,0x00,0x00,0x00, 
	0x00,0x00,0x00,0x00, 
	0x00,0x00,0x00,0x00, 
	0x00,0x00,0x00,0x00, 
	0x00,0x00,0x00,0x00, 
	0x00,0x00,0x00,0x00, 
	0x00,0x00,0x00,0x00, 
	0x00,0x00,0x00,0x00, 
	0x00,0x00,0x00,0x00, 
	0x00,0x00,0x00,0x00, 
	0x00,0x00,0x00,0x00, 
	0x00,0x00,0x00,0x00, 
	0x00,0x00,0x00,0x00, 
	0x00,0x00,0x00,0x00, 
	0x00,0x00,0x00,0x00, 
	0x00,0x00,0x00,0x00, 
	0x00,0x00,0x00,0x00, 
	0x00,0x00,0x00,0x00, 
	0x00,0x00,0x00,0x00, 
	0x00,0x00,0x00,0x00, 
	0x00,0x00,0x00,0x00, 
	0x00,0x00,0x00,0x00, 
	0x00,0x00,0x00,0x00, 
	0x00,0x00,0x00,0x00, 
	0x00,0x00,0x00,0x00, 
	0x00,0x00,0x00,0x00, 
	0x00,0x00,0x00,0x00, 
	0x00,0x00,0x00,0x00, 
	0x00,0x00,0x00,0x00, 
	0x00,0x00,0x00,0x00, 
	0x00,0x00,0x00,0x00, 
	0x00,0x00,0x00,0x00, 
	0x00,0x00,0x00,0x00, 
	0x00,0x00,0x00,0x00, 
	0x00,0x00,0x00,0x00, 
	0x00,0x00,0x00,0x00, 
	0x00,0x00,0x00,0x00, 
	0x00,0x00,0x00,0x00, 
	0x00,0x00,0x00,0x00, 
	0x00,0x00,0x00,0x00, 
	0x00,0x00,0x00,0x00, 
	0x00,0x00,0x00,0x00, 
	0x00,0x00,0x00,0x00, 
	0x00,0x00,0x00,0x00, 
	0x00,0x00,0x00,0x00, 
	0x00,0x00,0x00,0x00, 
	0x00,0x00,0x00,0x00, 
	0x00,0x00,0x00,0x00, 
	0x00,0x00,0x00,0x00, 
	0x00,0x00,0x00,0x00, 
	0x00,0x00,0x00,0x00, 
	0x00,0x00,0x00,0x00, 
	0x00,0x00,0x00,0x00, 
	0x00,0x00,0x00,0x00, 
	0x00,0x00,0x00,0x00, 
	0x00,0x00,0x00,0x00, 
	0x00,0x00,0x00,0x00, 
	0x00,0x00,0x00,0x00, 
	0x00,0x00,0x00,0x00, 
	0x00,0x00,0x00,0x00, 
	0x00,0x00,0x00,0x00, 
	0x00,0x00,0x00,0x00, 
	0x00,0x00,0x00,0x00, 
	0x00,0x00,0x00,0x00, 
	0x00,0x00,0x00,0x00, 
	0x00,0x00,0x00,0x00, 
	0x00,0x00,0x00,0x00, 
	0x00,0x00,0x00,0x00, 
	0x00,0x00,0x00,0x00, 
	0x00,0x00,0x00,0x00, 
	0x00,0x00,0x00,0x00, 
	0x00,0x00,0x00,0x00, 
	0x00,0x00,0x00,0x00, 
	0x00,0x00,0x00,0x00, 
	0x00,0x00,0x00,0x00, 
	0x00,0x00,0x00,0x00, 
	0x00,0x00,0x00,0x00, 
	0x00,0x00,0x00,0x00, 
	0x00,0x00,0x00,0x00, 
	0x00,0x00,0x00,0x00, 
	0x00,0x00,0x00,0x00, 
	0x00,0x00,0x00,0x00, 
	0x00,0x00,0x00,0x00, 
	0x00,0x00,0x00,0x00, 
	0x00,0x00,0x00,0x00, 
	0x00,0x00,0x00,0x00, 
	0x00,0x00,0x00,0x00, 
	0x00,0x00,0x00,0x00, 
	0x00,0x00,0x00,0x00, 
	0x00,0x00,0x00,0x00, 
	0x00,0x00,0x00,0x00, 
	0x00,0x00,0x00,0x00, 
	0x00,0x00,0x00,0x00, 
	0x00,0x00,0x00,0x00, 
	0x00,0x00,0x00,0x00, 
	0x00,0x00,0x00,0x00, 
	0x00,0x00,0x00,0x00, 
	0x00,0x00,0x00,0x00, 
	0x00,0x00,0x00,0x00, 
	0x00,0x00,0x00,0x00, 
	0x00,0x00,0x00,0x00, 
	0x00,0x00,0x00,0x00, 
	0x00,0x00,0x00,0x00, 
	0x00,0x00,0x00,0x00, 
	0x00,0x00,0x00,0x00, 
	0x00,0x00,0x00,0x00, 
	0x00,0x00,0x00,0x00, 
	0x00,0x00,0x00,0x00, 
	0x00,0x00,0x00,0x00, 
	0x00,0x00,0x00,0x00, 
	0x00,0x00,0x00,0x00, 
	0x00,0x00,0x00,0x00, 
	0x00,0x00,0x00,0x00, 
	0x00,0x00,0x00,0x00, 
	0x00,0x00,0x00,0x00, 
	0x00,0x00,0x00,0x00, 
	0x00,0x00,0x00,0x00, 
	0x00,0x00,0x00,0x00, 
	0x00,0x00,0x00,0x00, 
	0x00,0x00,0x00,0x00, 
	0x00,0x00,0x00,0x00, 
	0x00,0x00,0x00,0x00, 
	0x00,0x00,0x00,0x00, 
	0x00,0x00,0x00,0x00, 
	0x00,0x00,0x00,0x00, 
	0x00,0x00,0x00,0x00, 
	0x00,0x00,0x00,0x00, 
	0x00,0x00,0x00,0x00, 
	0x00,0x00,0x00,0x00, 
	0x00,0x00,0x00,0x00, 
	0x00,0x00,0x00,0x00, 
	0x00,0x00,0x00,0x00, 
	0x00,0x00,0x00,0x00, 
	0x00,0x00,0x00,0x00, 
	0x00,0x00,0x00,0x00, 
	0x00,0x00,0x00,0x00, 
	0x00,0x00,0x00,0x00, 
	0x00,0x00,0x00,0x00, 
	0x00,0x00,0x00,0x00, 
	0x00,0x00,0x00,0x00, 
	0x00,0x00,0x00,0x00, 
	0x00,0x00,0x00,0x00, 
	0x00,0x00,0x00,0x00, 
	0x00,0x00,0x00,0x00, 
	0x00,0x00,0x00,0x00, 
	0x00,0x00,0x00,0x00, 
	0x00,0x00,0x00,0x00, 
	0x00,0x00,0x00,0x00, 
	0x00,0x00,0x00,0x00, 
	0x00,0x00,0x00,0x00, 
	0x00,0x00,0x00,0x00, 
	0x00,0x00,0x00,0x00, 
	0x00,0x00,0x00,0x00, 
	0x00,0x00,0x00,0x00, 
	0x00,0x00,0x00,0x00, 
	0x00,0x00,0x00,0x00, 
	0x00,0x00,0x00,0x00, 
	0x00,0x00,0x00,0x00, 
	0x00,0x00,0x00,0x00, 
	0x00,0x00,0x00,0x00, 
	0x00,0x00,0x00,0x00, 
	0x00,0x00,0x00,0x00, 
	0x00,0x00,0x00,0x00, 
	0x00,0x00,0x00,0x00, 
	0x00,0x00,0x00,0x00, 
	0x00,0x00,0x00,0x00, 
	0x00,0x00,0x00,0x00, 
	0x00,0x00,0x00,0x00, 
	0x00,0x00,0x00,0x00, 
	0x00,0x00,0x00,0x00, 
	0x00,0x00,0x00,0x00, 
	0x00,0x00,0x00,0x00, 
	0x00,0x00,0x00,0x00, 
	0x00,0x00,0x00,0x00, 
	0x00,0x00,0x00,0x00, 
	0x00,0x00,0x00,0x00, 
	0x00,0x00,0x00,0x00, 
	0x00,0x00,0x00,0x00, 
	0x00,0x00,0x00,0x00, 
	0x00,0x00,0x00,0x00, 
	0x00,0x00,0x00,0x00, 
	0x00,0x00,0x00,0x00, 
	0x00,0x00,0x00,0x00, 
	0x00,0x00,0x00,0x00, 
	0x00,0x00,0x00,0x00, 
	0x00,0x00,0x00,0x00, 
	0x00,0x00,0x00,0x00, 
	0x00,0x00,0x00,0x00, 
	0x00,0x00,0x00,0x00, 
	0x00,0x00,0x00,0x00, 
	0x00,0x00,0x00,0x00, 
	0x00,0x00,0x00,0x00, 
	0x00,0x00,0x00,0x00, 
	0x00,0x00,0x00,0x00, 
	0x00,0x00,0x00,0x00, 
	0x00,0x00,0x00,0x00, 
	0x00,0x00,0x00,0x00, 
	0x00,0x00,0x00,0x00, 
	0x00,0x00,0x00,0x00, 
	0x00,0x00,0x00,0x00, 
	0x00,0x00,0x00,0x00, 
	0x00,0x00,0x00,0x00, 
	0x00,0x00,0x00,0x00, 
	0x00,0x00,0x00,0x00, 
	0x00,0x00,0x00,0x00, 
	0x00,0x00,0x00,0x00, 
	0x00,0x00,0x00,0x00, 
	0x00,0x00,0x00,0x00, 
	0x00,0x00,0x00,0x00, 
	0x00,0x00,0x00,0x00, 
	0x00,0x00,0x00,0x00, 
	0x00,0x00,0x00,0x00, 
	0x00,0x00,0x00,0x00, 
	0x00,0x00,0x00,0x00, 
	0x00,0x00,0x00,0x00, 
	0x00,0x00,0x00,0x00, 
	0x00,0x00,0x00,0x00, 
	0x00,0x00,0x00,0x00, 
	0x00,0x00,0x00,0x00, 
	0x00,0x00,0x00,0x00, 
	0x00,0x00,0x00,0x00, 
	0x00,0x00,0x00,0x00, 
	0x00,0x00,0x00,0x00, 
	0x00,0x00,0x00,0x00, 
	0x00,0x00,0x00,0x00, 
	0x00,0x00,0x00,0x00, 
	0x00,0x00,0x00,0x00, 
	0x00,0x00,0x00,0x00, 
	0x00,0x00,0x00,0x00, 
	0x00,0x00,0x00,0x00, 
	0x00,0x00,0x00,0x00, 
	0x00,0x00,0x00,0x00, 
	0x00,0x00,0x00,0x00, 
	0x00,0x00,0x00,0x00, 
	0x00,0x00,0x00,0x00, 
	0x00,0x00,0x00,0x00, 
	0x00,0x00,0x00,0x00, 
	0x00,0x00,0x00,0x00, 
	0x00,0x00,0x00,0x00, 
	0x00,0x00,0x00,0x00, 
	0x00,0x00,0x00,0x00, 
	0x00,0x00,0x00,0x00, 
	0x00,0x00,0x00,0x00, 
	0x00,0x00,0x00,0x00, 
	0x00,0x00,0x00,0x00, 
	0x00,0x00,0x00,0x00, 
	0x00,0x00,0x00,0x00, 
	0x00,0x00,0x00,0x00, 
	0x00,0x00,0x00,0x00, 
	0x00,0x00,0x00,0x00, 
	0x00,0x00,0x00,0x00, 
	0x00,0x00,0x00,0x00, 
	0x00,0x00,0x00,0x00, 
	0x00,0x00,0x00,0x00, 
	0x00,0x00,0x00,0x00, 
	0x00,0x00,0x00,0x00, 
	0x00,0x00,0x00,0x00, 
	0x00,0x00,0x00,0x00, 
	0x00,0x00,0x00,0x00, 
	0x00,0x00,0x00,0x00, 
	0x00,0x00,0x00,0x00, 
	0x00,0x00,0x00,0x00, 
	0x00,0x00,0x00,0x00, 
	0x00,0x00,0x00,0x00, 
	0x00,0x00,0x00,0x00, 
	0x00,0x00,0x00,0x00, 
	0x00,0x00,0x00,0x00, 
	0x00,0x00,0x00,0x00, 
	0x00,0x00,0x00,0x00, 
	0x00,0x00,0x00,0x00, 
	0x00,0x00,0x00,0x00, 
	0x00,0x00,0x00,0x00, 
	0x00,0x00,0x00,0x00, 
	0x00,0x00,0x00,0x00, 
	0x00,0x00,0x00,0x00, 
	0x00,0x00,0x00,0x00, 
	0x00,0x00,0x00,0x00, 
	0x00,0x00,0x00,0x00, 
	0x00,0x00,0x00,0x00, 
	0x00,0x00,0x00,0x00, 
	0x00,0x00,0x00,0x00, 
	0x00,0x00,0x00,0x00, 
	0x00,0x00,0x00,0x00, 
	0x00,0x00,0x00,0x00, 
	0x00,0x00,0x00,0x00, 
	0x00,0x00,0x00,0x00, 
	0x00,0x00,0x00,0x00, 
	0x00,0x00,0x00,0x00, 
	0x00,0x00,0x00,0x00, 
	0x00,0x00,0x00,0x00, 
	0x00,0x00,0x00,0x00, 
	0x00,0x00,0x00,0x00, 
	0x00,0x00,0x00,0x00, 
	0x00,0x00,0x00,0x00, 
	0x00,0x00,0x00,0x00, 
	0x00,0x00,0x00,0x00, 
	0x00,0x00,0x00,0x00, 
	0x00,0x00,0x00,0x00, 
	0x00,0x00,0x00,0x00, 
	0x00,0x00,0x00,0x00, 
	0x00,0x00,0x00,0x00, 
	0x00,0x00,0x00,0x00, 
	0x00,0x00,0x00,0x00, 
	0x00,0x00,0x00,0x00, 
	0x00,0x00,0x00,0x00, 
	0x00,0x00,0x00,0x00, 
	0x00,0x00,0x00,0x00, 
	0x00,0x00,0x00,0x00, 
	0x00,0x00,0x00,0x00, 
	0x00,0x00,0x00,0x00, 
	0x00,0x00,0x00,0x00, 
	0x00,0x00,0x00,0x00, 
	0x00,0x00,0x00,0x00, 
	0x00,0x00,0x00,0x00, 
	0x00,0x00,0x00,0x00, 
	0x00,0x00,0x00,0x00, 
	0x00,0x00,0x00,0x00, 
	0x00,0x00,0x00,0x00, 
	0x00,0x00,0x00,0x00, 
	0x00,0x00,0x00,0x00, 
	0x00,0x00,0x00,0x00, 
	0x00,0x00,0x00,0x00, 
	0x00,0x00,0x00,0x00, 
	0x00,0x00,0x00,0x00, 
	0x00,0x00,0x00,0x00, 
	0x00,0x00,0x00,0x00, 
	0x00,0x00,0x00,0x00, 
	0x00,0x00,0x00,0x00, 
	0x00,0x00,0x00,0x00, 
	0x00,0x00,0x00,0x00, 
	0x00,0x00,0x00,0x00, 
	0x00,0x00,0x00,0x00, 
	0x00,0x00,0x00,0x00, 
	0x00,0x00,0x00,0x00, 
	0x00,0x00,0x00,0x00, 
	0x00,0x00,0x00,0x00, 
	0x00,0x00,0x00,0x00, 
	0x00,0x00,0x00,0x00, 
	0x00,0x00,0x00,0x00, 
	0x00,0x00,0x00,0x00, 
	0x00,0x00,0x00,0x00, 
	0x00,0x00,0x00,0x00, 
	0x00,0x00,0x00,0x00, 
	0x00,0x00,0x00,0x00, 
	0x00,0x00,0x00,0x00, 
	0x00,0x00,0x00,0x00, 
	0x00,0x00,0x00,0x00, 
	0x00,0x00,0x00,0x00, 
	0x00,0x00,0x00,0x00, 
	0x00,0x00,0x00,0x00, 
	0x00,0x00,0x00,0x00, 
	0x00,0x00,0x00,0x00, 
	0x00,0x00,0x00,0x00, 
	0x00,0x00,0x00,0x00, 
	0x00,0x00,0x00,0x00, 
	0x00,0x00,0x00,0x00, 
	0x00,0x00,0x00,0x00, 
	0x00,0x00,0x00,0x00, 
	0x00,0x00,0x00,0x00, 
	0x00,0x00,0x00,0x00, 
	0x00,0x00,0x00,0x00, 
	0x00,0x00,0x00,0x00, 
	0x00,0x00,0x00,0x00, 
	0x00,0x00,0x00,0x00, 
	0x00,0x00,0x00,0x00, 
	0x00,0x00,0x00,0x00, 
	0x00,0x00,0x00,0x00, 
	0x00,0x00,0x00,0x00, 
	0x00,0x00,0x00,0x00, 
	0x00,0x00,0x00,0x00, 
	0x00,0x00,0x00,0x00, 
	0x00,0x00,0x00,0x00, 
	0x00,0x00,0x00,0x00, 
	0x00,0x00,0x00,0x00, 
	0x00,0x00,0x00,0x00, 
	0x00,0x00,0x00,0x00, 
	0x00,0x00,0x00,0x00, 
	0x00,0x00,0x00,0x00, 
	0x00,0x00,0x00,0x00, 
	0x00,0x00,0x00,0x00, 
	0x00,0x00,0x00,0x00, 
	0x00,0x00,0x00,0x00, 
	0x00,0x00,0x00,0x00, 
	0x00,0x00,0x00,0x00, 
	0x00,0x00,0x00,0x00, 
	0x00,0x00,0x00,0x00, 
	0x00,0x00,0x00,0x00, 
	0x00,0x00,0x00,0x00, 
	0x00,0x00,0x00,0x00, 
	0x00,0x00,0x00,0x00, 
	0x00,0x00,0x00,0x00, 
	0x00,0x00,0x00,0x00, 
	0x00,0x00,0x00,0x00, 
	0x00,0x00,0x00,0x00, 
	0x00,0x00,0x00,0x00, 
	0x00,0x00,0x00,0x00, 
	0x00,0x00,0x00,0x00, 
	0x00,0x00,0x00,0x00, 
	0x00,0x00,0x00,0x00, 
	0x00,0x00,0x00,0x00, 
	0x00,0x00,0x00,0x00, 
	0x00,0x00,0x00,0x00, 
	0x00,0x00,0x00,0x00, 
	0x00,0x00,0x00,0x00, 
	0x00,0x00,0x00,0x00, 
	0x00,0x00,0x00,0x00, 
	0x00,0x00,0x00,0x00, 
	0x00,0x00,0x00,0x00, 
	0x00,0x00,0x00,0x00, 
	0x00,0x00,0x00,0x00, 
	0x00,0x00,0x00,0x00, 
	0x00,0x00,0x00,0x00, 
	0x00,0x00,0x00,0x00, 
	0x00,0x00,0x00,0x00, 
	0x00,0x00,0x00,0x00, 
	0x00,0x00,0x00,0x00, 
	0x00,0x00,0x00,0x00, 
	0x00,0x00,0x00,0x00, 
	0x00,0x00,0x00,0x00, 
	0x00,0x00,0x00,0x00, 
	0x00,0x00,0x00,0x00, 
	0x00,0x00,0x00,0x00, 
	0x00,0x00,0x00,0x00, 
	0x00,0x00,0x00,0x00, 
	0x00,0x00,0x00,0x00, 
	0x00,0x00,0x00,0x00, 
	0x00,0x00,0x00,0x00, 
	0x00,0x00,0x00,0x00, 
	0x00,0x00,0x00,0x00, 
	0x00,0x00,0x00,0x00, 
	0x00,0x00,0x00,0x00, 
	0x00,0x00,0x00,0x00, 
	0x00,0x00,0x00,0x00, 
	0x00,0x00,0x00,0x00, 
	0x00,0x00,0x00,0x00, 
	0x00,0x00,0x00,0x00, 
	0x00,0x00,0x00,0x00, 
	0x00,0x00,0x00,0x00, 
	0x00,0x00,0x00,0x00, 
	0x00,0x00,0x00,0x00, 
	0x00,0x00,0x00,0x00, 
	0x00,0x00,0x00,0x00, 
	0x00,0x00,0x00,0x00, 
	0x00,0x00,0x00,0x00, 
	0x00,0x00,0x00,0x00, 
	0x00,0x00,0x00,0x00, 
	0x00,0x00,0x00,0x00, 
	0x00,0x00,0x00,0x00, 
	0x00,0x00,0x00,0x00, 
	0x00,0x00,0x00,0x00, 
	0x00,0x00,0x00,0x00, 
	0x00,0x00,0x00,0x00, 
	0x00,0x00,0x00,0x00, 
	0x00,0x00,0x00,0x00, 
	0x00,0x00,0x00,0x00, 
	0x00,0x00,0x00,0x00, 
	0x00,0x00,0x00,0x00, 
	0x00,0x00,0x00,0x00, 
	0x00,0x00,0x00,0x00, 
	0x00,0x00,0x00,0x00, 
	0x00,0x00,0x00,0x00, 
	0x00,0x00,0x00,0x00, 
	0x00,0x00,0x00,0x00, 
	0x00,0x00,0x00,0x00, 
	0x00,0x00,0x00,0x00, 
	0x00,0x00,0x00,0x00, 
	0x00,0x00,0x00,0x00, 
	0x00,0x00,0x00,0x00, 
	0x00,0x00,0x00,0x00, 
	0x00,0x00,0x00,0x00, 
	0x00,0x00,0x00,0x00, 
	0x00,0x00,0x00,0x00, 
	0x00,0x00,0x00,0x00, 
	0x00,0x00,0x00,0x00, 
	0x00,0x00,0x00,0x00, 
	0x00,0x00,0x00,0x00, 
	0x00,0x00,0x00,0x00, 
	0x00,0x00,0x00,0x00, 
	0x00,0x00,0x00,0x00, 
	0x00,0x00,0x00,0x00, 
	0x00,0x00,0x00,0x00, 
	0x00,0x00,0x00,0x00, 
	0x00,0x00,0x00,0x00, 
	0x00,0x00,0x00,0x00, 
	0x00,0x00,0x00,0x00, 
	0x00,0x00,0x00,0x00, 
	0x00,0x00,0x00,0x00, 
	0x00,0x00,0x00,0x00, 
	0x00,0x00,0x00,0x00, 
	0x00,0x00,0x00,0x00, 
	0x00,0x00,0x00,0x00, 
	0x00,0x00,0x00,0x00, 
	0x00,0x00,0x00,0x00, 
	0x00,0x00,0x00,0x00, 
	0x00,0x00,0x00,0x00, 
	0x00,0x00,0x00,0x00, 
	0x00,0x00,0x00,0x00, 
	0x00,0x00,0x00,0x00, 
	0x00,0x00,0x00,0x00, 
	0x00,0x00,0x00,0x00, 
	0x00,0x00,0x00,0x00, 
	0x00,0x00,0x00,0x00, 
	0x00,0x00,0x00,0x00, 
	0x00,0x00,0x00,0x00, 
	0x00,0x00,0x00,0x00, 
	0x00,0x00,0x00,0x00, 
	0x00,0x00,0x00,0x00, 
	0x00,0x00,0x00,0x00, 
	0x00,0x00,0x00,0x00, 
	0x00,0x00,0x00,0x00, 
	0x00,0x00,0x00,0x00, 
	0x00,0x00,0x00,0x00, 
	0x00,0x00,0x00,0x00, 
	0x00,0x00,0x00,0x00, 
	0x00,0x00,0x00,0x00, 
	0x00,0x00,0x00,0x00, 
	0x00,0x00,0x00,0x00, 
	0x00,0x00,0x00,0x00, 
	0x00,0x00,0x00,0x00, 
	0x00,0x00,0x00,0x00, 
	0x00,0x00,0x00,0x00, 
	0x00,0x00,0x00,0x00, 
	0x00,0x00,0x00,0x00, 
	0x00,0x00,0x00,0x00, 
	0x00,0x00,0x00,0x00, 
	0x00,0x00,0x00,0x00, 
	0x00,0x00,0x00,0x00, 
	0x00,0x00,0x00,0x00, 
	0x00,0x00,0x00,0x00, 
	0x00,0x00,0x00,0x00, 
	0x00,0x00,0x00,0x00, 
	0x00,0x00,0x00,0x00, 
	0x00,0x00,0x00,0x00, 
	0x00,0x00,0x00,0x00, 
	0x00,0x00,0x00,0x00, 
	0x00,0x00,0x00,0x00, 
	0x00,0x00,0x00,0x00, 
	0x00,0x00,0x00,0x00, 
	0x00,0x00,0x00,0x00, 
	0x00,0x00,0x00,0x00, 
	0x00,0x00,0x00,0x00, 
	0x00,0x00,0x00,0x00, 
	0x00,0x00,0x00,0x00, 
	0x00,0x00,0x00,0x00, 
	0x00,0x00,0x00,0x00, 
	0x00,0x00,0x00,0x00, 
	0x00,0x00,0x00,0x00, 
	0x00,0x00,0x00,0x00, 
	0x00,0x00,0x00,0x00, 
	0x00,0x00,0x00,0x00, 
	0x00,0x00,0x00,0x00, 
	0x00,0x00,0x00,0x00, 
	0x00,0x00,0x00,0x00, 
	0x00,0x00,0x00,0x00, 
	0x00,0x00,0x00,0x00, 
	0x00,0x00,0x00,0x00, 
	0x00,0x00,0x00,0x00, 
	0x00,0x00,0x00,0x00, 
	0x00,0x00,0x00,0x00, 
	0x00,0x00,0x00,0x00, 
	0x00,0x00,0x00,0x00, 
	0x00,0x00,0x00,0x00, 
	0x00,0x00,0x00,0x00, 
	0x00,0x00,0x00,0x00, 
	0x00,0x00,0x00,0x00, 
	0x00,0x00,0x00,0x00, 
	0x00,0x00,0x00,0x00, 
	0x00,0x00,0x00,0x00, 
	0x00,0x00,0x00,0x00, 
	0x00,0x00,0x00,0x00, 
	0x00,0x00,0x00,0x00, 
	0x00,0x00,0x00,0x00, 
	0x00,0x00,0x00,0x00, 
	0x00,0x00,0x00,0x00, 
	0x00,0x00,0x00,0x00, 
	0x00,0x00,0x00,0x00, 
	0x00,0x00,0x00,0x00, 
	0x00,0x00,0x00,0x00, 
	0x00,0x00,0x00,0x00, 
	0x00,0x00,0x00,0x00, 
	0x00,0x00,0x00,0x00, 
	0x00,0x00,0x00,0x00, 
	0x00,0x00,0x00,0x00, 
	0x00,0x00,0x00,0x00, 
	0x00,0x00,0x00,0x00, 
	0x00,0x00,0x00,0x00, 
	0x00,0x00,0x00,0x00, 
	0x00,0x00,0x00,0x00, 
	0x00,0x00,0x00,0x00, 
	0x00,0x00,0x00,0x00, 
	0x00,0x00,0x00,0x00, 
	0x00,0x00,0x00,0x00, 
	0x00,0x00,0x00,0x00, 
	0x00,0x00,0x00,0x00, 
	0x00,0x00,0x00,0x00, 
	0x00,0x00,0x00,0x00, 
	0x00,0x00,0x00,0x00, 
	0x00,0x00,0x00,0x00, 
	0x00,0x00,0x00,0x00, 
	0x00,0x00,0x00,0x00, 
	0x00,0x00,0x00,0x00, 
	0x00,0x00,0x00,0x00, 
	0x00,0x00,0x00,0x00, 
	0x00,0x00,0x00,0x00, 
	0x00,0x00,0x00,0x00, 
	0x00,0x00,0x00,0x00, 
	0x00,0x00,0x00,0x00, 
	0x00,0x00,0x00,0x00, 
	0x00,0x00,0x00,0x00, 
	0x00,0x00,0x00,0x00, 
	0x00,0x00,0x00,0x00, 
	0x00,0x00,0x00,0x00, 
	0x00,0x00,0x00,0x00, 
	0x00,0x00,0x00,0x00, 
	0x00,0x00,0x00,0x00, 
	0x00,0x00,0x00,0x00, 
	0x00,0x00,0x00,0x00, 
	0x00,0x00,0x00,0x00, 
	0x00,0x00,0x00,0x00, 
	0x00,0x00,0x00,0x00, 
	0x00,0x00,0x00,0x00, 
	0x00,0x00,0x00,0x00, 
	0x00,0x00,0x00,0x00, 
	0x00,0x00,0x00,0x00, 
	0x00,0x00,0x00,0x00, 
	0x00,0x00,0x00,0x00, 
	0x00,0x00,0x00,0x00, 
	0x00,0x00,0x00,0x00, 
	0x00,0x00,0x00,0x00, 
	0x00,0x00,0x00,0x00, 
	0x00,0x00,0x00,0x00, 
	0x00,0x00,0x00,0x00, 
	0x00,0x00,0x00,0x00, 
	0x00,0x00,0x00,0x00, 
	0x00,0x00,0x00,0x00, 
	0x00,0x00,0x00,0x00, 
	0x00,0x00,0x00,0x00, 
	0x00,0x00,0x00,0x00, 
	0x00,0x00,0x00,0x00, 
	0x00,0x00,0x00,0x00, 
	0x00,0x00,0x00,0x00, 
	0x00,0x00,0x00,0x00, 
	0x00,0x00,0x00,0x00, 
	0x00,0x00,0x00,0x00, 
	0x00,0x00,0x00,0x00, 
	0x00,0x00,0x00,0x00, 
	0x00,0x00,0x00,0x00, 
	0x00,0x00,0x00,0x00, 
	0x00,0x00,0x00,0x00, 
	0x00,0x00,0x00,0x00, 
	0x00,0x00,0x00,0x00, 
	0x00,0x00,0x00,0x00, 
	0x00,0x00,0x00,0x00, 
	0x00,0x00,0x00,0x00, 
	0x00,0x00,0x00,0x00, 
	0x00,0x00,0x00,0x00, 
	0x00,0x00,0x00,0x00, 
	0x00,0x00,0x00,0x00, 
	0x00,0x00,0x00,0x00, 
	0x00,0x00,0x00,0x00, 
	0x00,0x00,0x00,0x00, 
	0x00,0x00,0x00,0x00, 
	0x00,0x00,0x00,0x00, 
	0x00,0x00,0x00,0x00, 
	0x00,0x00,0x00,0x00, 
	0x00,0x00,0x00,0x00, 
	0x00,0x00,0x00,0x00, 
	0x00,0x00,0x00,0x00, 
	0x00,0x00,0x00,0x00, 
	0x00,0x00,0x00,0x00, 
	0x00,0x00,0x00,0x00, 
	0x00,0x00,0x00,0x00, 
	0x00,0x00,0x00,0x00, 
	0x00,0x00,0x00,0x00, 
	0x00,0x00,0x00,0x00, 
	0x00,0x00,0x00,0x00, 
	0x00,0x00,0x00,0x00, 
	0x00,0x00,0x00,0x00, 
	0x00,0x00,0x00,0x00, 
	0x00,0x00,0x00,0x00, 
	0x00,0x00,0x00,0x00, 
	0x00,0x00,0x00,0x00, 
	0x00,0x00,0x00,0x00, 
	0x00,0x00,0x00,0x00, 
	0x00,0x00,0x00,0x00, 
	0x00,0x00,0x00,0x00, 
	0x00,0x00,0x00,0x00, 
	0x00,0x00,0x00,0x00, 
	0x00,0x00,0x00,0x00, 
	0x00,0x00,0x00,0x00, 
	0x00,0x00,0x00,0x00, 
	0x00,0x00,0x00,0x00, 
	0x00,0x00,0x00,0x00, 
	0x00,0x00,0x00,0x00, 
	0x00,0x00,0x00,0x00, 
	0x00,0x00,0x00,0x00, 
	0x00,0x00,0x00,0x00, 
	0x00,0x00,0x00,0x00, 
	0x00,0x00,0x00,0x00, 
	0x00,0x00,0x00,0x00, 
	0x00,0x00,0x00,0x00, 
	0x00,0x00,0x00,0x00, 
	0x00,0x00,0x00,0x00, 
	0x00,0x00,0x00,0x00, 
	0x00,0x00,0x00,0x00, 
	0x00,0x00,0x00,0x00, 
	0x00,0x00,0x00,0x00, 
	0x00,0x00,0x00,0x00, 
	0x00,0x00,0x00,0x00, 
	0x00,0x00,0x00,0x00, 
	0x00,0x00,0x00,0x00, 
	0x00,0x00,0x00,0x00, 
	0x00,0x00,0x00,0x00, 
	0x00,0x00,0x00,0x00, 
	0x00,0x00,0x00,0x00, 
	0x00,0x00,0x00,0x00, 
	0x00,0x00,0x00,0x00, 
	0x00,0x00,0x00,0x00, 
	0x00,0x00,0x00,0x00, 
	0x00,0x00,0x00,0x00, 
	0x00,0x00,0x00,0x00, 
	0x00,0x00,0x00,0x00, 
	0x00,0x00,0x00,0x00, 
	0x00,0x00,0x00,0x00, 
	0x00,0x00,0x00,0x00, 
	0x00,0x00,0x00,0x00, 
	0x00,0x00,0x00,0x00, 
	0x00,0x00,0x00,0x00, 
	0x00,0x00,0x00,0x00, 
	0x00,0x00,0x00,0x00, 
	0x00,0x00,0x00,0x00, 
	0x00,0x00,0x00,0x00, 
	0x00,0x00,0x00,0x00, 
	0x00,0x00,0x00,0x00, 
	0x00,0x00,0x00,0x00, 
	0x00,0x00,0x00,0x00, 
	0x00,0x00,0x00,0x00, 
	0x00,0x00,0x00,0x00, 
	0x00,0x00,0x00,0x00, 
	0x00,0x00,0x00,0x00, 
	0x00,0x00,0x00,0x00, 
	0x00,0x00,0x00,0x00, 
	0x00,0x00,0x00,0x00, 
	0x00,0x00,0x00,0x00, 
	0x00,0x00,0x00,0x00, 
	0x00,0x00,0x00,0x00, 
	0x00,0x00,0x00,0x00, 
	0x00,0x00,0x00,0x00, 
	0x00,0x00,0x00,0x00, 
	0x00,0x00,0x00,0x00, 
	0x00,0x00,0x00,0x00, 
	0x00,0x00,0x00,0x00, 
	0x00,0x00,0x00,0x00, 
	0x00,0x00,0x00,0x00, 
	0x00,0x00,0x00,0x00, 
	0x00,0x00,0x00,0x00, 
	0x00,0x00,0x00,0x00, 
	0x00,0x00,0x00,0x00, 
	0x00,0x00,0x00,0x00, 
	0x00,0x00,0x00,0x00, 
	0x00,0x00,0x00,0x00, 
	0x00,0x00,0x00,0x00, 
	0x00,0x00,0x00,0x00, 
	0x00,0x00,0x00,0x00, 
	0x00,0x00,0x00,0x00, 
	0x00,0x00,0x00,0x00, 
	0x00,0x00,0x00,0x00, 
	0x00,0x00,0x00,0x00, 
	0x00,0x00,0x00,0x00, 
	0x00,0x00,0x00,0x00, 
	0x00,0x00,0x00,0x00, 
	0x00,0x00,0x00,0x00, 
	0x00,0x00,0x00,0x00, 
	0x00,0x00,0x00,0x00, 
	0x00,0x00,0x00,0x00, 
	0x00,0x00,0x00,0x00, 
	0x00,0x00,0x00,0x00, 
	0x00,0x00,0x00,0x00, 
	0x00,0x00,0x00,0x00, 
	0x00,0x00,0x00,0x00, 
	0x00,0x00,0x00,0x00, 
	0x00,0x00,0x00,0x00, 
	0x00,0x00,0x00,0x00, 
	0x00,0x00,0x00,0x00, 
	0x00,0x00,0x00,0x00, 
	0x00,0x00,0x00,0x00, 
	0x00,0x00,0x00,0x00, 
	0x00,0x00,0x00,0x00, 
	0x00,0x00,0x00,0x00, 
	0x00,0x00,0x00,0x00, 
	0x00,0x00,0x00,0x00, 
	0x00,0x00,0x00,0x00, 
	0x00,0x00,0x00,0x00, 
	0x00,0x00,0x00,0x00, 
	0x00,0x00,0x00,0x00, 
	0x00,0x00,0x00,0x00, 
	0x00,0x00,0x00,0x00, 
	0x00,0x00,0x00,0x00, 
	0x00,0x00,0x00,0x00, 
	0x00,0x00,0x00,0x00, 
	0x00,0x00,0x00,0x00, 
	0x00,0x00,0x00,0x00, 
	0x00,0x00,0x00,0x00, 
	0x00,0x00,0x00,0x00, 
	0x00,0x00,0x00,0x00, 
	0x00,0x00,0x00,0x00, 
	0x00,0x00,0x00,0x00, 
	0x00,0x00,0x00,0x00, 
	0x00,0x00,0x00,0x00, 
	0x00,0x00,0x00,0x00, 
	0x00,0x00,0x00,0x00, 
	0x00,0x00,0x00,0x00, 
	0x00,0x00,0x00,0x00, 
	0x00,0x00,0x00,0x00, 
	0x00,0x00,0x00,0x00, 
	0x00,0x00,0x00,0x00, 
	0x00,0x00,0x00,0x00, 
	0x00,0x00,0x00,0x00, 
	0x00,0x00,0x00,0x00, 
	0x00,0x00,0x00,0x00, 
	0x00,0x00,0x00,0x00, 
	0x00,0x00,0x00,0x00, 
	0x00,0x00,0x00,0x00, 
	0x00,0x00,0x00,0x00, 
	0x00,0x00,0x00,0x00, 
	0x00,0x00,0x00,0x00, 
	0x00,0x00,0x00,0x00, 
	0x00,0x00,0x00,0x00, 
	0x00,0x00,0x00,0x00, 
	0x00,0x00,0x00,0x00, 
	0x00,0x00,0x00,0x00, 
	0x00,0x00,0x00,0x00, 
	0x00,0x00,0x00,0x00, 
	0x00,0x00,0x00,0x00, 
	0x00,0x00,0x00,0x00, 
	0x00,0x00,0x00,0x00, 
	0x00,0x00,0x00,0x00, 
	0x00,0x00,0x00,0x00, 
	0x00,0x00,0x00,0x00, 
	0x00,0x00,0x00,0x00, 
	0x00,0x00,0x00,0x00, 
	0x00,0x00,0x00,0x00, 
	0x00,0x00,0x00,0x00, 
	0x00,0x00,0x00,0x00, 
	0x00,0x00,0x00,0x00, 
	0x00,0x00,0x00,0x00, 
	0x00,0x00,0x00,0x00, 
	0x00,0x00,0x00,0x00, 
	0x00,0x00,0x00,0x00, 
	0x00,0x00,0x00,0x00, 
	0x00,0x00,0x00,0x00, 
	0x00,0x00,0x00,0x00, 
	0x00,0x00,0x00,0x00, 
	0x00,0x00,0x00,0x00, 
	0x00,0x00,0x00,0x00, 
	0x00,0x00,0x00,0x00, 
	0x00,0x00,0x00,0x00, 
	0x00,0x00,0x00,0x00, 
	0x00,0x00,0x00,0x00, 
	0x00,0x00,0x00,0x00, 
	0x00,0x00,0x00,0x00, 
	0x00,0x00,0x00,0x00, 
	0x00,0x00,0x00,0x00, 
	0x00,0x00,0x00,0x00, 
	0x00,0x00,0x00,0x00, 
	0x00,0x00,0x00,0x00, 
	0x00,0x00,0x00,0x00, 
	0x00,0x00,0x00,0x00, 
	0x00,0x00,0x00,0x00, 
	0x00,0x00,0x00,0x00, 
	0x00,0x00,0x00,0x00, 
	0x00,0x00,0x00,0x00, 
	0x00,0x00,0x00,0x00, 
	0x00,0x00,0x00,0x00, 
	0x00,0x00,0x00,0x00, 
	0x00,0x00,0x00,0x00, 
	0x00,0x00,0x00,0x00, 
	0x00,0x00,0x00,0x00, 
	0x00,0x00,0x00,0x00, 
	0x00,0x00,0x00,0x00, 
	0x00,0x00,0x00,0x00, 
	0x00,0x00,0x00,0x00, 
	0x00,0x00,0x00,0x00, 
	0x00,0x00,0x00,0x00, 
	0x00,0x00,0x00,0x00, 
	0x00,0x00,0x00,0x00, 
	0x00,0x00,0x00,0x00, 
	0x00,0x00,0x00,0x00, 
	0x00,0x00,0x00,0x00, 
	0x00,0x00,0x00,0x00, 
	0x00,0x00,0x00,0x00, 
	0x00,0x00,0x00,0x00, 
	0x00,0x00,0x00,0x00, 
	0x00,0x00,0x00,0x00, 
	0x00,0x00,0x00,0x00, 
	0x00,0x00,0x00,0x00, 
	0x00,0x00,0x00,0x00, 
	0x00,0x00,0x00,0x00, 
	0x00,0x00,0x00,0x00, 
	0x00,0x00,0x00,0x00, 
	0x00,0x00,0x00,0x00, 
	0x00,0x00,0x00,0x00, 
	0x00,0x00,0x00,0x00, 
	0x00,0x00,0x00,0x00, 
	0x00,0x00,0x00,0x00, 
	0x00,0x00,0x00,0x00, 
	0x00,0x00,0x00,0x00, 
	0x00,0x00,0x00,0x00, 
	0x00,0x00,0x00,0x00, 
	0x00,0x00,0x00,0x00, 
	0x00,0x00,0x00,0x00, 
	0x00,0x00,0x00,0x00, 
	0x00,0x00,0x00,0x00, 
	0x00,0x00,0x00,0x00, 
	0x00,0x00,0x00,0x00, 
	0x00,0x00,0x00,0x00, 
	0x00,0x00,0x00,0x00, 
	0x00,0x00,0x00,0x00, 
	0x00,0x00,0x00,0x00, 
	0x00,0x00,0x00,0x00, 
	0x00,0x00,0x00,0x00, 
	0x00,0x00,0x00,0x00, 
	0x00,0x00,0x00,0x00, 
	0x00,0x00,0x00,0x00, 
	0x00,0x00,0x00,0x00, 
	0x00,0x00,0x00,0x00, 
	0x00,0x00,0x00,0x00, 
	0x00,0x00,0x00,0x00, 
	0x00,0x00,0x00,0x00, 
	0x00,0x00,0x00,0x00, 
	0x00,0x00,0x00,0x00, 
	0x00,0x00,0x00,0x00, 
	0x00,0x00,0x00,0x00, 
	0x00,0x00,0x00,0x00, 
	0x00,0x00,0x00,0x00, 
	0x00,0x00,0x00,0x00, 
	0x00,0x00,0x00,0x00, 
	0x00,0x00,0x00,0x00, 
	0x00,0x00,0x00,0x00, 
	0x00,0x00,0x00,0x00, 
	0x00,0x00,0x00,0x00, 
	0x00,0x00,0x00,0x00, 
	0x00,0x00,0x00,0x00, 
	0x00,0x00,0x00,0x00, 
	0x00,0x00,0x00,0x00, 
	0x00,0x00,0x00,0x00, 
	0x00,0x00,0x00,0x00, 
	0x00,0x00,0x00,0x00, 
	0x00,0x00,0x00,0x00, 
	0x00,0x00,0x00,0x00, 
	0x00,0x00,0x00,0x00, 
	0x00,0x00,0x00,0x00, 
	0x00,0x00,0x00,0x00, 
	0x00,0x00,0x00,0x00, 
	0x00,0x00,0x00,0x00, 
	0x00,0x00,0x00,0x00, 
	0x00,0x00,0x00,0x00, 
	0x00,0x00,0x00,0x00, 
	0x00,0x00,0x00,0x00, 
	0x00,0x00,0x00,0x00, 
	0x00,0x00,0x00,0x00, 
	0x00,0x00,0x00,0x00, 
	0x00,0x00,0x00,0x00, 
	0x00,0x00,0x00,0x00, 
	0x00,0x00,0x00,0x00, 
	0x00,0x00,0x00,0x00, 
	0x00,0x00,0x00,0x00, 
	0x00,0x00,0x00,0x00, 
	0x00,0x00,0x00,0x00, 
	0x00,0x00,0x00,0x00, 
	0x00,0x00,0x00,0x00, 
	0x00,0x00,0x00,0x00, 
	0x00,0x00,0x00,0x00, 
	0x00,0x00,0x00,0x00, 
	0x00,0x00,0x00,0x00, 
	0x00,0x00,0x00,0x00, 
	0x00,0x00,0x00,0x00, 
	0x00,0x00,0x00,0x00, 
	0x00,0x00,0x00,0x00, 
	0x00,0x00,0x00,0x00, 
	0x00,0x00,0x00,0x00, 
	0x00,0x00,0x00,0x00, 
	0x00,0x00,0x00,0x00, 
	0x00,0x00,0x00,0x00, 
	0x00,0x00,0x00,0x00, 
	0x00,0x00,0x00,0x00, 
	0x00,0x00,0x00,0x00, 
	0x00,0x00,0x00,0x00, 
	0x00,0x00,0x00,0x00, 
	0x00,0x00,0x00,0x00, 
	0x00,0x00,0x00,0x00, 
	0x00,0x00,0x00,0x00, 
	0x00,0x00,0x00,0x00, 
	0x00,0x00,0x00,0x00, 
	0x00,0x00,0x00,0x00, 
	0x00,0x00,0x00,0x00, 
	0x00,0x00,0x00,0x00, 
	0x00,0x00,0x00,0x00, 
	0x00,0x00,0x00,0x00, 
	0x00,0x00,0x00,0x00, 
	0x00,0x00,0x00,0x00, 
	0x00,0x00,0x00,0x00, 
	0x00,0x00,0x00,0x00, 
	0x00,0x00,0x00,0x00, 
	0x00,0x00,0x00,0x00, 
	0x00,0x00,0x00,0x00, 
	0x00,0x00,0x00,0x00, 
	0x00,0x00,0x00,0x00, 
	0x00,0x00,0x00,0x00, 
	0x00,0x00,0x00,0x00, 
	0x00,0x00,0x00,0x00, 
	0x00,0x00,0x00,0x00, 
	0x00,0x00,0x00,0x00, 
	0x00,0x00,0x00,0x00, 
	0x00,0x00,0x00,0x00, 
	0x00,0x00,0x00,0x00, 
	0x00,0x00,0x00,0x00, 
	0x00,0x00,0x00,0x00, 
	0x00,0x00,0x00,0x00, 
	0x00,0x00,0x00,0x00, 
	0x00,0x00,0x00,0x00, 
	0x00,0x00,0x00,0x00, 
	0x00,0x00,0x00,0x00, 
	0x00,0x00,0x00,0x00, 
	0x00,0x00,0x00,0x00, 
	0x00,0x00,0x00,0x00, 
	0x00,0x00,0x00,0x00, 
	0x00,0x00,0x00,0x00, 
	0x00,0x00,0x00,0x00, 
	0x00,0x00,0x00,0x00, 
	0x00,0x00,0x00,0x00, 
	0x00,0x00,0x00,0x00, 
	0x00,0x00,0x00,0x00, 
	0x00,0x00,0x00,0x00, 
	0x00,0x00,0x00,0x00, 
	0x00,0x00,0x00,0x00, 
	0x00,0x00,0x00,0x00, 
	0x00,0x00,0x00,0x00, 
	0x00,0x00,0x00,0x00, 
	0x00,0x00,0x00,0x00, 
	0x00,0x00,0x00,0x00, 
	0x00,0x00,0x00,0x00, 
	0x00,0x00,0x00,0x00, 
	0x00,0x00,0x00,0x00, 
	0x00,0x00,0x00,0x00, 
	0x00,0x00,0x00,0x00, 
	0x00,0x00,0x00,0x00, 
	0x00,0x00,0x00,0x00, 
	0x00,0x00,0x00,0x00, 
	0x00,0x00,0x00,0x00, 
	0x00,0x00,0x00,0x00, 
	0x00,0x00,0x00,0x00, 
	0x00,0x00,0x00,0x00, 
	0x00,0x00,0x00,0x00, 
	0x00,0x00,0x00,0x00, 
	0x00,0x00,0x00,0x00, 
	0x00,0x00,0x00,0x00, 
	0x00,0x00,0x00,0x00, 
	0x00,0x00,0x00,0x00, 
	0x00,0x00,0x00,0x00, 
	0x00,0x00,0x00,0x00, 
	0x00,0x00,0x00,0x00, 
	0x00,0x00,0x00,0x00, 
	0x00,0x00,0x00,0x00, 
	0x00,0x00,0x00,0x00, 
	0x00,0x00,0x00,0x00, 
	0x00,0x00,0x00,0x00, 
	0x00,0x00,0x00,0x00, 
	0x00,0x00,0x00,0x00, 
	0x00,0x00,0x00,0x00, 
	0x00,0x00,0x00,0x00, 
	0x00,0x00,0x00,0x00, 
	0x00,0x00,0x00,0x00, 
	0x00,0x00,0x00,0x00, 
	0x00,0x00,0x00,0x00, 
	0x00,0x00,0x00,0x00, 
	0x00,0x00,0x00,0x00, 
	0x00,0x00,0x00,0x00, 
	0x00,0x00,0x00,0x00, 
	0x00,0x00,0x00,0x00, 
	0x00,0x00,0x00,0x00, 
	0x00,0x00,0x00,0x00, 
	0x00,0x00,0x00,0x00, 
	0x00,0x00,0x00,0x00, 
	0x00,0x00,0x00,0x00, 
	0x00,0x00,0x00,0x00, 
	0x00,0x00,0x00,0x00, 
	0x00,0x00,0x00,0x00, 
	0x00,0x00,0x00,0x00, 
	0x00,0x00,0x00,0x00, 
	0x00,0x00,0x00,0x00, 
	0x00,0x00,0x00,0x00, 
	0x00,0x00,0x00,0x00, 
	0x00,0x00,0x00,0x00, 
	0x00,0x00,0x00,0x00, 
	0x00,0x00,0x00,0x00, 
	0x00,0x00,0x00,0x00, 
	0x00,0x00,0x00,0x00, 
	0x00,0x00,0x00,0x00, 
	0x00,0x00,0x00,0x00, 
	0x00,0x00,0x00,0x00, 
	0x00,0x00,0x00,0x00, 
	0x00,0x00,0x00,0x00, 
	0x00,0x00,0x00,0x00, 
	0x00,0x00,0x00,0x00, 
	0x00,0x00,0x00,0x00, 
	0x00,0x00,0x00,0x00, 
	0x00,0x00,0x00,0x00, 
	0x00,0x00,0x00,0x00, 
	0x00,0x00,0x00,0x00, 
	0x00,0x00,0x00,0x00, 
	0x00,0x00,0x00,0x00, 
	0x00,0x00,0x00,0x00, 
	0x00,0x00,0x00,0x00, 
	0x00,0x00,0x00,0x00, 
	0x00,0x00,0x00,0x00, 
	0x00,0x00,0x00,0x00, 
	0x00,0x00,0x00,0x00, 
	0x00,0x00,0x00,0x00, 
	0x00,0x00,0x00,0x00, 
	0x00,0x00,0x00,0x00, 
	0x00,0x00,0x00,0x00, 
	0x00,0x00,0x00,0x00, 
	0x00,0x00,0x00,0x00, 
	0x00,0x00,0x00,0x00, 
	0x00,0x00,0x00,0x00, 
	0x00,0x00,0x00,0x00, 
	0x00,0x00,0x00,0x00, 
	0x00,0x00,0x00,0x00, 
	0x00,0x00,0x00,0x00, 
	0x00,0x00,0x00,0x00, 
	0x00,0x00,0x00,0x00, 
	0x00,0x00,0x00,0x00, 
	0x00,0x00,0x00,0x00, 
	0x00,0x00,0x00,0x00, 
	0x00,0x00,0x00,0x00, 
	0x00,0x00,0x00,0x00, 
	0x00,0x00,0x00,0x00, 
	0x00,0x00,0x00,0x00, 
	0x00,0x00,0x00,0x00, 
	0x00,0x00,0x00,0x00, 
	0x00,0x00,0x00,0x00, 
	0x00,0x00,0x00,0x00, 
	0x00,0x00,0x00,0x00, 
	0x00,0x00,0x00,0x00, 
	0x00,0x00,0x00,0x00, 
	0x00,0x00,0x00,0x00, 
	0x00,0x00,0x00,0x00, 
	0x00,0x00,0x00,0x00, 
	0x00,0x00,0x00,0x00, 
	0x00,0x00,0x00,0x00, 
	0x00,0x00,0x00,0x00, 
	0x00,0x00,0x00,0x00, 
	0x00,0x00,0x00,0x00, 
	0x00,0x00,0x00,0x00, 
	0x00,0x00,0x00,0x00, 
	0x00,0x00,0x00,0x00, 
	0x00,0x00,0x00,0x00, 
	0x00,0x00,0x00,0x00, 
	0x00,0x00,0x00,0x00, 
	0x00,0x00,0x00,0x00, 
	0x00,0x00,0x00,0x00, 
	0x00,0x00,0x00,0x00, 
	0x00,0x00,0x00,0x00, 
	0x00,0x00,0x00,0x00, 
	0x00,0x00,0x00,0x00, 
	0x00,0x00,0x00,0x00, 
	0x00,0x00,0x00,0x00, 
	0x00,0x00,0x00,0x00, 
	0x00,0x00,0x00,0x00, 
	0x00,0x00,0x00,0x00, 
	0x00,0x00,0x00,0x00, 
	0x00,0x00,0x00,0x00, 
	0x00,0x00,0x00,0x00, 
	0x00,0x00,0x00,0x00, 
	0x00,0x00,0x00,0x00, 
	0x00,0x00,0x00,0x00, 
	0x00,0x00,0x00,0x00, 
	0x00,0x00,0x00,0x00, 
	0x00,0x00,0x00,0x00, 
	0x00,0x00,0x00,0x00, 
	0x00,0x00,0x00,0x00, 
	0x00,0x00,0x00,0x00, 
	0x00,0x00,0x00,0x00, 
	0x00,0x00,0x00,0x00, 
	0x00,0x00,0x00,0x00, 
	0x00,0x00,0x00,0x00, 
	0x00,0x00,0x00,0x00, 
	0x00,0x00,0x00,0x00, 
	0x00,0x00,0x00,0x00, 
	0x00,0x00,0x00,0x00, 
	0x00,0x00,0x00,0x00, 
	0x00,0x00,0x00,0x00, 
	0x00,0x00,0x00,0x00, 
	0x00,0x00,0x00,0x00, 
	0x00,0x00,0x00,0x00, 
	0x00,0x00,0x00,0x00, 
	0x00,0x00,0x00,0x00, 
	0x00,0x00,0x00,0x00, 
	0x00,0x00,0x00,0x00, 
	0x00,0x00,0x00,0x00, 
	0x00,0x00,0x00,0x00, 
	0x00,0x00,0x00,0x00, 
	0x00,0x00,0x00,0x00, 
	0x00,0x00,0x00,0x00, 
	0x00,0x00,0x00,0x00, 
	0x00,0x00,0x00,0x00, 
	0x00,0x00,0x00,0x00, 
	0x00,0x00,0x00,0x00, 
	0x00,0x00,0x00,0x00, 
	0x00,0x00,0x00,0x00, 
	0x00,0x00,0x00,0x00, 
	0x00,0x00,0x00,0x00, 
	0x00,0x00,0x00,0x00, 
	0x00,0x00,0x00,0x00, 
	0x00,0x00,0x00,0x00, 
	0x00,0x00,0x00,0x00, 
	0x00,0x00,0x00,0x00, 
	0x00,0x00,0x00,0x00, 
	0x00,0x00,0x00,0x00, 
	0x00,0x00,0x00,0x00, 
	0x00,0x00,0x00,0x00, 
	0x00,0x00,0x00,0x00, 
	0x00,0x00,0x00,0x00, 
	0x00,0x00,0x00,0x00, 
	0x00,0x00,0x00,0x00, 
	0x00,0x00,0x00,0x00, 
	0x00,0x00,0x00,0x00, 
	0x00,0x00,0x00,0x00, 
	0x00,0x00,0x00,0x00, 
	0x00,0x00,0x00,0x00, 
	0x00,0x00,0x00,0x00, 
	0x00,0x00,0x00,0x00, 
	0x00,0x00,0x00,0x00, 
	0x00,0x00,0x00,0x00, 
	0x00,0x00,0x00,0x00, 
	0x00,0x00,0x00,0x00, 
	0x00,0x00,0x00,0x00, 
	0x00,0x00,0x00,0x00, 
	0x00,0x00,0x00,0x00, 
	0x00,0x00,0x00,0x00, 
	0x00,0x00,0x00,0x00, 
	0x00,0x00,0x00,0x00, 
	0x00,0x00,0x00,0x00, 
	0x00,0x00,0x00,0x00, 
	0x00,0x00,0x00,0x00, 
	0x00,0x00,0x00,0x00, 
	0x00,0x00,0x00,0x00, 
	0x00,0x00,0x00,0x00, 
	0x00,0x00,0x00,0x00, 
	0x00,0x00,0x00,0x00, 
	0x00,0x00,0x00,0x00, 
	0x00,0x00,0x00,0x00, 
	0x00,0x00,0x00,0x00, 
	0x00,0x00,0x00,0x00, 
	0x00,0x00,0x00,0x00, 
	0x00,0x00,0x00,0x00, 
	0x00,0x00,0x00,0x00, 
	0x00,0x00,0x00,0x00, 
	0x00,0x00,0x00,0x00, 
	0x00,0x00,0x00,0x00, 
	0x00,0x00,0x00,0x00, 
	0x00,0x00,0x00,0x00, 
	0x00,0x00,0x00,0x00, 
	0x00,0x00,0x00,0x00, 
	0x00,0x00,0x00,0x00, 
	0x00,0x00,0x00,0x00, 
	0x00,0x00,0x00,0x00, 
	0x00,0x00,0x00,0x00, 
	0x00,0x00,0x00,0x00, 
	0x00,0x00,0x00,0x00, 
	0x00,0x00,0x00,0x00, 
	0x00,0x00,0x00,0x00, 
	0x00,0x00,0x00,0x00, 
	0x00,0x00,0x00,0x00, 
	0x00,0x00,0x00,0x00, 
	0x00,0x00,0x00,0x00, 
	0x00,0x00,0x00,0x00, 
	0x00,0x00,0x00,0x00, 
	0x00,0x00,0x00,0x00, 
	0x00,0x00,0x00,0x00, 
	0x00,0x00,0x00,0x00, 
	0x00,0x00,0x00,0x00, 
	0x00,0x00,0x00,0x00, 
	0x00,0x00,0x00,0x00, 
	0x00,0x00,0x00,0x00, 
	0x00,0x00,0x00,0x00, 
	0x00,0x00,0x00,0x00, 
	0x00,0x00,0x00,0x00, 
	0x00,0x00,0x00,0x00, 
	0x00,0x00,0x00,0x00, 
	0x00,0x00,0x00,0x00, 
	0x00,0x00,0x00,0x00, 
	0x00,0x00,0x00,0x00, 
	0x00,0x00,0x00,0x00, 
	0x00,0x00,0x00,0x00, 
	0x00,0x00,0x00,0x00, 
	0x00,0x00,0x00,0x00, 
	0x00,0x00,0x00,0x00, 
	0x00,0x00,0x00,0x00, 
	0x00,0x00,0x00,0x00, 
	0x00,0x00,0x00,0x00, 
	0x00,0x00,0x00,0x00, 
	0x00,0x00,0x00,0x00, 
	0x00,0x00,0x00,0x00, 
	0x00,0x00,0x00,0x00, 
	0x00,0x00,0x00,0x00, 
	0x00,0x00,0x00,0x00, 
	0x00,0x00,0x00,0x00, 
	0x00,0x00,0x00,0x00, 
	0x00,0x00,0x00,0x00, 
	0x00,0x00,0x00,0x00, 
	0x00,0x00,0x00,0x00, 
	0x00,0x00,0x00,0x00, 
	0x00,0x00,0x00,0x00, 
	0x00,0x00,0x00,0x00, 
	0x00,0x00,0x00,0x00, 
	0x00,0x00,0x00,0x00, 
	0x00,0x00,0x00,0x00, 
	0x00,0x00,0x00,0x00, 
	0x00,0x00,0x00,0x00, 
	0x00,0x00,0x00,0x00, 
	0x00,0x00,0x00,0x00, 
	0x00,0x00,0x00,0x00, 
	0x00,0x00,0x00,0x00, 
	0x00,0x00,0x00,0x00, 
	0x00,0x00,0x00,0x00, 
	0x00,0x00,0x00,0x00, 
	0x00,0x00,0x00,0x00, 
	0x00,0x00,0x00,0x00, 
	0x00,0x00,0x00,0x00, 
	0x00,0x00,0x00,0x00, 
	0x00,0x00,0x00,0x00, 
	0x00,0x00,0x00,0x00, 
	0x00,0x00,0x00,0x00, 
	0x00,0x00,0x00,0x00, 
	0x00,0x00,0x00,0x00, 
	0x00,0x00,0x00,0x00, 
	0x00,0x00,0x00,0x00, 
	0x00,0x00,0x00,0x00, 
	0x00,0x00,0x00,0x00, 
	0x00,0x00,0x00,0x00, 
	0x00,0x00,0x00,0x00, 
	0x00,0x00,0x00,0x00, 
	0x00,0x00,0x00,0x00, 
	0x00,0x00,0x00,0x00, 
	0x00,0x00,0x00,0x00, 
	0x00,0x00,0x00,0x00, 
	0x00,0x00,0x00,0x00, 
	0x00,0x00,0x00,0x00, 
	0x00,0x00,0x00,0x00, 
	0x00,0x00,0x00,0x00, 
	0x00,0x00,0x00,0x00, 
	0x00,0x00,0x00,0x00, 
	0x00,0x00,0x00,0x00, 
	0x00,0x00,0x00,0x00, 
	0x00,0x00,0x00,0x00, 
	0x00,0x00,0x00,0x00, 
	0x00,0x00,0x00,0x00, 
	0x00,0x00,0x00,0x00, 
	0x00,0x00,0x00,0x00, 
	0x00,0x00,0x00,0x00, 
	0x00,0x00,0x00,0x00, 
	0x00,0x00,0x00,0x00, 
	0x00,0x00,0x00,0x00, 
	0x00,0x00,0x00,0x00, 
	0x00,0x00,0x00,0x00, 
	0x00,0x00,0x00,0x00, 
	0x00,0x00,0x00,0x00, 
	0x00,0x00,0x00,0x00, 
	0x00,0x00,0x00,0x00, 
	0x00,0x00,0x00,0x00, 
	0x00,0x00,0x00,0x00, 
	0x00,0x00,0x00,0x00, 
	0x00,0x00,0x00,0x00, 
	0x00,0x00,0x00,0x00, 
	0x00,0x00,0x00,0x00, 
	0x00,0x00,0x00,0x00, 
	0x00,0x00,0x00,0x00, 
	0x00,0x00,0x00,0x00, 
	0x00,0x00,0x00,0x00, 
	0x00,0x00,0x00,0x00, 
	0x00,0x00,0x00,0x00, 
	0x00,0x00,0x00,0x00, 
	0x00,0x00,0x00,0x00, 
	0x00,0x00,0x00,0x00, 
	0x00,0x00,0x00,0x00, 
	0x00,0x00,0x00,0x00, 
	0x00,0x00,0x00,0x00, 
	0x00,0x00,0x00,0x00, 
	0x00,0x00,0x00,0x00, 
	0x00,0x00,0x00,0x00, 
	0x00,0x00,0x00,0x00, 
	0x00,0x00,0x00,0x00, 
	0x00,0x00,0x00,0x00, 
	0x00,0x00,0x00,0x00, 
	0x00,0x00,0x00,0x00, 
	0x00,0x00,0x00,0x00, 
	0x00,0x00,0x00,0x00, 
	0x00,0x00,0x00,0x00, 
	0x00,0x00,0x00,0x00, 
	0x00,0x00,0x00,0x00, 
	0x00,0x00,0x00,0x00, 
	0x00,0x00,0x00,0x00, 
	0x00,0x00,0x00,0x00, 
	0x00,0x00,0x00,0x00, 
	0x00,0x00,0x00,0x00, 
	0x00,0x00,0x00,0x00, 
	0x00,0x00,0x00,0x00, 
	0x00,0x00,0x00,0x00, 
	0x00,0x00,0x00,0x00, 
	0x00,0x00,0x00,0x00, 
	0x00,0x00,0x00,0x00, 
	0x00,0x00,0x00,0x00, 
	0x00,0x00,0x00,0x00, 
	0x00,0x00,0x00,0x00, 
	0x00,0x00,0x00,0x00, 
	0x00,0x00,0x00,0x00, 
	0x00,0x00,0x00,0x00, 
	0x00,0x00,0x00,0x00, 
	0x00,0x00,0x00,0x00, 
	0x00,0x00,0x00,0x00, 
	0x00,0x00,0x00,0x00, 
	0x00,0x00,0x00,0x00, 
	0x00,0x00,0x00,0x00, 
	0x00,0x00,0x00,0x00, 
	0x00,0x00,0x00,0x00, 
	0x00,0x00,0x00,0x00, 
	0x00,0x00,0x00,0x00, 
	0x00,0x00,0x00,0x00, 
	0x00,0x00,0x00,0x00, 
	0x00,0x00,0x00,0x00, 
	0x00,0x00,0x00,0x00, 
	0x00,0x00,0x00,0x00, 
	0x00,0x00,0x00,0x00, 
	0x00,0x00,0x00,0x00, 
	0x00,0x00,0x00,0x00, 
	0x00,0x00,0x00,0x00, 
	0x00,0x00,0x00,0x00, 
	0x00,0x00,0x00,0x00, 
	0x00,0x00,0x00,0x00, 
	0x00,0x00,0x00,0x00, 
	0x00,0x00,0x00,0x00, 
	0x00,0x00,0x00,0x00, 
	0x00,0x00,0x00,0x00, 
	0x00,0x00,0x00,0x00, 
	0x00,0x00,0x00,0x00, 
	0x00,0x00,0x00,0x00, 
	0x00,0x00,0x00,0x00, 
	0x00,0x00,0x00,0x00, 
	0x00,0x00,0x00,0x00, 
	0x00,0x00,0x00,0x00, 
	0x00,0x00,0x00,0x00, 
	0x00,0x00,0x00,0x00, 
	0x00,0x00,0x00,0x00, 
	0x00,0x00,0x00,0x00, 
	0x00,0x00,0x00,0x00, 
	0x00,0x00,0x00,0x00, 
	0x00,0x00,0x00,0x00, 
	0x00,0x00,0x00,0x00, 
	0x00,0x00,0x00,0x00, 
	0x00,0x00,0x00,0x00, 
	0x00,0x00,0x00,0x00, 
	0x00,0x00,0x00,0x00, 
	0x00,0x00,0x00,0x00, 
	0x00,0x00,0x00,0x00, 
	0x00,0x00,0x00,0x00, 
	0x00,0x00,0x00,0x00, 
	0x00,0x00,0x00,0x00, 
	0x00,0x00,0x00,0x00, 
	0x00,0x00,0x00,0x00, 
	0x00,0x00,0x00,0x00, 
	0x00,0x00,0x00,0x00, 
	0x00,0x00,0x00,0x00, 
	0x00,0x00,0x00,0x00, 
	0x00,0x00,0x00,0x00, 
	0x00,0x00,0x00,0x00, 
	0x00,0x00,0x00,0x00, 
	0x00,0x00,0x00,0x00, 
	0x00,0x00,0x00,0x00, 
	0x00,0x00,0x00,0x00, 
	0x00,0x00,0x00,0x00, 
	0x00,0x00,0x00,0x00, 
	0x00,0x00,0x00,0x00, 
	0x00,0x00,0x00,0x00, 
	0x00,0x00,0x00,0x00, 
	0x00,0x00,0x00,0x00, 
	0x00,0x00,0x00,0x00, 
	0x00,0x00,0x00,0x00, 
	0x00,0x00,0x00,0x00, 
	0x00,0x00,0x00,0x00, 
	0x00,0x00,0x00,0x00, 
	0x00,0x00,0x00,0x00, 
	0x00,0x00,0x00,0x00, 
	0x00,0x00,0x00,0x00, 
	0x00,0x00,0x00,0x00, 
	0x00,0x00,0x00,0x00, 
	0x00,0x00,0x00,0x00, 
	0x00,0x00,0x00,0x00, 
	0x00,0x00,0x00,0x00, 
	0x00,0x00,0x00,0x00, 
	0x00,0x00,0x00,0x00, 
	0x00,0x00,0x00,0x00, 
	0x00,0x00,0x00,0x00, 
	0x00,0x00,0x00,0x00, 
	0x00,0x00,0x00,0x00, 
	0x00,0x00,0x00,0x00, 
	0x00,0x00,0x00,0x00, 
	0x00,0x00,0x00,0x00, 
	0x00,0x00,0x00,0x00, 
	0x00,0x00,0x00,0x00, 
	0x00,0x00,0x00,0x00, 
	0x00,0x00,0x00,0x00, 
	0x00,0x00,0x00,0x00, 
	0x00,0x00,0x00,0x00, 
	0x00,0x00,0x00,0x00, 
	0x00,0x00,0x00,0x00, 
	0x00,0x00,0x00,0x00, 
	0x00,0x00,0x00,0x00, 
	0x00,0x00,0x00,0x00, 
	0x00,0x00,0x00,0x00, 
	0x00,0x00,0x00,0x00, 
	0x00,0x00,0x00,0x00, 
	0x00,0x00,0x00,0x00, 
	0x00,0x00,0x00,0x00, 
	0x00,0x00,0x00,0x00, 
	0x00,0x00,0x00,0x00, 
	0x00,0x00,0x00,0x00, 
	0x00,0x00,0x00,0x00, 
	0x00,0x00,0x00,0x00, 
	0x00,0x00,0x00,0x00, 
	0x00,0x00,0x00,0x00, 
	0x00,0x00,0x00,0x00, 
	0x00,0x00,0x00,0x00, 
	0x00,0x00,0x00,0x00, 
	0x00,0x00,0x00,0x00, 
	0x00,0x00,0x00,0x00, 
	0x00,0x00,0x00,0x00, 
	0x00,0x00,0x00,0x00, 
	0x00,0x00,0x00,0x00, 
	0x00,0x00,0x00,0x00, 
	0x00,0x00,0x00,0x00, 
	0x00,0x00,0x00,0x00, 
	0x00,0x00,0x00,0x00, 
	0x00,0x00,0x00,0x00, 
	0x00,0x00,0x00,0x00, 
	0x00,0x00,0x00,0x00, 
	0x00,0x00,0x00,0x00, 
	0x00,0x00,0x00,0x00, 
	0x00,0x00,0x00,0x00, 
	0x00,0x00,0x00,0x00, 
	0x00,0x00,0x00,0x00, 
	0x00,0x00,0x00,0x00, 
	0x00,0x00,0x00,0x00, 
	0x00,0x00,0x00,0x00, 
	0x00,0x00,0x00,0x00, 
	0x00,0x00,0x00,0x00, 
	0x00,0x00,0x00,0x00, 
	0x00,0x00,0x00,0x00, 
	0x00,0x00,0x00,0x00, 
	0x00,0x00,0x00,0x00, 
	0x00,0x00,0x00,0x00, 
	0x00,0x00,0x00,0x00, 
	0x00,0x00,0x00,0x00, 
	0x00,0x00,0x00,0x00, 
	0x00,0x00,0x00,0x00, 
	0x00,0x00,0x00,0x00, 
	0x00,0x00,0x00,0x00, 
	0x00,0x00,0x00,0x00, 
	0x00,0x00,0x00,0x00, 
	0x00,0x00,0x00,0x00, 
	0x00,0x00,0x00,0x00, 
	0x00,0x00,0x00,0x00, 
	0x00,0x00,0x00,0x00, 
	0x00,0x00,0x00,0x00, 
	0x00,0x00,0x00,0x00, 
	0x00,0x00,0x00,0x00, 
	0x00,0x00,0x00,0x00, 
	0x00,0x00,0x00,0x00, 
	0x00,0x00,0x00,0x00, 
	0x00,0x00,0x00,0x00, 
	0x00,0x00,0x00,0x00, 
	0x00,0x00,0x00,0x00, 
	0x00,0x00,0x00,0x00, 
	0x00,0x00,0x00,0x00, 
	0x00,0x00,0x00,0x00, 
	0x00,0x00,0x00,0x00, 
	0x00,0x00,0x00,0x00, 
	0x00,0x00,0x00,0x00, 
	0x00,0x00,0x00,0x00, 
	0x00,0x00,0x00,0x00, 
	0x00,0x00,0x00,0x00, 
	0x00,0x00,0x00,0x00, 
	0x00,0x00,0x00,0x00, 
	0x00,0x00,0x00,0x00, 
	0x00,0x00,0x00,0x00, 
	0x00,0x00,0x00,0x00, 
	0x00,0x00,0x00,0x00, 
	0x00,0x00,0x00,0x00, 
	0x00,0x00,0x00,0x00, 
	0x00,0x00,0x00,0x00, 
	0x00,0x00,0x00,0x00, 
	0x00,0x00,0x00,0x00, 
	0x00,0x00,0x00,0x00, 
	0x00,0x00,0x00,0x00, 
	0x00,0x00,0x00,0x00, 
	0x00,0x00,0x00,0x00, 
	0x00,0x00,0x00,0x00, 
	0x00,0x00,0x00,0x00, 
	0x00,0x00,0x00,0x00, 
	0x00,0x00,0x00,0x00, 
	0x00,0x00,0x00,0x00, 
	0x00,0x00,0x00,0x00, 
	0x00,0x00,0x00,0x00, 
	0x00,0x00,0x00,0x00, 
	0x00,0x00,0x00,0x00, 
	0x00,0x00,0x00,0x00, 
	0x00,0x00,0x00,0x00, 
	0x00,0x00,0x00,0x00, 
	0x00,0x00,0x00,0x00, 
	0x00,0x00,0x00,0x00, 
	0x00,0x00,0x00,0x00, 
	0x00,0x00,0x00,0x00, 
	0x00,0x00,0x00,0x00, 
	0x00,0x00,0x00,0x00, 
	0x00,0x00,0x00,0x00, 
	0x00,0x00,0x00,0x00, 
	0x00,0x00,0x00,0x00, 
	0x00,0x00,0x00,0x00, 
	0x00,0x00,0x00,0x00, 
	0x00,0x00,0x00,0x00, 
	0x00,0x00,0x00,0x00, 
	0x00,0x00,0x00,0x00, 
	0x00,0x00,0x00,0x00, 
	0x00,0x00,0x00,0x00, 
	0x00,0x00,0x00,0x00, 
	0x00,0x00,0x00,0x00, 
	0x00,0x00,0x00,0x00, 
	0x00,0x00,0x00,0x00, 
	0x00,0x00,0x00,0x00, 
	0x00,0x00,0x00,0x00, 
	0x00,0x00,0x00,0x00, 
	0x00,0x00,0x00,0x00, 
	0x00,0x00,0x00,0x00, 
	0x00,0x00,0x00,0x00, 
	0x00,0x00,0x00,0x00, 
	0x00,0x00,0x00,0x00, 
	0x00,0x00,0x00,0x00, 
	0x00,0x00,0x00,0x00, 
	0x00,0x00,0x00,0x00, 
	0x00,0x00,0x00,0x00, 
	0x00,0x00,0x00,0x00, 
	0x00,0x00,0x00,0x00, 
	0x00,0x00,0x00,0x00, 
	0x00,0x00,0x00,0x00, 
	0x00,0x00,0x00,0x00, 
	0x00,0x00,0x00,0x00, 
	0x00,0x00,0x00,0x00, 
	0x00,0x00,0x00,0x00, 
	0x00,0x00,0x00,0x00, 
	0x00,0x00,0x00,0x00, 
	0x00,0x00,0x00,0x00, 
	0x00,0x00,0x00,0x00, 
	0x00,0x00,0x00,0x00, 
	0x00,0x00,0x00,0x00, 
	0x00,0x00,0x00,0x00, 
	0x00,0x00,0x00,0x00, 
	0x00,0x00,0x00,0x00, 
	0x00,0x00,0x00,0x00, 
	0x00,0x00,0x00,0x00, 
	0x00,0x00,0x00,0x00, 
	0x00,0x00,0x00,0x00, 
	0x00,0x00,0x00,0x00, 
	0x00,0x00,0x00,0x00, 
	0x00,0x00,0x00,0x00, 
	0x00,0x00,0x00,0x00, 
	0x00,0x00,0x00,0x00, 
	0x00,0x00,0x00,0x00, 
	0x00,0x00,0x00,0x00, 
	0x00,0x00,0x00,0x00, 
	0x00,0x00,0x00,0x00, 
	0x00,0x00,0x00,0x00, 
	0x00,0x00,0x00,0x00, 
	0x00,0x00,0x00,0x00, 
	0x00,0x00,0x00,0x00, 
	0x00,0x00,0x00,0x00, 
	0x00,0x00,0x00,0x00, 
	0x00,0x00,0x00,0x00, 
	0x00,0x00,0x00,0x00, 
	0x00,0x00,0x00,0x00, 
	0x00,0x00,0x00,0x00, 
	0x00,0x00,0x00,0x00, 
	0x00,0x00,0x00,0x00, 
	0x00,0x00,0x00,0x00, 
	0x00,0x00,0x00,0x00, 
	0x00,0x00,0x00,0x00, 
	0x00,0x00,0x00,0x00, 
	0x00,0x00,0x00,0x00, 
	0x00,0x00,0x00,0x00, 
	0x00,0x00,0x00,0x00, 
	0x00,0x00,0x00,0x00, 
	0x00,0x00,0x00,0x00, 
	0x00,0x00,0x00,0x00, 
	0x00,0x00,0x00,0x00, 
	0x00,0x00,0x00,0x00, 
	0x00,0x00,0x00,0x00, 
	0x00,0x00,0x00,0x00, 
	0x00,0x00,0x00,0x00, 
	0x00,0x00,0x00,0x00, 
	0x00,0x00,0x00,0x00, 
	0x00,0x00,0x00,0x00, 
	0x00,0x00,0x00,0x00, 
	0x00,0x00,0x00,0x00, 
	0x00,0x00,0x00,0x00, 
	0x00,0x00,0x00,0x00, 
	0x00,0x00,0x00,0x00, 
	0x00,0x00,0x00,0x00, 
	0x00,0x00,0x00,0x00, 
	0x00,0x00,0x00,0x00, 
	0x00,0x00,0x00,0x00, 
	0x00,0x00,0x00,0x00, 
	0x00,0x00,0x00,0x00, 
	0x00,0x00,0x00,0x00, 
	0x00,0x00,0x00,0x00, 
	0x00,0x00,0x00,0x00, 
	0x00,0x00,0x00,0x00, 
	0x00,0x00,0x00,0x00, 
	0x00,0x00,0x00,0x00, 
	0x00,0x00,0x00,0x00, 
	0x00,0x00,0x00,0x00, 
	0x00,0x00,0x00,0x00, 
	0x00,0x00,0x00,0x00, 
	0x00,0x00,0x00,0x00, 
	0x00,0x00,0x00,0x00, 
	0x00,0x00,0x00,0x00, 
	0x00,0x00,0x00,0x00, 
	0x00,0x00,0x00,0x00, 
	0x00,0x00,0x00,0x00, 
	0x00,0x00,0x00,0x00, 
	0x00,0x00,0x00,0x00, 
	0x00,0x00,0x00,0x00, 
	0x00,0x00,0x00,0x00, 
	0x00,0x00,0x00,0x00, 
	0x00,0x00,0x00,0x00, 
	0x00,0x00,0x00,0x00, 
	0x00,0x00,0x00,0x00, 
	0x00,0x00,0x00,0x00, 
	0x00,0x00,0x00,0x00, 
	0x00,0x00,0x00,0x00, 
	0x00,0x00,0x00,0x00, 
	0x00,0x00,0x00,0x00, 
	0x00,0x00,0x00,0x00, 
	0x00,0x00,0x00,0x00, 
	0x00,0x00,0x00,0x00, 
	0x00,0x00,0x00,0x00, 
	0x00,0x00,0x00,0x00, 
	0x00,0x00,0x00,0x00, 
	0x00,0x00,0x00,0x00, 
	0x00,0x00,0x00,0x00, 
	0x00,0x00,0x00,0x00, 
	0x00,0x00,0x00,0x00, 
	0x00,0x00,0x00,0x00, 
	0x00,0x00,0x00,0x00, 
	0x00,0x00,0x00,0x00, 
	0x00,0x00,0x00,0x00, 
	0x00,0x00,0x00,0x00, 
	0x00,0x00,0x00,0x00, 
	0x00,0x00,0x00,0x00, 
	0x00,0x00,0x00,0x00, 
	0x00,0x00,0x00,0x00, 
	0x00,0x00,0x00,0x00, 
	0x00,0x00,0x00,0x00, 
	0x00,0x00,0x00,0x00, 
	0x00,0x00,0x00,0x00, 
	0x00,0x00,0x00,0x00, 
	0x00,0x00,0x00,0x00, 
	0x00,0x00,0x00,0x00, 
	0x00,0x00,0x00,0x00, 
	0x00,0x00,0x00,0x00, 
	0x00,0x00,0x00,0x00, 
	0x00,0x00,0x00,0x00, 
	0x00,0x00,0x00,0x00, 
	0x00,0x00,0x00,0x00, 
	0x00,0x00,0x00,0x00, 
	0x00,0x00,0x00,0x00, 
	0x00,0x00,0x00,0x00, 
	0x00,0x00,0x00,0x00, 
	0x00,0x00,0x00,0x00, 
	0x00,0x00,0x00,0x00, 
	0x00,0x00,0x00,0x00, 
	0x00,0x00,0x00,0x00, 
	0x00,0x00,0x00,0x00, 
	0x00,0x00,0x00,0x00, 
	0x00,0x00,0x00,0x00, 
	0x00,0x00,0x00,0x00, 
	0x00,0x00,0x00,0x00, 
	0x00,0x00,0x00,0x00, 
	0x00,0x00,0x00,0x00, 
	0x00,0x00,0x00,0x00, 
	0x00,0x00,0x00,0x00, 
	0x00,0x00,0x00,0x00, 
	0x00,0x00,0x00,0x00, 
	0x00,0x00,0x00,0x00, 
	0x00,0x00,0x00,0x00, 
	0x00,0x00,0x00,0x00, 
	0x00,0x00,0x00,0x00, 
	0x00,0x00,0x00,0x00, 
	0x00,0x00,0x00,0x00, 
	0x00,0x00,0x00,0x00, 
	0x00,0x00,0x00,0x00, 
	0x00,0x00,0x00,0x00, 
	0x00,0x00,0x00,0x00, 
	0x00,0x00,0x00,0x00, 
	0x00,0x00,0x00,0x00, 
	0x00,0x00,0x00,0x00, 
	0x00,0x00,0x00,0x00, 
	0x00,0x00,0x00,0x00, 
	0x00,0x00,0x00,0x00, 
	0x00,0x00,0x00,0x00, 
	0x00,0x00,0x00,0x00, 
	0x00,0x00,0x00,0x00, 
	0x00,0x00,0x00,0x00, 
	0x00,0x00,0x00,0x00, 
	0x00,0x00,0x00,0x00, 
	0x00,0x00,0x00,0x00, 
	0x00,0x00,0x00,0x00, 
	0x00,0x00,0x00,0x00, 
	0x00,0x00,0x00,0x00, 
	0x00,0x00,0x00,0x00, 
	0x00,0x00,0x00,0x00, 
	0x00,0x00,0x00,0x00, 
	0x00,0x00,0x00,0x00, 
	0x00,0x00,0x00,0x00, 
	0x00,0x00,0x00,0x00, 
	0x00,0x00,0x00,0x00, 
	0x00,0x00,0x00,0x00, 
	0x00,0x00,0x00,0x00, 
	0x00,0x00,0x00,0x00, 
	0x00,0x00,0x00,0x00, 
	0x00,0x00,0x00,0x00, 
	0x00,0x00,0x00,0x00, 
	0x00,0x00,0x00,0x00, 
	0x00,0x00,0x00,0x00, 
	0x00,0x00,0x00,0x00, 
	0x00,0x00,0x00,0x00, 
	0x00,0x00,0x00,0x00, 
	0x00,0x00,0x00,0x00, 
	0x00,0x00,0x00,0x00, 
	0x00,0x00,0x00,0x00, 
	0x00,0x00,0x00,0x00, 
	0x00,0x00,0x00,0x00, 
	0x00,0x00,0x00,0x00, 
	0x00,0x00,0x00,0x00, 
	0x00,0x00,0x00,0x00, 
	0x00,0x00,0x00,0x00, 
	0x00,0x00,0x00,0x00, 
	0x00,0x00,0x00,0x00, 
	0x00,0x00,0x00,0x00, 
	0x00,0x00,0x00,0x00, 
	0x00,0x00,0x00,0x00, 
	0x00,0x00,0x00,0x00, 
	0x00,0x00,0x00,0x00, 
	0x00,0x00,0x00,0x00, 
	0x00,0x00,0x00,0x00, 
	0x00,0x00,0x00,0x00, 
	0x00,0x00,0x00,0x00, 
	0x00,0x00,0x00,0x00, 
	0x00,0x00,0x00,0x00, 
	0x00,0x00,0x00,0x00, 
	0x00,0x00,0x00,0x00, 
	0x00,0x00,0x00,0x00, 
	0x00,0x00,0x00,0x00, 
	0x00,0x00,0x00,0x00, 
	0x00,0x00,0x00,0x00, 
	0x00,0x00,0x00,0x00, 
	0x00,0x00,0x00,0x00, 
	0x00,0x00,0x00,0x00, 
	0x00,0x00,0x00,0x00, 
	0x00,0x00,0x00,0x00, 
	0x00,0x00,0x00,0x00, 
	0x00,0x00,0x00,0x00, 
	0x00,0x00,0x00,0x00, 
	0x00,0x00,0x00,0x00, 
	0x00,0x00,0x00,0x00, 
	0x00,0x00,0x00,0x00, 
	0x00,0x00,0x00,0x00, 
	0x00,0x00,0x00,0x00, 
	0x00,0x00,0x00,0x00, 
	0x00,0x00,0x00,0x00, 
	0x00,0x00,0x00,0x00, 
	0x00,0x00,0x00,0x00, 
	0x00,0x00,0x00,0x00, 
	0x00,0x00,0x00,0x00, 
	0x00,0x00,0x00,0x00, 
	0x00,0x00,0x00,0x00, 
	0x00,0x00,0x00,0x00, 
	0x00,0x00,0x00,0x00, 
	0x00,0x00,0x00,0x00, 
	0x00,0x00,0x00,0x00, 
	0x00,0x00,0x00,0x00, 
	0x00,0x00,0x00,0x00, 
	0x00,0x00,0x00,0x00, 
	0x00,0x00,0x00,0x00, 
	0x00,0x00,0x00,0x00, 
	0x00,0x00,0x00,0x00, 
	0x00,0x00,0x00,0x00, 
	0x00,0x00,0x00,0x00, 
	0x00,0x00,0x00,0x00, 
	0x00,0x00,0x00,0x00, 
	0x00,0x00,0x00,0x00, 
	0x00,0x00,0x00,0x00, 
	0x00,0x00,0x00,0x00, 
	0x00,0x00,0x00,0x00, 
	0x00,0x00,0x00,0x00, 
	0x00,0x00,0x00,0x00, 
	0x00,0x00,0x00,0x00, 
	0x00,0x00,0x00,0x00, 
	0x00,0x00,0x00,0x00, 
	0x00,0x00,0x00,0x00, 
	0x00,0x00,0x00,0x00, 
	0x00,0x00,0x00,0x00, 
	0x00,0x00,0x00,0x00, 
	0x00,0x00,0x00,0x00, 
	0x00,0x00,0x00,0x00, 
	0x00,0x00,0x00,0x00, 
	0x00,0x00,0x00,0x00, 
	0x00,0x00,0x00,0x00, 
	0x00,0x00,0x00,0x00, 
	0x00,0x00,0x00,0x00, 
	0x00,0x00,0x00,0x00, 
	0x00,0x00,0x00,0x00, 
	0x00,0x00,0x00,0x00, 
	0x00,0x00,0x00,0x00, 
	0x00,0x00,0x00,0x00, 
	0x00,0x00,0x00,0x00, 
	0x00,0x00,0x00,0x00, 
	0x00,0x00,0x00,0x00, 
	0x00,0x00,0x00,0x00, 
	0x00,0x00,0x00,0x00, 
	0x00,0x00,0x00,0x00, 
	0x00,0x00,0x00,0x00, 
	0x00,0x00,0x00,0x00, 
	0x00,0x00,0x00,0x00, 
	0x00,0x00,0x00,0x00, 
	0x00,0x00,0x00,0x00, 
	0x00,0x00,0x00,0x00, 
	0x00,0x00,0x00,0x00, 
	0x00,0x00,0x00,0x00, 
	0x00,0x00,0x00,0x00, 
	0x00,0x00,0x00,0x00, 
	0x00,0x00,0x00,0x00, 
	0x00,0x00,0x00,0x00, 
	0x00,0x00,0x00,0x00, 
	0x00,0x00,0x00,0x00, 
	0x00,0x00,0x00,0x00, 
	0x00,0x00,0x00,0x00, 
	0x00,0x00,0x00,0x00, 
	0x00,0x00,0x00,0x00, 
	0x00,0x00,0x00,0x00, 
	0x00,0x00,0x00,0x00, 
	0x00,0x00,0x00,0x00, 
	0x00,0x00,0x00,0x00, 
	0x00,0x00,0x00,0x00, 
	0x00,0x00,0x00,0x00, 
	0x00,0x00,0x00,0x00, 
	0x00,0x00,0x00,0x00, 
	0x00,0x00,0x00,0x00, 
	0x00,0x00,0x00,0x00, 
	0x00,0x00,0x00,0x00, 
	0x00,0x00,0x00,0x00, 
	0x00,0x00,0x00,0x00, 
	0x00,0x00,0x00,0x00, 
	0x00,0x00,0x00,0x00, 
	0x00,0x00,0x00,0x00, 
	0x00,0x00,0x00,0x00, 
	0x00,0x00,0x00,0x00, 
	0x00,0x00,0x00,0x00, 
	0x00,0x00,0x00,0x00, 
	0x00,0x00,0x00,0x00, 
	0x00,0x00,0x00,0x00, 
	0x00,0x00,0x00,0x00, 
	0x00,0x00,0x00,0x00, 
	0x00,0x00,0x00,0x00, 
	0x00,0x00,0x00,0x00, 
	0x00,0x00,0x00,0x00, 
	0x00,0x00,0x00,0x00, 
	0x00,0x00,0x00,0x00, 
	0x00,0x00,0x00,0x00, 
	0x00,0x00,0x00,0x00, 
	0x00,0x00,0x00,0x00, 
	0x00,0x00,0x00,0x00, 
	0x00,0x00,0x00,0x00, 
	0x00,0x00,0x00,0x00, 
	0x00,0x00,0x00,0x00, 
	0x00,0x00,0x00,0x00, 
	0x00,0x00,0x00,0x00, 
	0x00,0x00,0x00,0x00, 
	0x00,0x00,0x00,0x00, 
	0x00,0x00,0x00,0x00, 
	0x00,0x00,0x00,0x00, 
	0x00,0x00,0x00,0x00, 
	0x00,0x00,0x00,0x00, 
	0x00,0x00,0x00,0x00, 
	0x00,0x00,0x00,0x00, 
	0x00,0x00,0x00,0x00, 
	0x00,0x00,0x00,0x00, 
	0x00,0x00,0x00,0x00, 
	0x00,0x00,0x00,0x00, 
	0x00,0x00,0x00,0x00, 
	0x00,0x00,0x00,0x00, 
	0x00,0x00,0x00,0x00, 
	0x00,0x00,0x00,0x00, 
	0x00,0x00,0x00,0x00, 
	0x00,0x00,0x00,0x00, 
	0x00,0x00,0x00,0x00, 
	0x00,0x00,0x00,0x00, 
	0x00,0x00,0x00,0x00, 
	0x00,0x00,0x00,0x00, 
	0x00,0x00,0x00,0x00, 
	0x00,0x00,0x00,0x00, 
	0x00,0x00,0x00,0x00, 
	0x00,0x00,0x00,0x00, 
	0x00,0x00,0x00,0x00, 
	0x00,0x00,0x00,0x00, 
	0x00,0x00,0x00,0x00, 
	0x00,0x00,0x00,0x00, 
	0x00,0x00,0x00,0x00, 
	0x00,0x00,0x00,0x00, 
	0x00,0x00,0x00,0x00, 
	0x00,0x00,0x00,0x00, 
	0x00,0x00,0x00,0x00, 
	0x00,0x00,0x00,0x00, 
	0x00,0x00,0x00,0x00, 
	0x00,0x00,0x00,0x00, 
	0x00,0x00,0x00,0x00, 
	0x00,0x00,0x00,0x00, 
	0x00,0x00,0x00,0x00, 
	0x00,0x00,0x00,0x00, 
	0x00,0x00,0x00,0x00, 
	0x00,0x00,0x00,0x00, 
	0x00,0x00,0x00,0x00, 
	0x00,0x00,0x00,0x00, 
	0x00,0x00,0x00,0x00, 
	0x00,0x00,0x00,0x00, 
	0x00,0x00,0x00,0x00, 
	0x00,0x00,0x00,0x00, 
	0x00,0x00,0x00,0x00, 
	0x00,0x00,0x00,0x00, 
	0x00,0x00,0x00,0x00, 
	0x00,0x00,0x00,0x00, 
	0x00,0x00,0x00,0x00, 
	0x00,0x00,0x00,0x00, 
	0x00,0x00,0x00,0x00, 
	0x00,0x00,0x00,0x00, 
	0x00,0x00,0x00,0x00, 
	0x00,0x00,0x00,0x00, 
	0x00,0x00,0x00,0x00, 
	0x00,0x00,0x00,0x00, 
	0x00,0x00,0x00,0x00, 
	0x00,0x00,0x00,0x00, 
	0x00,0x00,0x00,0x00, 
	0x00,0x00,0x00,0x00, 
	0x00,0x00,0x00,0x00, 
	0x00,0x00,0x00,0x00, 
	0x00,0x00,0x00,0x00, 
	0x00,0x00,0x00,0x00, 
	0x00,0x00,0x00,0x00, 
	0x00,0x00,0x00,0x00, 
	0x00,0x00,0x00,0x00, 
	0x00,0x00,0x00,0x00, 
	0x00,0x00,0x00,0x00, 
	0x00,0x00,0x00,0x00, 
	0x00,0x00,0x00,0x00, 
	0x00,0x00,0x00,0x00, 
	0x00,0x00,0x00,0x00, 
	0x00,0x00,0x00,0x00, 
	0x00,0x00,0x00,0x00, 
	0x00,0x00,0x00,0x00, 
	0x00,0x00,0x00,0x00, 
	0x00,0x00,0x00,0x00, 
	0x00,0x00,0x00,0x00, 
	0x00,0x00,0x00,0x00, 
	0x00,0x00,0x00,0x00, 
	0x00,0x00,0x00,0x00, 
	0x00,0x00,0x00,0x00, 
	0x00,0x00,0x00,0x00, 
	0x00,0x00,0x00,0x00, 
	0x00,0x00,0x00,0x00, 
	0x00,0x00,0x00,0x00, 
	0x00,0x00,0x00,0x00, 
	0x00,0x00,0x00,0x00, 
	0x00,0x00,0x00,0x00, 
	0x00,0x00,0x00,0x00, 
	0x00,0x00,0x00,0x00, 
	0x00,0x00,0x00,0x00, 
	0x00,0x00,0x00,0x00, 
	0x00,0x00,0x00,0x00, 
	0x00,0x00,0x00,0x00, 
	0x00,0x00,0x00,0x00, 
	0x00,0x00,0x00,0x00, 
	0x00,0x00,0x00,0x00, 
	0x00,0x00,0x00,0x00, 
	0x00,0x00,0x00,0x00, 
	0x00,0x00,0x00,0x00, 
	0x00,0x00,0x00,0x00, 
	0x00,0x00,0x00,0x00, 
	0x00,0x00,0x00,0x00, 
	0x00,0x00,0x00,0x00, 
	0x00,0x00,0x00,0x00, 
	0x00,0x00,0x00,0x00, 
	0x00,0x00,0x00,0x00, 
	0x00,0x00,0x00,0x00, 
	0x00,0x00,0x00,0x00, 
	0x00,0x00,0x00,0x00, 
	0x00,0x00,0x00,0x00, 
	0x00,0x00,0x00,0x00, 
	0x00,0x00,0x00,0x00, 
	0x00,0x00,0x00,0x00, 
	0x00,0x00,0x00,0x00, 
	0x00,0x00,0x00,0x00, 
	0x00,0x00,0x00,0x00, 
	0x00,0x00,0x00,0x00, 
	0x00,0x00,0x00,0x00, 
	0x00,0x00,0x00,0x00, 
	0x00,0x00,0x00,0x00, 
	0x00,0x00,0x00,0x00, 
	0x00,0x00,0x00,0x00, 
	0x00,0x00,0x00,0x00, 
	0x00,0x00,0x00,0x00, 
	0x00,0x00,0x00,0x00, 
	0x00,0x00,0x00,0x00, 
	0x00,0x00,0x00,0x00, 
	0x00,0x00,0x00,0x00, 
	0x00,0x00,0x00,0x00, 
	0x00,0x00,0x00,0x00, 
	0x00,0x00,0x00,0x00, 
	0x00,0x00,0x00,0x00, 
	0x00,0x00,0x00,0x00, 
	0x00,0x00,0x00,0x00, 
	0x00,0x00,0x00,0x00, 
	0x00,0x00,0x00,0x00, 
	0x00,0x00,0x00,0x00, 
	0x00,0x00,0x00,0x00, 
	0x00,0x00,0x00,0x00, 
	0x00,0x00,0x00,0x00, 
	0x00,0x00,0x00,0x00, 
	0x00,0x00,0x00,0x00, 
	0x00,0x00,0x00,0x00, 
	0x00,0x00,0x00,0x00, 
	0x00,0x00,0x00,0x00, 
	0x00,0x00,0x00,0x00, 
	0x00,0x00,0x00,0x00, 
	0x00,0x00,0x00,0x00, 
	0x00,0x00,0x00,0x00, 
	0x00,0x00,0x00,0x00, 
	0x00,0x00,0x00,0x00, 
	0x00,0x00,0x00,0x00, 
	0x00,0x00,0x00,0x00, 
	0x00,0x00,0x00,0x00, 
	0x00,0x00,0x00,0x00, 
	0x00,0x00,0x00,0x00, 
	0x00,0x00,0x00,0x00, 
	0x00,0x00,0x00,0x00, 
	0x00,0x00,0x00,0x00, 
	0x00,0x00,0x00,0x00, 
	0x00,0x00,0x00,0x00, 
	0x00,0x00,0x00,0x00, 
	0x00,0x00,0x00,0x00, 
	0x00,0x00,0x00,0x00, 
	0x00,0x00,0x00,0x00, 
	0x00,0x00,0x00,0x00, 
	0x00,0x00,0x00,0x00, 
	0x00,0x00,0x00,0x00, 
	0x00,0x00,0x00,0x00, 
	0x00,0x00,0x00,0x00, 
	0x00,0x00,0x00,0x00, 
	0x00,0x00,0x00,0x00, 
	0x00,0x00,0x00,0x00, 
	0x00,0x00,0x00,0x00, 
	0x00,0x00,0x00,0x00, 
	0x00,0x00,0x00,0x00, 
	0x00,0x00,0x00,0x00, 
	0x00,0x00,0x00,0x00, 
	0x00,0x00,0x00,0x00, 
	0x00,0x00,0x00,0x00, 
	0x00,0x00,0x00,0x00, 
	0x00,0x00,0x00,0x00, 
	0x00,0x00,0x00,0x00, 
	0x00,0x00,0x00,0x00, 
	0x00,0x00,0x00,0x00, 
	0x00,0x00,0x00,0x00, 
	0x00,0x00,0x00,0x00, 
	0x00,0x00,0x00,0x00, 
	0x00,0x00,0x00,0x00, 
	0x00,0x00,0x00,0x00, 
	0x00,0x00,0x00,0x00, 
	0x00,0x00,0x00,0x00, 
	0x00,0x00,0x00,0x00, 
	0x00,0x00,0x00,0x00, 
	0x00,0x00,0x00,0x00, 
	0x00,0x00,0x00,0x00, 
	0x00,0x00,0x00,0x00, 
	0x00,0x00,0x00,0x00, 
	0x00,0x00,0x00,0x00, 
	0x00,0x00,0x00,0x00, 
	0x00,0x00,0x00,0x00, 
	0x00,0x00,0x00,0x00, 
	0x00,0x00,0x00,0x00, 
	0x00,0x00,0x00,0x00, 
	0x00,0x00,0x00,0x00, 
	0x00,0x00,0x00,0x00, 
	0x00,0x00,0x00,0x00, 
	0x00,0x00,0x00,0x00, 
	0x00,0x00,0x00,0x00, 
	0x00,0x00,0x00,0x00, 
	0x00,0x00,0x00,0x00, 
	0x00,0x00,0x00,0x00, 
	0x00,0x00,0x00,0x00, 
	0x00,0x00,0x00,0x00, 
	0x00,0x00,0x00,0x00, 
	0x00,0x00,0x00,0x00, 
	0x00,0x00,0x00,0x00, 
	0x00,0x00,0x00,0x00, 
	0x00,0x00,0x00,0x00, 
	0x00,0x00,0x00,0x00, 
	0x00,0x00,0x00,0x00, 
	0x00,0x00,0x00,0x00, 
	0x00,0x00,0x00,0x00, 
	0x00,0x00,0x00,0x00, 
	0x00,0x00,0x00,0x00, 
	0x00,0x00,0x00,0x00, 
	0x00,0x00,0x00,0x00, 
	0x00,0x00,0x00,0x00, 
	0x00,0x00,0x00,0x00, 
	0x00,0x00,0x00,0x00, 
	0x00,0x00,0x00,0x00, 
	0x00,0x00,0x00,0x00, 
	0x00,0x00,0x00,0x00, 
	0x00,0x00,0x00,0x00, 
	0x00,0x00,0x00,0x00, 
	0x00,0x00,0x00,0x00, 
	0x00,0x00,0x00,0x00, 
	0x00,0x00,0x00,0x00, 
	0x00,0x00,0x00,0x00, 
	0x00,0x00,0x00,0x00, 
	0x00,0x00,0x00,0x00, 
	0x00,0x00,0x00,0x00, 
	0x00,0x00,0x00,0x00, 
	0x00,0x00,0x00,0x00, 
	0x00,0x00,0x00,0x00, 
	0x00,0x00,0x00,0x00, 
	0x00,0x00,0x00,0x00, 
	0x00,0x00,0x00,0x00, 
	0x00,0x00,0x00,0x00, 
	0x00,0x00,0x00,0x00, 
	0x00,0x00,0x00,0x00, 
	0x00,0x00,0x00,0x00, 
	0x00,0x00,0x00,0x00, 
	0x00,0x00,0x00,0x00, 
	0x00,0x00,0x00,0x00, 
	0x00,0x00,0x00,0x00, 
	0x00,0x00,0x00,0x00, 
	0x00,0x00,0x00,0x00, 
	0x00,0x00,0x00,0x00, 
	0x00,0x00,0x00,0x00, 
	0x00,0x00,0x00,0x00, 
	0x00,0x00,0x00,0x00, 
	0x00,0x00,0x00,0x00, 
	0x00,0x00,0x00,0x00, 
	0x00,0x00,0x00,0x00, 
	0x00,0x00,0x00,0x00, 
	0x00,0x00,0x00,0x00, 
	0x00,0x00,0x00,0x00, 
	0x00,0x00,0x00,0x00, 
	0x00,0x00,0x00,0x00, 
	0x00,0x00,0x00,0x00, 
	0x00,0x00,0x00,0x00, 
	0x00,0x00,0x00,0x00, 
	0x00,0x00,0x00,0x00, 
	0x00,0x00,0x00,0x00, 
	0x00,0x00,0x00,0x00, 
	0x00,0x00,0x00,0x00, 
	0x00,0x00,0x00,0x00, 
	0x00,0x00,0x00,0x00, 
	0x00,0x00,0x00,0x00, 
	0x00,0x00,0x00,0x00, 
	0x00,0x00,0x00,0x00, 
	0x00,0x00,0x00,0x00, 
	0x00,0x00,0x00,0x00, 
	0x00,0x00,0x00,0x00, 
	0x00,0x00,0x00,0x00, 
	0x00,0x00,0x00,0x00, 
	0x00,0x00,0x00,0x00, 
	0x00,0x00,0x00,0x00, 
	0x00,0x00,0x00,0x00, 
	0x00,0x00,0x00,0x00, 
	0x00,0x00,0x00,0x00, 
	0x00,0x00,0x00,0x00, 
	0x00,0x00,0x00,0x00, 
	0x00,0x00,0x00,0x00, 
	0x00,0x00,0x00,0x00, 
	0x00,0x00,0x00,0x00, 
	0x00,0x00,0x00,0x00, 
	0x00,0x00,0x00,0x00, 
	0x00,0x00,0x00,0x00, 
	0x00,0x00,0x00,0x00, 
	0x00,0x00,0x00,0x00, 
	0x00,0x00,0x00,0x00, 
	0x00,0x00,0x00,0x00, 
	0x00,0x00,0x00,0x00, 
	0x00,0x00,0x00,0x00, 
	0x00,0x00,0x00,0x00, 
	0x00,0x00,0x00,0x00, 
	0x00,0x00,0x00,0x00, 
	0x00,0x00,0x00,0x00, 
	0x00,0x00,0x00,0x00, 
	0x00,0x00,0x00,0x00, 
	0x00,0x00,0x00,0x00, 
	0x00,0x00,0x00,0x00, 
	0x00,0x00,0x00,0x00, 
	0x00,0x00,0x00,0x00, 
	0x00,0x00,0x00,0x00, 
	0x00,0x00,0x00,0x00, 
	0x00,0x00,0x00,0x00, 
	0x00,0x00,0x00,0x00, 
	0x00,0x00,0x00,0x00, 
	0x00,0x00,0x00,0x00, 
	0x00,0x00,0x00,0x00, 
	0x00,0x00,0x00,0x00, 
	0x00,0x00,0x00,0x00, 
	0x00,0x00,0x00,0x00, 
	0x00,0x00,0x00,0x00, 
	0x00,0x00,0x00,0x00, 
	0x00,0x00,0x00,0x00, 
	0x00,0x00,0x00,0x00, 
	0x00,0x00,0x00,0x00, 
	0x00,0x00,0x00,0x00, 
	0x00,0x00,0x00,0x00, 
	0x00,0x00,0x00,0x00, 
	0x00,0x00,0x00,0x00, 
	0x00,0x00,0x00,0x00, 
	0x00,0x00,0x00,0x00, 
	0x00,0x00,0x00,0x00, 
	0x00,0x00,0x00,0x00, 
	0x00,0x00,0x00,0x00, 
	0x00,0x00,0x00,0x00, 
	0x00,0x00,0x00,0x00, 
	0x00,0x00,0x00,0x00, 
	0x00,0x00,0x00,0x00, 
	0x00,0x00,0x00,0x00, 
	0x00,0x00,0x00,0x00, 
	0x00,0x00,0x00,0x00, 
	0x00,0x00,0x00,0x00, 
	0x00,0x00,0x00,0x00, 
	0x00,0x00,0x00,0x00, 
	0x00,0x00,0x00,0x00, 
	0x00,0x00,0x00,0x00, 
	0x00,0x00,0x00,0x00, 
	0x00,0x00,0x00,0x00, 
	0x00,0x00,0x00,0x00, 
	0x00,0x00,0x00,0x00, 
	0x00,0x00,0x00,0x00, 
	0x00,0x00,0x00,0x00, 
	0x00,0x00,0x00,0x00, 
	0x00,0x00,0x00,0x00, 
	0x00,0x00,0x00,0x00, 
	0x00,0x00,0x00,0x00, 
	0x00,0x00,0x00,0x00, 
	0x00,0x00,0x00,0x00, 
	0x00,0x00,0x00,0x00, 
	0x00,0x00,0x00,0x00, 
	0x00,0x00,0x00,0x00, 
	0x00,0x00,0x00,0x00, 
	0x00,0x00,0x00,0x00, 
	0x00,0x00,0x00,0x00, 
	0x00,0x00,0x00,0x00, 
	0x00,0x00,0x00,0x00, 
	0x00,0x00,0x00,0x00, 
	0x00,0x00,0x00,0x00, 
	0x00,0x00,0x00,0x00, 
	0x00,0x00,0x00,0x00, 
	0x00,0x00,0x00,0x00, 
	0x00,0x00,0x00,0x00, 
	0x00,0x00,0x00,0x00, 
	0x00,0x00,0x00,0x00, 
	0x00,0x00,0x00,0x00, 
	0x00,0x00,0x00,0x00, 
	0x00,0x00,0x00,0x00, 
	0x00,0x00,0x00,0x00, 
	0x00,0x00,0x00,0x00, 
	0x00,0x00,0x00,0x00, 
	0x00,0x00,0x00,0x00, 
	0x00,0x00,0x00,0x00, 
	0x00,0x00,0x00,0x00, 
	0x00,0x00,0x00,0x00, 
	0x00,0x00,0x00,0x00, 
	0x00,0x00,0x00,0x00, 
	0x00,0x00,0x00,0x00, 
	0x00,0x00,0x00,0x00, 
	0x00,0x00,0x00,0x00, 
	0x00,0x00,0x00,0x00, 
	0x00,0x00,0x00,0x00, 
	0x00,0x00,0x00,0x00, 
	0x00,0x00,0x00,0x00, 
	0x00,0x00,0x00,0x00, 
	0x00,0x00,0x00,0x00, 
	0x00,0x00,0x00,0x00, 
	0x00,0x00,0x00,0x00, 
	0x00,0x00,0x00,0x00, 
	0x00,0x00,0x00,0x00, 
	0x00,0x00,0x00,0x00, 
	0x00,0x00,0x00,0x00, 
	0x00,0x00,0x00,0x00, 
	0x00,0x00,0x00,0x00, 
	0x00,0x00,0x00,0x00, 
	0x00,0x00,0x00,0x00, 
	0x00,0x00,0x00,0x00, 
	0x00,0x00,0x00,0x00, 
	0x00,0x00,0x00,0x00, 
	0x00,0x00,0x00,0x00, 
	0x00,0x00,0x00,0x00, 
	0x00,0x00,0x00,0x00, 
	0x00,0x00,0x00,0x00, 
	0x00,0x00,0x00,0x00, 
	0x00,0x00,0x00,0x00, 
	0x00,0x00,0x00,0x00, 
	0x00,0x00,0x00,0x00, 
	0x00,0x00,0x00,0x00, 
	0x00,0x00,0x00,0x00, 
	0x00,0x00,0x00,0x00, 
	0x00,0x00,0x00,0x00, 
	0x00,0x00,0x00,0x00, 
	0x00,0x00,0x00,0x00, 
	0x00,0x00,0x00,0x00, 
	0x00,0x00,0x00,0x00, 
	0x00,0x00,0x00,0x00, 
	0x00,0x00,0x00,0x00, 
	0x00,0x00,0x00,0x00, 
	0x00,0x00,0x00,0x00, 
	0x00,0x00,0x00,0x00, 
	0x00,0x00,0x00,0x00, 
	0x00,0x00,0x00,0x00, 
	0x00,0x00,0x00,0x00, 
	0x00,0x00,0x00,0x00, 
	0x00,0x00,0x00,0x00, 
	0x00,0x00,0x00,0x00, 
	0x00,0x00,0x00,0x00, 
	0x00,0x00,0x00,0x00, 
	0x00,0x00,0x00,0x00, 
	0x00,0x00,0x00,0x00, 
	0x00,0x00,0x00,0x00, 
	0x00,0x00,0x00,0x00, 
	0x00,0x00,0x00,0x00, 
	0x00,0x00,0x00,0x00, 
	0x00,0x00,0x00,0x00, 
	0x00,0x00,0x00,0x00, 
	0x00,0x00,0x00,0x00, 
	0x00,0x00,0x00,0x00, 
	0x00,0x00,0x00,0x00, 
	0x00,0x00,0x00,0x00, 
	0x00,0x00,0x00,0x00, 
	0x00,0x00,0x00,0x00, 
	0x00,0x00,0x00,0x00, 
	0x00,0x00,0x00,0x00, 
	0x00,0x00,0x00,0x00, 
	0x00,0x00,0x00,0x00, 
	0x00,0x00,0x00,0x00, 
	0x00,0x00,0x00,0x00, 
	0x00,0x00,0x00,0x00, 
	0x00,0x00,0x00,0x00, 
	0x00,0x00,0x00,0x00, 
	0x00,0x00,0x00,0x00, 
	0x00,0x00,0x00,0x00, 
	0x00,0x00,0x00,0x00, 
	0x00,0x00,0x00,0x00, 
	0x00,0x00,0x00,0x00, 
	0x00,0x00,0x00,0x00, 
	0x00,0x00,0x00,0x00, 
	0x00,0x00,0x00,0x00, 
	0x00,0x00,0x00,0x00, 
	0x00,0x00,0x00,0x00, 
	0x00,0x00,0x00,0x00, 
	0x00,0x00,0x00,0x00, 
	0x00,0x00,0x00,0x00, 
	0x00,0x00,0x00,0x00, 
	0x00,0x00,0x00,0x00, 
	0x00,0x00,0x00,0x00, 
	0x00,0x00,0x00,0x00, 
	0x00,0x00,0x00,0x00, 
	0x00,0x00,0x00,0x00, 
	0x00,0x00,0x00,0x00, 
	0x00,0x00,0x00,0x00, 
	0x00,0x00,0x00,0x00, 
	0x00,0x00,0x00,0x00, 
	0x00,0x00,0x00,0x00, 
	0x00,0x00,0x00,0x00, 
	0x00,0x00,0x00,0x00, 
	0x00,0x00,0x00,0x00, 
	0x00,0x00,0x00,0x00, 
	0x00,0x00,0x00,0x00, 
	0x00,0x00,0x00,0x00, 
	0x00,0x00,0x00,0x00, 
	0x00,0x00,0x00,0x00, 
	0x00,0x00,0x00,0x00, 
	0x00,0x00,0x00,0x00, 
	0x00,0x00,0x00,0x00, 
	0x00,0x00,0x00,0x00, 
	0x00,0x00,0x00,0x00, 
	0x00,0x00,0x00,0x00, 
	0x00,0x00,0x00,0x00, 
	0x00,0x00,0x00,0x00, 
	0x00,0x00,0x00,0x00, 
	0x00,0x00,0x00,0x00, 
	0x00,0x00,0x00,0x00, 
	0x00,0x00,0x00,0x00, 
	0x00,0x00,0x00,0x00, 
	0x00,0x00,0x00,0x00, 
	0x00,0x00,0x00,0x00, 
	0x00,0x00,0x00,0x00, 
	0x00,0x00,0x00,0x00, 
	0x00,0x00,0x00,0x00, 
	0x00,0x00,0x00,0x00, 
	0x00,0x00,0x00,0x00, 
	0x00,0x00,0x00,0x00, 
	0x00,0x00,0x00,0x00, 
	0x00,0x00,0x00,0x00, 
	0x00,0x00,0x00,0x00, 
	0x00,0x00,0x00,0x00, 
	0x00,0x00,0x00,0x00, 
	0x00,0x00,0x00,0x00, 
	0x00,0x00,0x00,0x00, 
	0x00,0x00,0x00,0x00, 
	0x00,0x00,0x00,0x00, 
	0x00,0x00,0x00,0x00, 
	0x00,0x00,0x00,0x00, 
	0x00,0x00,0x00,0x00, 
	0x00,0x00,0x00,0x00, 
	0x00,0x00,0x00,0x00, 
	0x00,0x00,0x00,0x00, 
	0x00,0x00,0x00,0x00, 
	0x00,0x00,0x00,0x00, 
	0x00,0x00,0x00,0x00, 
	0x00,0x00,0x00,0x00, 
	0x00,0x00,0x00,0x00, 
	0x00,0x00,0x00,0x00, 
	0x00,0x00,0x00,0x00, 
	0x00,0x00,0x00,0x00, 
	0x00,0x00,0x00,0x00, 
	0x00,0x00,0x00,0x00, 
	0x00,0x00,0x00,0x00, 
	0x00,0x00,0x00,0x00, 
	0x00,0x00,0x00,0x00, 
	0x00,0x00,0x00,0x00, 
	0x00,0x00,0x00,0x00, 
	0x00,0x00,0x00,0x00, 
	0x00,0x00,0x00,0x00, 
	0x00,0x00,0x00,0x00, 
	0x00,0x00,0x00,0x00, 
	0x00,0x00,0x00,0x00, 
	0x00,0x00,0x00,0x00, 
	0x00,0x00,0x00,0x00, 
	0x00,0x00,0x00,0x00, 
	0x00,0x00,0x00,0x00, 
	0x00,0x00,0x00,0x00, 
	0x00,0x00,0x00,0x00, 
	0x00,0x00,0x00,0x00, 
	0x00,0x00,0x00,0x00, 
	0x00,0x00,0x00,0x00, 
	0x00,0x00,0x00,0x00, 
	0x00,0x00,0x00,0x00, 
	0x00,0x00,0x00,0x00, 
	0x00,0x00,0x00,0x00, 
	0x00,0x00,0x00,0x00, 
	0x00,0x00,0x00,0x00, 
	0x00,0x00,0x00,0x00, 
	0x00,0x00,0x00,0x00, 
	0x00,0x00,0x00,0x00, 
	0x00,0x00,0x00,0x00, 
	0x00,0x00,0x00,0x00, 
	0x00,0x00,0x00,0x00, 
	0x00,0x00,0x00,0x00, 
	0x00,0x00,0x00,0x00, 
	0x00,0x00,0x00,0x00, 
	0x00,0x00,0x00,0x00, 
	0x00,0x00,0x00,0x00, 
	0x00,0x00,0x00,0x00, 
	0x00,0x00,0x00,0x00, 
	0x00,0x00,0x00,0x00, 
	0x00,0x00,0x00,0x00, 
	0x00,0x00,0x00,0x00, 
	0x00,0x00,0x00,0x00, 
	0x00,0x00,0x00,0x00, 
	0x00,0x00,0x00,0x00, 
	0x00,0x00,0x00,0x00, 
	0x00,0x00,0x00,0x00, 
	0x00,0x00,0x00,0x00, 
	0x00,0x00,0x00,0x00, 
	0x00,0x00,0x00,0x00, 
	0x00,0x00,0x00,0x00, 
	0x00,0x00,0x00,0x00, 
	0x00,0x00,0x00,0x00, 
	0x00,0x00,0x00,0x00, 
	0x00,0x00,0x00,0x00, 
	0x00,0x00,0x00,0x00, 
	0x00,0x00,0x00,0x00, 
	0x00,0x00,0x00,0x00, 
	0x00,0x00,0x00,0x00, 
	0x00,0x00,0x00,0x00, 
	0x00,0x00,0x00,0x00, 
	0x00,0x00,0x00,0x00, 
	0x00,0x00,0x00,0x00, 
	0x00,0x00,0x00,0x00, 
	0x00,0x00,0x00,0x00, 
	0x00,0x00,0x00,0x00, 
	0x00,0x00,0x00,0x00, 
	0x00,0x00,0x00,0x00, 
	0x00,0x00,0x00,0x00, 
	0x00,0x00,0x00,0x00, 
	0x00,0x00,0x00,0x00, 
	0x00,0x00,0x00,0x00, 
	0x00,0x00,0x00,0x00, 
	0x00,0x00,0x00,0x00, 
	0x00,0x00,0x00,0x00, 
	0x00,0x00,0x00,0x00, 
	0x00,0x00,0x00,0x00, 
	0x00,0x00,0x00,0x00, 
	0x00,0x00,0x00,0x00, 
	0x00,0x00,0x00,0x00, 
	0x00,0x00,0x00,0x00, 
	0x00,0x00,0x00,0x00, 
	0x00,0x00,0x00,0x00, 
	0x00,0x00,0x00,0x00, 
	0x00,0x00,0x00,0x00, 
	0x00,0x00,0x00,0x00, 
	0x00,0x00,0x00,0x00, 
	0x00,0x00,0x00,0x00, 
	0x00,0x00,0x00,0x00, 
	0x00,0x00,0x00,0x00, 
	0x00,0x00,0x00,0x00, 
	0x00,0x00,0x00,0x00, 
	0x00,0x00,0x00,0x00, 
	0x00,0x00,0x00,0x00, 
	0x00,0x00,0x00,0x00, 
	0x00,0x00,0x00,0x00, 
	0x00,0x00,0x00,0x00, 
	0x00,0x00,0x00,0x00, 
	0x00,0x00,0x00,0x00, 
	0x00,0x00,0x00,0x00, 
	0x00,0x00,0x00,0x00, 
	0x00,0x00,0x00,0x00, 
	0x00,0x00,0x00,0x00, 
	0x00,0x00,0x00,0x00, 
	0x00,0x00,0x00,0x00, 
	0x00,0x00,0x00,0x00, 
	0x00,0x00,0x00,0x00, 
	0x00,0x00,0x00,0x00, 
	0x00,0x00,0x00,0x00, 
	0x00,0x00,0x00,0x00, 
	0x00,0x00,0x00,0x00, 
	0x00,0x00,0x00,0x00, 
	0x00,0x00,0x00,0x00, 
	0x00,0x00,0x00,0x00, 
	0x00,0x00,0x00,0x00, 
	0x00,0x00,0x00,0x00, 
	0x00,0x00,0x00,0x00, 
	0x00,0x00,0x00,0x00, 
	0x00,0x00,0x00,0x00, 
	0x00,0x00,0x00,0x00, 
	0x00,0x00,0x00,0x00, 
	0x00,0x00,0x00,0x00, 
	0x00,0x00,0x00,0x00, 
	0x00,0x00,0x00,0x00, 
	0x00,0x00,0x00,0x00, 
	0x00,0x00,0x00,0x00, 
	0x00,0x00,0x00,0x00, 
	0x00,0x00,0x00,0x00, 
	0x00,0x00,0x00,0x00, 
	0x00,0x00,0x00,0x00, 
	0x00,0x00,0x00,0x00, 
	0x00,0x00,0x00,0x00, 
	0x00,0x00,0x00,0x00, 
	0x00,0x00,0x00,0x00, 
	0x00,0x00,0x00,0x00, 
	0x00,0x00,0x00,0x00, 
	0x00,0x00,0x00,0x00, 
	0x00,0x00,0x00,0x00, 
	0x00,0x00,0x00,0x00, 
	0x00,0x00,0x00,0x00, 
	0x00,0x00,0x00,0x00, 
	0x00,0x00,0x00,0x00, 
	0x00,0x00,0x00,0x00, 
	0x00,0x00,0x00,0x00, 
	0x00,0x00,0x00,0x00, 
	0x00,0x00,0x00,0x00, 
	0x00,0x00,0x00,0x00, 
	0x00,0x00,0x00,0x00, 
	0x00,0x00,0x00,0x00, 
	0x00,0x00,0x00,0x00, 
	0x00,0x00,0x00,0x00, 
	0x00,0x00,0x00,0x00, 
	0x00,0x00,0x00,0x00, 
	0x00,0x00,0x00,0x00, 
	0x00,0x00,0x00,0x00, 
	0x00,0x00,0x00,0x00, 
	0x00,0x00,0x00,0x00, 
	0x00,0x00,0x00,0x00, 
	0x00,0x00,0x00,0x00, 
	0x00,0x00,0x00,0x00, 
	0x00,0x00,0x00,0x00, 
	0x00,0x00,0x00,0x00, 
	0x00,0x00,0x00,0x00, 
	0x00,0x00,0x00,0x00, 
	0x00,0x00,0x00,0x00, 
	0x00,0x00,0x00,0x00, 
	0x00,0x00,0x00,0x00, 
	0x00,0x00,0x00,0x00, 
	0x00,0x00,0x00,0x00, 
	0x00,0x00,0x00,0x00, 
	0x00,0x00,0x00,0x00, 
	0x00,0x00,0x00,0x00, 
	0x00,0x00,0x00,0x00, 
	0x00,0x00,0x00,0x00, 
	0x00,0x00,0x00,0x00, 
	0x00,0x00,0x00,0x00, 
	0x00,0x00,0x00,0x00, 
	0x00,0x00,0x00,0x00, 
	0x00,0x00,0x00,0x00, 
	0x00,0x00,0x00,0x00, 
	0x00,0x00,0x00,0x00, 
	0x00,0x00,0x00,0x00, 
	0x00,0x00,0x00,0x00, 
	0x00,0x00,0x00,0x00, 
	0x00,0x00,0x00,0x00, 
	0x00,0x00,0x00,0x00, 
	0x00,0x00,0x00,0x00, 
	0x00,0x00,0x00,0x00, 
	0x00,0x00,0x00,0x00, 
	0x00,0x00,0x00,0x00, 
	0x00,0x00,0x00,0x00, 
	0x00,0x00,0x00,0x00, 
	0x00,0x00,0x00,0x00, 
	0x00,0x00,0x00,0x00, 
	0x00,0x00,0x00,0x00, 
	0x00,0x00,0x00,0x00, 
	0x00,0x00,0x00,0x00, 
	0x00,0x00,0x00,0x00, 
	0x00,0x00,0x00,0x00, 
	0x00,0x00,0x00,0x00, 
	0x00,0x00,0x00,0x00, 
	0x00,0x00,0x00,0x00, 
	0x00,0x00,0x00,0x00, 
	0x00,0x00,0x00,0x00, 
	0x00,0x00,0x00,0x00, 
	0x00,0x00,0x00,0x00, 
	0x00,0x00,0x00,0x00, 
	0x00,0x00,0x00,0x00, 
	0x00,0x00,0x00,0x00, 
	0x00,0x00,0x00,0x00, 
	0x00,0x00,0x00,0x00, 
	0x00,0x00,0x00,0x00, 
	0x00,0x00,0x00,0x00, 
	0x00,0x00,0x00,0x00, 
	0x00,0x00,0x00,0x00, 
	0x00,0x00,0x00,0x00, 
	0x00,0x00,0x00,0x00, 
	0x00,0x00,0x00,0x00, 
	0x00,0x00,0x00,0x00, 
	0x00,0x00,0x00,0x00, 
	0x00,0x00,0x00,0x00, 
	0x00,0x00,0x00,0x00, 
	0x00,0x00,0x00,0x00, 
	0x00,0x00,0x00,0x00, 
	0x00,0x00,0x00,0x00, 
	0x00,0x00,0x00,0x00, 
	0x00,0x00,0x00,0x00, 
	0x00,0x00,0x00,0x00, 
	0x00,0x00,0x00,0x00, 
	0x00,0x00,0x00,0x00, 
	0x00,0x00,0x00,0x00, 
	0x00,0x00,0x00,0x00, 
	0x00,0x00,0x00,0x00, 
	0x00,0x00,0x00,0x00, 
	0x00,0x00,0x00,0x00, 
	0x00,0x00,0x00,0x00, 
	0x00,0x00,0x00,0x00, 
	0x00,0x00,0x00,0x00, 
	0x00,0x00,0x00,0x00, 
	0x00,0x00,0x00,0x00, 
	0x00,0x00,0x00,0x00, 
	0x00,0x00,0x00,0x00, 
	0x00,0x00,0x00,0x00, 
	0x00,0x00,0x00,0x00, 
	0x00,0x00,0x00,0x00, 
	0x00,0x00,0x00,0x00, 
	0x00,0x00,0x00,0x00, 
	0x00,0x00,0x00,0x00, 
	0x00,0x00,0x00,0x00, 
	0x00,0x00,0x00,0x00, 
	0x00,0x00,0x00,0x00, 
	0x00,0x00,0x00,0x00, 
	0x00,0x00,0x00,0x00, 
	0x00,0x00,0x00,0x00, 
	0x00,0x00,0x00,0x00, 
	0x00,0x00,0x00,0x00, 
	0x00,0x00,0x00,0x00, 
	0x00,0x00,0x00,0x00, 
	0x00,0x00,0x00,0x00, 
	0x00,0x00,0x00,0x00, 
	0x00,0x00,0x00,0x00, 
	0x00,0x00,0x00,0x00, 
	0x00,0x00,0x00,0x00, 
	0x00,0x00,0x00,0x00, 
	0x00,0x00,0x00,0x00, 
	0x00,0x00,0x00,0x00, 
	0x00,0x00,0x00,0x00, 
	0x00,0x00,0x00,0x00, 
	0x00,0x00,0x00,0x00, 
	0x00,0x00,0x00,0x00, 
	0x00,0x00,0x00,0x00, 
	0x00,0x00,0x00,0x00, 
	0x00,0x00,0x00,0x00, 
	0x00,0x00,0x00,0x00, 
	0x00,0x00,0x00,0x00, 
	0x00,0x00,0x00,0x00, 
	0x00,0x00,0x00,0x00, 
	0x00,0x00,0x00,0x00, 
	0x00,0x00,0x00,0x00, 
	0x00,0x00,0x00,0x00, 
	0x00,0x00,0x00,0x00, 
	0x00,0x00,0x00,0x00, 
	0x00,0x00,0x00,0x00, 
	0x00,0x00,0x00,0x00, 
	0x00,0x00,0x00,0x00, 
	0x00,0x00,0x00,0x00, 
	0x00,0x00,0x00,0x00, 
	0x00,0x00,0x00,0x00, 
	0x00,0x00,0x00,0x00, 
	0x00,0x00,0x00,0x00, 
	0x00,0x00,0x00,0x00, 
	0x00,0x00,0x00,0x00, 
	0x00,0x00,0x00,0x00, 
	0x00,0x00,0x00,0x00, 
	0x00,0x00,0x00,0x00, 
	0x00,0x00,0x00,0x00, 
	0x00,0x00,0x00,0x00, 
	0x00,0x00,0x00,0x00, 
	0x00,0x00,0x00,0x00, 
	0x00,0x00,0x00,0x00, 
	0x00,0x00,0x00,0x00, 
	0x00,0x00,0x00,0x00, 
	0x00,0x00,0x00,0x00, 
	0x00,0x00,0x00,0x00, 
	0x00,0x00,0x00,0x00, 
	0x00,0x00,0x00,0x00, 
	0x00,0x00,0x00,0x00, 
	0x00,0x00,0x00,0x00, 
	0x00,0x00,0x00,0x00, 
	0x00,0x00,0x00,0x00, 
	0x00,0x00,0x00,0x00, 
	0x00,0x00,0x00,0x00, 
	0x00,0x00,0x00,0x00, 
	0x00,0x00,0x00,0x00, 
	0x00,0x00,0x00,0x00, 
	0x00,0x00,0x00,0x00, 
	0x00,0x00,0x00,0x00, 
	0x00,0x00,0x00,0x00, 
	0x00,0x00,0x00,0x00, 
	0x00,0x00,0x00,0x00, 
	0x00,0x00,0x00,0x00, 
	0x00,0x00,0x00,0x00, 
	0x00,0x00,0x00,0x00, 
	0x00,0x00,0x00,0x00, 
	0x00,0x00,0x00,0x00, 
	0x00,0x00,0x00,0x00, 
	0x00,0x00,0x00,0x00, 
	0x00,0x00,0x00,0x00, 
	0x00,0x00,0x00,0x00, 
	0x00,0x00,0x00,0x00, 
	0x00,0x00,0x00,0x00, 
	0x00,0x00,0x00,0x00, 
	0x00,0x00,0x00,0x00, 
	0x00,0x00,0x00,0x00, 
	0x00,0x00,0x00,0x00, 
	0x00,0x00,0x00,0x00, 
	0x00,0x00,0x00,0x00, 
	0x00,0x00,0x00,0x00, 
	0x00,0x00,0x00,0x00, 
	0x00,0x00,0x00,0x00, 
	0x00,0x00,0x00,0x00, 
	0x00,0x00,0x00,0x00, 
	0x00,0x00,0x00,0x00, 
	0x00,0x00,0x00,0x00, 
	0x00,0x00,0x00,0x00, 
	0x00,0x00,0x00,0x00, 
	0x00,0x00,0x00,0x00, 
	0x00,0x00,0x00,0x00, 
	0x00,0x00,0x00,0x00, 
	0x00,0x00,0x00,0x00, 
	0x00,0x00,0x00,0x00, 
	0x00,0x00,0x00,0x00, 
	0x00,0x00,0x00,0x00, 
	0x00,0x00,0x00,0x00, 
	0x00,0x00,0x00,0x00, 
	0x00,0x00,0x00,0x00, 
	0x00,0x00,0x00,0x00, 
	0x00,0x00,0x00,0x00, 
	0x00,0x00,0x00,0x00, 
	0x00,0x00,0x00,0x00, 
	0x00,0x00,0x00,0x00, 
	0x00,0x00,0x00,0x00, 
	0x00,0x00,0x00,0x00, 
	0x00,0x00,0x00,0x00, 
	0x00,0x00,0x00,0x00, 
	0x00,0x00,0x00,0x00, 
	0x00,0x00,0x00,0x00, 
	0x00,0x00,0x00,0x00, 
	0x00,0x00,0x00,0x00, 
	0x00,0x00,0x00,0x00, 
	0x00,0x00,0x00,0x00, 
	0x00,0x00,0x00,0x00, 
	0x00,0x00,0x00,0x00, 
	0x00,0x00,0x00,0x00, 
	0x00,0x00,0x00,0x00, 
	0x00,0x00,0x00,0x00, 
	0x00,0x00,0x00,0x00, 
	0x00,0x00,0x00,0x00, 
	0x00,0x00,0x00,0x00, 
	0x00,0x00,0x00,0x00, 
	0x00,0x00,0x00,0x00, 
	0x00,0x00,0x00,0x00, 
	0x00,0x00,0x00,0x00, 
	0x00,0x00,0x00,0x00, 
	0x00,0x00,0x00,0x00, 
	0x00,0x00,0x00,0x00, 
	0x00,0x00,0x00,0x00, 
	0x00,0x00,0x00,0x00, 
	0x00,0x00,0x00,0x00, 
	0x00,0x00,0x00,0x00, 
	0x00,0x00,0x00,0x00, 
	0x00,0x00,0x00,0x00, 
	0x00,0x00,0x00,0x00, 
	0x00,0x00,0x00,0x00, 
	0x00,0x00,0x00,0x00, 
	0x00,0x00,0x00,0x00, 
	0x00,0x00,0x00,0x00, 
	0x00,0x00,0x00,0x00, 
	0x00,0x00,0x00,0x00, 
	0x00,0x00,0x00,0x00, 
	0x00,0x00,0x00,0x00, 
	0x00,0x00,0x00,0x00, 
	0x00,0x00,0x00,0x00, 
	0x00,0x00,0x00,0x00, 
	0x00,0x00,0x00,0x00, 
	0x00,0x00,0x00,0x00, 
	0x00,0x00,0x00,0x00, 
	0x00,0x00,0x00,0x00, 
	0x00,0x00,0x00,0x00, 
	0x00,0x00,0x00,0x00, 
	0x00,0x00,0x00,0x00, 
	0x00,0x00,0x00,0x00, 
	0x00,0x00,0x00,0x00, 
	0x00,0x00,0x00,0x00, 
	0x00,0x00,0x00,0x00, 
	0x00,0x00,0x00,0x00, 
	0x00,0x00,0x00,0x00, 
	0x00,0x00,0x00,0x00, 
	0x00,0x00,0x00,0x00, 
	0x00,0x00,0x00,0x00, 
	0x00,0x00,0x00,0x00, 
	0x00,0x00,0x00,0x00, 
	0x00,0x00,0x00,0x00, 
	0x00,0x00,0x00,0x00, 
	0x00,0x00,0x00,0x00, 
	0x00,0x00,0x00,0x00, 
	0x00,0x00,0x00,0x00, 
	0x00,0x00,0x00,0x00, 
	0x00,0x00,0x00,0x00, 
	0x00,0x00,0x00,0x00, 
	0x00,0x00,0x00,0x00, 
	0x00,0x00,0x00,0x00, 
	0x00,0x00,0x00,0x00, 
	0x00,0x00,0x00,0x00, 
	0x00,0x00,0x00,0x00, 
	0x00,0x00,0x00,0x00, 
	0x00,0x00,0x00,0x00, 
	0x00,0x00,0x00,0x00, 
	0x00,0x00,0x00,0x00, 
	0x00,0x00,0x00,0x00, 
	0x00,0x00,0x00,0x00, 
	0x00,0x00,0x00,0x00, 
	0x00,0x00,0x00,0x00, 
	0x00,0x00,0x00,0x00, 
	0x00,0x00,0x00,0x00, 
	0x00,0x00,0x00,0x00, 
	0x00,0x00,0x00,0x00, 
	0x00,0x00,0x00,0x00, 
	0x00,0x00,0x00,0x00, 
	0x00,0x00,0x00,0x00, 
	0x00,0x00,0x00,0x00, 
	0x00,0x00,0x00,0x00, 
	0x00,0x00,0x00,0x00, 
	0x00,0x00,0x00,0x00, 
	0x00,0x00,0x00,0x00, 
	0x00,0x00,0x00,0x00, 
	0x00,0x00,0x00,0x00, 
	0x00,0x00,0x00,0x00, 
	0x00,0x00,0x00,0x00, 
	0x00,0x00,0x00,0x00, 
	0x00,0x00,0x00,0x00, 
	0x00,0x00,0x00,0x00, 
	0x00,0x00,0x00,0x00, 
	0x00,0x00,0x00,0x00, 
	0x00,0x00,0x00,0x00, 
	0x00,0x00,0x00,0x00, 
	0x00,0x00,0x00,0x00, 
	0x00,0x00,0x00,0x00, 
	0x00,0x00,0x00,0x00, 
	0x00,0x00,0x00,0x00, 
	0x00,0x00,0x00,0x00, 
	0x00,0x00,0x00,0x00, 
	0x00,0x00,0x00,0x00, 
	0x00,0x00,0x00,0x00, 
	0x00,0x00,0x00,0x00, 
	0x00,0x00,0x00,0x00, 
	0x00,0x00,0x00,0x00, 
	0x00,0x00,0x00,0x00, 
	0x00,0x00,0x00,0x00, 
	0x00,0x00,0x00,0x00, 
	0x00,0x00,0x00,0x00, 
	0x00,0x00,0x00,0x00, 
	0x00,0x00,0x00,0x00, 
	0x00,0x00,0x00,0x00, 
	0x00,0x00,0x00,0x00, 
	0x00,0x00,0x00,0x00, 
	0x00,0x00,0x00,0x00, 
	0x00,0x00,0x00,0x00, 
	0x00,0x00,0x00,0x00, 
	0x00,0x00,0x00,0x00, 
	0x00,0x00,0x00,0x00, 
	0x00,0x00,0x00,0x00, 
	0x00,0x00,0x00,0x00, 
	0x00,0x00,0x00,0x00, 
	0x00,0x00,0x00,0x00, 
	0x00,0x00,0x00,0x00, 
	0x00,0x00,0x00,0x00, 
	0x00,0x00,0x00,0x00, 
	0x00,0x00,0x00,0x00, 
	0x00,0x00,0x00,0x00, 
	0x00,0x00,0x00,0x00, 
	0x00,0x00,0x00,0x00, 
	0x00,0x00,0x00,0x00, 
	0x00,0x00,0x00,0x00, 
	0x00,0x00,0x00,0x00, 
	0x00,0x00,0x00,0x00, 
	0x00,0x00,0x00,0x00, 
	0x00,0x00,0x00,0x00, 
	0x00,0x00,0x00,0x00, 
	0x00,0x00,0x00,0x00, 
	0x00,0x00,0x00,0x00, 
	0x00,0x00,0x00,0x00, 
	0x00,0x00,0x00,0x00, 
	0x00,0x00,0x00,0x00, 
	0x00,0x00,0x00,0x00, 
	0x00,0x00,0x00,0x00, 
	0x00,0x00,0x00,0x00, 
	0x00,0x00,0x00,0x00, 
	0x00,0x00,0x00,0x00, 
	0x00,0x00,0x00,0x00, 
	0x00,0x00,0x00,0x00, 
	0x00,0x00,0x00,0x00, 
	0x00,0x00,0x00,0x00, 
	0x00,0x00,0x00,0x00, 
	0x00,0x00,0x00,0x00, 
	0x00,0x00,0x00,0x00, 
	0x00,0x00,0x00,0x00, 
	0x00,0x00,0x00,0x00, 
	0x00,0x00,0x00,0x00, 
	0x00,0x00,0x00,0x00, 
	0x00,0x00,0x00,0x00, 
	0x00,0x00,0x00,0x00, 
	0x00,0x00,0x00,0x00, 
	0x00,0x00,0x00,0x00, 
	0x00,0x00,0x00,0x00, 
	0x00,0x00,0x00,0x00, 
	0x00,0x00,0x00,0x00, 
	0x00,0x00,0x00,0x00, 
	0x00,0x00,0x00,0x00, 
	0x00,0x00,0x00,0x00, 
	0x00,0x00,0x00,0x00, 
	0x00,0x00,0x00,0x00, 
	0x00,0x00,0x00,0x00, 
	0x00,0x00,0x00,0x00, 
	0x00,0x00,0x00,0x00, 
	0x00,0x00,0x00,0x00, 
	0x00,0x00,0x00,0x00, 
	0x00,0x00,0x00,0x00, 
	0x00,0x00,0x00,0x00, 
	0x00,0x00,0x00,0x00, 
	0x00,0x00,0x00,0x00, 
	0x00,0x00,0x00,0x00, 
	0x00,0x00,0x00,0x00, 
	0x00,0x00,0x00,0x00, 
	0x00,0x00,0x00,0x00, 
	0x00,0x00,0x00,0x00, 
	0x00,0x00,0x00,0x00, 
	0x00,0x00,0x00,0x00, 
	0x00,0x00,0x00,0x00, 
	0x00,0x00,0x00,0x00, 
	0x00,0x00,0x00,0x00, 
	0x00,0x00,0x00,0x00, 
	0x00,0x00,0x00,0x00, 
	0x00,0x00,0x00,0x00, 
	0x00,0x00,0x00,0x00, 
	0x00,0x00,0x00,0x00, 
	0x00,0x00,0x00,0x00, 
	0x00,0x00,0x00,0x00, 
	0x00,0x00,0x00,0x00, 
	0x00,0x00,0x00,0x00, 
	0x00,0x00,0x00,0x00, 
	0x00,0x00,0x00,0x00, 
	0x00,0x00,0x00,0x00, 
	0x00,0x00,0x00,0x00, 
	0x00,0x00,0x00,0x00, 
	0x00,0x00,0x00,0x00, 
	0x00,0x00,0x00,0x00, 
	0x00,0x00,0x00,0x00, 
	0x00,0x00,0x00,0x00, 
	0x00,0x00,0x00,0x00, 
	0x00,0x00,0x00,0x00, 
	0x00,0x00,0x00,0x00, 
	0x00,0x00,0x00,0x00, 
	0x00,0x00,0x00,0x00, 
	0x00,0x00,0x00,0x00, 
	0x00,0x00,0x00,0x00, 
	0x00,0x00,0x00,0x00, 
	0x00,0x00,0x00,0x00, 
	0x00,0x00,0x00,0x00, 
	0x00,0x00,0x00,0x00, 
	0x00,0x00,0x00,0x00, 
	0x00,0x00,0x00,0x00, 
	0x00,0x00,0x00,0x00, 
	0x00,0x00,0x00,0x00, 
	0x00,0x00,0x00,0x00, 
	0x00,0x00,0x00,0x00, 
	0x00,0x00,0x00,0x00, 
	0x00,0x00,0x00,0x00, 
	0x00,0x00,0x00,0x00, 
	0x00,0x00,0x00,0x00, 
	0x00,0x00,0x00,0x00, 
	0x00,0x00,0x00,0x00, 
	0x00,0x00,0x00,0x00, 
	0x00,0x00,0x00,0x00, 
	0x00,0x00,0x00,0x00, 
	0x00,0x00,0x00,0x00, 
	0x00,0x00,0x00,0x00, 
	0x00,0x00,0x00,0x00, 
	0x00,0x00,0x00,0x00, 
	0x00,0x00,0x00,0x00, 
	0x00,0x00,0x00,0x00, 
	0x00,0x00,0x00,0x00, 
	0x00,0x00,0x00,0x00, 
	0x00,0x00,0x00,0x00, 
	0x00,0x00,0x00,0x00, 
	0x00,0x00,0x00,0x00, 
	0x00,0x00,0x00,0x00, 
	0x00,0x00,0x00,0x00, 
	0x00,0x00,0x00,0x00, 
	0x00,0x00,0x00,0x00, 
	0x00,0x00,0x00,0x00, 
	0x00,0x00,0x00,0x00, 
	0x00,0x00,0x00,0x00, 
	0x00,0x00,0x00,0x00, 
	0x00,0x00,0x00,0x00, 
	0x00,0x00,0x00,0x00, 
	0x00,0x00,0x00,0x00, 
	0x00,0x00,0x00,0x00, 
	0x00,0x00,0x00,0x00, 
	0x00,0x00,0x00,0x00, 
	0x00,0x00,0x00,0x00, 
	0x00,0x00,0x00,0x00, 
	0x00,0x00,0x00,0x00, 
	0x00,0x00,0x00,0x00, 
	0x00,0x00,0x00,0x00, 
	0x00,0x00,0x00,0x00, 
	0x00,0x00,0x00,0x00, 
	0x00,0x00,0x00,0x00, 
	0x00,0x00,0x00,0x00, 
	0x00,0x00,0x00,0x00, 
	0x00,0x00,0x00,0x00, 
	0x00,0x00,0x00,0x00, 
	0x00,0x00,0x00,0x00, 
	0x00,0x00,0x00,0x00, 
	0x00,0x00,0x00,0x00, 
	0x00,0x00,0x00,0x00, 
	0x00,0x00,0x00,0x00, 
	0x00,0x00,0x00,0x00, 
	0x00,0x00,0x00,0x00, 
	0x00,0x00,0x00,0x00, 
	0x00,0x00,0x00,0x00, 
	0x00,0x00,0x00,0x00, 
	0x00,0x00,0x00,0x00, 
	0x00,0x00,0x00,0x00, 
	0x00,0x00,0x00,0x00, 
	0x00,0x00,0x00,0x00, 
	0x00,0x00,0x00,0x00, 
	0x00,0x00,0x00,0x00, 
	0x00,0x00,0x00,0x00, 
	0x00,0x00,0x00,0x00, 
	0x00,0x00,0x00,0x00, 
	0x00,0x00,0x00,0x00, 
	0x00,0x00,0x00,0x00, 
	0x00,0x00,0x00,0x00, 
	0x00,0x00,0x00,0x00, 
	0x00,0x00,0x00,0x00, 
	0x00,0x00,0x00,0x00, 
	0x00,0x00,0x00,0x00, 
	0x00,0x00,0x00,0x00, 
	0x00,0x00,0x00,0x00, 
	0x00,0x00,0x00,0x00, 
	0x00,0x00,0x00,0x00, 
	0x00,0x00,0x00,0x00, 
	0x00,0x00,0x00,0x00, 
	0x00,0x00,0x00,0x00, 
	0x00,0x00,0x00,0x00, 
	0x00,0x00,0x00,0x00, 
	0x00,0x00,0x00,0x00, 
	0x00,0x00,0x00,0x00, 
	0x00,0x00,0x00,0x00, 
	0x00,0x00,0x00,0x00, 
	0x00,0x00,0x00,0x00, 
	0x00,0x00,0x00,0x00, 
	0x00,0x00,0x00,0x00, 
	0x00,0x00,0x00,0x00, 
	0x00,0x00,0x00,0x00, 
	0x00,0x00,0x00,0x00, 
	0x00,0x00,0x00,0x00, 
	0x00,0x00,0x00,0x00, 
	0x00,0x00,0x00,0x00, 
	0x00,0x00,0x00,0x00, 
	0x00,0x00,0x00,0x00, 
	0x00,0x00,0x00,0x00, 
	0x00,0x00,0x00,0x00, 
	0x00,0x00,0x00,0x00, 
	0x00,0x00,0x00,0x00, 
	0x00,0x00,0x00,0x00, 
	0x00,0x00,0x00,0x00, 
	0x00,0x00,0x00,0x00, 
	0x00,0x00,0x00,0x00, 
	0x00,0x00,0x00,0x00, 
	0x00,0x00,0x00,0x00, 
	0x00,0x00,0x00,0x00, 
	0x00,0x00,0x00,0x00, 
	0x00,0x00,0x00,0x00, 
	0x00,0x00,0x00,0x00, 
	0x00,0x00,0x00,0x00, 
	0x00,0x00,0x00,0x00, 
	0x00,0x00,0x00,0x00, 
	0x00,0x00,0x00,0x00, 
	0x00,0x00,0x00,0x00, 
	0x00,0x00,0x00,0x00, 
	0x00,0x00,0x00,0x00, 
	0x00,0x00,0x00,0x00, 
	0x00,0x00,0x00,0x00, 
	0x00,0x00,0x00,0x00, 
	0x00,0x00,0x00,0x00, 
	0x00,0x00,0x00,0x00, 
	0x00,0x00,0x00,0x00, 
	0x00,0x00,0x00,0x00, 
	0x00,0x00,0x00,0x00, 
	0x00,0x00,0x00,0x00, 
	0x00,0x00,0x00,0x00, 
	0x00,0x00,0x00,0x00, 
	0x00,0x00,0x00,0x00, 
	0x00,0x00,0x00,0x00, 
	0x00,0x00,0x00,0x00, 
	0x00,0x00,0x00,0x00, 
	0x00,0x00,0x00,0x00, 
	0x00,0x00,0x00,0x00, 
	0x00,0x00,0x00,0x00, 
	0x00,0x00,0x00,0x00, 
	0x00,0x00,0x00,0x00, 
	0x00,0x00,0x00,0x00, 
	0x00,0x00,0x00,0x00, 
	0x00,0x00,0x00,0x00, 
	0x00,0x00,0x00,0x00, 
	0x00,0x00,0x00,0x00, 
	0x00,0x00,0x00,0x00, 
	0x00,0x00,0x00,0x00, 
	0x00,0x00,0x00,0x00, 
	0x00,0x00,0x00,0x00, 
	0x00,0x00,0x00,0x00, 
	0x00,0x00,0x00,0x00, 
	0x00,0x00,0x00,0x00, 
	0x00,0x00,0x00,0x00, 
	0x00,0x00,0x00,0x00, 
	0x00,0x00,0x00,0x00, 
	0x00,0x00,0x00,0x00, 
	0x00,0x00,0x00,0x00, 
	0x00,0x00,0x00,0x00, 
	0x00,0x00,0x00,0x00, 
	0x00,0x00,0x00,0x00, 
	0x00,0x00,0x00,0x00, 
	0x00,0x00,0x00,0x00, 
	0x00,0x00,0x00,0x00, 
	0x00,0x00,0x00,0x00, 
	0x00,0x00,0x00,0x00, 
	0x00,0x00,0x00,0x00, 
	0x00,0x00,0x00,0x00, 
	0x00,0x00,0x00,0x00, 
	0x00,0x00,0x00,0x00, 
	0x00,0x00,0x00,0x00, 
	0x00,0x00,0x00,0x00, 
	0x00,0x00,0x00,0x00, 
	0x00,0x00,0x00,0x00, 
	0x00,0x00,0x00,0x00, 
	0x00,0x00,0x00,0x00, 
	0x00,0x00,0x00,0x00, 
	0x00,0x00,0x00,0x00, 
	0x00,0x00,0x00,0x00, 
	0x00,0x00,0x00,0x00, 
	0x00,0x00,0x00,0x00, 
	0x00,0x00,0x00,0x00, 
	0x00,0x00,0x00,0x00, 
	0x00,0x00,0x00,0x00, 
	0x00,0x00,0x00,0x00, 
	0x00,0x00,0x00,0x00, 
	0x00,0x00,0x00,0x00, 
	0x00,0x00,0x00,0x00, 
	0x00,0x00,0x00,0x00, 
	0x00,0x00,0x00,0x00, 
	0x00,0x00,0x00,0x00, 
	0x00,0x00,0x00,0x00, 
	0x00,0x00,0x00,0x00, 
	0x00,0x00,0x00,0x00, 
	0x00,0x00,0x00,0x00, 
	0x00,0x00,0x00,0x00, 
	0x00,0x00,0x00,0x00, 
	0x00,0x00,0x00,0x00, 
	0x00,0x00,0x00,0x00, 
	0x00,0x00,0x00,0x00, 
	0x00,0x00,0x00,0x00, 
	0x00,0x00,0x00,0x00, 
	0x00,0x00,0x00,0x00, 
	0x00,0x00,0x00,0x00, 
	0x00,0x00,0x00,0x00, 
	0x00,0x00,0x00,0x00, 
	0x00,0x00,0x00,0x00, 
	0x00,0x00,0x00,0x00, 
	0x00,0x00,0x00,0x00, 
	0x00,0x00,0x00,0x00, 
	0x00,0x00,0x00,0x00, 
	0x00,0x00,0x00,0x00, 
	0x00,0x00,0x00,0x00, 
	0x00,0x00,0x00,0x00, 
	0x00,0x00,0x00,0x00, 
	0x00,0x00,0x00,0x00, 
	0x00,0x00,0x00,0x00, 
	0x00,0x00,0x00,0x00, 
	0x00,0x00,0x00,0x00, 
	0x00,0x00,0x00,0x00, 
	0x00,0x00,0x00,0x00, 
	0x00,0x00,0x00,0x00, 
	0x00,0x00,0x00,0x00, 
	0x00,0x00,0x00,0x00, 
	0x00,0x00,0x00,0x00, 
	0x00,0x00,0x00,0x00, 
	0x00,0x00,0x00,0x00, 
	0x00,0x00,0x00,0x00, 
	0x00,0x00,0x00,0x00, 
	0x00,0x00,0x00,0x00, 
	0x00,0x00,0x00,0x00, 
	0x00,0x00,0x00,0x00, 
	0x00,0x00,0x00,0x00, 
	0x00,0x00,0x00,0x00, 
	0x00,0x00,0x00,0x00, 
	0x00,0x00,0x00,0x00, 
	0x00,0x00,0x00,0x00, 
	0x00,0x00,0x00,0x00, 
	0x00,0x00,0x00,0x00, 
	0x00,0x00,0x00,0x00, 
	0x00,0x00,0x00,0x00, 
	0x00,0x00,0x00,0x00, 
	0x00,0x00,0x00,0x00, 
	0x00,0x00,0x00,0x00, 
	0x00,0x00,0x00,0x00, 
	0x00,0x00,0x00,0x00, 
	0x00,0x00,0x00,0x00, 
	0x00,0x00,0x00,0x00, 
	0x00,0x00,0x00,0x00, 
	0x00,0x00,0x00,0x00, 
	0x00,0x00,0x00,0x00, 
	0x00,0x00,0x00,0x00, 
	0x00,0x00,0x00,0x00, 
	0x00,0x00,0x00,0x00, 
	0x00,0x00,0x00,0x00, 
	0x00,0x00,0x00,0x00, 
	0x00,0x00,0x00,0x00, 
	0x00,0x00,0x00,0x00, 
	0x00,0x00,0x00,0x00, 
	0x00,0x00,0x00,0x00, 
	0x00,0x00,0x00,0x00, 
	0x00,0x00,0x00,0x00, 
	0x00,0x00,0x00,0x00, 
	0x00,0x00,0x00,0x00, 
	0x00,0x00,0x00,0x00, 
	0x00,0x00,0x00,0x00, 
	0x00,0x00,0x00,0x00, 
	0x00,0x00,0x00,0x00, 
	0x00,0x00,0x00,0x00, 
	0x00,0x00,0x00,0x00, 
	0x00,0x00,0x00,0x00, 
	0x00,0x00,0x00,0x00, 
	0x00,0x00,0x00,0x00, 
	0x00,0x00,0x00,0x00, 
	0x00,0x00,0x00,0x00, 
	0x00,0x00,0x00,0x00, 
	0x00,0x00,0x00,0x00, 
	0x00,0x00,0x00,0x00, 
	0x00,0x00,0x00,0x00, 
	0x00,0x00,0x00,0x00, 
	0x00,0x00,0x00,0x00, 
	0x00,0x00,0x00,0x00, 
	0x00,0x00,0x00,0x00, 
	0x00,0x00,0x00,0x00, 
	0x00,0x00,0x00,0x00, 
	0x00,0x00,0x00,0x00, 
	0x00,0x00,0x00,0x00, 
	0x00,0x00,0x00,0x00, 
	0x00,0x00,0x00,0x00, 
	0x00,0x00,0x00,0x00, 
	0x00,0x00,0x00,0x00, 
	0x00,0x00,0x00,0x00, 
	0x00,0x00,0x00,0x00, 
	0x00,0x00,0x00,0x00, 
	0x00,0x00,0x00,0x00, 
	0x00,0x00,0x00,0x00, 
	0x00,0x00,0x00,0x00, 
	0x00,0x00,0x00,0x00, 
	0x00,0x00,0x00,0x00, 
	0x00,0x00,0x00,0x00, 
	0x00,0x00,0x00,0x00, 
	0x00,0x00,0x00,0x00, 
	0x00,0x00,0x00,0x00, 
	0x00,0x00,0x00,0x00, 
	0x00,0x00,0x00,0x00, 
	0x00,0x00,0x00,0x00, 
	0x00,0x00,0x00,0x00, 
	0x00,0x00,0x00,0x00, 
	0x00,0x00,0x00,0x00, 
	0x00,0x00,0x00,0x00, 
	0x00,0x00,0x00,0x00, 
	0x00,0x00,0x00,0x00, 
	0x00,0x00,0x00,0x00, 
	0x00,0x00,0x00,0x00, 
	0x00,0x00,0x00,0x00, 
	0x00,0x00,0x00,0x00, 
	0x00,0x00,0x00,0x00, 
	0x00,0x00,0x00,0x00, 
	0x00,0x00,0x00,0x00, 
	0x00,0x00,0x00,0x00, 
	0x00,0x00,0x00,0x00, 
	0x00,0x00,0x00,0x00, 
	0x00,0x00,0x00,0x00, 
	0x00,0x00,0x00,0x00, 
	0x00,0x00,0x00,0x00, 
	0x00,0x00,0x00,0x00, 
	0x00,0x00,0x00,0x00, 
	0x00,0x00,0x00,0x00, 
	0x00,0x00,0x00,0x00, 
	0x00,0x00,0x00,0x00, 
	0x00,0x00,0x00,0x00, 
	0x00,0x00,0x00,0x00, 
	0x00,0x00,0x00,0x00, 
	0x00,0x00,0x00,0x00, 
	0x00,0x00,0x00,0x00, 
	0x00,0x00,0x00,0x00, 
	0x00,0x00,0x00,0x00, 
	0x00,0x00,0x00,0x00, 
	0x00,0x00,0x00,0x00, 
	0x00,0x00,0x00,0x00, 
	0x00,0x00,0x00,0x00, 
	0x00,0x00,0x00,0x00, 
	0x00,0x00,0x00,0x00, 
	0x00,0x00,0x00,0x00, 
	0x00,0x00,0x00,0x00, 
	0x00,0x00,0x00,0x00, 
	0x00,0x00,0x00,0x00, 
	0x00,0x00,0x00,0x00, 
	0x00,0x00,0x00,0x00, 
	0x00,0x00,0x00,0x00, 
	0x00,0x00,0x00,0x00, 
	0x00,0x00,0x00,0x00, 
	0x00,0x00,0x00,0x00, 
	0x00,0x00,0x00,0x00, 
	0x00,0x00,0x00,0x00, 
	0x00,0x00,0x00,0x00, 
	0x00,0x00,0x00,0x00, 
	0x00,0x00,0x00,0x00, 
	0x00,0x00,0x00,0x00, 
	0x00,0x00,0x00,0x00, 
	0x00,0x00,0x00,0x00, 
	0x00,0x00,0x00,0x00, 
	0x00,0x00,0x00,0x00, 
	0x00,0x00,0x00,0x00, 
	0x00,0x00,0x00,0x00, 
	0x00,0x00,0x00,0x00, 
	0x00,0x00,0x00,0x00, 
	0x00,0x00,0x00,0x00, 
	0x00,0x00,0x00,0x00, 
	0x00,0x00,0x00,0x00, 
	0x00,0x00,0x00,0x00, 
	0x00,0x00,0x00,0x00, 
	0x00,0x00,0x00,0x00, 
	0x00,0x00,0x00,0x00, 
	0x00,0x00,0x00,0x00, 
	0x00,0x00,0x00,0x00, 
	0x00,0x00,0x00,0x00, 
	0x00,0x00,0x00,0x00, 
	0x00,0x00,0x00,0x00, 
	0x00,0x00,0x00,0x00, 
	0x00,0x00,0x00,0x00, 
	0x00,0x00,0x00,0x00, 
	0x00,0x00,0x00,0x00, 
	0x00,0x00,0x00,0x00, 
	0x00,0x00,0x00,0x00, 
	0x00,0x00,0x00,0x00, 
	0x00,0x00,0x00,0x00, 
	0x00,0x00,0x00,0x00, 
	0x00,0x00,0x00,0x00, 
	0x00,0x00,0x00,0x00, 
	0x00,0x00,0x00,0x00, 
	0x00,0x00,0x00,0x00, 
	0x00,0x00,0x00,0x00, 
	0x00,0x00,0x00,0x00, 
	0x00,0x00,0x00,0x00, 
	0x00,0x00,0x00,0x00, 
	0x00,0x00,0x00,0x00, 
	0x00,0x00,0x00,0x00, 
	0x00,0x00,0x00,0x00, 
	0x00,0x00,0x00,0x00, 
	0x00,0x00,0x00,0x00, 
	0x00,0x00,0x00,0x00, 
	0x00,0x00,0x00,0x00, 
	0x00,0x00,0x00,0x00, 
	0x00,0x00,0x00,0x00, 
	0x00,0x00,0x00,0x00, 
	0x00,0x00,0x00,0x00, 
	0x00,0x00,0x00,0x00, 
	0x00,0x00,0x00,0x00, 
	0x00,0x00,0x00,0x00, 
	0x00,0x00,0x00,0x00, 
	0x00,0x00,0x00,0x00, 
	0x00,0x00,0x00,0x00, 
	0x00,0x00,0x00,0x00, 
	0x00,0x00,0x00,0x00, 
	0x00,0x00,0x00,0x00, 
	0x00,0x00,0x00,0x00, 
	0x00,0x00,0x00,0x00, 
	0x00,0x00,0x00,0x00, 
	0x00,0x00,0x00,0x00, 
	0x00,0x00,0x00,0x00, 
	0x00,0x00,0x00,0x00, 
	0x00,0x00,0x00,0x00, 
	0x00,0x00,0x00,0x00, 
	0x00,0x00,0x00,0x00, 
	0x00,0x00,0x00,0x00, 
	0x00,0x00,0x00,0x00, 
	0x00,0x00,0x00,0x00, 
	0x00,0x00,0x00,0x00, 
	0x00,0x00,0x00,0x00, 
	0x00,0x00,0x00,0x00, 
	0x00,0x00,0x00,0x00, 
	0x00,0x00,0x00,0x00, 
	0x00,0x00,0x00,0x00, 
	0x00,0x00,0x00,0x00, 
	0x00,0x00,0x00,0x00, 
	0x00,0x00,0x00,0x00, 
	0x00,0x00,0x00,0x00, 
	0x00,0x00,0x00,0x00, 
	0x00,0x00,0x00,0x00, 
	0x00,0x00,0x00,0x00, 
	0x00,0x00,0x00,0x00, 
	0x00,0x00,0x00,0x00, 
	0x00,0x00,0x00,0x00, 
	0x00,0x00,0x00,0x00, 
	0x00,0x00,0x00,0x00, 
	0x00,0x00,0x00,0x00, 
	0x00,0x00,0x00,0x00, 
	0x00,0x00,0x00,0x00, 
	0x00,0x00,0x00,0x00, 
	0x00,0x00,0x00,0x00, 
	0x00,0x00,0x00,0x00, 
	0x00,0x00,0x00,0x00, 
	0x00,0x00,0x00,0x00, 
	0x00,0x00,0x00,0x00, 
	0x00,0x00,0x00,0x00, 
	0x00,0x00,0x00,0x00, 
	0x00,0x00,0x00,0x00, 
	0x00,0x00,0x00,0x00, 
	0x00,0x00,0x00,0x00, 
	0x00,0x00,0x00,0x00, 
	0x00,0x00,0x00,0x00, 
	0x00,0x00,0x00,0x00, 
	0x00,0x00,0x00,0x00, 
	0x00,0x00,0x00,0x00, 
	0x00,0x00,0x00,0x00, 
	0x00,0x00,0x00,0x00, 
	0x00,0x00,0x00,0x00, 
	0x00,0x00,0x00,0x00, 
	0x00,0x00,0x00,0x00, 
	0x00,0x00,0x00,0x00, 
	0x00,0x00,0x00,0x00, 
	0x00,0x00,0x00,0x00, 
	0x00,0x00,0x00,0x00, 
	0x00,0x00,0x00,0x00, 
	0x00,0x00,0x00,0x00, 
	0x00,0x00,0x00,0x00, 
	0x00,0x00,0x00,0x00, 
	0x00,0x00,0x00,0x00, 
	0x00,0x00,0x00,0x00, 
	0x00,0x00,0x00,0x00, 
	0x00,0x00,0x00,0x00, 
	0x00,0x00,0x00,0x00, 
	0x00,0x00,0x00,0x00, 
	0x00,0x00,0x00,0x00, 
	0x00,0x00,0x00,0x00, 
	0x00,0x00,0x00,0x00, 
	0x00,0x00,0x00,0x00, 
	0x00,0x00,0x00,0x00, 
	0x00,0x00,0x00,0x00, 
	0x00,0x00,0x00,0x00, 
	0x00,0x00,0x00,0x00, 
	0x00,0x00,0x00,0x00, 
	0x00,0x00,0x00,0x00, 
	0x00,0x00,0x00,0x00, 
	0x00,0x00,0x00,0x00, 
	0x00,0x00,0x00,0x00, 
	0x00,0x00,0x00,0x00, 
	0x00,0x00,0x00,0x00, 
	0x00,0x00,0x00,0x00, 
	0x00,0x00,0x00,0x00, 
	0x00,0x00,0x00,0x00, 
	0x00,0x00,0x00,0x00, 
	0x00,0x00,0x00,0x00, 
	0x00,0x00,0x00,0x00, 
	0x00,0x00,0x00,0x00, 
	0x00,0x00,0x00,0x00, 
	0x00,0x00,0x00,0x00, 
	0x00,0x00,0x00,0x00, 
	0x00,0x00,0x00,0x00, 
	0x00,0x00,0x00,0x00, 
	0x00,0x00,0x00,0x00, 
	0x00,0x00,0x00,0x00, 
	0x00,0x00,0x00,0x00, 
	0x00,0x00,0x00,0x00, 
	0x00,0x00,0x00,0x00, 
	0x00,0x00,0x00,0x00, 
	0x00,0x00,0x00,0x00, 
	0x00,0x00,0x00,0x00, 
	0x00,0x00,0x00,0x00, 
	0x00,0x00,0x00,0x00, 
	0x00,0x00,0x00,0x00, 
	0x00,0x00,0x00,0x00, 
	0x00,0x00,0x00,0x00, 
	0x00,0x00,0x00,0x00, 
	0x00,0x00,0x00,0x00, 
	0x00,0x00,0x00,0x00, 
	0x00,0x00,0x00,0x00, 
	0x00,0x00,0x00,0x00, 
	0x00,0x00,0x00,0x00, 
	0x00,0x00,0x00,0x00, 
	0x00,0x00,0x00,0x00, 
	0x00,0x00,0x00,0x00, 
	0x00,0x00,0x00,0x00, 
	0x00,0x00,0x00,0x00, 
	0x00,0x00,0x00,0x00, 
	0x00,0x00,0x00,0x00, 
	0x00,0x00,0x00,0x00, 
	0x00,0x00,0x00,0x00, 
	0x00,0x00,0x00,0x00, 
	0x00,0x00,0x00,0x00, 
	0x00,0x00,0x00,0x00, 
	0x00,0x00,0x00,0x00, 
	0x00,0x00,0x00,0x00, 
	0x00,0x00,0x00,0x00, 
	0x00,0x00,0x00,0x00, 
	0x00,0x00,0x00,0x00, 
	0x00,0x00,0x00,0x00, 
	0x00,0x00,0x00,0x00, 
	0x00,0x00,0x00,0x00, 
	0x00,0x00,0x00,0x00, 
	0x00,0x00,0x00,0x00, 
	0x00,0x00,0x00,0x00, 
	0x00,0x00,0x00,0x00, 
	0x00,0x00,0x00,0x00, 
	0x00,0x00,0x00,0x00, 
	0x00,0x00,0x00,0x00, 
	0x00,0x00,0x00,0x00, 
	0x00,0x00,0x00,0x00, 
	0x00,0x00,0x00,0x00, 
	0x00,0x00,0x00,0x00, 
	0x00,0x00,0x00,0x00, 
	0x00,0x00,0x00,0x00, 
	0x00,0x00,0x00,0x00, 
	0x00,0x00,0x00,0x00, 
	0x00,0x00,0x00,0x00, 
	0x00,0x00,0x00,0x00, 
	0x00,0x00,0x00,0x00, 
	0x00,0x00,0x00,0x00, 
	0x00,0x00,0x00,0x00, 
	0x00,0x00,0x00,0x00, 
	0x00,0x00,0x00,0x00, 
	0x00,0x00,0x00,0x00, 
	0x00,0x00,0x00,0x00, 
	0x00,0x00,0x00,0x00, 
	0x00,0x00,0x00,0x00, 
	0x00,0x00,0x00,0x00, 
	0x00,0x00,0x00,0x00, 
	0x00,0x00,0x00,0x00, 
	0x00,0x00,0x00,0x00, 
	0x00,0x00,0x00,0x00, 
	0x00,0x00,0x00,0x00, 
	0x00,0x00,0x00,0x00, 
	0x00,0x00,0x00,0x00, 
	0x00,0x00,0x00,0x00, 
	0x00,0x00,0x00,0x00, 
	0x00,0x00,0x00,0x00, 
	0x00,0x00,0x00,0x00, 
	0x00,0x00,0x00,0x00, 
	0x00,0x00,0x00,0x00, 
	0x00,0x00,0x00,0x00, 
	0x00,0x00,0x00,0x00, 
	0x00,0x00,0x00,0x00, 
	0x00,0x00,0x00,0x00, 
	0x00,0x00,0x00,0x00, 
	0x00,0x00,0x00,0x00, 
	0x00,0x00,0x00,0x00, 
	0x00,0x00,0x00,0x00, 
	0x00,0x00,0x00,0x00, 
	0x00,0x00,0x00,0x00, 
	0x00,0x00,0x00,0x00, 
	0x00,0x00,0x00,0x00, 
	0x00,0x00,0x00,0x00, 
	0x00,0x00,0x00,0x00, 
	0x00,0x00,0x00,0x00, 
	0x00,0x00,0x00,0x00, 
	0x00,0x00,0x00,0x00, 
	0x00,0x00,0x00,0x00, 
	0x00,0x00,0x00,0x00, 
	0x00,0x00,0x00,0x00, 
	0x00,0x00,0x00,0x00, 
	0x00,0x00,0x00,0x00, 
	0x00,0x00,0x00,0x00, 
	0x00,0x00,0x00,0x00, 
	0x00,0x00,0x00,0x00, 
	0x00,0x00,0x00,0x00, 
	0x00,0x00,0x00,0x00, 
	0x00,0x00,0x00,0x00, 
	0x00,0x00,0x00,0x00, 
	0x00,0x00,0x00,0x00, 
	0x00,0x00,0x00,0x00, 
	0x00,0x00,0x00,0x00, 
	0x00,0x00,0x00,0x00, 
	0x00,0x00,0x00,0x00, 
	0x00,0x00,0x00,0x00, 
	0x00,0x00,0x00,0x00, 
	0x00,0x00,0x00,0x00, 
	0x00,0x00,0x00,0x00, 
	0x00,0x00,0x00,0x00, 
	0x00,0x00,0x00,0x00, 
	0x00,0x00,0x00,0x00, 
	0x00,0x00,0x00,0x00, 
	0x00,0x00,0x00,0x00, 
	0x00,0x00,0x00,0x00, 
	0x00,0x00,0x00,0x00, 
	0x00,0x00,0x00,0x00, 
	0x00,0x00,0x00,0x00, 
	0x00,0x00,0x00,0x00, 
	0x00,0x00,0x00,0x00, 
	0x00,0x00,0x00,0x00, 
	0x00,0x00,0x00,0x00, 
	0x00,0x00,0x00,0x00, 
	0x00,0x00,0x00,0x00, 
	0x00,0x00,0x00,0x00, 
	0x00,0x00,0x00,0x00, 
	0x00,0x00,0x00,0x00, 
	0x00,0x00,0x00,0x00, 
	0x00,0x00,0x00,0x00, 
	0x00,0x00,0x00,0x00, 
	0x00,0x00,0x00,0x00, 
	0x00,0x00,0x00,0x00, 
	0x00,0x00,0x00,0x00, 
	0x00,0x00,0x00,0x00, 
	0x00,0x00,0x00,0x00, 
	0x00,0x00,0x00,0x00, 
	0x00,0x00,0x00,0x00, 
	0x00,0x00,0x00,0x00, 
	0x00,0x00,0x00,0x00, 
	0x00,0x00,0x00,0x00, 
	0x00,0x00,0x00,0x00, 
	0x00,0x00,0x00,0x00, 
	0x00,0x00,0x00,0x00, 
	0x00,0x00,0x00,0x00, 
	0x00,0x00,0x00,0x00, 
	0x00,0x00,0x00,0x00, 
	0x00,0x00,0x00,0x00, 
	0x00,0x00,0x00,0x00, 
	0x00,0x00,0x00,0x00, 
	0x00,0x00,0x00,0x00, 
	0x00,0x00,0x00,0x00, 
	0x00,0x00,0x00,0x00, 
	0x00,0x00,0x00,0x00, 
	0x00,0x00,0x00,0x00, 
	0x00,0x00,0x00,0x00, 
	0x00,0x00,0x00,0x00, 
	0x00,0x00,0x00,0x00, 
	0x00,0x00,0x00,0x00, 
	0x00,0x00,0x00,0x00, 
	0x00,0x00,0x00,0x00, 
	0x00,0x00,0x00,0x00, 
	0x00,0x00,0x00,0x00, 
	0x00,0x00,0x00,0x00, 
	0x00,0x00,0x00,0x00, 
	0x00,0x00,0x00,0x00, 
	0x00,0x00,0x00,0x00, 
	0x00,0x00,0x00,0x00, 
	0x00,0x00,0x00,0x00, 
	0x00,0x00,0x00,0x00, 
	0x00,0x00,0x00,0x00, 
	0x00,0x00,0x00,0x00, 
	0x00,0x00,0x00,0x00, 
	0x00,0x00,0x00,0x00, 
	0x00,0x00,0x00,0x00, 
	0x00,0x00,0x00,0x00, 
	0x00,0x00,0x00,0x00, 
	0x00,0x00,0x00,0x00, 
	0x00,0x00,0x00,0x00, 
	0x00,0x00,0x00,0x00, 
	0x00,0x00,0x00,0x00, 
	0x00,0x00,0x00,0x00, 
	0x00,0x00,0x00,0x00, 
	0x00,0x00,0x00,0x00, 
	0x00,0x00,0x00,0x00, 
	0x00,0x00,0x00,0x00, 
	0x00,0x00,0x00,0x00, 
	0x00,0x00,0x00,0x00, 
	0x00,0x00,0x00,0x00, 
	0x00,0x00,0x00,0x00, 
	0x00,0x00,0x00,0x00, 
	0x00,0x00,0x00,0x00, 
	0x00,0x00,0x00,0x00, 
	0x00,0x00,0x00,0x00, 
	0x00,0x00,0x00,0x00, 
	0x00,0x00,0x00,0x00, 
	0x00,0x00,0x00,0x00, 
	0x00,0x00,0x00,0x00, 
	0x00,0x00,0x00,0x00, 
	0x00,0x00,0x00,0x00, 
	0x00,0x00,0x00,0x00, 
	0x00,0x00,0x00,0x00, 
	0x00,0x00,0x00,0x00, 
	0x00,0x00,0x00,0x00, 
	0x00,0x00,0x00,0x00, 
	0x00,0x00,0x00,0x00, 
	0x00,0x00,0x00,0x00, 
	0x00,0x00,0x00,0x00, 
	0x00,0x00,0x00,0x00, 
	0x00,0x00,0x00,0x00, 
	0x00,0x00,0x00,0x00, 
	0x00,0x00,0x00,0x00, 
	0x00,0x00,0x00,0x00, 
	0x00,0x00,0x00,0x00, 
	0x00,0x00,0x00,0x00, 
	0x00,0x00,0x00,0x00, 
	0x00,0x00,0x00,0x00, 
	0x00,0x00,0x00,0x00, 
	0x00,0x00,0x00,0x00, 
	0x00,0x00,0x00,0x00, 
	0x00,0x00,0x00,0x00, 
	0x00,0x00,0x00,0x00, 
	0x00,0x00,0x00,0x00, 
	0x00,0x00,0x00,0x00, 
	0x00,0x00,0x00,0x00, 
	0x00,0x00,0x00,0x00, 
	0x00,0x00,0x00,0x00, 
	0x00,0x00,0x00,0x00, 
	0x00,0x00,0x00,0x00, 
	0x00,0x00,0x00,0x00, 
	0x00,0x00,0x00,0x00, 
	0x00,0x00,0x00,0x00, 
	0x00,0x00,0x00,0x00, 
	0x00,0x00,0x00,0x00, 
	0x00,0x00,0x00,0x00, 
	0x00,0x00,0x00,0x00, 
	0x00,0x00,0x00,0x00, 
	0x00,0x00,0x00,0x00, 
	0x00,0x00,0x00,0x00, 
	0x00,0x00,0x00,0x00, 
	0x00,0x00,0x00,0x00, 
	0x00,0x00,0x00,0x00, 
	0x00,0x00,0x00,0x00, 
	0x00,0x00,0x00,0x00, 
	0x00,0x00,0x00,0x00, 
	0x00,0x00,0x00,0x00, 
	0x00,0x00,0x00,0x00, 
	0x00,0x00,0x00,0x00, 
	0x00,0x00,0x00,0x00, 
	0x00,0x00,0x00,0x00, 
	0x00,0x00,0x00,0x00, 
	0x00,0x00,0x00,0x00, 
	0x00,0x00,0x00,0x00, 
	0x00,0x00,0x00,0x00, 
	0x00,0x00,0x00,0x00, 
	0x00,0x00,0x00,0x00, 
	0x00,0x00,0x00,0x00, 
	0x00,0x00,0x00,0x00, 
	0x00,0x00,0x00,0x00, 
	0x00,0x00,0x00,0x00, 
	0x00,0x00,0x00,0x00, 
	0x00,0x00,0x00,0x00, 
	0x00,0x00,0x00,0x00, 
	0x00,0x00,0x00,0x00, 
	0x00,0x00,0x00,0x00, 
	0x00,0x00,0x00,0x00, 
	0x00,0x00,0x00,0x00, 
	0x00,0x00,0x00,0x00, 
	0x00,0x00,0x00,0x00, 
	0x00,0x00,0x00,0x00, 
	0x00,0x00,0x00,0x00, 
	0x00,0x00,0x00,0x00, 
	0x00,0x00,0x00,0x00, 
	0x00,0x00,0x00,0x00, 
	0x00,0x00,0x00,0x00, 
	0x00,0x00,0x00,0x00, 
	0x00,0x00,0x00,0x00, 
	0x00,0x00,0x00,0x00, 
	0x00,0x00,0x00,0x00, 
	0x00,0x00,0x00,0x00, 
	0x00,0x00,0x00,0x00, 
	0x00,0x00,0x00,0x00, 
	0x00,0x00,0x00,0x00, 
	0x00,0x00,0x00,0x00, 
	0x00,0x00,0x00,0x00, 
	0x00,0x00,0x00,0x00, 
	0x00,0x00,0x00,0x00, 
	0x00,0x00,0x00,0x00, 
	0x00,0x00,0x00,0x00, 
	0x00,0x00,0x00,0x00, 
	0x00,0x00,0x00,0x00, 
	0x00,0x00,0x00,0x00, 
	0x00,0x00,0x00,0x00, 
	0x00,0x00,0x00,0x00, 
	0x00,0x00,0x00,0x00, 
	0x00,0x00,0x00,0x00, 
	0x00,0x00,0x00,0x00, 
	0x00,0x00,0x00,0x00, 
	0x00,0x00,0x00,0x00, 
	0x00,0x00,0x00,0x00, 
	0x00,0x00,0x00,0x00, 
	0x00,0x00,0x00,0x00, 
	0x00,0x00,0x00,0x00, 
	0x00,0x00,0x00,0x00, 
	0x00,0x00,0x00,0x00, 
	0x00,0x00,0x00,0x00, 
	0x00,0x00,0x00,0x00, 
	0x00,0x00,0x00,0x00, 
	0x00,0x00,0x00,0x00, 
	0x00,0x00,0x00,0x00, 
	0x00,0x00,0x00,0x00, 
	0x00,0x00,0x00,0x00, 
	0x00,0x00,0x00,0x00, 
	0x00,0x00,0x00,0x00, 
	0x00,0x00,0x00,0x00, 
	0x00,0x00,0x00,0x00, 
	0x00,0x00,0x00,0x00, 
	0x00,0x00,0x00,0x00, 
	0x00,0x00,0x00,0x00, 
	0x00,0x00,0x00,0x00, 
	0x00,0x00,0x00,0x00, 
	0x00,0x00,0x00,0x00, 
	0x00,0x00,0x00,0x00, 
	0x00,0x00,0x00,0x00, 
	0x00,0x00,0x00,0x00, 
	0x00,0x00,0x00,0x00, 
	0x00,0x00,0x00,0x00, 
	0x00,0x00,0x00,0x00, 
	0x00,0x00,0x00,0x00, 
	0x00,0x00,0x00,0x00, 
	0x00,0x00,0x00,0x00, 
	0x00,0x00,0x00,0x00, 
	0x00,0x00,0x00,0x00, 
	0x00,0x00,0x00,0x00, 
	0x00,0x00,0x00,0x00, 
	0x00,0x00,0x00,0x00, 
	0x00,0x00,0x00,0x00, 
	0x00,0x00,0x00,0x00, 
	0x00,0x00,0x00,0x00, 
	0x00,0x00,0x00,0x00, 
	0x00,0x00,0x00,0x00, 
	0x00,0x00,0x00,0x00, 
	0x00,0x00,0x00,0x00, 
	0x00,0x00,0x00,0x00, 
	0x00,0x00,0x00,0x00, 
	0x00,0x00,0x00,0x00, 
	0x00,0x00,0x00,0x00, 
	0x00,0x00,0x00,0x00, 
	0x00,0x00,0x00,0x00, 
	0x00,0x00,0x00,0x00, 
	0x00,0x00,0x00,0x00, 
	0x00,0x00,0x00,0x00, 
	0x00,0x00,0x00,0x00, 
	0x00,0x00,0x00,0x00, 
	0x00,0x00,0x00,0x00, 
	0x00,0x00,0x00,0x00, 
	0x00,0x00,0x00,0x00, 
	0x00,0x00,0x00,0x00, 
	0x00,0x00,0x00,0x00, 
	0x00,0x00,0x00,0x00, 
	0x00,0x00,0x00,0x00, 
	0x00,0x00,0x00,0x00, 
	0x00,0x00,0x00,0x00, 
	0x00,0x00,0x00,0x00, 
	0x00,0x00,0x00,0x00, 
	0x00,0x00,0x00,0x00, 
	0x00,0x00,0x00,0x00, 
	0x00,0x00,0x00,0x00, 
	0x00,0x00,0x00,0x00, 
	0x00,0x00,0x00,0x00, 
	0x00,0x00,0x00,0x00, 
	0x00,0x00,0x00,0x00, 
	0x00,0x00,0x00,0x00, 
	0x00,0x00,0x00,0x00, 
	0x00,0x00,0x00,0x00, 
	0x00,0x00,0x00,0x00, 
	0x00,0x00,0x00,0x00, 
	0x00,0x00,0x00,0x00, 
	0x00,0x00,0x00,0x00, 
	0x00,0x00,0x00,0x00, 
	0x00,0x00,0x00,0x00, 
	0x00,0x00,0x00,0x00, 
	0x00,0x00,0x00,0x00, 
	0x00,0x00,0x00,0x00, 
	0x00,0x00,0x00,0x00, 
	0x00,0x00,0x00,0x00, 
	0x00,0x00,0x00,0x00, 
	0x00,0x00,0x00,0x00, 
	0x00,0x00,0x00,0x00, 
	0x00,0x00,0x00,0x00, 
	0x00,0x00,0x00,0x00, 
	0x00,0x00,0x00,0x00, 
	0x00,0x00,0x00,0x00, 
	0x00,0x00,0x00,0x00, 
	0x00,0x00,0x00,0x00, 
	0x00,0x00,0x00,0x00, 
	0x00,0x00,0x00,0x00, 
	0x00,0x00,0x00,0x00, 
	0x00,0x00,0x00,0x00, 
	0x00,0x00,0x00,0x00, 
	0x00,0x00,0x00,0x00, 
	0x00,0x00,0x00,0x00, 
	0x00,0x00,0x00,0x00, 
	0x00,0x00,0x00,0x00, 
	0x00,0x00,0x00,0x00, 
	0x00,0x00,0x00,0x00, 
	0x00,0x00,0x00,0x00, 
	0x00,0x00,0x00,0x00, 
	0x00,0x00,0x00,0x00, 
	0x00,0x00,0x00,0x00, 
	0x00,0x00,0x00,0x00, 
	0x00,0x00,0x00,0x00, 
	0x00,0x00,0x00,0x00, 
	0x00,0x00,0x00,0x00, 
	0x00,0x00,0x00,0x00, 
	0x00,0x00,0x00,0x00, 
	0x00,0x00,0x00,0x00, 
	0x00,0x00,0x00,0x00, 
	0x00,0x00,0x00,0x00, 
	0x00,0x00,0x00,0x00, 
	0x00,0x00,0x00,0x00, 
	0x00,0x00,0x00,0x00, 
	0x00,0x00,0x00,0x00, 
	0x00,0x00,0x00,0x00, 
	0x00,0x00,0x00,0x00, 
	0x00,0x00,0x00,0x00, 
	0x00,0x00,0x00,0x00, 
	0x00,0x00,0x00,0x00, 
	0x00,0x00,0x00,0x00, 
	0x00,0x00,0x00,0x00, 
	0x00,0x00,0x00,0x00, 
	0x00,0x00,0x00,0x00, 
	0x00,0x00,0x00,0x00, 
	0x00,0x00,0x00,0x00, 
	0x00,0x00,0x00,0x00, 
	0x00,0x00,0x00,0x00, 
	0x00,0x00,0x00,0x00, 
	0x00,0x00,0x00,0x00, 
	0x00,0x00,0x00,0x00, 
	0x00,0x00,0x00,0x00, 
	0x00,0x00,0x00,0x00, 
	0x00,0x00,0x00,0x00, 
	0x00,0x00,0x00,0x00, 
	0x00,0x00,0x00,0x00, 
	0x00,0x00,0x00,0x00, 
	0x00,0x00,0x00,0x00, 
	0x00,0x00,0x00,0x00, 
	0x00,0x00,0x00,0x00, 
	0x00,0x00,0x00,0x00, 
	0x00,0x00,0x00,0x00, 
	0x00,0x00,0x00,0x00, 
	0x00,0x00,0x00,0x00, 
	0x00,0x00,0x00,0x00, 
	0x00,0x00,0x00,0x00, 
	0x00,0x00,0x00,0x00, 
	0x00,0x00,0x00,0x00, 
	0x00,0x00,0x00,0x00, 
	0x00,0x00,0x00,0x00, 
	0x00,0x00,0x00,0x00, 
	0x00,0x00,0x00,0x00, 
	0x00,0x00,0x00,0x00, 
	0x00,0x00,0x00,0x00, 
	0x00,0x00,0x00,0x00, 
	0x00,0x00,0x00,0x00, 
	0x00,0x00,0x00,0x00, 
	0x00,0x00,0x00,0x00, 
	0x00,0x00,0x00,0x00, 
	0x00,0x00,0x00,0x00, 
	0x00,0x00,0x00,0x00, 
	0x00,0x00,0x00,0x00, 
	0x00,0x00,0x00,0x00, 
	0x00,0x00,0x00,0x00, 
	0x00,0x00,0x00,0x00, 
	0x00,0x00,0x00,0x00, 
	0x00,0x00,0x00,0x00, 
	0x00,0x00,0x00,0x00, 
	0x00,0x00,0x00,0x00, 
	0x00,0x00,0x00,0x00, 
	0x00,0x00,0x00,0x00, 
	0x00,0x00,0x00,0x00, 
	0x00,0x00,0x00,0x00, 
	0x00,0x00,0x00,0x00, 
	0x00,0x00,0x00,0x00, 
	0x00,0x00,0x00,0x00, 
	0x00,0x00,0x00,0x00, 
	0x00,0x00,0x00,0x00, 
	0x00,0x00,0x00,0x00, 
	0x00,0x00,0x00,0x00, 
	0x00,0x00,0x00,0x00, 
	0x00,0x00,0x00,0x00, 
	0x00,0x00,0x00,0x00, 
	0x00,0x00,0x00,0x00, 
	0x00,0x00,0x00,0x00, 
	0x00,0x00,0x00,0x00, 
	0x00,0x00,0x00,0x00, 
	0x00,0x00,0x00,0x00, 
	0x00,0x00,0x00,0x00, 
	0x00,0x00,0x00,0x00, 
	0x00,0x00,0x00,0x00, 
	0x00,0x00,0x00,0x00, 
	0x00,0x00,0x00,0x00, 
	0x00,0x00,0x00,0x00, 
	0x00,0x00,0x00,0x00, 
	0x00,0x00,0x00,0x00, 
	0x00,0x00,0x00,0x00, 
	0x00,0x00,0x00,0x00, 
	0x00,0x00,0x00,0x00, 
	0x00,0x00,0x00,0x00, 
	0x00,0x00,0x00,0x00, 
	0x00,0x00,0x00,0x00, 
	0x00,0x00,0x00,0x00, 
	0x00,0x00,0x00,0x00, 
	0x00,0x00,0x00,0x00, 
	0x00,0x00,0x00,0x00, 
	0x00,0x00,0x00,0x00, 
	0x00,0x00,0x00,0x00, 
	0x00,0x00,0x00,0x00, 
	0x00,0x00,0x00,0x00, 
	0x00,0x00,0x00,0x00, 
	0x00,0x00,0x00,0x00, 
	0x00,0x00,0x00,0x00, 
	0x00,0x00,0x00,0x00, 
	0x00,0x00,0x00,0x00, 
	0x00,0x00,0x00,0x00, 
	0x00,0x00,0x00,0x00, 
	0x00,0x00,0x00,0x00, 
	0x00,0x00,0x00,0x00, 
	0x00,0x00,0x00,0x00, 
	0x00,0x00,0x00,0x00, 
	0x00,0x00,0x00,0x00, 
	0x00,0x00,0x00,0x00, 
	0x00,0x00,0x00,0x00, 
	0x00,0x00,0x00,0x00, 
	0x00,0x00,0x00,0x00, 
	0x00,0x00,0x00,0x00, 
	0x00,0x00,0x00,0x00, 
	0x00,0x00,0x00,0x00, 
	0x00,0x00,0x00,0x00, 
	0x00,0x00,0x00,0x00, 
	0x00,0x00,0x00,0x00, 
	0x00,0x00,0x00,0x00, 
	0x00,0x00,0x00,0x00, 
	0x00,0x00,0x00,0x00, 
	0x00,0x00,0x00,0x00, 
	0x00,0x00,0x00,0x00, 
	0x00,0x00,0x00,0x00, 
	0x00,0x00,0x00,0x00, 
	0x00,0x00,0x00,0x00, 
	0x00,0x00,0x00,0x00, 
	0x00,0x00,0x00,0x00, 
	0x00,0x00,0x00,0x00, 
	0x00,0x00,0x00,0x00, 
	0x00,0x00,0x00,0x00, 
	0x00,0x00,0x00,0x00, 
	0x00,0x00,0x00,0x00, 
	0x00,0x00,0x00,0x00, 
	0x00,0x00,0x00,0x00, 
	0x00,0x00,0x00,0x00, 
	0x00,0x00,0x00,0x00, 
	0x00,0x00,0x00,0x00, 
	0x00,0x00,0x00,0x00, 
	0x00,0x00,0x00,0x00, 
	0x00,0x00,0x00,0x00, 
	0x00,0x00,0x00,0x00, 
	0x00,0x00,0x00,0x00, 
	0x00,0x00,0x00,0x00, 
	0x00,0x00,0x00,0x00, 
	0x00,0x00,0x00,0x00, 
	0x00,0x00,0x00,0x00, 
	0x00,0x00,0x00,0x00, 
	0x00,0x00,0x00,0x00, 
	0x00,0x00,0x00,0x00, 
	0x00,0x00,0x00,0x00, 
	0x00,0x00,0x00,0x00, 
	0x00,0x00,0x00,0x00, 
	0x00,0x00,0x00,0x00, 
	0x00,0x00,0x00,0x00, 
	0x00,0x00,0x00,0x00, 
	0x00,0x00,0x00,0x00, 
	0x00,0x00,0x00,0x00, 
	0x00,0x00,0x00,0x00, 
	0x00,0x00,0x00,0x00, 
	0x00,0x00,0x00,0x00, 
	0x00,0x00,0x00,0x00, 
	0x00,0x00,0x00,0x00, 
	0x00,0x00,0x00,0x00, 
	0x00,0x00,0x00,0x00, 
	0x00,0x00,0x00,0x00, 
	0x00,0x00,0x00,0x00, 
	0x00,0x00,0x00,0x00, 
	0x00,0x00,0x00,0x00, 
	0x00,0x00,0x00,0x00, 
	0x00,0x00,0x00,0x00, 
	0x00,0x00,0x00,0x00, 
	0x00,0x00,0x00,0x00, 
	0x00,0x00,0x00,0x00, 
	0x00,0x00,0x00,0x00, 
	0x00,0x00,0x00,0x00, 
	0x00,0x00,0x00,0x00, 
	0x00,0x00,0x00,0x00, 
	0x00,0x00,0x00,0x00, 
	0x00,0x00,0x00,0x00, 
	0x00,0x00,0x00,0x00, 
	0x00,0x00,0x00,0x00, 
	0x00,0x00,0x00,0x00, 
	0x00,0x00,0x00,0x00, 
	0x00,0x00,0x00,0x00, 
	0x00,0x00,0x00,0x00, 
	0x00,0x00,0x00,0x00, 
	0x00,0x00,0x00,0x00, 
	0x00,0x00,0x00,0x00, 
	0x00,0x00,0x00,0x00, 
	0x00,0x00,0x00,0x00, 
	0x00,0x00,0x00,0x00, 
	0x00,0x00,0x00,0x00, 
	0x00,0x00,0x00,0x00, 
	0x00,0x00,0x00,0x00, 
	0x00,0x00,0x00,0x00, 
	0x00,0x00,0x00,0x00, 
	0x00,0x00,0x00,0x00, 
	0x00,0x00,0x00,0x00, 
	0x00,0x00,0x00,0x00, 
	0x00,0x00,0x00,0x00, 
	0x00,0x00,0x00,0x00, 
	0x00,0x00,0x00,0x00, 
	0x00,0x00,0x00,0x00, 
	0x00,0x00,0x00,0x00, 
	0x00,0x00,0x00,0x00, 
	0x00,0x00,0x00,0x00, 
	0x00,0x00,0x00,0x00, 
	0x00,0x00,0x00,0x00, 
	0x00,0x00,0x00,0x00, 
	0x00,0x00,0x00,0x00, 
	0x00,0x00,0x00,0x00, 
	0x00,0x00,0x00,0x00, 
	0x00,0x00,0x00,0x00, 
	0x00,0x00,0x00,0x00, 
	0x00,0x00,0x00,0x00, 
	0x00,0x00,0x00,0x00, 
	0x00,0x00,0x00,0x00, 
	0x00,0x00,0x00,0x00, 
	0x00,0x00,0x00,0x00, 
	0x00,0x00,0x00,0x00, 
	0x00,0x00,0x00,0x00, 
	0x00,0x00,0x00,0x00, 
	0x00,0x00,0x00,0x00, 
	0x00,0x00,0x00,0x00, 
	0x00,0x00,0x00,0x00, 
	0x00,0x00,0x00,0x00, 
	0x00,0x00,0x00,0x00, 
	0x00,0x00,0x00,0x00, 
	0x00,0x00,0x00,0x00, 
	0x00,0x00,0x00,0x00, 
	0x00,0x00,0x00,0x00, 
	0x00,0x00,0x00,0x00, 
	0x00,0x00,0x00,0x00, 
	0x00,0x00,0x00,0x00, 
	0x00,0x00,0x00,0x00, 
	0x00,0x00,0x00,0x00, 
	0x00,0x00,0x00,0x00, 
	0x00,0x00,0x00,0x00, 
	0x00,0x00,0x00,0x00, 
	0x00,0x00,0x00,0x00, 
	0x00,0x00,0x00,0x00, 
	0x00,0x00,0x00,0x00, 
	0x00,0x00,0x00,0x00, 
	0x00,0x00,0x00,0x00, 
	0x00,0x00,0x00,0x00, 
	0x00,0x00,0x00,0x00, 
	0x00,0x00,0x00,0x00, 
	0x00,0x00,0x00,0x00, 
	0x00,0x00,0x00,0x00, 
	0x00,0x00,0x00,0x00, 
	0x00,0x00,0x00,0x00, 
	0x00,0x00,0x00,0x00, 
	0x00,0x00,0x00,0x00, 
	0x00,0x00,0x00,0x00, 
	0x00,0x00,0x00,0x00, 
	0x00,0x00,0x00,0x00, 
	0x00,0x00,0x00,0x00, 
	0x00,0x00,0x00,0x00, 
	0x00,0x00,0x00,0x00, 
	0x00,0x00,0x00,0x00, 
	0x00,0x00,0x00,0x00, 
	0x00,0x00,0x00,0x00, 
	0x00,0x00,0x00,0x00, 
	0x00,0x00,0x00,0x00, 
	0x00,0x00,0x00,0x00, 
	0x00,0x00,0x00,0x00, 
	0x00,0x00,0x00,0x00, 
	0x00,0x00,0x00,0x00, 
	0x00,0x00,0x00,0x00, 
	0x00,0x00,0x00,0x00, 
	0x00,0x00,0x00,0x00, 
	0x00,0x00,0x00,0x00, 
	0x00,0x00,0x00,0x00, 
	0x00,0x00,0x00,0x00, 
	0x00,0x00,0x00,0x00, 
	0x00,0x00,0x00,0x00, 
	0x00,0x00,0x00,0x00, 
	0x00,0x00,0x00,0x00, 
	0x00,0x00,0x00,0x00, 
	0x00,0x00,0x00,0x00, 
	0x00,0x00,0x00,0x00, 
	0x00,0x00,0x00,0x00, 
	0x00,0x00,0x00,0x00, 
	0x00,0x00,0x00,0x00, 
	0x00,0x00,0x00,0x00, 
	0x00,0x00,0x00,0x00, 
	0x00,0x00,0x00,0x00, 
	0x00,0x00,0x00,0x00, 
	0x00,0x00,0x00,0x00, 
	0x00,0x00,0x00,0x00, 
	0x00,0x00,0x00,0x00, 
	0x00,0x00,0x00,0x00, 
	0x00,0x00,0x00,0x00, 
	0x00,0x00,0x00,0x00, 
	0x00,0x00,0x00,0x00, 
	0x00,0x00,0x00,0x00, 
	0x00,0x00,0x00,0x00, 
	0x00,0x00,0x00,0x00, 
	0x00,0x00,0x00,0x00, 
	0x00,0x00,0x00,0x00, 
	0x00,0x00,0x00,0x00, 
	0x00,0x00,0x00,0x00, 
	0x00,0x00,0x00,0x00, 
	0x00,0x00,0x00,0x00, 
	0x00,0x00,0x00,0x00, 
	0x00,0x00,0x00,0x00, 
	0x00,0x00,0x00,0x00, 
	0x00,0x00,0x00,0x00, 
	0x00,0x00,0x00,0x00, 
	0x00,0x00,0x00,0x00, 
	0x00,0x00,0x00,0x00, 
	0x00,0x00,0x00,0x00, 
	0x00,0x00,0x00,0x00, 
	0x00,0x00,0x00,0x00, 
	0x00,0x00,0x00,0x00, 
	0x00,0x00,0x00,0x00, 
	0x00,0x00,0x00,0x00, 
	0x00,0x00,0x00,0x00, 
	0x00,0x00,0x00,0x00, 
	0x00,0x00,0x00,0x00, 
	0x00,0x00,0x00,0x00, 
	0x00,0x00,0x00,0x00, 
	0x00,0x00,0x00,0x00, 
	0x00,0x00,0x00,0x00, 
	0x00,0x00,0x00,0x00, 
	0x00,0x00,0x00,0x00, 
	0x00,0x00,0x00,0x00, 
	0x00,0x00,0x00,0x00, 
	0x00,0x00,0x00,0x00, 
	0x00,0x00,0x00,0x00, 
	0x00,0x00,0x00,0x00, 
	0x00,0x00,0x00,0x00, 
	0x00,0x00,0x00,0x00, 
	0x00,0x00,0x00,0x00, 
	0x00,0x00,0x00,0x00, 
	0x00,0x00,0x00,0x00, 
	0x00,0x00,0x00,0x00, 
	0x00,0x00,0x00,0x00, 
	0x00,0x00,0x00,0x00, 
	0x00,0x00,0x00,0x00, 
	0x00,0x00,0x00,0x00, 
	0x00,0x00,0x00,0x00, 
	0x00,0x00,0x00,0x00, 
	0x00,0x00,0x00,0x00, 
	0x00,0x00,0x00,0x00, 
	0x00,0x00,0x00,0x00, 
	0x00,0x00,0x00,0x00, 
	0x00,0x00,0x00,0x00, 
	0x00,0x00,0x00,0x00, 
	0x00,0x00,0x00,0x00, 
	0x00,0x00,0x00,0x00, 
	0x00,0x00,0x00,0x00, 
	0x00,0x00,0x00,0x00, 
	0x00,0x00,0x00,0x00, 
	0x00,0x00,0x00,0x00, 
	0x00,0x00,0x00,0x00, 
	0x00,0x00,0x00,0x00, 
	0x00,0x00,0x00,0x00, 
	0x00,0x00,0x00,0x00, 
	0x00,0x00,0x00,0x00, 
	0x00,0x00,0x00,0x00, 
	0x00,0x00,0x00,0x00, 
	0x00,0x00,0x00,0x00, 
	0x00,0x00,0x00,0x00, 
	0x00,0x00,0x00,0x00, 
	0x00,0x00,0x00,0x00, 
	0x00,0x00,0x00,0x00, 
	0x00,0x00,0x00,0x00, 
	0x00,0x00,0x00,0x00, 
	0x00,0x00,0x00,0x00, 
	0x00,0x00,0x00,0x00, 
	0x00,0x00,0x00,0x00, 
	0x00,0x00,0x00,0x00, 
	0x00,0x00,0x00,0x00, 
	0x00,0x00,0x00,0x00, 
	0x00,0x00,0x00,0x00, 
	0x00,0x00,0x00,0x00, 
	0x00,0x00,0x00,0x00, 
	0x00,0x00,0x00,0x00, 
	0x00,0x00,0x00,0x00, 
	0x00,0x00,0x00,0x00, 
	0x00,0x00,0x00,0x00, 
	0x00,0x00,0x00,0x00, 
	0x00,0x00,0x00,0x00, 
	0x00,0x00,0x00,0x00, 
	0x00,0x00,0x00,0x00, 
	0x00,0x00,0x00,0x00, 
	0x00,0x00,0x00,0x00, 
	0x00,0x00,0x00,0x00, 
	0x00,0x00,0x00,0x00, 
	0x00,0x00,0x00,0x00, 
	0x00,0x00,0x00,0x00, 
	0x00,0x00,0x00,0x00, 
	0x00,0x00,0x00,0x00, 
	0x00,0x00,0x00,0x00, 
	0x00,0x00,0x00,0x00, 
	0x00,0x00,0x00,0x00, 
	0x00,0x00,0x00,0x00, 
	0x00,0x00,0x00,0x00, 
	0x00,0x00,0x00,0x00, 
	0x00,0x00,0x00,0x00, 
	0x00,0x00,0x00,0x00, 
	0x00,0x00,0x00,0x00, 
	0x00,0x00,0x00,0x00, 
	0x00,0x00,0x00,0x00, 
	0x00,0x00,0x00,0x00, 
	0x00,0x00,0x00,0x00, 
	0x00,0x00,0x00,0x00, 
	0x00,0x00,0x00,0x00, 
	0x00,0x00,0x00,0x00, 
	0x00,0x00,0x00,0x00, 
	0x00,0x00,0x00,0x00, 
	0x00,0x00,0x00,0x00, 
	0x00,0x00,0x00,0x00, 
	0x00,0x00,0x00,0x00, 
	0x00,0x00,0x00,0x00, 
	0x00,0x00,0x00,0x00, 
	0x00,0x00,0x00,0x00, 
	0x00,0x00,0x00,0x00, 
	0x00,0x00,0x00,0x00, 
	0x00,0x00,0x00,0x00, 
	0x00,0x00,0x00,0x00, 
	0x00,0x00,0x00,0x00, 
	0x00,0x00,0x00,0x00, 
	0x00,0x00,0x00,0x00, 
	0x00,0x00,0x00,0x00, 
	0x00,0x00,0x00,0x00, 
	0x00,0x00,0x00,0x00, 
	0x00,0x00,0x00,0x00, 
	0x00,0x00,0x00,0x00, 
	0x00,0x00,0x00,0x00, 
	0x00,0x00,0x00,0x00, 
	0x00,0x00,0x00,0x00, 
	0x00,0x00,0x00,0x00, 
	0x00,0x00,0x00,0x00, 
	0x00,0x00,0x00,0x00, 
	0x00,0x00,0x00,0x00, 
	0x00,0x00,0x00,0x00, 
	0x00,0x00,0x00,0x00, 
	0x00,0x00,0x00,0x00, 
	0x00,0x00,0x00,0x00, 
	0x00,0x00,0x00,0x00, 
	0x00,0x00,0x00,0x00, 
	0x00,0x00,0x00,0x00, 
	0x00,0x00,0x00,0x00, 
	0x00,0x00,0x00,0x00, 
	0x00,0x00,0x00,0x00, 
	0x00,0x00,0x00,0x00, 
	0x00,0x00,0x00,0x00, 
	0x00,0x00,0x00,0x00, 
	0x00,0x00,0x00,0x00, 
	0x00,0x00,0x00,0x00, 
	0x00,0x00,0x00,0x00, 
	0x00,0x00,0x00,0x00, 
	0x00,0x00,0x00,0x00, 
	0x00,0x00,0x00,0x00, 
	0x00,0x00,0x00,0x00, 
	0x00,0x00,0x00,0x00, 
	0x00,0x00,0x00,0x00, 
	0x00,0x00,0x00,0x00, 
	0x00,0x00,0x00,0x00, 
	0x00,0x00,0x00,0x00, 
	0x00,0x00,0x00,0x00, 
	0x00,0x00,0x00,0x00, 
	0x00,0x00,0x00,0x00, 
	0x00,0x00,0x00,0x00, 
	0x00,0x00,0x00,0x00, 
	0x00,0x00,0x00,0x00, 
	0x00,0x00,0x00,0x00, 
	0x00,0x00,0x00,0x00, 
	0x00,0x00,0x00,0x00, 
	0x00,0x00,0x00,0x00, 
	0x00,0x00,0x00,0x00, 
	0x00,0x00,0x00,0x00, 
	0x00,0x00,0x00,0x00, 
	0x00,0x00,0x00,0x00, 
	0x00,0x00,0x00,0x00, 
	0x00,0x00,0x00,0x00, 
	0x00,0x00,0x00,0x00, 
	0x00,0x00,0x00,0x00, 
	0x00,0x00,0x00,0x00, 
	0x00,0x00,0x00,0x00, 
	0x00,0x00,0x00,0x00, 
	0x00,0x00,0x00,0x00, 
	0x00,0x00,0x00,0x00, 
	0x00,0x00,0x00,0x00, 
	0x00,0x00,0x00,0x00, 
	0x00,0x00,0x00,0x00, 
	0x00,0x00,0x00,0x00, 
	0x00,0x00,0x00,0x00, 
	0x00,0x00,0x00,0x00, 
	0x00,0x00,0x00,0x00, 
	0x00,0x00,0x00,0x00, 
	0x00,0x00,0x00,0x00, 
	0x00,0x00,0x00,0x00, 
	0x00,0x00,0x00,0x00, 
	0x00,0x00,0x00,0x00, 
	0x00,0x00,0x00,0x00, 
	0x00,0x00,0x00,0x00, 
	0x00,0x00,0x00,0x00, 
	0x00,0x00,0x00,0x00, 
	0x00,0x00,0x00,0x00, 
	0x00,0x00,0x00,0x00, 
	0x00,0x00,0x00,0x00, 
	0x00,0x00,0x00,0x00, 
	0x00,0x00,0x00,0x00, 
	0x00,0x00,0x00,0x00, 
	0x00,0x00,0x00,0x00, 
	0x00,0x00,0x00,0x00, 
	0x00,0x00,0x00,0x00, 
	0x00,0x00,0x00,0x00, 
	0x00,0x00,0x00,0x00, 
	0x00,0x00,0x00,0x00, 
	0x00,0x00,0x00,0x00, 
	0x00,0x00,0x00,0x00, 
	0x00,0x00,0x00,0x00, 
	0x00,0x00,0x00,0x00, 
	0x00,0x00,0x00,0x00, 
	0x00,0x00,0x00,0x00, 
	0x00,0x00,0x00,0x00, 
	0x00,0x00,0x00,0x00, 
	0x00,0x00,0x00,0x00, 
	0x00,0x00,0x00,0x00, 
	0x00,0x00,0x00,0x00, 
	0x00,0x00,0x00,0x00, 
	0x00,0x00,0x00,0x00, 
	0x00,0x00,0x00,0x00, 
	0x00,0x00,0x00,0x00, 
	0x00,0x00,0x00,0x00, 
	0x00,0x00,0x00,0x00, 
	0x00,0x00,0x00,0x00, 
	0x00,0x00,0x00,0x00, 
	0x00,0x00,0x00,0x00, 
	0x00,0x00,0x00,0x00, 
	0x00,0x00,0x00,0x00, 
	0x00,0x00,0x00,0x00, 
	0x00,0x00,0x00,0x00, 
	0x00,0x00,0x00,0x00, 
	0x00,0x00,0x00,0x00, 
	0x00,0x00,0x00,0x00, 
	0x00,0x00,0x00,0x00, 
	0x00,0x00,0x00,0x00, 
	0x00,0x00,0x00,0x00, 
	0x00,0x00,0x00,0x00, 
	0x00,0x00,0x00,0x00, 
	0x00,0x00,0x00,0x00, 
	0x00,0x00,0x00,0x00, 
	0x00,0x00,0x00,0x00, 
	0x00,0x00,0x00,0x00, 
	0x00,0x00,0x00,0x00, 
	0x00,0x00,0x00,0x00, 
	0x00,0x00,0x00,0x00, 
	0x00,0x00,0x00,0x00, 
	0x00,0x00,0x00,0x00, 
	0x00,0x00,0x00,0x00, 
	0x00,0x00,0x00,0x00, 
	0x00,0x00,0x00,0x00, 
	0x00,0x00,0x00,0x00, 
	0x00,0x00,0x00,0x00, 
	0x00,0x00,0x00,0x00, 
	0x00,0x00,0x00,0x00, 
	0x00,0x00,0x00,0x00, 
	0x00,0x00,0x00,0x00, 
	0x00,0x00,0x00,0x00, 
	0x00,0x00,0x00,0x00, 
	0x00,0x00,0x00,0x00, 
	0x00,0x00,0x00,0x00, 
	0x00,0x00,0x00,0x00, 
	0x00,0x00,0x00,0x00, 
	0x00,0x00,0x00,0x00, 
	0x00,0x00,0x00,0x00, 
	0x00,0x00,0x00,0x00, 
	0x00,0x00,0x00,0x00, 
	0x00,0x00,0x00,0x00, 
	0x00,0x00,0x00,0x00, 
	0x00,0x00,0x00,0x00, 
	0x00,0x00,0x00,0x00, 
	0x00,0x00,0x00,0x00, 
	0x00,0x00,0x00,0x00, 
	0x00,0x00,0x00,0x00, 
	0x00,0x00,0x00,0x00, 
	0x00,0x00,0x00,0x00, 
	0x00,0x00,0x00,0x00, 
	0x00,0x00,0x00,0x00, 
	0x00,0x00,0x00,0x00, 
	0x00,0x00,0x00,0x00, 
	0x00,0x00,0x00,0x00, 
	0x00,0x00,0x00,0x00, 
	0x00,0x00,0x00,0x00, 
	0x00,0x00,0x00,0x00, 
	0x00,0x00,0x00,0x00, 
	0x00,0x00,0x00,0x00, 
	0x00,0x00,0x00,0x00, 
	0x00,0x00,0x00,0x00, 
	0x00,0x00,0x00,0x00, 
	0x00,0x00,0x00,0x00, 
	0x00,0x00,0x00,0x00, 
	0x00,0x00,0x00,0x00, 
	0x00,0x00,0x00,0x00, 
	0x00,0x00,0x00,0x00, 
	0x00,0x00,0x00,0x00, 
	0x00,0x00,0x00,0x00, 
	0x00,0x00,0x00,0x00, 
	0x00,0x00,0x00,0x00, 
	0x00,0x00,0x00,0x00, 
	0x00,0x00,0x00,0x00, 
	0x00,0x00,0x00,0x00, 
	0x00,0x00,0x00,0x00, 
	0x00,0x00,0x00,0x00, 
	0x00,0x00,0x00,0x00, 
	0x00,0x00,0x00,0x00, 
	0x00,0x00,0x00,0x00, 
	0x00,0x00,0x00,0x00, 
	0x00,0x00,0x00,0x00, 
	0x00,0x00,0x00,0x00, 
	0x00,0x00,0x00,0x00, 
	0x00,0x00,0x00,0x00, 
	0x00,0x00,0x00,0x00, 
	0x00,0x00,0x00,0x00, 
	0x00,0x00,0x00,0x00, 
	0x00,0x00,0x00,0x00, 
	0x00,0x00,0x00,0x00, 
	0x00,0x00,0x00,0x00, 
	0x00,0x00,0x00,0x00, 
	0x00,0x00,0x00,0x00, 
	0x00,0x00,0x00,0x00, 
	0x00,0x00,0x00,0x00, 
	0x00,0x00,0x00,0x00, 
	0x00,0x00,0x00,0x00, 
	0x00,0x00,0x00,0x00, 
	0x00,0x00,0x00,0x00, 
	0x00,0x00,0x00,0x00, 
	0x00,0x00,0x00,0x00, 
	0x00,0x00,0x00,0x00, 
	0x00,0x00,0x00,0x00, 
	0x00,0x00,0x00,0x00, 
	0x00,0x00,0x00,0x00, 
	0x00,0x00,0x00,0x00, 
	0x00,0x00,0x00,0x00, 
	0x00,0x00,0x00,0x00, 
	0x00,0x00,0x00,0x00, 
	0x00,0x00,0x00,0x00, 
	0x00,0x00,0x00,0x00, 
	0x00,0x00,0x00,0x00, 
	0x00,0x00,0x00,0x00, 
	0x00,0x00,0x00,0x00, 
	0x00,0x00,0x00,0x00, 
	0x00,0x00,0x00,0x00, 
	0x00,0x00,0x00,0x00, 
	0x00,0x00,0x00,0x00, 
	0x00,0x00,0x00,0x00, 
	0x00,0x00,0x00,0x00, 
	0x00,0x00,0x00,0x00, 
	0x00,0x00,0x00,0x00, 
	0x00,0x00,0x00,0x00, 
	0x00,0x00,0x00,0x00, 
	0x00,0x00,0x00,0x00, 
	0x00,0x00,0x00,0x00, 
	0x00,0x00,0x00,0x00, 
	0x00,0x00,0x00,0x00, 
	0x00,0x00,0x00,0x00, 
	0x00,0x00,0x00,0x00, 
	0x00,0x00,0x00,0x00, 
	0x00,0x00,0x00,0x00, 
	0x00,0x00,0x00,0x00, 
	0x00,0x00,0x00,0x00, 
	0x00,0x00,0x00,0x00, 
	0x00,0x00,0x00,0x00, 
	0x00,0x00,0x00,0x00, 
	0x00,0x00,0x00,0x00, 
	0x00,0x00,0x00,0x00, 
	0x00,0x00,0x00,0x00, 
	0x00,0x00,0x00,0x00, 
	0x00,0x00,0x00,0x00, 
	0x00,0x00,0x00,0x00, 
	0x00,0x00,0x00,0x00, 
	0x00,0x00,0x00,0x00, 
	0x00,0x00,0x00,0x00, 
	0x00,0x00,0x00,0x00, 
	0x00,0x00,0x00,0x00, 
	0x00,0x00,0x00,0x00, 
	0x00,0x00,0x00,0x00, 
	0x00,0x00,0x00,0x00, 
	0x00,0x00,0x00,0x00, 
	0x00,0x00,0x00,0x00, 
	0x00,0x00,0x00,0x00, 
	0x00,0x00,0x00,0x00, 
	0x00,0x00,0x00,0x00, 
	0x00,0x00,0x00,0x00, 
	0x00,0x00,0x00,0x00, 
	0x00,0x00,0x00,0x00, 
	0x00,0x00,0x00,0x00, 
	0x00,0x00,0x00,0x00, 
	0x00,0x00,0x00,0x00, 
	0x00,0x00,0x00,0x00, 
	0x00,0x00,0x00,0x00, 
	0x00,0x00,0x00,0x00, 
	0x00,0x00,0x00,0x00, 
	0x00,0x00,0x00,0x00, 
	0x00,0x00,0x00,0x00, 
	0x00,0x00,0x00,0x00, 
	0x00,0x00,0x00,0x00, 
	0x00,0x00,0x00,0x00, 
	0x00,0x00,0x00,0x00, 
	0x00,0x00,0x00,0x00, 
	0x00,0x00,0x00,0x00, 
	0x00,0x00,0x00,0x00, 
	0x00,0x00,0x00,0x00, 
	0x00,0x00,0x00,0x00, 
	0x00,0x00,0x00,0x00, 
	0x00,0x00,0x00,0x00, 
	0x00,0x00,0x00,0x00, 
	0x00,0x00,0x00,0x00, 
	0x00,0x00,0x00,0x00, 
	0x00,0x00,0x00,0x00, 
	0x00,0x00,0x00,0x00, 
	0x00,0x00,0x00,0x00, 
	0x00,0x00,0x00,0x00, 
	0x00,0x00,0x00,0x00, 
	0x00,0x00,0x00,0x00, 
	0x00,0x00,0x00,0x00, 
	0x00,0x00,0x00,0x00, 
	0x00,0x00,0x00,0x00, 
	0x00,0x00,0x00,0x00, 
	0x00,0x00,0x00,0x00, 
	0x00,0x00,0x00,0x00, 
	0x00,0x00,0x00,0x00, 
	0x00,0x00,0x00,0x00, 
	0x00,0x00,0x00,0x00, 
	0x00,0x00,0x00,0x00, 
	0x00,0x00,0x00,0x00, 
	0x00,0x00,0x00,0x00, 
	0x00,0x00,0x00,0x00, 
	0x00,0x00,0x00,0x00, 
	0x00,0x00,0x00,0x00, 
	0x00,0x00,0x00,0x00, 
	0x00,0x00,0x00,0x00, 
	0x00,0x00,0x00,0x00, 
	0x00,0x00,0x00,0x00, 
	0x00,0x00,0x00,0x00, 
	0x00,0x00,0x00,0x00, 
	0x00,0x00,0x00,0x00, 
	0x00,0x00,0x00,0x00, 
	0x00,0x00,0x00,0x00, 
	0x00,0x00,0x00,0x00, 
	0x00,0x00,0x00,0x00, 
	0x00,0x00,0x00,0x00, 
	0x00,0x00,0x00,0x00, 
	0x00,0x00,0x00,0x00, 
	0x00,0x00,0x00,0x00, 
	0x00,0x00,0x00,0x00, 
	0x00,0x00,0x00,0x00, 
	0x00,0x00,0x00,0x00, 
	0x00,0x00,0x00,0x00, 
	0x00,0x00,0x00,0x00, 
	0x00,0x00,0x00,0x00, 
	0x00,0x00,0x00,0x00, 
	0x00,0x00,0x00,0x00, 
	0x00,0x00,0x00,0x00, 
	0x00,0x00,0x00,0x00, 
	0x00,0x00,0x00,0x00, 
	0x00,0x00,0x00,0x00, 
	0x00,0x00,0x00,0x00, 
	0x00,0x00,0x00,0x00, 
	0x00,0x00,0x00,0x00, 
	0x00,0x00,0x00,0x00, 
	0x00,0x00,0x00,0x00, 
	0x00,0x00,0x00,0x00, 
	0x00,0x00,0x00,0x00, 
	0x00,0x00,0x00,0x00, 
	0x00,0x00,0x00,0x00, 
	0x00,0x00,0x00,0x00, 
	0x00,0x00,0x00,0x00, 
	0x00,0x00,0x00,0x00, 
	0x00,0x00,0x00,0x00, 
	0x00,0x00,0x00,0x00, 
	0x00,0x00,0x00,0x00, 
	0x00,0x00,0x00,0x00, 
	0x00,0x00,0x00,0x00, 
	0x00,0x00,0x00,0x00, 
	0x00,0x00,0x00,0x00, 
	0x00,0x00,0x00,0x00, 
	0x00,0x00,0x00,0x00, 
	0x00,0x00,0x00,0x00, 
	0x00,0x00,0x00,0x00, 
	0x00,0x00,0x00,0x00, 
	0x00,0x00,0x00,0x00, 
	0x00,0x00,0x00,0x00, 
	0x00,0x00,0x00,0x00, 
	0x00,0x00,0x00,0x00, 
	0x00,0x00,0x00,0x00, 
	0x00,0x00,0x00,0x00, 
	0x00,0x00,0x00,0x00, 
	0x00,0x00,0x00,0x00, 
	0x00,0x00,0x00,0x00, 
	0x00,0x00,0x00,0x00, 
	0x00,0x00,0x00,0x00, 
	0x00,0x00,0x00,0x00, 
	0x00,0x00,0x00,0x00, 
	0x00,0x00,0x00,0x00, 
	0x00,0x00,0x00,0x00, 
	0x00,0x00,0x00,0x00, 
	0x00,0x00,0x00,0x00, 
	0x00,0x00,0x00,0x00, 
	0x00,0x00,0x00,0x00, 
	0x00,0x00,0x00,0x00, 
	0x00,0x00,0x00,0x00, 
	0x00,0x00,0x00,0x00, 
	0x00,0x00,0x00,0x00, 
	0x00,0x00,0x00,0x00, 
	0x00,0x00,0x00,0x00, 
	0x00,0x00,0x00,0x00, 
	0x00,0x00,0x00,0x00, 
	0x00,0x00,0x00,0x00, 
	0x00,0x00,0x00,0x00, 
	0x00,0x00,0x00,0x00, 
	0x00,0x00,0x00,0x00, 
	0x00,0x00,0x00,0x00, 
	0x00,0x00,0x00,0x00, 
	0x00,0x00,0x00,0x00, 
	0x00,0x00,0x00,0x00, 
	0x00,0x00,0x00,0x00, 
	0x00,0x00,0x00,0x00, 
	0x00,0x00,0x00,0x00, 
	0x00,0x00,0x00,0x00, 
	0x00,0x00,0x00,0x00, 
	0x00,0x00,0x00,0x00, 
	0x00,0x00,0x00,0x00, 
	0x00,0x00,0x00,0x00, 
	0x00,0x00,0x00,0x00, 
	0x00,0x00,0x00,0x00, 
	0x00,0x00,0x00,0x00, 
	0x00,0x00,0x00,0x00, 
	0x00,0x00,0x00,0x00, 
	0x00,0x00,0x00,0x00, 
	0x00,0x00,0x00,0x00, 
	0x00,0x00,0x00,0x00, 
	0x00,0x00,0x00,0x00, 
	0x00,0x00,0x00,0x00, 
	0x00,0x00,0x00,0x00, 
	0x00,0x00,0x00,0x00, 
	0x00,0x00,0x00,0x00, 
	0x00,0x00,0x00,0x00, 
	0x00,0x00,0x00,0x00, 
	0x00,0x00,0x00,0x00, 
	0x00,0x00,0x00,0x00, 
	0x00,0x00,0x00,0x00, 
	0x00,0x00,0x00,0x00, 
	0x00,0x00,0x00,0x00, 
	0x00,0x00,0x00,0x00, 
	0x00,0x00,0x00,0x00, 
	0x00,0x00,0x00,0x00, 
	0x00,0x00,0x00,0x00, 
	0x00,0x00,0x00,0x00, 
	0x00,0x00,0x00,0x00, 
	0x00,0x00,0x00,0x00, 
	0x00,0x00,0x00,0x00, 
	0x00,0x00,0x00,0x00, 
	0x00,0x00,0x00,0x00, 
	0x00,0x00,0x00,0x00, 
	0x00,0x00,0x00,0x00, 
	0x00,0x00,0x00,0x00, 
	0x00,0x00,0x00,0x00, 
	0x00,0x00,0x00,0x00, 
	0x00,0x00,0x00,0x00, 
	0x00,0x00,0x00,0x00, 
	0x00,0x00,0x00,0x00, 
	0x00,0x00,0x00,0x00, 
	0x00,0x00,0x00,0x00, 
	0x00,0x00,0x00,0x00, 
	0x00,0x00,0x00,0x00, 
	0x00,0x00,0x00,0x00, 
	0x00,0x00,0x00,0x00, 
	0x00,0x00,0x00,0x00, 
	0x00,0x00,0x00,0x00, 
	0x00,0x00,0x00,0x00, 
	0x00,0x00,0x00,0x00, 
	0x00,0x00,0x00,0x00, 
	0x00,0x00,0x00,0x00, 
	0x00,0x00,0x00,0x00, 
	0x00,0x00,0x00,0x00, 
	0x00,0x00,0x00,0x00, 
	0x00,0x00,0x00,0x00, 
	0x00,0x00,0x00,0x00, 
	0x00,0x00,0x00,0x00, 
	0x00,0x00,0x00,0x00, 
	0x00,0x00,0x00,0x00, 
	0x00,0x00,0x00,0x00, 
	0x00,0x00,0x00,0x00, 
	0x00,0x00,0x00,0x00, 
	0x00,0x00,0x00,0x00, 
	0x00,0x00,0x00,0x00, 
	0x00,0x00,0x00,0x00, 
	0x00,0x00,0x00,0x00, 
	0x00,0x00,0x00,0x00, 
	0x00,0x00,0x00,0x00, 
	0x00,0x00,0x00,0x00, 
	0x00,0x00,0x00,0x00, 
	0x00,0x00,0x00,0x00, 
	0x00,0x00,0x00,0x00, 
	0x00,0x00,0x00,0x00, 
	0x00,0x00,0x00,0x00, 
	0x00,0x00,0x00,0x00, 
	0x00,0x00,0x00,0x00, 
	0x00,0x00,0x00,0x00, 
	0x00,0x00,0x00,0x00, 
	0x00,0x00,0x00,0x00, 
	0x00,0x00,0x00,0x00, 
	0x00,0x00,0x00,0x00, 
	0x00,0x00,0x00,0x00, 
	0x00,0x00,0x00,0x00, 
	0x00,0x00,0x00,0x00, 
	0x00,0x00,0x00,0x00, 
	0x00,0x00,0x00,0x00, 
	0x00,0x00,0x00,0x00, 
	0x00,0x00,0x00,0x00, 
	0x00,0x00,0x00,0x00, 
	0x00,0x00,0x00,0x00, 
	0x00,0x00,0x00,0x00, 
	0x00,0x00,0x00,0x00, 
	0x00,0x00,0x00,0x00, 
	0x00,0x00,0x00,0x00, 
	0x00,0x00,0x00,0x00, 
	0x00,0x00,0x00,0x00, 
	0x00,0x00,0x00,0x00, 
	0x00,0x00,0x00,0x00, 
	0x00,0x00,0x00,0x00, 
	0x00,0x00,0x00,0x00, 
	0x00,0x00,0x00,0x00, 
	0x00,0x00,0x00,0x00, 
	0x00,0x00,0x00,0x00, 
	0x00,0x00,0x00,0x00, 
	0x00,0x00,0x00,0x00, 
	0x00,0x00,0x00,0x00, 
	0x00,0x00,0x00,0x00, 
	0x00,0x00,0x00,0x00, 
	0x00,0x00,0x00,0x00, 
	0x00,0x00,0x00,0x00, 
	0x00,0x00,0x00,0x00, 
	0x00,0x00,0x00,0x00, 
	0x00,0x00,0x00,0x00, 
	0x00,0x00,0x00,0x00, 
	0x00,0x00,0x00,0x00, 
	0x00,0x00,0x00,0x00, 
	0x00,0x00,0x00,0x00, 
	0x00,0x00,0x00,0x00, 
	0x00,0x00,0x00,0x00, 
	0x00,0x00,0x00,0x00, 
	0x00,0x00,0x00,0x00, 
	0x00,0x00,0x00,0x00, 
	0x00,0x00,0x00,0x00, 
	0x00,0x00,0x00,0x00, 
	0x00,0x00,0x00,0x00, 
	0x00,0x00,0x00,0x00, 
	0x00,0x00,0x00,0x00, 
	0x00,0x00,0x00,0x00, 
	0x00,0x00,0x00,0x00, 
	0x00,0x00,0x00,0x00, 
	0x00,0x00,0x00,0x00, 
	0x00,0x00,0x00,0x00, 
	0x00,0x00,0x00,0x00, 
	0x00,0x00,0x00,0x00, 
	0x00,0x00,0x00,0x00, 
	0x00,0x00,0x00,0x00, 
	0x00,0x00,0x00,0x00, 
	0x00,0x00,0x00,0x00, 
	0x00,0x00,0x00,0x00, 
	0x00,0x00,0x00,0x00, 
	0x00,0x00,0x00,0x00, 
	0x00,0x00,0x00,0x00, 
	0x00,0x00,0x00,0x00, 
	0x00,0x00,0x00,0x00, 
	0x00,0x00,0x00,0x00, 
	0x00,0x00,0x00,0x00, 
	0x00,0x00,0x00,0x00, 
	0x00,0x00,0x00,0x00, 
	0x00,0x00,0x00,0x00, 
	0x00,0x00,0x00,0x00, 
	0x00,0x00,0x00,0x00, 
	0x00,0x00,0x00,0x00, 
	0x00,0x00,0x00,0x00, 
	0x00,0x00,0x00,0x00, 
	0x00,0x00,0x00,0x00, 
	0x00,0x00,0x00,0x00, 
	0x00,0x00,0x00,0x00, 
	0x00,0x00,0x00,0x00, 
	0x00,0x00,0x00,0x00, 
	0x00,0x00,0x00,0x00, 
	0x00,0x00,0x00,0x00, 
	0x00,0x00,0x00,0x00, 
	0x00,0x00,0x00,0x00, 
	0x00,0x00,0x00,0x00, 
	0x00,0x00,0x00,0x00, 
	0x00,0x00,0x00,0x00, 
	0x00,0x00,0x00,0x00, 
	0x00,0x00,0x00,0x00, 
	0x00,0x00,0x00,0x00, 
	0x00,0x00,0x00,0x00, 
	0x00,0x00,0x00,0x00, 
	0x00,0x00,0x00,0x00, 
	0x00,0x00,0x00,0x00, 
	0x00,0x00,0x00,0x00, 
	0x00,0x00,0x00,0x00, 
	0x00,0x00,0x00,0x00, 
	0x00,0x00,0x00,0x00, 
	0x00,0x00,0x00,0x00, 
	0x00,0x00,0x00,0x00, 
	0x00,0x00,0x00,0x00, 
	0x00,0x00,0x00,0x00, 
	0x00,0x00,0x00,0x00, 
	0x00,0x00,0x00,0x00, 
	0x00,0x00,0x00,0x00, 
	0x00,0x00,0x00,0x00, 
	0x00,0x00,0x00,0x00, 
	0x00,0x00,0x00,0x00, 
	0x00,0x00,0x00,0x00, 
	0x00,0x00,0x00,0x00, 
	0x00,0x00,0x00,0x00, 
	0x00,0x00,0x00,0x00, 
	0x00,0x00,0x00,0x00, 
	0x00,0x00,0x00,0x00, 
	0x00,0x00,0x00,0x00, 
	0x00,0x00,0x00,0x00, 
	0x00,0x00,0x00,0x00, 
	0x00,0x00,0x00,0x00, 
	0x00,0x00,0x00,0x00, 
	0x00,0x00,0x00,0x00, 
	0x00,0x00,0x00,0x00, 
	0x00,0x00,0x00,0x00, 
	0x00,0x00,0x00,0x00, 
	0x00,0x00,0x00,0x00, 
	0x00,0x00,0x00,0x00, 
	0x00,0x00,0x00,0x00, 
	0x00,0x00,0x00,0x00, 
	0x00,0x00,0x00,0x00, 
	0x00,0x00,0x00,0x00, 
	0x00,0x00,0x00,0x00, 
	0x00,0x00,0x00,0x00, 
	0x00,0x00,0x00,0x00, 
	0x00,0x00,0x00,0x00, 
	0x00,0x00,0x00,0x00, 
	0x00,0x00,0x00,0x00, 
	0x00,0x00,0x00,0x00, 
	0x00,0x00,0x00,0x00, 
	0x00,0x00,0x00,0x00, 
	0x00,0x00,0x00,0x00, 
	0x00,0x00,0x00,0x00, 
	0x00,0x00,0x00,0x00, 
	0x00,0x00,0x00,0x00, 
	0x00,0x00,0x00,0x00, 
	0x00,0x00,0x00,0x00, 
	0x00,0x00,0x00,0x00, 
	0x00,0x00,0x00,0x00, 
	0x00,0x00,0x00,0x00, 
	0x00,0x00,0x00,0x00, 
	0x00,0x00,0x00,0x00, 
	0x00,0x00,0x00,0x00, 
	0x00,0x00,0x00,0x00, 
	0x00,0x00,0x00,0x00, 
	0x00,0x00,0x00,0x00, 
	0x00,0x00,0x00,0x00, 
	0x00,0x00,0x00,0x00, 
	0x00,0x00,0x00,0x00, 
	0x00,0x00,0x00,0x00, 
	0x00,0x00,0x00,0x00, 
	0x00,0x00,0x00,0x00, 
	0x00,0x00,0x00,0x00, 
	0x00,0x00,0x00,0x00, 
	0x00,0x00,0x00,0x00, 
	0x00,0x00,0x00,0x00, 
	0x00,0x00,0x00,0x00, 
	0x00,0x00,0x00,0x00, 
	0x00,0x00,0x00,0x00, 
	0x00,0x00,0x00,0x00, 
	0x00,0x00,0x00,0x00, 
	0x00,0x00,0x00,0x00, 
	0x00,0x00,0x00,0x00, 
	0x00,0x00,0x00,0x00, 
	0x00,0x00,0x00,0x00, 
	0x00,0x00,0x00,0x00, 
	0x00,0x00,0x00,0x00, 
	0x00,0x00,0x00,0x00, 
	0x00,0x00,0x00,0x00, 
	0x00,0x00,0x00,0x00, 
	0x00,0x00,0x00,0x00, 
	0x00,0x00,0x00,0x00, 
	0x00,0x00,0x00,0x00, 
	0x00,0x00,0x00,0x00, 
	0x00,0x00,0x00,0x00, 
	0x00,0x00,0x00,0x00, 
	0x00,0x00,0x00,0x00, 
	0x00,0x00,0x00,0x00, 
	0x00,0x00,0x00,0x00, 
	0x00,0x00,0x00,0x00, 
	0x00,0x00,0x00,0x00, 
	0x00,0x00,0x00,0x00, 
	0x00,0x00,0x00,0x00, 
	0x00,0x00,0x00,0x00, 
	0x00,0x00,0x00,0x00, 
	0x00,0x00,0x00,0x00, 
	0x00,0x00,0x00,0x00, 
	0x00,0x00,0x00,0x00, 
	0x00,0x00,0x00,0x00, 
	0x00,0x00,0x00,0x00, 
	0x00,0x00,0x00,0x00, 
	0x00,0x00,0x00,0x00, 
	0x00,0x00,0x00,0x00, 
	0x00,0x00,0x00,0x00, 
	0x00,0x00,0x00,0x00, 
	0x00,0x00,0x00,0x00, 
	0x00,0x00,0x00,0x00, 
	0x00,0x00,0x00,0x00, 
	0x00,0x00,0x00,0x00, 
	0x00,0x00,0x00,0x00, 
	0x00,0x00,0x00,0x00, 
	0x00,0x00,0x00,0x00, 
	0x00,0x00,0x00,0x00, 
	0x00,0x00,0x00,0x00, 
	0x00,0x00,0x00,0x00, 
	0x00,0x00,0x00,0x00, 
	0x00,0x00,0x00,0x00, 
	0x00,0x00,0x00,0x00, 
	0x00,0x00,0x00,0x00, 
	0x00,0x00,0x00,0x00, 
	0x00,0x00,0x00,0x00, 
	0x00,0x00,0x00,0x00, 
	0x00,0x00,0x00,0x00, 
	0x00,0x00,0x00,0x00, 
	0x00,0x00,0x00,0x00, 
	0x00,0x00,0x00,0x00, 
	0x00,0x00,0x00,0x00, 
	0x00,0x00,0x00,0x00, 
	0x00,0x00,0x00,0x00, 
	0x00,0x00,0x00,0x00, 
	0x00,0x00,0x00,0x00, 
	0x00,0x00,0x00,0x00, 
	0x00,0x00,0x00,0x00, 
	0x00,0x00,0x00,0x00, 
	0x00,0x00,0x00,0x00, 
	0x00,0x00,0x00,0x00, 
	0x00,0x00,0x00,0x00, 
	0x00,0x00,0x00,0x00, 
	0x00,0x00,0x00,0x00, 
	0x00,0x00,0x00,0x00, 
	0x00,0x00,0x00,0x00, 
	0x00,0x00,0x00,0x00, 
	0x00,0x00,0x00,0x00, 
	0x00,0x00,0x00,0x00, 
	0x00,0x00,0x00,0x00, 
	0x00,0x00,0x00,0x00, 
	0x00,0x00,0x00,0x00, 
	0x00,0x00,0x00,0x00, 
	0x00,0x00,0x00,0x00, 
	0x00,0x00,0x00,0x00, 
	0x00,0x00,0x00,0x00, 
	0x00,0x00,0x00,0x00, 
	0x00,0x00,0x00,0x00, 
	0x00,0x00,0x00,0x00, 
	0x00,0x00,0x00,0x00, 
	0x00,0x00,0x00,0x00, 
	0x00,0x00,0x00,0x00, 
	0x00,0x00,0x00,0x00, 
	0x00,0x00,0x00,0x00, 
	0x00,0x00,0x00,0x00, 
	0x00,0x00,0x00,0x00, 
	0x00,0x00,0x00,0x00, 
	0x00,0x00,0x00,0x00, 
	0x00,0x00,0x00,0x00, 
	0x00,0x00,0x00,0x00, 
	0x00,0x00,0x00,0x00, 
	0x00,0x00,0x00,0x00, 
	0x00,0x00,0x00,0x00, 
	0x00,0x00,0x00,0x00, 
	0x00,0x00,0x00,0x00, 
	0x00,0x00,0x00,0x00, 
	0x00,0x00,0x00,0x00, 
	0x00,0x00,0x00,0x00, 
	0x00,0x00,0x00,0x00, 
	0x00,0x00,0x00,0x00, 
	0x00,0x00,0x00,0x00, 
	0x00,0x00,0x00,0x00, 
	0x00,0x00,0x00,0x00, 
	0x00,0x00,0x00,0x00, 
	0x00,0x00,0x00,0x00, 
	0x00,0x00,0x00,0x00, 
	0x00,0x00,0x00,0x00, 
	0x00,0x00,0x00,0x00, 
	0x00,0x00,0x00,0x00, 
	0x00,0x00,0x00,0x00, 
	0x00,0x00,0x00,0x00, 
	0x00,0x00,0x00,0x00, 
	0x00,0x00,0x00,0x00, 
	0x00,0x00,0x00,0x00, 
	0x00,0x00,0x00,0x00, 
	0x00,0x00,0x00,0x00, 
	0x00,0x00,0x00,0x00, 
	0x00,0x00,0x00,0x00, 
	0x00,0x00,0x00,0x00, 
	0x00,0x00,0x00,0x00, 
	0x00,0x00,0x00,0x00, 
	0x00,0x00,0x00,0x00, 
	0x00,0x00,0x00,0x00, 
	0x00,0x00,0x00,0x00, 
	0x00,0x00,0x00,0x00, 
	0x00,0x00,0x00,0x00, 
	0x00,0x00,0x00,0x00, 
	0x00,0x00,0x00,0x00, 
	0x00,0x00,0x00,0x00, 
	0x00,0x00,0x00,0x00, 
	0x00,0x00,0x00,0x00, 
	0x00,0x00,0x00,0x00, 
	0x00,0x00,0x00,0x00, 
	0x00,0x00,0x00,0x00, 
	0x00,0x00,0x00,0x00, 
	0x00,0x00,0x00,0x00, 
	0x00,0x00,0x00,0x00, 
	0x00,0x00,0x00,0x00, 
	0x00,0x00,0x00,0x00, 
	0x00,0x00,0x00,0x00, 
	0x00,0x00,0x00,0x00, 
	0x00,0x00,0x00,0x00, 
	0x00,0x00,0x00,0x00, 
	0x00,0x00,0x00,0x00, 
	0x00,0x00,0x00,0x00, 
	0x00,0x00,0x00,0x00, 
	0x00,0x00,0x00,0x00, 
	0x00,0x00,0x00,0x00, 
	0x00,0x00,0x00,0x00, 
	0x00,0x00,0x00,0x00, 
	0x00,0x00,0x00,0x00, 
	0x00,0x00,0x00,0x00, 
	0x00,0x00,0x00,0x00, 
	0x00,0x00,0x00,0x00, 
	0x00,0x00,0x00,0x00, 
	0x00,0x00,0x00,0x00, 
	0x00,0x00,0x00,0x00, 
	0x00,0x00,0x00,0x00, 
	0x00,0x00,0x00,0x00, 
	0x00,0x00,0x00,0x00, 
	0x00,0x00,0x00,0x00, 
	0x00,0x00,0x00,0x00, 
	0x00,0x00,0x00,0x00, 
	0x00,0x00,0x00,0x00, 
	0x00,0x00,0x00,0x00, 
	0x00,0x00,0x00,0x00, 
	0x00,0x00,0x00,0x00, 
	0x00,0x00,0x00,0x00, 
	0x00,0x00,0x00,0x00, 
	0x00,0x00,0x00,0x00, 
	0x00,0x00,0x00,0x00, 
	0x00,0x00,0x00,0x00, 
	0x00,0x00,0x00,0x00, 
	0x00,0x00,0x00,0x00, 
	0x00,0x00,0x00,0x00, 
	0x00,0x00,0x00,0x00, 
	0x00,0x00,0x00,0x00, 
	0x00,0x00,0x00,0x00, 
	0x00,0x00,0x00,0x00, 
	0x00,0x00,0x00,0x00, 
	0x00,0x00,0x00,0x00, 
	0x00,0x00,0x00,0x00, 
	0x00,0x00,0x00,0x00, 
	0x00,0x00,0x00,0x00, 
	0x00,0x00,0x00,0x00, 
	0x00,0x00,0x00,0x00, 
	0x00,0x00,0x00,0x00, 
	0x00,0x00,0x00,0x00, 
	0x00,0x00,0x00,0x00, 
	0x00,0x00,0x00,0x00, 
	0x00,0x00,0x00,0x00, 
	0x00,0x00,0x00,0x00, 
	0x00,0x00,0x00,0x00, 
	0x00,0x00,0x00,0x00, 
	0x00,0x00,0x00,0x00, 
	0x00,0x00,0x00,0x00, 
	0x00,0x00,0x00,0x00, 
	0x00,0x00,0x00,0x00, 
	0x00,0x00,0x00,0x00, 
	0x00,0x00,0x00,0x00, 
	0x00,0x00,0x00,0x00, 
	0x00,0x00,0x00,0x00, 
	0x00,0x00,0x00,0x00, 
	0x00,0x00,0x00,0x00, 
	0x00,0x00,0x00,0x00, 
	0x00,0x00,0x00,0x00, 
	0x00,0x00,0x00,0x00, 
	0x00,0x00,0x00,0x00, 
	0x00,0x00,0x00,0x00, 
	0x00,0x00,0x00,0x00, 
	0x00,0x00,0x00,0x00, 
	0x00,0x00,0x00,0x00, 
	0x00,0x00,0x00,0x00, 
	0x00,0x00,0x00,0x00, 
	0x00,0x00,0x00,0x00, 
	0x00,0x00,0x00,0x00, 
	0x00,0x00,0x00,0x00, 
	0x00,0x00,0x00,0x00, 
	0x00,0x00,0x00,0x00, 
	0x00,0x00,0x00,0x00, 
	0x00,0x00,0x00,0x00, 
	0x00,0x00,0x00,0x00, 
	0x00,0x00,0x00,0x00, 
	0x00,0x00,0x00,0x00, 
	0x00,0x00,0x00,0x00, 
	0x00,0x00,0x00,0x00, 
	0x00,0x00,0x00,0x00, 
	0x00,0x00,0x00,0x00, 
	0x00,0x00,0x00,0x00, 
	0x00,0x00,0x00,0x00, 
	0x00,0x00,0x00,0x00, 
	0x00,0x00,0x00,0x00, 
	0x00,0x00,0x00,0x00, 
	0x00,0x00,0x00,0x00, 
	0x00,0x00,0x00,0x00, 
	0x00,0x00,0x00,0x00, 
	0x00,0x00,0x00,0x00, 
	0x00,0x00,0x00,0x00, 
	0x00,0x00,0x00,0x00, 
	0x00,0x00,0x00,0x00, 
	0x00,0x00,0x00,0x00, 
	0x00,0x00,0x00,0x00, 
	0x00,0x00,0x00,0x00, 
	0x00,0x00,0x00,0x00, 
	0x00,0x00,0x00,0x00, 
	0x00,0x00,0x00,0x00, 
	0x00,0x00,0x00,0x00, 
	0x00,0x00,0x00,0x00, 
	0x00,0x00,0x00,0x00, 
	0x00,0x00,0x00,0x00, 
	0x00,0x00,0x00,0x00, 
	0x00,0x00,0x00,0x00, 
	0x00,0x00,0x00,0x00, 
	0x00,0x00,0x00,0x00, 
	0x00,0x00,0x00,0x00, 
	0x00,0x00,0x00,0x00, 
	0x00,0x00,0x00,0x00, 
	0x00,0x00,0x00,0x00, 
	0x00,0x00,0x00,0x00, 
	0x00,0x00,0x00,0x00, 
	0x00,0x00,0x00,0x00, 
	0x00,0x00,0x00,0x00, 
	0x00,0x00,0x00,0x00, 
	0x00,0x00,0x00,0x00, 
	0x00,0x00,0x00,0x00, 
	0x00,0x00,0x00,0x00, 
	0x00,0x00,0x00,0x00, 
	0x00,0x00,0x00,0x00, 
	0x00,0x00,0x00,0x00, 
	0x00,0x00,0x00,0x00, 
	0x00,0x00,0x00,0x00, 
	0x00,0x00,0x00,0x00, 
	0x00,0x00,0x00,0x00, 
	0x00,0x00,0x00,0x00, 
	0x00,0x00,0x00,0x00, 
	0x00,0x00,0x00,0x00, 
	0x00,0x00,0x00,0x00, 
	0x00,0x00,0x00,0x00, 
	0x00,0x00,0x00,0x00, 
	0x00,0x00,0x00,0x00, 
	0x00,0x00,0x00,0x00, 
	0x00,0x00,0x00,0x00, 
	0x00,0x00,0x00,0x00, 
	0x00,0x00,0x00,0x00, 
	0x00,0x00,0x00,0x00, 
	0x00,0x00,0x00,0x00, 
	0x00,0x00,0x00,0x00, 
	0x00,0x00,0x00,0x00, 
	0x00,0x00,0x00,0x00, 
	0x00,0x00,0x00,0x00, 
	0x00,0x00,0x00,0x00, 
	0x00,0x00,0x00,0x00, 
	0x00,0x00,0x00,0x00, 
	0x00,0x00,0x00,0x00, 
	0x00,0x00,0x00,0x00, 
	0x00,0x00,0x00,0x00, 
	0x00,0x00,0x00,0x00, 
	0x00,0x00,0x00,0x00, 
	0x00,0x00,0x00,0x00, 
	0x00,0x00,0x00,0x00, 
	0x00,0x00,0x00,0x00, 
	0x00,0x00,0x00,0x00, 
	0x00,0x00,0x00,0x00, 
	0x00,0x00,0x00,0x00, 
	0x00,0x00,0x00,0x00, 
	0x00,0x00,0x00,0x00, 
	0x00,0x00,0x00,0x00, 
	0x00,0x00,0x00,0x00, 
	0x00,0x00,0x00,0x00, 
	0x00,0x00,0x00,0x00, 
	0x00,0x00,0x00,0x00, 
	0x00,0x00,0x00,0x00, 
	0x00,0x00,0x00,0x00, 
	0x00,0x00,0x00,0x00, 
	0x00,0x00,0x00,0x00, 
	0x00,0x00,0x00,0x00, 
	0x00,0x00,0x00,0x00, 
	0x00,0x00,0x00,0x00, 
	0x00,0x00,0x00,0x00, 
	0x00,0x00,0x00,0x00, 
	0x00,0x00,0x00,0x00, 
	0x00,0x00,0x00,0x00, 
	0x00,0x00,0x00,0x00, 
	0x00,0x00,0x00,0x00, 
	0x00,0x00,0x00,0x00, 
	0x00,0x00,0x00,0x00, 
	0x00,0x00,0x00,0x00, 
	0x00,0x00,0x00,0x00, 
	0x00,0x00,0x00,0x00, 
	0x00,0x00,0x00,0x00, 
	0x00,0x00,0x00,0x00, 
	0x00,0x00,0x00,0x00, 
	0x00,0x00,0x00,0x00, 
	0x00,0x00,0x00,0x00, 
	0x00,0x00,0x00,0x00, 
	0x00,0x00,0x00,0x00, 
	0x00,0x00,0x00,0x00, 
	0x00,0x00,0x00,0x00, 
	0x00,0x00,0x00,0x00, 
	0x00,0x00,0x00,0x00, 
	0x00,0x00,0x00,0x00, 
	0x00,0x00,0x00,0x00, 
	0x00,0x00,0x00,0x00, 
	0x00,0x00,0x00,0x00, 
	0x00,0x00,0x00,0x00, 
	0x00,0x00,0x00,0x00, 
	0x00,0x00,0x00,0x00, 
	0x00,0x00,0x00,0x00, 
	0x00,0x00,0x00,0x00, 
	0x00,0x00,0x00,0x00, 
	0x00,0x00,0x00,0x00, 
	0x00,0x00,0x00,0x00, 
	0x00,0x00,0x00,0x00, 
	0x00,0x00,0x00,0x00, 
	0x00,0x00,0x00,0x00, 
	0x00,0x00,0x00,0x00, 
	0x00,0x00,0x00,0x00, 
	0x00,0x00,0x00,0x00, 
	0x00,0x00,0x00,0x00, 
	0x00,0x00,0x00,0x00, 
	0x00,0x00,0x00,0x00, 
	0x00,0x00,0x00,0x00, 
	0x00,0x00,0x00,0x00, 
	0x00,0x00,0x00,0x00, 
	0x00,0x00,0x00,0x00, 
	0x00,0x00,0x00,0x00, 
	0x00,0x00,0x00,0x00, 
	0x00,0x00,0x00,0x00, 
	0x00,0x00,0x00,0x00, 
	0x00,0x00,0x00,0x00, 
	0x00,0x00,0x00,0x00, 
	0x00,0x00,0x00,0x00, 
	0x00,0x00,0x00,0x00, 
	0x00,0x00,0x00,0x00, 
	0x00,0x00,0x00,0x00, 
	0x00,0x00,0x00,0x00, 
	0x00,0x00,0x00,0x00, 
	0x00,0x00,0x00,0x00, 
	0x00,0x00,0x00,0x00, 
	0x00,0x00,0x00,0x00, 
	0x00,0x00,0x00,0x00, 
	0x00,0x00,0x00,0x00, 
	0x00,0x00,0x00,0x00, 
	0x00,0x00,0x00,0x00, 
	0x00,0x00,0x00,0x00, 
	0x00,0x00,0x00,0x00, 
	0x00,0x00,0x00,0x00, 
	0x00,0x00,0x00,0x00, 
	0x00,0x00,0x00,0x00, 
	0x00,0x00,0x00,0x00, 
	0x00,0x00,0x00,0x00, 
	0x00,0x00,0x00,0x00, 
	0x00,0x00,0x00,0x00, 
	0x00,0x00,0x00,0x00, 
	0x00,0x00,0x00,0x00, 
	0x00,0x00,0x00,0x00, 
	0x00,0x00,0x00,0x00, 
	0x00,0x00,0x00,0x00, 
	0x00,0x00,0x00,0x00, 
	0x00,0x00,0x00,0x00, 
	0x00,0x00,0x00,0x00, 
	0x00,0x00,0x00,0x00, 
	0x00,0x00,0x00,0x00, 
	0x00,0x00,0x00,0x00, 
	0x00,0x00,0x00,0x00, 
	0x00,0x00,0x00,0x00, 
	0x00,0x00,0x00,0x00, 
	0x00,0x00,0x00,0x00, 
	0x00,0x00,0x00,0x00, 
	0x00,0x00,0x00,0x00, 
	0x00,0x00,0x00,0x00, 
	0x00,0x00,0x00,0x00, 
	0x00,0x00,0x00,0x00, 
	0x00,0x00,0x00,0x00, 
	0x00,0x00,0x00,0x00, 
	0x00,0x00,0x00,0x00, 
	0x00,0x00,0x00,0x00, 
	0x00,0x00,0x00,0x00, 
	0x00,0x00,0x00,0x00, 
	0x00,0x00,0x00,0x00, 
	0x00,0x00,0x00,0x00, 
	0x00,0x00,0x00,0x00, 
	0x00,0x00,0x00,0x00, 
	0x00,0x00,0x00,0x00, 
	0x00,0x00,0x00,0x00, 
	0x00,0x00,0x00,0x00, 
	0x00,0x00,0x00,0x00, 
	0x00,0x00,0x00,0x00, 
	0x00,0x00,0x00,0x00, 
	0x00,0x00,0x00,0x00, 
	0x00,0x00,0x00,0x00, 
	0x00,0x00,0x00,0x00, 
	0x00,0x00,0x00,0x00, 
	0x00,0x00,0x00,0x00, 
	0x00,0x00,0x00,0x00, 
	0x00,0x00,0x00,0x00, 
	0x00,0x00,0x00,0x00, 
	0x00,0x00,0x00,0x00, 
	0x00,0x00,0x00,0x00, 
	0x00,0x00,0x00,0x00, 
	0x00,0x00,0x00,0x00, 
	0x00,0x00,0x00,0x00, 
	0x00,0x00,0x00,0x00, 
	0x00,0x00,0x00,0x00, 
	0x00,0x00,0x00,0x00, 
	0x00,0x00,0x00,0x00, 
	0x00,0x00,0x00,0x00, 
	0x00,0x00,0x00,0x00, 
	0x00,0x00,0x00,0x00, 
	0x00,0x00,0x00,0x00, 
	0x00,0x00,0x00,0x00, 
	0x00,0x00,0x00,0x00, 
	0x00,0x00,0x00,0x00, 
	0x00,0x00,0x00,0x00, 
	0x00,0x00,0x00,0x00, 
	0x00,0x00,0x00,0x00, 
	0x00,0x00,0x00,0x00, 
	0x00,0x00,0x00,0x00, 
	0x00,0x00,0x00,0x00, 
	0x00,0x00,0x00,0x00, 
	0x00,0x00,0x00,0x00, 
	0x00,0x00,0x00,0x00, 
	0x00,0x00,0x00,0x00, 
	0x00,0x00,0x00,0x00, 
	0x00,0x00,0x00,0x00, 
	0x00,0x00,0x00,0x00, 
	0x00,0x00,0x00,0x00, 
	0x00,0x00,0x00,0x00, 
	0x00,0x00,0x00,0x00, 
	0x00,0x00,0x00,0x00, 
	0x00,0x00,0x00,0x00, 
	0x00,0x00,0x00,0x00, 
	0x00,0x00,0x00,0x00, 
	0x00,0x00,0x00,0x00, 
	0x00,0x00,0x00,0x00, 
	0x00,0x00,0x00,0x00, 
	0x00,0x00,0x00,0x00, 
	0x00,0x00,0x00,0x00, 
	0x00,0x00,0x00,0x00, 
	0x00,0x00,0x00,0x00, 
	0x00,0x00,0x00,0x00, 
	0x00,0x00,0x00,0x00, 
	0x00,0x00,0x00,0x00, 
	0x00,0x00,0x00,0x00, 
	0x00,0x00,0x00,0x00, 
	0x00,0x00,0x00,0x00, 
	0x00,0x00,0x00,0x00, 
	0x00,0x00,0x00,0x00, 
	0x00,0x00,0x00,0x00, 
	0x00,0x00,0x00,0x00, 
	0x00,0x00,0x00,0x00, 
	0x00,0x00,0x00,0x00, 
	0x00,0x00,0x00,0x00, 
	0x00,0x00,0x00,0x00, 
	0x00,0x00,0x00,0x00, 
	0x00,0x00,0x00,0x00, 
	0x00,0x00,0x00,0x00, 
	0x00,0x00,0x00,0x00, 
	0x00,0x00,0x00,0x00, 
	0x00,0x00,0x00,0x00, 
	0x00,0x00,0x00,0x00, 
	0x00,0x00,0x00,0x00, 
	0x00,0x00,0x00,0x00, 
	0x00,0x00,0x00,0x00, 
	0x00,0x00,0x00,0x00, 
	0x00,0x00,0x00,0x00, 
	0x00,0x00,0x00,0x00, 
	0x00,0x00,0x00,0x00, 
	0x00,0x00,0x00,0x00, 
	0x00,0x00,0x00,0x00, 
	0x00,0x00,0x00,0x00, 
	0x00,0x00,0x00,0x00, 
	0x00,0x00,0x00,0x00, 
	0x00,0x00,0x00,0x00, 
	0x00,0x00,0x00,0x00, 
	0x00,0x00,0x00,0x00, 
	0x00,0x00,0x00,0x00, 
	0x00,0x00,0x00,0x00, 
	0x00,0x00,0x00,0x00, 
	0x00,0x00,0x00,0x00, 
	0x00,0x00,0x00,0x00, 
	0x00,0x00,0x00,0x00, 
	0x00,0x00,0x00,0x00, 
	0x00,0x00,0x00,0x00, 
	0x00,0x00,0x00,0x00, 
	0x00,0x00,0x00,0x00, 
	0x00,0x00,0x00,0x00, 
	0x00,0x00,0x00,0x00, 
	0x00,0x00,0x00,0x00, 
	0x00,0x00,0x00,0x00, 
	0x00,0x00,0x00,0x00, 
	0x00,0x00,0x00,0x00, 
	0x00,0x00,0x00,0x00, 
	0x00,0x00,0x00,0x00, 
	0x00,0x00,0x00,0x00, 
	0x00,0x00,0x00,0x00, 
	0x00,0x00,0x00,0x00, 
	0x00,0x00,0x00,0x00, 
	0x00,0x00,0x00,0x00, 
	0x00,0x00,0x00,0x00, 
	0x00,0x00,0x00,0x00, 
	0x00,0x00,0x00,0x00, 
	0x00,0x00,0x00,0x00, 
	0x00,0x00,0x00,0x00, 
	0x00,0x00,0x00,0x00, 
	0x00,0x00,0x00,0x00, 
	0x00,0x00,0x00,0x00, 
	0x00,0x00,0x00,0x00, 
	0x00,0x00,0x00,0x00, 
	0x00,0x00,0x00,0x00, 
	0x00,0x00,0x00,0x00, 
	0x00,0x00,0x00,0x00, 
	0x00,0x00,0x00,0x00, 
	0x00,0x00,0x00,0x00, 
	0x00,0x00,0x00,0x00, 
	0x00,0x00,0x00,0x00, 
	0x00,0x00,0x00,0x00, 
	0x00,0x00,0x00,0x00, 
	0x00,0x00,0x00,0x00, 
	0x00,0x00,0x00,0x00, 
	0x00,0x00,0x00,0x00, 
	0x00,0x00,0x00,0x00, 
	0x00,0x00,0x00,0x00, 
	0x00,0x00,0x00,0x00, 
	0x00,0x00,0x00,0x00, 
	0x00,0x00,0x00,0x00, 
	0x00,0x00,0x00,0x00, 
	0x00,0x00,0x00,0x00, 
	0x00,0x00,0x00,0x00, 
	0x00,0x00,0x00,0x00, 
	0x00,0x00,0x00,0x00, 
	0x00,0x00,0x00,0x00, 
	0x00,0x00,0x00,0x00, 
	0x00,0x00,0x00,0x00, 
	0x00,0x00,0x00,0x00, 
	0x00,0x00,0x00,0x00, 
	0x00,0x00,0x00,0x00, 
	0x00,0x00,0x00,0x00, 
	0x00,0x00,0x00,0x00, 
	0x00,0x00,0x00,0x00, 
	0x00,0x00,0x00,0x00, 
	0x00,0x00,0x00,0x00, 
	0x00,0x00,0x00,0x00, 
	0x00,0x00,0x00,0x00, 
	0x00,0x00,0x00,0x00, 
	0x00,0x00,0x00,0x00, 
	0x00,0x00,0x00,0x00, 
	0x00,0x00,0x00,0x00, 
	0x00,0x00,0x00,0x00, 
	0x00,0x00,0x00,0x00, 
	0x00,0x00,0x00,0x00, 
	0x00,0x00,0x00,0x00, 
	0x00,0x00,0x00,0x00, 
	0x00,0x00,0x00,0x00, 
	0x00,0x00,0x00,0x00, 
	0x00,0x00,0x00,0x00, 
	0x00,0x00,0x00,0x00, 
	0x00,0x00,0x00,0x00, 
	0x00,0x00,0x00,0x00, 
	0x00,0x00,0x00,0x00, 
	0x00,0x00,0x00,0x00, 
	0x00,0x00,0x00,0x00, 
	0x00,0x00,0x00,0x00, 
	0x00,0x00,0x00,0x00, 
	0x00,0x00,0x00,0x00, 
	0x00,0x00,0x00,0x00, 
	0x00,0x00,0x00,0x00, 
	0x00,0x00,0x00,0x00, 
	0x00,0x00,0x00,0x00, 
	0x00,0x00,0x00,0x00, 
	0x00,0x00,0x00,0x00, 
	0x00,0x00,0x00,0x00, 
	0x00,0x00,0x00,0x00, 
	0x00,0x00,0x00,0x00, 
	0x00,0x00,0x00,0x00, 
	0x00,0x00,0x00,0x00, 
	0x00,0x00,0x00,0x00, 
	0x00,0x00,0x00,0x00, 
	0x00,0x00,0x00,0x00, 
	0x00,0x00,0x00,0x00, 
	0x00,0x00,0x00,0x00, 
	0x00,0x00,0x00,0x00, 
	0x00,0x00,0x00,0x00, 
	0x00,0x00,0x00,0x00, 
	0x00,0x00,0x00,0x00, 
	0x00,0x00,0x00,0x00, 
	0x00,0x00,0x00,0x00, 
	0x00,0x00,0x00,0x00, 
	0x00,0x00,0x00,0x00, 
	0x00,0x00,0x00,0x00, 
	0x00,0x00,0x00,0x00, 
	0x00,0x00,0x00,0x00, 
	0x00,0x00,0x00,0x00, 
	0x00,0x00,0x00,0x00, 
	0x00,0x00,0x00,0x00, 
	0x00,0x00,0x00,0x00, 
	0x00,0x00,0x00,0x00, 
	0x00,0x00,0x00,0x00, 
	0x00,0x00,0x00,0x00, 
	0x00,0x00,0x00,0x00, 
	0x00,0x00,0x00,0x00, 
	0x00,0x00,0x00,0x00, 
	0x00,0x00,0x00,0x00, 
	0x00,0x00,0x00,0x00, 
	0x00,0x00,0x00,0x00, 
	0x00,0x00,0x00,0x00, 
	0x00,0x00,0x00,0x00, 
	0x00,0x00,0x00,0x00, 
	0x00,0x00,0x00,0x00, 
	0x00,0x00,0x00,0x00, 
	0x00,0x00,0x00,0x00, 
	0x00,0x00,0x00,0x00, 
	0x00,0x00,0x00,0x00, 
	0x00,0x00,0x00,0x00, 
	0x00,0x00,0x00,0x00, 
	0x00,0x00,0x00,0x00, 
	0x00,0x00,0x00,0x00, 
	0x00,0x00,0x00,0x00, 
	0x00,0x00,0x00,0x00, 
	0x00,0x00,0x00,0x00, 
	0x00,0x00,0x00,0x00, 
	0x00,0x00,0x00,0x00, 
	0x00,0x00,0x00,0x00, 
	0x00,0x00,0x00,0x00, 
	0x00,0x00,0x00,0x00, 
	0x00,0x00,0x00,0x00, 
	0x00,0x00,0x00,0x00, 
	0x00,0x00,0x00,0x00, 
	0x00,0x00,0x00,0x00, 
	0x00,0x00,0x00,0x00, 
	0x00,0x00,0x00,0x00, 
	0x00,0x00,0x00,0x00, 
	0x00,0x00,0x00,0x00, 
	0x00,0x00,0x00,0x00, 
	0x00,0x00,0x00,0x00, 
	0x00,0x00,0x00,0x00, 
	0x00,0x00,0x00,0x00, 
	0x00,0x00,0x00,0x00, 
	0x00,0x00,0x00,0x00, 
	0x00,0x00,0x00,0x00, 
	0x00,0x00,0x00,0x00, 
	0x00,0x00,0x00,0x00, 
	0x00,0x00,0x00,0x00, 
	0x00,0x00,0x00,0x00, 
	0x00,0x00,0x00,0x00, 
	0x00,0x00,0x00,0x00, 
	0x00,0x00,0x00,0x00, 
	0x00,0x00,0x00,0x00, 
	0x00,0x00,0x00,0x00, 
	0x00,0x00,0x00,0x00, 
	0x00,0x00,0x00,0x00, 
	0x00,0x00,0x00,0x00, 
	0x00,0x00,0x00,0x00, 
	0x00,0x00,0x00,0x00, 
	0x00,0x00,0x00,0x00, 
	0x00,0x00,0x00,0x00, 
	0x00,0x00,0x00,0x00, 
	0x00,0x00,0x00,0x00, 
	0x00,0x00,0x00,0x00, 
	0x00,0x00,0x00,0x00, 
	0x00,0x00,0x00,0x00, 
	0x00,0x00,0x00,0x00, 
	0x00,0x00,0x00,0x00, 
	0x00,0x00,0x00,0x00, 
	0x00,0x00,0x00,0x00, 
	0x00,0x00,0x00,0x00, 
	0x00,0x00,0x00,0x00, 
	0x00,0x00,0x00,0x00, 
	0x00,0x00,0x00,0x00, 
	0x00,0x00,0x00,0x00, 
	0x00,0x00,0x00,0x00, 
	0x00,0x00,0x00,0x00, 
	0x00,0x00,0x00,0x00, 
	0x00,0x00,0x00,0x00, 
	0x00,0x00,0x00,0x00, 
	0x00,0x00,0x00,0x00, 
	0x00,0x00,0x00,0x00, 
	0x00,0x00,0x00,0x00, 
	0x00,0x00,0x00,0x00, 
	0x00,0x00,0x00,0x00, 
	0x00,0x00,0x00,0x00, 
	0x00,0x00,0x00,0x00, 
	0x00,0x00,0x00,0x00, 
	0x00,0x00,0x00,0x00, 
	0x00,0x00,0x00,0x00, 
	0x00,0x00,0x00,0x00, 
	0x00,0x00,0x00,0x00, 
	0x00,0x00,0x00,0x00, 
	0x00,0x00,0x00,0x00, 
	0x00,0x00,0x00,0x00, 
	0x00,0x00,0x00,0x00, 
	0x00,0x00,0x00,0x00, 
	0x00,0x00,0x00,0x00, 
	0x00,0x00,0x00,0x00, 
	0x00,0x00,0x00,0x00, 
	0x00,0x00,0x00,0x00, 
	0x00,0x00,0x00,0x00, 
	0x00,0x00,0x00,0x00, 
	0x00,0x00,0x00,0x00, 
	0x00,0x00,0x00,0x00, 
	0x00,0x00,0x00,0x00, 
	0x00,0x00,0x00,0x00, 
	0x00,0x00,0x00,0x00, 
	0x00,0x00,0x00,0x00, 
	0x00,0x00,0x00,0x00, 
	0x00,0x00,0x00,0x00, 
	0x00,0x00,0x00,0x00, 
	0x00,0x00,0x00,0x00, 
	0x00,0x00,0x00,0x00, 
	0x00,0x00,0x00,0x00, 
	0x00,0x00,0x00,0x00, 
	0x00,0x00,0x00,0x00, 
	0x00,0x00,0x00,0x00, 
	0x00,0x00,0x00,0x00, 
	0x00,0x00,0x00,0x00, 
	0x00,0x00,0x00,0x00, 
	0x00,0x00,0x00,0x00, 
	0x00,0x00,0x00,0x00, 
	0x00,0x00,0x00,0x00, 
	0x00,0x00,0x00,0x00, 
	0x00,0x00,0x00,0x00, 
	0x00,0x00,0x00,0x00, 
	0x00,0x00,0x00,0x00, 
	0x00,0x00,0x00,0x00, 
	0x00,0x00,0x00,0x00, 
	0x00,0x00,0x00,0x00, 
	0x00,0x00,0x00,0x00, 
	0x00,0x00,0x00,0x00, 
	0x00,0x00,0x00,0x00, 
	0x00,0x00,0x00,0x00, 
	0x00,0x00,0x00,0x00, 
	0x00,0x00,0x00,0x00, 
	0x00,0x00,0x00,0x00, 
	0x00,0x00,0x00,0x00, 
	0x00,0x00,0x00,0x00, 
	0x00,0x00,0x00,0x00, 
	0x00,0x00,0x00,0x00, 
	0x00,0x00,0x00,0x00, 
	0x00,0x00,0x00,0x00, 
	0x00,0x00,0x00,0x00, 
	0x00,0x00,0x00,0x00, 
	0x00,0x00,0x00,0x00, 
	0x00,0x00,0x00,0x00, 
	0x00,0x00,0x00,0x00, 
	0x00,0x00,0x00,0x00, 
	0x00,0x00,0x00,0x00, 
	0x00,0x00,0x00,0x00, 
	0x00,0x00,0x00,0x00, 
	0x00,0x00,0x00,0x00, 
	0x00,0x00,0x00,0x00, 
	0x00,0x00,0x00,0x00, 
	0x00,0x00,0x00,0x00, 
	0x00,0x00,0x00,0x00, 
	0x00,0x00,0x00,0x00, 
	0x00,0x00,0x00,0x00, 
	0x00,0x00,0x00,0x00, 
	0x00,0x00,0x00,0x00, 
	0x00,0x00,0x00,0x00, 
	0x00,0x00,0x00,0x00, 
	0x00,0x00,0x00,0x00, 
	0x00,0x00,0x00,0x00, 
	0x00,0x00,0x00,0x00, 
	0x00,0x00,0x00,0x00, 
	0x00,0x00,0x00,0x00, 
	0x00,0x00,0x00,0x00, 
	0x00,0x00,0x00,0x00, 
	0x00,0x00,0x00,0x00, 
	0x00,0x00,0x00,0x00, 
	0x00,0x00,0x00,0x00, 
	0x00,0x00,0x00,0x00, 
	0x00,0x00,0x00,0x00, 
	0x00,0x00,0x00,0x00, 
	0x00,0x00,0x00,0x00, 
	0x00,0x00,0x00,0x00, 
	0x00,0x00,0x00,0x00, 
	0x00,0x00,0x00,0x00, 
	0x00,0x00,0x00,0x00, 
	0x00,0x00,0x00,0x00, 
	0x00,0x00,0x00,0x00, 
	0x00,0x00,0x00,0x00, 
	0x00,0x00,0x00,0x00, 
	0x00,0x00,0x00,0x00, 
	0x00,0x00,0x00,0x00, 
	0x00,0x00,0x00,0x00, 
	0x00,0x00,0x00,0x00, 
	0x00,0x00,0x00,0x00, 
	0x00,0x00,0x00,0x00, 
	0x00,0x00,0x00,0x00, 
	0x00,0x00,0x00,0x00, 
	0x00,0x00,0x00,0x00, 
	0x00,0x00,0x00,0x00, 
	0x00,0x00,0x00,0x00, 
	0x00,0x00,0x00,0x00, 
	0x00,0x00,0x00,0x00, 
	0x00,0x00,0x00,0x00, 
	0x00,0x00,0x00,0x00, 
	0x00,0x00,0x00,0x00, 
	0x00,0x00,0x00,0x00, 
	0x00,0x00,0x00,0x00, 
	0x00,0x00,0x00,0x00, 
	0x00,0x00,0x00,0x00, 
	0x00,0x00,0x00,0x00, 
	0x00,0x00,0x00,0x00, 
	0x00,0x00,0x00,0x00, 
	0x00,0x00,0x00,0x00, 
	0x00,0x00,0x00,0x00, 
	0x00,0x00,0x00,0x00, 
	0x00,0x00,0x00,0x00, 
	0x00,0x00,0x00,0x00, 
	0x00,0x00,0x00,0x00, 
	0x00,0x00,0x00,0x00, 
	0x00,0x00,0x00,0x00, 
	0x00,0x00,0x00,0x00, 
	0x00,0x00,0x00,0x00, 
	0x00,0x00,0x00,0x00, 
	0x00,0x00,0x00,0x00, 
	0x00,0x00,0x00,0x00, 
	0x00,0x00,0x00,0x00, 
	0x00,0x00,0x00,0x00, 
	0x00,0x00,0x00,0x00, 
	0x00,0x00,0x00,0x00, 
	0x00,0x00,0x00,0x00, 
	0x00,0x00,0x00,0x00, 
	0x00,0x00,0x00,0x00, 
	0x00,0x00,0x00,0x00, 
	0x00,0x00,0x00,0x00, 
	0x00,0x00,0x00,0x00, 
	0x00,0x00,0x00,0x00, 
	0x00,0x00,0x00,0x00, 
	0x00,0x00,0x00,0x00, 
	0x00,0x00,0x00,0x00, 
	0x00,0x00,0x00,0x00, 
	0x00,0x00,0x00,0x00, 
	0x00,0x00,0x00,0x00, 
	0x00,0x00,0x00,0x00, 
	0x00,0x00,0x00,0x00, 
	0x00,0x00,0x00,0x00, 
	0x00,0x00,0x00,0x00, 
	0x00,0x00,0x00,0x00, 
	0x00,0x00,0x00,0x00, 
	0x00,0x00,0x00,0x00, 
	0x00,0x00,0x00,0x00, 
	0x00,0x00,0x00,0x00, 
	0x00,0x00,0x00,0x00, 
	0x00,0x00,0x00,0x00, 
	0x00,0x00,0x00,0x00, 
	0x00,0x00,0x00,0x00, 
	0x00,0x00,0x00,0x00, 
	0x00,0x00,0x00,0x00, 
	0x00,0x00,0x00,0x00, 
	0x00,0x00,0x00,0x00, 
	0x00,0x00,0x00,0x00, 
	0x00,0x00,0x00,0x00, 
	0x00,0x00,0x00,0x00, 
	0x00,0x00,0x00,0x00, 
	0x00,0x00,0x00,0x00, 
	0x00,0x00,0x00,0x00, 
	0x00,0x00,0x00,0x00, 
	0x00,0x00,0x00,0x00, 
	0x00,0x00,0x00,0x00, 
	0x00,0x00,0x00,0x00, 
	0x00,0x00,0x00,0x00, 
	0x00,0x00,0x00,0x00, 
	0x00,0x00,0x00,0x00, 
	0x00,0x00,0x00,0x00, 
	0x00,0x00,0x00,0x00, 
	0x00,0x00,0x00,0x00, 
	0x00,0x00,0x00,0x00, 
	0x00,0x00,0x00,0x00, 
	0x00,0x00,0x00,0x00, 
	0x00,0x00,0x00,0x00, 
	0x00,0x00,0x00,0x00, 
	0x00,0x00,0x00,0x00, 
	0x00,0x00,0x00,0x00, 
	0x00,0x00,0x00,0x00, 
	0x00,0x00,0x00,0x00, 
	0x00,0x00,0x00,0x00, 
	0x00,0x00,0x00,0x00, 
	0x00,0x00,0x00,0x00, 
	0x00,0x00,0x00,0x00, 
	0x00,0x00,0x00,0x00, 
	0x00,0x00,0x00,0x00, 
	0x00,0x00,0x00,0x00, 
	0x00,0x00,0x00,0x00, 
	0x00,0x00,0x00,0x00, 
	0x00,0x00,0x00,0x00, 
	0x00,0x00,0x00,0x00, 
	0x00,0x00,0x00,0x00, 
	0x00,0x00,0x00,0x00, 
	0x00,0x00,0x00,0x00, 
	0x00,0x00,0x00,0x00, 
	0x00,0x00,0x00,0x00, 
	0x00,0x00,0x00,0x00, 
	0x00,0x00,0x00,0x00, 
	0x00,0x00,0x00,0x00, 
	0x00,0x00,0x00,0x00, 
	0x00,0x00,0x00,0x00, 
	0x00,0x00,0x00,0x00, 
	0x00,0x00,0x00,0x00, 
	0x00,0x00,0x00,0x00, 
	0x00,0x00,0x00,0x00, 
	0x00,0x00,0x00,0x00, 
	0x00,0x00,0x00,0x00, 
	0x00,0x00,0x00,0x00, 
	0x00,0x00,0x00,0x00, 
	0x00,0x00,0x00,0x00, 
	0x00,0x00,0x00,0x00, 
	0x00,0x00,0x00,0x00, 
	0x00,0x00,0x00,0x00, 
	0x00,0x00,0x00,0x00, 
	0x00,0x00,0x00,0x00, 
	0x00,0x00,0x00,0x00, 
	0x00,0x00,0x00,0x00, 
	0x00,0x00,0x00,0x00, 
	0x00,0x00,0x00,0x00, 
	0x00,0x00,0x00,0x00, 
	0x00,0x00,0x00,0x00, 
	0x00,0x00,0x00,0x00, 
	0x00,0x00,0x00,0x00, 
	0x00,0x00,0x00,0x00, 
	0x00,0x00,0x00,0x00, 
	0x00,0x00,0x00,0x00, 
	0x00,0x00,0x00,0x00, 
	0x00,0x00,0x00,0x00, 
	0x00,0x00,0x00,0x00, 
	0x00,0x00,0x00,0x00, 
	0x00,0x00,0x00,0x00, 
	0x00,0x00,0x00,0x00, 
	0x00,0x00,0x00,0x00, 
	0x00,0x00,0x00,0x00, 
	0x00,0x00,0x00,0x00, 
	0x00,0x00,0x00,0x00, 
	0x00,0x00,0x00,0x00, 
	0x00,0x00,0x00,0x00, 
	0x00,0x00,0x00,0x00, 
	0x00,0x00,0x00,0x00, 
	0x00,0x00,0x00,0x00, 
	0x00,0x00,0x00,0x00, 
	0x00,0x00,0x00,0x00, 
	0x00,0x00,0x00,0x00, 
	0x00,0x00,0x00,0x00, 
	0x00,0x00,0x00,0x00, 
	0x00,0x00,0x00,0x00, 
	0x00,0x00,0x00,0x00, 
	0x00,0x00,0x00,0x00, 
	0x00,0x00,0x00,0x00, 
	0x00,0x00,0x00,0x00, 
	0x00,0x00,0x00,0x00, 
	0x00,0x00,0x00,0x00, 
	0x00,0x00,0x00,0x00, 
	0x00,0x00,0x00,0x00, 
	0x00,0x00,0x00,0x00, 
	0x00,0x00,0x00,0x00, 
	0x00,0x00,0x00,0x00, 
	0x00,0x00,0x00,0x00, 
	0x00,0x00,0x00,0x00, 
	0x00,0x00,0x00,0x00, 
	0x00,0x00,0x00,0x00, 
	0x00,0x00,0x00,0x00, 
	0x00,0x00,0x00,0x00, 
	0x00,0x00,0x00,0x00, 
	0x00,0x00,0x00,0x00, 
	0x00,0x00,0x00,0x00, 
	0x00,0x00,0x00,0x00, 
	0x00,0x00,0x00,0x00, 
	0x00,0x00,0x00,0x00, 
	0x00,0x00,0x00,0x00, 
	0x00,0x00,0x00,0x00, 
	0x00,0x00,0x00,0x00, 
	0x00,0x00,0x00,0x00, 
	0x00,0x00,0x00,0x00, 
	0x00,0x00,0x00,0x00, 
	0x00,0x00,0x00,0x00, 
	0x00,0x00,0x00,0x00, 
	0x00,0x00,0x00,0x00, 
	0x00,0x00,0x00,0x00, 
	0x00,0x00,0x00,0x00, 
	0x00,0x00,0x00,0x00, 
	0x00,0x00,0x00,0x00, 
	0x00,0x00,0x00,0x00, 
	0x00,0x00,0x00,0x00, 
	0x00,0x00,0x00,0x00, 
	0x00,0x00,0x00,0x00, 
	0x00,0x00,0x00,0x00, 
	0x00,0x00,0x00,0x00, 
	0x00,0x00,0x00,0x00, 
	0x00,0x00,0x00,0x00, 
	0x00,0x00,0x00,0x00, 
	0x00,0x00,0x00,0x00, 
	0x00,0x00,0x00,0x00, 
	0x00,0x00,0x00,0x00, 
	0x00,0x00,0x00,0x00, 
	0x00,0x00,0x00,0x00, 
	0x00,0x00,0x00,0x00, 
	0x00,0x00,0x00,0x00, 
	0x00,0x00,0x00,0x00, 
	0x00,0x00,0x00,0x00, 
	0x00,0x00,0x00,0x00, 
	0x00,0x00,0x00,0x00, 
	0x00,0x00,0x00,0x00, 
	0x00,0x00,0x00,0x00, 
	0x00,0x00,0x00,0x00, 
	0x00,0x00,0x00,0x00, 
	0x00,0x00,0x00,0x00, 
	0x00,0x00,0x00,0x00, 
	0x00,0x00,0x00,0x00, 
	0x00,0x00,0x00,0x00, 
	0x00,0x00,0x00,0x00, 
	0x00,0x00,0x00,0x00, 
	0x00,0x00,0x00,0x00, 
	0x00,0x00,0x00,0x00, 
	0x00,0x00,0x00,0x00, 
	0x00,0x00,0x00,0x00, 
	0x00,0x00,0x00,0x00, 
	0x00,0x00,0x00,0x00, 
	0x00,0x00,0x00,0x00, 
	0x00,0x00,0x00,0x00, 
	0x00,0x00,0x00,0x00, 
	0x00,0x00,0x00,0x00, 
	0x00,0x00,0x00,0x00, 
	0x00,0x00,0x00,0x00, 
	0x00,0x00,0x00,0x00, 
	0x00,0x00,0x00,0x00, 
	0x00,0x00,0x00,0x00, 
	0x00,0x00,0x00,0x00, 
	0x00,0x00,0x00,0x00, 
	0x00,0x00,0x00,0x00, 
	0x00,0x00,0x00,0x00, 
	0x00,0x00,0x00,0x00, 
	0x00,0x00,0x00,0x00, 
	0x00,0x00,0x00,0x00, 
	0x00,0x00,0x00,0x00, 
	0x00,0x00,0x00,0x00, 
	0x00,0x00,0x00,0x00, 
	0x00,0x00,0x00,0x00, 
	0x00,0x00,0x00,0x00, 
	0x00,0x00,0x00,0x00, 
	0x00,0x00,0x00,0x00, 
	0x00,0x00,0x00,0x00, 
	0x00,0x00,0x00,0x00, 
	0x00,0x00,0x00,0x00, 
	0x00,0x00,0x00,0x00, 
	0x00,0x00,0x00,0x00, 
	0x00,0x00,0x00,0x00, 
	0x00,0x00,0x00,0x00, 
	0x00,0x00,0x00,0x00, 
	0x00,0x00,0x00,0x00, 
	0x00,0x00,0x00,0x00, 
	0x00,0x00,0x00,0x00, 
	0x00,0x00,0x00,0x00, 
	0x00,0x00,0x00,0x00, 
	0x00,0x00,0x00,0x00, 
	0x00,0x00,0x00,0x00, 
	0x00,0x00,0x00,0x00, 
	0x00,0x00,0x00,0x00, 
	0x00,0x00,0x00,0x00, 
	0x00,0x00,0x00,0x00, 
	0x00,0x00,0x00,0x00, 
	0x00,0x00,0x00,0x00, 
	0x00,0x00,0x00,0x00, 
	0x00,0x00,0x00,0x00, 
	0x00,0x00,0x00,0x00, 
	0x00,0x00,0x00,0x00, 
	0x00,0x00,0x00,0x00, 
	0x00,0x00,0x00,0x00, 
	0x00,0x00,0x00,0x00, 
	0x00,0x00,0x00,0x00, 
	0x00,0x00,0x00,0x00, 
	0x00,0x00,0x00,0x00, 
	0x00,0x00,0x00,0x00, 
	0x00,0x00,0x00,0x00, 
	0x00,0x00,0x00,0x00, 
	0x00,0x00,0x00,0x00, 
	0x00,0x00,0x00,0x00, 
	0x00,0x00,0x00,0x00, 
	0x00,0x00,0x00,0x00, 
	0x00,0x00,0x00,0x00, 
	0x00,0x00,0x00,0x00, 
	0x00,0x00,0x00,0x00, 
	0x00,0x00,0x00,0x00, 
	0x00,0x00,0x00,0x00, 
	0x00,0x00,0x00,0x00, 
	0x00,0x00,0x00,0x00, 
	0x00,0x00,0x00,0x00, 
	0x00,0x00,0x00,0x00, 
	0x00,0x00,0x00,0x00, 
	0x00,0x00,0x00,0x00, 
	0x00,0x00,0x00,0x00, 
	0x00,0x00,0x00,0x00, 
	0x00,0x00,0x00,0x00, 
	0x00,0x00,0x00,0x00, 
	0x00,0x00,0x00,0x00, 
	0x00,0x00,0x00,0x00, 
	0x00,0x00,0x00,0x00, 
	0x00,0x00,0x00,0x00, 
	0x00,0x00,0x00,0x00, 
	0x00,0x00,0x00,0x00, 
	0x00,0x00,0x00,0x00, 
	0x00,0x00,0x00,0x00, 
	0x00,0x00,0x00,0x00, 
	0x00,0x00,0x00,0x00, 
	0x00,0x00,0x00,0x00, 
	0x00,0x00,0x00,0x00, 
	0x00,0x00,0x00,0x00, 
	0x00,0x00,0x00,0x00, 
	0x00,0x00,0x00,0x00, 
	0x00,0x00,0x00,0x00, 
	0x00,0x00,0x00,0x00, 
	0x00,0x00,0x00,0x00, 
	0x00,0x00,0x00,0x00, 
	0x00,0x00,0x00,0x00, 
	0x00,0x00,0x00,0x00, 
	0x00,0x00,0x00,0x00, 
	0x00,0x00,0x00,0x00, 
	0x00,0x00,0x00,0x00, 
	0x00,0x00,0x00,0x00, 
	0x00,0x00,0x00,0x00, 
	0x00,0x00,0x00,0x00, 
	0x00,0x00,0x00,0x00, 
	0x00,0x00,0x00,0x00, 
	0x00,0x00,0x00,0x00, 
	0x00,0x00,0x00,0x00, 
	0x00,0x00,0x00,0x00, 
	0x00,0x00,0x00,0x00, 
	0x00,0x00,0x00,0x00, 
	0x00,0x00,0x00,0x00, 
	0x00,0x00,0x00,0x00, 
	0x00,0x00,0x00,0x00, 
	0x00,0x00,0x00,0x00, 
	0x00,0x00,0x00,0x00, 
	0x00,0x00,0x00,0x00, 
	0x00,0x00,0x00,0x00, 
	0x00,0x00,0x00,0x00, 
	0x00,0x00,0x00,0x00, 
	0x00,0x00,0x00,0x00, 
	0x00,0x00,0x00,0x00, 
	0x00,0x00,0x00,0x00, 
	0x00,0x00,0x00,0x00, 
	0x00,0x00,0x00,0x00, 
	0x00,0x00,0x00,0x00, 
	0x00,0x00,0x00,0x00, 
	0x00,0x00,0x00,0x00, 
	0x00,0x00,0x00,0x00, 
	0x00,0x00,0x00,0x00, 
	0x00,0x00,0x00,0x00, 
	0x00,0x00,0x00,0x00, 
	0x00,0x00,0x00,0x00, 
	0x00,0x00,0x00,0x00, 
	0x00,0x00,0x00,0x00, 
	0x00,0x00,0x00,0x00, 
	0x00,0x00,0x00,0x00, 
	0x00,0x00,0x00,0x00, 
	0x00,0x00,0x00,0x00, 
	0x00,0x00,0x00,0x00, 
	0x00,0x00,0x00,0x00, 
	0x00,0x00,0x00,0x00, 
	0x00,0x00,0x00,0x00, 
	0x00,0x00,0x00,0x00, 
	0x00,0x00,0x00,0x00, 
	0x00,0x00,0x00,0x00, 
	0x00,0x00,0x00,0x00, 
	0x00,0x00,0x00,0x00, 
	0x00,0x00,0x00,0x00, 
	0x00,0x00,0x00,0x00, 
	0x00,0x00,0x00,0x00, 
	0x00,0x00,0x00,0x00, 
	0x00,0x00,0x00,0x00, 
	0x00,0x00,0x00,0x00, 
	0x00,0x00,0x00,0x00, 
	0x00,0x00,0x00,0x00, 
	0x00,0x00,0x00,0x00, 
	0x00,0x00,0x00,0x00, 
	0x00,0x00,0x00,0x00, 
	0x00,0x00,0x00,0x00, 
	0x00,0x00,0x00,0x00, 
	0x00,0x00,0x00,0x00, 
	0x00,0x00,0x00,0x00, 
	0x00,0x00,0x00,0x00, 
	0x00,0x00,0x00,0x00, 
	0x00,0x00,0x00,0x00, 
}  
}  
}; 
#endif 
