#ifndef _O18_SAT_DEMOD_FIRMWARE_b_0_1_H_ 
#define _O18_SAT_DEMOD_FIRMWARE_b_0_1_H_ 

static const LX_DEMOD_FIRMWARE_STRUCT O18_SAT_DEMOD_FW_b_0_1[] = {
 {	0x00, 0x10000,  
{  
	0x00,0xc5,0x49,0x10, 
	0xd5,0x49,0x20,0xe5, 
	0x49,0x30,0xf5,0x49, 
	0x00,0x34,0x00,0x00, 
	0x00,0x00,0x00,0x00, 
	0x00,0x00,0x00,0x00, 
	0x00,0x00,0x00,0x00, 
	0x00,0x00,0x00,0x00, 
	0x00,0x00,0x00,0x00, 
	0x00,0x00,0x00,0x00, 
	0x00,0x00,0x00,0x00, 
	0x00,0x00,0x00,0x00, 
	0x00,0x00,0x00,0x00, 
	0x00,0x00,0x00,0x00, 
	0x00,0x00,0x00,0x00, 
	0x00,0x00,0x00,0x00, 
	0x00,0xc5,0x09,0x10, 
	0xd5,0x09,0x20,0xe5, 
	0x09,0x30,0xf5,0x09, 
	0x00,0x35,0x00,0x00, 
	0x00,0x00,0x00,0x00, 
	0x00,0x00,0x00,0x00, 
	0x00,0x00,0x00,0x00, 
	0x00,0x00,0x00,0x00, 
	0x00,0x00,0x00,0x00, 
	0x00,0x00,0x00,0x00, 
	0x00,0x00,0x00,0x00, 
	0x00,0x00,0x00,0x00, 
	0x00,0x00,0x00,0x00, 
	0x00,0x00,0x00,0x00, 
	0x00,0x00,0x00,0x00, 
	0x00,0x00,0x00,0x00, 
	0x00,0xc9,0x49,0x00, 
	0xd1,0x09,0x10,0xd9, 
	0x49,0x20,0xe9,0x49, 
	0x30,0xf9,0x49,0x40, 
	0x80,0x49,0x50,0x90, 
	0x49,0x60,0xa0,0x49, 
	0x70,0xb0,0x49,0x00, 
	0x34,0x00,0x00,0x00, 
	0x00,0x00,0x00,0x00, 
	0x00,0x00,0x00,0x00, 
	0x00,0x00,0x00,0x00, 
	0x00,0x00,0x00,0x00, 
	0x00,0x00,0x00,0x00, 
	0x00,0x00,0x00,0x00, 
	0x00,0x00,0x00,0x00, 
	0x00,0x00,0x00,0x00, 
	0x00,0xc9,0x09,0x10, 
	0xd9,0x09,0x20,0xe9, 
	0x09,0x70,0xd1,0x09, 
	0x30,0xf9,0x09,0x40, 
	0x87,0x09,0x50,0x97, 
	0x09,0x60,0xa7,0x09, 
	0x70,0xb7,0x09,0x00, 
	0x35,0x00,0x00,0x00, 
	0x00,0x00,0x00,0x00, 
	0x00,0x00,0x00,0x00, 
	0x00,0x00,0x00,0x00, 
	0x00,0x00,0x00,0x00, 
	0x00,0x00,0x00,0x00, 
	0x00,0x00,0x00,0x00, 
	0x00,0x00,0x00,0x00, 
	0x00,0x00,0x00,0x00, 
	0x00,0xcd,0x49,0x00, 
	0xd1,0x09,0x10,0xdd, 
	0x49,0x20,0xed,0x49, 
	0x30,0xfd,0x49,0x40, 
	0x40,0x49,0x50,0x50, 
	0x49,0x60,0x60,0x49, 
	0x70,0x70,0x49,0x80, 
	0x80,0x49,0x90,0x90, 
	0x49,0xa0,0xa0,0x49, 
	0xb0,0xb0,0x49,0x00, 
	0x34,0x00,0x00,0x00, 
	0x00,0x00,0x00,0x00, 
	0x00,0x00,0x00,0x00, 
	0x00,0x00,0x00,0x00, 
	0x00,0x00,0x00,0x00, 
	0x00,0x00,0x00,0x00, 
	0x00,0xcd,0x09,0x10, 
	0xdd,0x09,0x20,0xed, 
	0x09,0xb0,0xd1,0x09, 
	0x30,0xfd,0x09,0x40, 
	0x4b,0x09,0x50,0x5b, 
	0x09,0x60,0x6b,0x09, 
	0x70,0x7b,0x09,0x80, 
	0x8b,0x09,0x90,0x9b, 
	0x09,0xa0,0xab,0x09, 
	0xb0,0xbb,0x09,0x00, 
	0x35,0x00,0x00,0x00, 
	0x00,0x00,0x00,0x00, 
	0x00,0x00,0x00,0x00, 
	0x00,0x00,0x00,0x00, 
	0x00,0x00,0x00,0x00, 
	0x00,0x00,0x00,0x00, 
	0x20,0xd2,0x61,0xa0, 
	0x02,0x00,0x00,0x00, 
	0x00,0x00,0x00,0x00, 
	0x00,0x00,0x00,0x00, 
	0x00,0x00,0x00,0x00, 
	0x00,0x00,0x00,0x00, 
	0x00,0x00,0x00,0x00, 
	0x00,0x00,0x00,0x00, 
	0x00,0x00,0x00,0x00, 
	0x00,0x00,0x00,0x00, 
	0x00,0x00,0x00,0x00, 
	0x00,0x00,0x00,0x00, 
	0x00,0x00,0x00,0x00, 
	0x00,0x00,0x00,0x00, 
	0x00,0x00,0x00,0x00, 
	0x00,0x00,0x00,0x00, 
	0x20,0xd3,0x61,0xa0, 
	0x02,0x00,0x00,0x00, 
	0x00,0x00,0x00,0x00, 
	0x00,0x00,0x00,0x00, 
	0x00,0x00,0x00,0x00, 
	0x00,0x00,0x00,0x00, 
	0x00,0x00,0x00,0x00, 
	0x00,0x00,0x00,0x00, 
	0x00,0x00,0x00,0x00, 
	0x00,0x00,0x00,0x00, 
	0x00,0x00,0x00,0x00, 
	0x00,0x00,0x00,0x00, 
	0x00,0x00,0x00,0x00, 
	0x00,0x00,0x00,0x00, 
	0x00,0x00,0x00,0x00, 
	0x00,0x00,0x00,0x00, 
	0x20,0xd4,0x61,0xa0, 
	0x02,0x00,0x00,0x00, 
	0x00,0x00,0x00,0x00, 
	0x00,0x00,0x00,0x00, 
	0x00,0x00,0x00,0x00, 
	0x00,0x00,0x00,0x00, 
	0x00,0x00,0x00,0x00, 
	0x00,0x00,0x00,0x00, 
	0x00,0x00,0x00,0x00, 
	0x00,0x00,0x00,0x00, 
	0x00,0x00,0x00,0x00, 
	0x00,0x00,0x00,0x00, 
	0x00,0x00,0x00,0x00, 
	0x00,0x00,0x00,0x00, 
	0x00,0x00,0x00,0x00, 
	0x00,0x00,0x00,0x00, 
	0x20,0xd5,0x61,0xa0, 
	0x02,0x00,0x00,0x00, 
	0x00,0x00,0x00,0x00, 
	0x00,0x00,0x00,0x00, 
	0x00,0x00,0x00,0x00, 
	0x00,0x00,0x00,0x00, 
	0x00,0x00,0x00,0x00, 
	0x00,0x00,0x00,0x00, 
	0x00,0x00,0x00,0x00, 
	0x00,0x00,0x00,0x00, 
	0x00,0x00,0x00,0x00, 
	0x00,0x00,0x00,0x00, 
	0x00,0x00,0x00,0x00, 
	0x00,0x00,0x00,0x00, 
	0x00,0x00,0x00,0x00, 
	0x00,0x00,0x00,0x00, 
	0x00,0x76,0x00,0x46, 
	0xfe,0xff,0x00,0x00, 
	0x00,0x00,0x00,0x00, 
	0x00,0x00,0x00,0x00, 
	0x00,0x00,0x00,0x00, 
	0x00,0x00,0x00,0x00, 
	0x00,0x00,0x00,0x00, 
	0x00,0x00,0x00,0x00, 
	0x00,0x00,0x00,0x00, 
	0x00,0x00,0x00,0x00, 
	0x00,0x00,0x00,0x00, 
	0x00,0x00,0x00,0x00, 
	0x00,0x00,0x00,0x00, 
	0x00,0x00,0x00,0x00, 
	0x00,0x00,0x00,0x00, 
	0x00,0x00,0x00,0x00, 
	0x10,0x37,0x00,0x00, 
	0x00,0x00,0x00,0x00, 
	0x00,0x00,0x00,0x00, 
	0x00,0x00,0x00,0x00, 
	0x00,0x00,0x00,0x00, 
	0x00,0x00,0x00,0x00, 
	0x00,0x00,0x00,0x00, 
	0x00,0x00,0x00,0x00, 
	0x00,0x00,0x00,0x00, 
	0x00,0x00,0x00,0x00, 
	0x00,0x00,0x00,0x00, 
	0x00,0x00,0x00,0x00, 
	0x00,0x00,0x00,0x00, 
	0x00,0x00,0x00,0x00, 
	0x00,0x00,0x00,0x00, 
	0x00,0x00,0x00,0x00, 
	0x00,0x41,0x00,0x46, 
	0xfe,0xff,0x00,0x00, 
	0x00,0x00,0x00,0x00, 
	0x00,0x00,0x00,0x00, 
	0x00,0x00,0x00,0x00, 
	0x00,0x00,0x00,0x00, 
	0x00,0x00,0x00,0x00, 
	0x00,0x00,0x00,0x00, 
	0x00,0x00,0x00,0x00, 
	0x00,0x00,0x00,0x00, 
	0x00,0x00,0x00,0x00, 
	0x00,0x00,0x00,0x00, 
	0x00,0x00,0x00,0x00, 
	0x00,0x00,0x00,0x00, 
	0x00,0x00,0x00,0x00, 
	0x00,0x00,0x00,0x00, 
	0x12,0xc1,0xa0,0x29, 
	0x41,0x39,0x51,0x31, 
	0x6b,0x80,0x20,0xe8, 
	0x03,0x30,0x32,0xa0, 
	0x38,0x03,0x49,0x61, 
	0xa0,0x03,0x00,0x00, 
	0x00,0x00,0x00,0x00, 
	0x00,0x00,0x00,0x00, 
	0x00,0x00,0x00,0x00, 
	0x00,0x00,0x00,0x00, 
	0x00,0x00,0x00,0x00, 
	0x00,0x00,0x00,0x00, 
	0x00,0x00,0x00,0x00, 
	0x00,0x00,0x00,0x00, 
	0x00,0x00,0x00,0x00, 
	0x00,0x00,0x00,0x00, 
	0x00,0x00,0x00,0x00, 
	0x00,0x00,0x00,0x00, 
	0x00,0x00,0x00,0x00, 
	0x00,0x00,0x00,0x00, 
	0x00,0x00,0x00,0x00, 
	0x00,0x00,0x00,0x00, 
	0x00,0x00,0x00,0x00, 
	0x00,0x00,0x00,0x00, 
	0x00,0x00,0x00,0x00, 
	0x00,0x00,0x00,0x00, 
	0x00,0x00,0x00,0x00, 
	0x00,0x00,0x00,0x00, 
	0x00,0x00,0x00,0x00, 
	0x00,0x00,0x00,0x00, 
	0x00,0x00,0x00,0x00, 
	0x00,0x00,0x00,0x00, 
	0x40,0x41,0x00,0x46, 
	0xfe,0xff,0x00,0x00, 
	0x00,0x00,0x00,0x00, 
	0x00,0x00,0x00,0x00, 
	0x00,0x00,0x00,0x00, 
	0x00,0x00,0x00,0x00, 
	0x00,0x00,0x00,0x00, 
	0x00,0x00,0x00,0x00, 
	0x00,0x00,0x00,0x00, 
	0x00,0x00,0x00,0x00, 
	0x00,0x00,0x00,0x00, 
	0x00,0x00,0x00,0x00, 
	0x00,0x00,0x00,0x00, 
	0x00,0x00,0x00,0x00, 
	0x00,0x00,0x00,0x00, 
	0x00,0x00,0x00,0x00, 
	0x06,0x0d,0x00,0x00, 
	0x00,0x00,0x00,0x40, 
	0x1f,0x11,0x22,0x22, 
	0x00,0x00,0x00,0xe0, 
	0x73,0x04,0x00,0x40, 
	0x00,0x00,0x00,0x00, 
	0xac,0x79,0x00,0x40, 
	0x14,0x7a,0x00,0x40, 
	0xb4,0x7a,0x00,0x40, 
	0x1c,0x0a,0xfe,0x3f, 
	0xbc,0x7b,0x00,0x40, 
	0x20,0x0a,0xfe,0x3f, 
	0x00,0x00,0x00,0x00, 
	0x00,0x00,0x00,0x00, 
	0x0c,0x00,0x00,0xe4, 
	0x13,0x00,0x05,0x13, 
	0x10,0x20,0x00,0x21, 
	0xf0,0xff,0x20,0xe7, 
	0x13,0x20,0x61,0x00, 
	0x21,0xef,0xff,0x51, 
	0xef,0xff,0x61,0xef, 
	0xff,0x0c,0x03,0x7d, 
	0x02,0x50,0x66,0x10, 
	0xc6,0x04,0x00,0x00, 
	0x40,0x63,0x50,0x00, 
	0x20,0x00,0x3d,0xf0, 
	0x3d,0xf0,0x50,0x33, 
	0xc0,0xb6,0xb3,0x14, 
	0x70,0x74,0x41,0x70, 
	0x40,0x34,0x67,0x13, 
	0xe6,0x40,0x63,0x50, 
	0x50,0x33,0xc0,0xf6, 
	0xb3,0xed,0x00,0x20, 
	0x00,0x51,0xe1,0xff, 
	0x0c,0x03,0x20,0x72, 
	0x20,0x70,0x40,0x34, 
	0x40,0xe3,0x50,0x50, 
	0x33,0xc0,0x70,0x74, 
	0x41,0xf6,0xb3,0xf0, 
	0x30,0x20,0x00,0x21, 
	0xdd,0xff,0xac,0x02, 
	0x38,0x02,0x48,0x12, 
	0x58,0x22,0x22,0xc2, 
	0x0c,0x47,0xb3,0x0f, 
	0x68,0x05,0x4b,0x55, 
	0x69,0x03,0x4b,0x33, 
	0x47,0x33,0xf4,0x46, 
	0xf9,0xff,0x00,0x00, 
	0x56,0x03,0xfe,0x56, 
	0xd5,0xfd,0x00,0x20, 
	0x00,0x0c,0x11,0x10, 
	0x49,0x13,0x00,0x48, 
	0x13,0x10,0x20,0x00, 
	0x0c,0x00,0x41,0xd0, 
	0xff,0x40,0xd2,0x13, 
	0x41,0xd0,0xff,0x40, 
	0xd3,0x13,0x41,0xcf, 
	0xff,0x40,0xd4,0x13, 
	0x51,0xcf,0xff,0x42, 
	0x65,0x00,0x41,0xce, 
	0xff,0x40,0xd5,0x13, 
	0x51,0xce,0xff,0x42, 
	0x65,0x00,0xc5,0x00, 
	0x00,0x00,0x00,0x00, 
	0x36,0x81,0x00,0x25, 
	0x7c,0x07,0x1d,0xf0, 
	0x02,0xa0,0x00,0x11, 
	0xbd,0x7e,0x31,0xbd, 
	0x7e,0x30,0xe6,0x13, 
	0x10,0x20,0x00,0x61, 
	0xbc,0x7e,0x71,0xbc, 
	0x7e,0x77,0xb6,0x33, 
	0x88,0x06,0x98,0x16, 
	0x8b,0x66,0x80,0xa9, 
	0xc0,0x27,0x6a,0x03, 
	0x09,0x08,0x4b,0x88, 
	0x37,0x6a,0x05,0x09, 
	0x08,0x09,0x18,0x8b, 
	0x88,0xa0,0xa4,0x41, 
	0x9c,0x1a,0x0b,0xaa, 
	0x09,0x08,0x02,0x68, 
	0x01,0x02,0x68,0x02, 
	0x02,0x68,0x03,0x82, 
	0xc8,0x10,0x56,0xca, 
	0xfe,0x77,0x36,0xcb, 
	0x55,0x1c,0x07,0x61, 
	0xae,0x7e,0x71,0xae, 
	0x7e,0x81,0xae,0x7e, 
	0x91,0xaf,0x7e,0xa1, 
	0xaf,0x7e,0x68,0x06, 
	0x55,0x07,0x07,0x61, 
	0xa9,0x7e,0x71,0xa9, 
	0x7e,0x81,0xa9,0x7e, 
	0x68,0x06,0xd5,0x77, 
	0x07,0x95,0x08,0x07, 
	0x36,0x41,0x00,0x0c, 
	0x03,0x21,0xa8,0x7e, 
	0x28,0x02,0x37,0x12, 
	0x02,0x06,0x0e,0x00, 
	0x0c,0x04,0x31,0xa6, 
	0x7e,0x38,0x03,0x38, 
	0x03,0x47,0x13,0x25, 
	0xa1,0xa4,0x7e,0x91, 
	0xa3,0x7e,0x98,0x09, 
	0x4b,0x99,0x99,0x0a, 
	0x81,0xa1,0x7e,0x88, 
	0x08,0x82,0xd8,0xff, 
	0x82,0x28,0x3f,0xe0, 
	0x08,0x00,0x0c,0x0b, 
	0xa1,0x9d,0x7e,0xa8, 
	0x0a,0xa8,0x0a,0xb7, 
	0x9a,0xd9,0xc1,0x99, 
	0x7e,0x0c,0x1b,0xb9, 
	0x0c,0x1d,0xf0,0x00, 
	0x36,0x41,0x00,0x1d, 
	0xf0,0x00,0x00,0x00, 
	0x36,0x41,0x00,0xc1, 
	0x98,0x7e,0x81,0x96, 
	0x7e,0xe1,0x94,0x7e, 
	0xe9,0x38,0xc9,0x68, 
	0xa2,0xc8,0x24,0x22, 
	0xce,0x3c,0x92,0xc8, 
	0x48,0xb2,0xc8,0x20, 
	0x8b,0xdc,0xf2,0xce, 
	0x5c,0xf9,0x58,0xd9, 
	0x78,0xb9,0x08,0x99, 
	0x28,0x29,0x48,0xa9, 
	0x18,0x21,0x8e,0x7e, 
	0x0c,0x1a,0x89,0x12, 
	0xe5,0x95,0x07,0x0c, 
	0x0a,0xb1,0x8c,0x7e, 
	0xa5,0x36,0x07,0x0c, 
	0x1a,0x65,0x37,0x07, 
	0x0c,0x18,0x91,0x8a, 
	0x7e,0xc0,0x20,0x00, 
	0xa1,0x8a,0x7e,0x82, 
	0x69,0x91,0xa5,0x3a, 
	0x06,0xa8,0x12,0x65, 
	0x2e,0x00,0x1d,0xf0, 
	0x36,0x41,0x00,0x21, 
	0x82,0x7e,0xb8,0x12, 
	0xc8,0x2b,0x31,0x84, 
	0x7e,0x82,0x0c,0x4c, 
	0x41,0x84,0x7e,0x66, 
	0x18,0x06,0xad,0x0b, 
	0xa5,0x3d,0x00,0x1d, 
	0xf0,0x92,0x0c,0x69, 
	0x16,0x79,0x0d,0x65, 
	0x3c,0x00,0xc2,0x22, 
	0x01,0xc2,0x2c,0x02, 
	0xb2,0x2c,0x0f,0xb0, 
	0xaa,0xc0,0xa7,0x34, 
	0x02,0x06,0x30,0x00, 
	0x92,0x0c,0x69,0x66, 
	0x19,0x14,0xe1,0x79, 
	0x7e,0xc0,0x20,0x00, 
	0xd2,0x23,0x80,0xe0, 
	0xdd,0x20,0xc0,0x20, 
	0x00,0xd2,0x63,0x80, 
	0x46,0x17,0x00,0x66, 
	0x39,0x14,0x81,0x74, 
	0x7e,0xc0,0x20,0x00, 
	0xf2,0x23,0x80,0x80, 
	0xff,0x20,0xc0,0x20, 
	0x00,0xf2,0x63,0x80, 
	0x46,0x11,0x00,0x66, 
	0x49,0x14,0xa1,0x6f, 
	0x7e,0xc0,0x20,0x00, 
	0x92,0x23,0x80,0xa0, 
	0x99,0x20,0xc0,0x20, 
	0x00,0x92,0x63,0x80, 
	0x46,0x0b,0x00,0xa1, 
	0x6b,0x7e,0x66,0x59, 
	0x11,0xc0,0x20,0x00, 
	0xb2,0x23,0x90,0xa0, 
	0xbb,0x20,0xc0,0x20, 
	0x00,0xb2,0x63,0x90, 
	0x46,0x05,0x00,0x66, 
	0x69,0x12,0xd1,0x65, 
	0x7e,0xc0,0x20,0x00, 
	0xd8,0x0d,0xe1,0x63, 
	0x7e,0xa0,0xdd,0x20, 
	0xc0,0x20,0x00,0xd9, 
	0x0e,0x0c,0x0e,0xe2, 
	0x4c,0x69,0x1d,0xf0, 
	0xc0,0x20,0x00,0xf2, 
	0x2b,0x35,0x77,0x6f, 
	0x2b,0xa2,0x0c,0x9b, 
	0x9c,0x9a,0xc0,0x20, 
	0x00,0x82,0x2b,0x35, 
	0x80,0x88,0x75,0x87, 
	0x1a,0x0e,0xc0,0x20, 
	0x00,0x92,0x23,0x80, 
	0xd0,0x99,0x10,0xc0, 
	0x20,0x00,0x92,0x63, 
	0x80,0xc0,0x20,0x00, 
	0xd2,0x2b,0x35,0xd0, 
	0xd8,0x75,0xd2,0x4c, 
	0x9b,0xa5,0x2f,0x00, 
	0xe2,0x22,0x01,0xe2, 
	0x2e,0x02,0xa2,0x6e, 
	0x02,0x1d,0xf0,0xb0, 
	0xab,0x20,0xa5,0x3b, 
	0x00,0xf2,0x22,0x01, 
	0xf8,0x3f,0xf2,0x0f, 
	0x20,0x82,0xa0,0xfa, 
	0x87,0x1f,0xe9,0xa5, 
	0x2d,0x00,0xb8,0x12, 
	0xc8,0x2b,0x52,0xa0, 
	0x60,0xc8,0x0c,0x81, 
	0x47,0x7e,0xc0,0x9a, 
	0xc0,0x97,0xb8,0x42, 
	0xad,0x0b,0x65,0xcc, 
	0x04,0xa8,0x12,0x25, 
	0x34,0x05,0xb8,0x12, 
	0xd8,0x2b,0xd2,0x0d, 
	0x6e,0xcc,0x5d,0xad, 
	0x0b,0xe5,0x41,0x01, 
	0xb8,0x12,0xa8,0x3b, 
	0xa2,0x0a,0x20,0x57, 
	0x1a,0x05,0xc2,0xa0, 
	0x61,0xc7,0x9a,0x11, 
	0xc2,0x2b,0x02,0xd2, 
	0x0c,0x65,0xcc,0x8d, 
	0xe2,0x0c,0x9d,0xcc, 
	0x3e,0xad,0x0b,0xa5, 
	0x01,0x01,0xa5,0x28, 
	0x00,0x88,0x12,0x88, 
	0x28,0xa9,0x08,0x25, 
	0x28,0x00,0xb8,0x12, 
	0x3c,0x08,0xc8,0x2b, 
	0x91,0x33,0x7e,0xe8, 
	0x1c,0xf8,0x3b,0xe0, 
	0xda,0xc0,0xd7,0x39, 
	0x02,0x06,0x2f,0x00, 
	0xf2,0x0f,0x33,0x87, 
	0x1f,0x0b,0x82,0x0c, 
	0x61,0xcc,0x58,0xad, 
	0x0b,0x25,0x20,0x04, 
	0xb8,0x12,0xad,0x0b, 
	0x65,0x99,0x04,0xc8, 
	0x12,0xa1,0x1e,0x7e, 
	0xc8,0x2c,0xc0,0x20, 
	0x00,0x82,0x2a,0xa1, 
	0x80,0x80,0x04,0x82, 
	0x4c,0x61,0xc0,0x20, 
	0x00,0xf2,0x2a,0xa1, 
	0xf0,0xf1,0x04,0xf2, 
	0x4c,0x62,0xc0,0x20, 
	0x00,0xe2,0x2a,0xa1, 
	0xe0,0xe2,0x04,0xe2, 
	0x4c,0x63,0xc0,0x20, 
	0x00,0xd2,0x2a,0xa1, 
	0xd0,0xd3,0x04,0xd2, 
	0x4c,0x64,0xc0,0x20, 
	0x00,0x92,0x2a,0xa1, 
	0x90,0xb4,0x04,0xb2, 
	0x4c,0x82,0xc0,0x20, 
	0x00,0x82,0x2a,0xa1, 
	0x80,0x85,0x04,0x82, 
	0x4c,0x65,0xc0,0x20, 
	0x00,0xf2,0x2a,0xa1, 
	0xf0,0xf6,0x04,0xf2, 
	0x4c,0x66,0xc0,0x20, 
	0x00,0xe2,0x2a,0xa1, 
	0xe0,0xe7,0x04,0xe2, 
	0x4c,0x6b,0xc0,0x20, 
	0x00,0xd2,0x2a,0xa1, 
	0xd0,0xd8,0x04,0xd2, 
	0x4c,0x6c,0xc0,0x20, 
	0x00,0xb2,0x2a,0xa1, 
	0xb0,0xb9,0x04,0xb2, 
	0x4c,0x6e,0x47,0xe9, 
	0x02,0x06,0x21,0x00, 
	0xc0,0x20,0x00,0xb2, 
	0x2a,0xa2,0xb0,0xb8, 
	0x75,0xb2,0x4c,0x81, 
	0xc0,0x20,0x00,0xa2, 
	0x2a,0xa2,0xa0,0xa0, 
	0xf5,0xa2,0x4c,0x80, 
	0x25,0x1b,0x00,0xd8, 
	0x12,0xd8,0x2d,0xa9, 
	0x1d,0xa5,0x1a,0x00, 
	0xb2,0x22,0x01,0xc2, 
	0x2b,0x02,0xd1,0xfe, 
	0x7d,0xf2,0x2c,0x02, 
	0x88,0x3b,0xf0,0xea, 
	0xc0,0xe7,0x34,0x02, 
	0x46,0xa8,0xff,0x82, 
	0x08,0x20,0xb1,0xf6, 
	0x7d,0x50,0x88,0xc0, 
	0x56,0x48,0xe5,0xb1, 
	0xf8,0x7d,0xc0,0x20, 
	0x00,0x92,0x2b,0xa7, 
	0x90,0x9c,0x05,0x16, 
	0xa9,0xe7,0xa2,0x0c, 
	0x9b,0x9c,0x9a,0xc0, 
	0x20,0x00,0xe2,0x2b, 
	0xa7,0xe0,0xe0,0x25, 
	0xe7,0x1a,0x0e,0xc0, 
	0x20,0x00,0xf2,0x23, 
	0x80,0xd0,0xff,0x10, 
	0xc0,0x20,0x00,0xf2, 
	0x63,0x80,0xc0,0x20, 
	0x00,0x82,0x2b,0xa7, 
	0x80,0x80,0x25,0x82, 
	0x4c,0x9b,0xc6,0x92, 
	0xff,0x1c,0xea,0x3c, 
	0x29,0x92,0x4c,0x81, 
	0x46,0xe1,0xff,0x00, 
	0x36,0x41,0x00,0xd2, 
	0xa0,0xfe,0x91,0xd8, 
	0x7d,0xc0,0x20,0x00, 
	0xc2,0x29,0x90,0xd0, 
	0xcc,0x10,0xc0,0x20, 
	0x00,0xc2,0x69,0x90, 
	0xc0,0x20,0x00,0xb2, 
	0x29,0x94,0x0c,0x08, 
	0xb0,0xb0,0x74,0xc0, 
	0x20,0x00,0xa1,0xd1, 
	0x7d,0x82,0x69,0xb4, 
	0xa5,0x10,0x06,0x1d, 
	0xf0,0x00,0x00,0x00, 
	0x36,0x41,0x00,0x0c, 
	0xa7,0x81,0xd8,0x7d, 
	0x0c,0x29,0xd1,0xd8, 
	0x7d,0x0c,0x03,0xf1, 
	0xcb,0x7d,0x61,0xd7, 
	0x7d,0xa1,0xc7,0x7d, 
	0xc0,0x20,0x00,0x82, 
	0x6a,0x92,0x51,0xd5, 
	0x7d,0x41,0xd5,0x7d, 
	0xc0,0x20,0x00,0xe2, 
	0x2f,0x80,0x50,0xee, 
	0x10,0x40,0xee,0x20, 
	0xc0,0x20,0x00,0x0c, 
	0x45,0x81,0xd1,0x7d, 
	0xb2,0xa0,0xfa,0xa8, 
	0x32,0x1c,0x0c,0xe2, 
	0x6f,0x80,0x0c,0x1f, 
	0xd9,0x2a,0xd9,0x1a, 
	0xc2,0x4a,0x33,0xb2, 
	0x4a,0x20,0x48,0x22, 
	0x89,0x0a,0x72,0x44, 
	0x5f,0x72,0x44,0x5e, 
	0x72,0x44,0x5d,0x32, 
	0x44,0x99,0x32,0x44, 
	0x82,0x92,0x44,0x4c, 
	0x32,0x44,0x69,0x32, 
	0x44,0x66,0x32,0x44, 
	0x65,0x32,0x44,0x64, 
	0x32,0x44,0x63,0x32, 
	0x44,0x62,0x32,0x44, 
	0x61,0x52,0x44,0x58, 
	0xf2,0x44,0x60,0xe1, 
	0xc0,0x7d,0xc0,0x20, 
	0x00,0xd2,0x26,0x81, 
	0xe0,0xdd,0x20,0xc0, 
	0x20,0x00,0xd2,0x66, 
	0x81,0xc1,0xae,0x7d, 
	0xc0,0x20,0x00,0xc2, 
	0x66,0x83,0xb1,0xba, 
	0x7d,0xc0,0x20,0x00, 
	0xb2,0x66,0x85,0xa1, 
	0xb9,0x7d,0xc0,0x20, 
	0x00,0xa2,0x66,0x8c, 
	0xc0,0x20,0x00,0x92, 
	0x66,0x91,0x81,0xb6, 
	0x7d,0xc0,0x20,0x00, 
	0x82,0x66,0x97,0x72, 
	0xa3,0x00,0xc0,0x20, 
	0x00,0x52,0x26,0x8a, 
	0x70,0x55,0x20,0xc0, 
	0x20,0x00,0x52,0x66, 
	0x8a,0x41,0xb0,0x7d, 
	0xc0,0x20,0x00,0x32, 
	0x64,0x93,0x1d,0xf0, 
	0x36,0x41,0x00,0x0c, 
	0x0a,0x31,0x95,0x7d, 
	0xc0,0x20,0x00,0xa2, 
	0x63,0xa4,0xc0,0x20, 
	0x00,0xa2,0x63,0xa5, 
	0x91,0xaa,0x7d,0xc0, 
	0x20,0x00,0x92,0x63, 
	0xa4,0x81,0xa8,0x7d, 
	0xc0,0x20,0x00,0x82, 
	0x63,0xa5,0x3c,0x22, 
	0xc0,0x20,0x00,0x22, 
	0x63,0xb4,0x1d,0xf0, 
	0x36,0x41,0x00,0x65, 
	0x50,0x07,0x2d,0x0a, 
	0x1d,0xf0,0x00,0x00, 
	0x36,0x41,0x00,0x0c, 
	0x23,0xa8,0x22,0x41, 
	0x88,0x7d,0x82,0x0a, 
	0x4d,0x52,0xa0,0x61, 
	0x66,0x18,0x36,0xd1, 
	0x8e,0x7d,0xc0,0x20, 
	0x00,0xc2,0x24,0x80, 
	0xd0,0xcc,0x10,0xc0, 
	0x20,0x00,0xb8,0x32, 
	0xc2,0x64,0x80,0xb2, 
	0x0b,0x20,0x2c,0x1e, 
	0x57,0x1b,0x02,0xe7, 
	0x9b,0x0b,0xf1,0x90, 
	0x7d,0x81,0x89,0x7d, 
	0xc0,0x20,0x00,0xf2, 
	0x68,0x8c,0x32,0x4a, 
	0x4d,0x25,0xfb,0xff, 
	0x98,0x22,0xa9,0x49, 
	0x1d,0xf0,0xa5,0xfa, 
	0xff,0xc8,0x22,0xbd, 
	0x0a,0xc8,0x4c,0xa1, 
	0x76,0x7d,0xc0,0xbb, 
	0xc0,0xb7,0xba,0x3b, 
	0xe1,0x75,0x7d,0xc0, 
	0x20,0x00,0xd2,0x24, 
	0x80,0xe0,0xdd,0x20, 
	0xc0,0x20,0x00,0xd2, 
	0x64,0x80,0xad,0x02, 
	0x25,0xac,0x04,0xb8, 
	0x32,0x0c,0x1c,0xb2, 
	0x0b,0x20,0xf2,0xa0, 
	0x60,0xf7,0x1b,0x19, 
	0x57,0x1b,0x16,0x4c, 
	0x8d,0xd7,0x1b,0x1e, 
	0x26,0xdb,0x1b,0x66, 
	0xcb,0x04,0xad,0x02, 
	0xe5,0xc6,0x04,0xa8, 
	0x22,0x32,0x4a,0x4c, 
	0x1d,0xf0,0xa8,0x22, 
	0x0c,0x59,0xc2,0x4a, 
	0x4f,0x92,0x4a,0x4e, 
	0x46,0xfb,0xff,0xa8, 
	0x22,0x9d,0x0c,0xc2, 
	0x4a,0x4f,0xc6,0xfb, 
	0xff,0x00,0x00,0x00, 
	0x36,0x41,0x00,0x48, 
	0x22,0x0c,0x13,0x32, 
	0x44,0x4c,0x32,0x44, 
	0x4d,0x1d,0xf0,0x00, 
	0x36,0x41,0x00,0x31, 
	0x57,0x7d,0xad,0x03, 
	0x25,0xef,0x05,0xdc, 
	0x3a,0xad,0x03,0x65, 
	0xf5,0x05,0x3c,0x2c, 
	0xa0,0xb0,0x74,0xc7, 
	0x2b,0x47,0xb7,0x2c, 
	0x7b,0x25,0xee,0xff, 
	0x1d,0xf0,0xa8,0x22, 
	0x82,0x0a,0x4f,0x66, 
	0x18,0x10,0xb8,0x32, 
	0xc2,0xa0,0x61,0xb2, 
	0x0b,0x20,0x92,0xa0, 
	0x60,0x97,0x1b,0x04, 
	0xc7,0x1b,0x01,0x1d, 
	0xf0,0x92,0x0a,0x4e, 
	0x26,0x19,0x6a,0x26, 
	0x29,0x67,0x66,0x39, 
	0x02,0xc6,0x29,0x00, 
	0x66,0x49,0x02,0x46, 
	0x28,0x00,0x26,0x59, 
	0x02,0x66,0x69,0xe2, 
	0xad,0x02,0x65,0x38, 
	0x02,0x1d,0xf0,0x00, 
	0x00,0x00,0xa2,0xa0, 
	0x16,0xa7,0x2b,0x0b, 
	0xb7,0x2a,0x5e,0x20, 
	0xa2,0x20,0x65,0x4e, 
	0x04,0x90,0x00,0x00, 
	0x1c,0x1a,0xa7,0x2b, 
	0x0d,0xb7,0xaa,0x02, 
	0x06,0x2a,0x00,0xa5, 
	0x46,0x00,0x1d,0xf0, 
	0x00,0x00,0x00,0xa6, 
	0x4b,0x2d,0xe6,0x5b, 
	0xad,0x20,0xa2,0x20, 
	0xb2,0xa0,0x04,0xe5, 
	0x18,0x00,0x90,0x00, 
	0x00,0xa2,0xa0,0x45, 
	0xa7,0x2b,0x3f,0xb7, 
	0xaa,0x02,0xc6,0x31, 
	0x00,0x20,0xa2,0x20, 
	0x65,0x80,0x05,0x90, 
	0x00,0x00,0xad,0x02, 
	0xe5,0x32,0x01,0x1d, 
	0xf0,0x00,0x00,0x00, 
	0x26,0x3b,0x02,0x06, 
	0xdf,0xff,0x20,0xa2, 
	0x20,0xb2,0xa0,0x03, 
	0xa5,0x15,0x00,0x90, 
	0x00,0x00,0xa2,0xa0, 
	0x29,0xa7,0x2b,0x42, 
	0xb7,0xaa,0x02,0x06, 
	0x30,0x00,0x20,0xa2, 
	0x20,0xa5,0x01,0x01, 
	0x90,0x00,0x00,0xa2, 
	0xa0,0x3d,0xa7,0x2b, 
	0x18,0xb7,0xaa,0x02, 
	0x86,0x25,0x00,0x20, 
	0xa2,0x20,0x65,0xf4, 
	0x00,0x90,0x00,0x00, 
	0xad,0x02,0xa5,0x03, 
	0x02,0x1d,0xf0,0x00, 
	0x00,0x00,0xa2,0xa0, 
	0x3a,0xa7,0x2b,0x38, 
	0xb7,0xaa,0x02,0x06, 
	0xcc,0xff,0x20,0xa2, 
	0x20,0xe5,0xce,0x03, 
	0x90,0x00,0x00,0xa2, 
	0xa0,0x28,0xa7,0x2b, 
	0x33,0xb7,0xaa,0x02, 
	0xc6,0xc6,0xff,0x20, 
	0xa2,0x20,0xe5,0x0c, 
	0x04,0x90,0x00,0x00, 
	0xa2,0xa0,0x15,0xa7, 
	0x2b,0x2e,0xb7,0xaa, 
	0x02,0x86,0xc1,0xff, 
	0x20,0xa2,0x20,0xa5, 
	0x30,0x04,0x90,0x00, 
	0x00,0xd2,0xcb,0xc7, 
	0x56,0x7d,0xef,0xad, 
	0x02,0xa5,0x35,0x00, 
	0x1d,0xf0,0x00,0x00, 
	0x00,0xe2,0xcb,0xdd, 
	0x56,0x7e,0xee,0xad, 
	0x02,0xa5,0x3b,0x00, 
	0x1d,0xf0,0x00,0x00, 
	0x00,0xf2,0xcb,0xed, 
	0x56,0x7f,0xed,0xad, 
	0x02,0xa5,0x16,0x05, 
	0x1d,0xf0,0x00,0x00, 
	0x00,0xa2,0xa0,0x48, 
	0xa7,0x2b,0x38,0xb7, 
	0xaa,0x02,0x46,0x20, 
	0x00,0x20,0xa2,0x20, 
	0xa5,0x8f,0x05,0x90, 
	0x00,0x00,0xa2,0xa0, 
	0x42,0xa7,0x2b,0x42, 
	0xb7,0xaa,0x02,0x06, 
	0xab,0xff,0x20,0xa2, 
	0x20,0x25,0x2f,0x05, 
	0x90,0x00,0x00,0xa2, 
	0xa0,0x2b,0xa7,0x2b, 
	0x3d,0xb7,0xaa,0x02, 
	0xc6,0xa5,0xff,0x20, 
	0xa2,0x20,0xe5,0xc6, 
	0x03,0x90,0x00,0x00, 
	0xa2,0xa0,0x47,0xa7, 
	0x2b,0x38,0xb7,0xaa, 
	0x02,0x86,0xa0,0xff, 
	0x20,0xa2,0x20,0x92, 
	0x22,0x07,0x0c,0x08, 
	0x92,0xd9,0x15,0x82, 
	0x49,0x32,0x65,0x7b, 
	0x05,0x1d,0xf0,0xa2, 
	0xcb,0xc2,0x56,0x9a, 
	0xe6,0xad,0x02,0x25, 
	0x88,0x04,0x1d,0xf0, 
	0x00,0x00,0x00,0xc2, 
	0xcb,0xd6,0x56,0x9c, 
	0xe5,0xad,0x02,0x25, 
	0x22,0x04,0x1d,0xf0, 
	0x00,0x00,0x00,0xd2, 
	0xcb,0xba,0x56,0x9d, 
	0xe4,0xad,0x02,0x25, 
	0x6d,0x05,0x1d,0xf0, 
	0x00,0x00,0x00,0xa2, 
	0xa0,0x50,0xa7,0x2b, 
	0x0e,0xb7,0xaa,0x02, 
	0xc6,0x8c,0xff,0x20, 
	0xa2,0x20,0xe5,0xca, 
	0x05,0x90,0x00,0x00, 
	0xe2,0xcb,0xb7,0x56, 
	0x4e,0xe2,0xad,0x02, 
	0x65,0x82,0x05,0x1d, 
	0xf0,0x00,0x00,0x00, 
	0x36,0x41,0x00,0x0c, 
	0x38,0x41,0xcd,0x7c, 
	0xc0,0x20,0x00,0xb2, 
	0x24,0x94,0xe2,0xa0, 
	0xff,0xb0,0x58,0x74, 
	0xb0,0xc0,0x75,0xb0, 
	0x90,0x75,0x97,0x08, 
	0x08,0xc0,0xd0,0x14, 
	0xd0,0xcc,0xc0,0xc0, 
	0xc0,0x74,0xe7,0x95, 
	0x10,0xad,0x02,0xbd, 
	0x03,0xe5,0x09,0x00, 
	0xc0,0x20,0x00,0x32, 
	0x64,0xb4,0x0c,0x02, 
	0x1d,0xf0,0xf1,0xc2, 
	0x7c,0x66,0x33,0x55, 
	0x0c,0x0d,0xc0,0x20, 
	0x00,0xd2,0x64,0xa4, 
	0xc0,0x20,0x00,0xd2, 
	0x64,0xa5,0xc0,0x20, 
	0x00,0xd2,0x64,0xa6, 
	0xc0,0x20,0x00,0xd2, 
	0x64,0xa7,0xc0,0x20, 
	0x00,0xd2,0x64,0xa8, 
	0xc0,0x20,0x00,0xd2, 
	0x64,0xa9,0xb0,0xb8, 
	0x75,0xb0,0xb2,0x41, 
	0x16,0x2b,0x05,0x0c, 
	0x0a,0x80,0xe5,0x11, 
	0xe0,0xcc,0x20,0xc0, 
	0xda,0xa0,0x40,0xea, 
	0xa0,0xfa,0xdd,0xc0, 
	0x20,0x00,0xd2,0x2d, 
	0x80,0xc0,0x20,0x00, 
	0xd2,0x6e,0xa4,0x1b, 
	0xaa,0xa0,0xa0,0x74, 
	0xa7,0x9b,0xe3,0xc6, 
	0x0a,0x00,0x66,0x43, 
	0x28,0xb0,0xb8,0x75, 
	0xb0,0xb2,0x41,0x9c, 
	0xfb,0xd1,0xa6,0x7c, 
	0x40,0xeb,0xa0,0x80, 
	0xa5,0x11,0xa0,0xac, 
	0x20,0xfa,0xaa,0xc0, 
	0x20,0x00,0xb2,0x2d, 
	0x95,0xc0,0x20,0x00, 
	0xb2,0x6a,0x80,0x4b, 
	0xdd,0x4b,0xaa,0xe7, 
	0x9d,0xec,0xc0,0x20, 
	0x00,0x32,0x64,0xb4, 
	0x86,0xda,0xff,0x00, 
	0x36,0x41,0x00,0x1c, 
	0x48,0x71,0x9a,0x7c, 
	0x2c,0xcd,0x2c,0x8c, 
	0x2c,0x4b,0x1c,0xca, 
	0x1c,0x89,0x66,0x33, 
	0x17,0x0c,0x05,0xc0, 
	0x20,0x00,0x52,0x67, 
	0xa4,0x56,0xa4,0x0c, 
	0x88,0x22,0x82,0x08, 
	0x61,0xc0,0x20,0x00, 
	0x82,0x67,0xa4,0x1d, 
	0xf0,0x66,0x43,0x1c, 
	0xdc,0xb4,0xa8,0x22, 
	0xc0,0x20,0x00,0x92, 
	0x27,0x95,0x92,0x4a, 
	0x61,0x1d,0xf0,0xd7, 
	0x94,0x0a,0xc8,0x22, 
	0xc0,0x20,0x00,0xb2, 
	0x27,0x95,0xb2,0x4c, 
	0x6e,0x1d,0xf0,0x66, 
	0x44,0x0c,0xe8,0x22, 
	0xc0,0x20,0x00,0xd2, 
	0x27,0x95,0xd2,0x4e, 
	0x62,0x1d,0xf0,0x66, 
	0x84,0x0c,0x38,0x22, 
	0xc0,0x20,0x00,0xf2, 
	0x27,0x95,0xf2,0x43, 
	0x63,0x1d,0xf0,0x66, 
	0xa4,0x0c,0x88,0x22, 
	0xc0,0x20,0x00,0x52, 
	0x27,0x95,0x52,0x48, 
	0x64,0x1d,0xf0,0x66, 
	0xb4,0x0c,0xa8,0x22, 
	0xc0,0x20,0x00,0x92, 
	0x27,0x95,0x92,0x4a, 
	0x82,0x1d,0xf0,0x87, 
	0x94,0x12,0x28,0x22, 
	0xb2,0x02,0x82,0x16, 
	0x2b,0xfb,0xc0,0x20, 
	0x00,0xc2,0x27,0x95, 
	0xc2,0x42,0x81,0x1d, 
	0xf0,0x97,0x94,0x0c, 
	0xe8,0x22,0xc0,0x20, 
	0x00,0xd2,0x27,0x95, 
	0xd2,0x4e,0x65,0x1d, 
	0xf0,0xa7,0x94,0x0c, 
	0x38,0x22,0xc0,0x20, 
	0x00,0xf2,0x27,0x95, 
	0xf2,0x43,0x66,0x1d, 
	0xf0,0x66,0xc4,0x12, 
	0x28,0x22,0x52,0x02, 
	0x82,0x16,0xc5,0xf7, 
	0xc0,0x20,0x00,0x82, 
	0x27,0x95,0x82,0x42, 
	0x80,0x1d,0xf0,0xb7, 
	0x94,0x1c,0xa8,0x22, 
	0xc0,0x20,0x00,0x92, 
	0x27,0x95,0x92,0x4a, 
	0x6b,0x1d,0xf0,0x66, 
	0x44,0x1f,0xb8,0x22, 
	0xb2,0x0b,0x62,0xc0, 
	0x20,0x00,0xb2,0x67, 
	0xa4,0x1d,0xf0,0xe2, 
	0xc4,0xd8,0x56,0xde, 
	0xf3,0x38,0x22,0xc0, 
	0x20,0x00,0xf2,0x27, 
	0x95,0xf2,0x43,0x6c, 
	0x1d,0xf0,0x66,0x84, 
	0x0c,0x58,0x22,0x52, 
	0x05,0x63,0xc0,0x20, 
	0x00,0x52,0x67,0xa4, 
	0x1d,0xf0,0x66,0xa4, 
	0x0c,0x88,0x22,0x82, 
	0x08,0x64,0xc0,0x20, 
	0x00,0x82,0x67,0xa4, 
	0x1d,0xf0,0x66,0xb4, 
	0x0c,0x98,0x22,0x92, 
	0x09,0x82,0xc0,0x20, 
	0x00,0x92,0x67,0xa4, 
	0x1d,0xf0,0x87,0x94, 
	0x0c,0xa8,0x22,0xa2, 
	0x0a,0x81,0xc0,0x20, 
	0x00,0xa2,0x67,0xa4, 
	0x1d,0xf0,0x97,0x94, 
	0x0c,0xb8,0x22,0xb2, 
	0x0b,0x65,0xc0,0x20, 
	0x00,0xb2,0x67,0xa4, 
	0x1d,0xf0,0xa7,0x94, 
	0x0c,0xc8,0x22,0xc2, 
	0x0c,0x66,0xc0,0x20, 
	0x00,0xc2,0x67,0xa4, 
	0x1d,0xf0,0x66,0xc4, 
	0x0c,0xd8,0x22,0xd2, 
	0x0d,0x80,0xc0,0x20, 
	0x00,0xd2,0x67,0xa4, 
	0x1d,0xf0,0xb7,0x94, 
	0x0c,0xe8,0x22,0xe2, 
	0x0e,0x6b,0xc0,0x20, 
	0x00,0xe2,0x67,0xa4, 
	0x1d,0xf0,0xc7,0x94, 
	0x0c,0xf8,0x22,0xf2, 
	0x0f,0x6c,0xc0,0x20, 
	0x00,0xf2,0x67,0xa4, 
	0x1d,0xf0,0xd0,0x54, 
	0xc0,0x56,0x85,0xea, 
	0x88,0x22,0x82,0x08, 
	0x6e,0xc0,0x20,0x00, 
	0x82,0x67,0xa4,0x1d, 
	0xf0,0x00,0x00,0x00, 
	0x36,0x41,0x00,0x31, 
	0x30,0x7c,0x41,0x2d, 
	0x7c,0xc0,0x20,0x00, 
	0x22,0x24,0x94,0x81, 
	0x45,0x7c,0x87,0x62, 
	0x11,0xc0,0x20,0x00, 
	0x52,0x23,0x84,0x80, 
	0x55,0x10,0xc0,0x20, 
	0x00,0x52,0x63,0x84, 
	0x46,0x04,0x00,0xa1, 
	0x40,0x7c,0xc0,0x20, 
	0x00,0x92,0x23,0x84, 
	0xa0,0x99,0x20,0xc0, 
	0x20,0x00,0x92,0x63, 
	0x84,0x3c,0x9b,0xc0, 
	0x20,0x00,0xb2,0x64, 
	0xb4,0x0c,0x02,0x1d, 
	0xf0,0x00,0x00,0x00, 
	0x36,0x41,0x00,0x31, 
	0x1c,0x7c,0xc0,0x20, 
	0x00,0x82,0x23,0x94, 
	0x80,0x88,0x74,0x66, 
	0xe8,0x07,0xa1,0x16, 
	0x7c,0xa8,0x1a,0x25, 
	0xaf,0xff,0x1c,0x1b, 
	0xc0,0x20,0x00,0xb2, 
	0x63,0xb4,0x0c,0x02, 
	0x1d,0xf0,0x00,0x00, 
	0x36,0x81,0x00,0x51, 
	0x2e,0x7c,0x61,0x28, 
	0x7c,0x0c,0x1f,0xc1, 
	0x10,0x7c,0x1c,0x4a, 
	0x38,0x22,0xc0,0x20, 
	0x00,0xb2,0x2c,0x94, 
	0xb0,0xbf,0x04,0xb9, 
	0x11,0xb2,0x43,0x67, 
	0xd8,0x32,0xc0,0x20, 
	0x00,0x72,0x2c,0x94, 
	0xb1,0x26,0x7c,0x70, 
	0x78,0x75,0xc0,0x20, 
	0x00,0x42,0x2c,0x94, 
	0x40,0x48,0x41,0xb0, 
	0x44,0x10,0x70,0x44, 
	0x20,0x49,0x4d,0x42, 
	0x63,0x22,0xb8,0x3d, 
	0xb9,0x2d,0xb2,0x0d, 
	0x20,0x0c,0x07,0x82, 
	0xcb,0xa0,0x16,0x08, 
	0x0c,0x82,0xcb,0x9f, 
	0x16,0xa8,0x0b,0x0c, 
	0x2e,0x41,0x1a,0x7c, 
	0x98,0x11,0x21,0xfd, 
	0x7b,0x56,0x79,0x04, 
	0xb2,0x0d,0x20,0x82, 
	0xa0,0x60,0x87,0x1b, 
	0x08,0x92,0xa0,0x61, 
	0x97,0x1b,0x02,0xc6, 
	0x21,0x00,0xd9,0x01, 
	0x78,0x4d,0xb1,0x13, 
	0x7c,0xe9,0x41,0x77, 
	0x3b,0x02,0x06,0xcb, 
	0x00,0xa2,0x43,0x5d, 
	0xa2,0x43,0x5e,0xb2, 
	0xa3,0xe7,0xa1,0xfb, 
	0x7b,0x77,0xbb,0x02, 
	0x86,0x61,0x00,0x92, 
	0xa7,0x00,0xc0,0x20, 
	0x00,0x82,0x2a,0x93, 
	0x90,0x88,0x20,0xc0, 
	0x20,0x00,0x82,0x6a, 
	0x93,0x46,0x62,0x00, 
	0xa2,0x0d,0x33,0x3c, 
	0x08,0x87,0x9a,0x49, 
	0x92,0x03,0x83,0x1c, 
	0x05,0xac,0x39,0x0c, 
	0x4b,0xa2,0x23,0x22, 
	0x82,0xa4,0x4c,0xa7, 
	0xb8,0x02,0x06,0x33, 
	0x00,0x82,0x03,0x85, 
	0xe8,0x2d,0xa0,0x9a, 
	0x90,0x80,0xee,0xc2, 
	0xe7,0xb9,0x0e,0xb2, 
	0x43,0x84,0x52,0x43, 
	0x85,0x46,0x01,0x00, 
	0x72,0x43,0x84,0xf2, 
	0x43,0x85,0xc0,0x20, 
	0x00,0xa2,0x22,0x86, 
	0x92,0x03,0x84,0x40, 
	0xaa,0x10,0x40,0x99, 
	0x11,0xa0,0x99,0x20, 
	0xc0,0x20,0x00,0x92, 
	0x62,0x86,0x0c,0x1e, 
	0xe2,0x43,0x4f,0x2c, 
	0x3b,0xc0,0x20,0x00, 
	0xd1,0xd1,0x7b,0x0c, 
	0x02,0xb2,0x6d,0xb4, 
	0x1d,0xf0,0x3c,0x2b, 
	0x1c,0xee,0x82,0x0d, 
	0x33,0x3c,0x09,0x97, 
	0x98,0x51,0x0c,0x09, 
	0xd8,0x72,0x41,0xea, 
	0x7b,0xd2,0xdd,0x0a, 
	0x72,0x6d,0xf7,0x72, 
	0x6d,0xf8,0x88,0x72, 
	0x1b,0xd9,0x9a,0x88, 
	0xd0,0x90,0x74,0x4a, 
	0x88,0x72,0x48,0x3c, 
	0x66,0xd9,0xee,0x38, 
	0x22,0x92,0x03,0x82, 
	0x16,0x49,0x25,0xc0, 
	0x20,0x00,0x82,0x2c, 
	0xa2,0x80,0x88,0x75, 
	0x82,0x43,0x81,0xc0, 
	0x20,0x00,0xe2,0x2c, 
	0xa2,0xe0,0xe0,0xf5, 
	0xe2,0x43,0x80,0x98, 
	0x72,0x4a,0x99,0xd2, 
	0x09,0xab,0xa9,0x31, 
	0xbc,0xfd,0xf2,0x43, 
	0x4e,0xc6,0x22,0x00, 
	0x0c,0x59,0x82,0x03, 
	0x82,0x92,0x43,0x4e, 
	0x16,0x38,0x20,0xc0, 
	0x20,0x00,0x82,0x2c, 
	0xa2,0x80,0x88,0x75, 
	0x82,0x43,0x81,0xc0, 
	0x20,0x00,0xe2,0x2c, 
	0xa2,0xe0,0xe0,0xf5, 
	0xe2,0x43,0x80,0x06, 
	0xb0,0xff,0x91,0xce, 
	0x7b,0xa7,0x39,0x6f, 
	0x82,0xa5,0xdb,0xa7, 
	0xb8,0x69,0xe2,0x43, 
	0x84,0xb2,0x43,0x85, 
	0x86,0xce,0xff,0x20, 
	0xa2,0x20,0xe5,0x57, 
	0x04,0x20,0xa2,0x20, 
	0xa5,0x3a,0x04,0x82, 
	0xd6,0x04,0xd1,0xc6, 
	0x7b,0xa2,0x21,0x03, 
	0xc0,0x20,0x00,0x88, 
	0x08,0xd0,0x88,0x10, 
	0xd1,0xc4,0x7b,0x92, 
	0xd6,0x04,0xd0,0x88, 
	0x20,0xc0,0x20,0x00, 
	0x89,0x09,0x31,0xc2, 
	0x7b,0xf1,0xc0,0x7b, 
	0xc0,0x20,0x00,0xe8, 
	0x15,0x30,0xee,0x10, 
	0xf0,0xee,0x20,0xc0, 
	0x20,0x00,0x0c,0x5d, 
	0x38,0x22,0xe9,0x15, 
	0xd2,0x43,0x4e,0x98, 
	0x72,0x0c,0x1f,0x4a, 
	0x99,0xf2,0x49,0xaa, 
	0xf2,0x49,0xab,0xf2, 
	0x49,0xa9,0xd8,0x32, 
	0xe2,0x03,0x67,0xe9, 
	0x11,0x86,0x92,0xff, 
	0xd8,0x2d,0xe0,0x8a, 
	0x11,0xd7,0xb8,0x02, 
	0x46,0x56,0x00,0xbd, 
	0x0f,0xed,0x07,0xc6, 
	0xe0,0xff,0xb2,0xa4, 
	0x00,0x82,0xa8,0xff, 
	0xc0,0x20,0x00,0x92, 
	0x2a,0x93,0x80,0x99, 
	0x10,0xb0,0x99,0x20, 
	0xc0,0x20,0x00,0x92, 
	0x6a,0x93,0x7c,0x07, 
	0xb1,0x8d,0x7b,0xa1, 
	0xaa,0x7b,0x88,0x4d, 
	0x92,0xa7,0xcf,0x87, 
	0x39,0x38,0xc0,0x20, 
	0x00,0x98,0x6b,0x70, 
	0x99,0x10,0xe0,0x99, 
	0x20,0xc0,0x20,0x00, 
	0x99,0x6b,0x91,0xa4, 
	0x7b,0xc0,0x20,0x00, 
	0x88,0x7b,0x80,0x80, 
	0xf4,0x90,0x88,0x20, 
	0xc0,0x20,0x00,0x89, 
	0x7b,0x81,0xa0,0x7b, 
	0xc0,0x20,0x00,0x98, 
	0xbb,0xa0,0x99,0x10, 
	0x80,0x99,0x20,0xc0, 
	0x20,0x00,0x99,0xbb, 
	0xc6,0x0d,0x00,0xc0, 
	0x20,0x00,0x98,0x6b, 
	0x0c,0x3e,0x70,0x99, 
	0x10,0xe0,0x99,0x20, 
	0xc0,0x20,0x00,0x99, 
	0x6b,0x91,0x97,0x7b, 
	0xc0,0x20,0x00,0x88, 
	0x7b,0x80,0x80,0xf4, 
	0x90,0x88,0x20,0xc0, 
	0x20,0x00,0x89,0x7b, 
	0x81,0x94,0x7b,0xc0, 
	0x20,0x00,0xe8,0xbb, 
	0xa0,0xee,0x10,0x80, 
	0xee,0x20,0xc0,0x20, 
	0x00,0xe9,0xbb,0xa2, 
	0x0d,0x33,0xa2,0xca, 
	0xd0,0x16,0xda,0xe3, 
	0x81,0x61,0x7b,0x88, 
	0x18,0x88,0x28,0x82, 
	0x08,0x6c,0x56,0x08, 
	0xe3,0xa1,0x8a,0x7b, 
	0x71,0x6f,0x7b,0xf1, 
	0x8a,0x7b,0xe1,0x8a, 
	0x7b,0xc1,0x8c,0x7b, 
	0x91,0x8b,0x7b,0x88, 
	0x4d,0x89,0x21,0xd1, 
	0x88,0x7b,0x87,0x39, 
	0x02,0x46,0x3c,0x00, 
	0xc0,0x20,0x00,0x92, 
	0x2b,0x26,0x81,0x87, 
	0x7b,0xe0,0x99,0x10, 
	0x80,0x99,0x20,0xc0, 
	0x20,0x00,0x92,0x6b, 
	0x26,0xc0,0x20,0x00, 
	0x82,0x22,0x8d,0x91, 
	0x83,0x7b,0x70,0x88, 
	0x10,0x90,0x88,0x20, 
	0xc0,0x20,0x00,0x82, 
	0x62,0x8d,0x92,0xd6, 
	0x04,0x81,0x7f,0x7b, 
	0xc0,0x20,0x00,0x98, 
	0x09,0xa0,0x99,0x10, 
	0x80,0x99,0x20,0x82, 
	0xd6,0x04,0xc0,0x20, 
	0x00,0x99,0x08,0x91, 
	0x7b,0x7b,0xc0,0x20, 
	0x00,0x88,0x15,0xf0, 
	0x88,0x10,0x90,0x88, 
	0x20,0xc0,0x20,0x00, 
	0x89,0x15,0xc0,0x20, 
	0x00,0x98,0x45,0x70, 
	0x99,0x20,0xc0,0x20, 
	0x00,0x99,0x45,0xc0, 
	0x20,0x00,0x88,0x55, 
	0xd0,0x88,0x10,0xc0, 
	0x88,0x20,0xc0,0x20, 
	0x00,0x89,0x55,0xc0, 
	0x20,0x00,0x92,0x22, 
	0x86,0x40,0x99,0x10, 
	0xc0,0x20,0x00,0x92, 
	0x62,0x86,0x06,0x63, 
	0xff,0xd0,0x8a,0x11, 
	0xd7,0x38,0x13,0xf2, 
	0x43,0x84,0xbd,0x0e, 
	0x46,0x89,0xff,0x91, 
	0x68,0x7b,0x47,0xb9, 
	0x52,0xb2,0x43,0x81, 
	0x06,0x81,0xff,0xc0, 
	0x8a,0x11,0xd7,0xb8, 
	0x02,0x46,0x36,0x00, 
	0xe2,0x43,0x84,0xed, 
	0x0b,0x46,0xf7,0xff, 
	0xb8,0x32,0x91,0x61, 
	0x7b,0xb8,0x4b,0xb7, 
	0x39,0x02,0x86,0x5a, 
	0x00,0xd2,0xa0,0x64, 
	0xd2,0x43,0x81,0x46, 
	0x6a,0xff,0xad,0x07, 
	0x25,0x9a,0x06,0xdd, 
	0x0b,0xcd,0x0a,0xb1, 
	0x5b,0x7b,0x0c,0x0a, 
	0x65,0xe7,0x05,0xd1, 
	0x5a,0x7b,0x0c,0x0c, 
	0x25,0x82,0x05,0xa5, 
	0x15,0x06,0xd8,0x01, 
	0xe8,0x41,0xa2,0x43, 
	0x5d,0xc6,0x2b,0xff, 
	0xa2,0x43,0x81,0x46, 
	0x6c,0xff,0x98,0x21, 
	0x81,0x3a,0x7b,0x97, 
	0x38,0x02,0x46,0x26, 
	0x00,0xc0,0x20,0x00, 
	0x82,0x2b,0x26,0x91, 
	0x48,0x7b,0xe0,0x88, 
	0x10,0x90,0x88,0x20, 
	0xc0,0x20,0x00,0x82, 
	0x6b,0x26,0xc0,0x20, 
	0x00,0x92,0x22,0x8d, 
	0x81,0x44,0x7b,0x70, 
	0x99,0x10,0x80,0x99, 
	0x20,0xc0,0x20,0x00, 
	0x92,0x62,0x8d,0x82, 
	0xd6,0x04,0x91,0x46, 
	0x7b,0xc0,0x20,0x00, 
	0x88,0x08,0xa0,0x88, 
	0x10,0x90,0x88,0x20, 
	0x92,0xd6,0x04,0xc0, 
	0x20,0x00,0x89,0x09, 
	0x81,0x42,0x7b,0xc0, 
	0x20,0x00,0x98,0x15, 
	0xf0,0x99,0x10,0x80, 
	0x99,0x20,0xc0,0x20, 
	0x00,0x99,0x15,0xc0, 
	0x20,0x00,0x88,0x45, 
	0x70,0x88,0x20,0xc0, 
	0x20,0x00,0x89,0x45, 
	0xc0,0x20,0x00,0x98, 
	0x55,0xd0,0x99,0x10, 
	0xc0,0x99,0x20,0xc0, 
	0x20,0x00,0x99,0x55, 
	0xc0,0x20,0x00,0x82, 
	0x22,0x86,0x40,0x88, 
	0x10,0xc0,0x20,0x00, 
	0x82,0x62,0x86,0xc6, 
	0x23,0xff,0xb0,0x9a, 
	0x11,0xd7,0xb9,0x02, 
	0x86,0x4e,0x00,0x0c, 
	0x85,0x0c,0x3a,0xa2, 
	0x43,0x84,0xbd,0x05, 
	0x46,0x48,0xff,0x81, 
	0x2d,0x7b,0x97,0x38, 
	0x02,0xc6,0x25,0x00, 
	0xc0,0x20,0x00,0x82, 
	0x2b,0x26,0x91,0x1f, 
	0x7b,0xe0,0x88,0x10, 
	0x90,0x88,0x20,0xc0, 
	0x20,0x00,0x82,0x6b, 
	0x26,0xc0,0x20,0x00, 
	0x92,0x22,0x8d,0x81, 
	0x25,0x7b,0x70,0x99, 
	0x10,0x80,0x99,0x20, 
	0xc0,0x20,0x00,0x92, 
	0x62,0x8d,0x82,0xd6, 
	0x04,0x91,0x21,0x7b, 
	0xc0,0x20,0x00,0x88, 
	0x08,0xa0,0x88,0x10, 
	0x90,0x88,0x20,0x92, 
	0xd6,0x04,0xc0,0x20, 
	0x00,0x89,0x09,0x81, 
	0x1d,0x7b,0xc0,0x20, 
	0x00,0x98,0x15,0xf0, 
	0x99,0x10,0x80,0x99, 
	0x20,0xc0,0x20,0x00, 
	0x99,0x15,0xc0,0x20, 
	0x00,0x88,0x45,0xd0, 
	0x88,0x10,0xc0,0x88, 
	0x20,0xc0,0x20,0x00, 
	0x89,0x45,0xc0,0x20, 
	0x00,0x98,0x55,0xd0, 
	0x99,0x10,0xc0,0x99, 
	0x20,0xc0,0x20,0x00, 
	0x99,0x55,0xc0,0x20, 
	0x00,0x82,0x22,0x86, 
	0x40,0x88,0x10,0xc0, 
	0x20,0x00,0x82,0x62, 
	0x86,0x46,0xfa,0xfe, 
	0x91,0x0d,0x7b,0xb7, 
	0x39,0x01,0x3c,0x2e, 
	0x3c,0x2d,0xd2,0x43, 
	0x81,0xc6,0x0d,0xff, 
	0x81,0xff,0x7a,0x97, 
	0x38,0x02,0xc6,0x24, 
	0x00,0xc0,0x20,0x00, 
	0x82,0x2b,0x26,0x91, 
	0xf7,0x7a,0xe0,0x88, 
	0x10,0x90,0x88,0x20, 
	0xc0,0x20,0x00,0x82, 
	0x6b,0x26,0xc0,0x20, 
	0x00,0x92,0x22,0x8d, 
	0x81,0xfd,0x7a,0x70, 
	0x99,0x10,0x80,0x99, 
	0x20,0xc0,0x20,0x00, 
	0x92,0x62,0x8d,0x82, 
	0xd6,0x04,0xc0,0x20, 
	0x00,0x88,0x08,0x91, 
	0xde,0x7a,0xa0,0x88, 
	0x10,0x90,0x88,0x20, 
	0x92,0xd6,0x04,0xc0, 
	0x20,0x00,0x89,0x09, 
	0x81,0xf7,0x7a,0xc0, 
	0x20,0x00,0x98,0x15, 
	0xf0,0x99,0x10,0x80, 
	0x99,0x20,0xc0,0x20, 
	0x00,0x99,0x15,0xc0, 
	0x20,0x00,0x88,0x45, 
	0xd0,0x88,0x10,0xc0, 
	0x88,0x20,0xc0,0x20, 
	0x00,0x89,0x45,0xc0, 
	0x20,0x00,0x98,0x55, 
	0x70,0x99,0x20,0xc0, 
	0x20,0x00,0x99,0x55, 
	0xc0,0x20,0x00,0x82, 
	0x22,0x86,0x40,0x88, 
	0x10,0xc0,0x20,0x00, 
	0x82,0x62,0x86,0xc6, 
	0xd2,0xfe,0xa0,0x9a, 
	0x11,0xd7,0xb9,0x02, 
	0xc6,0x49,0x00,0xb2, 
	0x43,0x84,0x06,0xaf, 
	0xff,0x82,0xa7,0xd0, 
	0x97,0x38,0x02,0x06, 
	0x21,0x00,0xc0,0x20, 
	0x00,0x92,0x2b,0x26, 
	0x81,0xd0,0x7a,0xe0, 
	0x99,0x10,0x80,0x99, 
	0x20,0xc0,0x20,0x00, 
	0x92,0x6b,0x26,0xc0, 
	0x20,0x00,0x82,0x22, 
	0x8d,0x91,0xd5,0x7a, 
	0x70,0x88,0x10,0x90, 
	0x88,0x20,0xc0,0x20, 
	0x00,0x82,0x62,0x8d, 
	0x92,0xd6,0x04,0x81, 
	0xd6,0x7a,0xc0,0x20, 
	0x00,0x98,0x09,0xa0, 
	0x99,0x10,0x80,0x99, 
	0x20,0x82,0xd6,0x04, 
	0xc0,0x20,0x00,0x99, 
	0x08,0xc0,0x20,0x00, 
	0x88,0x15,0x91,0xd0, 
	0x7a,0xf0,0x88,0x10, 
	0x90,0x88,0x20,0xc0, 
	0x20,0x00,0x89,0x15, 
	0xc0,0x20,0x00,0x98, 
	0x45,0xd0,0x99,0x10, 
	0xc0,0x99,0x20,0xc0, 
	0x20,0x00,0x99,0x45, 
	0xc0,0x20,0x00,0x88, 
	0x55,0x70,0x88,0x20, 
	0xc0,0x20,0x00,0x89, 
	0x55,0xc0,0x20,0x00, 
	0x92,0x22,0x86,0x40, 
	0x99,0x10,0xc0,0x20, 
	0x00,0x92,0x62,0x86, 
	0x86,0xab,0xfe,0x82, 
	0xa2,0xbc,0x97,0x38, 
	0x02,0x46,0x27,0x00, 
	0xc0,0x20,0x00,0x82, 
	0x2b,0x26,0x91,0xbe, 
	0x7a,0xe0,0x88,0x10, 
	0x90,0x88,0x20,0xc0, 
	0x20,0x00,0x82,0x6b, 
	0x26,0xc0,0x20,0x00, 
	0x92,0x22,0x8d,0x81, 
	0xa8,0x7a,0x70,0x99, 
	0x10,0x80,0x99,0x20, 
	0xc0,0x20,0x00,0x92, 
	0x62,0x8d,0x82,0xd6, 
	0x04,0x91,0xb5,0x7a, 
	0xc0,0x20,0x00,0x88, 
	0x08,0xa0,0x88,0x10, 
	0x90,0x88,0x20,0x92, 
	0xd6,0x04,0xc0,0x20, 
	0x00,0x89,0x09,0xc0, 
	0x20,0x00,0x98,0x15, 
	0x81,0xad,0x7a,0xf0, 
	0x99,0x10,0x80,0x99, 
	0x20,0xc0,0x20,0x00, 
	0x99,0x15,0xc0,0x20, 
	0x00,0x88,0x45,0xd0, 
	0x88,0x10,0xc0,0x88, 
	0x20,0xc0,0x20,0x00, 
	0x89,0x45,0xc0,0x20, 
	0x00,0x98,0x55,0x70, 
	0x99,0x20,0xc0,0x20, 
	0x00,0x99,0x55,0xc0, 
	0x20,0x00,0x82,0x22, 
	0x86,0x91,0xa3,0x7a, 
	0x40,0x88,0x10,0x90, 
	0x88,0x20,0xc0,0x20, 
	0x00,0x82,0x62,0x86, 
	0x86,0x86,0xfe,0x90, 
	0x9a,0x11,0xd7,0xb9, 
	0x02,0x06,0x25,0x00, 
	0x2c,0x05,0x0c,0x5a, 
	0xa2,0x43,0x84,0xc6, 
	0x61,0xff,0xc0,0x20, 
	0x00,0x82,0x2b,0x26, 
	0x91,0x97,0x7a,0xe0, 
	0x88,0x10,0x90,0x88, 
	0x20,0xc0,0x20,0x00, 
	0x82,0x6b,0x26,0xc0, 
	0x20,0x00,0x92,0x22, 
	0x8d,0x81,0x80,0x7a, 
	0x70,0x99,0x10,0x80, 
	0x99,0x20,0xc0,0x20, 
	0x00,0x92,0x62,0x8d, 
	0x82,0xd6,0x04,0x91, 
	0x90,0x7a,0xc0,0x20, 
	0x00,0x88,0x08,0xa0, 
	0x88,0x10,0x90,0x88, 
	0x20,0x92,0xd6,0x04, 
	0xc0,0x20,0x00,0x89, 
	0x09,0xc0,0x20,0x00, 
	0x98,0x15,0x81,0x85, 
	0x7a,0xf0,0x99,0x10, 
	0x80,0x99,0x20,0xc0, 
	0x20,0x00,0x99,0x15, 
	0xc0,0x20,0x00,0x88, 
	0x45,0xd0,0x88,0x10, 
	0xc0,0x88,0x20,0xc0, 
	0x20,0x00,0x89,0x45, 
	0xc0,0x20,0x00,0x98, 
	0x55,0x70,0x99,0x20, 
	0xc0,0x20,0x00,0x99, 
	0x55,0xc0,0x20,0x00, 
	0x82,0x22,0x86,0x91, 
	0x7c,0x7a,0x40,0x88, 
	0x10,0x90,0x88,0x20, 
	0xc0,0x20,0x00,0x82, 
	0x62,0x86,0x06,0x5f, 
	0xfe,0x80,0x9a,0x11, 
	0xd7,0x39,0x09,0x4c, 
	0x05,0x0c,0x6a,0xa2, 
	0x43,0x84,0x06,0x3b, 
	0xff,0x70,0xba,0x11, 
	0xd7,0x3b,0x0a,0xb2, 
	0xa0,0x80,0x0c,0x7d, 
	0xd2,0x43,0x84,0x86, 
	0x80,0xfe,0xbd,0x0f, 
	0x72,0x43,0x84,0x86, 
	0x7e,0xfe,0x00,0x00, 
	0x36,0xc1,0x00,0x0c, 
	0x1f,0xd1,0x6d,0x7a, 
	0x0c,0x0c,0x71,0x2c, 
	0x7a,0x61,0x33,0x7a, 
	0x41,0x6c,0x7a,0xe1, 
	0x6c,0x7a,0x0c,0x0b, 
	0x38,0x32,0xa1,0x6b, 
	0x7a,0x52,0x03,0x20, 
	0x91,0x6b,0x7a,0x82, 
	0xc5,0xa0,0x16,0x38, 
	0x13,0x82,0xc5,0x9f, 
	0x56,0x98,0x12,0x81, 
	0x68,0x7a,0xc0,0x20, 
	0x00,0x82,0x28,0xac, 
	0x80,0x8f,0x05,0x16, 
	0xa8,0x11,0x81,0x20, 
	0x7a,0xc0,0x20,0x00, 
	0x82,0x28,0x35,0x80, 
	0x87,0x04,0x16,0xb8, 
	0x10,0xc0,0x20,0x00, 
	0xd9,0x51,0xc9,0x41, 
	0xe9,0x31,0xb9,0x21, 
	0xa9,0x11,0x0c,0x05, 
	0x99,0x01,0x82,0x26, 
	0xbc,0x0c,0x19,0x89, 
	0x71,0x80,0x60,0x05, 
	0x80,0x80,0x24,0x0b, 
	0x66,0x60,0x59,0x83, 
	0x89,0x61,0x61,0x1a, 
	0x7a,0x98,0x01,0x16, 
	0x98,0x12,0x98,0x61, 
	0x0b,0x89,0x16,0xa8, 
	0x23,0xa2,0xc9,0xfe, 
	0x16,0x1a,0x24,0x0c, 
	0x54,0xc2,0xa1,0x20, 
	0x50,0xfc,0x93,0x7d, 
	0x0f,0x46,0x46,0x00, 
	0x51,0x50,0x7a,0xa8, 
	0x43,0x40,0xaa,0x82, 
	0xe5,0x50,0x06,0xa9, 
	0xc1,0xb9,0x81,0xad, 
	0x05,0x65,0x50,0x06, 
	0x58,0xc1,0xd1,0x4b, 
	0x7a,0x0c,0x0c,0x25, 
	0x39,0x05,0xcd,0x0a, 
	0xdd,0x0b,0xad,0x05, 
	0xb8,0x81,0x25,0x74, 
	0x05,0xa9,0x91,0xb9, 
	0xa1,0xad,0x04,0x65, 
	0x4f,0x06,0x4d,0x0a, 
	0x5d,0x0b,0xad,0x07, 
	0xe5,0x4d,0x06,0xd1, 
	0x43,0x7a,0x0c,0x0c, 
	0xa5,0x36,0x05,0xdd, 
	0x0b,0xcd,0x0a,0xbd, 
	0x05,0xad,0x04,0xe5, 
	0x71,0x05,0x48,0x91, 
	0x58,0xa1,0xd1,0x3e, 
	0x7a,0x0c,0x0c,0x65, 
	0x35,0x05,0xdd,0x0b, 
	0xcd,0x0a,0xbd,0x05, 
	0xad,0x04,0x65,0x99, 
	0x05,0x4d,0x0a,0xa8, 
	0x23,0x3d,0x0b,0xe5, 
	0x4a,0x06,0xd8,0x31, 
	0xc8,0x21,0x65,0x6f, 
	0x05,0xdd,0x0b,0xcd, 
	0x0a,0xbd,0x03,0xad, 
	0x04,0xa5,0x97,0x05, 
	0xd8,0x51,0xc8,0x41, 
	0x25,0x6e,0x05,0xd8, 
	0x11,0xc8,0x01,0xe5, 
	0x6d,0x05,0x31,0x30, 
	0x7a,0x25,0xc5,0x05, 
	0x30,0x8a,0x10,0xc0, 
	0x20,0x00,0x91,0x24, 
	0x7a,0xf2,0x26,0x81, 
	0x90,0xff,0x10,0x80, 
	0xff,0x20,0xc0,0x20, 
	0x00,0xf2,0x66,0x81, 
	0xc0,0x20,0x00,0xe1, 
	0xde,0x79,0xd2,0x26, 
	0x80,0xe0,0xdd,0x20, 
	0xc0,0x20,0x00,0x0c, 
	0x1b,0xc8,0x22,0xd2, 
	0x66,0x80,0xb2,0x4c, 
	0x9d,0x0c,0x02,0x1d, 
	0xf0,0x51,0xdc,0x79, 
	0xc0,0x20,0x00,0xd9, 
	0x51,0xc9,0x41,0xe9, 
	0x31,0xb9,0x21,0xa9, 
	0x11,0x82,0x25,0xb0, 
	0x99,0x01,0x87,0x78, 
	0xe3,0xc0,0x20,0x00, 
	0x92,0x25,0xa7,0xc7, 
	0x79,0xda,0xc0,0x20, 
	0x00,0x92,0x25,0xa7, 
	0x90,0x90,0x25,0x16, 
	0x99,0x09,0x0b,0xa9, 
	0x16,0x6a,0x14,0xb2, 
	0xc9,0xfe,0x16,0x6b, 
	0x14,0xc1,0x14,0x7a, 
	0x51,0x15,0x7a,0xd2, 
	0xc9,0xfd,0xd0,0x5c, 
	0x83,0x86,0x20,0x00, 
	0x0c,0x24,0xe2,0xa3, 
	0x18,0x50,0xfe,0x93, 
	0x7d,0x0f,0x98,0x71, 
	0x90,0x93,0x44,0xb6, 
	0xc9,0x02,0x86,0xb6, 
	0xff,0xc1,0x0d,0x7a, 
	0x90,0xa9,0x90,0xca, 
	0xaa,0xa0,0x0a,0x00, 
	0x86,0x46,0x00,0xc6, 
	0x69,0x00,0x86,0x67, 
	0x00,0x46,0x59,0x00, 
	0x06,0x51,0x00,0xc6, 
	0x63,0x00,0x86,0x61, 
	0x00,0x46,0x5f,0x00, 
	0x06,0x5d,0x00,0xc6, 
	0x5a,0x00,0x86,0x58, 
	0x00,0xc6,0xaa,0xff, 
	0x86,0x55,0x00,0x46, 
	0x53,0x00,0x06,0x51, 
	0x00,0xc6,0x4e,0x00, 
	0x86,0x4c,0x00,0x46, 
	0x4a,0x00,0x06,0x48, 
	0x00,0xc6,0x45,0x00, 
	0x86,0x43,0x00,0x46, 
	0x41,0x00,0x86,0xa2, 
	0xff,0x46,0x3e,0x00, 
	0x06,0xa1,0xff,0x46, 
	0x3b,0x00,0x06,0x39, 
	0x00,0xc6,0x36,0x00, 
	0x86,0x34,0x00,0x46, 
	0x9d,0xff,0x86,0x31, 
	0x00,0xc6,0x9b,0xff, 
	0x51,0xf4,0x79,0xa8, 
	0x43,0x65,0x33,0x06, 
	0xbd,0x05,0xe5,0x11, 
	0x05,0x65,0xba,0x05, 
	0xcd,0x0a,0xdd,0x0b, 
	0x65,0x20,0x05,0x5d, 
	0x0a,0xa8,0x23,0x3d, 
	0x0b,0xa5,0x36,0x06, 
	0xd8,0x31,0xc8,0x21, 
	0x25,0x5b,0x05,0xd1, 
	0xeb,0x79,0x0c,0x0c, 
	0x39,0xb1,0xa5,0x5a, 
	0x05,0x38,0xb1,0xdd, 
	0x0b,0xcd,0x0a,0xb1, 
	0xe8,0x79,0x0c,0x0a, 
	0xa5,0x82,0x05,0xdd, 
	0x0b,0xcd,0x0a,0xbd, 
	0x03,0xad,0x05,0x25, 
	0x59,0x05,0xd8,0x11, 
	0xc8,0x01,0x5d,0x0b, 
	0x3d,0x0a,0xb8,0x51, 
	0xa8,0x41,0x25,0x58, 
	0x05,0xdd,0x0b,0xcd, 
	0x0a,0xbd,0x05,0xad, 
	0x03,0x65,0x57,0x05, 
	0x31,0xd7,0x79,0xe5, 
	0xae,0x05,0x30,0x9a, 
	0x10,0xc0,0x20,0x00, 
	0x82,0x26,0x81,0x40, 
	0x88,0x10,0x90,0x88, 
	0x20,0xc0,0x20,0x00, 
	0x82,0x66,0x81,0xc0, 
	0x20,0x00,0xf2,0x26, 
	0x80,0x70,0xff,0x20, 
	0xc0,0x20,0x00,0x0c, 
	0x1d,0xe8,0x22,0xf2, 
	0x66,0x80,0xd2,0x4e, 
	0x9d,0x06,0xa7,0xff, 
	0x0c,0x34,0x92,0xa1, 
	0xf8,0x50,0xf9,0x93, 
	0x7d,0x0f,0x06,0xb9, 
	0xff,0x0c,0x44,0xa2, 
	0xa1,0x8c,0x50,0xfa, 
	0x93,0x7d,0x0f,0xc6, 
	0xb5,0xff,0x51,0xca, 
	0x79,0x86,0xd2,0xff, 
	0x51,0xca,0x79,0x06, 
	0xd1,0xff,0x51,0xc9, 
	0x79,0x86,0x6b,0xff, 
	0x51,0xc9,0x79,0x06, 
	0x6a,0xff,0x51,0xc8, 
	0x79,0x86,0x68,0xff, 
	0x51,0xc8,0x79,0x06, 
	0x67,0xff,0x51,0xc7, 
	0x79,0x86,0x65,0xff, 
	0x51,0xc7,0x79,0x06, 
	0x64,0xff,0x51,0xc6, 
	0x79,0x86,0x62,0xff, 
	0x51,0xc6,0x79,0x06, 
	0x61,0xff,0x51,0xc5, 
	0x79,0x86,0x5f,0xff, 
	0x51,0xc5,0x79,0x06, 
	0x5e,0xff,0x51,0xc4, 
	0x79,0x86,0x5c,0xff, 
	0x51,0xc4,0x79,0x06, 
	0x5b,0xff,0x51,0xc3, 
	0x79,0x86,0x59,0xff, 
	0x51,0xc3,0x79,0x06, 
	0x58,0xff,0x51,0xc2, 
	0x79,0x86,0x56,0xff, 
	0x51,0xc2,0x79,0x06, 
	0x55,0xff,0x51,0xc1, 
	0x79,0x86,0x53,0xff, 
	0x51,0xc1,0x79,0x06, 
	0x52,0xff,0x51,0xc0, 
	0x79,0x86,0x50,0xff, 
	0x51,0xc0,0x79,0x06, 
	0x4f,0xff,0x51,0xbf, 
	0x79,0x86,0x4d,0xff, 
	0x51,0xbf,0x79,0x06, 
	0x4c,0xff,0x51,0xbe, 
	0x79,0x86,0x4a,0xff, 
	0x51,0xbe,0x79,0x06, 
	0x49,0xff,0x51,0xbd, 
	0x79,0x86,0x47,0xff, 
	0x36,0x41,0x00,0xad, 
	0x02,0x65,0xa3,0x03, 
	0xad,0x02,0xe5,0xbf, 
	0x03,0xa8,0x32,0xc2, 
	0xa0,0x61,0xa2,0x0a, 
	0x20,0xd2,0xa0,0x60, 
	0xd7,0x1a,0x08,0xc7, 
	0x1a,0x05,0xb2,0xa0, 
	0x62,0xb7,0x9a,0x1c, 
	0xb8,0x22,0x1c,0x4e, 
	0xe2,0x4b,0x5d,0xe2, 
	0x4b,0x5e,0xd7,0x9a, 
	0x30,0x92,0xa0,0x6b, 
	0x92,0x4b,0x51,0xad, 
	0x02,0x0c,0x0f,0xf2, 
	0x4b,0x67,0xa5,0xdb, 
	0x03,0xa5,0xeb,0xfe, 
	0xc1,0x37,0x79,0xc8, 
	0x1c,0xb8,0x22,0xc8, 
	0x2c,0xa9,0x0b,0xa8, 
	0x0c,0xa9,0x2b,0xa9, 
	0x1b,0x3c,0xd8,0x91, 
	0x34,0x79,0xc0,0x20, 
	0x00,0x82,0x69,0xb4, 
	0x1d,0xf0,0xc7,0x9a, 
	0xd1,0x1c,0x99,0x46, 
	0xf2,0xff,0x00,0x00, 
	0x36,0x41,0x00,0x31, 
	0x3d,0x79,0xa8,0x32, 
	0x42,0xa0,0x61,0xa2, 
	0x0a,0x20,0x2c,0x18, 
	0x87,0x1a,0x02,0x47, 
	0x9a,0x37,0xc0,0x20, 
	0x00,0x92,0x23,0xaa, 
	0xf7,0xf9,0x08,0xe7, 
	0xf9,0x05,0xf7,0xe9, 
	0x02,0xe7,0x69,0x0c, 
	0xa1,0x23,0x79,0xa8, 
	0x1a,0x25,0xf2,0xfe, 
	0xa8,0x32,0xa2,0x0a, 
	0x20,0x47,0x9a,0x15, 
	0x0c,0xfc,0xc0,0x20, 
	0x00,0xb2,0x23,0xb1, 
	0xb0,0xb8,0x35,0xc7, 
	0x9b,0x07,0x0c,0x0c, 
	0xc0,0x20,0x00,0xc2, 
	0x63,0x8c,0x0c,0x02, 
	0x1d,0xf0,0x00,0x00, 
	0x36,0x41,0x00,0xc1, 
	0x29,0x79,0x71,0x24, 
	0x79,0xb1,0x26,0x79, 
	0x61,0x19,0x79,0xa1, 
	0x89,0x79,0x81,0x15, 
	0x79,0xc0,0x20,0x00, 
	0x52,0x28,0x94,0xc0, 
	0x20,0x00,0x50,0xd0, 
	0x75,0x91,0x2e,0x79, 
	0x42,0x28,0x95,0x90, 
	0x55,0x10,0x91,0x83, 
	0x79,0xd0,0x55,0x20, 
	0x9a,0x55,0xf6,0xb5, 
	0x42,0xe1,0x81,0x79, 
	0x50,0xd5,0x90,0xea, 
	0xdd,0xa0,0x0d,0x00, 
	0x06,0x0b,0x00,0x46, 
	0x8f,0x00,0x46,0x84, 
	0x00,0x06,0x7d,0x00, 
	0x06,0x78,0x00,0x86, 
	0x70,0x00,0x86,0x08, 
	0x00,0xc6,0x07,0x00, 
	0x46,0x6c,0x00,0xc6, 
	0x51,0x00,0xc6,0x47, 
	0x00,0xc6,0x3b,0x00, 
	0xc6,0x31,0x00,0x46, 
	0x06,0x00,0x86,0x1e, 
	0x00,0x86,0x0d,0x00, 
	0x38,0x32,0x40,0xf0, 
	0x34,0xf2,0x43,0x22, 
	0x2c,0x99,0xc0,0x20, 
	0x00,0x92,0x68,0xb4, 
	0x0c,0x02,0x1d,0xf0, 
	0xb8,0x32,0x40,0xa0, 
	0x34,0xa2,0x4b,0x1c, 
	0xa2,0xca,0xfb,0x56, 
	0x1a,0x24,0xd1,0x6b, 
	0x79,0xc0,0x20,0x00, 
	0xc2,0x27,0x94,0xd0, 
	0xcc,0x20,0xc0,0x20, 
	0x00,0xc2,0x67,0x94, 
	0x06,0xf4,0xff,0x40, 
	0xf0,0x24,0x40,0x53, 
	0x04,0x40,0x74,0x04, 
	0x40,0x95,0x04,0x40, 
	0xa6,0x04,0x38,0x32, 
	0x40,0xb7,0x04,0xb2, 
	0x43,0x37,0xa2,0x43, 
	0x38,0x92,0x43,0x34, 
	0x72,0x43,0x35,0x52, 
	0x43,0x36,0xf2,0x43, 
	0x39,0x40,0xe0,0x74, 
	0xc0,0x20,0x00,0xf2, 
	0x26,0x82,0x80,0xee, 
	0x01,0xc0,0xff,0x10, 
	0xf0,0xee,0x20,0xc0, 
	0x20,0x00,0xe2,0x66, 
	0x82,0xc6,0xe3,0xff, 
	0x40,0x30,0x04,0xc8, 
	0x32,0x40,0x51,0x04, 
	0x52,0x4c,0x32,0x32, 
	0x4c,0x31,0xd1,0xe4, 
	0x78,0xc0,0x20,0x00, 
	0xf2,0x2d,0x40,0xe2, 
	0x0c,0x31,0xa0,0xff, 
	0x10,0x00,0xee,0x11, 
	0xf0,0xee,0x20,0xc0, 
	0x20,0x00,0xe2,0x6d, 
	0x40,0xf1,0x4c,0x79, 
	0xc0,0x20,0x00,0xe2, 
	0x2d,0x41,0xc2,0x0c, 
	0x32,0xf0,0xee,0x10, 
	0xa0,0xcc,0x01,0xe0, 
	0xcc,0x20,0xc0,0x20, 
	0x00,0xc2,0x6d,0x41, 
	0x06,0xd2,0xff,0x40, 
	0xb0,0x74,0x61,0xfb, 
	0x78,0x40,0xa8,0x74, 
	0x40,0x90,0x75,0x00, 
	0x99,0x11,0x80,0xaa, 
	0x11,0x60,0x64,0x10, 
	0xb0,0xaa,0x20,0x90, 
	0x66,0x20,0x98,0x32, 
	0xa0,0x66,0x20,0x69, 
	0x19,0xc6,0xc8,0xff, 
	0xc8,0x32,0x40,0xbc, 
	0x35,0x40,0xf0,0x74, 
	0x40,0xe8,0x74,0x40, 
	0xd8,0x35,0x80,0xdd, 
	0x01,0x80,0xee,0x11, 
	0xf0,0xee,0x20,0xb2, 
	0x4c,0x2b,0x40,0xf0, 
	0x75,0x00,0xff,0x11, 
	0xf0,0xdd,0x20,0xe0, 
	0xdd,0x20,0xd9,0x2c, 
	0xd9,0x3c,0x86,0xbd, 
	0xff,0x40,0x60,0x74, 
	0xf1,0xe7,0x78,0x40, 
	0x58,0x74,0x40,0x30, 
	0x75,0x00,0x33,0x11, 
	0x80,0x55,0x11,0xf0, 
	0xf4,0x10,0x60,0x55, 
	0x20,0x30,0xff,0x20, 
	0x38,0x32,0x50,0xff, 
	0x20,0xf9,0x03,0x46, 
	0xb4,0xff,0x40,0x38, 
	0x41,0x40,0x50,0x14, 
	0x40,0x92,0x04,0x40, 
	0xa3,0x04,0x78,0x32, 
	0x40,0xb4,0x34,0xb2, 
	0x47,0x21,0xa2,0x47, 
	0x1f,0x92,0x47,0x1e, 
	0x52,0x47,0x1d,0x32, 
	0x47,0x20,0xc0,0x20, 
	0x00,0xf2,0x26,0x81, 
	0xe2,0x07,0x20,0xc0, 
	0xff,0x10,0x80,0xee, 
	0x01,0xf0,0xee,0x20, 
	0xc0,0x20,0x00,0xe2, 
	0x66,0x81,0xd1,0x1a, 
	0x79,0xc0,0x20,0x00, 
	0x92,0x07,0x1e,0xb2, 
	0x26,0x90,0xa2,0x07, 
	0x1f,0xd0,0xbb,0x10, 
	0x50,0xaa,0x01,0x60, 
	0x99,0x01,0xb0,0xaa, 
	0x20,0xa0,0x99,0x20, 
	0xc0,0x20,0x00,0x92, 
	0x66,0x90,0x98,0x02, 
	0x72,0x07,0x20,0x72, 
	0x49,0x02,0x86,0x9a, 
	0xff,0xc8,0x32,0x42, 
	0x4c,0x33,0x86,0x98, 
	0xff,0xc0,0x20,0x00, 
	0xe2,0x26,0x9a,0x40, 
	0xd0,0x04,0x00,0xdd, 
	0x11,0xa0,0xee,0x10, 
	0xe0,0xdd,0x20,0xc0, 
	0x20,0x00,0xd2,0x66, 
	0x9a,0xc6,0x91,0xff, 
	0x40,0xe0,0x04,0xf8, 
	0x32,0x40,0x34,0x34, 
	0x32,0x4f,0x2f,0xe2, 
	0x4f,0x30,0x86,0x8d, 
	0xff,0x40,0x90,0x04, 
	0x7c,0xea,0xc0,0x20, 
	0x00,0x52,0x27,0x80, 
	0xa0,0x55,0x10,0x90, 
	0x55,0x20,0xc0,0x20, 
	0x00,0x52,0x67,0x80, 
	0x06,0x87,0xff,0x40, 
	0xf0,0x04,0x38,0x32, 
	0x40,0x57,0x04,0x52, 
	0x43,0x2c,0xf2,0x43, 
	0x2e,0x40,0xc0,0x74, 
	0xe2,0xaf,0x7e,0xc0, 
	0x20,0x00,0xd2,0x2b, 
	0x80,0xe0,0xdd,0x10, 
	0xd0,0xcc,0x20,0xc0, 
	0x20,0x00,0xc2,0x6b, 
	0x80,0xc6,0x7c,0xff, 
	0x40,0x70,0x04,0x40, 
	0xa1,0x04,0x40,0xc2, 
	0x04,0x40,0xd3,0x04, 
	0x40,0xe4,0x04,0x40, 
	0xf5,0x04,0x40,0x36, 
	0x04,0x98,0x32,0x40, 
	0x57,0x04,0x52,0x49, 
	0x23,0x32,0x49,0x24, 
	0xf2,0x49,0x25,0xe2, 
	0x49,0x26,0xd2,0x49, 
	0x27,0xc2,0x49,0x28, 
	0xa2,0x49,0x29,0x72, 
	0x49,0x2a,0x40,0x60, 
	0x74,0x91,0xe4,0x78, 
	0xc0,0x20,0x00,0x72, 
	0x2b,0x80,0x80,0x66, 
	0x11,0x90,0x77,0x10, 
	0x70,0x66,0x20,0xc0, 
	0x20,0x00,0x62,0x6b, 
	0x80,0xc6,0x68,0xff, 
	0xa1,0xdf,0x78,0xc0, 
	0x20,0x00,0x92,0x27, 
	0x94,0xa0,0x99,0x10, 
	0xc0,0x20,0x00,0x92, 
	0x67,0x94,0x86,0x63, 
	0xff,0x00,0x00,0x00, 
	0x36,0xc1,0x02,0x0c, 
	0x34,0x0c,0x27,0x0c, 
	0x16,0x51,0x5e,0x78, 
	0x38,0x22,0x0c,0x6e, 
	0xb2,0xa0,0x80,0x0c, 
	0x4d,0x2c,0x09,0x4c, 
	0x0a,0xc1,0xd3,0x78, 
	0x1c,0x0f,0xf2,0x61, 
	0x47,0xc2,0x61,0x3a, 
	0xa2,0x61,0x40,0x92, 
	0x61,0x46,0xd2,0x61, 
	0x4c,0xb2,0x61,0x1e, 
	0xe2,0x61,0x3f,0xb1, 
	0xce,0x78,0xe1,0xca, 
	0x78,0x82,0x03,0x4e, 
	0x0c,0x0d,0xd2,0x61, 
	0x3b,0x82,0x61,0x3e, 
	0x0b,0x88,0x56,0x78, 
	0x0a,0xf1,0x68,0x78, 
	0xc2,0x21,0x1e,0xa1, 
	0xc8,0x78,0xc0,0x20, 
	0x00,0x82,0x25,0x80, 
	0xa0,0x88,0x10,0xc0, 
	0x20,0x00,0x82,0x65, 
	0x80,0xc0,0x20,0x00, 
	0xa1,0x74,0x78,0x82, 
	0x25,0x81,0xa0,0x88, 
	0x10,0xc0,0x20,0x00, 
	0x82,0x65,0x81,0x81, 
	0x57,0x78,0x51,0x50, 
	0x78,0xc0,0x20,0x00, 
	0xa8,0x32,0x82,0x65, 
	0x8c,0x82,0x0a,0x33, 
	0x51,0x40,0x78,0x82, 
	0xc8,0xd0,0x56,0x58, 
	0x6b,0xc1,0xb9,0x78, 
	0xc0,0x20,0x00,0x82, 
	0x25,0x89,0xe0,0x88, 
	0x10,0xc0,0x88,0x20, 
	0xc0,0x20,0x00,0xd1, 
	0x57,0x78,0xc8,0x72, 
	0x82,0x65,0x89,0xda, 
	0xcc,0xc2,0x0c,0xb2, 
	0x56,0x0c,0x0d,0xb2, 
	0x23,0x22,0x91,0xb1, 
	0x78,0xb7,0xb9,0x02, 
	0x06,0x31,0x00,0xd2, 
	0xa0,0xcc,0x62,0xa0, 
	0xc4,0xc2,0xa4,0x4c, 
	0xb7,0xbc,0x02,0x46, 
	0x7f,0x02,0x92,0x03, 
	0x85,0x88,0x2a,0xb0, 
	0x4b,0x90,0x90,0x88, 
	0xc2,0x87,0x34,0x02, 
	0x86,0xd5,0x02,0xc0, 
	0x20,0x00,0xa8,0x7f, 
	0xc2,0xaf,0x00,0xc0, 
	0xaa,0x10,0xd0,0xaa, 
	0x20,0xc0,0x20,0x00, 
	0xa9,0x7f,0xc6,0x82, 
	0x02,0x82,0x21,0x3e, 
	0x82,0xc8,0xfe,0x56, 
	0x28,0x0d,0x92,0x03, 
	0x67,0xdc,0x09,0xc0, 
	0x20,0x00,0x81,0x9e, 
	0x78,0xf2,0x25,0x89, 
	0x80,0xff,0x10,0xc0, 
	0x20,0x00,0xf2,0x65, 
	0x89,0x0c,0x08,0x82, 
	0x61,0x39,0x81,0x9a, 
	0x78,0x82,0x61,0x38, 
	0xc2,0xa0,0x60,0xc0, 
	0x20,0x00,0x82,0x25, 
	0xa7,0x42,0x61,0x4b, 
	0x80,0x8f,0x05,0x16, 
	0x28,0x0a,0xc1,0x33, 
	0x78,0x48,0x72,0xca, 
	0xc4,0x62,0x4c,0xb0, 
	0x92,0x03,0x67,0x16, 
	0x89,0x2f,0xc0,0x20, 
	0x00,0x92,0x25,0x89, 
	0x90,0x95,0x05,0xc0, 
	0x20,0x00,0x81,0x27, 
	0x78,0xf2,0x25,0xa8, 
	0xa1,0x8d,0x78,0xf0, 
	0xf2,0xd5,0xf2,0x61, 
	0x37,0x90,0xa8,0x93, 
	0xba,0xf4,0x92,0x0f, 
	0xf4,0x06,0x2d,0x00, 
	0xc0,0x20,0x00,0xe1, 
	0x23,0x78,0xc2,0x25, 
	0x86,0xe0,0xcc,0x10, 
	0xc0,0x20,0x00,0xc2, 
	0x65,0x86,0x62,0x43, 
	0x85,0xa8,0x72,0xba, 
	0xaa,0xd2,0x4a,0xf4, 
	0x81,0x82,0x78,0xc0, 
	0x20,0x00,0xf2,0x25, 
	0x89,0x80,0xff,0x20, 
	0xc0,0x20,0x00,0xf2, 
	0x65,0x89,0xa2,0x23, 
	0x22,0x25,0xcf,0x05, 
	0x42,0x21,0x3b,0x52, 
	0x21,0x3a,0xdd,0x0b, 
	0xcd,0x0a,0xb1,0x7a, 
	0x78,0x0c,0x0a,0x25, 
	0x1c,0x05,0xdd,0x05, 
	0xcd,0x04,0xa5,0xf2, 
	0x04,0x25,0x4a,0x05, 
	0x72,0x43,0x4e,0xa9, 
	0x83,0x65,0x99,0xfe, 
	0x98,0x22,0xb2,0x21, 
	0x4c,0xb2,0x49,0x69, 
	0xa9,0xe9,0xa5,0x98, 
	0xfe,0xc8,0x22,0xa9, 
	0xfc,0x0c,0x02,0x1d, 
	0xf0,0xa8,0x32,0xa2, 
	0x0a,0x20,0xc0,0x8a, 
	0xc0,0x56,0x98,0x0e, 
	0x98,0x42,0xd2,0x49, 
	0x1a,0xe5,0x96,0xfe, 
	0xb1,0x62,0x78,0xe1, 
	0x5e,0x78,0x0c,0x0d, 
	0x38,0x22,0x42,0x61, 
	0x4b,0x88,0xe3,0xf8, 
	0x83,0x80,0xca,0xc0, 
	0xf7,0xbc,0x0a,0x62, 
	0x43,0x4f,0x98,0x02, 
	0x62,0x49,0x01,0x86, 
	0xf1,0xff,0x48,0x72, 
	0xba,0xf4,0x92,0x0f, 
	0xf4,0x0b,0xc9,0x56, 
	0x5c,0x5b,0x0c,0x0a, 
	0x0c,0x08,0x82,0x61, 
	0x37,0xf2,0x61,0x30, 
	0x0b,0xc9,0x81,0x0f, 
	0x78,0x82,0x61,0x3c, 
	0x0c,0x09,0x92,0x61, 
	0x3d,0x88,0x32,0x82, 
	0x61,0x4d,0x92,0x03, 
	0x85,0x92,0x61,0x4a, 
	0x56,0x9c,0x09,0xe5, 
	0xc5,0x05,0xb2,0x61, 
	0x44,0x92,0x21,0x30, 
	0xa2,0x61,0x45,0xc2, 
	0x21,0x4d,0xa2,0x21, 
	0x4a,0xc8,0x2c,0x92, 
	0x09,0xf5,0x92,0x61, 
	0x22,0xa0,0xac,0xc2, 
	0x25,0xc3,0x05,0xd2, 
	0x21,0x3c,0xc2,0x21, 
	0x3d,0xb2,0x61,0x23, 
	0xa2,0x61,0x24,0xb2, 
	0x21,0x44,0xa2,0x21, 
	0x45,0xe5,0xe6,0x04, 
	0xa2,0x61,0x26,0xb2, 
	0x61,0x25,0xa2,0x21, 
	0x37,0xe5,0xc1,0x05, 
	0xdd,0x0b,0xcd,0x0a, 
	0xb2,0x21,0x25,0xa2, 
	0x21,0x26,0xe5,0xbe, 
	0x04,0xdd,0x0b,0xcd, 
	0x0a,0xb2,0x21,0x23, 
	0xa2,0x21,0x24,0xa5, 
	0xe4,0x04,0xd2,0x21, 
	0x44,0xc2,0x21,0x45, 
	0xe5,0x0c,0x05,0xd2, 
	0x21,0x3c,0xc2,0x21, 
	0x3d,0xa5,0xa7,0x04, 
	0xe5,0x3a,0x05,0xb1, 
	0x31,0x78,0x92,0x21, 
	0x22,0x82,0x21,0x30, 
	0x40,0x99,0xa0,0x92, 
	0xd9,0x15,0xa2,0x69, 
	0x10,0xf2,0x08,0xf5, 
	0x0c,0x0d,0x1b,0xff, 
	0xf2,0x48,0xf5,0x46, 
	0x20,0x00,0xc2,0xca, 
	0x9f,0x56,0x4c,0xf1, 
	0x98,0x52,0x06,0xc3, 
	0xff,0x92,0x61,0x4a, 
	0x16,0x09,0x07,0xe5, 
	0xbb,0x05,0xa2,0x61, 
	0x45,0xd2,0x21,0x4d, 
	0xa2,0x21,0x4a,0xd8, 
	0x2d,0xb2,0x61,0x44, 
	0xa0,0xad,0xc2,0xe5, 
	0xb9,0x05,0xd2,0x21, 
	0x3c,0xc2,0x21,0x3d, 
	0xb2,0x61,0x28,0xa2, 
	0x61,0x29,0xb2,0x21, 
	0x44,0xa2,0x21,0x45, 
	0x65,0xdd,0x04,0xa2, 
	0x61,0x2b,0xb2,0x61, 
	0x2a,0xa2,0x21,0x37, 
	0x65,0xb8,0x05,0xdd, 
	0x0b,0xcd,0x0a,0xb2, 
	0x21,0x2a,0xa2,0x21, 
	0x2b,0x65,0xb5,0x04, 
	0xdd,0x0b,0xcd,0x0a, 
	0xb2,0x21,0x28,0xa2, 
	0x21,0x29,0x25,0xdb, 
	0x04,0xd2,0x21,0x44, 
	0xc2,0x21,0x45,0xa5, 
	0x03,0x05,0xd2,0x21, 
	0x3c,0xc2,0x21,0x3d, 
	0x25,0x9e,0x04,0xa5, 
	0x31,0x05,0xb1,0x0b, 
	0x78,0x82,0x21,0x4d, 
	0x0c,0x0d,0xa9,0x48, 
	0x92,0x21,0x4d,0x92, 
	0x09,0x33,0x62,0x61, 
	0x1c,0x92,0xc9,0xd0, 
	0x56,0xd9,0x0e,0x62, 
	0x21,0x4d,0xa2,0x03, 
	0x80,0x68,0x46,0xb1, 
	0xbd,0x77,0x60,0xaa, 
	0x82,0x25,0xb2,0x05, 
	0xd2,0x21,0x38,0xc2, 
	0x21,0x39,0xa5,0xff, 
	0x04,0x25,0x2e,0x05, 
	0x82,0x03,0x81,0xa2, 
	0x61,0x31,0x60,0xa8, 
	0x82,0xa5,0xb0,0x05, 
	0xd2,0x21,0x38,0xc2, 
	0x21,0x39,0x25,0xfe, 
	0x04,0xa5,0x2c,0x05, 
	0xb1,0x9c,0x77,0xd1, 
	0xb1,0x77,0xba,0xb4, 
	0x92,0x0b,0xb2,0xf2, 
	0x21,0x31,0x16,0x39, 
	0x7a,0xc2,0xc9,0xfd, 
	0x16,0xdc,0x79,0x67, 
	0xbd,0x19,0xd2,0xd4, 
	0x0d,0xd2,0x2d,0x2f, 
	0xf0,0xe6,0xc0,0xd7, 
	0x3e,0x02,0x86,0x24, 
	0x02,0xaa,0xe6,0xe7, 
	0x3d,0x02,0x86,0x22, 
	0x02,0x72,0x61,0x4b, 
	0x82,0x21,0x4b,0x82, 
	0x4b,0xa9,0x92,0xd4, 
	0x13,0x92,0x61,0x41, 
	0xc0,0x20,0x00,0xd1, 
	0xeb,0x77,0xc2,0x25, 
	0x89,0xd0,0xcc,0x10, 
	0xc0,0x20,0x00,0xb2, 
	0x21,0x1c,0xc2,0x65, 
	0x89,0x0c,0x0a,0xa2, 
	0x43,0x4f,0xb2,0x43, 
	0x4e,0xc0,0x20,0x00, 
	0xd1,0xdd,0x77,0x92, 
	0x25,0x89,0xa1,0x93, 
	0x77,0xd0,0x99,0x10, 
	0xa0,0x99,0x20,0xc0, 
	0x20,0x00,0x92,0x65, 
	0x89,0xc0,0x20,0x00, 
	0xf1,0x7a,0x77,0xe8, 
	0x7f,0x82,0xaf,0x00, 
	0x80,0xee,0x10,0xc0, 
	0x20,0x00,0xe9,0x7f, 
	0xc0,0x20,0x00,0xc2, 
	0x25,0x82,0xd0,0xcc, 
	0x10,0xd1,0xdc,0x77, 
	0xd0,0xcc,0x20,0xc0, 
	0x20,0x00,0xb2,0x21, 
	0x41,0xa2,0x1b,0x9b, 
	0xc2,0x65,0x82,0x1b, 
	0xaa,0xa2,0x5b,0x9b, 
	0x46,0x65,0xff,0xe8, 
	0x32,0xe2,0x61,0x4d, 
	0xe2,0x0e,0x33,0xe2, 
	0xce,0xd0,0x16,0x7e, 
	0xd8,0xba,0xa4,0x92, 
	0x0a,0xf4,0x62,0x61, 
	0x1c,0xfc,0x59,0xe2, 
	0x21,0x4d,0x68,0x4e, 
	0xe8,0x2e,0xe0,0xf6, 
	0x11,0xe7,0xbf,0x02, 
	0x06,0x2f,0x01,0xd2, 
	0x43,0x84,0x62,0x21, 
	0x1c,0x62,0x43,0x85, 
	0xc0,0x20,0x00,0x91, 
	0x62,0x77,0xf2,0x03, 
	0x84,0x82,0x25,0x86, 
	0x40,0xff,0x11,0x90, 
	0x88,0x10,0x80,0xff, 
	0x20,0xc0,0x20,0x00, 
	0xf2,0x65,0x86,0x92, 
	0x0a,0xf4,0xe1,0x4d, 
	0x77,0x0c,0x0f,0x81, 
	0xc2,0x77,0x0b,0xc9, 
	0x82,0x61,0x48,0xf2, 
	0x61,0x49,0x56,0x5c, 
	0x14,0xa2,0x61,0x30, 
	0xf2,0x0a,0xf5,0x0c, 
	0x0b,0x92,0xd4,0x13, 
	0xc1,0x8b,0x77,0xc2, 
	0x61,0x42,0x92,0x61, 
	0x41,0x92,0x19,0x9e, 
	0xb2,0x61,0x43,0xf7, 
	0x39,0x02,0x86,0xfd, 
	0x00,0xad,0x01,0xb1, 
	0xb7,0x77,0x5c,0x0c, 
	0xa5,0xa4,0x05,0xa2, 
	0xc1,0x50,0xb1,0xb5, 
	0x77,0x1c,0x4c,0x25, 
	0xa4,0x05,0xf2,0x21, 
	0x30,0xd2,0x21,0x41, 
	0x0c,0x0e,0xd2,0x1d, 
	0x9e,0xd2,0x61,0x1d, 
	0xe2,0x4f,0xf4,0x16, 
	0x0d,0x57,0xa2,0x23, 
	0x22,0xa2,0x61,0x32, 
	0xa0,0xaa,0xa0,0xe5, 
	0x99,0x05,0xd2,0x21, 
	0x38,0xc2,0x21,0x39, 
	0x25,0xe7,0x04,0xe5, 
	0x15,0x05,0xf2,0x21, 
	0x1d,0x0c,0x0e,0xc2, 
	0x21,0x32,0x0c,0x0b, 
	0xa0,0xdc,0xc0,0xaa, 
	0xcc,0x40,0xae,0xa0, 
	0xa2,0xda,0x15,0xa2, 
	0x2a,0x10,0xa7,0xbd, 
	0x0f,0xc7,0xba,0x0c, 
	0x82,0xc1,0x50,0x8a, 
	0x8b,0xe2,0x48,0x00, 
	0x1b,0xbb,0xb0,0xb0, 
	0x74,0x1b,0xee,0xe0, 
	0xe0,0x74,0xf7,0x3e, 
	0xdb,0x06,0x49,0x01, 
	0xf2,0xcb,0xfe,0x56, 
	0xcf,0x43,0xa2,0x01, 
	0x50,0xb1,0x99,0x77, 
	0x4a,0xaa,0xba,0xaa, 
	0xa2,0x0a,0xd8,0x40, 
	0xaa,0xa0,0xa2,0xda, 
	0x11,0xa8,0x1a,0xa5, 
	0x94,0x05,0xd2,0x21, 
	0x42,0xc2,0x21,0x43, 
	0x25,0xb8,0x04,0xd2, 
	0x21,0x48,0xc2,0x21, 
	0x49,0xa5,0xb7,0x04, 
	0x65,0x0a,0x05,0xb2, 
	0x01,0x51,0xc1,0x8e, 
	0x77,0x4a,0xbb,0xca, 
	0xbb,0xb2,0x0b,0xd8, 
	0xa2,0x61,0x20,0x40, 
	0xab,0xa0,0xa2,0xda, 
	0x11,0xa8,0x1a,0xa5, 
	0x91,0x05,0xd2,0x21, 
	0x42,0xc2,0x21,0x43, 
	0x25,0xb5,0x04,0xd2, 
	0x21,0x48,0xc2,0x21, 
	0x49,0xa5,0xb4,0x04, 
	0x65,0x07,0x05,0xe2, 
	0x21,0x20,0x16,0x2e, 
	0x78,0x16,0xfa,0x77, 
	0xb2,0xd4,0x12,0xe7, 
	0x3a,0x02,0xc6,0xdb, 
	0x01,0x9d,0x0a,0xa2, 
	0x6b,0x89,0xc0,0x20, 
	0x00,0xf1,0x21,0x77, 
	0xe1,0x03,0x77,0xd2, 
	0x25,0x80,0xe0,0xc9, 
	0x10,0xf0,0xdd,0x10, 
	0xd0,0xcc,0x20,0xc0, 
	0x20,0x00,0xc2,0x65, 
	0x80,0xc0,0x20,0x00, 
	0x81,0x6d,0x77,0xf2, 
	0x25,0x89,0x80,0xff, 
	0x10,0xc0,0x20,0x00, 
	0xf2,0x65,0x89,0xd2, 
	0x21,0x30,0x0c,0x0c, 
	0xc2,0x4d,0xf5,0x42, 
	0x21,0x4b,0xb2,0x03, 
	0x85,0x92,0x21,0x4d, 
	0xa2,0x23,0x22,0x98, 
	0x29,0xa0,0x8a,0x90, 
	0xb0,0x99,0xc2,0x97, 
	0xb8,0x41,0xc2,0xa4, 
	0x4c,0xa7,0x3c,0x3b, 
	0xf2,0x03,0x91,0xd2, 
	0x03,0x90,0xd2,0x43, 
	0x84,0xf2,0x43,0x85, 
	0xc0,0x20,0x00,0xb1, 
	0xf8,0x76,0x98,0x7b, 
	0x7c,0x7c,0xc0,0x99, 
	0x10,0xc0,0x20,0x00, 
	0x99,0x7b,0xc0,0x20, 
	0x00,0x81,0xf5,0x76, 
	0xd2,0x03,0x84,0xf2, 
	0x25,0x86,0x40,0xdd, 
	0x11,0x80,0xff,0x10, 
	0xf0,0xdd,0x20,0xc0, 
	0x20,0x00,0xd2,0x65, 
	0x86,0xb2,0x03,0x85, 
	0xa2,0x21,0x4d,0xa8, 
	0x4a,0xa0,0xab,0x82, 
	0x31,0xfd,0x76,0x16, 
	0xca,0x04,0x25,0x84, 
	0x05,0xa2,0x61,0x2d, 
	0xa2,0x21,0x4d,0xb2, 
	0x61,0x2c,0xa8,0x2a, 
	0x25,0x83,0x05,0xa2, 
	0x61,0x2f,0xb2,0x61, 
	0x2e,0xd2,0x21,0x2c, 
	0xc2,0x21,0x2d,0xbd, 
	0x0d,0xad,0x0c,0x65, 
	0x6b,0x04,0xdd,0x0b, 
	0xcd,0x0a,0xb2,0x21, 
	0x2e,0xa2,0x21,0x2f, 
	0x25,0xcf,0x04,0xd1, 
	0x4b,0x77,0x0c,0x0c, 
	0xe5,0x69,0x04,0xd2, 
	0x21,0x48,0xc2,0x21, 
	0x49,0x25,0xa5,0x04, 
	0xa5,0xfc,0x04,0xc2, 
	0x21,0x4d,0xa9,0x5c, 
	0x06,0x01,0x00,0xa2, 
	0x21,0x4d,0xa8,0x5a, 
	0xe1,0xc9,0x76,0xe0, 
	0xea,0x10,0xc0,0x20, 
	0x00,0xd2,0x25,0x81, 
	0x30,0xdd,0x10,0xe0, 
	0xdd,0x20,0xc0,0x20, 
	0x00,0xd2,0x65,0x81, 
	0xc0,0x20,0x00,0xc1, 
	0x32,0x77,0xb2,0x25, 
	0x89,0xc0,0xbb,0x10, 
	0xc0,0x20,0x00,0xb2, 
	0x65,0x89,0xe5,0x48, 
	0xfe,0x38,0x22,0x98, 
	0xe3,0x88,0x83,0x90, 
	0xfa,0xc0,0x87,0xbf, 
	0x22,0xa8,0x32,0xa2, 
	0x0a,0x20,0xc2,0xca, 
	0xa0,0x56,0x8c,0x19, 
	0x98,0x42,0x62,0x49, 
	0x1a,0xc8,0x02,0x72, 
	0x4c,0x01,0xa5,0x46, 
	0xfe,0x38,0x22,0xd8, 
	0xe3,0xe8,0x12,0xd0, 
	0xda,0xc0,0xd9,0x1e, 
	0x62,0x43,0x4f,0x42, 
	0x43,0x4e,0xa8,0x32, 
	0xa2,0x61,0x4d,0xa2, 
	0x0a,0x20,0xe2,0xa0, 
	0x60,0xe7,0x1a,0x05, 
	0xc2,0xca,0x9f,0x56, 
	0xec,0xab,0xa2,0x21, 
	0x4d,0xa8,0x4a,0x16, 
	0x6a,0xab,0xc1,0x24, 
	0x77,0xa7,0xbc,0x02, 
	0x06,0x58,0x00,0xa5, 
	0x76,0x05,0x22,0x21, 
	0x3a,0x42,0x21,0x3b, 
	0xdd,0x0b,0xcd,0x0a, 
	0xb1,0x20,0x77,0x0c, 
	0x0a,0x65,0xc3,0x04, 
	0xdd,0x02,0xcd,0x04, 
	0xe5,0x99,0x04,0xa5, 
	0xf1,0x04,0xa9,0x93, 
	0x46,0xa2,0xfe,0x98, 
	0x4a,0x82,0xa7,0xcf, 
	0x97,0xb8,0x02,0x46, 
	0x85,0xfe,0x62,0x43, 
	0x67,0x88,0x72,0xba, 
	0xb8,0x62,0x4b,0xf4, 
	0xc0,0x20,0x00,0x92, 
	0x25,0x82,0xb1,0x14, 
	0x77,0xe0,0x99,0x10, 
	0xb0,0x99,0x20,0xc0, 
	0x20,0x00,0x92,0x65, 
	0x82,0xb2,0x23,0x22, 
	0xe8,0x2a,0xe0,0x8b, 
	0x11,0xe7,0xb8,0x02, 
	0x86,0x42,0x00,0xd2, 
	0x43,0x84,0x0c,0x19, 
	0x92,0x61,0x4a,0x62, 
	0x43,0x85,0xa2,0x23, 
	0x22,0x82,0x03,0x84, 
	0xd2,0x21,0x4a,0xd2, 
	0x43,0x91,0x82,0x43, 
	0x90,0xd0,0xde,0xc2, 
	0xa0,0xca,0x90,0xd7, 
	0x3c,0x02,0x86,0x29, 
	0x00,0xe2,0xa4,0x4c, 
	0xa7,0xbe,0x02,0x46, 
	0x27,0x00,0xc2,0x21, 
	0x47,0xa2,0x21,0x4c, 
	0xa2,0x43,0x84,0xc2, 
	0x43,0x85,0xc0,0x20, 
	0x00,0x88,0x7f,0x0c, 
	0x89,0x90,0x88,0x20, 
	0xc0,0x20,0x00,0x89, 
	0x7f,0x86,0x23,0x00, 
	0xd2,0x43,0x4f,0xd2, 
	0x43,0x4e,0x98,0x02, 
	0x82,0x21,0x4b,0x82, 
	0x49,0x01,0xf8,0x32, 
	0xf2,0x0f,0x33,0x3c, 
	0x08,0x87,0x9f,0x52, 
	0xb1,0x87,0x76,0xa2, 
	0x21,0x4b,0xba,0xb4, 
	0xa2,0x4b,0xa9,0xc0, 
	0x20,0x00,0x92,0x25, 
	0x89,0xa1,0x93,0x76, 
	0xe0,0x99,0x10,0xa0, 
	0x99,0x20,0xc0,0x20, 
	0x00,0x92,0x65,0x89, 
	0xc0,0x20,0x00,0xf1, 
	0x7a,0x76,0xd8,0x7f, 
	0x82,0xaf,0x00,0x80, 
	0xdd,0x10,0xc0,0x20, 
	0x00,0xd9,0x7f,0xc0, 
	0x20,0x00,0xc2,0x25, 
	0x82,0xd1,0xdd,0x76, 
	0xe0,0xcc,0x10,0xd0, 
	0xcc,0x20,0xc0,0x20, 
	0x00,0xb2,0xd4,0x13, 
	0xa2,0x1b,0x9b,0xc2, 
	0x65,0x82,0x1b,0xaa, 
	0xa2,0x5b,0x9b,0xc0, 
	0x20,0x00,0xd1,0xd1, 
	0x76,0xc2,0x25,0x89, 
	0xd0,0xcc,0x10,0xc0, 
	0x20,0x00,0xc2,0x65, 
	0x89,0x06,0x61,0xfe, 
	0xc0,0x20,0x00,0xe8, 
	0x7f,0x7c,0x78,0x80, 
	0xee,0x10,0xc0,0x20, 
	0x00,0xe9,0x7f,0xc0, 
	0x20,0x00,0xc1,0x66, 
	0x76,0x92,0x03,0x84, 
	0xa2,0x25,0x86,0x40, 
	0x99,0x11,0xc0,0xaa, 
	0x10,0xa0,0x99,0x20, 
	0xc0,0x20,0x00,0x92, 
	0x65,0x86,0x86,0x42, 
	0xfe,0xd2,0xca,0x9f, 
	0x56,0xad,0xe6,0x98, 
	0x52,0x46,0x97,0xff, 
	0xa1,0xcd,0x76,0xc6, 
	0xad,0xff,0xd0,0x8b, 
	0x11,0xe7,0x38,0x0c, 
	0x62,0x43,0x84,0x0c, 
	0x29,0x6d,0x07,0x92, 
	0x61,0x4a,0x46,0xba, 
	0xff,0xc0,0xab,0x11, 
	0xe7,0xba,0x02,0xc6, 
	0x22,0x00,0x72,0x43, 
	0x84,0x62,0x21,0x4c, 
	0x0c,0x4c,0xc2,0x61, 
	0x4a,0x86,0xb4,0xff, 
	0x62,0x43,0x4f,0xd2, 
	0x21,0x4d,0x62,0x43, 
	0x4e,0xd8,0x2d,0x21, 
	0x5e,0x76,0xac,0xed, 
	0xb1,0xb8,0x76,0xfa, 
	0xa4,0xba,0xaa,0xa2, 
	0x0a,0xd8,0x40,0xaa, 
	0xa0,0xa2,0xda,0x11, 
	0xa8,0x1a,0x25,0x5c, 
	0x05,0xd2,0x21,0x42, 
	0xc2,0x21,0x43,0xe5, 
	0x7f,0x04,0xd2,0x21, 
	0x48,0xc2,0x21,0x49, 
	0x25,0x7f,0x04,0x25, 
	0xd2,0x04,0xe1,0x34, 
	0x76,0x46,0x00,0x00, 
	0x0c,0x0a,0xc0,0x20, 
	0x00,0x82,0x25,0x80, 
	0xe0,0xfa,0x10,0x20, 
	0x88,0x10,0x80,0xff, 
	0x20,0xc0,0x20,0x00, 
	0xf2,0x65,0x80,0xc0, 
	0x20,0x00,0xd1,0x9c, 
	0x76,0xc2,0x25,0x89, 
	0xd0,0xcc,0x10,0xc0, 
	0x20,0x00,0xc2,0x65, 
	0x89,0x06,0x2c,0xfe, 
	0xd0,0x96,0x11,0xe7, 
	0x39,0x1e,0x72,0x43, 
	0x85,0x62,0x21,0x1c, 
	0x62,0x43,0x84,0x46, 
	0xce,0xfe,0xb0,0xab, 
	0x11,0xe7,0x3a,0x24, 
	0x42,0x43,0x84,0x0c, 
	0x86,0x0c,0x8c,0xc2, 
	0x61,0x4a,0x46,0x90, 
	0xff,0xc0,0xf6,0x11, 
	0xe7,0xbf,0x02,0xc6, 
	0x26,0x00,0x62,0x21, 
	0x1c,0x72,0x43,0x84, 
	0x82,0x21,0x4c,0x82, 
	0x43,0x85,0x86,0xc3, 
	0xfe,0xa0,0x9b,0x11, 
	0xe7,0xb9,0x02,0x06, 
	0x53,0x00,0x62,0x21, 
	0x47,0x1c,0x0a,0xc2, 
	0x21,0x4c,0xc2,0x43, 
	0x84,0xa2,0x61,0x4a, 
	0xc6,0x83,0xff,0x16, 
	0x2b,0x0d,0xf2,0xc1, 
	0x50,0x0c,0x0e,0xd2, 
	0x21,0x4d,0xe2,0x61, 
	0x35,0xed,0x01,0xd8, 
	0x2d,0xd2,0x61,0x27, 
	0xf2,0x61,0x21,0xe2, 
	0x61,0x4f,0x82,0x21, 
	0x27,0xb2,0x61,0x1f, 
	0xbc,0x98,0xa2,0x21, 
	0x21,0xa2,0x0a,0x00, 
	0xb1,0x81,0x76,0x4a, 
	0xaa,0xba,0xaa,0xa2, 
	0x0a,0xd8,0x40,0xaa, 
	0xa0,0xa2,0xda,0x11, 
	0xa8,0x1a,0x65,0x4e, 
	0x05,0xd2,0x21,0x42, 
	0xc2,0x21,0x43,0x25, 
	0x72,0x04,0xd2,0x21, 
	0x48,0xc2,0x21,0x49, 
	0x65,0x71,0x04,0x65, 
	0xc4,0x04,0xb2,0x21, 
	0x1f,0xe2,0x21,0x4f, 
	0xf2,0x21,0x21,0xa9, 
	0x0e,0x4b,0xee,0xd2, 
	0x21,0x35,0x1b,0xff, 
	0x1b,0xdd,0xd2,0x61, 
	0x35,0xb7,0x9d,0xa7, 
	0x16,0x5b,0x06,0x46, 
	0x06,0x00,0xb0,0xf6, 
	0x11,0xe7,0xbf,0x02, 
	0x46,0x49,0x00,0x62, 
	0x21,0x1c,0x82,0x21, 
	0x4b,0x0c,0x89,0x92, 
	0x61,0x4c,0x82,0x43, 
	0x84,0xc6,0xd3,0xff, 
	0xa6,0x2b,0x45,0xb2, 
	0x61,0x1f,0x0b,0xdb, 
	0x0c,0x0c,0xc2,0x61, 
	0x36,0xcd,0x01,0x0c, 
	0x0a,0xc0,0xba,0xa0, 
	0x1b,0xaa,0xe8,0x0b, 
	0xa0,0xa0,0x74,0x8c, 
	0xce,0xf8,0x1b,0x8c, 
	0x8f,0xe7,0xbf,0x13, 
	0xf9,0x0b,0xe9,0x1b, 
	0x06,0x03,0x00,0x88, 
	0x01,0xf8,0x11,0x87, 
	0xbf,0x05,0x98,0x1b, 
	0x99,0x0b,0xe9,0x1b, 
	0xa7,0x9d,0xd5,0xe2, 
	0x21,0x36,0xf2,0x21, 
	0x1f,0x1b,0xee,0xe2, 
	0x61,0x36,0xf7,0x9e, 
	0xc5,0x98,0x01,0xb2, 
	0xd4,0x12,0xad,0x09, 
	0xc6,0xd4,0xfe,0x0c, 
	0x0b,0xcc,0xbb,0x92, 
	0xd4,0x12,0x0c,0x08, 
	0x82,0x69,0x89,0x0c, 
	0x09,0x46,0xd1,0xfe, 
	0x0b,0xcb,0x56,0x6c, 
	0xac,0xd2,0x21,0x4d, 
	0xa2,0xd4,0x12,0xd8, 
	0x2d,0xa2,0x61,0x4e, 
	0x16,0x9d,0x25,0xa2, 
	0x01,0x50,0xb1,0x49, 
	0x76,0x4a,0xaa,0xba, 
	0xaa,0xa2,0x0a,0xd8, 
	0x40,0xaa,0xa0,0xa2, 
	0xda,0x11,0xa8,0x1a, 
	0x65,0x40,0x05,0xd2, 
	0x21,0x42,0xc2,0x21, 
	0x43,0x25,0x64,0x04, 
	0xd2,0x21,0x48,0xc2, 
	0x21,0x49,0xa5,0x63, 
	0x04,0x42,0x21,0x4e, 
	0x25,0xb6,0x04,0x9d, 
	0x0a,0xa2,0x64,0x89, 
	0x86,0xbe,0xfe,0x90, 
	0xdb,0x11,0xe7,0xbd, 
	0x02,0xc6,0x38,0x00, 
	0x2c,0x08,0x0c,0x59, 
	0x92,0x43,0x84,0x82, 
	0x61,0x4a,0x62,0x21, 
	0x46,0x86,0x2e,0xff, 
	0xa1,0xce,0x75,0xb7, 
	0x3a,0x1b,0xc2,0xa5, 
	0xdb,0xb7,0xbc,0x15, 
	0xc0,0x20,0x00,0x88, 
	0x7f,0x92,0xaf,0x00, 
	0x90,0x88,0x10,0xd0, 
	0x88,0x20,0xc0,0x20, 
	0x00,0x89,0x7f,0x86, 
	0x04,0x00,0xc0,0x20, 
	0x00,0xa8,0x7f,0xc2, 
	0xaf,0x00,0xc0,0xaa, 
	0x10,0x60,0xaa,0x20, 
	0xc0,0x20,0x00,0xa9, 
	0x7f,0xc0,0x20,0x00, 
	0xd2,0x25,0x82,0xf1, 
	0x2b,0x76,0xe0,0xdd, 
	0x10,0xf0,0xdd,0x20, 
	0xc0,0x20,0x00,0xd2, 
	0x65,0x82,0x86,0x9a, 
	0xfd,0xa0,0xf6,0x11, 
	0xe7,0xbf,0x13,0x90, 
	0x86,0x11,0xe7,0xb8, 
	0x02,0x46,0x56,0x00, 
	0x92,0x21,0x46,0x0c, 
	0x5c,0xc2,0x61,0x4c, 
	0x92,0x61,0x47,0x62, 
	0x21,0x1c,0xf2,0x21, 
	0x47,0xe2,0x21,0x4c, 
	0xe2,0x43,0x84,0xf2, 
	0x61,0x4c,0x86,0x83, 
	0xff,0x82,0xd4,0x13, 
	0x82,0x61,0x41,0x92, 
	0x18,0x9a,0x82,0x18, 
	0x9b,0x97,0x28,0x68, 
	0x67,0xbd,0x02,0x46, 
	0x57,0x00,0x60,0xd1, 
	0x41,0xd2,0x61,0x33, 
	0xd2,0xd4,0x0a,0xe2, 
	0x2d,0xf0,0xc2,0x2d, 
	0xf4,0x92,0x2d,0xf1, 
	0x92,0x61,0x34,0xc0, 
	0xc1,0x41,0x97,0x3e, 
	0x02,0x86,0x58,0x00, 
	0xc0,0x89,0xc0,0x92, 
	0x21,0x33,0x80,0x8e, 
	0xc0,0x97,0x38,0x02, 
	0xc6,0x62,0x00,0x92, 
	0x21,0x4b,0x82,0x21, 
	0x1c,0xc2,0xd4,0x14, 
	0x82,0x4b,0xb5,0xe9, 
	0xcc,0x62,0x6d,0xf6, 
	0x92,0x4b,0xa9,0x0c, 
	0x39,0xc6,0x11,0x00, 
	0x80,0x9b,0x11,0xe7, 
	0xb9,0x02,0x46,0x30, 
	0x00,0x4c,0x0a,0xc2, 
	0x21,0x40,0xd2,0x21, 
	0x3f,0xd2,0x43,0x84, 
	0xc2,0x61,0x46,0xa2, 
	0x61,0x4a,0x06,0xc2, 
	0xff,0x67,0x3d,0x24, 
	0x60,0x91,0x41,0xd2, 
	0xd4,0x0a,0xe2,0x2d, 
	0xf0,0xc2,0x2d,0xf4, 
	0x82,0x2d,0xf1,0xc0, 
	0xc1,0x41,0xca,0x88, 
	0xe0,0x88,0xc0,0x97, 
	0xb8,0x0a,0x72,0x4b, 
	0xb5,0x82,0xd4,0x14, 
	0xe9,0xc8,0x62,0x6d, 
	0xf6,0x92,0x0b,0xa9, 
	0xc2,0xc9,0xfd,0xcc, 
	0x1c,0xc6,0xf7,0xfd, 
	0xd2,0x0b,0xb2,0xec, 
	0x7d,0xe1,0xa1,0x75, 
	0x67,0x3e,0x19,0xd2, 
	0xd4,0x0d,0xd2,0x2d, 
	0x2f,0xf0,0x86,0xc0, 
	0xd7,0x38,0x02,0x06, 
	0x48,0x00,0xaa,0xe6, 
	0xe7,0x3d,0x02,0x06, 
	0x46,0x00,0x72,0x61, 
	0x4b,0x82,0x21,0x4b, 
	0x82,0x4b,0xa9,0x46, 
	0xec,0xfd,0x91,0x77, 
	0x75,0x67,0x39,0x08, 
	0xc1,0xe6,0x75,0x67, 
	0xbc,0x02,0x06,0x24, 
	0x00,0xd2,0x21,0x4b, 
	0xd2,0x4b,0xa9,0x46, 
	0xe6,0xfd,0xc0,0x20, 
	0x00,0x88,0x7f,0x92, 
	0xaf,0x00,0x90,0x88, 
	0x10,0x60,0x88,0x20, 
	0xc0,0x20,0x00,0x89, 
	0x7f,0x06,0xad,0xff, 
	0x20,0xa2,0x20,0x25, 
	0xb6,0x03,0xb1,0x6b, 
	0x75,0x42,0x22,0x07, 
	0xb0,0xb4,0x80,0xcc, 
	0x4a,0x72,0x4b,0xaf, 
	0x72,0x21,0x4b,0x72, 
	0x4b,0xa9,0x38,0x22, 
	0x86,0xd7,0xfd,0x70, 
	0xdb,0x11,0xe7,0x3d, 
	0x3c,0x82,0xa0,0x80, 
	0x0c,0x79,0x92,0x43, 
	0x84,0x82,0x61,0x4a, 
	0xc2,0x61,0x46,0xc6, 
	0x90,0xff,0x80,0xc6, 
	0x11,0xe7,0xbc,0x13, 
	0x70,0xf6,0x11,0xe7, 
	0xbf,0x02,0x06,0xf5, 
	0xfd,0x82,0x21,0x1e, 
	0x0c,0x79,0x92,0x61, 
	0x3f,0x82,0x61,0x40, 
	0x62,0x21,0x1c,0xc2, 
	0x21,0x40,0xe2,0x21, 
	0x3f,0xe2,0x43,0x84, 
	0xc2,0x61,0x4c,0x46, 
	0x29,0xff,0xcd,0x06, 
	0x0c,0x18,0x82,0x61, 
	0x4a,0xc6,0xf0,0xff, 
	0x92,0x0b,0xa9,0x46, 
	0xca,0xff,0xd2,0xd4, 
	0x0d,0xd2,0x2d,0x2f, 
	0xf0,0x96,0xc0,0xd7, 
	0xb9,0x2c,0xaa,0xe6, 
	0xe7,0xbd,0x27,0x72, 
	0x61,0x4b,0xc6,0xd5, 
	0xff,0x92,0x2a,0x89, 
	0x86,0x34,0xfe,0x9a, 
	0x8c,0x92,0x21,0x33, 
	0xe0,0x88,0xc0,0x97, 
	0xb8,0x0a,0x72,0x4b, 
	0xb5,0x92,0xd4,0x14, 
	0xe9,0xc9,0x62,0x6d, 
	0xf6,0x92,0x0b,0xa9, 
	0x06,0xbc,0xff,0xad, 
	0x02,0x65,0xab,0x03, 
	0xb1,0x41,0x75,0x48, 
	0x72,0xba,0xb4,0xcc, 
	0x4a,0x72,0x4b,0xaf, 
	0x72,0x21,0x4b,0x72, 
	0x4b,0xa9,0x38,0x22, 
	0x86,0xad,0xfd,0x92, 
	0x0b,0xa9,0x86,0xb3, 
	0xff,0x9d,0x0e,0xad, 
	0x0e,0x86,0x22,0xfe, 
	0xb2,0xd4,0x12,0xa7, 
	0xbe,0x26,0x9d,0x0a, 
	0xc6,0x1f,0xfe,0xad, 
	0x02,0x25,0xa8,0x03, 
	0xb1,0x34,0x75,0x98, 
	0x72,0xba,0xb9,0xcc, 
	0x4a,0x72,0x4b,0xaf, 
	0x72,0x21,0x4b,0xc2, 
	0xd9,0x13,0x72,0x4b, 
	0xa9,0x38,0x22,0xc2, 
	0x61,0x41,0x86,0xa0, 
	0xfd,0x9d,0x0e,0xad, 
	0x0e,0x86,0x15,0xfe, 
	0x36,0x81,0x00,0x0c, 
	0x15,0x48,0x22,0xe1, 
	0x24,0x75,0x92,0x04, 
	0x4e,0x31,0x09,0x75, 
	0x66,0x39,0x3c,0x0c, 
	0x46,0xa1,0x82,0x75, 
	0xc0,0x20,0x00,0x92, 
	0x23,0x80,0xa0,0x99, 
	0x10,0xc0,0x20,0x00, 
	0x92,0x63,0x80,0xc0, 
	0x20,0x00,0x82,0x23, 
	0x8c,0xe0,0x88,0x20, 
	0xc0,0x20,0x00,0x82, 
	0x63,0x8c,0x52,0x44, 
	0x4f,0x62,0x44,0x4e, 
	0x25,0xdc,0xfd,0xb8, 
	0x22,0x62,0x4b,0x69, 
	0xa9,0xeb,0xa5,0xdb, 
	0xfd,0xc8,0x22,0xa9, 
	0xfc,0x06,0x1c,0x00, 
	0x66,0x49,0x6d,0x0c, 
	0x07,0x0c,0x36,0xc0, 
	0x20,0x00,0xd2,0x23, 
	0xa9,0xd0,0xdb,0x04, 
	0x16,0x2d,0x17,0xc0, 
	0x20,0x00,0xd2,0x23, 
	0xaa,0xd0,0xd1,0xe5, 
	0xc0,0x20,0x00,0x82, 
	0x23,0x8c,0xb7,0x68, 
	0x4f,0x81,0x7d,0x75, 
	0xd7,0xa8,0x04,0xea, 
	0xdd,0x80,0xdd,0x23, 
	0xe1,0x06,0x75,0x46, 
	0x13,0x00,0xf8,0x02, 
	0x0c,0x3e,0xe2,0x4f, 
	0x01,0x25,0xd7,0xfd, 
	0xb8,0x22,0xe8,0xeb, 
	0xd8,0x12,0xe0,0xca, 
	0xc0,0xc9,0x2d,0x72, 
	0x4b,0x4e,0x72,0x4b, 
	0x4f,0x98,0x32,0x81, 
	0x01,0x75,0x98,0x49, 
	0x97,0xb8,0x15,0x65, 
	0xd5,0xfd,0x88,0x22, 
	0x92,0x08,0x9a,0xa2, 
	0x68,0x12,0x1b,0xf9, 
	0x90,0x57,0x93,0x52, 
	0x48,0x99,0xf2,0x48, 
	0x9a,0x0c,0x02,0x1d, 
	0xf0,0xe1,0x6a,0x75, 
	0xd7,0xae,0x05,0xd2, 
	0xdd,0xe0,0x80,0xdd, 
	0x23,0xe1,0x58,0x75, 
	0x82,0xa0,0x60,0xc0, 
	0x20,0x00,0x92,0x23, 
	0xa9,0x0c,0x46,0x90, 
	0x98,0x14,0x60,0x99, 
	0xa0,0x90,0x90,0x74, 
	0x68,0x32,0x90,0x9e, 
	0x82,0xe8,0x46,0x69, 
	0x51,0xe0,0xed,0x82, 
	0xd2,0x06,0x20,0x90, 
	0xee,0xd2,0x68,0x26, 
	0x87,0x9d,0x09,0x98, 
	0x42,0x16,0x36,0x1a, 
	0xe9,0x49,0x06,0x04, 
	0x00,0x82,0xa0,0x61, 
	0x87,0x9d,0x0a,0x98, 
	0x52,0xcc,0x36,0x79, 
	0x49,0x46,0x00,0x00, 
	0xe9,0x49,0x16,0xf6, 
	0xf6,0xa8,0x51,0xa8, 
	0x0a,0xea,0xaa,0x25, 
	0x02,0x05,0xd1,0x53, 
	0x75,0x0c,0x0c,0xe5, 
	0x25,0x04,0xa9,0x41, 
	0xb9,0x31,0xad,0x06, 
	0x25,0x00,0x05,0xdd, 
	0x0b,0xcd,0x0a,0xb8, 
	0x31,0xa8,0x41,0xa5, 
	0x4d,0x04,0x62,0xa0, 
	0x60,0x25,0x77,0x04, 
	0xa2,0x64,0x23,0xc0, 
	0x20,0x00,0xf1,0xd1, 
	0x74,0xe2,0x23,0x8c, 
	0xf0,0xee,0x10,0xc0, 
	0x20,0x00,0xd8,0x51, 
	0xe2,0x63,0x8c,0xd2, 
	0x0d,0x20,0x67,0x1d, 
	0x05,0x92,0xcd,0x9f, 
	0x56,0x19,0xf2,0x68, 
	0x72,0x62,0xd6,0x12, 
	0xc0,0x20,0x00,0xd1, 
	0xbe,0x74,0xf1,0xdb, 
	0x74,0xe2,0x26,0x89, 
	0xb2,0x24,0x23,0xc2, 
	0x23,0x80,0xea,0xbb, 
	0xf0,0xcc,0x10,0xd0, 
	0xbb,0x10,0xc0,0xbb, 
	0x20,0xc0,0x20,0x00, 
	0xa8,0x51,0xb2,0x63, 
	0x80,0xa8,0x2a,0xe5, 
	0xfa,0x04,0xa9,0x61, 
	0x92,0x26,0x89,0x82, 
	0x24,0x23,0xb9,0x01, 
	0x9a,0xa8,0xe5,0xf9, 
	0x04,0x68,0x61,0xd1, 
	0x33,0x75,0x0c,0x0c, 
	0x65,0x1d,0x04,0xcd, 
	0x0a,0xdd,0x0b,0xad, 
	0x06,0xb8,0x01,0xe5, 
	0x1c,0x04,0xc2,0x24, 
	0x22,0x6d,0x0a,0xa1, 
	0x2e,0x75,0xb9,0x11, 
	0xc7,0x3a,0x7e,0xa1, 
	0x2e,0x75,0xe1,0x2c, 
	0x75,0xe9,0x21,0xc6, 
	0x1e,0x00,0xa5,0xc2, 
	0xfd,0x48,0x22,0xf8, 
	0xe4,0x88,0x94,0xf0, 
	0xfa,0xc0,0x87,0xbf, 
	0x05,0x52,0x44,0x4f, 
	0x46,0xb5,0xff,0xa8, 
	0x72,0xa2,0xda,0x12, 
	0x82,0x2a,0x89,0xac, 
	0x68,0xc8,0x32,0xb1, 
	0xac,0x74,0xc8,0x4c, 
	0xc7,0xbb,0x1d,0xc0, 
	0x20,0x00,0xe1,0xb8, 
	0x74,0xd2,0x23,0x80, 
	0xe0,0xdd,0x10,0xc0, 
	0x20,0x00,0xd2,0x63, 
	0x80,0x72,0x6a,0x89, 
	0x52,0x44,0x4f,0x62, 
	0x44,0x4e,0xc6,0xa8, 
	0xff,0x72,0x44,0x4f, 
	0x72,0x44,0x4e,0xc0, 
	0x20,0x00,0xa1,0x18, 
	0x75,0x92,0x23,0x87, 
	0xa0,0x99,0x20,0xc0, 
	0x20,0x00,0x92,0x63, 
	0x87,0xc0,0x20,0x00, 
	0x81,0x97,0x74,0xf2, 
	0x23,0x8c,0x80,0xff, 
	0x10,0xc0,0x20,0x00, 
	0xf2,0x63,0x8c,0x86, 
	0x9d,0xff,0xa1,0x11, 
	0x75,0xc1,0x0f,0x75, 
	0xc9,0x21,0x48,0x11, 
	0xe5,0xee,0x04,0xdd, 
	0x0b,0xcd,0x0a,0xbd, 
	0x04,0xad,0x06,0xa5, 
	0x5c,0x04,0x96,0x0a, 
	0xe2,0xa8,0x21,0xe5, 
	0xed,0x04,0xdd,0x0b, 
	0xcd,0x0a,0xbd,0x04, 
	0xad,0x06,0x25,0x50, 
	0x04,0xa6,0x1a,0x02, 
	0x86,0x82,0xff,0xc0, 
	0x20,0x00,0x91,0x02, 
	0x75,0x82,0x23,0x87, 
	0x90,0x88,0x20,0xc0, 
	0x20,0x00,0x82,0x63, 
	0x87,0xe1,0xf4,0x74, 
	0xf1,0xe0,0x74,0xc0, 
	0x20,0x00,0xd2,0x23, 
	0x82,0xf0,0xdd,0x10, 
	0xe0,0xdd,0x20,0xc0, 
	0x20,0x00,0xd2,0x63, 
	0x82,0x06,0x79,0xff, 
	0x79,0x49,0x06,0x9b, 
	0xff,0x00,0x00,0x00, 
	0x36,0x21,0x02,0x61, 
	0xf8,0x74,0x51,0xe6, 
	0x74,0x22,0x61,0x38, 
	0xa2,0x21,0x38,0x41, 
	0x7a,0x74,0xa8,0x2a, 
	0x71,0x7a,0x74,0x32, 
	0x0a,0x4e,0x22,0xa0, 
	0xff,0x82,0xc3,0xfb, 
	0x56,0xf8,0x13,0xe5, 
	0xb2,0xfd,0xb2,0x21, 
	0x38,0xe8,0x1b,0xa9, 
	0x1e,0xc1,0xee,0x74, 
	0xc0,0x20,0x00,0xd1, 
	0x54,0x74,0x92,0x2d, 
	0x80,0xc0,0x99,0x10, 
	0xc0,0x20,0x00,0x92, 
	0x6d,0x80,0xc0,0x20, 
	0x00,0x81,0x7b,0x74, 
	0xf2,0x2d,0x81,0x80, 
	0xff,0x10,0xc0,0x20, 
	0x00,0xf2,0x6d,0x81, 
	0xc0,0x20,0x00,0xe1, 
	0xc2,0x74,0xc2,0x2d, 
	0x82,0xe0,0xcc,0x10, 
	0xe1,0xcc,0x74,0xe0, 
	0xcc,0x20,0xc0,0x20, 
	0x00,0xb8,0x3b,0xb2, 
	0x61,0x2d,0xc2,0x6d, 
	0x82,0xb2,0x0b,0x20, 
	0xc2,0xa0,0x61,0xc7, 
	0x9b,0x0b,0xf1,0x55, 
	0x74,0x81,0x4e,0x74, 
	0xc0,0x20,0x00,0xf2, 
	0x68,0x8c,0xb2,0xaf, 
	0x33,0x32,0xa0,0xc4, 
	0x92,0x21,0x2d,0xf2, 
	0xa0,0x84,0x92,0x09, 
	0x33,0x3c,0x0c,0xc7, 
	0x19,0x02,0x06,0x4e, 
	0x02,0x32,0x21,0x38, 
	0xe1,0xd4,0x74,0x38, 
	0x73,0x0c,0x0a,0x7a, 
	0x43,0xa2,0x44,0xb5, 
	0xa2,0x44,0xaa,0xc1, 
	0xcf,0x74,0xd1,0x62, 
	0x74,0xa1,0x4f,0x74, 
	0xc0,0x20,0x00,0x71, 
	0x4c,0x74,0x81,0x5d, 
	0x74,0x98,0x57,0x80, 
	0x99,0x10,0xd0,0x99, 
	0x20,0xc0,0x20,0x00, 
	0x99,0x57,0x71,0x4b, 
	0x74,0x91,0xc8,0x74, 
	0x82,0x04,0xb2,0x89, 
	0x81,0x8c,0x18,0xc6, 
	0xa9,0x05,0xc0,0x20, 
	0x00,0xf1,0x42,0x74, 
	0x88,0x7f,0xb0,0x88, 
	0x10,0xb2,0xa0,0xc4, 
	0xb0,0x88,0x20,0xc0, 
	0x20,0x00,0x89,0x7f, 
	0xb1,0x66,0x74,0xf1, 
	0x3d,0x74,0xc0,0x20, 
	0x00,0xf8,0x0f,0x90, 
	0xff,0x10,0x81,0x3a, 
	0x74,0xb0,0xff,0x20, 
	0xc0,0x20,0x00,0xf9, 
	0x08,0xc0,0x20,0x00, 
	0x81,0x37,0x74,0xb8, 
	0x18,0xc0,0xbb,0x10, 
	0xe0,0xbb,0x20,0xc0, 
	0x20,0x00,0xb9,0x18, 
	0xc0,0x20,0x00,0x91, 
	0x44,0x74,0xf8,0x48, 
	0x90,0xff,0x10,0xd0, 
	0xff,0x20,0xc0,0x20, 
	0x00,0xf9,0x48,0x81, 
	0x57,0x74,0xc0,0x20, 
	0x00,0xf1,0x12,0x74, 
	0xb2,0x2f,0x86,0xa0, 
	0xbb,0x10,0x80,0xbb, 
	0x20,0xc0,0x20,0x00, 
	0x92,0x21,0x2d,0xb2, 
	0x6f,0x86,0x98,0x39, 
	0x90,0x91,0x41,0xc2, 
	0x21,0x2d,0xb2,0x21, 
	0x38,0x99,0x2c,0xb8, 
	0x2b,0xb2,0x61,0x1d, 
	0x46,0x56,0x02,0x82, 
	0xc3,0xfa,0x56,0xb8, 
	0x23,0xc0,0x20,0x00, 
	0xd1,0x20,0x74,0x91, 
	0x0a,0x74,0xd2,0x2d, 
	0x20,0xd7,0x89,0x02, 
	0x46,0x8b,0x00,0x32, 
	0x21,0x38,0x38,0x73, 
	0x0c,0x2e,0x7a,0x43, 
	0xe2,0x44,0xa2,0x0c, 
	0xac,0xc0,0x20,0x00, 
	0xb1,0x18,0x74,0xd2, 
	0x2b,0x20,0xd0,0xd8, 
	0x44,0xd2,0x44,0xa0, 
	0xc0,0x20,0x00,0xb2, 
	0x2b,0x20,0xa2,0x04, 
	0xa0,0xb0,0xb0,0x44, 
	0xb2,0x44,0xa1,0xa7, 
	0xbc,0x07,0xc2,0x44, 
	0xa0,0x0c,0xaa,0xb2, 
	0x04,0xa1,0x0c,0xad, 
	0xb7,0xbd,0x07,0xbd, 
	0x0d,0xc2,0x44,0xa1, 
	0xa2,0x04,0xa0,0x1c, 
	0x82,0xa0,0x80,0xf4, 
	0x16,0xd8,0x05,0x0c, 
	0x0c,0xc2,0x61,0x36, 
	0xf1,0x08,0x74,0xc0, 
	0x20,0x00,0xe1,0x06, 
	0x74,0x81,0x88,0x74, 
	0xd2,0x21,0x36,0xf8, 
	0x0f,0x00,0xdd,0x11, 
	0x80,0xff,0x10,0xf0, 
	0xdd,0x20,0xc0,0x20, 
	0x00,0xd9,0x0e,0x65, 
	0x96,0xfd,0x3d,0x0a, 
	0xe5,0x95,0xfd,0x30, 
	0x8a,0xc0,0x87,0xb2, 
	0xf6,0x32,0x21,0x38, 
	0x92,0x21,0x36,0x38, 
	0x73,0x30,0xe9,0xa0, 
	0xc0,0x20,0x00,0x7a, 
	0x43,0xd1,0xf8,0x73, 
	0x1b,0xc9,0xd2,0x2d, 
	0x21,0xc0,0x90,0xf4, 
	0xd0,0xd0,0xe5,0xd9, 
	0x0e,0xa2,0x04,0xa0, 
	0x92,0x61,0x36,0xa7, 
	0x39,0xa9,0xb2,0x04, 
	0xa1,0xb0,0x80,0xf4, 
	0x16,0xd8,0x05,0x0c, 
	0x09,0x92,0x61,0x35, 
	0xc1,0xef,0x73,0xc0, 
	0x20,0x00,0xb1,0xed, 
	0x73,0xd1,0x6f,0x74, 
	0xa2,0x21,0x35,0xc8, 
	0x0c,0x00,0xaa,0x11, 
	0xd0,0xcc,0x10,0xc0, 
	0xaa,0x20,0xc0,0x20, 
	0x00,0xa9,0x0b,0x25, 
	0x90,0xfd,0x3d,0x0a, 
	0xa5,0x8f,0xfd,0x30, 
	0xca,0xc0,0xc7,0xb2, 
	0xf6,0x32,0x21,0x38, 
	0xd2,0x21,0x35,0x38, 
	0x73,0x30,0x8d,0xa0, 
	0xc0,0x20,0x00,0x7a, 
	0x43,0xf1,0xdf,0x73, 
	0x1b,0xed,0xf2,0x2f, 
	0x21,0xe0,0xd0,0xf4, 
	0xf0,0xf0,0xe4,0xf9, 
	0xc8,0xb2,0x04,0xa1, 
	0xd2,0x61,0x35,0xb7, 
	0x3d,0xa9,0xa2,0x04, 
	0xa0,0xc1,0xd7,0x73, 
	0x21,0x4c,0x74,0x82, 
	0x21,0x38,0x91,0xf2, 
	0x73,0x0c,0x0d,0xe1, 
	0x0e,0x74,0xe2,0x61, 
	0x2c,0xd2,0x61,0x30, 
	0x92,0x61,0x26,0x88, 
	0x38,0x0c,0x09,0x92, 
	0x61,0x27,0x82,0x61, 
	0x2d,0x82,0x08,0x33, 
	0x3c,0x09,0x97,0x98, 
	0x02,0x46,0x48,0x02, 
	0xd2,0x04,0xa0,0xb0, 
	0x7a,0xc1,0x62,0xd3, 
	0x13,0x70,0x70,0xf4, 
	0x72,0x56,0x9a,0x16, 
	0x8d,0x04,0xb2,0x04, 
	0xa1,0x0c,0x0e,0xfd, 
	0x0b,0xbc,0x3f,0x30, 
	0x7e,0xa0,0x0c,0x0a, 
	0xb0,0x8e,0xc1,0x30, 
	0xfa,0xa0,0xf8,0xcf, 
	0x8a,0x8a,0x30,0x88, 
	0xa0,0xf2,0x68,0x7c, 
	0xd2,0x04,0xa1,0xe0, 
	0xdd,0xc1,0xb8,0x07, 
	0xda,0xda,0x1b,0xaa, 
	0x30,0xdd,0xa0,0xb2, 
	0x6d,0x18,0xb2,0x04, 
	0xa1,0xa0,0xa0,0xf4, 
	0xfd,0x0b,0xb7,0x3a, 
	0xd2,0xd2,0x04,0xa0, 
	0x1b,0xee,0xe0,0xe0, 
	0xf4,0xd7,0x3e,0xc0, 
	0x72,0x16,0x9a,0x16, 
	0xe7,0x0b,0x0c,0x0a, 
	0x30,0xba,0xa0,0x82, 
	0x2b,0x18,0xf2,0x2b, 
	0x7c,0x80,0xef,0xc0, 
	0x87,0xbf,0x07,0xca, 
	0xee,0xe2,0x6b,0xe0, 
	0x86,0x00,0x00,0xe2, 
	0x6b,0xe0,0x72,0x16, 
	0x9a,0xb2,0xdb,0x0a, 
	0xe0,0xe1,0x41,0xe0, 
	0xef,0xc0,0xe2,0x6b, 
	0xf9,0xe7,0xa2,0x05, 
	0xf2,0xde,0x80,0xf2, 
	0x6b,0xf9,0x1b,0xaa, 
	0xa0,0xa0,0xf4,0x77, 
	0x3a,0xc5,0xc6,0x1f, 
	0x00,0x42,0x21,0x38, 
	0x0c,0x09,0x92,0x4a, 
	0x4f,0x88,0x04,0xb2, 
	0x48,0x01,0x48,0x74, 
	0x7a,0x44,0xb2,0x44, 
	0xa9,0xb2,0x44,0xaa, 
	0x0c,0x18,0x82,0x4a, 
	0x4e,0xc0,0x20,0x00, 
	0xe1,0x84,0x73,0xf1, 
	0xfa,0x73,0xd2,0x2e, 
	0x82,0xf0,0xdd,0x10, 
	0xf1,0x04,0x74,0xf0, 
	0xdd,0x20,0xc0,0x20, 
	0x00,0xd2,0x6e,0x82, 
	0xc1,0x98,0x73,0xc0, 
	0x20,0x00,0xe1,0x85, 
	0x73,0xc8,0x0c,0xd1, 
	0x95,0x73,0xe0,0xcc, 
	0x10,0xc0,0x20,0x00, 
	0xc9,0x0d,0xb2,0x44, 
	0xa2,0x0c,0x02,0x1d, 
	0xf0,0xc0,0x20,0x00, 
	0x91,0x90,0x73,0x92, 
	0x29,0x20,0x77,0x79, 
	0xef,0xc2,0x21,0x38, 
	0xc8,0x3c,0x0c,0x3b, 
	0xc2,0x0c,0x33,0x3c, 
	0x0d,0xd7,0x1c,0x90, 
	0xd2,0x2a,0x22,0xd7, 
	0x34,0x02,0x86,0xc4, 
	0x00,0x0c,0x1e,0xe2, 
	0x4a,0x4f,0xc6,0xc5, 
	0x00,0xb2,0xa7,0xcf, 
	0x81,0xea,0x73,0x0c, 
	0x04,0x22,0x21,0x38, 
	0x49,0xd1,0x42,0x21, 
	0x2d,0x28,0x22,0x48, 
	0x44,0xa2,0x02,0x80, 
	0x89,0xc1,0x40,0xaa, 
	0x82,0x65,0xa9,0x04, 
	0xd8,0xc1,0xc8,0xd1, 
	0x22,0x61,0x1d,0xe5, 
	0xf6,0x03,0x65,0x25, 
	0x04,0x92,0x21,0x1d, 
	0x92,0x09,0x81,0x2d, 
	0x0a,0x40,0xa9,0x82, 
	0xa5,0xa7,0x04,0xd8, 
	0xc1,0xc8,0xd1,0x22, 
	0x61,0x2a,0x25,0xf5, 
	0x03,0xa5,0x23,0x04, 
	0x0c,0x04,0x0c,0x0c, 
	0x0c,0x0d,0xd2,0x56, 
	0x9e,0xc2,0x61,0x34, 
	0x16,0x57,0x1b,0x0c, 
	0x02,0xa9,0xb1,0x42, 
	0x21,0x38,0xe0,0xe2, 
	0x11,0x48,0x34,0xe2, 
	0x61,0x33,0xa8,0x24, 
	0x48,0x44,0xa5,0xa4, 
	0x04,0xb2,0x61,0x2e, 
	0xa2,0x61,0x2f,0x72, 
	0x21,0x33,0xa2,0x21, 
	0x2a,0x7a,0x73,0xa0, 
	0xa4,0xc0,0x65,0xa3, 
	0x04,0xa2,0x61,0x32, 
	0xb2,0x61,0x31,0xa2, 
	0x27,0xe0,0xa5,0xa2, 
	0x04,0xd2,0x21,0x2c, 
	0xc2,0x21,0x30,0x25, 
	0xc7,0x03,0xd2,0x21, 
	0x2e,0xc2,0x21,0x2f, 
	0x65,0xc6,0x03,0xa9, 
	0xa1,0xfd,0x0b,0xb9, 
	0x91,0xb2,0xa7,0xcf, 
	0x47,0xbb,0x02,0x86, 
	0x2a,0x00,0xbd,0x0f, 
	0xd2,0x21,0x26,0xc2, 
	0x21,0x27,0xe5,0xc4, 
	0x03,0xcd,0x0a,0xdd, 
	0x0b,0xb2,0x61,0x25, 
	0xa2,0x61,0x24,0xb2, 
	0x21,0x31,0xa2,0x21, 
	0x32,0xa5,0x0d,0x04, 
	0xd6,0x4a,0x08,0xa8, 
	0xb1,0xaa,0xa4,0x25, 
	0x9e,0x04,0xd2,0x21, 
	0x25,0xc2,0x21,0x24, 
	0x25,0x01,0x04,0xa6, 
	0x1a,0x71,0xad,0x04, 
	0xe5,0x9c,0x04,0xb2, 
	0x61,0x39,0xd2,0x21, 
	0x25,0x42,0x21,0x24, 
	0xc2,0xd7,0x0e,0xc9, 
	0xf1,0x7d,0x0a,0xcd, 
	0x04,0x65,0xff,0x03, 
	0xe2,0x21,0x25,0xf2, 
	0x21,0x39,0xa6,0x1a, 
	0x3d,0xbd,0x0f,0xad, 
	0x07,0xdd,0x0e,0xcd, 
	0x04,0xe5,0x98,0x03, 
	0x25,0x12,0x04,0x72, 
	0x16,0x9e,0x88,0xf1, 
	0x62,0x21,0x34,0x3a, 
	0x77,0x32,0x21,0x38, 
	0xa2,0x68,0x5d,0x5a, 
	0x77,0x62,0x47,0xd8, 
	0x38,0x73,0x72,0x21, 
	0x33,0x62,0xd3,0x13, 
	0xe2,0x16,0x9e,0x7a, 
	0x73,0xb2,0xd7,0x0d, 
	0xb2,0x2b,0x39,0x1b, 
	0xee,0xe2,0x56,0x9e, 
	0xc6,0x28,0x00,0xbd, 
	0x0e,0xad,0x04,0xdd, 
	0x0f,0xcd,0x07,0x25, 
	0x95,0x03,0x65,0x0e, 
	0x04,0x86,0xef,0xff, 
	0x0c,0x0b,0x46,0x23, 
	0x00,0xb2,0x21,0x31, 
	0xa2,0x21,0x32,0xd8, 
	0x91,0xc8,0xa1,0x25, 
	0x04,0x04,0xd6,0xba, 
	0x07,0xa8,0xb1,0xaa, 
	0xa4,0x65,0x94,0x04, 
	0xd8,0x91,0xc8,0xa1, 
	0xa5,0xf7,0x03,0xa6, 
	0x1a,0x6a,0xad,0x04, 
	0x65,0x93,0x04,0x4d, 
	0x0b,0xd8,0x91,0xc2, 
	0xd7,0x0e,0xc9,0xf1, 
	0x7d,0x0a,0xc8,0xa1, 
	0x25,0xf6,0x03,0xe8, 
	0x91,0xf8,0xa1,0xa6, 
	0x1a,0x3d,0xbd,0x04, 
	0xad,0x07,0xdd,0x0e, 
	0xcd,0x0f,0xe5,0x8f, 
	0x03,0x25,0x09,0x04, 
	0x72,0x16,0x9e,0x88, 
	0xf1,0x62,0x21,0x34, 
	0x3a,0x77,0x32,0x21, 
	0x38,0xa2,0x68,0x5d, 
	0x5a,0x77,0x62,0x47, 
	0xd8,0x38,0x73,0x72, 
	0x21,0x33,0x62,0xd3, 
	0x13,0xd2,0x16,0x9e, 
	0x7a,0x73,0xb2,0xd7, 
	0x0d,0xb2,0x2b,0x39, 
	0x1b,0xdd,0xd2,0x56, 
	0x9e,0x86,0x04,0x00, 
	0xbd,0x0e,0xad,0x0f, 
	0xdd,0x04,0xcd,0x07, 
	0xe5,0x8b,0x03,0x65, 
	0x05,0x04,0x86,0xef, 
	0xff,0x0c,0x0b,0x82, 
	0x21,0x34,0x92,0xd7, 
	0x11,0x1b,0x22,0x20, 
	0x20,0xf4,0xb9,0x19, 
	0x1b,0x88,0x92,0x16, 
	0x9a,0x82,0x61,0x34, 
	0x97,0xb2,0x02,0x06, 
	0x96,0xff,0xc2,0x21, 
	0x38,0x42,0x16,0x9e, 
	0xc8,0x2c,0xc2,0x61, 
	0x1d,0x56,0x84,0x04, 
	0xa2,0x21,0x1d,0xc2, 
	0x21,0x38,0x0c,0x19, 
	0xc8,0x0c,0x0c,0x3b, 
	0xb2,0x4c,0x01,0x92, 
	0x4a,0x4e,0x92,0x4a, 
	0x4f,0xc0,0x20,0x00, 
	0xf1,0xe2,0x72,0x81, 
	0x58,0x73,0xe2,0x2f, 
	0x82,0x80,0xee,0x10, 
	0x81,0x62,0x73,0x80, 
	0xee,0x20,0xc0,0x20, 
	0x00,0xe2,0x6f,0x82, 
	0xd1,0xf6,0x72,0xc0, 
	0x20,0x00,0xf1,0xe3, 
	0x72,0xd8,0x0d,0xe1, 
	0xf3,0x72,0xf0,0xdd, 
	0x10,0xc0,0x20,0x00, 
	0xd9,0x0e,0xc6,0x5d, 
	0xff,0x21,0x59,0x73, 
	0x0c,0x07,0x0b,0xd4, 
	0xe2,0x21,0x38,0x41, 
	0x4d,0x73,0xe8,0x3e, 
	0xe2,0x61,0x2d,0x56, 
	0x4d,0x0b,0xf2,0xa7, 
	0xcf,0x88,0x4e,0x5a, 
	0x93,0x92,0x09,0xd8, 
	0x92,0x56,0x9c,0x87, 
	0xbf,0x02,0x86,0x3c, 
	0x04,0x82,0x21,0x38, 
	0x88,0x08,0x0c,0x1a, 
	0xa2,0x48,0x01,0xc0, 
	0x20,0x00,0xe1,0xc8, 
	0x72,0xf1,0x3e,0x73, 
	0xd2,0x2e,0x82,0xf0, 
	0xdd,0x10,0xf1,0x48, 
	0x73,0xf0,0xdd,0x20, 
	0xc0,0x20,0x00,0xd2, 
	0x6e,0x82,0xc1,0xdc, 
	0x72,0xc0,0x20,0x00, 
	0xe1,0xca,0x72,0xc8, 
	0x0c,0xd1,0xd9,0x72, 
	0xe0,0xcc,0x10,0xc0, 
	0x20,0x00,0xb2,0x21, 
	0x1d,0xc9,0x0d,0xa2, 
	0x4b,0x4f,0xa2,0x4b, 
	0x4e,0x65,0x4b,0xfd, 
	0x92,0x21,0x38,0x0c, 
	0x0d,0xe8,0x29,0x38, 
	0x79,0xa9,0xde,0x4a, 
	0xc3,0x0c,0x1a,0xd2, 
	0x4c,0xf5,0xa2,0x4c, 
	0xf4,0x98,0x39,0x98, 
	0x29,0xcc,0x19,0x46, 
	0x69,0x04,0x5a,0xa3, 
	0xa2,0x0a,0xd8,0x30, 
	0xaa,0xa0,0xa2,0xda, 
	0x11,0xa8,0x1a,0xe5, 
	0x7c,0x04,0xd2,0x21, 
	0x2c,0xc2,0x21,0x30, 
	0x65,0xa0,0x03,0xdd, 
	0x02,0xcd,0x07,0x25, 
	0xa0,0x03,0xe5,0xf2, 
	0x03,0x46,0x60,0x04, 
	0xc2,0x21,0x38,0x0c, 
	0x0d,0xd2,0x4a,0x4f, 
	0xc8,0x0c,0xb2,0x4c, 
	0x01,0x42,0x21,0x38, 
	0x48,0x74,0x7a,0x44, 
	0x06,0x1d,0xff,0x98, 
	0x4e,0x82,0xa7,0xcf, 
	0x97,0xb8,0x02,0x86, 
	0x22,0x00,0x82,0x21, 
	0x38,0x88,0x08,0x0c, 
	0x1a,0xa2,0x48,0x01, 
	0xc0,0x20,0x00,0xe1, 
	0x9d,0x72,0xf1,0x13, 
	0x73,0xd2,0x2e,0x82, 
	0xf0,0xdd,0x10,0xf1, 
	0x1d,0x73,0xf0,0xdd, 
	0x20,0xc0,0x20,0x00, 
	0xd2,0x6e,0x82,0xc1, 
	0xb1,0x72,0xc0,0x20, 
	0x00,0xe1,0x9e,0x72, 
	0xc8,0x0c,0xd1,0xae, 
	0x72,0xe0,0xcc,0x10, 
	0xc0,0x20,0x00,0xb2, 
	0x21,0x1d,0xc9,0x0d, 
	0xa2,0x4b,0x4f,0xa2, 
	0x4b,0x4e,0xa5,0x40, 
	0xfd,0x92,0x21,0x38, 
	0x0c,0x0d,0xe8,0x29, 
	0x38,0x79,0xa9,0xde, 
	0x4a,0xc3,0x0c,0x1a, 
	0xd2,0x4c,0xf5,0xa2, 
	0x4c,0xf4,0x98,0x39, 
	0x98,0x29,0xcc,0x19, 
	0xc6,0xeb,0x02,0x5a, 
	0xa3,0xa2,0x0a,0xd8, 
	0x30,0xaa,0xa0,0xa2, 
	0xda,0x11,0xa8,0x1a, 
	0xe5,0x71,0x04,0xd2, 
	0x21,0x2c,0xc2,0x21, 
	0x30,0xa5,0x95,0x03, 
	0xdd,0x02,0xcd,0x07, 
	0x25,0x95,0x03,0x25, 
	0xe8,0x03,0xc6,0xe2, 
	0x02,0x0c,0x0c,0x4a, 
	0xd3,0x42,0x16,0x9e, 
	0xc2,0x4d,0xf4,0x16, 
	0xb4,0x10,0x0c,0x0d, 
	0x0b,0x74,0xe6,0x17, 
	0x02,0xc6,0x31,0x00, 
	0x0c,0x0a,0xaa,0xb3, 
	0x5a,0xbb,0x22,0x0b, 
	0xd8,0x1b,0xaa,0x30, 
	0x22,0xa0,0x22,0xd2, 
	0x0e,0xe2,0x22,0xc1, 
	0xa0,0xa0,0xf4,0x96, 
	0xce,0x02,0xf2,0x0b, 
	0xd9,0x30,0xff,0xa0, 
	0xf2,0xdf,0x11,0xf8, 
	0x1f,0x96,0xbf,0x01, 
	0xe7,0xaf,0x12,0x42, 
	0x16,0x9e,0xf2,0x62, 
	0xc1,0x82,0x0b,0xd9, 
	0x0b,0x74,0x30,0x88, 
	0xa0,0x82,0xd8,0x11, 
	0xe9,0x18,0x77,0x2a, 
	0xc0,0xc6,0x20,0x00, 
	0xd6,0x9e,0x02,0xf2, 
	0x0b,0xd9,0x30,0xff, 
	0xa0,0xf2,0xdf,0x11, 
	0xf8,0x1f,0xd6,0x8f, 
	0x01,0xf7,0xae,0xe5, 
	0x42,0x16,0x9e,0xf2, 
	0x62,0xc1,0x82,0x0b, 
	0xd9,0x0b,0x74,0x30, 
	0x88,0xa0,0x82,0xd8, 
	0x11,0xe9,0x18,0xc6, 
	0xf3,0xff,0x96,0xce, 
	0x02,0xf2,0x0b,0xd9, 
	0x30,0xff,0xa0,0xf2, 
	0xdf,0x11,0xf8,0x1f, 
	0xd6,0xbf,0x01,0xf0, 
	0x80,0x60,0xe7,0xa8, 
	0xb8,0x42,0x16,0x9e, 
	0xf2,0x62,0xc1,0x92, 
	0x0b,0xd9,0x0b,0x74, 
	0x30,0x99,0xa0,0x92, 
	0xd9,0x11,0xe9,0x19, 
	0x86,0xe8,0xff,0xd6, 
	0xfe,0xf9,0xf2,0x0b, 
	0xd9,0x30,0xff,0xa0, 
	0xf2,0xdf,0x11,0xf8, 
	0x1f,0xe0,0x80,0x60, 
	0x96,0xef,0xf8,0x87, 
	0xaf,0x8b,0x42,0x16, 
	0x9e,0xf2,0x62,0xc1, 
	0x92,0x0b,0xd9,0x0b, 
	0x74,0x30,0x99,0xa0, 
	0x92,0xd9,0x11,0xe9, 
	0x19,0x46,0xdd,0xff, 
	0x1b,0xdd,0xd0,0xd0, 
	0xf4,0x47,0xbd,0x02, 
	0x86,0xc9,0xff,0xac, 
	0xb4,0x0c,0x0a,0x5a, 
	0xe3,0xaa,0xb3,0x82, 
	0x0e,0xd8,0x1b,0xaa, 
	0x5a,0xbb,0xb2,0x0b, 
	0xd8,0x30,0x88,0xa0, 
	0x82,0xd8,0x11,0x88, 
	0x18,0x30,0xfb,0xa0, 
	0xf2,0xdf,0x0d,0xf2, 
	0x2f,0x39,0xa0,0xa0, 
	0xf4,0x87,0x9f,0x02, 
	0xb2,0x56,0x9c,0x47, 
	0x3a,0xd6,0x22,0x21, 
	0x2d,0xa2,0xd3,0x0a, 
	0x82,0x16,0x9c,0x42, 
	0xd3,0x12,0x30,0x88, 
	0xa0,0x32,0xd8,0x0d, 
	0xb2,0x28,0x7c,0xb2, 
	0x6a,0xe9,0x92,0x28, 
	0x18,0x92,0x6a,0xe8, 
	0x32,0x23,0x39,0x32, 
	0x64,0x8a,0x28,0x22, 
	0xad,0x02,0xa5,0x5b, 
	0x04,0x5d,0x0a,0x6d, 
	0x0b,0xad,0x03,0xe5, 
	0x5b,0x04,0xd2,0x21, 
	0x2c,0xc2,0x21,0x30, 
	0x65,0x7f,0x03,0xdd, 
	0x0b,0xcd,0x0a,0xbd, 
	0x06,0xad,0x05,0xe5, 
	0x7e,0x03,0x5d,0x0a, 
	0xa2,0x21,0x1d,0x91, 
	0xb6,0x72,0xa2,0x2a, 
	0x22,0x6d,0x0b,0xa7, 
	0x39,0x08,0x71,0xb4, 
	0x72,0xa1,0xb4,0x72, 
	0x46,0x01,0x00,0x71, 
	0xb5,0x72,0xa1,0xb5, 
	0x72,0x65,0x58,0x04, 
	0xdd,0x0b,0xcd,0x0a, 
	0xbd,0x06,0xad,0x05, 
	0xe5,0xc5,0x03,0x96, 
	0x2a,0x01,0xad,0x07, 
	0x25,0x57,0x04,0xdd, 
	0x0b,0xcd,0x0a,0xbd, 
	0x06,0xad,0x05,0xa5, 
	0xb9,0x03,0xa6,0x1a, 
	0x06,0x0c,0x03,0x0c, 
	0x0c,0xc2,0x64,0x8a, 
	0x9c,0xd2,0xad,0x03, 
	0x65,0x55,0x04,0xd2, 
	0x21,0x2c,0xc2,0x21, 
	0x30,0x25,0x79,0x03, 
	0xd1,0x9f,0x72,0x0c, 
	0x0c,0xa5,0x78,0x03, 
	0x65,0xcb,0x03,0xa2, 
	0x64,0x89,0x86,0x00, 
	0x00,0xa2,0x24,0x89, 
	0xc0,0x20,0x00,0x81, 
	0x35,0x72,0xe1,0x08, 
	0x72,0xd1,0x15,0x72, 
	0xf2,0x2e,0x80,0xd0, 
	0xda,0x10,0x80,0xff, 
	0x10,0xf0,0xdd,0x20, 
	0xc0,0x20,0x00,0xd2, 
	0x6e,0x80,0x65,0x1d, 
	0xfd,0xf2,0x21,0x38, 
	0xe8,0x1f,0xd8,0x1e, 
	0xc8,0x0f,0xd0,0xda, 
	0xc0,0xd9,0x1e,0x0c, 
	0x1e,0xe2,0x4c,0x01, 
	0xc0,0x20,0x00,0xa1, 
	0xfc,0x71,0xb1,0x72, 
	0x72,0x92,0x2a,0x82, 
	0xb0,0x99,0x10,0xb1, 
	0x7c,0x72,0xb0,0x99, 
	0x20,0xc0,0x20,0x00, 
	0x92,0x6a,0x82,0x81, 
	0x10,0x72,0xc0,0x20, 
	0x00,0xa1,0xfd,0x71, 
	0x88,0x08,0x91,0x0d, 
	0x72,0xa0,0x88,0x10, 
	0xc0,0x20,0x00,0xf8, 
	0x2f,0x89,0x09,0xe2, 
	0x4f,0x4f,0xe2,0x4f, 
	0x4e,0x65,0x18,0xfd, 
	0xe2,0x21,0x38,0xe8, 
	0x2e,0xa9,0xde,0x86, 
	0x73,0xfe,0x82,0x21, 
	0x38,0x88,0x28,0x82, 
	0x61,0x1d,0x82,0x28, 
	0x22,0xa1,0x0b,0x72, 
	0x87,0xb4,0x1a,0xd1, 
	0x85,0x72,0xc0,0x20, 
	0x00,0xc1,0xe5,0x71, 
	0x92,0x2c,0x8d,0xa0, 
	0x99,0x10,0xd0,0x99, 
	0x20,0xc0,0x20,0x00, 
	0x92,0x6c,0x8d,0xc6, 
	0x05,0x00,0xe1,0x7f, 
	0x72,0xc0,0x20,0x00, 
	0xd1,0xdf,0x71,0xc2, 
	0x2d,0x8d,0xa0,0xcc, 
	0x10,0xe0,0xcc,0x20, 
	0xc0,0x20,0x00,0xc2, 
	0x6d,0x8d,0xa1,0x7a, 
	0x72,0xc2,0x21,0x1d, 
	0xd1,0x7a,0x72,0xc2, 
	0x2c,0x22,0xe1,0x79, 
	0x72,0xd7,0x9c,0x2a, 
	0xc0,0x20,0x00,0x91, 
	0xd5,0x71,0x82,0x29, 
	0xbe,0xa0,0x88,0x10, 
	0xe0,0x88,0x20,0xc0, 
	0x20,0x00,0x82,0x69, 
	0xbe,0xc0,0x20,0x00, 
	0x81,0xea,0x71,0xd8, 
	0x78,0xb0,0xdd,0x10, 
	0xf0,0xdd,0x20,0xc0, 
	0x20,0x00,0xd9,0x78, 
	0x86,0x17,0x00,0xd1, 
	0x3f,0x72,0xc7,0x34, 
	0x02,0x06,0x51,0x02, 
	0xc0,0x20,0x00,0xe1, 
	0xc8,0x71,0xc2,0x2e, 
	0xbe,0xa0,0xcc,0x10, 
	0xd0,0xcc,0x20,0xc0, 
	0x20,0x00,0xc2,0x6e, 
	0xbe,0xc0,0x20,0x00, 
	0xc1,0xdd,0x71,0x98, 
	0x7c,0xb0,0x99,0x10, 
	0xf0,0x99,0x20,0xc0, 
	0x20,0x00,0x99,0x7c, 
	0x86,0x0a,0x00,0x81, 
	0x61,0x72,0xc0,0x20, 
	0x00,0xf1,0xbc,0x71, 
	0xe2,0x2f,0xbe,0xa0, 
	0xee,0x10,0x80,0xee, 
	0x20,0xc0,0x20,0x00, 
	0xe2,0x6f,0xbe,0xc0, 
	0x20,0x00,0xe1,0xd1, 
	0x71,0xd8,0x7e,0xb0, 
	0xdd,0x10,0x30,0xdd, 
	0x20,0xc0,0x20,0x00, 
	0xd9,0x7e,0x32,0x21, 
	0x38,0x38,0x73,0x7a, 
	0x43,0x0c,0x09,0xb2, 
	0xd3,0x1a,0xc2,0xd3, 
	0x0a,0xe2,0x21,0x1d, 
	0xf2,0xd3,0x14,0xd2, 
	0xd3,0x13,0x0c,0x08, 
	0x82,0x5d,0x9a,0x82, 
	0x44,0xa2,0x82,0x5d, 
	0x9c,0x82,0x44,0xa1, 
	0x82,0x44,0xa0,0x89, 
	0x9f,0x82,0x6e,0x23, 
	0x82,0x5d,0x9e,0x82, 
	0x6c,0xec,0x82,0x6c, 
	0xeb,0x82,0x44,0xa8, 
	0x82,0x44,0xa4,0x82, 
	0x6c,0xf8,0x82,0x6c, 
	0xf7,0x82,0x44,0xb1, 
	0x82,0x4b,0x52,0x82, 
	0x5b,0x28,0x30,0xb9, 
	0xa0,0x69,0xcb,0x69, 
	0x0b,0x1b,0x99,0x90, 
	0x90,0xf4,0xb2,0xdb, 
	0x02,0x62,0x6b,0xc4, 
	0x62,0x6b,0xd0,0xb6, 
	0xa9,0xe7,0x0c,0x0a, 
	0x1c,0x7c,0xd2,0x21, 
	0x38,0xd8,0x7d,0x1b, 
	0xfa,0xd0,0xea,0xa0, 
	0xaa,0xdd,0xe2,0xde, 
	0x05,0xf0,0xa0,0xf4, 
	0x62,0x6e,0x1c,0x5a, 
	0xdd,0x22,0x4d,0xc0, 
	0xa7,0xbc,0xe2,0x0c, 
	0x0a,0x32,0x21,0x38, 
	0xb2,0xa0,0x63,0x38, 
	0x73,0x0c,0x08,0x30, 
	0xda,0xa0,0xaa,0xc3, 
	0x5a,0xcc,0xd2,0xdd, 
	0x0e,0x32,0x21,0x38, 
	0x82,0x6d,0x5d,0x82, 
	0x6d,0xc1,0x82,0x4c, 
	0xd8,0x98,0x73,0x90, 
	0xea,0xa0,0xc2,0xde, 
	0x08,0xd2,0xde,0x12, 
	0xf2,0xde,0x0a,0xaa, 
	0x99,0x7a,0x99,0x82, 
	0x6f,0xf9,0x62,0x6f, 
	0x20,0x62,0x6f,0x84, 
	0x62,0x6e,0x7c,0x62, 
	0x6e,0x18,0x82,0x6e, 
	0xe0,0x62,0x6d,0x25, 
	0x62,0x6c,0x3c,0x82, 
	0x49,0x3c,0x38,0x73, 
	0x1b,0xca,0x30,0x9a, 
	0xa0,0x82,0xd9,0x07, 
	0xc0,0xa0,0xf4,0x92, 
	0xd9,0x05,0x62,0x69, 
	0x34,0x62,0x68,0x18, 
	0xa7,0xbb,0xa1,0x91, 
	0x92,0x71,0xc0,0x20, 
	0x00,0xb1,0x7b,0x71, 
	0x98,0x09,0xa1,0x8f, 
	0x71,0xb0,0x99,0x20, 
	0xc0,0x20,0x00,0x0c, 
	0x18,0x0c,0x4d,0xe2, 
	0x21,0x38,0x0c,0x6f, 
	0xe8,0x2e,0x99,0x0a, 
	0xf2,0x4e,0x4e,0xd2, 
	0x4e,0x69,0x82,0x4e, 
	0x4f,0x25,0xf8,0xfc, 
	0xb2,0x21,0x38,0xb8, 
	0x2b,0xa9,0xfb,0x86, 
	0xf2,0xfd,0xb2,0x44, 
	0xb7,0xa2,0x44,0xb6, 
	0xa0,0xd0,0x74,0xc2, 
	0xd3,0x0a,0xc2,0x61, 
	0x15,0xa2,0xa0,0x64, 
	0xb0,0xbd,0xc1,0xb2, 
	0x6c,0xf7,0xb7,0xba, 
	0x07,0xe2,0x21,0x15, 
	0xbd,0x0a,0xa2,0x6e, 
	0xf7,0xa2,0x04,0xb6, 
	0x16,0xda,0x04,0x0c, 
	0x0e,0xb2,0x04,0xb7, 
	0xbc,0x7b,0x30,0xfe, 
	0xa0,0x0c,0x0a,0xb0, 
	0x8e,0xc1,0x30,0xda, 
	0xa0,0xd8,0xcd,0x8a, 
	0x8a,0x30,0x88,0xa0, 
	0x82,0xd8,0x07,0xd2, 
	0x68,0x18,0xc2,0x04, 
	0xb7,0xe0,0xcc,0xc1, 
	0xb8,0x0f,0xca,0xca, 
	0x1b,0xaa,0x30,0xcc, 
	0xa0,0xc2,0xdc,0x05, 
	0xb2,0x6c,0x34,0xb2, 
	0x04,0xb7,0xa0,0xa0, 
	0xf4,0xb7,0x3a,0xce, 
	0xa2,0x04,0xb6,0x1b, 
	0xee,0xe0,0xe0,0xf4, 
	0xa7,0x3e,0xbc,0xb2, 
	0x21,0x15,0xb2,0x2b, 
	0xf7,0x16,0x6b,0x0d, 
	0x0c,0x0b,0x30,0xdb, 
	0xa0,0xc2,0xdd,0x02, 
	0xf2,0xdd,0x06,0xf2, 
	0x61,0x2b,0xc2,0x2c, 
	0xf4,0xf2,0x2f,0x58, 
	0xe1,0x60,0x71,0xc0, 
	0xaf,0xc0,0xc7,0xbf, 
	0x0d,0xb2,0x61,0x3b, 
	0x82,0x21,0x2b,0xea, 
	0xea,0xe2,0x68,0xbc, 
	0x86,0x02,0x00,0xed, 
	0x0a,0x82,0x21,0x2b, 
	0xb2,0x61,0x3b,0xa2, 
	0x68,0xbc,0xa2,0x21, 
	0x2d,0xe0,0xb1,0x41, 
	0xc2,0xdd,0x12,0xc2, 
	0x61,0x29,0xb0,0xbf, 
	0xc0,0xb2,0x6c,0x25, 
	0xa8,0x2a,0xa5,0x1e, 
	0x04,0xa2,0x61,0x20, 
	0xa2,0x21,0x2b,0xb2, 
	0x61,0x1f,0xa2,0x2a, 
	0xbc,0xa5,0x1d,0x04, 
	0xd2,0x21,0x2c,0xc2, 
	0x21,0x30,0x25,0x42, 
	0x03,0xdd,0x0b,0xcd, 
	0x0a,0xb2,0x21,0x1f, 
	0xa2,0x21,0x20,0x65, 
	0x41,0x03,0xe5,0x98, 
	0x03,0xc2,0x21,0x2b, 
	0xb2,0x21,0x29,0xa2, 
	0x6c,0xbc,0xb2,0x2b, 
	0x25,0xb9,0x01,0xb7, 
	0xa2,0x0a,0xb2,0xdb, 
	0x80,0xd2,0x21,0x29, 
	0xb9,0x01,0xb2,0x6d, 
	0x25,0xa2,0x21,0x2d, 
	0xa8,0x2a,0xe5,0x19, 
	0x04,0xa2,0x61,0x22, 
	0xb2,0x61,0x21,0xa8, 
	0x01,0xe5,0x19,0x04, 
	0xd2,0x21,0x2c,0xc2, 
	0x21,0x30,0xa5,0x3d, 
	0x03,0xdd,0x0b,0xcd, 
	0x0a,0xb2,0x21,0x21, 
	0xa2,0x21,0x22,0xe5, 
	0x3c,0x03,0xa5,0x8f, 
	0x03,0xb2,0x21,0x3b, 
	0xd2,0x21,0x29,0xc2, 
	0x21,0x15,0xa2,0x6d, 
	0x25,0xc2,0x2c,0xf7, 
	0x1b,0xdb,0xd0,0xb0, 
	0xf4,0xc7,0xbb,0x02, 
	0x86,0xca,0xff,0xa2, 
	0x04,0xa0,0xdd,0x0a, 
	0xac,0xda,0x0c,0x0c, 
	0x0b,0xea,0x1b,0xcc, 
	0xc0,0xc0,0xf4,0xa6, 
	0x1e,0x1f,0x0c,0x0b, 
	0x30,0xdb,0xa0,0xf8, 
	0x0d,0x1b,0xbb,0x28, 
	0x1d,0xb0,0xb0,0xf4, 
	0xf7,0xb2,0x08,0xf9, 
	0x1d,0x29,0x0d,0xa2, 
	0x04,0xa0,0x0b,0xea, 
	0xe7,0x2b,0xe4,0xa0, 
	0xd0,0xf4,0xd7,0x3c, 
	0xd4,0xb2,0x04,0xa1, 
	0xfd,0x0b,0xbc,0x2b, 
	0x0c,0x0c,0x0b,0xeb, 
	0x1b,0xcc,0xc0,0xc0, 
	0xf4,0xa6,0x1e,0x1f, 
	0x0c,0x0a,0x30,0xda, 
	0xa0,0xf8,0xcd,0x1b, 
	0xaa,0x28,0xdd,0xa0, 
	0xa0,0xf4,0xf7,0xb2, 
	0x08,0xf9,0xdd,0x29, 
	0xcd,0xb2,0x04,0xa1, 
	0x0b,0xeb,0xe7,0x2a, 
	0xe4,0xb0,0xf0,0xf4, 
	0xf7,0x3c,0xd4,0xa2, 
	0x04,0xa0,0xdd,0x0a, 
	0xac,0xbd,0x0c,0x0b, 
	0x0c,0x1e,0x30,0x8b, 
	0xa0,0xba,0x43,0x5a, 
	0x44,0x92,0xd8,0x05, 
	0x32,0x21,0x38,0x88, 
	0x08,0x82,0x69,0x1c, 
	0xe2,0x44,0xc0,0x38, 
	0x73,0x1b,0xbb,0x7a, 
	0x43,0xa2,0x04,0xa0, 
	0xb0,0xb0,0xf4,0xa7, 
	0x3b,0xd9,0xb2,0x04, 
	0xa1,0xfd,0x0b,0xbc, 
	0x6f,0x0c,0x0a,0xb2, 
	0x04,0xa0,0x30,0x9a, 
	0xa0,0x98,0xc9,0xaa, 
	0xbb,0x30,0xbb,0xa0, 
	0xb2,0xdb,0x05,0x92, 
	0x6b,0x1c,0x82,0x04, 
	0xa0,0x0c,0x04,0xaa, 
	0x88,0x8a,0x83,0x32, 
	0x21,0x38,0x5a,0x88, 
	0x42,0x48,0xc0,0x38, 
	0x73,0x1b,0xaa,0x7a, 
	0x43,0xb2,0x04,0xa1, 
	0xa0,0xa0,0xf4,0xb7, 
	0x3a,0xcc,0xa2,0x04, 
	0xa0,0xba,0xca,0xc2, 
	0x61,0x37,0xa6,0x1c, 
	0x66,0x0c,0x08,0xf2, 
	0x21,0x37,0x82,0x61, 
	0x23,0x0b,0xff,0xa6, 
	0x1f,0x48,0x0c,0x0e, 
	0x30,0xce,0xa0,0xc2, 
	0xdc,0x02,0x22,0x2c, 
	0xdc,0xd2,0x2c,0xdd, 
	0x27,0xbd,0x2f,0x22, 
	0x6c,0xdd,0xea,0xa3, 
	0xd2,0x6c,0xdc,0x32, 
	0x21,0x38,0x5a,0xaa, 
	0x42,0x0a,0xc0,0x92, 
	0x0a,0xc1,0x92,0x4a, 
	0xc0,0x88,0x73,0xea, 
	0x88,0x5a,0x88,0x42, 
	0x48,0xc1,0x38,0x73, 
	0x7a,0x43,0xb2,0x04, 
	0xa1,0xa2,0x04,0xa0, 
	0xba,0xfa,0xf2,0x61, 
	0x37,0x0b,0xff,0x1b, 
	0xee,0xe0,0xe0,0xf4, 
	0xf7,0x2e,0xb8,0x82, 
	0x21,0x23,0x92,0x21, 
	0x37,0x1b,0xc8,0xc0, 
	0x80,0xf4,0x82,0x61, 
	0x23,0x97,0x28,0xa2, 
	0x21,0x52,0x71,0xba, 
	0xea,0xe0,0xe0,0x74, 
	0xe2,0x44,0xa7,0x16, 
	0x3e,0x36,0x0c,0x0a, 
	0xd1,0x64,0x71,0xaa, 
	0xf3,0x5a,0xff,0xb2, 
	0x0f,0xc0,0xf2,0x0f, 
	0xc1,0x0b,0x8b,0xb7, 
	0x9f,0x2d,0x56,0xa8, 
	0x0d,0x30,0xba,0xa0, 
	0xb2,0xdb,0x02,0xf2, 
	0x2b,0xdd,0xc2,0x2b, 
	0xdc,0xd7,0x1f,0x2c, 
	0x92,0x04,0xb2,0xac, 
	0x09,0x26,0x39,0x1e, 
	0xc7,0x32,0x02,0xf7, 
	0x32,0x18,0x62,0x6b, 
	0xdd,0xe2,0x04,0xa0, 
	0x0b,0xee,0xe2,0x44, 
	0xa0,0xe2,0x04,0xa7, 
	0x1b,0xaa,0xa0,0xa0, 
	0xf4,0xe7,0x3a,0xba, 
	0x86,0xc5,0x00,0x62, 
	0x6b,0xdc,0xc6,0xf8, 
	0xff,0x5a,0xc3,0xc2, 
	0x0c,0xc0,0x56,0x9c, 
	0x07,0x92,0xd3,0x02, 
	0x82,0x29,0xdc,0x26, 
	0xd8,0xdd,0xc2,0xd3, 
	0x0a,0x62,0x6b,0xdd, 
	0xe2,0x04,0xa8,0x82, 
	0x29,0xdc,0x1b,0xee, 
	0x82,0x6c,0xeb,0xe0, 
	0xe0,0x74,0xc2,0x04, 
	0xa7,0xe2,0x44,0xa8, 
	0xea,0xcc,0x30,0xcc, 
	0xa0,0xc2,0xdc,0x05, 
	0x82,0x6c,0x1b,0xe2, 
	0x04,0xa8,0xc2,0x04, 
	0xa7,0x0c,0x08,0xea, 
	0xcc,0xca,0xc3,0x32, 
	0x21,0x38,0x5a,0xcc, 
	0x82,0x4c,0xbf,0x88, 
	0x73,0x7a,0xc8,0x42, 
	0x0c,0xa8,0xe2,0x0c, 
	0xa7,0x1b,0x44,0x40, 
	0x40,0x74,0x4a,0xee, 
	0x42,0x4c,0xa8,0x80, 
	0xee,0xa0,0xe2,0xde, 
	0x05,0xf2,0x6e,0x1b, 
	0xe2,0x0c,0xa8,0xc2, 
	0x0c,0xa7,0x0c,0x14, 
	0xea,0xcc,0xca,0x88, 
	0x5a,0x88,0x42,0x48, 
	0xbf,0x38,0x73,0x7a, 
	0x43,0xe2,0x04,0xa7, 
	0x06,0xdb,0xff,0x92, 
	0x04,0xb2,0x9c,0x09, 
	0x26,0x39,0x0e,0xe2, 
	0x2b,0xdc,0xe7,0x32, 
	0x02,0xf7,0x32,0x05, 
	0x62,0x6b,0xdd,0x86, 
	0xd2,0xff,0x62,0x6b, 
	0xdc,0x06,0xd1,0xff, 
	0x56,0xcb,0xf4,0x30, 
	0xba,0xa0,0xb2,0xdb, 
	0x02,0xf2,0x2b,0xdc, 
	0x26,0xdf,0x27,0x92, 
	0x04,0xb2,0x9c,0xb9, 
	0x26,0x39,0x19,0xf7, 
	0x32,0x05,0xc2,0x2b, 
	0xdd,0xc7,0x32,0x10, 
	0x62,0x6b,0xdc,0xe2, 
	0x04,0xa1,0x0b,0xee, 
	0xe2,0x44,0xa1,0xe2, 
	0x04,0xa7,0x86,0xc7, 
	0xff,0x62,0x6b,0xdd, 
	0xc6,0xfa,0xff,0xea, 
	0xc3,0x5a,0xcc,0x82, 
	0x0c,0xbf,0x0b,0x88, 
	0x56,0x18,0x21,0x30, 
	0x9e,0xa0,0x92,0xd9, 
	0x05,0x92,0x29,0x1b, 
	0xd0,0xf9,0xc0,0x56, 
	0x5f,0x1a,0xe2,0x0c, 
	0xbe,0x0b,0xee,0x56, 
	0xde,0x11,0x82,0xd3, 
	0x02,0xb2,0x28,0xdd, 
	0x62,0x68,0xdd,0xf2, 
	0x04,0xa7,0x30,0xff, 
	0xa0,0xf2,0xdf,0x05, 
	0x62,0x6f,0x1b,0xe2, 
	0x04,0xa8,0xc2,0x04, 
	0xa7,0x1b,0xee,0xe0, 
	0xe0,0x74,0xea,0xcc, 
	0xe2,0x44,0xa8,0x82, 
	0x28,0xdc,0x30,0xcc, 
	0xa0,0xc2,0xdc,0x05, 
	0x82,0x6c,0x1b,0x62, 
	0x04,0xa8,0xf2,0x04, 
	0xa7,0x0c,0x04,0x6a, 
	0xff,0xfa,0xf3,0x32, 
	0x21,0x38,0x5a,0xff, 
	0x42,0x4f,0xbf,0x68, 
	0x73,0xf2,0xd6,0x0a, 
	0x7a,0x86,0xe2,0x08, 
	0xa8,0xc2,0x08,0xa7, 
	0x1b,0xee,0xe2,0x48, 
	0xa8,0xe0,0xe0,0x74, 
	0xea,0xec,0x60,0xee, 
	0xa0,0x60,0xcc,0xa0, 
	0xc2,0xdc,0x05,0xe2, 
	0xde,0x05,0xc2,0x2c, 
	0x1a,0xc2,0x6f,0xec, 
	0xc2,0x6e,0x1b,0xc2, 
	0x08,0xa8,0x82,0x08, 
	0xa7,0x0c,0x1f,0xca, 
	0x88,0x8a,0x66,0x5a, 
	0x66,0xf2,0x46,0xbf, 
	0x68,0x73,0x7a,0x86, 
	0xe2,0x08,0xa8,0xc2, 
	0x08,0xa7,0x1b,0xee, 
	0xe0,0xe0,0x74,0xea, 
	0xcc,0xe2,0x48,0xa8, 
	0x60,0xcc,0xa0,0xc2, 
	0xdc,0x05,0xb2,0x6c, 
	0x1b,0xc2,0x08,0xa8, 
	0x82,0x08,0xa7,0xca, 
	0x88,0x8a,0x66,0x5a, 
	0x66,0x42,0x46,0xbf, 
	0x68,0x73,0x7a,0x86, 
	0xe2,0x08,0xa8,0xc2, 
	0x08,0xa7,0x1b,0xee, 
	0xe0,0xe0,0x74,0xea, 
	0xcc,0xe2,0x48,0xa8, 
	0x60,0xcc,0xa0,0xc2, 
	0xdc,0x05,0x92,0x6c, 
	0x1b,0xc2,0x08,0xa8, 
	0x82,0x08,0xa7,0xca, 
	0x88,0x8a,0x66,0x5a, 
	0x66,0xf2,0x46,0xbf, 
	0x68,0x73,0x7a,0x86, 
	0xe2,0x08,0xa8,0xc2, 
	0x08,0xa7,0x1b,0xee, 
	0xe0,0xe0,0x74,0xea, 
	0xcc,0xe2,0x48,0xa8, 
	0x60,0xcc,0xa0,0xc2, 
	0xdc,0x05,0xb2,0x6c, 
	0x1b,0xb2,0x08,0xa8, 
	0x82,0x08,0xa7,0xba, 
	0x88,0x8a,0x66,0x5a, 
	0x66,0x42,0x46,0xbf, 
	0x38,0x73,0x61,0xc3, 
	0x70,0x7a,0x43,0xe2, 
	0x04,0xa8,0xb2,0x04, 
	0xa7,0x1b,0xee,0xe0, 
	0xe0,0x74,0xe2,0x44, 
	0xa8,0x46,0x16,0x00, 
	0xc2,0x04,0xa7,0xe2, 
	0x04,0xa8,0xb2,0x2b, 
	0xdd,0x1b,0xee,0xe0, 
	0xe0,0x74,0xe2,0x44, 
	0xa8,0xea,0xcc,0x30, 
	0xcc,0xa0,0xc2,0xdc, 
	0x05,0xb2,0x6c,0x1b, 
	0x92,0x04,0xa8,0x82, 
	0x04,0xa7,0x0c,0x04, 
	0x9a,0x88,0x8a,0x83, 
	0x32,0x21,0x38,0x5a, 
	0x88,0x42,0x48,0xbf, 
	0x38,0x73,0x82,0xd3, 
	0x0a,0x7a,0x43,0x30, 
	0xfa,0xa0,0xf2,0xdf, 
	0x05,0x62,0x6f,0x1d, 
	0xb2,0x04,0xa7,0xe2, 
	0x04,0xa8,0x30,0x9b, 
	0xa0,0x1b,0xee,0xe0, 
	0xe0,0x74,0x92,0xd9, 
	0x05,0x92,0x29,0x1b, 
	0x92,0x68,0xec,0xe2, 
	0x44,0xa8,0xea,0xfb, 
	0x30,0xff,0xa0,0xf2, 
	0xdf,0x05,0x92,0x6f, 
	0x1b,0xc2,0x04,0xa8, 
	0x82,0x04,0xa7,0x0c, 
	0x14,0xca,0x88,0x8a, 
	0x83,0x32,0x21,0x38, 
	0x5a,0x88,0x42,0x48, 
	0xbf,0x38,0x73,0x7a, 
	0x43,0x86,0x8c,0xff, 
	0xc2,0x04,0xa7,0xe2, 
	0x04,0xa8,0xb2,0x2b, 
	0xdd,0x1b,0xee,0xe0, 
	0xe0,0x74,0xe2,0x44, 
	0xa8,0xea,0xcc,0x30, 
	0xcc,0xa0,0xc2,0xdc, 
	0x05,0xb2,0x6c,0x1b, 
	0x92,0x04,0xa8,0x82, 
	0x04,0xa7,0x0c,0x04, 
	0x9a,0x88,0x8a,0x83, 
	0x32,0x21,0x38,0x5a, 
	0x88,0x42,0x48,0xbf, 
	0x38,0x73,0x82,0xd3, 
	0x0a,0x7a,0x43,0x30, 
	0xfa,0xa0,0xf2,0xdf, 
	0x05,0x62,0x6f,0x1d, 
	0xb2,0x04,0xa7,0xe2, 
	0x04,0xa8,0x30,0x9b, 
	0xa0,0x1b,0xee,0xe0, 
	0xe0,0x74,0x92,0xd9, 
	0x05,0x92,0x29,0x1b, 
	0x92,0x68,0xec,0xe2, 
	0x44,0xa8,0x06,0xdf, 
	0xff,0x92,0x04,0xb2, 
	0x9c,0x09,0x26,0x39, 
	0x0e,0xf7,0x32,0x05, 
	0xf2,0x2b,0xdd,0xf7, 
	0x32,0x05,0x62,0x6b, 
	0xdc,0x86,0x6d,0xff, 
	0x62,0x6b,0xdd,0x06, 
	0x6c,0xff,0xf2,0x04, 
	0xa8,0xfa,0xfe,0xa6, 
	0x1f,0x69,0xa2,0xa0, 
	0xff,0x0c,0x0d,0x0b, 
	0xef,0x1b,0xdd,0xd0, 
	0xd0,0xf4,0xa6,0x1e, 
	0x57,0x0c,0x0b,0x30, 
	0x8b,0xa0,0x82,0xd8, 
	0x05,0x82,0x28,0x1c, 
	0x67,0x98,0x41,0xba, 
	0x33,0x5a,0x33,0xa2, 
	0x43,0xc0,0x32,0x21, 
	0x38,0xc8,0x73,0xc0, 
	0xfb,0xa0,0xf2,0xdf, 
	0x02,0xba,0xcc,0x5a, 
	0xcc,0x42,0x2f,0xdc, 
	0xe2,0x2f,0xdd,0xe2, 
	0x6f,0xdc,0x42,0x6f, 
	0xdd,0x42,0x0c,0xc0, 
	0x92,0x0c,0xc1,0x92, 
	0x4c,0xc0,0x88,0x73, 
	0xba,0x88,0x5a,0x88, 
	0x42,0x48,0xc1,0x38, 
	0x73,0x7a,0x43,0x82, 
	0x04,0xa8,0xf2,0x04, 
	0xa7,0x8a,0xff,0x0b, 
	0xef,0x1b,0xbb,0xb0, 
	0xb0,0xf4,0xe7,0x2b, 
	0xa9,0xf7,0x2d,0x9c, 
	0xf2,0x04,0xa1,0xe2, 
	0x04,0xa0,0xfa,0xee, 
	0xe2,0x61,0x37,0xa6, 
	0x1e,0x4f,0x0c,0x0b, 
	0x0c,0x0f,0x0c,0x07, 
	0x30,0xeb,0xa0,0xe2, 
	0xde,0x05,0xe2,0x2e, 
	0x1c,0xba,0x83,0x67, 
	0x1e,0x30,0x5a,0x88, 
	0x82,0x08,0xc0,0x66, 
	0x18,0x0f,0x30,0x87, 
	0xa0,0x1b,0x77,0x82, 
	0xd8,0x05,0xe9,0x48, 
	0x70,0x70,0x74,0x46, 
	0x03,0x00,0x30,0x8f, 
	0xa0,0x1b,0xff,0x82, 
	0xd8,0x05,0xe2,0x68, 
	0x10,0xf0,0xf0,0x74, 
	0xa2,0x04,0xa1,0x92, 
	0x04,0xa0,0xaa,0x99, 
	0x92,0x61,0x37,0xc2, 
	0x21,0x37,0x1b,0xbb, 
	0xb0,0xb0,0xf4,0xc7, 
	0x2b,0xb5,0x62,0xd3, 
	0x13,0xa2,0x21,0x37, 
	0x65,0xbd,0x03,0xd2, 
	0x21,0x26,0xc2,0x21, 
	0x27,0x25,0xe1,0x02, 
	0xa5,0x38,0x03,0xa0, 
	0x70,0xf4,0x72,0x56, 
	0x9a,0x66,0x17,0x65, 
	0xe2,0x04,0xa0,0x92, 
	0x04,0xa1,0xe0,0xc9, 
	0xc0,0x16,0x2c,0x5a, 
	0x5a,0xd3,0xd2,0x0d, 
	0xc0,0x56,0x2d,0x5d, 
	0xea,0xf9,0xfa,0xf3, 
	0x5a,0xff,0xf2,0x0f, 
	0xbf,0x56,0x3f,0x12, 
	0xa2,0xd3,0x02,0x82, 
	0x2a,0xc4,0x82,0x63, 
	0x18,0xa2,0x2a,0xd1, 
	0xa2,0x63,0x7c,0x80, 
	0xba,0xc0,0x87,0x3a, 
	0x02,0x46,0xbd,0x01, 
	0x91,0xb7,0x6f,0x9a, 
	0x9b,0x92,0x63,0xe0, 
	0xc6,0xbb,0x01,0x0c, 
	0x0a,0xc0,0x20,0x00, 
	0xe1,0xc6,0x6f,0xc1, 
	0x99,0x6f,0xb1,0xa6, 
	0x6f,0xd2,0x2c,0x80, 
	0xb0,0xba,0x10,0xe0, 
	0xdd,0x10,0xd0,0xbb, 
	0x20,0xc0,0x20,0x00, 
	0xb2,0x6c,0x80,0x86, 
	0x1a,0xfc,0x5a,0xc3, 
	0xc2,0x0c,0xc0,0x56, 
	0x3c,0x09,0xe2,0x04, 
	0xa0,0xd2,0x04,0xa1, 
	0xe0,0xdd,0xc0,0x16, 
	0x4d,0x5a,0x16,0x17, 
	0x19,0x0c,0x0e,0xb2, 
	0xd3,0x02,0x82,0x2b, 
	0xc4,0xf2,0x2b,0xd1, 
	0x30,0xae,0xa0,0x52, 
	0xda,0x02,0x1b,0xee, 
	0x87,0xbf,0x1f,0xf2, 
	0x25,0xd2,0x82,0xda, 
	0x0d,0xf2,0x6a,0x7c, 
	0x92,0x25,0xc4,0x92, 
	0x6a,0x18,0x90,0x5f, 
	0xc0,0x97,0xbf,0x10, 
	0xc1,0x9b,0x6f,0xca, 
	0x55,0x52,0x6a,0xe0, 
	0x06,0x02,0x00,0xf2, 
	0x25,0xd1,0x06,0xf7, 
	0xff,0x52,0x6a,0xe0, 
	0x50,0x71,0x41,0x70, 
	0x7f,0xc0,0x72,0x68, 
	0x39,0x72,0x16,0x9a, 
	0xe0,0xe0,0xf4,0x77, 
	0x3e,0xb3,0x86,0x1c, 
	0x00,0x81,0xaa,0x6f, 
	0xc7,0x38,0x02,0xc6, 
	0xe8,0x00,0xc0,0x20, 
	0x00,0xd1,0x74,0x6f, 
	0xc2,0x2d,0xbe,0xa0, 
	0xcc,0x10,0xe0,0xcc, 
	0x20,0xc0,0x20,0x00, 
	0xc2,0x6d,0xbe,0xc0, 
	0x20,0x00,0xc1,0x89, 
	0x6f,0x98,0x7c,0xb0, 
	0x99,0x10,0xc0,0x20, 
	0x00,0x99,0x7c,0xc6, 
	0xb7,0xfd,0x16,0x97, 
	0x10,0x0c,0x0a,0x72, 
	0x16,0x9a,0x30,0xba, 
	0xa0,0xf2,0xdb,0x02, 
	0x1b,0xaa,0xa0,0xa0, 
	0xf4,0xd2,0x2f,0xc4, 
	0xd2,0x6b,0x18,0xf2, 
	0x2f,0xd0,0xf2,0x6b, 
	0x7c,0xd0,0xef,0xc0, 
	0xd7,0xbf,0x0a,0x81, 
	0x7b,0x6f,0x8a,0xee, 
	0xe2,0x6b,0xe0,0x86, 
	0x00,0x00,0xe2,0x6b, 
	0xe0,0xd2,0xdb,0x0d, 
	0xe0,0xc1,0x41,0xc0, 
	0xcf,0xc0,0xc2,0x6d, 
	0x39,0x77,0x3a,0xc2, 
	0x16,0x77,0x0c,0x52, 
	0x21,0x30,0x0c,0x0b, 
	0xd2,0xd3,0x0a,0xe2, 
	0x21,0x38,0xd2,0x61, 
	0x1e,0xe8,0x3e,0xe2, 
	0x61,0x2d,0x30,0x7b, 
	0xa0,0x72,0x61,0x16, 
	0x72,0xd7,0x0a,0x72, 
	0x61,0x28,0x72,0x27, 
	0xf9,0xb2,0x61,0x3a, 
	0x77,0xa2,0x0b,0xb2, 
	0x61,0x3a,0x82,0x21, 
	0x28,0x72,0xd7,0x80, 
	0x72,0x68,0xf9,0xa2, 
	0x21,0x1e,0xa2,0x2a, 
	0xf1,0x25,0xa3,0x03, 
	0xa2,0x61,0x18,0xa2, 
	0x21,0x2d,0xb2,0x61, 
	0x17,0xa8,0x2a,0x65, 
	0xa2,0x03,0xa2,0x61, 
	0x1a,0xb2,0x61,0x19, 
	0xad,0x07,0x65,0xa2, 
	0x03,0x72,0x21,0x2c, 
	0xcd,0x05,0xdd,0x07, 
	0xe5,0xc5,0x02,0xdd, 
	0x0b,0xcd,0x0a,0xb2, 
	0x21,0x19,0xa2,0x21, 
	0x1a,0x25,0xc5,0x02, 
	0xdd,0x0b,0xcd,0x0a, 
	0xb2,0x21,0x17,0xa2, 
	0x21,0x18,0xa5,0x88, 
	0x02,0xe5,0x1b,0x03, 
	0xb2,0x21,0x28,0xa2, 
	0x6b,0x84,0xa2,0x21, 
	0x2d,0xa8,0x2a,0x65, 
	0x9e,0x03,0xa2,0x61, 
	0x1c,0xa2,0x21,0x16, 
	0xb2,0x61,0x1b,0xa2, 
	0x2a,0xe0,0x65,0x9d, 
	0x03,0xdd,0x07,0xcd, 
	0x05,0xe5,0xc1,0x02, 
	0xdd,0x0b,0xcd,0x0a, 
	0xb2,0x21,0x1b,0xa2, 
	0x21,0x1c,0x25,0xc1, 
	0x02,0xa5,0x18,0x03, 
	0x72,0x16,0x9a,0xb2, 
	0x21,0x3a,0xe2,0x21, 
	0x28,0x1b,0xcb,0xa2, 
	0x6e,0x20,0xc0,0xb0, 
	0xf4,0x77,0xbb,0x02, 
	0x86,0xd2,0xff,0xb6, 
	0x27,0x62,0x16,0xf7, 
	0x05,0x0b,0xb7,0x0c, 
	0x0f,0xf2,0x61,0x13, 
	0xa6,0x1b,0x47,0x0c, 
	0x0a,0x30,0xfa,0xa0, 
	0x1b,0xaa,0xe2,0xdf, 
	0x0a,0xc2,0x2e,0x84, 
	0xd2,0x2e,0x85,0xa0, 
	0xa0,0xf4,0xc7,0xbd, 
	0x2e,0xd2,0x6e,0x84, 
	0xc2,0x6e,0x85,0x22, 
	0x2e,0x20,0x72,0x16, 
	0x9a,0x52,0x2e,0x21, 
	0x0b,0xb7,0x52,0x6e, 
	0x20,0x22,0x6e,0x21, 
	0x22,0x2f,0x7c,0x52, 
	0x2f,0x7d,0x82,0x2f, 
	0x18,0x92,0x2f,0x19, 
	0x92,0x6f,0x18,0x82, 
	0x6f,0x19,0x52,0x6f, 
	0x7c,0x22,0x6f,0x7d, 
	0xb7,0x2a,0xb9,0xc2, 
	0x21,0x13,0x1b,0xdc, 
	0xd0,0xc0,0xf4,0xc2, 
	0x61,0x13,0x77,0x3c, 
	0xa6,0xe2,0x04,0xb2, 
	0xf2,0x04,0xad,0x0b, 
	0xee,0xf0,0x77,0xc0, 
	0x72,0x56,0x9a,0x56, 
	0x7e,0x19,0x82,0x04, 
	0xb7,0xf2,0x04,0xb6, 
	0x70,0x90,0x74,0x92, 
	0x61,0x11,0x92,0x44, 
	0xb9,0x70,0x70,0xf4, 
	0x80,0xff,0xc1,0xf2, 
	0x61,0x14,0x16,0x67, 
	0x17,0x22,0xd3,0x0a, 
	0x0c,0x0e,0x0c,0x0d, 
	0xf1,0xa8,0x6f,0x81, 
	0xa6,0x6f,0x0c,0x0c, 
	0xc2,0x61,0x10,0x89, 
	0x41,0xf9,0x51,0xd2, 
	0x61,0x12,0xe9,0xe1, 
	0xd1,0xa5,0x6f,0xe1, 
	0xa3,0x6f,0xe9,0x61, 
	0xd9,0x71,0x58,0xe1, 
	0xf1,0xa3,0x6f,0x30, 
	0x55,0xa0,0xa2,0xd5, 
	0x0a,0xa2,0x2a,0x20, 
	0xa7,0x3f,0x0e,0x81, 
	0xa1,0x6f,0x91,0x9f, 
	0x6f,0x92,0x61,0x12, 
	0x82,0x61,0x10,0x86, 
	0x0a,0x00,0xc1,0x9e, 
	0x6f,0xa7,0x3c,0x24, 
	0x65,0x8c,0x03,0xa9, 
	0x31,0xb9,0x21,0xd8, 
	0x41,0xc8,0x51,0xe5, 
	0xb0,0x02,0x65,0x08, 
	0x03,0xb8,0x21,0xd8, 
	0x61,0xa2,0x61,0x10, 
	0xc8,0x71,0xa8,0x31, 
	0xa5,0xaf,0x02,0x65, 
	0x07,0x03,0xa2,0x61, 
	0x12,0x82,0x21,0x14, 
	0x0c,0x0b,0x16,0xf8, 
	0x0e,0x59,0x11,0x30, 
	0xab,0xa0,0xd8,0x11, 
	0x1b,0xbb,0x52,0xda, 
	0x06,0xc2,0xda,0x02, 
	0x72,0x2c,0xf4,0xf2, 
	0x2d,0x7c,0xd2,0x2d, 
	0x18,0xe2,0x25,0x58, 
	0x77,0x9d,0x6e,0xe7, 
	0xbf,0x6b,0xe2,0x25, 
	0xbc,0xf2,0x21,0x12, 
	0x82,0x21,0x10,0xe7, 
	0xbf,0x4d,0x87,0xbe, 
	0x4a,0x82,0x22,0xf1, 
	0x92,0x21,0x11,0xe2, 
	0xda,0x12,0xe2,0x2e, 
	0x25,0x30,0xd9,0xa0, 
	0xd2,0xdd,0x0c,0xea, 
	0x88,0x89,0x4d,0xf2, 
	0x04,0xb9,0xe2,0x25, 
	0xbc,0x30,0xff,0xa0, 
	0xf2,0xdf,0x0a,0xe2, 
	0x6f,0x20,0xd2,0x04, 
	0xb9,0x82,0x2c,0xf4, 
	0x30,0xdd,0xa0,0x82, 
	0x6d,0x18,0xf2,0x04, 
	0xb9,0xe2,0x25,0x58, 
	0x30,0xff,0xa0,0xe2, 
	0x6f,0x7c,0xd2,0x04, 
	0xb9,0x1b,0xdd,0xd0, 
	0x90,0x74,0x92,0x61, 
	0x11,0x92,0x44,0xb9, 
	0xf2,0x21,0x14,0xb0, 
	0xb0,0x74,0xb7,0x1f, 
	0x02,0x86,0xde,0xff, 
	0x72,0x16,0x9a,0x86, 
	0x18,0x00,0xe7,0x9f, 
	0xea,0xd7,0xb7,0xe7, 
	0xe2,0x25,0xbc,0xd2, 
	0x21,0x12,0xf2,0x21, 
	0x10,0xe7,0xbd,0xdb, 
	0xf7,0xbe,0xd8,0xf2, 
	0x22,0xf1,0x82,0x21, 
	0x11,0xd2,0xda,0x12, 
	0xd2,0x2d,0x25,0x30, 
	0x98,0xa0,0x92,0xd9, 
	0x0c,0xda,0xff,0xf9, 
	0x49,0xe2,0x04,0xb9, 
	0xd2,0x25,0xbc,0x30, 
	0xee,0xa0,0xe2,0xde, 
	0x0a,0xd2,0x6e,0x20, 
	0x92,0x04,0xb9,0xf2, 
	0x2c,0xf4,0x30,0x99, 
	0xa0,0xf2,0x69,0x18, 
	0xe2,0x04,0xb9,0xd2, 
	0x25,0x58,0x30,0xee, 
	0xa0,0xd2,0x6e,0x7c, 
	0x92,0x04,0xb9,0x1b, 
	0x99,0x90,0x80,0x74, 
	0x82,0x61,0x11,0x82, 
	0x44,0xb9,0x86,0xe2, 
	0xff,0xe8,0xe1,0x1b, 
	0xfe,0xf0,0xe0,0x74, 
	0xe9,0xe1,0x77,0xbe, 
	0x02,0x46,0xab,0xff, 
	0x82,0x21,0x11,0x82, 
	0x56,0x9a,0x92,0x21, 
	0x38,0x0c,0x1b,0x98, 
	0x29,0x0c,0x08,0x82, 
	0x49,0x4f,0xb2,0x49, 
	0x4e,0xc0,0x20,0x00, 
	0xe1,0xa0,0x6e,0xf1, 
	0x16,0x6f,0xd2,0x2e, 
	0x82,0xf0,0xdd,0x10, 
	0xf1,0x20,0x6f,0xf0, 
	0xdd,0x20,0xc0,0x20, 
	0x00,0xd2,0x6e,0x82, 
	0xc1,0xb4,0x6e,0xc0, 
	0x20,0x00,0xe1,0xa1, 
	0x6e,0xc8,0x0c,0xd1, 
	0xb1,0x6e,0xe0,0xcc, 
	0x10,0xc0,0x20,0x00, 
	0x0c,0x29,0x0c,0x3a, 
	0xc9,0x0d,0xb2,0x44, 
	0xa3,0xb2,0x44,0xa2, 
	0xa2,0x44,0xa9,0x92, 
	0x44,0xaa,0xe5,0x40, 
	0xfc,0xc6,0xa0,0xfc, 
	0x4a,0xc3,0x0c,0x0a, 
	0xa2,0x4c,0xf4,0xc6, 
	0x54,0xfc,0xe2,0xa7, 
	0xd0,0xc7,0x3e,0x02, 
	0xc6,0xcb,0xfc,0xc0, 
	0x20,0x00,0x91,0x89, 
	0x6e,0x82,0x29,0xbe, 
	0xa0,0x88,0x10,0xd0, 
	0x88,0x20,0xc0,0x20, 
	0x00,0x82,0x69,0xbe, 
	0xc0,0x20,0x00,0x81, 
	0x9e,0x6e,0xf8,0x78, 
	0xb0,0xff,0x10,0x30, 
	0xff,0x20,0xc0,0x20, 
	0x00,0xf9,0x78,0xc6, 
	0xcb,0xfc,0x88,0x81, 
	0x66,0x38,0x6b,0xc0, 
	0x20,0x00,0x81,0x97, 
	0x6e,0xc8,0x78,0xb0, 
	0xbc,0x10,0xf0,0xfb, 
	0x20,0xc0,0x20,0x00, 
	0xf9,0x78,0xb1,0x9a, 
	0x6e,0xc1,0x92,0x6e, 
	0xc0,0x20,0x00,0xc8, 
	0x0c,0xf1,0x90,0x6e, 
	0x90,0xcc,0x10,0xb0, 
	0xcc,0x20,0xc0,0x20, 
	0x00,0xc9,0x0f,0xc0, 
	0x20,0x00,0xb1,0x0c, 
	0x6f,0x98,0x18,0xb0, 
	0x99,0x10,0xe0,0x99, 
	0x20,0xc0,0x20,0x00, 
	0x99,0x18,0xc0,0x20, 
	0x00,0xf1,0x99,0x6e, 
	0xc8,0x48,0xf0,0xcc, 
	0x10,0xd0,0xcc,0x20, 
	0xc0,0x20,0x00,0xc9, 
	0x48,0xc0,0x20,0x00, 
	0xc1,0x69,0x6e,0xb2, 
	0x2c,0x86,0xa0,0xbb, 
	0x10,0xc0,0x20,0x00, 
	0x92,0x21,0x2d,0xb2, 
	0x6c,0x86,0x98,0x39, 
	0xc6,0x56,0xfa,0xc0, 
	0x20,0x00,0xe1,0x7c, 
	0x6e,0x88,0x7e,0xb0, 
	0x88,0x10,0xf0,0x88, 
	0x20,0xc0,0x20,0x00, 
	0x89,0x7e,0xd1,0x95, 
	0x6e,0xf1,0x77,0x6e, 
	0xc0,0x20,0x00,0xf8, 
	0x0f,0x90,0x9f,0x10, 
	0xb1,0x75,0x6e,0xd0, 
	0x99,0x20,0xc0,0x20, 
	0x00,0x99,0x0b,0x91, 
	0x05,0x6f,0xc0,0x20, 
	0x00,0x88,0x1e,0xc0, 
	0x88,0x10,0x90,0x88, 
	0x20,0xc0,0x20,0x00, 
	0x89,0x1e,0xc0,0x20, 
	0x00,0xf1,0x60,0x6e, 
	0xd8,0x4e,0xf0,0xdd, 
	0x20,0xc0,0x20,0x00, 
	0xd9,0x4e,0xc0,0x20, 
	0x00,0xd1,0x4e,0x6e, 
	0xb2,0x2d,0x86,0xa0, 
	0xbb,0x10,0xc0,0x20, 
	0x00,0x92,0x21,0x2d, 
	0xb2,0x6d,0x86,0x98, 
	0x39,0x86,0x3c,0xfa, 
	0x0c,0x0a,0xc0,0x20, 
	0x00,0xd1,0x73,0x6e, 
	0xb1,0x47,0x6e,0x91, 
	0x54,0x6e,0xc2,0x2b, 
	0x80,0x90,0x9a,0x10, 
	0xd0,0xcc,0x10,0xc0, 
	0x99,0x20,0xc0,0x20, 
	0x00,0x92,0x6b,0x80, 
	0x46,0xc8,0xfa,0xa2, 
	0xd3,0x02,0xb2,0x2a, 
	0xc4,0xb2,0x63,0x18, 
	0xa2,0x2a,0xd0,0xa2, 
	0x63,0x7c,0xb7,0x32, 
	0x02,0x46,0x57,0x00, 
	0xa7,0xb2,0x02,0xc6, 
	0x55,0x00,0xc1,0x52, 
	0x6e,0xb0,0x9a,0xc0, 
	0xca,0x99,0x72,0x16, 
	0x9a,0x92,0x63,0xe0, 
	0xe2,0xd3,0x0d,0x90, 
	0xd1,0x41,0xd0,0xda, 
	0xc0,0xd2,0x6e,0x39, 
	0x06,0xd7,0xfe,0xa2, 
	0xd3,0x02,0xb2,0x2a, 
	0xc4,0xb2,0x63,0x18, 
	0xa2,0x2a,0xd0,0xa2, 
	0x63,0x7c,0xb7,0x32, 
	0x02,0xc6,0x4a,0x00, 
	0xa7,0xb2,0x02,0x46, 
	0x49,0x00,0xc1,0x44, 
	0x6e,0xb0,0x9a,0xc0, 
	0xca,0x99,0x72,0x16, 
	0x9a,0x92,0x63,0xe0, 
	0xe2,0xd3,0x0d,0x90, 
	0xd1,0x41,0xd0,0xda, 
	0xc0,0xd2,0x6e,0x39, 
	0x06,0xc9,0xfe,0xc2, 
	0xd3,0x0a,0xf1,0x3c, 
	0x6e,0xb2,0xd3,0x02, 
	0x30,0xde,0xa0,0xd2, 
	0xdd,0x05,0xd8,0x3d, 
	0xd2,0x63,0x18,0x92, 
	0x2b,0xd0,0x92,0x63, 
	0x7c,0xd0,0xd9,0xc0, 
	0xfa,0xdd,0xd2,0x63, 
	0xe0,0xd0,0xd1,0x41, 
	0xd0,0x99,0xc0,0x92, 
	0x6c,0xf9,0x82,0x2b, 
	0xc4,0xf2,0x2b,0xd1, 
	0xc2,0x61,0x1e,0x87, 
	0xbf,0x7c,0xe2,0x2b, 
	0xd0,0x66,0xde,0x76, 
	0x82,0x04,0xa0,0x30, 
	0x88,0xa0,0x82,0xd8, 
	0x05,0x88,0x28,0x82, 
	0x63,0x19,0xf2,0x2b, 
	0xd1,0x91,0x29,0x6e, 
	0x80,0x8f,0xc0,0xf2, 
	0x63,0x7d,0x9a,0x88, 
	0x82,0x63,0xe1,0x80, 
	0x81,0x41,0x80,0xff, 
	0xc0,0x82,0x21,0x1e, 
	0x0c,0x0e,0xf2,0x68, 
	0xfa,0xf6,0x37,0x02, 
	0x06,0xad,0xfe,0x0c, 
	0x2a,0x30,0xaa,0xa0, 
	0xf2,0xda,0x02,0x92, 
	0x2f,0xc3,0x92,0x6a, 
	0x18,0xf2,0x2f,0xd0, 
	0xf2,0x6a,0x7c,0x90, 
	0xbf,0xc0,0x97,0xbf, 
	0x0a,0x81,0x1a,0x6e, 
	0x8a,0xbb,0xb2,0x6a, 
	0xe0,0x86,0x00,0x00, 
	0xb2,0x6a,0xe0,0x72, 
	0x16,0x9a,0x1b,0xee, 
	0xd2,0xda,0x0d,0xb0, 
	0xc1,0x41,0xc0,0xcf, 
	0xc0,0xc2,0x6d,0x39, 
	0x2b,0xae,0xa0,0xa0, 
	0xf4,0x77,0x3a,0xc0, 
	0x06,0x9c,0xfe,0x72, 
	0x16,0x9a,0x0c,0x0b, 
	0xf6,0x27,0x02,0x46, 
	0x99,0xfe,0x0c,0x1a, 
	0x1b,0xbb,0x72,0x16, 
	0x9a,0x30,0xaa,0xa0, 
	0xf2,0xda,0x02,0xd2, 
	0x2f,0xc3,0xd2,0x6a, 
	0x18,0xf2,0x2f,0xd0, 
	0xf2,0x6a,0x7c,0xd0, 
	0xef,0xc0,0xd7,0xbf, 
	0x0a,0x81,0x05,0x6e, 
	0x8a,0xee,0xe2,0x6a, 
	0xe0,0x86,0x00,0x00, 
	0xe2,0x6a,0xe0,0xd2, 
	0xda,0x0d,0xe0,0xc1, 
	0x41,0x1b,0xab,0xc0, 
	0xcf,0xc0,0xc2,0x6d, 
	0x39,0xa0,0xa0,0xf4, 
	0x77,0x3a,0xc0,0x46, 
	0x88,0xfe,0xb0,0x9a, 
	0xc0,0x46,0xaa,0xff, 
	0xb0,0x9a,0xc0,0xc6, 
	0xb6,0xff,0x9d,0x0b, 
	0xb2,0x63,0xe0,0x72, 
	0x16,0x9a,0xe2,0xd3, 
	0x0d,0x90,0xd1,0x41, 
	0xd0,0xda,0xc0,0xd2, 
	0x6e,0x39,0x86,0x7f, 
	0xfe,0x00,0x00,0x00, 
	0x36,0x41,0x00,0xad, 
	0x02,0xe5,0x1e,0xfc, 
	0x3c,0xa2,0x81,0xd5, 
	0x6d,0xc0,0x20,0x00, 
	0x22,0x68,0xb4,0x0c, 
	0x02,0x1d,0xf0,0x00, 
	0x36,0x41,0x00,0x28, 
	0x22,0x41,0xd0,0x6d, 
	0x32,0x02,0x62,0xa1, 
	0xec,0x6d,0x16,0x63, 
	0x0a,0x0c,0x06,0xc0, 
	0x20,0x00,0x52,0x24, 
	0x94,0x52,0x42,0x51, 
	0x82,0xa0,0x64,0xc0, 
	0x20,0x00,0x32,0x24, 
	0x94,0x30,0x38,0x74, 
	0xc0,0x20,0x00,0xf2, 
	0x24,0x94,0xa0,0xff, 
	0x10,0x30,0xff,0x20, 
	0x80,0xff,0xc2,0xf2, 
	0x42,0x5d,0xc0,0x20, 
	0x00,0xe2,0x24,0x94, 
	0xe0,0xe0,0xf5,0xa0, 
	0xee,0x10,0xc0,0x20, 
	0x00,0xd2,0x24,0x95, 
	0xd0,0xd0,0x74,0xe0, 
	0xdd,0x20,0x80,0xdd, 
	0xc2,0xd2,0x42,0x5e, 
	0xc0,0x20,0x00,0xc2, 
	0x24,0x95,0xc0,0xc8, 
	0x74,0xc0,0x20,0x00, 
	0xb2,0x24,0x95,0xa0, 
	0xbb,0x10,0xc0,0xbb, 
	0x20,0x80,0xbb,0xc2, 
	0xb2,0x42,0x5f,0xc0, 
	0x20,0x00,0x92,0x24, 
	0x95,0x90,0x90,0xf5, 
	0xa0,0x99,0x10,0xc0, 
	0x20,0x00,0x72,0x24, 
	0x96,0x70,0x70,0x74, 
	0x90,0x77,0x20,0x80, 
	0x77,0xc2,0x72,0x42, 
	0x60,0xc0,0x20,0x00, 
	0x52,0x24,0x96,0x62, 
	0x42,0x59,0x62,0x42, 
	0x5a,0x62,0x42,0x5b, 
	0x62,0x42,0x5c,0x62, 
	0x42,0x52,0x62,0x42, 
	0x53,0x62,0x42,0x54, 
	0x62,0x42,0x56,0x62, 
	0x42,0x57,0x50,0x58, 
	0x41,0x52,0x42,0x58, 
	0x2c,0xb8,0xc0,0x20, 
	0x00,0x82,0x64,0xb4, 
	0x0c,0x02,0x1d,0xf0, 
	0x36,0x41,0x00,0x0c, 
	0x16,0x98,0x32,0x0c, 
	0x04,0x92,0x09,0x20, 
	0xa1,0xa0,0x6d,0x82, 
	0xc9,0xa0,0x16,0x48, 
	0x14,0xb8,0x22,0xc2, 
	0xc9,0x9f,0x16,0xfc, 
	0x1c,0x0c,0x05,0x0c, 
	0x0e,0x0c,0x0f,0x0c, 
	0x03,0xcd,0x04,0x0c, 
	0x0a,0x46,0x01,0x00, 
	0x0c,0x0c,0xb8,0x22, 
	0x0c,0x0e,0x21,0x92, 
	0x6d,0x92,0x0b,0x51, 
	0xd1,0xaa,0x6d,0x07, 
	0x69,0x1b,0x8c,0x4a, 
	0x42,0x4b,0x52,0x06, 
	0x04,0x00,0x82,0x0b, 
	0x5d,0xa2,0x0b,0x52, 
	0x87,0x3a,0x02,0x86, 
	0x9b,0x00,0x1b,0x9a, 
	0x92,0x4b,0x52,0x92, 
	0x0b,0x51,0x17,0x69, 
	0x1b,0x8c,0x45,0x42, 
	0x4b,0x53,0x06,0x04, 
	0x00,0x82,0x0b,0x5e, 
	0xa2,0x0b,0x53,0x87, 
	0x3a,0x02,0xc6,0x9b, 
	0x00,0x1b,0x9a,0x92, 
	0x4b,0x53,0x92,0x0b, 
	0x51,0x27,0x69,0x13, 
	0x82,0x0b,0x5f,0xa2, 
	0x0b,0x54,0x87,0x3a, 
	0x02,0x06,0x7c,0x00, 
	0x92,0x0b,0x51,0x1b, 
	0x8a,0x82,0x4b,0x54, 
	0x37,0x69,0x29,0xa2, 
	0x0b,0x5c,0x66,0x1a, 
	0x20,0xdc,0xdc,0xc2, 
	0x4b,0x5c,0x7c,0x0c, 
	0xc0,0x20,0x00,0xb2, 
	0x2d,0x93,0xc0,0xbb, 
	0x10,0x60,0xbb,0x20, 
	0xc0,0x20,0x00,0xb2, 
	0x6d,0x93,0xa8,0x12, 
	0x25,0x06,0xfc,0xc6, 
	0x26,0x00,0xc2,0x4b, 
	0x5c,0x47,0x69,0x2d, 
	0x82,0x0b,0x59,0x66, 
	0x18,0x24,0xec,0x1e, 
	0xe2,0x4b,0x59,0xa1, 
	0x1f,0x6e,0xb1,0x1d, 
	0x6e,0xc0,0x20,0x00, 
	0x92,0x2d,0x93,0xb0, 
	0x99,0x10,0xa0,0x99, 
	0x20,0xc0,0x20,0x00, 
	0x92,0x6d,0x93,0xa8, 
	0x12,0x25,0x03,0xfc, 
	0x86,0x1a,0x00,0xe2, 
	0x4b,0x59,0x57,0x69, 
	0x2d,0xc2,0x0b,0x5a, 
	0x66,0x1c,0x24,0xec, 
	0x1f,0xf2,0x4b,0x5a, 
	0x81,0x14,0x6e,0xf1, 
	0xa6,0x6d,0xc0,0x20, 
	0x00,0xe2,0x2d,0x93, 
	0x80,0xee,0x10,0xf0, 
	0xee,0x20,0xc0,0x20, 
	0x00,0xe2,0x6d,0x93, 
	0xa8,0x12,0x25,0x00, 
	0xfc,0x46,0x0e,0x00, 
	0xf2,0x4b,0x5a,0x67, 
	0x69,0x2d,0xa2,0x0b, 
	0x5b,0x66,0x1a,0x24, 
	0xec,0x13,0x32,0x4b, 
	0x5b,0xc2,0xa1,0x00, 
	0xe1,0x08,0x6e,0xc0, 
	0x20,0x00,0xb2,0x2d, 
	0x93,0xe0,0xbb,0x10, 
	0xc0,0xbb,0x20,0xc0, 
	0x20,0x00,0xb2,0x6d, 
	0x93,0xa8,0x12,0x25, 
	0xfd,0xfb,0x06,0x02, 
	0x00,0x32,0x4b,0x5b, 
	0x77,0x69,0x02,0x42, 
	0x4b,0x56,0x0c,0x02, 
	0x1d,0xf0,0xf1,0x52, 
	0x6d,0xc0,0x20,0x00, 
	0xf8,0x0f,0xf7,0x7f, 
	0x0b,0xc0,0x20,0x00, 
	0xa2,0x2a,0xbd,0xa0, 
	0xae,0x04,0x46,0x00, 
	0x00,0x0c,0x0a,0x91, 
	0x50,0x6d,0xc0,0x20, 
	0x00,0xb2,0x29,0xa7, 
	0xb0,0x5c,0x05,0xfd, 
	0x05,0xc0,0x20,0x00, 
	0x32,0x29,0xbf,0xb0, 
	0xbc,0x05,0x30,0x38, 
	0x04,0x16,0xbb,0xe9, 
	0xc0,0x20,0x00,0xc2, 
	0x29,0xa7,0xc0,0xc0, 
	0x25,0x16,0xcc,0x0f, 
	0xc0,0x20,0x00,0xd2, 
	0x29,0xa7,0xd0,0xd0, 
	0x25,0x0b,0xdd,0x16, 
	0x1d,0x11,0xc0,0x20, 
	0x00,0xe2,0x29,0xa7, 
	0xe0,0xe0,0x25,0xe2, 
	0xce,0xfe,0x16,0x7e, 
	0x14,0xc0,0x20,0x00, 
	0x82,0x29,0xa7,0x80, 
	0x80,0x25,0x82,0xc8, 
	0xfd,0x16,0xd8,0x13, 
	0xc0,0x20,0x00,0x0c, 
	0x9b,0xc2,0x29,0xa7, 
	0x0c,0xf9,0xc0,0xc0, 
	0x25,0xc2,0xcc,0xfc, 
	0xc0,0x9b,0x83,0xe8, 
	0x42,0x0c,0x1d,0xe2, 
	0x0e,0x1d,0x0c,0x0c, 
	0x90,0xee,0xc0,0xe0, 
	0xcd,0x83,0x06,0x90, 
	0xff,0xf1,0x2d,0x6d, 
	0xc0,0x20,0x00,0xf8, 
	0x0f,0xf7,0x7f,0x0b, 
	0xc0,0x20,0x00,0xa2, 
	0x2a,0xbd,0xa0,0xae, 
	0x04,0x46,0x00,0x00, 
	0x0c,0x0a,0xed,0x0a, 
	0xc1,0x27,0x6d,0xc0, 
	0x20,0x00,0xd2,0x2c, 
	0x35,0x77,0x6d,0x1a, 
	0xc0,0x20,0x00,0x0c, 
	0x1f,0x0c,0x05,0x88, 
	0x52,0x92,0x2c,0x35, 
	0x82,0x08,0x20,0x90, 
	0x98,0x75,0x90,0x88, 
	0xc0,0x80,0x5f,0x83, 
	0x46,0x00,0x00,0x0c, 
	0x05,0xc1,0x23,0x6d, 
	0xc0,0x20,0x00,0x91, 
	0x5f,0x6d,0x0c,0x1d, 
	0x82,0x2c,0xac,0x0c, 
	0x0f,0x80,0x8f,0x04, 
	0x80,0xfd,0x83,0xc0, 
	0x20,0x00,0x92,0x29, 
	0xa9,0x90,0x98,0x75, 
	0xdc,0x89,0x92,0x0b, 
	0x6f,0xb6,0x99,0x45, 
	0x92,0x0b,0x70,0xf6, 
	0x39,0x02,0x46,0x2a, 
	0x00,0x42,0x4b,0x6f, 
	0x42,0x4b,0x70,0x0c, 
	0x0c,0xc6,0x01,0x00, 
	0x42,0x4b,0x6f,0x42, 
	0x4b,0x70,0x0c,0x1c, 
	0x0c,0x03,0x06,0x6e, 
	0xff,0xb1,0x78,0x6d, 
	0xc1,0xb6,0x6d,0xc0, 
	0x20,0x00,0xa2,0x2d, 
	0x93,0xc0,0xaa,0x10, 
	0xb0,0xaa,0x20,0xc0, 
	0x20,0x00,0xa2,0x6d, 
	0x93,0xa8,0x12,0x65, 
	0xe8,0xfb,0x06,0xaf, 
	0xff,0x0c,0x09,0x06, 
	0xcf,0xff,0xc0,0x20, 
	0x00,0xd2,0x2c,0xa2, 
	0xf7,0x6d,0x0a,0x82, 
	0x0b,0x70,0x92,0x0b, 
	0x6f,0x1b,0x88,0x82, 
	0x4b,0x70,0x1b,0xc9, 
	0xc2,0x4b,0x6f,0x0c, 
	0x1c,0xc6,0xed,0xff, 
	0x0c,0x29,0x46,0xc6, 
	0xff,0xf1,0xf6,0x6c, 
	0x81,0xa5,0x6d,0xc0, 
	0x20,0x00,0xe2,0x2d, 
	0x93,0x80,0xee,0x10, 
	0xf0,0xee,0x20,0xc0, 
	0x20,0x00,0xe2,0x6d, 
	0x93,0xa8,0x12,0xe5, 
	0xe3,0xfb,0x06,0x9d, 
	0xff,0xa1,0x9f,0x6d, 
	0xb1,0x9e,0x6d,0xc0, 
	0x20,0x00,0x92,0x2d, 
	0x93,0xb0,0x99,0x10, 
	0xa0,0x99,0x20,0xc0, 
	0x20,0x00,0x92,0x6d, 
	0x93,0xa8,0x12,0xe5, 
	0xe1,0xfb,0x06,0x95, 
	0xff,0x0c,0x49,0x06, 
	0xb5,0xff,0x0c,0x89, 
	0xc6,0xb3,0xff,0x42, 
	0x4b,0x6f,0x42,0x4b, 
	0x70,0x0c,0x1c,0x46, 
	0xd7,0xff,0x00,0x00, 
	0x36,0x41,0x00,0x0c, 
	0x09,0x71,0xe5,0x6c, 
	0x41,0xd9,0x6c,0xc0, 
	0x20,0x00,0x92,0x64, 
	0xa4,0xc0,0x20,0x00, 
	0x82,0x24,0x94,0x61, 
	0x49,0x6d,0x80,0x58, 
	0x74,0x80,0x80,0x75, 
	0x80,0x88,0x11,0x80, 
	0x55,0x20,0x6a,0x55, 
	0xf6,0xb5,0x45,0xb1, 
	0x88,0x6d,0x50,0xa5, 
	0x90,0xba,0xaa,0xa0, 
	0x0a,0x00,0x06,0x0b, 
	0x00,0xc6,0x61,0x00, 
	0x46,0x5b,0x00,0x06, 
	0x56,0x00,0x86,0x4f, 
	0x00,0x86,0x49,0x00, 
	0x46,0x09,0x00,0x86, 
	0x08,0x00,0xc6,0x43, 
	0x00,0x86,0x36,0x00, 
	0x86,0x32,0x00,0xc6, 
	0x24,0x00,0xc6,0x20, 
	0x00,0x06,0x07,0x00, 
	0x86,0x19,0x00,0x06, 
	0x0a,0x00,0xc8,0x32, 
	0xc2,0x0c,0x22,0xc0, 
	0x20,0x00,0xc2,0x64, 
	0xa4,0x2c,0x8d,0xc0, 
	0x20,0x00,0xd2,0x64, 
	0xb4,0x0c,0x02,0x1d, 
	0xf0,0xc0,0x20,0x00, 
	0xe2,0x27,0x94,0xe0, 
	0xe4,0x04,0xc0,0x20, 
	0x00,0xe2,0x64,0xa4, 
	0x46,0xf8,0xff,0xf8, 
	0x32,0x32,0x0f,0x34, 
	0x62,0x0f,0x38,0x52, 
	0x0f,0x37,0xa0,0x66, 
	0x11,0x90,0x55,0x11, 
	0x60,0x55,0x20,0x62, 
	0x0f,0x35,0xb0,0x33, 
	0x11,0xb0,0x66,0x11, 
	0x60,0x33,0x20,0x50, 
	0x33,0x20,0x52,0x0f, 
	0x36,0xf2,0x0f,0x39, 
	0xb0,0x55,0x11,0x50, 
	0xff,0x20,0x30,0xff, 
	0x20,0xc0,0x20,0x00, 
	0xf2,0x64,0xa4,0x86, 
	0xe9,0xff,0x88,0x32, 
	0x92,0x08,0x32,0x82, 
	0x08,0x31,0xf0,0x99, 
	0x11,0x90,0x88,0x20, 
	0xc0,0x20,0x00,0x82, 
	0x64,0xa4,0xc6,0xe3, 
	0xff,0x98,0x32,0x98, 
	0x29,0xc0,0x20,0x00, 
	0x92,0x64,0xa4,0x86, 
	0xe0,0xff,0xc8,0x32, 
	0xa2,0x0c,0x2b,0xc8, 
	0x2c,0xc0,0xaa,0x11, 
	0xc0,0xd8,0x74,0xc0, 
	0xb8,0x75,0xb0,0xaa, 
	0x20,0x00,0xdd,0x11, 
	0x80,0xbc,0x01,0xa0, 
	0xa0,0x74,0xc0,0xc0, 
	0x75,0xd0,0xbb,0x20, 
	0x80,0xcc,0x11,0xc0, 
	0xaa,0x20,0xb0,0xaa, 
	0x20,0xc0,0x20,0x00, 
	0xa2,0x64,0xa4,0x86, 
	0xd3,0xff,0xd8,0x32, 
	0xd8,0x0d,0xc0,0x20, 
	0x00,0xd2,0x64,0xa4, 
	0x46,0xd0,0xff,0x38, 
	0x32,0xe2,0x03,0x1f, 
	0x52,0x03,0x21,0xf2, 
	0x03,0x20,0xc0,0x55, 
	0x11,0x80,0xff,0x11, 
	0xd0,0xee,0x11,0x50, 
	0xff,0x20,0x52,0x03, 
	0x1e,0x32,0x03,0x1d, 
	0xe0,0x55,0x11,0x50, 
	0x33,0x20,0x30,0xee, 
	0x20,0xf0,0xee,0x20, 
	0xc0,0x20,0x00,0xe2, 
	0x64,0xa4,0xc6,0xc3, 
	0xff,0x88,0x32,0x82, 
	0x08,0x33,0xc0,0x20, 
	0x00,0x82,0x64,0xa4, 
	0x46,0xc0,0xff,0x91, 
	0x81,0x6c,0xc0,0x20, 
	0x00,0x92,0x29,0x9a, 
	0x90,0x90,0x05,0xc0, 
	0x20,0x00,0x92,0x64, 
	0xa4,0x06,0xbb,0xff, 
	0xa8,0x32,0xb2,0x0a, 
	0x2f,0xa2,0x0a,0x30, 
	0xc0,0xbb,0x11,0xb0, 
	0xaa,0x20,0xc0,0x20, 
	0x00,0xa2,0x64,0xa4, 
	0x46,0xb5,0xff,0xc0, 
	0x20,0x00,0xb2,0x27, 
	0x80,0xb0,0xb0,0x04, 
	0xc0,0x20,0x00,0xb2, 
	0x64,0xa4,0xc6,0xb0, 
	0xff,0xc8,0x32,0xd2, 
	0x0c,0x2c,0xc2,0x0c, 
	0x2e,0x90,0xdd,0x11, 
	0xd0,0xcc,0x20,0xc0, 
	0x20,0x00,0xc2,0x64, 
	0xa4,0x06,0xab,0xff, 
	0xd8,0x32,0xe2,0x0d, 
	0x27,0xf2,0x0d,0x23, 
	0x52,0x0d,0x26,0x32, 
	0x0d,0x25,0xc0,0x55, 
	0x11,0xb0,0x33,0x11, 
	0x50,0x33,0x20,0x52, 
	0x0d,0x24,0x90,0xff, 
	0x11,0xa0,0x55,0x11, 
	0x50,0xff,0x20,0x30, 
	0xff,0x20,0x32,0x0d, 
	0x28,0xd0,0xee,0x11, 
	0xe0,0x33,0x11,0x30, 
	0xee,0x20,0xf0,0xee, 
	0x20,0xf2,0x0d,0x29, 
	0xd2,0x0d,0x2a,0xf0, 
	0xff,0x11,0xf0,0xdd, 
	0x20,0xe0,0xdd,0x20, 
	0xc0,0x20,0x00,0xd2, 
	0x64,0xa4,0xc6,0x97, 
	0xff,0x00,0x00,0x00, 
	0x36,0x41,0x00,0x31, 
	0x55,0x6c,0x0c,0x08, 
	0xc0,0x20,0x00,0x48, 
	0x32,0x58,0x02,0x82, 
	0x63,0xa4,0x62,0x05, 
	0x01,0x42,0x04,0x20, 
	0x52,0x05,0x00,0xc0, 
	0x66,0x11,0x60,0x55, 
	0x20,0x50,0x50,0x74, 
	0x80,0x55,0x11,0x50, 
	0x44,0x20,0xc0,0x20, 
	0x00,0x42,0x63,0xa4, 
	0x2c,0xa2,0xc0,0x20, 
	0x00,0x22,0x63,0xb4, 
	0x2d,0x08,0x1d,0xf0, 
	0x36,0x41,0x00,0x0c, 
	0x09,0x31,0x45,0x6c, 
	0xc0,0x20,0x00,0x92, 
	0x63,0xa4,0xc0,0x20, 
	0x00,0x92,0x63,0xa5, 
	0xc0,0x20,0x00,0x92, 
	0x63,0xa6,0xc0,0x20, 
	0x00,0x92,0x63,0xa7, 
	0xc0,0x20,0x00,0x92, 
	0x63,0xa8,0xc0,0x20, 
	0x00,0x58,0x42,0x92, 
	0x63,0xa9,0x78,0x25, 
	0x68,0x15,0x70,0x88, 
	0x74,0x00,0x88,0x11, 
	0x80,0x77,0x01,0x80, 
	0x77,0x20,0x60,0x80, 
	0x74,0x80,0x88,0x11, 
	0x60,0x68,0x74,0x80, 
	0x66,0x20,0x70,0x66, 
	0x20,0xc0,0x20,0x00, 
	0x62,0x63,0xa4,0xf8, 
	0x05,0xd8,0x45,0xf0, 
	0xe0,0x75,0xf0,0x48, 
	0x74,0xd0,0xd0,0x31, 
	0x80,0xdd,0x01,0x80, 
	0x44,0x11,0xf0,0xf0, 
	0x74,0x00,0xff,0x11, 
	0x40,0xee,0x20,0xf0, 
	0xdd,0x20,0xe0,0xdd, 
	0x20,0xc0,0x20,0x00, 
	0xd2,0x63,0xa5,0xd8, 
	0x32,0xb8,0x45,0xd2, 
	0x0d,0x20,0xb0,0xc0, 
	0x74,0x80,0xcc,0x11, 
	0xb0,0xb8,0x74,0xc0, 
	0xbb,0x20,0xc2,0x05, 
	0x18,0x00,0xdd,0x11, 
	0x80,0xcc,0x01,0xd0, 
	0xcc,0x20,0xc0,0xbb, 
	0x20,0xc0,0x20,0x00, 
	0xb2,0x63,0xa6,0x82, 
	0x05,0x1c,0xa8,0x55, 
	0xb8,0x35,0xa0,0xa0, 
	0x31,0xb0,0xc0,0x74, 
	0x00,0xcc,0x11,0x80, 
	0xaa,0x01,0xb0,0xb8, 
	0x74,0xc0,0xaa,0x20, 
	0xc2,0x05,0x19,0x80, 
	0xbb,0x11,0x90,0xcc, 
	0x11,0xc0,0x88,0x20, 
	0x80,0x80,0x74,0xb0, 
	0x88,0x20,0xa0,0x88, 
	0x20,0xc0,0x20,0x00, 
	0x82,0x63,0xa7,0x62, 
	0x05,0x1b,0x72,0x05, 
	0x1a,0x48,0x55,0xf0, 
	0x77,0x11,0x52,0x05, 
	0x1d,0x70,0x66,0x20, 
	0x80,0x66,0x01,0x00, 
	0x55,0x11,0x60,0x55, 
	0x20,0x40,0x60,0x74, 
	0x80,0x66,0x11,0x40, 
	0x48,0x74,0x60,0x44, 
	0x20,0x50,0x44,0x20, 
	0xc0,0x20,0x00,0x42, 
	0x63,0xa8,0x1c,0x52, 
	0xc0,0x20,0x00,0x22, 
	0x63,0xb4,0x2d,0x09, 
	0x1d,0xf0,0x00,0x00, 
	0x36,0x41,0x00,0x0c, 
	0x09,0x31,0x00,0x6c, 
	0xc0,0x20,0x00,0x92, 
	0x63,0xa4,0xc0,0x20, 
	0x00,0x92,0x63,0xa5, 
	0xc0,0x20,0x00,0x92, 
	0x63,0xa6,0xc0,0x20, 
	0x00,0x92,0x63,0xa7, 
	0xc0,0x20,0x00,0x92, 
	0x63,0xa8,0xc0,0x20, 
	0x00,0x48,0x52,0x92, 
	0x63,0xa9,0x68,0x24, 
	0x58,0x14,0x60,0x78, 
	0x74,0x00,0x77,0x11, 
	0x80,0x66,0x01,0x70, 
	0x66,0x20,0x50,0x70, 
	0x74,0x80,0x77,0x11, 
	0x50,0x58,0x74,0x70, 
	0x55,0x20,0x60,0x55, 
	0x20,0xc0,0x20,0x00, 
	0x52,0x63,0xa4,0xe8, 
	0x04,0xc8,0x44,0xe0, 
	0xd0,0x75,0xe0,0xf8, 
	0x74,0xc0,0xc0,0x31, 
	0x80,0xcc,0x01,0x80, 
	0xff,0x11,0xe0,0xe0, 
	0x74,0x00,0xee,0x11, 
	0xf0,0xdd,0x20,0xe0, 
	0xcc,0x20,0xd0,0xcc, 
	0x20,0xc0,0x20,0x00, 
	0xc2,0x63,0xa5,0xc8, 
	0x32,0xa8,0x44,0xc2, 
	0x0c,0x20,0xa0,0xb0, 
	0x74,0x80,0xbb,0x11, 
	0xa0,0xa8,0x74,0xb0, 
	0xaa,0x20,0xb2,0x04, 
	0x18,0x00,0xcc,0x11, 
	0x80,0xbb,0x01,0xc0, 
	0xbb,0x20,0xb0,0xaa, 
	0x20,0xc0,0x20,0x00, 
	0xa2,0x63,0xa6,0x72, 
	0x04,0x1c,0x88,0x54, 
	0xa8,0x34,0x80,0x80, 
	0x31,0xa0,0xb0,0x74, 
	0x00,0xbb,0x11,0x80, 
	0x88,0x01,0xa0,0xa8, 
	0x74,0xb0,0x88,0x20, 
	0xb2,0x04,0x19,0x80, 
	0xaa,0x11,0x90,0xbb, 
	0x11,0xb0,0x77,0x20, 
	0x70,0x70,0x74,0xa0, 
	0x77,0x20,0x80,0x77, 
	0x20,0xc0,0x20,0x00, 
	0x72,0x63,0xa7,0x52, 
	0x04,0x1e,0x62,0x04, 
	0x1d,0x72,0x04,0x1a, 
	0x90,0x66,0x11,0xf0, 
	0x77,0x11,0x60,0x55, 
	0x20,0x62,0x04,0x1b, 
	0x50,0x50,0x74,0x48, 
	0x54,0x00,0x55,0x11, 
	0x70,0x66,0x20,0x80, 
	0x66,0x01,0x60,0x55, 
	0x20,0x40,0x60,0x74, 
	0x80,0x66,0x11,0x40, 
	0x48,0x74,0x60,0x44, 
	0x20,0x50,0x44,0x20, 
	0xc0,0x20,0x00,0x42, 
	0x63,0xa8,0x1c,0x62, 
	0xc0,0x20,0x00,0x22, 
	0x63,0xb4,0x2d,0x09, 
	0x1d,0xf0,0x00,0x00, 
	0x36,0x61,0x00,0x0c, 
	0xfc,0x0c,0x9f,0x0c, 
	0x85,0x0c,0x74,0x0c, 
	0x2d,0x0c,0x16,0x0c, 
	0x0a,0xe1,0xbd,0x6b, 
	0x78,0x32,0x91,0xc0, 
	0x6b,0xb2,0x07,0x20, 
	0x31,0xb5,0x6b,0x82, 
	0xcb,0xa0,0x16,0x08, 
	0x19,0x82,0xcb,0x9f, 
	0x56,0x88,0x14,0x49, 
	0x31,0x88,0x52,0x89, 
	0x01,0xb1,0xbc,0x6b, 
	0xc0,0x20,0x00,0x42, 
	0x23,0xa0,0x40,0x40, 
	0xf4,0x49,0x18,0xc0, 
	0x20,0x00,0x42,0x2e, 
	0x39,0x40,0x40,0xb5, 
	0x49,0x28,0xc0,0x20, 
	0x00,0x42,0x29,0xb1, 
	0x40,0x48,0x41,0x49, 
	0x08,0x41,0xf0,0x6b, 
	0xc0,0x20,0x00,0x42, 
	0x24,0xa9,0x40,0x48, 
	0x75,0x42,0x48,0x18, 
	0xc0,0x20,0x00,0x42, 
	0x2e,0x35,0x40,0x47, 
	0x05,0x42,0x48,0x19, 
	0x48,0x47,0x49,0x38, 
	0xc0,0x20,0x00,0x42, 
	0x2b,0xbc,0x40,0x40, 
	0x05,0x42,0x48,0x1d, 
	0xc0,0x20,0x00,0x82, 
	0x2b,0xbc,0x48,0x31, 
	0x80,0x80,0x24,0x16, 
	0xf8,0x1a,0x78,0x01, 
	0xc0,0x20,0x00,0x82, 
	0x2b,0xbc,0x80,0x80, 
	0x24,0x0b,0x88,0x9c, 
	0xb8,0xc0,0x20,0x00, 
	0x92,0x2b,0xbc,0x90, 
	0x90,0x24,0x92,0xc9, 
	0xfe,0x16,0x89,0x1a, 
	0xc0,0x20,0x00,0xf2, 
	0x2b,0xbc,0xf0,0xf0, 
	0x24,0x66,0x3f,0x04, 
	0x0c,0xdf,0xf2,0x47, 
	0x1c,0xc0,0x20,0x00, 
	0xb2,0x2b,0xbc,0x0c, 
	0xb8,0xb0,0xb3,0x44, 
	0x87,0x3b,0x02,0x46, 
	0x2a,0x00,0xf1,0x3f, 
	0x6c,0xb0,0xcb,0x90, 
	0xfa,0xcc,0xa0,0x0c, 
	0x00,0x86,0x28,0x00, 
	0x86,0x26,0x00,0x86, 
	0x75,0x00,0xc6,0x26, 
	0x00,0x06,0x57,0x00, 
	0xc6,0x56,0x00,0x46, 
	0x71,0x00,0xc6,0x55, 
	0x00,0x86,0x6e,0x00, 
	0x86,0x6c,0x00,0x86, 
	0x6a,0x00,0x61,0x13, 
	0x6c,0x51,0x13,0x6c, 
	0xa2,0x2b,0x25,0xe5, 
	0xaf,0x02,0xa9,0x11, 
	0xb9,0x21,0xad,0x02, 
	0x65,0xae,0x02,0x2d, 
	0x0a,0x7d,0x0b,0xad, 
	0x04,0xa5,0xae,0x02, 
	0xd1,0x07,0x6c,0x0c, 
	0x0c,0x65,0xd2,0x01, 
	0x48,0x11,0xdd,0x0b, 
	0xcd,0x0a,0xbd,0x07, 
	0xad,0x02,0xa5,0xd1, 
	0x01,0xcd,0x0a,0xdd, 
	0x0b,0xad,0x04,0xb8, 
	0x21,0x25,0x95,0x01, 
	0x2d,0x0a,0x4d,0x0b, 
	0xad,0x05,0x25,0xac, 
	0x02,0xdd,0x0b,0xcd, 
	0x0a,0xbd,0x04,0xad, 
	0x02,0xa5,0x19,0x02, 
	0x96,0x2a,0x01,0xad, 
	0x06,0xe5,0xaa,0x02, 
	0xdd,0x0b,0xcd,0x0a, 
	0xbd,0x04,0xad,0x02, 
	0x25,0x0d,0x02,0xa6, 
	0x1a,0x11,0x91,0xde, 
	0x6b,0xc0,0x20,0x00, 
	0x82,0x23,0x80,0x90, 
	0x88,0x10,0xc0,0x20, 
	0x00,0x82,0x63,0x80, 
	0x0c,0x02,0x1d,0xf0, 
	0x6d,0x0c,0xad,0x06, 
	0x46,0x00,0x00,0x0c, 
	0x3a,0xa2,0x47,0x1e, 
	0xc0,0x20,0x00,0xc2, 
	0x2e,0x35,0xc0,0xc8, 
	0x75,0xc2,0x47,0x20, 
	0xc0,0x20,0x00,0xb8, 
	0x22,0x42,0x2e,0x3d, 
	0xe1,0xe8,0x6b,0x22, 
	0x2b,0x22,0x77,0x74, 
	0x05,0xd1,0x7f,0x6b, 
	0xd0,0x44,0x20,0x27, 
	0xbe,0x02,0x06,0xd3, 
	0xff,0x61,0xe3,0x6b, 
	0x51,0xe4,0x6b,0x46, 
	0xd2,0xff,0xb8,0x42, 
	0xc0,0x20,0x00,0x82, 
	0x23,0xa0,0x80,0x80, 
	0xf4,0x89,0x1b,0xc0, 
	0x20,0x00,0x42,0x2e, 
	0x39,0x40,0x40,0xb5, 
	0x49,0x2b,0xc0,0x20, 
	0x00,0x82,0x29,0xb1, 
	0x48,0x22,0x80,0x88, 
	0x41,0x89,0x0b,0x42, 
	0x04,0x63,0x16,0x84, 
	0x07,0xc0,0x20,0x00, 
	0xe2,0x29,0xbd,0xe0, 
	0xe0,0xf5,0xe2,0x4b, 
	0x18,0xe8,0x47,0xa2, 
	0x4b,0x1c,0xe9,0x3b, 
	0xc0,0x20,0x00,0x82, 
	0x29,0xa7,0x80,0x80, 
	0x25,0xbc,0x38,0xc0, 
	0x20,0x00,0x82,0x29, 
	0xa7,0x80,0x80,0x25, 
	0x26,0x18,0x2a,0xc0, 
	0x20,0x00,0xa2,0x29, 
	0xa7,0xa0,0xa0,0x25, 
	0x26,0x2a,0x36,0xc0, 
	0x20,0x00,0xd2,0x29, 
	0xa7,0xd0,0xd0,0x25, 
	0x26,0x3d,0x2c,0xc0, 
	0x20,0x00,0xe2,0x29, 
	0xa7,0xe0,0xe0,0x25, 
	0x66,0x4e,0x08,0xcd, 
	0x0f,0xc6,0x00,0x00, 
	0xdd,0x0a,0xcd,0x0d, 
	0xc2,0x4b,0x1d,0x46, 
	0xcd,0xff,0x78,0x01, 
	0xfd,0x0a,0x06,0x9d, 
	0xff,0x0c,0x6d,0x4d, 
	0x0d,0xad,0x04,0x86, 
	0xcc,0xff,0x0c,0x45, 
	0xcd,0x05,0x86,0xf8, 
	0xff,0x0c,0xcf,0xc6, 
	0x97,0xff,0xc0,0x20, 
	0x00,0x82,0x29,0xbc, 
	0xf7,0x78,0x2f,0xc0, 
	0x20,0x00,0xe2,0x29, 
	0xbd,0xe2,0x4b,0x18, 
	0x81,0x3a,0x6b,0xc0, 
	0x20,0x00,0xe2,0x29, 
	0x93,0x80,0xee,0x20, 
	0xc0,0x20,0x00,0xe2, 
	0x69,0x93,0x81,0x34, 
	0x6b,0xc0,0x20,0x00, 
	0xe2,0x29,0x93,0x80, 
	0xee,0x10,0xc0,0x20, 
	0x00,0xe2,0x69,0x93, 
	0x46,0xd6,0xff,0xc0, 
	0x20,0x00,0x82,0x29, 
	0xb0,0x80,0x88,0x05, 
	0x56,0xd8,0xf4,0xe2, 
	0xa0,0xff,0x06,0xd1, 
	0xff,0x0c,0xba,0x86, 
	0xb5,0xff,0x0c,0xaa, 
	0x46,0xb4,0xff,0xad, 
	0x05,0x06,0xb3,0xff, 
	0x0c,0x44,0xc6,0xe3, 
	0xff,0x0c,0x5a,0x86, 
	0xb0,0xff,0x00,0x00, 
	0x36,0x61,0x00,0x0c, 
	0x34,0x0c,0x16,0x51, 
	0xc2,0x6b,0xd1,0x82, 
	0x6b,0x0c,0x0c,0xb1, 
	0xc1,0x6b,0x0c,0x07, 
	0xe1,0x07,0x6b,0xa8, 
	0x32,0x38,0x02,0xf2, 
	0x0a,0x20,0xf2,0x43, 
	0x02,0x82,0xcf,0xa0, 
	0x16,0xe8,0x0a,0x92, 
	0xa0,0x61,0x97,0x9f, 
	0x6a,0xd9,0x21,0xc9, 
	0x11,0xa8,0x4a,0xb9, 
	0x01,0x16,0x3a,0x06, 
	0xa5,0x8f,0x02,0xcd, 
	0x0a,0xdd,0x0b,0xad, 
	0x07,0xb8,0x01,0x25, 
	0xdd,0x01,0xd8,0x21, 
	0xc8,0x11,0xa5,0xb3, 
	0x01,0x25,0x0b,0x02, 
	0x7d,0x0a,0xe1,0xf7, 
	0x6a,0x46,0x11,0x00, 
	0x7d,0x05,0xd8,0x42, 
	0xc0,0x20,0x00,0xb2, 
	0x2e,0xbd,0xb0,0xbb, 
	0x04,0xb2,0x4d,0x1b, 
	0xc2,0x03,0x01,0x66, 
	0x1c,0x26,0xe5,0x58, 
	0xfb,0x38,0x02,0xb8, 
	0x42,0xc2,0xa7,0xcf, 
	0xb2,0x0b,0x1b,0x77, 
	0xbc,0x01,0x5d,0x07, 
	0xc8,0x22,0xc8,0xdc, 
	0xc0,0xca,0xc0,0x57, 
	0xbc,0x02,0x06,0x20, 
	0x00,0x0b,0xdb,0x16, 
	0x5d,0x08,0x42,0x43, 
	0x01,0xb2,0x43,0x00, 
	0x0c,0x02,0x1d,0xf0, 
	0x7d,0x05,0x88,0x52, 
	0xc0,0x20,0x00,0xb2, 
	0x2e,0xbd,0xb0,0xbe, 
	0x04,0xb2,0x48,0x1b, 
	0xf2,0x03,0x01,0x66, 
	0x1f,0xe2,0xa5,0x54, 
	0xfb,0x38,0x02,0xb8, 
	0x52,0xc2,0xa7,0xcf, 
	0xb2,0x0b,0x1b,0x77, 
	0xbc,0x01,0x5d,0x07, 
	0xc8,0x22,0xc8,0xdc, 
	0xc0,0xca,0xc0,0x57, 
	0x3c,0x32,0x66,0x1b, 
	0x36,0x0c,0x24,0x46, 
	0x0c,0x00,0xd9,0x21, 
	0xc9,0x11,0xa8,0x4a, 
	0xb9,0x01,0x16,0x6a, 
	0xf7,0x25,0x85,0x02, 
	0xcd,0x0a,0xdd,0x0b, 
	0xad,0x07,0xb8,0x01, 
	0x65,0xd2,0x01,0xd8, 
	0x21,0xc8,0x11,0x25, 
	0xa9,0x01,0xa5,0x00, 
	0x02,0x7d,0x0a,0xe1, 
	0xcd,0x6a,0x06,0xd6, 
	0xff,0x66,0x1b,0x01, 
	0x0c,0x26,0x4d,0x06, 
	0x42,0x43,0x01,0x86, 
	0xe1,0xff,0x66,0x1b, 
	0x01,0x0c,0x26,0x4d, 
	0x06,0x46,0xde,0xff, 
	0x0c,0x24,0x06,0xdd, 
	0xff,0x00,0x00,0x00, 
	0x36,0x41,0x00,0x3c, 
	0xe2,0x31,0xc0,0x6a, 
	0xc0,0x20,0x00,0x22, 
	0x63,0xb4,0x0c,0x02, 
	0x1d,0xf0,0x00,0x00, 
	0x36,0x41,0x00,0x0c, 
	0x02,0x1d,0xf0,0x00, 
	0x36,0x41,0x00,0x98, 
	0x22,0x0c,0x04,0x42, 
	0x49,0x68,0x42,0x49, 
	0x50,0x88,0x02,0x42, 
	0x48,0x01,0x42,0x48, 
	0x00,0xa5,0x4a,0xfb, 
	0x0c,0x1f,0xc8,0x22, 
	0x61,0xbf,0x6a,0xa9, 
	0xdc,0x42,0x4c,0x52, 
	0x42,0x4c,0x53,0x42, 
	0x4c,0x54,0x42,0x4c, 
	0x55,0x42,0x4c,0x56, 
	0x42,0x4c,0x57,0x42, 
	0x4c,0x59,0x42,0x4c, 
	0x5a,0x42,0x4c,0x5b, 
	0x42,0x4c,0x5c,0x42, 
	0x4c,0x99,0x42,0x4c, 
	0x9a,0x42,0x4c,0x9d, 
	0xd2,0xa0,0x61,0x52, 
	0xa0,0x60,0x71,0xb6, 
	0x6a,0xc0,0x20,0x00, 
	0x92,0x27,0x80,0x60, 
	0x99,0x10,0xc0,0x20, 
	0x00,0xe8,0x32,0x92, 
	0x67,0x80,0xb2,0x0e, 
	0x20,0x82,0xcb,0xa0, 
	0x16,0xc8,0x0d,0xd0, 
	0x8b,0xc0,0x16,0x68, 
	0x0d,0x92,0xcb,0xc0, 
	0x16,0x09,0x0d,0xf2, 
	0x4c,0x4f,0xb7,0xad, 
	0x02,0x46,0x31,0x00, 
	0x57,0xab,0x02,0xc6, 
	0x2f,0x00,0x31,0x9b, 
	0x6a,0xc0,0x20,0x00, 
	0x82,0x23,0x80,0x60, 
	0x88,0x10,0xc0,0x20, 
	0x00,0x82,0x63,0x80, 
	0xb2,0x0e,0x20,0xd7, 
	0x9b,0x08,0x91,0xa8, 
	0x6a,0xc0,0x20,0x00, 
	0x92,0x67,0x8c,0xf2, 
	0x4c,0x69,0x65,0x41, 
	0xfb,0xf2,0xa0,0x6b, 
	0x88,0x22,0xc8,0x32, 
	0xa9,0xf8,0x52,0x4c, 
	0x20,0xf2,0x48,0x51, 
	0xe1,0x9c,0x6a,0xd1, 
	0x47,0x6b,0xb1,0xa8, 
	0x6a,0xc0,0x20,0x00, 
	0xa2,0x23,0x81,0xe0, 
	0xaa,0x10,0xd0,0xaa, 
	0x20,0xc0,0x20,0x00, 
	0x98,0x72,0xa2,0x63, 
	0x81,0x82,0xd9,0x12, 
	0x92,0xd9,0x0a,0x42, 
	0x69,0xe9,0x42,0x69, 
	0xe8,0x42,0x68,0x8b, 
	0x42,0x68,0x8a,0xf1, 
	0x3d,0x6b,0xc0,0x20, 
	0x00,0xe2,0x23,0x87, 
	0xf0,0xee,0x10,0xc0, 
	0x20,0x00,0xe2,0x63, 
	0x87,0xf1,0x82,0x6a, 
	0xd1,0x83,0x6a,0xc0, 
	0x20,0x00,0xd8,0x0d, 
	0xe1,0x81,0x6a,0xf0, 
	0xdd,0x20,0xc0,0x20, 
	0x00,0xa1,0xa5,0x6a, 
	0xd9,0x0e,0xc8,0x4c, 
	0xd1,0x94,0x6a,0xc7, 
	0xba,0x32,0xc0,0x20, 
	0x00,0x92,0x23,0x86, 
	0xb0,0x99,0x10,0xc0, 
	0x20,0x00,0x92,0x63, 
	0x86,0xc8,0x42,0xa2, 
	0xa0,0xff,0xa2,0x4c, 
	0x18,0x42,0x4c,0x1a, 
	0x42,0x4c,0x1b,0xb8, 
	0x52,0x42,0x4b,0x1a, 
	0x42,0x4b,0x1b,0xa2, 
	0x4b,0x18,0x1d,0xf0, 
	0x42,0x4c,0x4f,0x42, 
	0x4c,0x9b,0x06,0xca, 
	0xff,0xc7,0xbd,0x11, 
	0xc0,0x20,0x00,0xe2, 
	0x23,0x86,0xb0,0xee, 
	0x10,0xc0,0x20,0x00, 
	0xe2,0x63,0x86,0x86, 
	0xf1,0xff,0xf1,0x9c, 
	0x6a,0x91,0x95,0x6a, 
	0xc7,0xbf,0x11,0xc0, 
	0x20,0x00,0x82,0x23, 
	0x86,0xb0,0x88,0x10, 
	0xc0,0x20,0x00,0x82, 
	0x63,0x86,0xc6,0xea, 
	0xff,0xc7,0xb9,0x11, 
	0xc0,0x20,0x00,0xa2, 
	0x23,0x86,0xb0,0xaa, 
	0x10,0xc0,0x20,0x00, 
	0xa2,0x63,0x86,0x86, 
	0xe5,0xff,0xa1,0x9a, 
	0x6a,0xd2,0xa7,0xd0, 
	0xc7,0xbd,0x14,0xc0, 
	0x20,0x00,0xe2,0x23, 
	0x86,0xb0,0xee,0x10, 
	0xa0,0xee,0x20,0xc0, 
	0x20,0x00,0xe2,0x63, 
	0x86,0x06,0xde,0xff, 
	0xc0,0x20,0x00,0xf2, 
	0x23,0x86,0xb0,0xff, 
	0x10,0xa0,0xff,0x20, 
	0xc0,0x20,0x00,0xf2, 
	0x63,0x86,0xc6,0xd8, 
	0xff,0x00,0x00,0x00, 
	0x36,0x41,0x00,0x31, 
	0x45,0x6a,0x38,0x13, 
	0x38,0x23,0x32,0x03, 
	0x6b,0x56,0xa3,0x1d, 
	0x28,0x32,0x32,0xa0, 
	0x60,0x22,0x02,0x20, 
	0x42,0xa0,0x61,0x27, 
	0xa4,0x02,0x46,0x72, 
	0x00,0x37,0xa2,0x02, 
	0xc6,0x70,0x00,0xc1, 
	0xfd,0x6a,0xb1,0x59, 
	0x6a,0xd1,0xfc,0x6a, 
	0x61,0xfe,0x6a,0x21, 
	0xf9,0x6a,0x31,0xfb, 
	0x6a,0x81,0x41,0x6a, 
	0x41,0xb2,0x6a,0x51, 
	0x47,0x6a,0x71,0x39, 
	0x6a,0xc0,0x20,0x00, 
	0xf2,0x27,0x82,0x60, 
	0xff,0x10,0x30,0xff, 
	0x20,0xc0,0x20,0x00, 
	0xf2,0x67,0x82,0xf1, 
	0xf5,0x6a,0xc0,0x20, 
	0x00,0xe2,0x27,0x83, 
	0x40,0xee,0x10,0xf0, 
	0xee,0x20,0xc0,0x20, 
	0x00,0xe2,0x67,0x83, 
	0x91,0xf1,0x6a,0xa1, 
	0xf1,0x6a,0xc0,0x20, 
	0x00,0x62,0x27,0x84, 
	0xa0,0x66,0x10,0x90, 
	0x66,0x20,0xc0,0x20, 
	0x00,0x62,0x67,0x84, 
	0xf1,0xed,0x6a,0x31, 
	0xed,0x6a,0xc0,0x20, 
	0x00,0xe2,0x27,0x85, 
	0x30,0xee,0x10,0xf0, 
	0xee,0x20,0xc0,0x20, 
	0x00,0xe2,0x67,0x85, 
	0x92,0xa0,0x80,0xa1, 
	0xe8,0x6a,0xc0,0x20, 
	0x00,0x62,0x27,0x86, 
	0xa0,0x66,0x10,0x90, 
	0x66,0x20,0xc0,0x20, 
	0x00,0x62,0x67,0x86, 
	0xf2,0xa7,0x37,0x31, 
	0xe3,0x6a,0xc0,0x20, 
	0x00,0xe2,0x27,0x87, 
	0x30,0xee,0x10,0xf0, 
	0xee,0x20,0xc0,0x20, 
	0x00,0xe2,0x67,0x87, 
	0x91,0xdf,0x6a,0xa1, 
	0xdf,0x6a,0xc0,0x20, 
	0x00,0x62,0x27,0x88, 
	0xa0,0x66,0x10,0x90, 
	0x66,0x20,0xc0,0x20, 
	0x00,0x62,0x67,0x88, 
	0x31,0x8f,0x6a,0xc0, 
	0x20,0x00,0xf2,0x27, 
	0x89,0x30,0xff,0x10, 
	0xc0,0x20,0x00,0xf2, 
	0x67,0x89,0xa1,0x0f, 
	0x6a,0xe1,0xd5,0x6a, 
	0xc0,0x20,0x00,0x92, 
	0x27,0x8b,0xe0,0x99, 
	0x10,0xa0,0x99,0x20, 
	0xc0,0x20,0x00,0x92, 
	0x67,0x8b,0x31,0xd1, 
	0x6a,0x61,0xd1,0x6a, 
	0xc0,0x20,0x00,0xf2, 
	0x27,0x8c,0x60,0xff, 
	0x10,0x30,0xff,0x20, 
	0xc0,0x20,0x00,0xf2, 
	0x67,0x8c,0xe1,0x72, 
	0x6a,0xc0,0x20,0x00, 
	0xa2,0x27,0x97,0xe0, 
	0xaa,0x10,0xc0,0x20, 
	0x00,0xa2,0x67,0x97, 
	0x91,0x74,0x6a,0xc0, 
	0x20,0x00,0x62,0x27, 
	0x9a,0x90,0x66,0x10, 
	0xc0,0x20,0x00,0x62, 
	0x67,0x9a,0x31,0x00, 
	0x6a,0xc0,0x20,0x00, 
	0xe8,0x0b,0xf1,0x0f, 
	0x6a,0x30,0xee,0x10, 
	0xc0,0x20,0x00,0xe9, 
	0x0f,0xe1,0x20,0x6a, 
	0xc0,0x20,0x00,0xa8, 
	0x5b,0x40,0xaa,0x10, 
	0xe0,0xaa,0x20,0xc0, 
	0x20,0x00,0xa9,0x5b, 
	0x71,0xbb,0x6a,0x91, 
	0x10,0x6a,0xc0,0x20, 
	0x00,0x62,0x22,0x80, 
	0x90,0x66,0x10,0x70, 
	0x66,0x20,0xc0,0x20, 
	0x00,0x62,0x62,0x80, 
	0x31,0xb6,0x6a,0xc0, 
	0x20,0x00,0xf2,0x22, 
	0x83,0x40,0xff,0x10, 
	0x30,0xff,0x20,0xc0, 
	0x20,0x00,0xf2,0x62, 
	0x83,0xc0,0x20,0x00, 
	0xe2,0x28,0x1f,0xd0, 
	0xee,0x10,0xc0,0xee, 
	0x20,0xc0,0x20,0x00, 
	0xe2,0x68,0x1f,0xc0, 
	0x20,0x00,0xb2,0x28, 
	0x20,0xd0,0xbb,0x10, 
	0xc0,0xbb,0x20,0xc0, 
	0x20,0x00,0xb2,0x68, 
	0x20,0x91,0x08,0x6a, 
	0xa1,0x04,0x6a,0xc0, 
	0x20,0x00,0x72,0x28, 
	0x26,0xa0,0x77,0x10, 
	0x90,0x77,0x20,0xc0, 
	0x20,0x00,0x72,0x68, 
	0x26,0x61,0xa2,0x6a, 
	0xc0,0x20,0x00,0x42, 
	0x25,0x84,0x60,0x44, 
	0x10,0xc0,0x20,0x00, 
	0x42,0x65,0x84,0x0c, 
	0x02,0x1d,0xf0,0x00, 
	0x36,0x41,0x00,0x28, 
	0x32,0x58,0x22,0x16, 
	0x85,0x05,0x0c,0x03, 
	0xa8,0x02,0x41,0x9a, 
	0x6a,0xa5,0x42,0x02, 
	0xdd,0x04,0xcd,0x03, 
	0x25,0x90,0x01,0xd1, 
	0x57,0x6a,0x0c,0x0c, 
	0xa5,0x66,0x01,0x6d, 
	0x0a,0x7d,0x0b,0xad, 
	0x05,0x25,0x41,0x02, 
	0xdd,0x04,0xcd,0x03, 
	0xa5,0x8e,0x01,0xdd, 
	0x0b,0xcd,0x0a,0xbd, 
	0x07,0xad,0x06,0x25, 
	0x8e,0x01,0x31,0xbe, 
	0x69,0x65,0xbc,0x01, 
	0x9d,0x0a,0xa9,0x62, 
	0xb1,0xca,0x69,0xa1, 
	0xe7,0x69,0xb0,0x99, 
	0x10,0xc0,0x20,0x00, 
	0x82,0x23,0x80,0xa0, 
	0x88,0x10,0x90,0x88, 
	0x20,0xc0,0x20,0x00, 
	0x82,0x63,0x80,0x0c, 
	0x02,0x1d,0xf0,0x00, 
	0x36,0x61,0x00,0x61, 
	0x37,0x6a,0x0c,0x05, 
	0x28,0x32,0x41,0x39, 
	0x6a,0xa2,0x02,0x20, 
	0x0c,0x03,0x26,0xca, 
	0x40,0x2c,0x18,0x87, 
	0x1a,0x3b,0xa8,0x42, 
	0x65,0x3b,0x02,0xb9, 
	0x01,0xa9,0x11,0xa8, 
	0x22,0xe5,0x3a,0x02, 
	0x7d,0x0a,0xb9,0x21, 
	0xd8,0x01,0xc8,0x11, 
	0xbd,0x0d,0xad,0x0c, 
	0x25,0x23,0x01,0xcd, 
	0x0a,0xdd,0x0b,0xad, 
	0x07,0xb8,0x21,0x65, 
	0x87,0x01,0xdd,0x04, 
	0xcd,0x03,0x25,0x22, 
	0x01,0xdd,0x06,0xcd, 
	0x05,0x65,0x5d,0x01, 
	0xe5,0xb4,0x01,0x86, 
	0x09,0x00,0x92,0x02, 
	0x21,0xa8,0x52,0x66, 
	0x89,0x45,0xa8,0x22, 
	0x25,0x37,0x02,0xd1, 
	0x6c,0x6a,0xc1,0x6c, 
	0x6a,0xa5,0x84,0x01, 
	0xdd,0x04,0xcd,0x03, 
	0x65,0x1f,0x01,0xdd, 
	0x06,0xcd,0x05,0xe5, 
	0x5a,0x01,0x65,0xb2, 
	0x01,0xa9,0x52,0xc6, 
	0xff,0xff,0xd1,0xbf, 
	0x69,0xc1,0xa0,0x69, 
	0xb1,0x92,0x69,0xc0, 
	0xca,0x10,0xc0,0x20, 
	0x00,0x92,0x2b,0x81, 
	0xd0,0x99,0x10,0xc0, 
	0x99,0x20,0xc0,0x20, 
	0x00,0x92,0x6b,0x81, 
	0x0c,0x02,0x1d,0xf0, 
	0x66,0x79,0x20,0xa8, 
	0x22,0xa5,0x32,0x02, 
	0xd1,0x5c,0x6a,0x0c, 
	0x0c,0x25,0x80,0x01, 
	0xdd,0x04,0xcd,0x03, 
	0xe5,0x1a,0x01,0xdd, 
	0x06,0xcd,0x05,0x65, 
	0x56,0x01,0xe5,0xad, 
	0x01,0x06,0xed,0xff, 
	0x66,0x69,0x21,0xa8, 
	0x22,0x65,0x30,0x02, 
	0xd1,0x54,0x6a,0xc1, 
	0x54,0x6a,0xe5,0x7d, 
	0x01,0xdd,0x04,0xcd, 
	0x03,0xa5,0x18,0x01, 
	0xdd,0x06,0xcd,0x05, 
	0xe5,0x53,0x01,0xa5, 
	0xab,0x01,0xc6,0xe3, 
	0xff,0xd2,0xc9,0xfb, 
	0x56,0xed,0xf8,0xa8, 
	0x22,0xe5,0x2d,0x02, 
	0xd1,0x4c,0x6a,0xc1, 
	0x4c,0x6a,0x65,0x7b, 
	0x01,0xdd,0x04,0xcd, 
	0x03,0x25,0x16,0x01, 
	0xdd,0x06,0xcd,0x05, 
	0x65,0x51,0x01,0x25, 
	0xa9,0x01,0xc6,0xd9, 
	0xff,0x00,0x00,0x00, 
	0x36,0x41,0x00,0x0c, 
	0x02,0x1d,0xf0,0x00, 
	0x36,0xa1,0x00,0xc8, 
	0x32,0x82,0x0c,0x22, 
	0x82,0xc8,0xf9,0x56, 
	0xd8,0x15,0x0c,0x35, 
	0x0c,0x04,0x7c,0x0f, 
	0xa1,0x6d,0x69,0x71, 
	0x21,0x6a,0x61,0x91, 
	0x69,0x31,0x64,0x69, 
	0xd2,0x0c,0x20,0xb2, 
	0xa0,0x61,0x82,0xcd, 
	0xa0,0x56,0x38,0x14, 
	0xc0,0x20,0x00,0xc2, 
	0x2a,0x35,0xc0,0xc7, 
	0x04,0x16,0x5c,0x1c, 
	0x25,0xf4,0xfa,0x0c, 
	0x0f,0x48,0x22,0x91, 
	0xed,0x69,0x0c,0x08, 
	0x89,0x71,0x99,0x81, 
	0xa2,0x64,0x12,0xf2, 
	0x44,0x9d,0xb1,0x65, 
	0x69,0xd1,0x65,0x69, 
	0xc0,0x20,0x00,0x51, 
	0x5c,0x69,0xc1,0x5b, 
	0x69,0x52,0x25,0x3d, 
	0x81,0x5d,0x69,0xd0, 
	0x55,0x10,0xc0,0x20, 
	0x00,0xc8,0x0c,0xe1, 
	0x57,0x69,0x80,0xcc, 
	0x10,0xc0,0x20,0x00, 
	0xc9,0x0e,0xa2,0xa0, 
	0x80,0xc0,0x20,0x00, 
	0x92,0x2b,0x84,0xa0, 
	0x99,0x20,0xc0,0x20, 
	0x00,0x3c,0xbe,0x82, 
	0xa0,0x61,0xa8,0x32, 
	0x92,0x6b,0x84,0x82, 
	0x4a,0x20,0xe2,0x44, 
	0x51,0xf2,0x44,0x5c, 
	0xf2,0x44,0x5b,0xf2, 
	0x44,0x5a,0xf2,0x44, 
	0x59,0xf2,0x44,0x57, 
	0xf2,0x44,0x56,0xf2, 
	0x44,0x55,0xf2,0x44, 
	0x54,0xf2,0x44,0x53, 
	0xf2,0x44,0x52,0xc1, 
	0x17,0x6a,0xc0,0x20, 
	0x00,0xb2,0x23,0x81, 
	0xd0,0xbb,0x10,0xc0, 
	0xbb,0x20,0xc0,0x20, 
	0x00,0xb2,0x63,0x81, 
	0xa8,0x2a,0xa5,0x1e, 
	0x02,0xa9,0x31,0xc8, 
	0x72,0xa2,0x24,0x23, 
	0xc2,0xdc,0x14,0xc8, 
	0x9c,0xb9,0x21,0xca, 
	0xaa,0x25,0x1e,0x02, 
	0xd8,0x81,0xc8,0x71, 
	0xe5,0x41,0x01,0xdd, 
	0x0b,0xcd,0x0a,0xb8, 
	0x21,0xa8,0x31,0x65, 
	0x41,0x01,0xe2,0x24, 
	0x22,0xd1,0xc0,0x69, 
	0xe7,0xbd,0x02,0xc6, 
	0x5f,0x00,0xe1,0xbf, 
	0x69,0x91,0xbf,0x69, 
	0x06,0x5f,0x00,0x82, 
	0xa3,0x00,0xc0,0x20, 
	0x00,0xf2,0x2a,0x26, 
	0xd0,0xff,0x10,0x80, 
	0xff,0x20,0xc0,0x20, 
	0x00,0xf2,0x6a,0x26, 
	0xe5,0xe5,0xfa,0xb8, 
	0x22,0x92,0x2b,0x12, 
	0x81,0xfc,0x69,0x90, 
	0x9a,0xc0,0x97,0xb8, 
	0x3e,0xc0,0x20,0x00, 
	0xa2,0x23,0xbd,0xe7, 
	0xea,0x35,0x98,0x72, 
	0x92,0xd9,0x12,0xc2, 
	0x29,0x89,0xac,0xac, 
	0xc0,0x20,0x00,0xd2, 
	0x23,0x87,0x70,0xdd, 
	0x10,0xc0,0x20,0x00, 
	0xd2,0x63,0x87,0xc0, 
	0x20,0x00,0xc2,0x23, 
	0x80,0x60,0xcc,0x10, 
	0xc0,0x20,0x00,0x0c, 
	0x1a,0xc2,0x63,0x80, 
	0x42,0x69,0x89,0x42, 
	0x4b,0x99,0x52,0x4b, 
	0x4e,0xa2,0x4b,0x4f, 
	0x0c,0x02,0x1d,0xf0, 
	0xb7,0x9d,0xf8,0x3c, 
	0x08,0xc0,0x20,0x00, 
	0xb2,0x2a,0x35,0xb0, 
	0xb8,0x75,0x80,0xeb, 
	0x10,0x87,0x9e,0x16, 
	0x0c,0x5e,0xc0,0x20, 
	0x00,0xd2,0x2a,0x1e, 
	0xf0,0xdd,0x10,0xe0, 
	0xdd,0x20,0xc0,0x20, 
	0x00,0xd2,0x6a,0x1e, 
	0xc6,0x04,0x00,0xc0, 
	0x20,0x00,0xe2,0x2a, 
	0x1e,0x0c,0x48,0xf0, 
	0xee,0x10,0x80,0xee, 
	0x20,0xc0,0x20,0x00, 
	0xe2,0x6a,0x1e,0xd2, 
	0xa8,0xff,0x4c,0x7f, 
	0xb7,0xbf,0x05,0x82, 
	0xa0,0x7d,0xb7,0xb8, 
	0x28,0x92,0xa0,0x93, 
	0xb7,0x39,0x22,0xe8, 
	0x4c,0xb2,0xa7,0xcf, 
	0xe7,0xbb,0x02,0x06, 
	0xce,0xff,0x82,0xa1, 
	0x00,0xc0,0x20,0x00, 
	0xf2,0x2a,0x26,0xd0, 
	0xff,0x10,0x80,0xff, 
	0x20,0xc0,0x20,0x00, 
	0xf2,0x6a,0x26,0x46, 
	0xcd,0xff,0x92,0xa5, 
	0x00,0xc0,0x20,0x00, 
	0x82,0x2a,0x26,0xd0, 
	0x88,0x10,0x90,0x88, 
	0x20,0xc0,0x20,0x00, 
	0x82,0x6a,0x26,0x46, 
	0xc7,0xff,0xb7,0x9d, 
	0x16,0xc0,0x20,0x00, 
	0x92,0x2a,0x1e,0x0c, 
	0x4b,0xf0,0x99,0x10, 
	0xb0,0x99,0x20,0xc0, 
	0x20,0x00,0x92,0x6a, 
	0x1e,0xc6,0xd4,0xff, 
	0xb8,0x22,0xb2,0x0b, 
	0x99,0x0b,0xbb,0x56, 
	0x9b,0xf4,0xa5,0xd5, 
	0xfa,0x48,0x22,0xd2, 
	0x24,0x12,0xc1,0xba, 
	0x69,0xd0,0xda,0xc0, 
	0xd7,0x3c,0x02,0x46, 
	0xcd,0xff,0xc0,0x20, 
	0x00,0xe2,0x23,0xbd, 
	0xe0,0xeb,0x04,0x56, 
	0x9e,0xf2,0x98,0x72, 
	0x92,0xd9,0x12,0xf2, 
	0x29,0x89,0x16,0xef, 
	0xf1,0xc0,0x20,0x00, 
	0xd2,0x23,0x87,0x70, 
	0xdd,0x10,0xc0,0x20, 
	0x00,0xd2,0x63,0x87, 
	0xc0,0x20,0x00,0xc2, 
	0x23,0x80,0x60,0xcc, 
	0x10,0xc0,0x20,0x00, 
	0x0c,0x1a,0xc2,0x63, 
	0x80,0x0c,0x0b,0xb2, 
	0x69,0x89,0xb2,0x44, 
	0x99,0xa2,0x44,0x4f, 
	0x52,0x44,0x4e,0x46, 
	0xbb,0xff,0xe1,0x62, 
	0x69,0x91,0x62,0x69, 
	0xa9,0x11,0xb9,0x01, 
	0xe9,0x61,0x99,0x51, 
	0x77,0x75,0x02,0x60, 
	0x55,0x20,0xe1,0xc5, 
	0x68,0xc0,0x20,0x00, 
	0x52,0x6e,0xb8,0xa2, 
	0x24,0x22,0x65,0x01, 
	0x02,0x68,0x71,0xa9, 
	0x91,0xb9,0x41,0xad, 
	0x05,0x65,0x01,0x02, 
	0xcd,0x06,0x58,0x91, 
	0xd8,0x81,0x25,0x25, 
	0x01,0xcd,0x0a,0xdd, 
	0x0b,0xad,0x05,0xb8, 
	0x41,0x65,0x24,0x01, 
	0xd8,0x01,0xc8,0x11, 
	0x25,0xe8,0x00,0x5d, 
	0x0a,0x6d,0x0b,0xa5, 
	0x76,0x01,0xa2,0x64, 
	0x25,0xa8,0x51,0xe5, 
	0xfe,0x01,0xdd,0x0b, 
	0xcd,0x0a,0xbd,0x06, 
	0xad,0x05,0x65,0x6c, 
	0x01,0x96,0x2a,0x01, 
	0xa8,0x61,0xa5,0xfd, 
	0x01,0xdd,0x0b,0xcd, 
	0x0a,0xbd,0x06,0xad, 
	0x05,0xe5,0x5f,0x01, 
	0xa6,0x1a,0x15,0x98, 
	0x02,0x0c,0x38,0x82, 
	0x49,0x01,0xc0,0x20, 
	0x00,0xf2,0x23,0x87, 
	0x70,0xff,0x10,0xc0, 
	0x20,0x00,0xf2,0x63, 
	0x87,0x0c,0x6a,0xa2, 
	0x44,0x69,0xa5,0xc6, 
	0xfa,0xb8,0x22,0xa9, 
	0xfb,0xc6,0x93,0xff, 
	0x36,0x41,0x00,0x21, 
	0xaa,0x68,0x1c,0x3d, 
	0x81,0xa1,0x68,0xc0, 
	0x20,0x00,0xa2,0x28, 
	0x94,0xc0,0x20,0x00, 
	0x31,0x7a,0x69,0x92, 
	0x28,0x95,0xc0,0x20, 
	0x00,0x32,0x62,0x42, 
	0xf1,0x78,0x69,0xc0, 
	0x20,0x00,0xf2,0x62, 
	0x43,0xe1,0x76,0x69, 
	0xc0,0x20,0x00,0xe2, 
	0x62,0x44,0xc1,0x75, 
	0x69,0xc0,0x20,0x00, 
	0xc2,0x62,0x45,0xb1, 
	0x74,0x69,0xc0,0x20, 
	0x00,0xb2,0x62,0x46, 
	0x61,0x73,0x69,0xc0, 
	0x20,0x00,0x62,0x62, 
	0x47,0xc0,0x20,0x00, 
	0xa0,0x6f,0x04,0x52, 
	0x22,0x48,0xa0,0x48, 
	0x41,0x50,0x58,0x04, 
	0xf7,0xea,0x12,0x40, 
	0x75,0x04,0x66,0x15, 
	0x0f,0x57,0x64,0x0c, 
	0xc0,0x20,0x00,0xd2, 
	0x68,0xb4,0x0c,0x02, 
	0x1d,0xf0,0x40,0x75, 
	0x04,0x51,0x3c,0x69, 
	0xe1,0x67,0x69,0xc1, 
	0x86,0x68,0xc0,0x20, 
	0x00,0xb2,0x2c,0x80, 
	0xe0,0xbb,0x10,0xc0, 
	0x20,0x00,0xb2,0x6c, 
	0x80,0xdc,0x06,0xc0, 
	0x20,0x00,0xf2,0x22, 
	0x48,0xe0,0xff,0x10, 
	0xc0,0x20,0x00,0xf2, 
	0x62,0x48,0x86,0x03, 
	0x00,0xc0,0x20,0x00, 
	0x32,0x22,0x48,0x50, 
	0x33,0x20,0xc0,0x20, 
	0x00,0x32,0x62,0x48, 
	0x61,0x28,0x69,0xb1, 
	0xe9,0x68,0x67,0x64, 
	0x26,0xc0,0x20,0x00, 
	0x32,0x22,0x48,0x60, 
	0x33,0x20,0xc0,0x20, 
	0x00,0x32,0x62,0x48, 
	0x40,0xf4,0x04,0x16, 
	0x0f,0x0d,0xc0,0x20, 
	0x00,0xe2,0x22,0x4b, 
	0x50,0xee,0x20,0xc0, 
	0x20,0x00,0xe2,0x62, 
	0x4b,0x86,0x03,0x00, 
	0xc0,0x20,0x00,0xf2, 
	0x22,0x48,0xb0,0xff, 
	0x10,0xc0,0x20,0x00, 
	0xf2,0x62,0x48,0xec, 
	0x27,0xe2,0xae,0xff, 
	0xc0,0x20,0x00,0x62, 
	0x22,0x48,0xe0,0x66, 
	0x10,0xc0,0x20,0x00, 
	0x62,0x62,0x48,0xc0, 
	0x20,0x00,0x32,0x22, 
	0x4b,0xb0,0x33,0x10, 
	0xc0,0x20,0x00,0x32, 
	0x62,0x4b,0x06,0x08, 
	0x00,0x72,0xa1,0x00, 
	0xc0,0x20,0x00,0x32, 
	0x22,0x48,0x70,0x33, 
	0x20,0xc0,0x20,0x00, 
	0x32,0x62,0x48,0xc0, 
	0x20,0x00,0xf2,0x22, 
	0x4b,0x60,0xff,0x20, 
	0xc0,0x20,0x00,0xf2, 
	0x62,0x4b,0x32,0xac, 
	0xff,0xc0,0x20,0x00, 
	0xf2,0x22,0x40,0x40, 
	0xe2,0x14,0x80,0xee, 
	0x11,0x30,0xff,0x10, 
	0xf0,0xee,0x20,0xc0, 
	0x20,0x00,0xe2,0x62, 
	0x40,0x90,0x70,0x74, 
	0xa0,0x60,0x75,0xa0, 
	0xb8,0x75,0x80,0xbb, 
	0x11,0x00,0x66,0x11, 
	0xb0,0x66,0x20,0x70, 
	0x66,0x20,0xc0,0x20, 
	0x00,0x62,0x62,0x49, 
	0x90,0xe8,0x74,0x90, 
	0x30,0x75,0x80,0x33, 
	0x11,0x00,0xee,0x11, 
	0x90,0xf8,0x75,0x30, 
	0xee,0x20,0xf0,0xee, 
	0x20,0xc0,0x20,0x00, 
	0xe2,0x62,0x4a,0xc0, 
	0x20,0x00,0xb2,0x2c, 
	0x80,0x50,0xbb,0x20, 
	0xc0,0x20,0x00,0xb2, 
	0x6c,0x80,0xc0,0x20, 
	0x00,0xd2,0x68,0xb4, 
	0x86,0xb3,0xff,0xc0, 
	0x20,0x00,0xf2,0x22, 
	0x4b,0xe0,0xff,0x10, 
	0xc0,0x20,0x00,0xf2, 
	0x62,0x4b,0x46,0xcf, 
	0xff,0x00,0x00,0x00, 
	0x36,0x61,0x00,0x0c, 
	0x07,0xb1,0x54,0x68, 
	0x31,0x34,0x68,0xc0, 
	0x20,0x00,0x72,0x63, 
	0xa4,0xc0,0x20,0x00, 
	0x72,0x63,0xa5,0xc0, 
	0x20,0x00,0x72,0x63, 
	0xa6,0xc0,0x20,0x00, 
	0x72,0x63,0xa7,0xc0, 
	0x20,0x00,0x72,0x63, 
	0xa8,0xc0,0x20,0x00, 
	0x68,0x72,0x72,0x63, 
	0xa9,0xba,0x46,0x82, 
	0x04,0xab,0x52,0xd6, 
	0x0a,0xdc,0x68,0x92, 
	0x25,0xf5,0xa2,0x25, 
	0xf1,0xb2,0xd6,0x13, 
	0x72,0x5b,0x9b,0xa2, 
	0x65,0xed,0x92,0x65, 
	0xee,0x72,0x44,0xb4, 
	0x06,0x1e,0x00,0xd2, 
	0x04,0xaa,0x0c,0x3c, 
	0x66,0x2d,0x12,0xd8, 
	0x22,0xe2,0x04,0xb2, 
	0xb2,0xd6,0x13,0x56, 
	0x2e,0x22,0x0c,0x1f, 
	0xf2,0x4d,0x83,0x46, 
	0x87,0x00,0x82,0xa0, 
	0x06,0xe2,0x25,0xf4, 
	0xb2,0x25,0xf1,0xd2, 
	0x25,0xf5,0xe0,0xbb, 
	0x80,0xb2,0x65,0xf1, 
	0x72,0x44,0xab,0xb2, 
	0x65,0xed,0xd2,0x65, 
	0xee,0x82,0x44,0xb4, 
	0xf2,0x25,0xf3,0xf7, 
	0x3b,0x36,0xd2,0x22, 
	0x02,0x72,0x4d,0x4e, 
	0x92,0x04,0xb2,0x72, 
	0x44,0xa9,0x56,0x69, 
	0x1d,0x0c,0x39,0xc2, 
	0x44,0xb2,0x16,0xf9, 
	0x20,0xad,0x02,0xe5, 
	0x44,0x00,0x68,0x72, 
	0x41,0x2a,0x68,0x52, 
	0xd6,0x0a,0x4a,0x46, 
	0x82,0x25,0xf1,0x92, 
	0x25,0xf5,0x92,0x65, 
	0xee,0x82,0x65,0xed, 
	0x0c,0x78,0x82,0x44, 
	0xb4,0xb2,0xd6,0x13, 
	0xc2,0x25,0xee,0x91, 
	0x37,0x68,0xa2,0x25, 
	0xed,0xc7,0x39,0x07, 
	0xd2,0xa1,0xf4,0xda, 
	0xaa,0xa2,0x65,0xed, 
	0xc0,0x98,0x74,0xa0, 
	0xd0,0xf5,0xa0,0xe8, 
	0x75,0x00,0xee,0x11, 
	0x80,0xdd,0x01,0xe0, 
	0xdd,0x20,0xc0,0xe0, 
	0x74,0x80,0xee,0x11, 
	0xe0,0x99,0x20,0xd0, 
	0x99,0x20,0xc0,0x20, 
	0x00,0xf2,0x1b,0x9a, 
	0x92,0x63,0xa4,0x22, 
	0x25,0xed,0x92,0x04, 
	0xb2,0x20,0x80,0x74, 
	0x80,0x88,0x11,0x20, 
	0x28,0x74,0x80,0x22, 
	0x20,0x82,0x1b,0x9b, 
	0xc0,0x99,0x11,0xc0, 
	0x88,0x11,0x80,0xff, 
	0x20,0x82,0x04,0xb4, 
	0xf0,0xf0,0x74,0x00, 
	0xff,0x11,0x90,0x88, 
	0x20,0x80,0x88,0x01, 
	0x80,0xff,0x20,0x20, 
	0xff,0x20,0xc0,0x20, 
	0x00,0xf2,0x63,0xa5, 
	0xd8,0x06,0x98,0xc6, 
	0xd0,0xe8,0x74,0x00, 
	0xee,0x11,0x80,0xdd, 
	0x01,0xe0,0xdd,0x20, 
	0x90,0xe0,0x74,0x80, 
	0xee,0x11,0x90,0x98, 
	0x74,0xe0,0x99,0x20, 
	0xd0,0x99,0x20,0xc0, 
	0x20,0x00,0x92,0x63, 
	0xa6,0x28,0x16,0xf8, 
	0xd6,0x20,0x88,0x74, 
	0x00,0x88,0x11,0x80, 
	0x22,0x01,0x80,0x22, 
	0x20,0xf0,0x80,0x74, 
	0x80,0x88,0x11,0xf0, 
	0xf8,0x74,0x80,0xff, 
	0x20,0x20,0xff,0x20, 
	0xc0,0x20,0x00,0xf2, 
	0x63,0xa7,0xd8,0x26, 
	0x98,0xe6,0xd0,0xe8, 
	0x74,0x00,0xee,0x11, 
	0x80,0xdd,0x01,0xe0, 
	0xdd,0x20,0x90,0xe0, 
	0x74,0x80,0xee,0x11, 
	0x90,0x98,0x74,0xe0, 
	0x99,0x20,0xd0,0x99, 
	0x20,0xc0,0x20,0x00, 
	0x92,0x63,0xa8,0x28, 
	0x36,0xf8,0xf6,0x20, 
	0x88,0x74,0x00,0x88, 
	0x11,0x80,0x22,0x01, 
	0x80,0x22,0x20,0xf0, 
	0x80,0x74,0x80,0x88, 
	0x11,0xf0,0xf8,0x74, 
	0x80,0xff,0x20,0x20, 
	0xff,0x20,0xc0,0x20, 
	0x00,0xf2,0x63,0xa9, 
	0xd8,0x46,0x92,0x26, 
	0x10,0xd0,0xe8,0x74, 
	0x00,0xee,0x11,0x80, 
	0xdd,0x01,0xe0,0xdd, 
	0x20,0x90,0xe0,0x74, 
	0x80,0xee,0x11,0x90, 
	0x98,0x74,0xe0,0x99, 
	0x20,0xd0,0x99,0x20, 
	0xc0,0x20,0x00,0x92, 
	0x63,0xaa,0x28,0x56, 
	0xf2,0x26,0x11,0x20, 
	0x88,0x74,0x00,0x88, 
	0x11,0x80,0x22,0x01, 
	0x80,0x22,0x20,0xf0, 
	0x80,0x74,0x80,0x88, 
	0x11,0xf0,0xf8,0x74, 
	0x80,0xff,0x20,0x20, 
	0xff,0x20,0xc0,0x20, 
	0x00,0xf2,0x63,0xab, 
	0xd8,0x66,0x92,0x26, 
	0x12,0xd0,0xe8,0x74, 
	0x00,0xee,0x11,0x80, 
	0xdd,0x01,0xe0,0xdd, 
	0x20,0x90,0xe0,0x74, 
	0x80,0xee,0x11,0x90, 
	0x98,0x74,0xe0,0x99, 
	0x20,0xd0,0x99,0x20, 
	0xc0,0x20,0x00,0x92, 
	0x63,0xac,0x28,0x76, 
	0xf2,0x26,0x13,0x20, 
	0x88,0x74,0x00,0x88, 
	0x11,0x80,0x22,0x01, 
	0x80,0x22,0x20,0xf0, 
	0x80,0x74,0x80,0x88, 
	0x11,0xf0,0xf8,0x74, 
	0x80,0xff,0x20,0x20, 
	0xff,0x20,0xc0,0x20, 
	0x00,0xf2,0x63,0xad, 
	0x4c,0x2e,0xc0,0x20, 
	0x00,0xe2,0x63,0xb4, 
	0x0c,0x02,0x1d,0xf0, 
	0x66,0x39,0x06,0x0c, 
	0x1c,0x0c,0x19,0x06, 
	0x88,0xff,0xcd,0x07, 
	0x0c,0x09,0x46,0x86, 
	0xff,0x72,0x4d,0x83, 
	0xf1,0x3e,0x68,0x92, 
	0x04,0xb2,0xa2,0x1b, 
	0x9b,0xa2,0x44,0xb1, 
	0x60,0xea,0xa0,0xe2, 
	0xde,0x0a,0xe2,0x2e, 
	0x20,0xdc,0xf9,0xf1, 
	0x18,0x68,0xe7,0xbf, 
	0x49,0x0c,0x1e,0x1b, 
	0xaa,0xa2,0x5b,0x9b, 
	0xe2,0x44,0xb4,0xa0, 
	0xa0,0xf4,0x46,0x0e, 
	0x00,0x72,0x4d,0x4f, 
	0x0c,0x2f,0xf2,0x44, 
	0xab,0xc6,0x7f,0xff, 
	0x66,0x39,0x1b,0x81, 
	0xba,0x67,0xe7,0x38, 
	0x05,0x92,0xa7,0xcf, 
	0xe7,0x39,0x1f,0x0c, 
	0x2e,0x1b,0xaa,0xa2, 
	0x5b,0x9b,0xe2,0x44, 
	0xb4,0xa0,0xa0,0xf4, 
	0xc6,0x03,0x00,0xe7, 
	0x3f,0x0c,0x0c,0x2f, 
	0x1b,0x8a,0x80,0xa0, 
	0xf4,0x82,0x5b,0x9b, 
	0xf2,0x44,0xb4,0x92, 
	0x1b,0x9a,0x97,0xba, 
	0x57,0x92,0x04,0xb5, 
	0x66,0x19,0x2f,0xf2, 
	0x2d,0x22,0x72,0x5b, 
	0x9b,0xe2,0xd6,0x14, 
	0xb2,0x25,0xf4,0xe8, 
	0xce,0xf0,0xf1,0x41, 
	0xfa,0xee,0xf2,0x25, 
	0xf6,0xb0,0xb1,0x41, 
	0xf0,0xee,0xc0,0xea, 
	0xbb,0xb2,0x65,0xf1, 
	0xf2,0x25,0xf5,0x72, 
	0x44,0xab,0xb2,0x65, 
	0xed,0xf2,0x65,0xee, 
	0x06,0x57,0xff,0x66, 
	0x29,0x57,0xd2,0xd6, 
	0x14,0xe2,0x25,0xf6, 
	0x72,0x5b,0x9b,0xd8, 
	0xcd,0xb2,0x25,0xf4, 
	0xe0,0xe1,0x41,0xe0, 
	0xdd,0xc0,0xb0,0xb1, 
	0x41,0xda,0xbb,0xb2, 
	0x65,0xf1,0x86,0xf3, 
	0xff,0x72,0x5b,0x9b, 
	0xf2,0x04,0xb5,0x92, 
	0x25,0xf4,0x16,0xdf, 
	0x0b,0x0c,0x4a,0x90, 
	0x81,0x41,0xd2,0x25, 
	0xf6,0xb2,0xd6,0x14, 
	0xb8,0xcb,0xd0,0xd1, 
	0x41,0xd0,0xbb,0xc0, 
	0xba,0x88,0x82,0x65, 
	0xf1,0x72,0x44,0xab, 
	0xb2,0x25,0xf1,0xa2, 
	0x44,0xb4,0xd2,0x25, 
	0xf5,0xd2,0x65,0xee, 
	0xb2,0x65,0xed,0x46, 
	0x40,0xff,0xb9,0x21, 
	0xd2,0x1b,0x9b,0xc9, 
	0x11,0x60,0xfa,0xa0, 
	0xe2,0x04,0xb2,0xe9, 
	0x01,0xf2,0xdf,0x0c, 
	0xf8,0x4f,0xf2,0x65, 
	0xf0,0xf2,0x65,0xed, 
	0xdc,0x6e,0xa1,0xcb, 
	0x67,0x60,0x8d,0xa0, 
	0x82,0xd8,0x0a,0x82, 
	0x28,0x20,0x82,0x65, 
	0xee,0x87,0xba,0x4a, 
	0xa2,0x65,0xee,0x06, 
	0x11,0x00,0x60,0xad, 
	0xa0,0xa2,0xda,0x0a, 
	0xa2,0x2a,0x20,0xe5, 
	0xa1,0x01,0xd1,0xec, 
	0x67,0xc1,0xec,0x67, 
	0x25,0xc6,0x00,0xe5, 
	0x1d,0x01,0xb8,0x21, 
	0xd8,0x01,0xc8,0x11, 
	0x66,0x3d,0x0e,0xd1, 
	0x79,0x67,0xa2,0x65, 
	0xee,0xa7,0xbd,0x1a, 
	0xd2,0x65,0xee,0x06, 
	0x05,0x00,0xd1,0x59, 
	0x67,0xa2,0x65,0xee, 
	0xa7,0x3d,0x08,0xe1, 
	0xe3,0x67,0xa7,0x3e, 
	0x05,0xd1,0xe2,0x67, 
	0xd2,0x65,0xee,0xf2, 
	0x1b,0x9b,0xb2,0x25, 
	0xf0,0xc2,0x44,0xb4, 
	0x60,0xff,0xa0,0xf2, 
	0xdf,0x0a,0xf2,0x2f, 
	0x20,0xf2,0x65,0xef, 
	0x06,0x1c,0xff,0x82, 
	0x25,0xf1,0x0c,0x5a, 
	0x9a,0x88,0x82,0x65, 
	0xf1,0x72,0x44,0xab, 
	0x06,0xd3,0xff,0x00, 
	0x36,0x41,0x00,0x4c, 
	0x52,0x31,0x29,0x67, 
	0xc0,0x20,0x00,0x22, 
	0x63,0xb4,0x0c,0x02, 
	0x1d,0xf0,0x00,0x00, 
	0x36,0x41,0x00,0x0c, 
	0x0a,0x31,0x24,0x67, 
	0xc0,0x20,0x00,0xa2, 
	0x63,0xa4,0xc0,0x20, 
	0x00,0xa2,0x63,0xa5, 
	0xc0,0x20,0x00,0xa2, 
	0x63,0xa6,0xc0,0x20, 
	0x00,0xa2,0x63,0xa7, 
	0xc0,0x20,0x00,0xa2, 
	0x63,0xa8,0xc0,0x20, 
	0x00,0x61,0x3b,0x67, 
	0x58,0x72,0xa2,0x63, 
	0xa9,0x42,0xd5,0x13, 
	0x6a,0x65,0x72,0x06, 
	0xb0,0x92,0x06,0xab, 
	0xb2,0x06,0xaf,0x82, 
	0x06,0xb2,0xa0,0xbb, 
	0x11,0xf0,0x88,0x11, 
	0xc0,0x99,0x11,0x80, 
	0x77,0x20,0x82,0x06, 
	0xaa,0xb0,0x99,0x20, 
	0x62,0x06,0xa9,0xe0, 
	0x88,0x11,0x80,0x66, 
	0x20,0x88,0x32,0x90, 
	0x66,0x20,0x88,0x48, 
	0x60,0x60,0x74,0x80, 
	0x98,0x74,0x80,0x99, 
	0x11,0x80,0x80,0x74, 
	0x90,0x66,0x20,0x92, 
	0x14,0x9b,0x00,0x88, 
	0x11,0xc0,0x99,0x11, 
	0x90,0x77,0x20,0x80, 
	0x77,0x01,0x80,0x77, 
	0x20,0x70,0x66,0x20, 
	0xc0,0x20,0x00,0x52, 
	0xd5,0x0d,0x42,0x14, 
	0x9a,0x62,0x63,0xa4, 
	0x52,0x25,0x38,0x40, 
	0x40,0x74,0x50,0x50, 
	0x74,0x80,0x55,0x11, 
	0x50,0x44,0x20,0xc0, 
	0x20,0x00,0x42,0x63, 
	0xa5,0x4c,0x62,0xc0, 
	0x20,0x00,0x22,0x63, 
	0xb4,0x2d,0x0a,0x1d, 
	0xf0,0x00,0x00,0x00, 
	0x36,0x41,0x00,0x0c, 
	0x09,0xa1,0x31,0x67, 
	0xc1,0xf6,0x66,0xc0, 
	0x20,0x00,0xd2,0x2c, 
	0x94,0xc0,0x20,0x00, 
	0x82,0x2c,0x95,0xc0, 
	0x20,0x00,0x3c,0x03, 
	0x52,0x2c,0x96,0x68, 
	0x32,0x0c,0x4b,0xb2, 
	0x46,0x1d,0xb8,0x72, 
	0x71,0x0e,0x67,0x42, 
	0xdb,0x0a,0x7a,0x7b, 
	0xb2,0xdb,0x13,0x92, 
	0x5b,0x9b,0x92,0x5b, 
	0x9a,0x32,0x46,0x33, 
	0x92,0x47,0xaa,0x92, 
	0x47,0xa9,0x62,0x07, 
	0xb2,0x92,0x47,0xab, 
	0x56,0x46,0x04,0xf1, 
	0xc9,0x67,0x31,0xc7, 
	0x67,0xa2,0x64,0xf4, 
	0x80,0x65,0x01,0x80, 
	0xb0,0x75,0x80,0xd8, 
	0x74,0x80,0xbb,0x11, 
	0xd0,0xbb,0x20,0x80, 
	0xd8,0x75,0x00,0xdd, 
	0x11,0xd0,0x66,0x20, 
	0xb0,0x66,0x20,0xd8, 
	0x22,0x0c,0x1b,0xb2, 
	0x4d,0x83,0x62,0x64, 
	0xf3,0x32,0x64,0xf2, 
	0x32,0x64,0xf1,0xf2, 
	0x64,0xf5,0x92,0x47, 
	0xbc,0x4c,0x7e,0xc0, 
	0x20,0x00,0xe2,0x6c, 
	0xb4,0x46,0x0b,0x00, 
	0x51,0xf3,0x66,0x66, 
	0x36,0x16,0xd8,0x22, 
	0x52,0x64,0xf4,0x92, 
	0x4d,0x83,0xa2,0x64, 
	0xf5,0xc2,0x24,0xf2, 
	0xc2,0x64,0xf1,0x92, 
	0x47,0xbc,0x06,0x04, 
	0x00,0xf8,0x22,0x52, 
	0x64,0xf4,0x92,0x4f, 
	0x83,0x52,0x64,0xf5, 
	0xe2,0x24,0xf2,0xe2, 
	0x64,0xf1,0x0c,0x02, 
	0x1d,0xf0,0x00,0x00, 
	0x36,0x41,0x00,0xb1, 
	0xe6,0x66,0x0c,0x08, 
	0x31,0xc5,0x66,0x58, 
	0x32,0x1c,0x0c,0xc2, 
	0x45,0x33,0x82,0x45, 
	0x1d,0xa8,0x72,0xba, 
	0xaa,0x82,0x4a,0xaa, 
	0x82,0x4a,0xa9,0x82, 
	0x4a,0xab,0x98,0x22, 
	0x82,0x49,0x83,0x48, 
	0x35,0x49,0x25,0x4c, 
	0x92,0xc0,0x20,0x00, 
	0x22,0x63,0xb4,0x2d, 
	0x08,0x1d,0xf0,0x00, 
	0x36,0x41,0x00,0x0c, 
	0x0b,0x71,0xd7,0x66, 
	0xa1,0xb7,0x66,0xc0, 
	0x20,0x00,0xb2,0x6a, 
	0xa4,0xc0,0x20,0x00, 
	0xb2,0x6a,0xa5,0xc0, 
	0x20,0x00,0xb2,0x6a, 
	0xa6,0xc0,0x20,0x00, 
	0xb2,0x6a,0xa7,0xc0, 
	0x20,0x00,0xb2,0x6a, 
	0xa8,0xc0,0x20,0x00, 
	0x48,0x72,0x98,0x32, 
	0x7a,0x64,0x22,0xd4, 
	0x0a,0xb2,0x6a,0xa9, 
	0xc8,0x49,0x32,0x22, 
	0xf8,0xc0,0x88,0x74, 
	0xc0,0xc0,0x74,0x80, 
	0xcc,0x11,0xc0,0x88, 
	0x20,0x56,0xa3,0x07, 
	0xd2,0x06,0xbc,0xc2, 
	0x06,0xbb,0x52,0x22, 
	0xf0,0xb2,0x46,0xb3, 
	0x40,0xcc,0xa0,0x40, 
	0xdd,0xa0,0xd2,0xdd, 
	0x1a,0xc2,0x2c,0x18, 
	0xc2,0x6d,0x15,0x72, 
	0x06,0xbc,0x22,0x06, 
	0xbb,0x40,0x77,0xa0, 
	0x40,0x22,0xa0,0x22, 
	0x22,0x7c,0xd1,0xd0, 
	0x66,0xf2,0xd7,0x1b, 
	0x22,0x6f,0x39,0xe8, 
	0x49,0x32,0xa1,0xf4, 
	0xe7,0x3d,0x01,0x3a, 
	0x55,0x50,0xf0,0xf5, 
	0x50,0xe8,0x75,0x00, 
	0xee,0x11,0x80,0xff, 
	0x01,0xe0,0xe8,0x20, 
	0xf0,0xee,0x20,0xc0, 
	0x20,0x00,0xe2,0x6a, 
	0xa4,0x50,0xd0,0x74, 
	0x50,0xc8,0x74,0x80, 
	0xdd,0x11,0xd0,0xcc, 
	0x20,0xc0,0x20,0x00, 
	0xc2,0x6a,0xa5,0xb2, 
	0x06,0xbc,0x1b,0xbb, 
	0xb2,0x46,0xbc,0x4c, 
	0x89,0xc0,0x20,0x00, 
	0x92,0x6a,0xb4,0x0c, 
	0x02,0x1d,0xf0,0x52, 
	0x22,0xf1,0x0c,0x1d, 
	0xb2,0x06,0xbc,0xc2, 
	0x22,0xf8,0x40,0xbb, 
	0xa0,0xca,0xc4,0xd2, 
	0x46,0xb3,0x7a,0xcc, 
	0xc2,0x0c,0x3b,0xb2, 
	0xdb,0x1a,0x40,0xcc, 
	0xa0,0x32,0xdc,0x05, 
	0x32,0x23,0x34,0xc2, 
	0xdc,0x12,0xc2,0x2c, 
	0x25,0x32,0x6b,0x15, 
	0xca,0x55,0x22,0x22, 
	0xf8,0x32,0x06,0xbc, 
	0x4a,0x22,0x7a,0x22, 
	0x22,0x02,0x3b,0x40, 
	0x73,0xa0,0x40,0x22, 
	0xa0,0x22,0xd2,0x07, 
	0x22,0x22,0x18,0xc6, 
	0xd8,0xff,0x00,0x00, 
	0x36,0x41,0x00,0x61, 
	0xf4,0x66,0x0c,0x05, 
	0x78,0x32,0x48,0x22, 
	0x78,0x47,0xa2,0x04, 
	0x80,0x31,0x8f,0x66, 
	0x70,0xaa,0x82,0x65, 
	0x6c,0x01,0xdd,0x06, 
	0xcd,0x05,0xe5,0xb9, 
	0x00,0x65,0xe8,0x00, 
	0x82,0x04,0x81,0x4d, 
	0x0a,0x70,0xa8,0x82, 
	0xe5,0x6a,0x01,0xdd, 
	0x06,0xcd,0x05,0xa5, 
	0xb8,0x00,0x25,0xe7, 
	0x00,0xe8,0x72,0x0c, 
	0x0b,0x3a,0xfe,0x82, 
	0x0f,0xb7,0xf2,0x0f, 
	0xb6,0x92,0xde,0x0a, 
	0x80,0xff,0xc1,0xf2, 
	0x69,0xf7,0x16,0xaf, 
	0x08,0x52,0x29,0xf8, 
	0x3a,0xde,0xd2,0x0d, 
	0xb1,0xe0,0xcb,0xa0, 
	0x92,0xdc,0x05,0x92, 
	0x29,0x34,0xe0,0xdd, 
	0xa0,0x82,0x2d,0x18, 
	0xc2,0xdc,0x06,0x97, 
	0x98,0x2b,0xd8,0x32, 
	0xd8,0x4d,0xc2,0x2c, 
	0xbc,0x40,0x8d,0xc0, 
	0xc7,0xb8,0x50,0xaa, 
	0x8d,0x87,0xbc,0x4b, 
	0x5a,0x8e,0x3a,0x88, 
	0xb2,0x48,0x3c,0xe8, 
	0x72,0x92,0xde,0x0a, 
	0x52,0x29,0xf8,0xf2, 
	0x29,0xf7,0x1b,0x55, 
	0x52,0x69,0xf8,0x46, 
	0x0c,0x00,0x82,0x2d, 
	0x7c,0x92,0x2c,0x58, 
	0x87,0x99,0x28,0xd8, 
	0x32,0xd8,0x4d,0xc2, 
	0x2c,0xbc,0x40,0x9d, 
	0xc0,0xc7,0xb9,0x1b, 
	0xaa,0x8d,0x87,0xbc, 
	0x16,0x5a,0x8e,0x3a, 
	0x88,0xb2,0x48,0x3c, 
	0xe8,0x72,0x92,0xde, 
	0x0a,0x52,0x29,0xf8, 
	0xf2,0x29,0xf7,0x1b, 
	0x55,0x52,0x69,0xf8, 
	0x3a,0xde,0x1b,0xbb, 
	0xb0,0xb0,0x74,0xf7, 
	0xbb,0x02,0x06,0xdf, 
	0xff,0x86,0x00,0x00, 
	0x52,0x29,0xf8,0x50, 
	0x20,0x74,0x1d,0xf0, 
	0x36,0xe1,0x00,0x38, 
	0x72,0xb2,0xd3,0x13, 
	0xb9,0x21,0xb2,0x1b, 
	0x9a,0x16,0x1b,0x23, 
	0x62,0xd3,0x19,0x29, 
	0x31,0x0c,0x0d,0xa2, 
	0xd3,0x0a,0xe1,0x89, 
	0x66,0x0c,0x08,0x89, 
	0x41,0xe9,0xc1,0xa9, 
	0xb1,0xa2,0x2a,0xf7, 
	0xd9,0xd1,0x16,0x5a, 
	0x20,0xb8,0x41,0x0c, 
	0x04,0x30,0xbb,0xa0, 
	0xf2,0x2b,0x7c,0xc2, 
	0x2b,0x18,0x30,0x74, 
	0xa0,0x22,0xd7,0x02, 
	0x72,0xd7,0x06,0xa2, 
	0x22,0xf4,0xe2,0x27, 
	0x58,0xa0,0xcc,0xc0, 
	0x56,0xac,0x0d,0xe7, 
	0x3f,0x02,0x06,0x35, 
	0x00,0x52,0x16,0xa8, 
	0xa0,0xfe,0xc0,0x30, 
	0x55,0xa0,0x52,0xd5, 
	0x12,0xa7,0x3e,0x02, 
	0xc6,0x6e,0x00,0xe1, 
	0x3c,0x66,0xb2,0x61, 
	0x10,0xea,0xef,0xa8, 
	0x31,0xd2,0x16,0xa8, 
	0xe2,0x65,0xd0,0xb2, 
	0x27,0x58,0xa8,0x3a, 
	0x30,0x5d,0xa0,0xc2, 
	0xd5,0x15,0xc2,0x2c, 
	0x10,0xa9,0x01,0xc0, 
	0xc1,0x41,0xc0,0xbb, 
	0xc0,0xc2,0xd5,0x16, 
	0x52,0xd5,0x12,0xb2, 
	0x6c,0x34,0xa8,0x2a, 
	0xe5,0x55,0x01,0xa9, 
	0x61,0xb9,0x51,0xa2, 
	0x25,0xd0,0x65,0x55, 
	0x01,0xd8,0xc1,0xc8, 
	0xd1,0xe5,0x79,0x00, 
	0xdd,0x0b,0xcd,0x0a, 
	0xb8,0x51,0xa8,0x61, 
	0x25,0x79,0x00,0xe5, 
	0xd0,0x00,0xe8,0x01, 
	0xf1,0x9c,0x66,0xb2, 
	0x16,0xa8,0xa2,0x65, 
	0xd0,0x30,0xbb,0xa0, 
	0xb2,0xdb,0x16,0x52, 
	0x2b,0x34,0xb9,0x11, 
	0x57,0xaf,0x07,0xb9, 
	0x11,0x52,0xd5,0x80, 
	0x52,0x6b,0x34,0xa8, 
	0x2e,0xa5,0x51,0x01, 
	0xa9,0xe1,0xb9,0x71, 
	0xad,0x05,0xe5,0x51, 
	0x01,0x58,0xe1,0xd8, 
	0xc1,0xc8,0xd1,0xa5, 
	0x75,0x00,0xcd,0x0a, 
	0xdd,0x0b,0xad,0x05, 
	0xb8,0x71,0xe5,0x74, 
	0x00,0xa5,0xc7,0x00, 
	0xb2,0x21,0x10,0xc2, 
	0x16,0xa8,0x98,0x11, 
	0x30,0xec,0xa0,0x1b, 
	0xcc,0x82,0xde,0x19, 
	0xa2,0x69,0x34,0xe2, 
	0xde,0x1a,0xf2,0x22, 
	0xf4,0xf2,0x68,0x3c, 
	0xd2,0x27,0x58,0xd9, 
	0x8e,0xf2,0x2b,0x7c, 
	0xe2,0x27,0x58,0xc2, 
	0x56,0xa8,0xe0,0xaf, 
	0xc0,0x56,0xaa,0x0d, 
	0xa2,0x22,0xf4,0xc2, 
	0x2b,0x18,0xa0,0xfe, 
	0xc0,0xc7,0x3a,0x02, 
	0xc6,0x32,0x00,0x52, 
	0x16,0xa8,0x30,0x55, 
	0xa0,0x52,0xd5,0x12, 
	0xa7,0x3e,0x02,0x06, 
	0x37,0x00,0xe1,0x02, 
	0x66,0xb2,0x61,0x10, 
	0xea,0xef,0xa8,0x31, 
	0xd2,0x16,0xa8,0xe2, 
	0x65,0xd0,0xb2,0x27, 
	0x58,0xa8,0x3a,0x30, 
	0x5d,0xa0,0xc2,0xd5, 
	0x15,0xc2,0x2c,0x10, 
	0xa9,0x01,0xc0,0xc1, 
	0x41,0xc0,0xbb,0xc0, 
	0xc2,0xd5,0x16,0x52, 
	0xd5,0x12,0xb2,0x6c, 
	0x34,0xa8,0x2a,0xa5, 
	0x47,0x01,0xa9,0x91, 
	0xb9,0x81,0xa2,0x25, 
	0xd0,0xe5,0x46,0x01, 
	0xd8,0xc1,0xc8,0xd1, 
	0x65,0x6b,0x00,0xdd, 
	0x0b,0xcd,0x0a,0xb8, 
	0x81,0xa8,0x91,0xe5, 
	0x6a,0x00,0x65,0xc2, 
	0x00,0xb8,0x01,0xe1, 
	0x62,0x66,0xf2,0x16, 
	0xa8,0xa2,0x65,0xd0, 
	0x30,0xff,0xa0,0xf2, 
	0xdf,0x16,0x52,0x2f, 
	0x34,0xf9,0x11,0x57, 
	0xae,0x07,0xf9,0x11, 
	0x52,0xd5,0x80,0x52, 
	0x6f,0x34,0xa8,0x2b, 
	0x25,0x43,0x01,0xa9, 
	0xf1,0xb9,0xa1,0xad, 
	0x05,0x65,0x43,0x01, 
	0x58,0xf1,0xd8,0xc1, 
	0xc8,0xd1,0x25,0x67, 
	0x00,0xcd,0x0a,0xdd, 
	0x0b,0xad,0x05,0xb8, 
	0xa1,0x65,0x66,0x00, 
	0x58,0x11,0x25,0xb9, 
	0x00,0xb2,0x21,0x10, 
	0x82,0x16,0xa8,0xa2, 
	0x65,0x34,0x30,0xa8, 
	0xa0,0xc2,0x22,0xf4, 
	0x1b,0x88,0xd2,0xda, 
	0x19,0xa2,0xda,0x1a, 
	0xc2,0x6d,0x3c,0x92, 
	0x27,0x58,0x99,0x8a, 
	0x82,0x56,0xa8,0xa8, 
	0xb1,0x1b,0x44,0xa2, 
	0x2a,0xf7,0x40,0x40, 
	0x74,0xa7,0xb4,0x02, 
	0x06,0x86,0xff,0xb8, 
	0x21,0xb2,0x1b,0x9a, 
	0xc6,0x03,0x00,0xed, 
	0x0f,0xb2,0x61,0x10, 
	0xc6,0x90,0xff,0xed, 
	0x0f,0xb2,0x61,0x10, 
	0x86,0xc8,0xff,0xc8, 
	0x41,0x1b,0xdc,0xd0, 
	0xc0,0x74,0xc9,0x41, 
	0xb7,0xbc,0x02,0xc6, 
	0x79,0xff,0x0c,0x02, 
	0x1d,0xf0,0x00,0x00, 
	0x36,0x41,0x00,0x31, 
	0xa8,0x65,0xc0,0x20, 
	0x00,0x82,0x23,0x95, 
	0xc0,0x20,0x00,0x91, 
	0x8a,0x66,0x42,0x23, 
	0x96,0xc0,0x20,0x00, 
	0x82,0x69,0x83,0x51, 
	0xb1,0x65,0xc0,0x20, 
	0x00,0x42,0x65,0x94, 
	0x5c,0x02,0xc0,0x20, 
	0x00,0x22,0x63,0xb4, 
	0x0c,0x02,0x1d,0xf0, 
	0x36,0x41,0x00,0x0c, 
	0x03,0xc0,0x20,0x00, 
	0x39,0x02,0xc0,0x20, 
	0x00,0x39,0x12,0x1d, 
	0xf0,0x00,0x00,0x00, 
	0x36,0x41,0x00,0xc0, 
	0x20,0x00,0x58,0x12, 
	0xc0,0x20,0x00,0x0c, 
	0x03,0x48,0x02,0x0c, 
	0x12,0x50,0x44,0xc0, 
	0x40,0x23,0x93,0x1d, 
	0xf0,0x00,0x00,0x00, 
	0x36,0x41,0x00,0x1b, 
	0x32,0x42,0xa1,0xff, 
	0x40,0x42,0xc0,0x0c, 
	0x02,0x40,0x23,0x93, 
	0x1d,0xf0,0x00,0x00, 
	0x36,0x41,0x00,0xc0, 
	0x20,0x00,0xa8,0x12, 
	0x25,0xfe,0xff,0xc0, 
	0x20,0x00,0x88,0x02, 
	0xa7,0x98,0x03,0x0c, 
	0x02,0x1d,0xf0,0xc0, 
	0x20,0x00,0xa8,0x12, 
	0xe5,0xfc,0xff,0xc0, 
	0x20,0x00,0xa9,0x12, 
	0xc0,0x20,0x00,0x98, 
	0x12,0x20,0x99,0xa0, 
	0xc0,0x20,0x00,0x39, 
	0x29,0x0c,0x12,0x1d, 
	0xf0,0x00,0x00,0x00, 
	0x36,0x41,0x00,0xad, 
	0x02,0x25,0xf9,0xff, 
	0x8c,0x2a,0x0c,0x02, 
	0x1d,0xf0,0xc0,0x20, 
	0x00,0xa8,0x02,0x25, 
	0xfa,0xff,0xc0,0x20, 
	0x00,0xa9,0x02,0xc0, 
	0x20,0x00,0x88,0x02, 
	0x20,0x28,0xa0,0xc0, 
	0x20,0x00,0x28,0x22, 
	0x1d,0xf0,0x00,0x00, 
	0xf0,0x22,0x11,0x20, 
	0x21,0x41,0xac,0xe2, 
	0xa0,0xf2,0x40,0xa2, 
	0xca,0xf8,0x00,0x1a, 
	0x40,0x00,0x22,0xa1, 
	0x0c,0x18,0xa0,0x88, 
	0xc0,0xc6,0x1c,0x00, 
	0xf0,0x33,0x11,0x30, 
	0x31,0x41,0x9c,0x23, 
	0xa0,0xf3,0x40,0xa2, 
	0xca,0xf8,0x00,0x1a, 
	0x40,0x00,0x33,0xa1, 
	0x0c,0x19,0xa0,0x99, 
	0xc0,0x86,0x16,0x00, 
	0x70,0x2f,0x05,0x10, 
	0x22,0x01,0x06,0x32, 
	0x00,0xf0,0x83,0x11, 
	0xcc,0x88,0x41,0x47, 
	0x66,0x40,0x22,0x20, 
	0x86,0x2e,0x00,0x00, 
	0x67,0xc3,0x06,0x70, 
	0x83,0x11,0x8c,0x08, 
	0x2d,0x03,0x70,0x7f, 
	0x05,0xf0,0x22,0x11, 
	0x00,0x41,0x40,0x20, 
	0x27,0x81,0x06,0x28, 
	0x00,0xf0,0x82,0x11, 
	0x56,0x88,0xfe,0x71, 
	0x3d,0x66,0x70,0x23, 
	0x20,0x46,0x24,0x00, 
	0x36,0x41,0x00,0x61, 
	0x3b,0x66,0x30,0x72, 
	0x30,0x67,0x42,0xbc, 
	0x67,0x43,0xe1,0x20, 
	0x87,0x75,0x30,0x97, 
	0x75,0x16,0xf8,0xf6, 
	0x16,0x89,0xf8,0x9a, 
	0x88,0xa1,0x5d,0x65, 
	0x60,0x22,0x20,0xa0, 
	0x22,0x10,0x60,0x33, 
	0x20,0xa0,0x33,0x10, 
	0x20,0x40,0xf5,0x30, 
	0x50,0xf5,0x50,0x62, 
	0xc1,0x30,0xb4,0xc1, 
	0x0c,0x09,0xba,0x66, 
	0xb7,0xb6,0x01,0x1b, 
	0x99,0x10,0x40,0x40, 
	0x60,0x99,0x81,0x30, 
	0xb2,0xc1,0x00,0x66, 
	0xa1,0xba,0x66,0xb7, 
	0xb6,0x01,0x1b,0x99, 
	0x50,0x24,0xc1,0x0c, 
	0x94,0x9a,0x22,0x20, 
	0x5f,0x41,0x8c,0x25, 
	0x0b,0x44,0x1b,0x88, 
	0x00,0x14,0x40,0x60, 
	0x22,0x81,0x00,0x66, 
	0xa1,0x42,0xa0,0x80, 
	0x40,0x88,0xc0,0x42, 
	0xa0,0xfe,0x47,0xb8, 
	0x23,0xd6,0x76,0x00, 
	0x1b,0x22,0xf0,0x66, 
	0x11,0x16,0xf6,0x00, 
	0x90,0x88,0x01,0x8a, 
	0x22,0x70,0x7f,0x05, 
	0x10,0x77,0x01,0x70, 
	0x22,0x20,0x1d,0xf0, 
	0x20,0x21,0x41,0xf0, 
	0x22,0x11,0x86,0xf9, 
	0xff,0x96,0x88,0x00, 
	0x82,0xa0,0xff,0x90, 
	0x28,0x01,0xc6,0xf7, 
	0xff,0x80,0x80,0x60, 
	0x9d,0x06,0x00,0x08, 
	0x40,0xf6,0xc8,0x13, 
	0x00,0x62,0xa1,0x20, 
	0x20,0x91,0x0c,0x08, 
	0x16,0x99,0xfb,0x0c, 
	0x19,0x90,0x66,0x20, 
	0x46,0xec,0xff,0x00, 
	0x70,0x2f,0x05,0x10, 
	0x22,0x01,0x06,0xf0, 
	0xff,0x00,0x00,0x00, 
	0x67,0xc5,0x08,0x40, 
	0x73,0x11,0x20,0x77, 
	0x20,0x16,0x17,0x00, 
	0x1d,0xf0,0x3d,0x05, 
	0x2d,0x04,0x1d,0xf0, 
	0x50,0x76,0x11,0x70, 
	0x55,0x30,0x86,0x58, 
	0x00,0x00,0x00,0x00, 
	0x36,0x21,0x00,0x61, 
	0xff,0x65,0x50,0x73, 
	0x30,0x96,0x77,0xfe, 
	0x67,0x43,0xd0,0x67, 
	0x45,0xdb,0x30,0x74, 
	0xb5,0x50,0x84,0xb5, 
	0x87,0x37,0x78,0x67, 
	0x05,0x31,0x60,0x55, 
	0x20,0x50,0x55,0x11, 
	0x50,0x5b,0x41,0x80, 
	0xa7,0xc0,0xf6,0xca, 
	0x3e,0x00,0x0a,0x40, 
	0x92,0xa0,0x00,0x90, 
	0x94,0x81,0x40,0x45, 
	0x81,0x50,0x50,0x91, 
	0x4a,0x22,0x5a,0x33, 
	0x47,0xb2,0x01,0x1b, 
	0x33,0x30,0xa4,0xb5, 
	0x77,0x1a,0x76,0x8d, 
	0x07,0xc6,0x28,0x00, 
	0x40,0x55,0x11,0x50, 
	0x5c,0x41,0x67,0x03, 
	0x04,0x1b,0x88,0x06, 
	0xf2,0xff,0x4a,0x22, 
	0x5a,0x33,0x47,0xb2, 
	0x02,0x32,0xc3,0x01, 
	0x1d,0xf0,0x00,0x00, 
	0xf6,0xda,0xf8,0x00, 
	0x0a,0x40,0x00,0xb4, 
	0xa1,0x40,0x95,0x81, 
	0x50,0x40,0x91,0x0c, 
	0x05,0x16,0xbb,0xfb, 
	0xa0,0x99,0x20,0x46, 
	0xed,0xff,0x00,0x00, 
	0x40,0x33,0x11,0x30, 
	0x3c,0x41,0x1b,0x77, 
	0x06,0x03,0x00,0x00, 
	0x67,0x03,0xf0,0x60, 
	0x33,0x20,0x50,0x33, 
	0x11,0x30,0x3b,0x41, 
	0x70,0xa8,0xc0,0xf6, 
	0xca,0x2d,0x00,0x0a, 
	0x40,0x00,0x92,0xa1, 
	0x20,0x23,0x81,0x30, 
	0x30,0x91,0x4a,0x22, 
	0x50,0x33,0x80,0x47, 
	0xb2,0x01,0x1b,0x33, 
	0x30,0xa4,0xb5,0x87, 
	0x9a,0x31,0xd6,0xa9, 
	0x00,0x1b,0x22,0x16, 
	0x12,0x06,0xf0,0x99, 
	0x11,0x16,0x39,0x05, 
	0x1d,0xf0,0x00,0x00, 
	0xf6,0xda,0x16,0x00, 
	0x0a,0x40,0x00,0xb2, 
	0xa1,0x20,0x93,0x81, 
	0x30,0x20,0x91,0x0c, 
	0x03,0x16,0x9b,0xfc, 
	0xa0,0x99,0x20,0xc6, 
	0xf0,0xff,0x3d,0x05, 
	0x2d,0x04,0x1d,0xf0, 
	0xad,0x02,0x00,0x41, 
	0x40,0x20,0x23,0x81, 
	0x30,0x30,0x91,0x1b, 
	0x88,0xd0,0x88,0x01, 
	0x8a,0x33,0x67,0x43, 
	0x0a,0x07,0x6a,0x05, 
	0x1b,0x22,0x9c,0xa2, 
	0x9c,0x09,0x1d,0xf0, 
	0x0c,0x02,0x30,0x34, 
	0xb5,0xc0,0x33,0x01, 
	0xf0,0x88,0x11,0x80, 
	0x33,0x20,0x1d,0xf0, 
	0x20,0x21,0x41,0xf0, 
	0x22,0x11,0x1d,0xf0, 
	0x1b,0x33,0x1d,0xf0, 
	0x67,0xc5,0x05,0x41, 
	0xef,0x64,0x40,0x33, 
	0x20,0x1d,0xf0,0x00, 
	0x50,0x76,0x11,0x70, 
	0x35,0x30,0x2d,0x04, 
	0x1d,0xf0,0x00,0x00, 
	0x50,0x76,0x11,0x70, 
	0x55,0x30,0x86,0xae, 
	0xff,0x00,0x00,0x00, 
	0x36,0x21,0x00,0x61, 
	0xaa,0x65,0x50,0x73, 
	0x30,0x96,0x77,0xfe, 
	0x67,0x43,0xcc,0x67, 
	0x45,0xd5,0x30,0x74, 
	0xa5,0x50,0x84,0xa5, 
	0x57,0x33,0x7c,0x57, 
	0x13,0x41,0x67,0x05, 
	0x4a,0x60,0x55,0x20, 
	0x50,0x55,0x11,0x50, 
	0x5b,0x41,0x80,0xa7, 
	0xc0,0xf6,0xca,0x4b, 
	0x00,0x0a,0x40,0x0c, 
	0x09,0x90,0x94,0x81, 
	0x40,0x45,0x81,0x50, 
	0x50,0x91,0x50,0x33, 
	0xc0,0x47,0xb2,0x01, 
	0x0b,0x33,0x40,0x22, 
	0xc0,0x90,0x90,0x60, 
	0x8c,0x59,0x0b,0x53, 
	0x20,0x35,0x83,0x0b, 
	0x22,0x30,0xa4,0xa5, 
	0x77,0x1a,0x7f,0x46, 
	0x31,0x00,0x00,0x00, 
	0x47,0x32,0x34,0x27, 
	0x34,0xb7,0x0c,0x03, 
	0x0c,0x02,0x1d,0xf0, 
	0x40,0x55,0x11,0x50, 
	0x5c,0x41,0x67,0x03, 
	0xb4,0x1b,0x88,0xc6, 
	0xeb,0xff,0x00,0x00, 
	0xf6,0xda,0xea,0x00, 
	0x0a,0x40,0x00,0xb4, 
	0xa1,0x40,0x95,0x81, 
	0x50,0x40,0x91,0x0c, 
	0x05,0x16,0xdb,0xfa, 
	0xa0,0x99,0x20,0xc6, 
	0xe9,0xff,0x00,0x00, 
	0x67,0x03,0x50,0x60, 
	0x33,0x20,0x50,0x33, 
	0x11,0x30,0x3b,0x41, 
	0x70,0xa8,0xc0,0xf6, 
	0xca,0x51,0x00,0x0a, 
	0x40,0x0c,0x09,0x90, 
	0x92,0x81,0x20,0x23, 
	0x81,0x30,0x30,0x91, 
	0x50,0xb6,0x11,0xb0, 
	0x55,0x30,0x20,0x24, 
	0xc0,0x30,0x35,0xc0, 
	0x27,0xb4,0x01,0x0b, 
	0x33,0x90,0x90,0x60, 
	0x8c,0x59,0x0b,0x53, 
	0x20,0x35,0x83,0x0b, 
	0x22,0x30,0xa4,0xa5, 
	0x87,0x9a,0x48,0xd6, 
	0xa9,0x00,0x1b,0x22, 
	0x16,0x42,0x07,0xf0, 
	0x99,0x11,0x16,0x69, 
	0x06,0x1d,0xf0,0x00, 
	0x40,0x33,0x11,0x30, 
	0x3c,0x41,0x67,0x05, 
	0xae,0x1b,0x77,0x46, 
	0xea,0xff,0x00,0x00, 
	0xf6,0xda,0x18,0x00, 
	0x0a,0x40,0x00,0xb2, 
	0xa1,0x20,0x93,0x81, 
	0x30,0x20,0x91,0x50, 
	0x36,0x11,0x16,0xcb, 
	0xfa,0xa0,0x99,0x20, 
	0x86,0xe9,0xff,0x00, 
	0x50,0x76,0x11,0x70, 
	0x35,0x30,0x2d,0x04, 
	0x1d,0xf0,0x00,0x00, 
	0x40,0x83,0x11,0xbc, 
	0x18,0x60,0xf8,0x40, 
	0x80,0x8c,0x41,0xa7, 
	0xa6,0x4e,0x1b,0x66, 
	0x00,0x16,0x40,0x20, 
	0x88,0x81,0x90,0x22, 
	0x81,0x00,0x99,0xa1, 
	0x30,0x34,0xb5,0x60, 
	0x33,0xc0,0xc0,0x33, 
	0x01,0x8a,0x33,0x06, 
	0xe3,0xff,0x00,0x00, 
	0x20,0x21,0x41,0xf0, 
	0x22,0x11,0x1d,0xf0, 
	0x1b,0x33,0x1d,0xf0, 
	0x60,0xf2,0x40,0x62, 
	0xc6,0x15,0x67,0x2a, 
	0x1b,0xb6,0xc6,0xcb, 
	0x00,0x16,0x40,0x90, 
	0x82,0x81,0x00,0x29, 
	0xa1,0x0c,0x09,0x30, 
	0x34,0xb5,0x60,0x33, 
	0xc0,0xc0,0x33,0x01, 
	0x8a,0x33,0x46,0xd6, 
	0xff,0x6d,0x0a,0x86, 
	0xf7,0xff,0x00,0x00, 
	0xf0,0x33,0x11,0x30, 
	0x31,0x41,0x20,0xa3, 
	0x20,0x16,0x4a,0x08, 
	0x9c,0x53,0xa0,0xf3, 
	0x40,0xa2,0xca,0xf5, 
	0x00,0x1a,0x40,0x20, 
	0x33,0x81,0x00,0x22, 
	0xa1,0x0c,0x18,0xa0, 
	0x88,0xc0,0x86,0x34, 
	0x00,0xa0,0xf2,0x40, 
	0xa2,0xca,0xf5,0x6c, 
	0x18,0xa0,0x88,0xc0, 
	0x00,0x1a,0x40,0x96, 
	0x9a,0x00,0x00,0x32, 
	0xa1,0x0c,0x02,0x46, 
	0x2e,0x00,0x00,0x00, 
	0x20,0x30,0x91,0x00, 
	0x22,0xa1,0x86,0x2b, 
	0x00,0xf0,0x55,0x11, 
	0x50,0x51,0x41,0x40, 
	0xa5,0x20,0xbc,0xba, 
	0x9c,0x55,0xa0,0xf5, 
	0x40,0xa2,0xca,0xf5, 
	0x00,0x1a,0x40,0x40, 
	0x55,0x81,0x00,0x44, 
	0xa1,0x0c,0x19,0xa0, 
	0x99,0xc0,0x46,0x23, 
	0x00,0xa0,0xf4,0x40, 
	0xa2,0xca,0xf5,0x6c, 
	0x19,0xa0,0x99,0xc0, 
	0x00,0x1a,0x40,0x96, 
	0x9a,0x00,0x00,0x54, 
	0xa1,0x0c,0x04,0x06, 
	0x1d,0x00,0x00,0x00, 
	0x40,0x50,0x91,0x00, 
	0x44,0xa1,0x46,0x1a, 
	0x00,0x70,0x3f,0x05, 
	0x10,0x33,0x01,0x0c, 
	0x02,0x46,0x62,0x00, 
	0xcc,0xd4,0xf0,0x85, 
	0x11,0xcc,0x88,0x41, 
	0x5c,0x64,0x40,0x33, 
	0x20,0x46,0x5e,0x00, 
	0x00,0x67,0xc5,0x0b, 
	0x40,0x85,0x11,0x40, 
	0x88,0x20,0x8c,0x28, 
	0x3d,0x05,0x2d,0x04, 
	0x70,0x7f,0x05,0xf0, 
	0x33,0x11,0x00,0x41, 
	0x40,0x30,0x37,0x81, 
	0x86,0x56,0x00,0x00, 
	0x56,0x82,0xfe,0xf0, 
	0x83,0x11,0x56,0x28, 
	0xfe,0x71,0x4f,0x64, 
	0x70,0x35,0x20,0xc6, 
	0x51,0x00,0x00,0x00, 
	0x36,0x41,0x00,0x61, 
	0x10,0x65,0x50,0x73, 
	0x30,0x67,0x43,0xaf, 
	0x67,0x45,0xdc,0x30, 
	0x84,0xa5,0x50,0x94, 
	0xa5,0x16,0x78,0xf0, 
	0x16,0xd9,0xf4,0x9a, 
	0x88,0xa1,0x0a,0x65, 
	0x60,0x33,0x20,0xa0, 
	0x33,0x10,0x60,0x55, 
	0x20,0xa0,0x55,0x10, 
	0x79,0x11,0x20,0xc0, 
	0xf5,0x40,0xd0,0xf5, 
	0x30,0xe0,0xf5,0x50, 
	0xf0,0xf5,0xd0,0xa2, 
	0xc1,0x40,0xbc,0xc1, 
	0x0c,0x09,0xba,0xaa, 
	0xb7,0xba,0x01,0x1b, 
	0x99,0x10,0x40,0x40, 
	0xa0,0x69,0x81,0x40, 
	0xb2,0xc1,0x00,0xaa, 
	0xa1,0xba,0xaa,0xb7, 
	0xba,0x02,0x62,0xc6, 
	0x01,0x50,0xb2,0xc1, 
	0x0c,0x09,0xba,0x66, 
	0xb7,0xb6,0x01,0x1b, 
	0x99,0xd0,0xbc,0xc1, 
	0xb0,0x66,0x80,0xb7, 
	0xb6,0x01,0x1b,0x99, 
	0x40,0xb3,0xc1,0xba, 
	0x66,0xb7,0xb6,0x01, 
	0x1b,0x99,0x8c,0x3a, 
	0x0c,0x1b,0xb0,0x66, 
	0x20,0xf0,0x72,0xc1, 
	0x40,0xbe,0xc1,0x0c, 
	0x0a,0x7a,0xbb,0x77, 
	0xbb,0x02,0xa2,0xca, 
	0x01,0x50,0x7c,0xc1, 
	0x70,0xbb,0x80,0x77, 
	0xbb,0x01,0x1b,0xaa, 
	0xd0,0x73,0xc1,0xf0, 
	0x20,0x00,0x7a,0xbb, 
	0x77,0xbb,0x01,0x1b, 
	0xaa,0xb0,0xaa,0x81, 
	0x9a,0xaa,0x00,0xbb, 
	0xa1,0xba,0x66,0xb7, 
	0xb6,0x02,0xa2,0xca, 
	0x01,0xf0,0x2c,0xc1, 
	0x0c,0x09,0xaa,0x22, 
	0xa7,0xb2,0x01,0x1b, 
	0x99,0x50,0xa3,0xc1, 
	0xa0,0x22,0x80,0xa7, 
	0xb2,0x01,0x1b,0x99, 
	0xd0,0xae,0xc1,0xf0, 
	0x20,0x00,0xaa,0x22, 
	0xa7,0xb2,0x01,0x1b, 
	0x99,0xf0,0xb3,0xc1, 
	0x50,0x7e,0xc1,0x0c, 
	0x0a,0x7a,0xbb,0x77, 
	0xbb,0x02,0xa2,0xca, 
	0x01,0xb0,0xaa,0x81, 
	0x9a,0xaa,0x00,0xbb, 
	0xa1,0xba,0x22,0xb7, 
	0xb2,0x01,0x1b,0xaa, 
	0xf0,0x3e,0xc1,0x0c, 
	0xb4,0x78,0x11,0xaa, 
	0x33,0x30,0x59,0x41, 
	0xcc,0x45,0x42,0xc4, 
	0x01,0x82,0xc8,0xff, 
	0x00,0x14,0x40,0x20, 
	0x33,0x81,0x60,0x22, 
	0x81,0x00,0x66,0xa1, 
	0x42,0xa3,0xff,0x40, 
	0x88,0xc0,0xf0,0x44, 
	0x11,0x47,0xb8,0x2b, 
	0xd6,0x86,0x00,0x1b, 
	0x22,0x9c,0xc2,0xf0, 
	0x66,0x11,0x8c,0xe6, 
	0xc0,0x88,0x01,0x8a, 
	0x33,0x70,0x7f,0x05, 
	0x10,0x77,0x01,0x70, 
	0x33,0x20,0x1d,0xf0, 
	0x20,0x21,0x41,0xf0, 
	0x22,0x11,0x86,0xf9, 
	0xff,0x1b,0x33,0x46, 
	0xf8,0xff,0x00,0x00, 
	0x96,0x98,0x00,0x1b, 
	0x84,0xc0,0x38,0x01, 
	0x0c,0x02,0xc6,0xf5, 
	0xff,0x80,0x80,0x60, 
	0x9d,0x06,0x00,0x08, 
	0x40,0xf6,0xc8,0x0b, 
	0x00,0x62,0xa1,0x20, 
	0x23,0x81,0x30,0x30, 
	0x91,0x06,0x04,0x00, 
	0xf6,0xd8,0x1c,0x00, 
	0xa2,0xa1,0x20,0x63, 
	0x81,0x30,0x20,0x91, 
	0x0c,0x03,0xa0,0x99, 
	0x20,0x0c,0x08,0x16, 
	0x99,0xf9,0x0c,0x19, 
	0x90,0x66,0x20,0x46, 
	0xe4,0xff,0x00,0x00, 
	0x70,0x3f,0x05,0x10, 
	0x33,0x01,0x0c,0x02, 
	0x86,0xe7,0xff,0x00, 
	0xf0,0x55,0x11,0x50, 
	0x51,0x41,0x40,0xa5, 
	0x20,0xbc,0xba,0x9c, 
	0x55,0xa0,0xf5,0x40, 
	0xa2,0xca,0xf5,0x00, 
	0x1a,0x40,0x40,0x55, 
	0x81,0x00,0x44,0xa1, 
	0x0c,0x19,0xa0,0x99, 
	0xc0,0xc6,0x36,0x00, 
	0xa0,0xf4,0x40,0xa2, 
	0xca,0xf5,0x6c,0x19, 
	0xa0,0x99,0xc0,0x00, 
	0x1a,0x40,0x96,0x7a, 
	0x00,0x00,0x54,0xa1, 
	0x0c,0x04,0x86,0x30, 
	0x00,0x40,0x50,0x91, 
	0x00,0x44,0xa1,0x46, 
	0x2e,0x00,0x00,0x00, 
	0xf0,0x33,0x11,0x30, 
	0x31,0x41,0x30,0x22, 
	0x20,0x70,0x3f,0x05, 
	0x10,0x33,0x01,0x60, 
	0x33,0x20,0xcc,0x42, 
	0x41,0xcc,0x63,0x40, 
	0x33,0x20,0x0c,0x02, 
	0x1d,0xf0,0x00,0x00, 
	0xf0,0x33,0x11,0x30, 
	0x31,0x41,0x20,0xa3, 
	0x20,0xbc,0xba,0x9c, 
	0x53,0xa0,0xf3,0x40, 
	0xa2,0xca,0xf5,0x00, 
	0x1a,0x40,0x20,0x33, 
	0x81,0x00,0x22,0xa1, 
	0x0c,0x18,0xa0,0x88, 
	0xc0,0x86,0x1d,0x00, 
	0xa0,0xf2,0x40,0xa2, 
	0xca,0xf5,0x6c,0x18, 
	0xa0,0x88,0xc0,0x00, 
	0x1a,0x40,0x96,0x7a, 
	0x00,0x00,0x32,0xa1, 
	0x0c,0x02,0x46,0x17, 
	0x00,0x20,0x30,0x91, 
	0x00,0x22,0xa1,0x06, 
	0x15,0x00,0x00,0x00, 
	0x70,0x3f,0x05,0x10, 
	0x33,0x01,0x0c,0x02, 
	0x1d,0xf0,0x00,0x00, 
	0x50,0x7f,0x05,0x10, 
	0x77,0x01,0x70,0x33, 
	0x30,0x67,0xc5,0x05, 
	0x41,0xb1,0x63,0x40, 
	0x33,0x20,0x1d,0xf0, 
	0x40,0x85,0x11,0x40, 
	0x88,0x20,0x16,0x68, 
	0xfd,0x3d,0x05,0x2d, 
	0x04,0x1d,0xf0,0x00, 
	0x47,0x32,0x3a,0xc6, 
	0x0f,0x00,0x00,0x00, 
	0x36,0x21,0x00,0x61, 
	0x6c,0x64,0x50,0x73, 
	0x30,0x67,0x43,0xc7, 
	0x67,0x45,0xd8,0x30, 
	0x84,0xa5,0x50,0x94, 
	0xa5,0x16,0xf9,0xef, 
	0x16,0x48,0xf6,0x90, 
	0x88,0xc0,0xa1,0x66, 
	0x64,0x60,0x33,0x20, 
	0xa0,0x33,0x10,0x60, 
	0x55,0x20,0xa0,0x55, 
	0x10,0x10,0x4f,0x40, 
	0x37,0x35,0x0a,0x37, 
	0x15,0xc1,0x20,0x33, 
	0x81,0x00,0x22,0xa1, 
	0x0b,0x88,0x50,0x33, 
	0xc0,0x47,0xb2,0x01, 
	0x0b,0x33,0x40,0x22, 
	0xc0,0x20,0x33,0x81, 
	0x00,0x22,0xa1,0x0c, 
	0x0a,0x0c,0x1b,0x3c, 
	0x49,0xb0,0xaa,0x81, 
	0x00,0xbb,0xa1,0x57, 
	0x33,0x10,0x57,0x13, 
	0x42,0x1b,0xbb,0x50, 
	0x33,0xc0,0x47,0xb2, 
	0x02,0x32,0xc3,0xff, 
	0x40,0x22,0xc0,0x20, 
	0x33,0x81,0x00,0x22, 
	0xa1,0x0b,0x99,0x56, 
	0xa9,0xfd,0x92,0xa3, 
	0xfe,0x90,0x88,0x80, 
	0x92,0xd9,0x04,0x97, 
	0xb8,0x39,0x57,0x33, 
	0x07,0x57,0x13,0x1f, 
	0x1b,0xbb,0x16,0x6b, 
	0x08,0x2d,0x0b,0xc0, 
	0x88,0x01,0x8a,0x3a, 
	0x70,0x7f,0x05,0x10, 
	0x77,0x01,0x70,0x33, 
	0x20,0x1d,0xf0,0x00, 
	0x47,0xb2,0xb9,0x06, 
	0xf1,0xff,0x00,0x00, 
	0x47,0x32,0xe1,0x47, 
	0x92,0xd9,0x1b,0xbb, 
	0x16,0x0b,0x06,0xb0, 
	0xb1,0x41,0xf0,0xbb, 
	0x11,0x06,0xf4,0xff, 
	0x96,0x98,0x00,0x1b, 
	0x89,0xc0,0x38,0x01, 
	0x0c,0x02,0x86,0xf2, 
	0xff,0x80,0x80,0x60, 
	0x00,0x08,0x40,0xf6, 
	0xc8,0x0d,0x00,0x6b, 
	0xa1,0xb0,0xba,0x81, 
	0xa0,0xa0,0x91,0x86, 
	0x04,0x00,0x00,0x00, 
	0xf6,0xd8,0x35,0x00, 
	0x9b,0xa1,0xb0,0x6a, 
	0x81,0xa0,0xb0,0x91, 
	0x0c,0x0a,0x90,0x22, 
	0x20,0x0c,0x08,0x20, 
	0x33,0x20,0x8c,0x33, 
	0x0c,0x19,0x90,0x66, 
	0x20,0xd6,0xc6,0xf8, 
	0x1b,0xbb,0x8c,0xeb, 
	0xf0,0x66,0x11,0x56, 
	0x26,0xf8,0xb0,0xb1, 
	0x41,0xf0,0xbb,0x11, 
	0x46,0xde,0xff,0x00, 
	0x1b,0xaa,0xc6,0xdc, 
	0xff,0x70,0x3f,0x05, 
	0x10,0x33,0x01,0x0c, 
	0x02,0x1d,0xf0,0x00, 
	0x36,0x21,0x00,0x47, 
	0x92,0x0d,0x57,0x93, 
	0x17,0x61,0x20,0x64, 
	0x67,0x43,0x08,0x0c, 
	0x02,0x1d,0xf0,0x00, 
	0x0c,0x12,0x1d,0xf0, 
	0x40,0x73,0x11,0x20, 
	0x77,0x20,0x06,0x02, 
	0x00,0x50,0x73,0x20, 
	0xf0,0x77,0x11,0x20, 
	0x77,0x20,0x0c,0x02, 
	0x0c,0x13,0x70,0x23, 
	0x93,0x1d,0xf0,0x00, 
	0x36,0x21,0x00,0x61, 
	0x15,0x64,0x67,0x43, 
	0x0e,0x67,0xc5,0x40, 
	0x40,0x75,0x11,0x40, 
	0x77,0x20,0xbc,0x77, 
	0x0c,0x02,0x1d,0xf0, 
	0x40,0x73,0x11,0x20, 
	0x77,0x20,0x16,0x77, 
	0xfe,0x0c,0x02,0x1d, 
	0xf0,0x00,0x00,0x00, 
	0x36,0x21,0x00,0x61, 
	0x0b,0x64,0x67,0x43, 
	0x0e,0x67,0xc5,0x18, 
	0x40,0x75,0x11,0x40, 
	0x77,0x20,0x8c,0xf7, 
	0x0c,0x12,0x1d,0xf0, 
	0x40,0x73,0x11,0x20, 
	0x77,0x20,0x16,0x77, 
	0xfe,0x0c,0x12,0x1d, 
	0xf0,0x50,0x73,0x30, 
	0x96,0xd7,0x01,0x96, 
	0xd3,0x00,0x57,0x33, 
	0x05,0x57,0x93,0x10, 
	0x27,0x34,0x0d,0x0c, 
	0x02,0x1d,0xf0,0x00, 
	0x37,0x35,0xf7,0x37, 
	0x95,0x02,0x47,0xb2, 
	0xf1,0x0c,0x12,0x1d, 
	0xf0,0x96,0xa3,0xfe, 
	0x50,0x73,0x20,0xf0, 
	0x77,0x11,0x20,0x77, 
	0x20,0x40,0x77,0x20, 
	0x0c,0x12,0x0c,0x03, 
	0x70,0x23,0x83,0x1d, 
	0xf0,0x00,0x00,0x00, 
	0x36,0x21,0x00,0x61, 
	0xf2,0x63,0x67,0x43, 
	0x0e,0x67,0xc5,0x40, 
	0x40,0x75,0x11,0x40, 
	0x77,0x20,0xbc,0x77, 
	0x7c,0xf2,0x1d,0xf0, 
	0x40,0x73,0x11,0x20, 
	0x77,0x20,0x16,0x77, 
	0xfe,0x7c,0xf2,0x1d, 
	0xf0,0x00,0x00,0x00, 
	0x36,0x21,0x00,0x61, 
	0xe8,0x63,0x67,0x43, 
	0x0e,0x67,0xc5,0x18, 
	0x40,0x75,0x11,0x40, 
	0x77,0x20,0x8c,0xf7, 
	0x0c,0x02,0x1d,0xf0, 
	0x40,0x73,0x11,0x20, 
	0x77,0x20,0x16,0x77, 
	0xfe,0x0c,0x02,0x1d, 
	0xf0,0x50,0x73,0x30, 
	0x96,0xd7,0x01,0x96, 
	0xd3,0x00,0x57,0x33, 
	0x05,0x57,0x93,0x10, 
	0x47,0xb2,0x0d,0x7c, 
	0xf2,0x1d,0xf0,0x00, 
	0x37,0x35,0xf7,0x37, 
	0x95,0x02,0x27,0x34, 
	0xf1,0x0c,0x02,0x1d, 
	0xf0,0xd6,0x83,0xff, 
	0x50,0x73,0x20,0xf0, 
	0x77,0x11,0x20,0x77, 
	0x20,0x40,0x77,0x20, 
	0x0c,0x02,0x7c,0xf3, 
	0x70,0x23,0x93,0x1d, 
	0xf0,0x00,0x00,0x00, 
	0x36,0x21,0x00,0x61, 
	0xcf,0x63,0x67,0x43, 
	0x06,0x67,0x45,0x10, 
	0x0c,0x02,0x1d,0xf0, 
	0x40,0x73,0x11,0x20, 
	0x77,0x20,0x16,0xf7, 
	0xfe,0x0c,0x12,0x1d, 
	0xf0,0x40,0x75,0x11, 
	0x40,0x77,0x20,0x16, 
	0x57,0xfe,0x0c,0x12, 
	0x1d,0xf0,0x00,0x00, 
	0x36,0x21,0x00,0x61, 
	0xc4,0x63,0x67,0x43, 
	0x26,0x30,0x44,0xa5, 
	0x60,0x53,0x95,0x50, 
	0x44,0xc0,0xe6,0xc4, 
	0x26,0xa6,0x14,0x2f, 
	0x60,0x73,0x20,0x10, 
	0x45,0x40,0x20,0x57, 
	0x81,0x00,0x14,0x40, 
	0x50,0x50,0x91,0x50, 
	0x20,0x60,0x70,0x25, 
	0xb3,0x1d,0xf0,0x00, 
	0x40,0x43,0x11,0x20, 
	0x44,0x20,0x16,0x24, 
	0x00,0x32,0xa0,0x00, 
	0x50,0x46,0x11,0x0b, 
	0x54,0x30,0x45,0xb3, 
	0x2d,0x04,0x1d,0xf0, 
	0x0c,0x02,0x1d,0xf0, 
	0x36,0x21,0x00,0x61, 
	0xb1,0x63,0x67,0x43, 
	0x2a,0x30,0x44,0xa5, 
	0x60,0x54,0x95,0x50, 
	0x44,0xc0,0xe6,0xc4, 
	0x2a,0x96,0x34,0x03, 
	0x60,0x73,0x20,0x10, 
	0x45,0x40,0x20,0x57, 
	0x81,0x1b,0x44,0x26, 
	0xc4,0x29,0x00,0x14, 
	0x40,0x50,0x50,0x91, 
	0x50,0x20,0x60,0x70, 
	0x25,0xb3,0x1d,0xf0, 
	0x40,0x43,0x11,0x20, 
	0x44,0x20,0x8c,0x24, 
	0x7c,0xf2,0x1d,0xf0, 
	0x50,0x46,0x11,0x7c, 
	0xf5,0x30,0x45,0xb3, 
	0x2d,0x04,0x1d,0xf0, 
	0x0c,0x02,0x1d,0xf0, 
	0x96,0x43,0x00,0x2d, 
	0x05,0x1d,0xf0,0x00, 
	0x50,0x26,0x11,0x1d, 
	0xf0,0x00,0x00,0x00, 
	0x36,0x21,0x00,0x20, 
	0x5f,0x05,0x10,0x55, 
	0x01,0xf0,0x42,0x11, 
	0x20,0x67,0x75,0xac, 
	0xd6,0x1b,0x66,0x26, 
	0xf6,0x11,0x40,0x44, 
	0x41,0x61,0x95,0x63, 
	0x30,0x22,0x01,0x6a, 
	0x44,0x50,0x34,0x20, 
	0x1d,0xf0,0x00,0x00, 
	0x41,0x90,0x63,0x70, 
	0x72,0x11,0x8c,0x47, 
	0x50,0x66,0x11,0x60, 
	0x44,0x20,0x50,0x34, 
	0x20,0x0c,0x02,0x1d, 
	0xf0,0x00,0x00,0x00, 
	0x16,0x24,0xff,0x70, 
	0xf4,0x40,0x72,0xc7, 
	0xf8,0x00,0x17,0x40, 
	0x00,0x44,0xa1,0x30, 
	0x24,0x01,0x40,0x43, 
	0x41,0x62,0xa3,0x7f, 
	0x70,0x66,0xc0,0xc0, 
	0x66,0x01,0x6a,0x44, 
	0x50,0x34,0x20,0x1d, 
	0xf0,0x00,0x00,0x00, 
	0x36,0x41,0x00,0xa1, 
	0x83,0x63,0x8c,0x73, 
	0x91,0x81,0x63,0x82, 
	0x23,0x00,0x82,0x69, 
	0x00,0x49,0x0a,0x8c, 
	0x15,0xe0,0x05,0x00, 
	0x8c,0x66,0xad,0x06, 
	0x10,0x11,0x20,0xe5, 
	0x0c,0x00,0x1d,0xf0, 
	0x36,0x41,0x00,0x20, 
	0xa2,0x20,0xb2,0xa0, 
	0x00,0x65,0x01,0x00, 
	0xa1,0x79,0x63,0xa2, 
	0x2a,0x00,0xb8,0xfa, 
	0x8c,0x1b,0xe0,0x0b, 
	0x00,0xad,0x02,0xe5, 
	0x8b,0x00,0x00,0x00, 
	0x36,0x61,0x00,0x72, 
	0xaf,0x78,0x29,0x01, 
	0xd1,0x72,0x63,0xd8, 
	0x0d,0xe2,0xa1,0x48, 
	0x62,0x2d,0x52,0xea, 
	0xdd,0xd9,0x11,0x16, 
	0xd6,0x07,0x58,0x16, 
	0xbd,0x05,0x0b,0x55, 
	0x96,0x95,0x06,0x60, 
	0x45,0xa0,0x8c,0x73, 
	0x77,0x16,0x59,0x82, 
	0x24,0x42,0x37,0x98, 
	0x53,0xc8,0x24,0x0b, 
	0xbb,0x57,0x9b,0x04, 
	0xb9,0x16,0x46,0x01, 
	0x00,0xb8,0x16,0x0c, 
	0x09,0x99,0x24,0xbc, 
	0xec,0x2d,0x0b,0x77, 
	0x16,0x22,0xa2,0x26, 
	0x62,0x00,0x15,0x40, 
	0xd2,0xa0,0x01,0x00, 
	0xdd,0xa1,0xa7,0x0d, 
	0x13,0xe2,0x26,0x63, 
	0xb2,0x24,0x22,0xe7, 
	0x8d,0x11,0xa2,0x21, 
	0x00,0xe0,0x0c,0x00, 
	0x46,0x03,0x00,0x00, 
	0x00,0xe0,0x0c,0x00, 
	0x46,0x01,0x00,0x00, 
	0xad,0x0b,0xe0,0x0c, 
	0x00,0xb8,0x16,0xf8, 
	0x11,0x27,0x9b,0x87, 
	0xf8,0x0f,0x67,0x9f, 
	0x82,0x42,0xc4,0xfc, 
	0x0b,0x55,0x66,0x05, 
	0x98,0x98,0x06,0x8c, 
	0x9b,0x69,0x11,0x6d, 
	0x09,0x56,0x19,0xf8, 
	0x1d,0xf0,0x00,0x00, 
	0x16,0x19,0xff,0x68, 
	0x11,0x99,0x06,0x6d, 
	0x09,0x06,0xfb,0xff, 
	0x36,0x41,0x00,0x51, 
	0x4a,0x63,0x58,0x05, 
	0x42,0x25,0x52,0xcc, 
	0x64,0x42,0xa1,0x4c, 
	0x4a,0x45,0x42,0x65, 
	0x52,0x58,0x14,0xa6, 
	0xc5,0x03,0x7c,0xf2, 
	0x1d,0xf0,0x1b,0x95, 
	0x40,0x85,0xa0,0x99, 
	0x14,0x29,0x28,0x0c, 
	0x02,0x1d,0xf0,0x00, 
	0x36,0x41,0x00,0x41, 
	0x40,0x63,0x38,0x04, 
	0x52,0xc4,0x10,0x5a, 
	0x53,0x22,0x45,0x00, 
	0x1b,0x33,0x30,0x30, 
	0x74,0x39,0x04,0x1d, 
	0xf0,0x00,0x00,0x00, 
	0x36,0x41,0x00,0x7c, 
	0xf2,0x1d,0xf0,0x00, 
	0x36,0x41,0x00,0x1d, 
	0xf0,0x00,0x00,0x00, 
	0x30,0xb1,0x03,0x59, 
	0x71,0x3b,0x23,0x20, 
	0xb1,0x13,0x1b,0x33, 
	0x30,0x20,0x14,0x20, 
	0x33,0xc0,0x38,0x03, 
	0x40,0x03,0x03,0x00, 
	0x22,0x40,0x30,0x30, 
	0x91,0x30,0x30,0x34, 
	0x40,0x03,0x13,0x41, 
	0x2e,0x63,0x5d,0x01, 
	0x12,0xc1,0x60,0x40, 
	0x43,0xa0,0xa0,0x04, 
	0x00,0x00,0x00,0x00, 
	0x1d,0x00,0xfc,0x84, 
	0xfc,0x64,0x00,0x00, 
	0x18,0x45,0xfc,0x04, 
	0x18,0x55,0xec,0xc4, 
	0x18,0x65,0xec,0x84, 
	0x18,0x75,0xec,0x44, 
	0x1d,0x06,0xec,0x04, 
	0x1d,0x07,0xdc,0xc4, 
	0x1d,0x08,0xdc,0x84, 
	0x1d,0x09,0xdc,0x44, 
	0x1d,0x0a,0xdc,0x04, 
	0x1d,0x0b,0xcc,0xc4, 
	0x1d,0x0c,0xcc,0x84, 
	0x1d,0x0d,0xcc,0x44, 
	0x1d,0x0e,0xcc,0x04, 
	0x1d,0x0f,0x10,0x30, 
	0x14,0x8c,0x43,0xf0, 
	0x41,0x00,0x30,0x11, 
	0xc0,0x22,0xc5,0x60, 
	0x42,0xa0,0x60,0x50, 
	0x31,0xc0,0x47,0xb3, 
	0x16,0x40,0x55,0xc0, 
	0x32,0x25,0x1c,0x42, 
	0x25,0x1d,0x39,0x45, 
	0x49,0x55,0x32,0x25, 
	0x1e,0x42,0x25,0x1f, 
	0x39,0x65,0x49,0x75, 
	0x30,0xc2,0x09,0x40, 
	0xd2,0x09,0x30,0xc1, 
	0x49,0x40,0xd1,0x49, 
	0x30,0xe2,0x09,0x40, 
	0xf2,0x09,0x30,0xe1, 
	0x49,0x40,0xf1,0x49, 
	0x28,0x45,0x38,0x55, 
	0x48,0x65,0x58,0x75, 
	0x00,0x30,0x00,0x00, 
	0x30,0xb1,0x03,0x28, 
	0x41,0x3b,0x33,0x30, 
	0xb1,0x13,0x32,0x21, 
	0x05,0x56,0x62,0x04, 
	0x32,0x61,0x11,0x42, 
	0x61,0x12,0x52,0x61, 
	0x13,0x31,0x00,0x63, 
	0x20,0xe6,0x03,0x30, 
	0xe6,0x13,0x30,0xb1, 
	0x03,0x12,0xc1,0x60, 
	0x10,0x20,0x00,0x42, 
	0xa0,0x00,0x36,0x81, 
	0x00,0xf5,0x01,0x00, 
	0xe1,0xfb,0x62,0xea, 
	0x0c,0x1d,0xf0,0x20, 
	0xe6,0x13,0x0c,0x02, 
	0x48,0xa5,0x10,0x20, 
	0x00,0x30,0xb1,0x13, 
	0x38,0x95,0x58,0xb5, 
	0x00,0x30,0x00,0x00, 
	0x36,0x61,0x00,0xfd, 
	0x0f,0x1d,0xf0,0x7c, 
	0xf2,0x12,0xc1,0x60, 
	0x00,0x30,0x00,0x00, 
	0x59,0x71,0x21,0xee, 
	0x62,0x30,0xb1,0x03, 
	0x20,0xe6,0x61,0x39, 
	0x01,0x29,0x11,0x22, 
	0x21,0x13,0x12,0xc1, 
	0x60,0x10,0x20,0x00, 
	0x41,0x40,0x62,0x30, 
	0x34,0x20,0x30,0x44, 
	0x90,0x36,0xc1,0x00, 
	0xf0,0x61,0x00,0xe1, 
	0xe7,0x62,0xf0,0xe2, 
	0x03,0xc0,0xe4,0x03, 
	0xd8,0x1e,0xc0,0xff, 
	0x10,0xc0,0x03,0x03, 
	0xd9,0x31,0x16,0x2f, 
	0x06,0xc9,0x21,0x22, 
	0x61,0x08,0x22,0xaf, 
	0xff,0xc0,0xff,0x40, 
	0xf1,0xf3,0x61,0x00, 
	0x0c,0x40,0xf0,0xf0, 
	0x91,0xf0,0x22,0x30, 
	0xd1,0xdd,0x62,0xf0, 
	0xe3,0x13,0xd0,0xcc, 
	0xb0,0xd2,0x2c,0x2c, 
	0xf0,0x66,0x00,0xf8, 
	0x0e,0xd9,0x1e,0xd0, 
	0xff,0x10,0xf0,0xe4, 
	0x13,0x10,0x20,0x00, 
	0xf0,0x60,0x00,0xd8, 
	0x0c,0xfd,0x01,0xe8, 
	0x1c,0xf0,0x0d,0x00, 
	0xe1,0xd2,0x62,0xf0, 
	0xe2,0x03,0xd0,0x66, 
	0x00,0xd8,0x0e,0xc8, 
	0x31,0xc0,0xdd,0x10, 
	0xd0,0xff,0x10,0x56, 
	0xef,0x01,0x28,0x81, 
	0xc2,0x6e,0x01,0xc2, 
	0x21,0x02,0xd0,0xe4, 
	0x13,0xd0,0x63,0x00, 
	0x01,0xcb,0x62,0xd1, 
	0x1d,0x62,0xc0,0x03, 
	0x13,0xd0,0x00,0x20, 
	0x00,0x0d,0x90,0x1d, 
	0xf0,0xd0,0xff,0x40, 
	0xc1,0xc5,0x62,0xc0, 
	0xcd,0xb0,0xe2,0x2c, 
	0x2d,0x20,0xff,0x10, 
	0xe0,0xff,0x10,0xe1, 
	0xc0,0x62,0x56,0xbf, 
	0xf7,0xf1,0xd2,0x61, 
	0x00,0x0d,0x40,0xf0, 
	0xd0,0x91,0xf2,0x2c, 
	0x2d,0xd0,0xe3,0x13, 
	0xf0,0x22,0x20,0xd0, 
	0x22,0x30,0xc6,0xde, 
	0xff,0x00,0x00,0x00, 
	0x36,0x41,0x00,0x1c, 
	0x55,0x27,0x35,0x3b, 
	0x81,0xb9,0x62,0x8a, 
	0x82,0x82,0x08,0x00, 
	0x71,0xb8,0x62,0xf6, 
	0x78,0x31,0xd0,0x82, 
	0x11,0x80,0x77,0xc0, 
	0x81,0xb6,0x62,0x62, 
	0x27,0x2a,0x8c,0xe3, 
	0x32,0x67,0x2a,0x42, 
	0x67,0x2b,0x80,0x96, 
	0xc0,0x0c,0x02,0x90, 
	0x26,0x93,0x1d,0xf0, 
	0x82,0x67,0x2a,0x22, 
	0x67,0x2b,0x80,0xa6, 
	0xc0,0x0c,0x02,0xa0, 
	0x26,0x93,0x1d,0xf0, 
	0x0c,0x02,0x1d,0xf0, 
	0x0c,0x02,0x1d,0xf0, 
	0x36,0x41,0x00,0xad, 
	0x02,0xbd,0x03,0xcd, 
	0x02,0xa5,0xfa,0xff, 
	0x2d,0x0a,0x1d,0xf0, 
	0x36,0x21,0x00,0x41, 
	0xa0,0x62,0x70,0x66, 
	0x00,0x38,0x04,0x68, 
	0x14,0x20,0x53,0x20, 
	0x59,0x04,0x60,0x55, 
	0x10,0x50,0xe4,0x13, 
	0x70,0xe6,0x13,0x10, 
	0x20,0x00,0x2d,0x03, 
	0x1d,0xf0,0x00,0x00, 
	0x20,0xd2,0x61,0x12, 
	0xc1,0xa0,0x29,0x41, 
	0x21,0x94,0x62,0x49, 
	0x61,0x59,0x71,0x20, 
	0xe6,0x13,0x10,0x20, 
	0x00,0x22,0x21,0x13, 
	0x12,0xc1,0x60,0x40, 
	0xb2,0x03,0x51,0xe5, 
	0x61,0x40,0x45,0x20, 
	0x40,0x45,0x90,0x36, 
	0xc1,0x00,0xf0,0x62, 
	0x00,0xe0,0x03,0x03, 
	0xc2,0xa1,0x00,0xe9, 
	0x21,0xc0,0xe3,0x13, 
	0xc1,0x90,0x62,0xd8, 
	0x0c,0xe8,0x1c,0xfd, 
	0x01,0xf0,0x0d,0x00, 
	0xe8,0x21,0x01,0x8d, 
	0x62,0xd1,0xda,0x61, 
	0xe0,0x03,0x13,0xd0, 
	0x00,0x20,0x00,0x0d, 
	0x90,0xe0,0x63,0x00, 
	0x1d,0xf0,0x22,0x65, 
	0x13,0x28,0x45,0x48, 
	0x65,0x58,0x75,0x10, 
	0x32,0x00,0x00,0x00, 
	0x20,0xd3,0x61,0x12, 
	0xc1,0xa0,0x29,0x41, 
	0x21,0x7a,0x62,0x49, 
	0x61,0x59,0x71,0x20, 
	0xe6,0x13,0x10,0x20, 
	0x00,0x22,0x21,0x13, 
	0x12,0xc1,0x60,0x40, 
	0xb3,0x03,0x51,0xcb, 
	0x61,0x40,0x45,0x20, 
	0x40,0x45,0x90,0x36, 
	0xc1,0x00,0xf0,0x63, 
	0x00,0xf0,0xe2,0x03, 
	0xc0,0xe4,0x03,0xd1, 
	0x79,0x62,0xc0,0xff, 
	0x10,0xd0,0xff,0x10, 
	0xe0,0x03,0x03,0x16, 
	0xdf,0x03,0xe9,0x21, 
	0xf0,0xc0,0x60,0xf0, 
	0xcc,0x10,0xc0,0xe3, 
	0x13,0xd1,0x6e,0x62, 
	0x1c,0xfe,0xc0,0xfc, 
	0x40,0xc0,0xfe,0xc0, 
	0xf0,0xf0,0x60,0xf2, 
	0xcf,0x15,0xd0,0xcf, 
	0xb0,0xd8,0x0c,0xe2, 
	0x2c,0x01,0x10,0xf1, 
	0x20,0xf0,0x0d,0x00, 
	0xf0,0xe2,0x03,0xc0, 
	0xe4,0x03,0xd1,0x69, 
	0x62,0xc0,0xff,0x10, 
	0xd0,0xff,0x10,0x56, 
	0x5f,0xfc,0xe8,0x21, 
	0x01,0x67,0x62,0xd1, 
	0xb2,0x61,0xe0,0x03, 
	0x13,0xd0,0x00,0x20, 
	0x00,0x0d,0x90,0x1d, 
	0xf0,0x22,0x65,0x13, 
	0x28,0x45,0x48,0x65, 
	0x58,0x75,0x10,0x33, 
	0x00,0x00,0x00,0x00, 
	0x21,0x60,0x62,0x09, 
	0x82,0x01,0x5f,0x62, 
	0x19,0x92,0x08,0x00, 
	0x39,0xb2,0x00,0xd4, 
	0x61,0x49,0xc2,0x09, 
	0xa2,0x30,0xb1,0x03, 
	0x40,0xe8,0x03,0x39, 
	0x32,0x49,0x42,0x30, 
	0xee,0x03,0x39,0x52, 
	0x40,0xd1,0x03,0x49, 
	0x62,0x1c,0x80,0x59, 
	0xd2,0x69,0xe2,0x79, 
	0xf2,0x82,0x62,0x10, 
	0x92,0x62,0x11,0xa2, 
	0x62,0x12,0xb2,0x62, 
	0x13,0xc2,0x62,0x14, 
	0xd2,0x62,0x15,0xe2, 
	0x62,0x16,0xf2,0x62, 
	0x17,0x82,0xc0,0xf8, 
	0xa2,0xc2,0x20,0x20, 
	0x80,0x40,0x56,0xb0, 
	0xfd,0x20,0x80,0x40, 
	0x30,0x49,0x03,0x40, 
	0x48,0x03,0x39,0x12, 
	0x49,0x22,0x0c,0x13, 
	0x0c,0x04,0x30,0x49, 
	0x13,0x40,0x48,0x13, 
	0x10,0x20,0x00,0x11, 
	0x44,0x62,0x02,0xa0, 
	0x00,0x21,0x44,0x62, 
	0x20,0xe6,0x13,0x10, 
	0x20,0x00,0xe0,0x03, 
	0x03,0xe2,0x61,0x00, 
	0xd1,0x87,0x61,0xc1, 
	0x38,0x62,0xd0,0xe3, 
	0x13,0xd2,0x2c,0x12, 
	0x62,0x2c,0x13,0xd0, 
	0x0d,0x00,0xf8,0x01, 
	0xf0,0x03,0x13,0x3c, 
	0x42,0x20,0xe6,0x13, 
	0x10,0x20,0x00,0x28, 
	0x11,0x38,0x21,0x20, 
	0x49,0x13,0x30,0x48, 
	0x13,0x10,0x20,0x00, 
	0x11,0x34,0x62,0x1c, 
	0x86,0x72,0xc1,0xe0, 
	0xe2,0xc6,0xf8,0xf2, 
	0xc7,0x20,0x48,0xcf, 
	0x58,0xdf,0x68,0xef, 
	0x78,0xff,0x82,0x2f, 
	0x10,0x92,0x2f,0x11, 
	0xa2,0x2f,0x12,0xb2, 
	0x2f,0x13,0x20,0x80, 
	0x40,0x56,0xf6,0xfd, 
	0x42,0x27,0x14,0x52, 
	0x27,0x15,0x62,0x27, 
	0x16,0x72,0x27,0x17, 
	0x20,0x80,0x40,0x28, 
	0x31,0x38,0x41,0x20, 
	0xb1,0x13,0x30,0xe8, 
	0x13,0x28,0x51,0x20, 
	0xee,0x13,0x38,0x61, 
	0x30,0xd1,0x13,0x08, 
	0x81,0x28,0xa1,0x38, 
	0xb1,0x18,0x91,0x10, 
	0x34,0x00,0x00,0x00, 
	0x21,0x21,0x62,0x09, 
	0x82,0x01,0x20,0x62, 
	0x19,0x92,0x08,0x00, 
	0x39,0xb2,0x00,0xd5, 
	0x61,0x49,0xc2,0x09, 
	0xa2,0x30,0xb1,0x03, 
	0x40,0xe8,0x03,0x39, 
	0x32,0x49,0x42,0x30, 
	0xee,0x03,0x39,0x52, 
	0x40,0xd1,0x03,0x49, 
	0x62,0x1c,0x80,0x59, 
	0xd2,0x69,0xe2,0x79, 
	0xf2,0x82,0x62,0x10, 
	0x92,0x62,0x11,0xa2, 
	0x62,0x12,0xb2,0x62, 
	0x13,0xc2,0x62,0x14, 
	0xd2,0x62,0x15,0xe2, 
	0x62,0x16,0xf2,0x62, 
	0x17,0x82,0xc0,0xf8, 
	0xa2,0xc2,0x20,0x20, 
	0x80,0x40,0x56,0xb0, 
	0xfd,0x20,0x80,0x40, 
	0x30,0x49,0x03,0x40, 
	0x48,0x03,0x39,0x12, 
	0x49,0x22,0x0c,0x13, 
	0x0c,0x04,0x30,0x49, 
	0x13,0x40,0x48,0x13, 
	0x10,0x20,0x00,0x11, 
	0x05,0x62,0x02,0xa0, 
	0x00,0x21,0x05,0x62, 
	0x20,0xe6,0x13,0x10, 
	0x20,0x00,0xe0,0x03, 
	0x03,0xe2,0x61,0x00, 
	0xd1,0x82,0x61,0xc1, 
	0xf6,0x61,0xd0,0xe3, 
	0x13,0xd2,0x2c,0x10, 
	0x62,0x2c,0x11,0xd0, 
	0x0d,0x00,0xf8,0x01, 
	0xf0,0x03,0x13,0x3c, 
	0x52,0x20,0xe6,0x13, 
	0x10,0x20,0x00,0x28, 
	0x11,0x38,0x21,0x20, 
	0x49,0x13,0x30,0x48, 
	0x13,0x10,0x20,0x00, 
	0x11,0xf5,0x61,0x1c, 
	0x86,0x72,0xc1,0xe0, 
	0xe2,0xc6,0xf8,0xf2, 
	0xc7,0x20,0x48,0xcf, 
	0x58,0xdf,0x68,0xef, 
	0x78,0xff,0x82,0x2f, 
	0x10,0x92,0x2f,0x11, 
	0xa2,0x2f,0x12,0xb2, 
	0x2f,0x13,0x20,0x80, 
	0x40,0x56,0xf6,0xfd, 
	0x42,0x27,0x14,0x52, 
	0x27,0x15,0x62,0x27, 
	0x16,0x72,0x27,0x17, 
	0x20,0x80,0x40,0x28, 
	0x31,0x38,0x41,0x20, 
	0xb1,0x13,0x30,0xe8, 
	0x13,0x28,0x51,0x20, 
	0xee,0x13,0x38,0x61, 
	0x30,0xd1,0x13,0x08, 
	0x81,0x28,0xa1,0x38, 
	0xb1,0x18,0x91,0x10, 
	0x35,0x00,0x00,0x00, 
	0x36,0x61,0x00,0x31, 
	0xe1,0x61,0x39,0x01, 
	0x28,0x01,0x28,0x02, 
	0x26,0x02,0x14,0x88, 
	0x01,0x88,0x08,0xe0, 
	0x08,0x00,0xa8,0x01, 
	0xa2,0xca,0xfc,0xa9, 
	0x01,0x98,0x01,0x98, 
	0x09,0x66,0x09,0xea, 
	0x1d,0xf0,0x00,0x00, 
	0x36,0x41,0x00,0x1d, 
	0xf0,0x00,0x00,0x00, 
	0x36,0x41,0x00,0xa5, 
	0x8d,0xf8,0x25,0x93, 
	0xf8,0x46,0xfe,0xff, 
	0x36,0x21,0x00,0xbc, 
	0xa2,0x0c,0x07,0x06, 
	0x03,0x00,0x00,0x00, 
	0x36,0x21,0x00,0xac, 
	0xe2,0x20,0x7f,0x05, 
	0x20,0x21,0x60,0x40, 
	0xf2,0x40,0x00,0x14, 
	0x40,0x00,0x52,0xa1, 
	0x50,0x28,0x41,0x80, 
	0x65,0x01,0x52,0xa0, 
	0x9d,0x40,0x55,0xc0, 
	0x90,0x55,0x01,0x5a, 
	0x22,0x10,0x77,0x01, 
	0x70,0x22,0x20,0xd6, 
	0x66,0x00,0x1b,0x22, 
	0xf0,0x66,0x11,0x8c, 
	0x16,0x1d,0xf0,0x00, 
	0x20,0x21,0x41,0xf0, 
	0x22,0x11,0x1d,0xf0, 
	0x36,0x21,0x00,0xbc, 
	0x22,0x0c,0x07,0x06, 
	0x03,0x00,0x00,0x00, 
	0x36,0x21,0x00,0xac, 
	0x62,0x20,0x7f,0x05, 
	0x20,0x21,0x60,0x40, 
	0xf2,0x40,0x00,0x14, 
	0x40,0x00,0x52,0xa1, 
	0x50,0x3b,0x41,0xb0, 
	0x25,0x01,0x52,0xa4, 
	0x1d,0x40,0x55,0xc0, 
	0xc0,0x55,0x01,0x5a, 
	0x33,0x10,0x77,0x01, 
	0x70,0x33,0x20,0x1d, 
	0xf0,0x0c,0x03,0x1d, 
	0xf0,0x00,0x00,0x00, 
	0x00,0x8c,0xd4,0x4a, 
	0x73,0x62,0x03,0x00, 
	0x1b,0x33,0x62,0x45, 
	0x00,0x1b,0x55,0x77, 
	0x23,0xf2,0x1d,0xf0, 
	0xb6,0x74,0xe9,0x62, 
	0x03,0x00,0x1b,0x33, 
	0x42,0xc4,0xff,0x62, 
	0x45,0x00,0x52,0xc5, 
	0x01,0x17,0x65,0x27, 
	0xb6,0x64,0xd5,0x62, 
	0x03,0x00,0x72,0x03, 
	0x01,0x2b,0x33,0x42, 
	0xc4,0xfe,0x62,0x45, 
	0x00,0x72,0x45,0x01, 
	0x2b,0x55,0x86,0x03, 
	0x00,0x00,0x00,0x00, 
	0x36,0x21,0x00,0x20, 
	0x52,0x20,0x07,0xe2, 
	0xc6,0x17,0xe2,0xd7, 
	0x40,0x74,0x41,0x82, 
	0xa0,0x03,0x87,0x83, 
	0x66,0x16,0x07,0x02, 
	0xc0,0x87,0x11,0x3a, 
	0x88,0x68,0x03,0x78, 
	0x13,0x69,0x05,0x68, 
	0x23,0x79,0x15,0x72, 
	0x23,0x03,0x62,0x65, 
	0x02,0x32,0xc3,0x10, 
	0x72,0x65,0x03,0x52, 
	0xc5,0x10,0x87,0x23, 
	0xe3,0x37,0x64,0x0b, 
	0x68,0x03,0x78,0x13, 
	0x8b,0x33,0x69,0x05, 
	0x79,0x15,0x8b,0x55, 
	0x27,0xe4,0x08,0x17, 
	0xe4,0x15,0x07,0xe4, 
	0x22,0x1d,0xf0,0x00, 
	0x68,0x03,0x4b,0x33, 
	0x69,0x05,0x4b,0x55, 
	0x17,0xe4,0x04,0x07, 
	0xe4,0x11,0x1d,0xf0, 
	0x62,0x13,0x00,0x2b, 
	0x33,0x62,0x55,0x00, 
	0x2b,0x55,0x07,0xe4, 
	0x02,0x1d,0xf0,0x00, 
	0x62,0x03,0x00,0x62, 
	0x45,0x00,0x1d,0xf0, 
	0x16,0xa4,0xff,0x00, 
	0x23,0x40,0x80,0xb3, 
	0x10,0xb0,0x33,0xc0, 
	0x68,0x03,0xac,0xa7, 
	0xc0,0xa7,0x11,0x30, 
	0xaa,0x80,0x78,0x13, 
	0x88,0x23,0x60,0x67, 
	0x81,0x69,0x05,0x98, 
	0x33,0x70,0x78,0x81, 
	0x79,0x15,0x68,0x43, 
	0x80,0x89,0x81,0x89, 
	0x25,0x32,0xc3,0x10, 
	0x90,0x96,0x81,0x92, 
	0x65,0x03,0x52,0xc5, 
	0x10,0xa7,0x23,0xd9, 
	0x37,0x64,0x14,0x78, 
	0x13,0x88,0x23,0x60, 
	0x67,0x81,0x69,0x05, 
	0x8b,0x33,0x70,0x78, 
	0x81,0x79,0x15,0x8b, 
	0x55,0x80,0x68,0x20, 
	0x27,0x64,0x0c,0x78, 
	0x13,0x4b,0x33,0x60, 
	0x67,0x81,0x69,0x05, 
	0x4b,0x55,0x6d,0x07, 
	0xba,0x33,0x17,0xe4, 
	0x06,0x07,0xe4,0x18, 
	0x1d,0xf0,0x00,0x00, 
	0x62,0x03,0x00,0x72, 
	0x03,0x01,0x2b,0x33, 
	0x62,0x45,0x00,0x72, 
	0x45,0x01,0x2b,0x55, 
	0x07,0xe4,0x01,0x1d, 
	0xf0,0x62,0x03,0x00, 
	0x62,0x45,0x00,0x1d, 
	0xf0,0x00,0x00,0x00, 
	0x36,0x21,0x00,0xd0, 
	0x20,0x00,0x00,0x40, 
	0x00,0x46,0xfe,0xff, 
	0x36,0x21,0x00,0xf0, 
	0x41,0x00,0x1d,0xf0, 
	0x28,0x41,0x38,0x51, 
	0x12,0xc1,0x60,0x10, 
	0x41,0x00,0x00,0x30, 
	0x00,0x00,0x00,0x00, 
	0x22,0x65,0x13,0x28, 
	0x15,0x38,0x05,0x20, 
	0xe6,0x13,0x28,0x45, 
	0x48,0x65,0x10,0x20, 
	0x00,0x30,0xb1,0x13, 
	0x38,0x55,0x58,0x75, 
	0x00,0x30,0x00,0x00, 
	0x36,0x21,0x00,0x20, 
	0xea,0x03,0x1d,0xf0, 
	0x36,0x21,0x00,0xcc, 
	0x52,0x30,0xf0,0x13, 
	0xc6,0x03,0x00,0x00, 
	0xf6,0x22,0x05,0x30, 
	0xf1,0x13,0x46,0x01, 
	0x00,0xf6,0x32,0x05, 
	0x30,0xf2,0x13,0x00, 
	0x20,0x00,0x1d,0xf0, 
	0x36,0x21,0x00,0xcc, 
	0x52,0x20,0xf0,0x03, 
	0x1d,0xf0,0x00,0x00, 
	0xf6,0x22,0x04,0x20, 
	0xf1,0x03,0x1d,0xf0, 
	0xf6,0x32,0x04,0x20, 
	0xf2,0x03,0x1d,0xf0, 
	0x0c,0x02,0x1d,0xf0, 
	0x36,0x21,0x00,0x20, 
	0xe3,0x13,0x1d,0xf0, 
	0x36,0x81,0x00,0xe5, 
	0x60,0xf8,0x1d,0xf0, 
	0x00,0x00,0x00,0x00, 
	0x00,0x00,0x00,0x00, 
	0x00,0x00,0x00,0x00, 
	0x00,0x00,0x00,0x00, 
	0x00,0x00,0x00,0x00, 
	0x00,0x00,0x00,0x00, 
	0x00,0x00,0x00,0x00, 
	0x00,0x00,0x00,0x00, 
	0x00,0x00,0x00,0x00, 
	0x00,0x00,0x00,0x00, 
	0x00,0x00,0x00,0x00, 
	0x00,0x00,0x00,0x00, 
	0x00,0x00,0x00,0x00, 
	0x00,0x00,0x00,0x00, 
	0x00,0x00,0x00,0x00, 
	0x00,0x00,0x00,0x00, 
	0x00,0x00,0x00,0x00, 
	0x00,0x00,0x00,0x00, 
	0x00,0x00,0x00,0x00, 
	0x00,0x00,0x00,0x00, 
	0x00,0x00,0x00,0x00, 
	0x00,0x00,0x00,0x00, 
	0x00,0x00,0x00,0x00, 
	0x00,0x00,0x00,0x00, 
	0x00,0x00,0x00,0x00, 
	0x00,0x00,0x00,0x00, 
	0x00,0x00,0x00,0x00, 
	0x00,0x00,0x00,0x00, 
	0x00,0x00,0x00,0x00, 
	0x00,0x00,0x00,0x00, 
	0x00,0x00,0x00,0x00, 
	0x00,0x00,0x00,0x00, 
	0x00,0x00,0x00,0x00, 
	0x00,0x00,0x00,0x00, 
	0x00,0x00,0x00,0x00, 
	0x00,0x00,0x00,0x00, 
	0x00,0x00,0x00,0x00, 
	0x00,0x00,0x00,0x00, 
	0x00,0x00,0x00,0x00, 
	0x00,0x00,0x00,0x00, 
	0x00,0x00,0x00,0x00, 
	0x00,0x00,0x00,0x00, 
	0x00,0x00,0x00,0x00, 
	0x00,0x00,0x00,0x00, 
	0x00,0x00,0x00,0x00, 
	0x00,0x00,0x00,0x00, 
	0x00,0x00,0x00,0x00, 
	0x00,0x00,0x00,0x00, 
	0x00,0x00,0x00,0x00, 
	0x00,0x00,0x00,0x00, 
	0x00,0x00,0x00,0x00, 
	0x00,0x00,0x00,0x00, 
	0x00,0x00,0x00,0x00, 
	0x00,0x00,0x00,0x00, 
	0x00,0x00,0x00,0x00, 
	0x00,0x00,0x00,0x00, 
	0x00,0x00,0x00,0x00, 
	0x00,0x00,0x00,0x00, 
	0x00,0x00,0x00,0x00, 
	0x00,0x00,0x00,0x00, 
	0x00,0x00,0x00,0x00, 
	0x00,0x00,0x00,0x00, 
	0x00,0x00,0x00,0x00, 
	0x00,0x00,0x00,0x00, 
	0x00,0x00,0x00,0x00, 
	0x00,0x00,0x00,0x00, 
	0x00,0x00,0x00,0x00, 
	0x00,0x00,0x00,0x00, 
	0x00,0x00,0x00,0x00, 
	0x00,0x00,0x00,0x00, 
	0x00,0x00,0x00,0x00, 
	0x00,0x00,0x00,0x00, 
	0x00,0x00,0x00,0x00, 
	0x00,0x00,0x00,0x00, 
	0x00,0x00,0x00,0x00, 
	0x00,0x00,0x00,0x00, 
	0x00,0x00,0x00,0x00, 
	0x00,0x00,0x00,0x00, 
	0x00,0x00,0x00,0x00, 
	0x00,0x00,0x00,0x00, 
	0x00,0x00,0x00,0x00, 
	0x00,0x00,0x00,0x00, 
	0x00,0x00,0x00,0x00, 
	0x00,0x00,0x00,0x00, 
	0x00,0x00,0x00,0x00, 
	0x00,0x00,0x00,0x00, 
	0x00,0x00,0x00,0x00, 
	0x00,0x00,0x00,0x00, 
	0x00,0x00,0x00,0x00, 
	0x00,0x00,0x00,0x00, 
	0x00,0x00,0x00,0x00, 
	0x00,0x00,0x00,0x00, 
	0x00,0x00,0x00,0x00, 
	0x00,0x00,0x00,0x00, 
	0x00,0x00,0x00,0x00, 
	0x00,0x00,0x00,0x00, 
	0x00,0x00,0x00,0x00, 
	0x00,0x00,0x00,0x00, 
	0x00,0x00,0x00,0x00, 
	0x00,0x00,0x00,0x00, 
	0x00,0x00,0x00,0x00, 
	0x00,0x00,0x00,0x00, 
	0x00,0x00,0x00,0x00, 
	0x00,0x00,0x00,0x00, 
	0x00,0x00,0x00,0x00, 
	0x00,0x00,0x00,0x00, 
	0x00,0x00,0x00,0x00, 
	0x00,0x00,0x00,0x00, 
	0x00,0x00,0x00,0x00, 
	0x00,0x00,0x00,0x00, 
	0x00,0x00,0x00,0x00, 
	0x00,0x00,0x00,0x00, 
	0x00,0x00,0x00,0x00, 
	0x00,0x00,0x00,0x00, 
	0x00,0x00,0x00,0x00, 
	0x00,0x00,0x00,0x00, 
	0x00,0x00,0x00,0x00, 
	0x00,0x00,0x00,0x00, 
	0x00,0x00,0x00,0x00, 
	0x00,0x00,0x00,0x00, 
	0x00,0x00,0x00,0x00, 
	0x00,0x00,0x00,0x00, 
	0x00,0x00,0x00,0x00, 
	0x00,0x00,0x00,0x00, 
	0x00,0x00,0x00,0x00, 
	0x00,0x00,0x00,0x00, 
	0x00,0x00,0x00,0x00, 
	0x00,0x00,0x00,0x00, 
	0x00,0x00,0x00,0x00, 
	0x00,0x00,0x00,0x00, 
	0x00,0x00,0x00,0x00, 
	0x00,0x00,0x00,0x00, 
	0x00,0x00,0x00,0x00, 
	0x00,0x00,0x00,0x00, 
	0x00,0x00,0x00,0x00, 
	0x00,0x00,0x00,0x00, 
	0x00,0x00,0x00,0x00, 
	0x00,0x00,0x00,0x00, 
	0x00,0x00,0x00,0x00, 
	0x00,0x00,0x00,0x00, 
	0x00,0x00,0x00,0x00, 
	0x00,0x00,0x00,0x00, 
	0x00,0x00,0x00,0x00, 
	0x00,0x00,0x00,0x00, 
	0x00,0x00,0x00,0x00, 
	0x00,0x00,0x00,0x00, 
	0x00,0x00,0x00,0x00, 
	0x00,0x00,0x00,0x00, 
	0x00,0x00,0x00,0x00, 
	0x00,0x00,0x00,0x00, 
	0x00,0x00,0x00,0x00, 
	0x00,0x00,0x00,0x00, 
	0x00,0x00,0x00,0x00, 
	0x00,0x00,0x00,0x00, 
	0x00,0x00,0x00,0x00, 
	0x00,0x00,0x00,0x00, 
	0x00,0x00,0x00,0x00, 
	0x00,0x00,0x00,0x00, 
	0x00,0x00,0x00,0x00, 
	0x00,0x00,0x00,0x00, 
	0x00,0x00,0x00,0x00, 
	0x00,0x00,0x00,0x00, 
	0x00,0x00,0x00,0x00, 
	0x00,0x00,0x00,0x00, 
	0x00,0x00,0x00,0x00, 
	0x00,0x00,0x00,0x00, 
	0x00,0x00,0x00,0x00, 
	0x00,0x00,0x00,0x00, 
	0x00,0x00,0x00,0x00, 
	0x00,0x00,0x00,0x00, 
	0x00,0x00,0x00,0x00, 
	0x00,0x00,0x00,0x00, 
	0x00,0x00,0x00,0x00, 
	0x00,0x00,0x00,0x00, 
	0x00,0x00,0x00,0x00, 
	0x00,0x00,0x00,0x00, 
	0x00,0x00,0x00,0x00, 
	0x00,0x00,0x00,0x00, 
	0x00,0x00,0x00,0x00, 
	0x00,0x00,0x00,0x00, 
	0x00,0x00,0x00,0x00, 
	0x00,0x00,0x00,0x00, 
	0x00,0x00,0x00,0x00, 
	0x00,0x00,0x00,0x00, 
	0x00,0x00,0x00,0x00, 
	0x00,0x00,0x00,0x00, 
	0x00,0x00,0x00,0x00, 
	0x00,0x00,0x00,0x00, 
	0x00,0x00,0x00,0x00, 
	0x00,0x00,0x00,0x00, 
	0x00,0x00,0x00,0x00, 
	0x00,0x00,0x00,0x00, 
	0x00,0x00,0x00,0x00, 
	0x00,0x00,0x00,0x00, 
	0x00,0x00,0x00,0x00, 
	0x00,0x00,0x00,0x00, 
	0x00,0x00,0x00,0x00, 
	0x00,0x00,0x00,0x00, 
	0x00,0x00,0x00,0x00, 
	0x00,0x00,0x00,0x00, 
	0x00,0x00,0x00,0x00, 
	0x00,0x00,0x00,0x00, 
	0x00,0x00,0x00,0x00, 
	0x00,0x00,0x00,0x00, 
	0x00,0x00,0x00,0x00, 
	0x00,0x00,0x00,0x00, 
	0x00,0x00,0x00,0x00, 
	0x00,0x00,0x00,0x00, 
	0x00,0x00,0x00,0x00, 
	0x00,0x00,0x00,0x00, 
	0x00,0x00,0x00,0x00, 
	0x00,0x00,0x00,0x00, 
	0x00,0x00,0x00,0x00, 
	0x00,0x00,0x00,0x00, 
	0x00,0x00,0x00,0x00, 
	0x00,0x00,0x00,0x00, 
	0x00,0x00,0x00,0x00, 
	0x00,0x00,0x00,0x00, 
	0x00,0x00,0x00,0x00, 
	0x00,0x00,0x00,0x00, 
	0x00,0x00,0x00,0x00, 
	0x00,0x00,0x00,0x00, 
	0x00,0x00,0x00,0x00, 
	0x00,0x00,0x00,0x00, 
	0x00,0x00,0x00,0x00, 
	0x00,0x00,0x00,0x00, 
	0x00,0x00,0x00,0x00, 
	0x00,0x00,0x00,0x00, 
	0x00,0x00,0x00,0x00, 
	0x00,0x00,0x00,0x00, 
	0x00,0x00,0x00,0x00, 
	0x00,0x00,0x00,0x00, 
	0x00,0x00,0x00,0x00, 
	0x00,0x00,0x00,0x00, 
	0x00,0x00,0x00,0x00, 
	0x00,0x00,0x00,0x00, 
	0x00,0x00,0x00,0x00, 
	0x00,0x00,0x00,0x00, 
	0x00,0x00,0x00,0x00, 
	0x00,0x00,0x00,0x00, 
	0x00,0x00,0x00,0x00, 
	0x00,0x00,0x00,0x00, 
	0x00,0x00,0x00,0x00, 
	0x00,0x00,0x00,0x00, 
	0x00,0x00,0x00,0x00, 
	0x00,0x00,0x00,0x00, 
	0x00,0x00,0x00,0x00, 
	0x00,0x00,0x00,0x00, 
	0x00,0x00,0x00,0x00, 
	0x00,0x00,0x00,0x00, 
	0x00,0x00,0x00,0x00, 
	0x00,0x00,0x00,0x00, 
	0x00,0x00,0x00,0x00, 
	0x00,0x00,0x00,0x00, 
	0x00,0x00,0x00,0x00, 
	0x00,0x00,0x00,0x00, 
	0x00,0x00,0x00,0x00, 
	0x00,0x00,0x00,0x00, 
	0x00,0x00,0x00,0x00, 
	0x00,0x00,0x00,0x00, 
	0x00,0x00,0x00,0x00, 
	0x00,0x00,0x00,0x00, 
	0x00,0x00,0x00,0x00, 
	0x00,0x00,0x00,0x00, 
	0x00,0x00,0x00,0x00, 
	0x00,0x00,0x00,0x00, 
	0x00,0x00,0x00,0x00, 
	0x00,0x00,0x00,0x00, 
	0x00,0x00,0x00,0x00, 
	0x00,0x00,0x00,0x00, 
	0x00,0x00,0x00,0x00, 
	0x00,0x00,0x00,0x00, 
	0x00,0x00,0x00,0x00, 
	0x00,0x00,0x00,0x00, 
	0x00,0x00,0x00,0x00, 
	0x00,0x00,0x00,0x00, 
	0x00,0x00,0x00,0x00, 
	0x00,0x00,0x00,0x00, 
	0x00,0x00,0x00,0x00, 
	0x00,0x00,0x00,0x00, 
	0x00,0x00,0x00,0x00, 
	0x00,0x00,0x00,0x00, 
	0x00,0x00,0x00,0x00, 
	0x00,0x00,0x00,0x00, 
	0x00,0x00,0x00,0x00, 
	0x00,0x00,0x00,0x00, 
	0x00,0x00,0x00,0x00, 
	0x00,0x00,0x00,0x00, 
	0x00,0x00,0x00,0x00, 
	0x00,0x00,0x00,0x00, 
	0x00,0x00,0x00,0x00, 
	0x00,0x00,0x00,0x00, 
	0x00,0x00,0x00,0x00, 
	0x00,0x00,0x00,0x00, 
	0x00,0x00,0x00,0x00, 
	0x00,0x00,0x00,0x00, 
	0x00,0x00,0x00,0x00, 
	0x00,0x00,0x00,0x00, 
	0x00,0x00,0x00,0x00, 
	0x00,0x00,0x00,0x00, 
	0x00,0x00,0x00,0x00, 
	0x00,0x00,0x00,0x00, 
	0x00,0x00,0x00,0x00, 
	0x00,0x00,0x00,0x00, 
	0x00,0x00,0x00,0x00, 
	0x00,0x00,0x00,0x00, 
	0x00,0x00,0x00,0x00, 
	0x00,0x00,0x00,0x00, 
	0x00,0x00,0x00,0x00, 
	0x00,0x00,0x00,0x00, 
	0x00,0x00,0x00,0x00, 
	0x00,0x00,0x00,0x00, 
	0x00,0x00,0x00,0x00, 
	0x00,0x00,0x00,0x00, 
	0x00,0x00,0x00,0x00, 
	0x00,0x00,0x00,0x00, 
	0x00,0x00,0x00,0x00, 
	0x00,0x00,0x00,0x00, 
	0x00,0x00,0x00,0x00, 
	0x00,0x00,0x00,0x00, 
	0x00,0x00,0x00,0x00, 
	0x00,0x00,0x00,0x00, 
	0x00,0x00,0x00,0x00, 
	0x00,0x00,0x00,0x00, 
	0x00,0x00,0x00,0x00, 
	0x00,0x00,0x00,0x00, 
	0x00,0x00,0x00,0x00, 
	0x00,0x00,0x00,0x00, 
	0x00,0x00,0x00,0x00, 
	0x00,0x00,0x00,0x00, 
	0x00,0x00,0x00,0x00, 
	0x00,0x00,0x00,0x00, 
	0x00,0x00,0x00,0x00, 
	0x00,0x00,0x00,0x00, 
	0x00,0x00,0x00,0x00, 
	0x00,0x00,0x00,0x00, 
	0x00,0x00,0x00,0x00, 
	0x00,0x00,0x00,0x00, 
	0x00,0x00,0x00,0x00, 
	0x00,0x00,0x00,0x00, 
	0x00,0x00,0x00,0x00, 
	0x00,0x00,0x00,0x00, 
	0x00,0x00,0x00,0x00, 
	0x00,0x00,0x00,0x00, 
	0x00,0x00,0x00,0x00, 
	0x00,0x00,0x00,0x00, 
	0x00,0x00,0x00,0x00, 
	0x00,0x00,0x00,0x00, 
	0x00,0x00,0x00,0x00, 
	0x00,0x00,0x00,0x00, 
	0x00,0x00,0x00,0x00, 
	0x00,0x00,0x00,0x00, 
	0x00,0x00,0x00,0x00, 
	0x00,0x00,0x00,0x00, 
	0x00,0x00,0x00,0x00, 
	0x00,0x00,0x00,0x00, 
	0x00,0x00,0x00,0x00, 
	0x00,0x00,0x00,0x00, 
	0x00,0x00,0x00,0x00, 
	0x00,0x00,0x00,0x00, 
	0x00,0x00,0x00,0x00, 
	0x00,0x00,0x00,0x00, 
	0x00,0x00,0x00,0x00, 
	0x00,0x00,0x00,0x00, 
	0x00,0x00,0x00,0x00, 
	0x00,0x00,0x00,0x00, 
	0x00,0x00,0x00,0x00, 
	0x00,0x00,0x00,0x00, 
	0x00,0x00,0x00,0x00, 
	0x00,0x00,0x00,0x00, 
	0x00,0x00,0x00,0x00, 
	0x00,0x00,0x00,0x00, 
	0x00,0x00,0x00,0x00, 
	0x00,0x00,0x00,0x00, 
	0x00,0x00,0x00,0x00, 
	0x00,0x00,0x00,0x00, 
	0x00,0x00,0x00,0x00, 
	0x00,0x00,0x00,0x00, 
	0x00,0x00,0x00,0x00, 
	0x00,0x00,0x00,0x00, 
	0x00,0x00,0x00,0x00, 
	0x00,0x00,0x00,0x00, 
	0x00,0x00,0x00,0x00, 
	0x00,0x00,0x00,0x00, 
	0x00,0x00,0x00,0x00, 
	0x00,0x00,0x00,0x00, 
	0x00,0x00,0x00,0x00, 
	0x00,0x00,0x00,0x00, 
	0x00,0x00,0x00,0x00, 
	0x00,0x00,0x00,0x00, 
	0x00,0x00,0x00,0x00, 
	0x00,0x00,0x00,0x00, 
	0x00,0x00,0x00,0x00, 
	0x00,0x00,0x00,0x00, 
	0x00,0x00,0x00,0x00, 
	0x00,0x00,0x00,0x00, 
	0x00,0x00,0x00,0x00, 
	0x00,0x00,0x00,0x00, 
	0x00,0x00,0x00,0x00, 
	0x00,0x00,0x00,0x00, 
	0x00,0x00,0x00,0x00, 
	0x00,0x00,0x00,0x00, 
	0x00,0x00,0x00,0x00, 
	0x00,0x00,0x00,0x00, 
	0x00,0x00,0x00,0x00, 
	0x00,0x00,0x00,0x00, 
	0x00,0x00,0x00,0x00, 
	0x00,0x00,0x00,0x00, 
	0x00,0x00,0x00,0x00, 
	0x00,0x00,0x00,0x00, 
	0x00,0x00,0x00,0x00, 
	0x00,0x00,0x00,0x00, 
	0x00,0x00,0x00,0x00, 
	0x00,0x00,0x00,0x00, 
	0x00,0x00,0x00,0x00, 
	0x00,0x00,0x00,0x00, 
	0x00,0x00,0x00,0x00, 
	0x00,0x00,0x00,0x00, 
	0x00,0x00,0x00,0x00, 
	0x00,0x00,0x00,0x00, 
	0x00,0x00,0x00,0x00, 
	0x00,0x00,0x00,0x00, 
	0x00,0x00,0x00,0x00, 
	0x00,0x00,0x00,0x00, 
	0x00,0x00,0x00,0x00, 
	0x00,0x00,0x00,0x00, 
	0x00,0x00,0x00,0x00, 
	0x00,0x00,0x00,0x00, 
	0x00,0x00,0x00,0x00, 
	0x00,0x00,0x00,0x00, 
	0x00,0x00,0x00,0x00, 
	0x00,0x00,0x00,0x00, 
	0x00,0x00,0x00,0x00, 
	0x00,0x00,0x00,0x00, 
	0x00,0x00,0x00,0x00, 
	0x00,0x00,0x00,0x00, 
	0x00,0x00,0x00,0x00, 
	0x00,0x00,0x00,0x00, 
	0x00,0x00,0x00,0x00, 
	0x00,0x00,0x00,0x00, 
	0x00,0x00,0x00,0x00, 
	0x00,0x00,0x00,0x00, 
	0x00,0x00,0x00,0x00, 
	0x00,0x00,0x00,0x00, 
	0x00,0x00,0x00,0x00, 
	0x00,0x00,0x00,0x00, 
	0x00,0x00,0x00,0x00, 
	0x00,0x00,0x00,0x00, 
	0x00,0x00,0x00,0x00, 
	0x00,0x00,0x00,0x00, 
	0x00,0x00,0x00,0x00, 
	0x00,0x00,0x00,0x00, 
	0x00,0x00,0x00,0x00, 
	0x00,0x00,0x00,0x00, 
	0x00,0x00,0x00,0x00, 
	0x00,0x00,0x00,0x00, 
	0x00,0x00,0x00,0x00, 
	0x00,0x00,0x00,0x00, 
	0x00,0x00,0x00,0x00, 
	0x00,0x00,0x00,0x00, 
	0x00,0x00,0x00,0x00, 
	0x00,0x00,0x00,0x00, 
	0x00,0x00,0x00,0x00, 
	0x00,0x00,0x00,0x00, 
	0x00,0x00,0x00,0x00, 
	0x00,0x00,0x00,0x00, 
	0x00,0x00,0x00,0x00, 
	0x00,0x00,0x00,0x00, 
	0x00,0x00,0x00,0x00, 
	0x00,0x00,0x00,0x00, 
	0x00,0x00,0x00,0x00, 
	0x00,0x00,0x00,0x00, 
	0x00,0x00,0x00,0x00, 
	0x00,0x00,0x00,0x00, 
	0x00,0x00,0x00,0x00, 
	0x00,0x00,0x00,0x00, 
	0x00,0x00,0x00,0x00, 
	0x00,0x00,0x00,0x00, 
	0x00,0x00,0x00,0x00, 
	0x00,0x00,0x00,0x00, 
	0x00,0x00,0x00,0x00, 
	0x00,0x00,0x00,0x00, 
	0x00,0x00,0x00,0x00, 
	0x00,0x00,0x00,0x00, 
	0x00,0x00,0x00,0x00, 
	0x00,0x00,0x00,0x00, 
	0x00,0x00,0x00,0x00, 
	0x00,0x00,0x00,0x00, 
	0x00,0x00,0x00,0x00, 
	0x00,0x00,0x00,0x00, 
	0x00,0x00,0x00,0x00, 
	0x00,0x00,0x00,0x00, 
	0x00,0x00,0x00,0x00, 
	0x00,0x00,0x00,0x00, 
	0x00,0x00,0x00,0x00, 
	0x00,0x00,0x00,0x00, 
	0x00,0x00,0x00,0x00, 
	0x00,0x00,0x00,0x00, 
	0x00,0x00,0x00,0x00, 
	0x00,0x00,0x00,0x00, 
	0x00,0x00,0x00,0x00, 
	0x00,0x00,0x00,0x00, 
	0x00,0x00,0x00,0x00, 
	0x00,0x00,0x00,0x00, 
	0x00,0x00,0x00,0x00, 
	0x00,0x00,0x00,0x00, 
	0x00,0x00,0x00,0x00, 
	0x00,0x00,0x00,0x00, 
	0x00,0x00,0x00,0x00, 
	0x00,0x00,0x00,0x00, 
	0x00,0x00,0x00,0x00, 
	0x00,0x00,0x00,0x00, 
	0x00,0x00,0x00,0x00, 
	0x00,0x00,0x00,0x00, 
	0x00,0x00,0x00,0x00, 
	0x00,0x00,0x00,0x00, 
	0x00,0x00,0x00,0x00, 
	0x00,0x00,0x00,0x00, 
	0x00,0x00,0x00,0x00, 
	0x00,0x00,0x00,0x00, 
	0x00,0x00,0x00,0x00, 
	0x00,0x00,0x00,0x00, 
	0x00,0x00,0x00,0x00, 
	0x00,0x00,0x00,0x00, 
	0x00,0x00,0x00,0x00, 
	0x00,0x00,0x00,0x00, 
	0x00,0x00,0x00,0x00, 
	0x00,0x00,0x00,0x00, 
	0x00,0x00,0x00,0x00, 
	0x00,0x00,0x00,0x00, 
	0x00,0x00,0x00,0x00, 
	0x00,0x00,0x00,0x00, 
	0x00,0x00,0x00,0x00, 
	0x00,0x00,0x00,0x00, 
	0x00,0x00,0x00,0x00, 
	0x00,0x00,0x00,0x00, 
	0x00,0x00,0x00,0x00, 
	0x00,0x00,0x00,0x00, 
	0x00,0x00,0x00,0x00, 
	0x00,0x00,0x00,0x00, 
	0x00,0x00,0x00,0x00, 
	0x00,0x00,0x00,0x00, 
	0x00,0x00,0x00,0x00, 
	0x00,0x00,0x00,0x00, 
	0x00,0x00,0x00,0x00, 
	0x00,0x00,0x00,0x00, 
	0x00,0x00,0x00,0x00, 
	0x00,0x00,0x00,0x00, 
	0x00,0x00,0x00,0x00, 
	0x00,0x00,0x00,0x00, 
	0x00,0x00,0x00,0x00, 
	0x00,0x00,0x00,0x00, 
	0x00,0x00,0x00,0x00, 
	0x00,0x00,0x00,0x00, 
	0x00,0x00,0x00,0x00, 
	0x00,0x00,0x00,0x00, 
	0x00,0x00,0x00,0x00, 
	0x00,0x00,0x00,0x00, 
	0x00,0x00,0x00,0x00, 
	0x00,0x00,0x00,0x00, 
	0x00,0x00,0x00,0x00, 
	0x00,0x00,0x00,0x00, 
	0x00,0x00,0x00,0x00, 
	0x00,0x00,0x00,0x00, 
	0x00,0x00,0x00,0x00, 
	0x00,0x00,0x00,0x00, 
	0x00,0x00,0x00,0x00, 
	0x00,0x00,0x00,0x00, 
	0x00,0x00,0x00,0x00, 
	0x00,0x00,0x00,0x00, 
	0x00,0x00,0x00,0x00, 
	0x00,0x00,0x00,0x00, 
	0x00,0x00,0x00,0x00, 
	0x00,0x00,0x00,0x00, 
	0x00,0x00,0x00,0x00, 
	0x00,0x00,0x00,0x00, 
	0x00,0x00,0x00,0x00, 
	0x00,0x00,0x00,0x00, 
	0x00,0x00,0x00,0x00, 
	0x00,0x00,0x00,0x00, 
	0x00,0x00,0x00,0x00, 
	0x00,0x00,0x00,0x00, 
	0x00,0x00,0x00,0x00, 
	0x00,0x00,0x00,0x00, 
	0x00,0x00,0x00,0x00, 
	0x00,0x00,0x00,0x00, 
	0x00,0x00,0x00,0x00, 
	0x00,0x00,0x00,0x00, 
	0x00,0x00,0x00,0x00, 
	0x00,0x00,0x00,0x00, 
	0x00,0x00,0x00,0x00, 
	0x00,0x00,0x00,0x00, 
	0x00,0x00,0x00,0x00, 
	0x00,0x00,0x00,0x00, 
	0x00,0x00,0x00,0x00, 
	0x00,0x00,0x00,0x00, 
	0x00,0x00,0x00,0x00, 
	0x00,0x00,0x00,0x00, 
	0x00,0x00,0x00,0x00, 
	0x00,0x00,0x00,0x00, 
	0x00,0x00,0x00,0x00, 
	0x00,0x00,0x00,0x00, 
	0x00,0x00,0x00,0x00, 
	0x00,0x00,0x00,0x00, 
	0x00,0x00,0x00,0x00, 
	0x00,0x00,0x00,0x00, 
	0x00,0x00,0x00,0x00, 
	0x00,0x00,0x00,0x00, 
	0x00,0x00,0x00,0x00, 
	0x00,0x00,0x00,0x00, 
	0x00,0x00,0x00,0x00, 
	0x00,0x00,0x00,0x00, 
	0x00,0x00,0x00,0x00, 
	0x00,0x00,0x00,0x00, 
	0x00,0x00,0x00,0x00, 
	0x00,0x00,0x00,0x00, 
	0x00,0x00,0x00,0x00, 
	0x00,0x00,0x00,0x00, 
	0x00,0x00,0x00,0x00, 
	0x00,0x00,0x00,0x00, 
	0x00,0x00,0x00,0x00, 
	0x00,0x00,0x00,0x00, 
	0x00,0x00,0x00,0x00, 
	0x00,0x00,0x00,0x00, 
	0x00,0x00,0x00,0x00, 
	0x00,0x00,0x00,0x00, 
	0x00,0x00,0x00,0x00, 
	0x00,0x00,0x00,0x00, 
	0x00,0x00,0x00,0x00, 
	0x00,0x00,0x00,0x00, 
	0x00,0x00,0x00,0x00, 
	0x00,0x00,0x00,0x00, 
	0x00,0x00,0x00,0x00, 
	0x00,0x00,0x00,0x00, 
	0x00,0x00,0x00,0x00, 
	0x00,0x00,0x00,0x00, 
	0x00,0x00,0x00,0x00, 
	0x00,0x00,0x00,0x00, 
	0x00,0x00,0x00,0x00, 
	0x00,0x00,0x00,0x00, 
	0x00,0x00,0x00,0x00, 
	0x00,0x00,0x00,0x00, 
	0x00,0x00,0x00,0x00, 
	0x00,0x00,0x00,0x00, 
	0x00,0x00,0x00,0x00, 
	0x00,0x00,0x00,0x00, 
	0x00,0x00,0x00,0x00, 
	0x00,0x00,0x00,0x00, 
	0x00,0x00,0x00,0x00, 
	0x00,0x00,0x00,0x00, 
	0x00,0x00,0x00,0x00, 
	0x00,0x00,0x00,0x00, 
	0x00,0x00,0x00,0x00, 
	0x00,0x00,0x00,0x00, 
	0x00,0x00,0x00,0x00, 
	0x00,0x00,0x00,0x00, 
	0x00,0x00,0x00,0x00, 
	0x00,0x00,0x00,0x00, 
	0x00,0x00,0x00,0x00, 
	0x00,0x00,0x00,0x00, 
	0x00,0x00,0x00,0x00, 
	0x00,0x00,0x00,0x00, 
	0x00,0x00,0x00,0x00, 
	0x00,0x00,0x00,0x00, 
	0x00,0x00,0x00,0x00, 
	0x00,0x00,0x00,0x00, 
	0x00,0x00,0x00,0x00, 
	0x00,0x00,0x00,0x00, 
	0x00,0x00,0x00,0x00, 
	0x00,0x00,0x00,0x00, 
	0x00,0x00,0x00,0x00, 
	0x00,0x00,0x00,0x00, 
	0x00,0x00,0x00,0x00, 
	0x00,0x00,0x00,0x00, 
	0x00,0x00,0x00,0x00, 
	0x00,0x00,0x00,0x00, 
	0x00,0x00,0x00,0x00, 
	0x00,0x00,0x00,0x00, 
	0x00,0x00,0x00,0x00, 
	0x00,0x00,0x00,0x00, 
	0x00,0x00,0x00,0x00, 
	0x00,0x00,0x00,0x00, 
	0x00,0x00,0x00,0x00, 
	0x00,0x00,0x00,0x00, 
	0x00,0x00,0x00,0x00, 
	0x00,0x00,0x00,0x00, 
	0x00,0x00,0x00,0x00, 
	0x00,0x00,0x00,0x00, 
	0x00,0x00,0x00,0x00, 
	0x00,0x00,0x00,0x00, 
	0x00,0x00,0x00,0x00, 
	0x00,0x00,0x00,0x00, 
	0x00,0x00,0x00,0x00, 
	0x00,0x00,0x00,0x00, 
	0x00,0x00,0x00,0x00, 
	0x00,0x00,0x00,0x00, 
	0x00,0x00,0x00,0x00, 
	0x00,0x00,0x00,0x00, 
	0x00,0x00,0x00,0x00, 
	0x00,0x00,0x00,0x00, 
	0x00,0x00,0x00,0x00, 
	0x00,0x00,0x00,0x00, 
	0x00,0x00,0x00,0x00, 
	0x00,0x00,0x00,0x00, 
	0x00,0x00,0x00,0x00, 
	0x00,0x00,0x00,0x00, 
	0x00,0x00,0x00,0x00, 
	0x00,0x00,0x00,0x00, 
	0x00,0x00,0x00,0x00, 
	0x00,0x00,0x00,0x00, 
	0x00,0x00,0x00,0x00, 
	0x00,0x00,0x00,0x00, 
	0x00,0x00,0x00,0x00, 
	0x00,0x00,0x00,0x00, 
	0x00,0x00,0x00,0x00, 
	0x00,0x00,0x00,0x00, 
	0x00,0x00,0x00,0x00, 
	0x00,0x00,0x00,0x00, 
	0x00,0x00,0x00,0x00, 
	0x00,0x00,0x00,0x00, 
	0x00,0x00,0x00,0x00, 
	0x00,0x00,0x00,0x00, 
	0x00,0x00,0x00,0x00, 
	0x00,0x00,0x00,0x00, 
	0x00,0x00,0x00,0x00, 
	0x00,0x00,0x00,0x00, 
	0x00,0x00,0x00,0x00, 
	0x00,0x00,0x00,0x00, 
	0x00,0x00,0x00,0x00, 
	0x00,0x00,0x00,0x00, 
	0x00,0x00,0x00,0x00, 
	0x00,0x00,0x00,0x00, 
	0x00,0x00,0x00,0x00, 
	0x00,0x00,0x00,0x00, 
	0x00,0x00,0x00,0x00, 
	0x00,0x00,0x00,0x00, 
	0x00,0x00,0x00,0x00, 
	0x00,0x00,0x00,0x00, 
	0x00,0x00,0x00,0x00, 
	0x00,0x00,0x00,0x00, 
	0x00,0x00,0x00,0x00, 
	0x00,0x00,0x00,0x00, 
	0x00,0x00,0x00,0x00, 
	0x00,0x00,0x00,0x00, 
	0x00,0x00,0x00,0x00, 
	0x00,0x00,0x00,0x00, 
	0x00,0x00,0x00,0x00, 
	0x00,0x00,0x00,0x00, 
	0x00,0x00,0x00,0x00, 
	0x00,0x00,0x00,0x00, 
	0x00,0x00,0x00,0x00, 
	0x00,0x00,0x00,0x00, 
	0x00,0x00,0x00,0x00, 
	0x00,0x00,0x00,0x00, 
	0x00,0x00,0x00,0x00, 
	0x00,0x00,0x00,0x00, 
	0x00,0x00,0x00,0x00, 
	0x00,0x00,0x00,0x00, 
	0x00,0x00,0x00,0x00, 
	0x00,0x00,0x00,0x00, 
	0x00,0x00,0x00,0x00, 
	0x00,0x00,0x00,0x00, 
	0x00,0x00,0x00,0x00, 
	0x00,0x00,0x00,0x00, 
	0x00,0x00,0x00,0x00, 
	0x00,0x00,0x00,0x00, 
	0x00,0x00,0x00,0x00, 
	0x00,0x00,0x00,0x00, 
	0x00,0x00,0x00,0x00, 
	0x00,0x00,0x00,0x00, 
	0x00,0x00,0x00,0x00, 
	0x00,0x00,0x00,0x00, 
	0x00,0x00,0x00,0x00, 
	0x00,0x00,0x00,0x00, 
	0x00,0x00,0x00,0x00, 
	0x00,0x00,0x00,0x00, 
	0x00,0x00,0x00,0x00, 
	0x00,0x00,0x00,0x00, 
	0x00,0x00,0x00,0x00, 
	0x00,0x00,0x00,0x00, 
	0x00,0x00,0x00,0x00, 
	0x00,0x00,0x00,0x00, 
	0x00,0x00,0x00,0x00, 
	0x00,0x00,0x00,0x00, 
	0x00,0x00,0x00,0x00, 
	0x00,0x00,0x00,0x00, 
	0x00,0x00,0x00,0x00, 
	0x00,0x00,0x00,0x00, 
	0x00,0x00,0x00,0x00, 
	0x00,0x00,0x00,0x00, 
	0x00,0x00,0x00,0x00, 
	0x00,0x00,0x00,0x00, 
	0x00,0x00,0x00,0x00, 
	0x00,0x00,0x00,0x00, 
	0x00,0x00,0x00,0x00, 
	0x00,0x00,0x00,0x00, 
	0x00,0x00,0x00,0x00, 
	0x00,0x00,0x00,0x00, 
	0x00,0x00,0x00,0x00, 
	0x00,0x00,0x00,0x00, 
	0x00,0x00,0x00,0x00, 
	0x00,0x00,0x00,0x00, 
	0x00,0x00,0x00,0x00, 
	0x00,0x00,0x00,0x00, 
	0x00,0x00,0x00,0x00, 
	0x00,0x00,0x00,0x00, 
	0x00,0x00,0x00,0x00, 
	0x00,0x00,0x00,0x00, 
	0x00,0x00,0x00,0x00, 
	0x00,0x00,0x00,0x00, 
	0x00,0x00,0x00,0x00, 
	0x00,0x00,0x00,0x00, 
	0x00,0x00,0x00,0x00, 
	0x00,0x00,0x00,0x00, 
	0x00,0x00,0x00,0x00, 
	0x00,0x00,0x00,0x00, 
	0x00,0x00,0x00,0x00, 
	0x00,0x00,0x00,0x00, 
	0x00,0x00,0x00,0x00, 
	0x00,0x00,0x00,0x00, 
	0x00,0x00,0x00,0x00, 
	0x00,0x00,0x00,0x00, 
	0x00,0x00,0x00,0x00, 
	0x00,0x00,0x00,0x00, 
	0x00,0x00,0x00,0x00, 
	0x00,0x00,0x00,0x00, 
	0x00,0x00,0x00,0x00, 
	0x00,0x00,0x00,0x00, 
	0x00,0x00,0x00,0x00, 
	0x00,0x00,0x00,0x00, 
	0x00,0x00,0x00,0x00, 
	0x00,0x00,0x00,0x00, 
	0x00,0x00,0x00,0x00, 
	0x00,0x00,0x00,0x00, 
	0x00,0x00,0x00,0x00, 
	0x00,0x00,0x00,0x00, 
	0x00,0x00,0x00,0x00, 
	0x00,0x00,0x00,0x00, 
	0x00,0x00,0x00,0x00, 
	0x00,0x00,0x00,0x00, 
	0x00,0x00,0x00,0x00, 
	0x00,0x00,0x00,0x00, 
	0x00,0x00,0x00,0x00, 
	0x00,0x00,0x00,0x00, 
	0x00,0x00,0x00,0x00, 
	0x00,0x00,0x00,0x00, 
	0x00,0x00,0x00,0x00, 
	0x00,0x00,0x00,0x00, 
	0x00,0x00,0x00,0x00, 
	0x00,0x00,0x00,0x00, 
	0x00,0x00,0x00,0x00, 
	0x00,0x00,0x00,0x00, 
	0x00,0x00,0x00,0x00, 
	0x00,0x00,0x00,0x00, 
	0x00,0x00,0x00,0x00, 
	0x00,0x00,0x00,0x00, 
	0x00,0x00,0x00,0x00, 
	0x00,0x00,0x00,0x00, 
	0x00,0x00,0x00,0x00, 
	0x00,0x00,0x00,0x00, 
	0x00,0x00,0x00,0x00, 
	0x00,0x00,0x00,0x00, 
	0x00,0x00,0x00,0x00, 
	0x00,0x00,0x00,0x00, 
	0x00,0x00,0x00,0x00, 
	0x00,0x00,0x00,0x00, 
	0x00,0x00,0x00,0x00, 
	0x00,0x00,0x00,0x00, 
	0x00,0x00,0x00,0x00, 
	0x00,0x00,0x00,0x00, 
	0x00,0x00,0x00,0x00, 
	0x00,0x00,0x00,0x00, 
	0x00,0x00,0x00,0x00, 
	0x00,0x00,0x00,0x00, 
	0x00,0x00,0x00,0x00, 
	0x00,0x00,0x00,0x00, 
	0x00,0x00,0x00,0x00, 
	0x00,0x00,0x00,0x00, 
	0x00,0x00,0x00,0x00, 
	0x00,0x00,0x00,0x00, 
	0x00,0x00,0x00,0x00, 
	0x00,0x00,0x00,0x00, 
	0x00,0x00,0x00,0x00, 
	0x00,0x00,0x00,0x00, 
	0x00,0x00,0x00,0x00, 
	0x00,0x00,0x00,0x00, 
	0x00,0x00,0x00,0x00, 
	0x00,0x00,0x00,0x00, 
	0x00,0x00,0x00,0x00, 
	0x00,0x00,0x00,0x00, 
	0x00,0x00,0x00,0x00, 
	0x00,0x00,0x00,0x00, 
	0x00,0x00,0x00,0x00, 
	0x00,0x00,0x00,0x00, 
	0x00,0x00,0x00,0x00, 
	0x00,0x00,0x00,0x00, 
	0x00,0x00,0x00,0x00, 
	0x00,0x00,0x00,0x00, 
	0x00,0x00,0x00,0x00, 
	0x00,0x00,0x00,0x00, 
	0x00,0x00,0x00,0x00, 
	0x00,0x00,0x00,0x00, 
	0x00,0x00,0x00,0x00, 
	0x00,0x00,0x00,0x00, 
	0x00,0x00,0x00,0x00, 
	0x00,0x00,0x00,0x00, 
	0x00,0x00,0x00,0x00, 
	0x00,0x00,0x00,0x00, 
	0x00,0x00,0x00,0x00, 
	0x00,0x00,0x00,0x00, 
	0x00,0x00,0x00,0x00, 
	0x00,0x00,0x00,0x00, 
	0x00,0x00,0x00,0x00, 
	0x00,0x00,0x00,0x00, 
	0x00,0x00,0x00,0x00, 
	0x00,0x00,0x00,0x00, 
	0x00,0x00,0x00,0x00, 
	0x00,0x00,0x00,0x00, 
	0x00,0x00,0x00,0x00, 
	0x00,0x00,0x00,0x00, 
	0x00,0x00,0x00,0x00, 
	0x00,0x00,0x00,0x00, 
	0x00,0x00,0x00,0x00, 
	0x00,0x00,0x00,0x00, 
	0x00,0x00,0x00,0x00, 
	0x00,0x00,0x00,0x00, 
	0x00,0x00,0x00,0x00, 
	0x00,0x00,0x00,0x00, 
	0x00,0x00,0x00,0x00, 
	0x00,0x00,0x00,0x00, 
	0x00,0x00,0x00,0x00, 
	0x00,0x00,0x00,0x00, 
	0x00,0x00,0x00,0x00, 
	0x00,0x00,0x00,0x00, 
	0x00,0x00,0x00,0x00, 
	0x00,0x00,0x00,0x00, 
	0x00,0x00,0x00,0x00, 
	0x00,0x00,0x00,0x00, 
	0x00,0x00,0x00,0x00, 
	0x00,0x00,0x00,0x00, 
	0x00,0x00,0x00,0x00, 
	0x00,0x00,0x00,0x00, 
	0x00,0x00,0x00,0x00, 
	0x00,0x00,0x00,0x00, 
	0x00,0x00,0x00,0x00, 
	0x00,0x00,0x00,0x00, 
	0x00,0x00,0x00,0x00, 
	0x00,0x00,0x00,0x00, 
	0x00,0x00,0x00,0x00, 
	0x00,0x00,0x00,0x00, 
	0x00,0x00,0x00,0x00, 
	0x00,0x00,0x00,0x00, 
	0x00,0x00,0x00,0x00, 
	0x00,0x00,0x00,0x00, 
	0x00,0x00,0x00,0x00, 
	0x00,0x00,0x00,0x00, 
	0x00,0x00,0x00,0x00, 
	0x00,0x00,0x00,0x00, 
	0x00,0x00,0x00,0x00, 
	0x00,0x00,0x00,0x00, 
	0x00,0x00,0x00,0x00, 
	0x00,0x00,0x00,0x00, 
	0x00,0x00,0x00,0x00, 
	0x00,0x00,0x00,0x00, 
	0x00,0x00,0x00,0x00, 
	0x00,0x00,0x00,0x00, 
	0x00,0x00,0x00,0x00, 
	0x00,0x00,0x00,0x00, 
	0x00,0x00,0x00,0x00, 
	0x00,0x00,0x00,0x00, 
	0x00,0x00,0x00,0x00, 
	0x00,0x00,0x00,0x00, 
	0x00,0x00,0x00,0x00, 
	0x00,0x00,0x00,0x00, 
	0x00,0x00,0x00,0x00, 
	0x00,0x00,0x00,0x00, 
	0x00,0x00,0x00,0x00, 
	0x00,0x00,0x00,0x00, 
	0x00,0x00,0x00,0x00, 
	0x00,0x00,0x00,0x00, 
	0x00,0x00,0x00,0x00, 
	0x00,0x00,0x00,0x00, 
	0x00,0x00,0x00,0x00, 
	0x00,0x00,0x00,0x00, 
	0x00,0x00,0x00,0x00, 
	0x00,0x00,0x00,0x00, 
	0x00,0x00,0x00,0x00, 
	0x00,0x00,0x00,0x00, 
	0x00,0x00,0x00,0x00, 
	0x00,0x00,0x00,0x00, 
	0x00,0x00,0x00,0x00, 
	0x00,0x00,0x00,0x00, 
	0x00,0x00,0x00,0x00, 
	0x00,0x00,0x00,0x00, 
	0x00,0x00,0x00,0x00, 
	0x00,0x00,0x00,0x00, 
	0x00,0x00,0x00,0x00, 
	0x00,0x00,0x00,0x00, 
	0x00,0x00,0x00,0x00, 
	0x00,0x00,0x00,0x00, 
	0x00,0x00,0x00,0x00, 
	0x00,0x00,0x00,0x00, 
	0x00,0x00,0x00,0x00, 
	0x00,0x00,0x00,0x00, 
	0x00,0x00,0x00,0x00, 
	0x00,0x00,0x00,0x00, 
	0x00,0x00,0x00,0x00, 
	0x00,0x00,0x00,0x00, 
	0x00,0x00,0x00,0x00, 
	0x00,0x00,0x00,0x00, 
	0x00,0x00,0x00,0x00, 
	0x00,0x00,0x00,0x00, 
	0x00,0x00,0x00,0x00, 
	0x00,0x00,0x00,0x00, 
	0x00,0x00,0x00,0x00, 
	0x00,0x00,0x00,0x00, 
	0x00,0x00,0x00,0x00, 
	0x00,0x00,0x00,0x00, 
	0x00,0x00,0x00,0x00, 
	0x00,0x00,0x00,0x00, 
	0x00,0x00,0x00,0x00, 
	0x00,0x00,0x00,0x00, 
	0x00,0x00,0x00,0x00, 
	0x00,0x00,0x00,0x00, 
	0x00,0x00,0x00,0x00, 
	0x00,0x00,0x00,0x00, 
	0x00,0x00,0x00,0x00, 
	0x00,0x00,0x00,0x00, 
	0x00,0x00,0x00,0x00, 
	0x00,0x00,0x00,0x00, 
	0x00,0x00,0x00,0x00, 
	0x00,0x00,0x00,0x00, 
	0x00,0x00,0x00,0x00, 
	0x00,0x00,0x00,0x00, 
	0x00,0x00,0x00,0x00, 
	0x00,0x00,0x00,0x00, 
	0x00,0x00,0x00,0x00, 
	0x00,0x00,0x00,0x00, 
	0x00,0x00,0x00,0x00, 
	0x00,0x00,0x00,0x00, 
	0x00,0x00,0x00,0x00, 
	0x00,0x00,0x00,0x00, 
	0x00,0x00,0x00,0x00, 
	0x00,0x00,0x00,0x00, 
	0x00,0x00,0x00,0x00, 
	0x00,0x00,0x00,0x00, 
	0x00,0x00,0x00,0x00, 
	0x00,0x00,0x00,0x00, 
	0x00,0x00,0x00,0x00, 
	0x00,0x00,0x00,0x00, 
	0x00,0x00,0x00,0x00, 
	0x00,0x00,0x00,0x00, 
	0x00,0x00,0x00,0x00, 
	0x00,0x00,0x00,0x00, 
	0x00,0x00,0x00,0x00, 
	0x00,0x00,0x00,0x00, 
	0x00,0x00,0x00,0x00, 
	0x00,0x00,0x00,0x00, 
	0x00,0x00,0x00,0x00, 
	0x00,0x00,0x00,0x00, 
	0x00,0x00,0x00,0x00, 
	0x00,0x00,0x00,0x00, 
	0x00,0x00,0x00,0x00, 
	0x00,0x00,0x00,0x00, 
	0x00,0x00,0x00,0x00, 
	0x00,0x00,0x00,0x00, 
	0x00,0x00,0x00,0x00, 
	0x00,0x00,0x00,0x00, 
	0x00,0x00,0x00,0x00, 
	0x00,0x00,0x00,0x00, 
	0x00,0x00,0x00,0x00, 
	0x00,0x00,0x00,0x00, 
	0x00,0x00,0x00,0x00, 
	0x00,0x00,0x00,0x00, 
	0x00,0x00,0x00,0x00, 
	0x00,0x00,0x00,0x00, 
	0x00,0x00,0x00,0x00, 
	0x00,0x00,0x00,0x00, 
	0x00,0x00,0x00,0x00, 
	0x00,0x00,0x00,0x00, 
	0x00,0x00,0x00,0x00, 
	0x00,0x00,0x00,0x00, 
	0x00,0x00,0x00,0x00, 
	0x00,0x00,0x00,0x00, 
	0x00,0x00,0x00,0x00, 
	0x00,0x00,0x00,0x00, 
	0x00,0x00,0x00,0x00, 
	0x00,0x00,0x00,0x00, 
	0x00,0x00,0x00,0x00, 
	0x00,0x00,0x00,0x00, 
	0x00,0x00,0x00,0x00, 
	0x00,0x00,0x00,0x00, 
	0x00,0x00,0x00,0x00, 
	0x00,0x00,0x00,0x00, 
	0x00,0x00,0x00,0x00, 
	0x00,0x00,0x00,0x00, 
	0x00,0x00,0x00,0x00, 
	0x00,0x00,0x00,0x00, 
	0x00,0x00,0x00,0x00, 
	0x00,0x00,0x00,0x00, 
	0x00,0x00,0x00,0x00, 
	0x00,0x00,0x00,0x00, 
	0x00,0x00,0x00,0x00, 
	0x00,0x00,0x00,0x00, 
	0x00,0x00,0x00,0x00, 
	0x00,0x00,0x00,0x00, 
	0x00,0x00,0x00,0x00, 
	0x00,0x00,0x00,0x00, 
	0x00,0x00,0x00,0x00, 
	0x00,0x00,0x00,0x00, 
	0x00,0x00,0x00,0x00, 
	0x00,0x00,0x00,0x00, 
	0x00,0x00,0x00,0x00, 
	0x00,0x00,0x00,0x00, 
	0x00,0x00,0x00,0x00, 
	0x00,0x00,0x00,0x00, 
	0x00,0x00,0x00,0x00, 
	0x00,0x00,0x00,0x00, 
	0x00,0x00,0x00,0x00, 
	0x00,0x00,0x00,0x00, 
	0x00,0x00,0x00,0x00, 
	0x00,0x00,0x00,0x00, 
	0x00,0x00,0x00,0x00, 
	0x00,0x00,0x00,0x00, 
	0x00,0x00,0x00,0x00, 
	0x00,0x00,0x00,0x00, 
	0x00,0x00,0x00,0x00, 
	0x00,0x00,0x00,0x00, 
	0x00,0x00,0x00,0x00, 
	0x00,0x00,0x00,0x00, 
	0x00,0x00,0x00,0x00, 
	0x00,0x00,0x00,0x00, 
	0x00,0x00,0x00,0x00, 
	0x00,0x00,0x00,0x00, 
	0x00,0x00,0x00,0x00, 
	0x00,0x00,0x00,0x00, 
	0x00,0x00,0x00,0x00, 
	0x00,0x00,0x00,0x00, 
	0x00,0x00,0x00,0x00, 
	0x00,0x00,0x00,0x00, 
	0x00,0x00,0x00,0x00, 
	0x00,0x00,0x00,0x00, 
	0x00,0x00,0x00,0x00, 
	0x00,0x00,0x00,0x00, 
	0x00,0x00,0x00,0x00, 
	0x00,0x00,0x00,0x00, 
	0x00,0x00,0x00,0x00, 
	0x00,0x00,0x00,0x00, 
	0x00,0x00,0x00,0x00, 
	0x00,0x00,0x00,0x00, 
	0x00,0x00,0x00,0x00, 
	0x00,0x00,0x00,0x00, 
	0x00,0x00,0x00,0x00, 
	0x00,0x00,0x00,0x00, 
	0x00,0x00,0x00,0x00, 
	0x00,0x00,0x00,0x00, 
	0x00,0x00,0x00,0x00, 
	0x00,0x00,0x00,0x00, 
	0x00,0x00,0x00,0x00, 
	0x00,0x00,0x00,0x00, 
	0x00,0x00,0x00,0x00, 
	0x00,0x00,0x00,0x00, 
	0x00,0x00,0x00,0x00, 
	0x00,0x00,0x00,0x00, 
	0x00,0x00,0x00,0x00, 
	0x00,0x00,0x00,0x00, 
	0x00,0x00,0x00,0x00, 
	0x00,0x00,0x00,0x00, 
	0x00,0x00,0x00,0x00, 
	0x00,0x00,0x00,0x00, 
	0x00,0x00,0x00,0x00, 
	0x00,0x00,0x00,0x00, 
	0x00,0x00,0x00,0x00, 
	0x00,0x00,0x00,0x00, 
	0x00,0x00,0x00,0x00, 
	0x00,0x00,0x00,0x00, 
	0x00,0x00,0x00,0x00, 
	0x00,0x00,0x00,0x00, 
	0x00,0x00,0x00,0x00, 
	0x00,0x00,0x00,0x00, 
	0x00,0x00,0x00,0x00, 
	0x00,0x00,0x00,0x00, 
	0x00,0x00,0x00,0x00, 
	0x00,0x00,0x00,0x00, 
	0x00,0x00,0x00,0x00, 
	0x00,0x00,0x00,0x00, 
	0x00,0x00,0x00,0x00, 
	0x00,0x00,0x00,0x00, 
	0x00,0x00,0x00,0x00, 
	0x00,0x00,0x00,0x00, 
	0x00,0x00,0x00,0x00, 
	0x00,0x00,0x00,0x00, 
	0x00,0x00,0x00,0x00, 
	0x00,0x00,0x00,0x00, 
	0x00,0x00,0x00,0x00, 
	0x00,0x00,0x00,0x00, 
	0x00,0x00,0x00,0x00, 
	0x00,0x00,0x00,0x00, 
	0x00,0x00,0x00,0x00, 
	0x00,0x00,0x00,0x00, 
	0x00,0x00,0x00,0x00, 
	0x00,0x00,0x00,0x00, 
	0x00,0x00,0x00,0x00, 
	0x00,0x00,0x00,0x00, 
	0x00,0x00,0x00,0x00, 
	0x00,0x00,0x00,0x00, 
	0x00,0x00,0x00,0x00, 
	0x00,0x00,0x00,0x00, 
	0x00,0x00,0x00,0x00, 
	0x00,0x00,0x00,0x00, 
	0x00,0x00,0x00,0x00, 
	0x00,0x00,0x00,0x00, 
	0x00,0x00,0x00,0x00, 
	0x00,0x00,0x00,0x00, 
	0x00,0x00,0x00,0x00, 
	0x00,0x00,0x00,0x00, 
	0x00,0x00,0x00,0x00, 
	0x00,0x00,0x00,0x00, 
	0x00,0x00,0x00,0x00, 
	0x00,0x00,0x00,0x00, 
	0x00,0x00,0x00,0x00, 
	0x00,0x00,0x00,0x00, 
	0x00,0x00,0x00,0x00, 
	0x00,0x00,0x00,0x00, 
	0x00,0x00,0x00,0x00, 
	0x00,0x00,0x00,0x00, 
	0x00,0x00,0x00,0x00, 
	0x00,0x00,0x00,0x00, 
	0x00,0x00,0x00,0x00, 
	0x00,0x00,0x00,0x00, 
	0x00,0x00,0x00,0x00, 
	0x00,0x00,0x00,0x00, 
	0x00,0x00,0x00,0x00, 
	0x00,0x00,0x00,0x00, 
	0x00,0x00,0x00,0x00, 
	0x00,0x00,0x00,0x00, 
	0x00,0x00,0x00,0x00, 
	0x00,0x00,0x00,0x00, 
	0x00,0x00,0x00,0x00, 
	0x00,0x00,0x00,0x00, 
	0x00,0x00,0x00,0x00, 
	0x00,0x00,0x00,0x00, 
	0x00,0x00,0x00,0x00, 
	0x00,0x00,0x00,0x00, 
	0x00,0x00,0x00,0x00, 
	0x00,0x00,0x00,0x00, 
	0x00,0x00,0x00,0x00, 
	0x00,0x00,0x00,0x00, 
	0x00,0x00,0x00,0x00, 
	0x00,0x00,0x00,0x00, 
	0x00,0x00,0x00,0x00, 
	0x00,0x00,0x00,0x00, 
	0x00,0x00,0x00,0x00, 
	0x00,0x00,0x00,0x00, 
	0x00,0x00,0x00,0x00, 
	0x00,0x00,0x00,0x00, 
	0x00,0x00,0x00,0x00, 
	0x00,0x00,0x00,0x00, 
	0x00,0x00,0x00,0x00, 
	0x00,0x00,0x00,0x00, 
	0x00,0x00,0x00,0x00, 
	0x00,0x00,0x00,0x00, 
	0x00,0x00,0x00,0x00, 
	0x00,0x00,0x00,0x00, 
	0x00,0x00,0x00,0x00, 
	0x00,0x00,0x00,0x00, 
	0x00,0x00,0x00,0x00, 
	0x00,0x00,0x00,0x00, 
	0x00,0x00,0x00,0x00, 
	0x00,0x00,0x00,0x00, 
	0x00,0x00,0x00,0x00, 
	0x00,0x00,0x00,0x00, 
	0x00,0x00,0x00,0x00, 
	0x00,0x00,0x00,0x00, 
	0x00,0x00,0x00,0x00, 
	0x00,0x00,0x00,0x00, 
	0x00,0x00,0x00,0x00, 
	0x00,0x00,0x00,0x00, 
	0x00,0x00,0x00,0x00, 
	0x00,0x00,0x00,0x00, 
	0x00,0x00,0x00,0x00, 
	0x00,0x00,0x00,0x00, 
	0x00,0x00,0x00,0x00, 
	0x00,0x00,0x00,0x00, 
	0x00,0x00,0x00,0x00, 
	0x00,0x00,0x00,0x00, 
	0x00,0x00,0x00,0x00, 
	0x00,0x00,0x00,0x00, 
	0x00,0x00,0x00,0x00, 
	0x00,0x00,0x00,0x00, 
	0x00,0x00,0x00,0x00, 
	0x00,0x00,0x00,0x00, 
	0x00,0x00,0x00,0x00, 
	0x00,0x00,0x00,0x00, 
	0x00,0x00,0x00,0x00, 
	0x00,0x00,0x00,0x00, 
	0x00,0x00,0x00,0x00, 
	0x00,0x00,0x00,0x00, 
	0x00,0x00,0x00,0x00, 
	0x00,0x00,0x00,0x00, 
	0x00,0x00,0x00,0x00, 
	0x00,0x00,0x00,0x00, 
	0x00,0x00,0x00,0x00, 
	0x00,0x00,0x00,0x00, 
	0x00,0x00,0x00,0x00, 
	0x00,0x00,0x00,0x00, 
	0x00,0x00,0x00,0x00, 
	0x00,0x00,0x00,0x00, 
	0x00,0x00,0x00,0x00, 
	0x00,0x00,0x00,0x00, 
	0x00,0x00,0x00,0x00, 
	0x00,0x00,0x00,0x00, 
	0x00,0x00,0x00,0x00, 
	0x00,0x00,0x00,0x00, 
	0x00,0x00,0x00,0x00, 
	0x00,0x00,0x00,0x00, 
	0x00,0x00,0x00,0x00, 
	0x00,0x00,0x00,0x00, 
	0x00,0x00,0x00,0x00, 
	0x00,0x00,0x00,0x00, 
	0x00,0x00,0x00,0x00, 
	0x00,0x00,0x00,0x00, 
	0x00,0x00,0x00,0x00, 
	0x00,0x00,0x00,0x00, 
	0x00,0x00,0x00,0x00, 
	0x00,0x00,0x00,0x00, 
	0x00,0x00,0x00,0x00, 
	0x00,0x00,0x00,0x00, 
	0x00,0x00,0x00,0x00, 
	0x00,0x00,0x00,0x00, 
	0x00,0x00,0x00,0x00, 
	0x00,0x00,0x00,0x00, 
	0x00,0x00,0x00,0x00, 
	0x00,0x00,0x00,0x00, 
	0x00,0x00,0x00,0x00, 
	0x00,0x00,0x00,0x00, 
	0x00,0x00,0x00,0x00, 
	0x00,0x00,0x00,0x00, 
	0x00,0x00,0x00,0x00, 
	0x00,0x00,0x00,0x00, 
	0x00,0x00,0x00,0x00, 
	0x00,0x00,0x00,0x00, 
	0x00,0x00,0x00,0x00, 
	0x00,0x00,0x00,0x00, 
	0x00,0x00,0x00,0x00, 
	0x00,0x00,0x00,0x00, 
	0x00,0x00,0x00,0x00, 
	0x00,0x00,0x00,0x00, 
	0x00,0x00,0x00,0x00, 
	0x00,0x00,0x00,0x00, 
	0x00,0x00,0x00,0x00, 
	0x00,0x00,0x00,0x00, 
	0x00,0x00,0x00,0x00, 
	0x00,0x00,0x00,0x00, 
	0x00,0x00,0x00,0x00, 
	0x00,0x00,0x00,0x00, 
	0x00,0x00,0x00,0x00, 
	0x00,0x00,0x00,0x00, 
	0x00,0x00,0x00,0x00, 
	0x00,0x00,0x00,0x00, 
	0x00,0x00,0x00,0x00, 
	0x00,0x00,0x00,0x00, 
	0x00,0x00,0x00,0x00, 
	0x00,0x00,0x00,0x00, 
	0x00,0x00,0x00,0x00, 
	0x00,0x00,0x00,0x00, 
	0x00,0x00,0x00,0x00, 
	0x00,0x00,0x00,0x00, 
	0x00,0x00,0x00,0x00, 
	0x00,0x00,0x00,0x00, 
	0x00,0x00,0x00,0x00, 
	0x00,0x00,0x00,0x00, 
	0x00,0x00,0x00,0x00, 
	0x00,0x00,0x00,0x00, 
	0x00,0x00,0x00,0x00, 
	0x00,0x00,0x00,0x00, 
	0x00,0x00,0x00,0x00, 
	0x00,0x00,0x00,0x00, 
	0x00,0x00,0x00,0x00, 
	0x00,0x00,0x00,0x00, 
	0x00,0x00,0x00,0x00, 
	0x00,0x00,0x00,0x00, 
	0x00,0x00,0x00,0x00, 
	0x00,0x00,0x00,0x00, 
	0x00,0x00,0x00,0x00, 
	0x00,0x00,0x00,0x00, 
	0x00,0x00,0x00,0x00, 
	0x00,0x00,0x00,0x00, 
	0x00,0x00,0x00,0x00, 
	0x00,0x00,0x00,0x00, 
	0x00,0x00,0x00,0x00, 
	0x00,0x00,0x00,0x00, 
	0x00,0x00,0x00,0x00, 
	0x00,0x00,0x00,0x00, 
	0x00,0x00,0x00,0x00, 
	0x00,0x00,0x00,0x00, 
	0x00,0x00,0x00,0x00, 
	0x00,0x00,0x00,0x00, 
	0x00,0x00,0x00,0x00, 
	0x00,0x00,0x00,0x00, 
	0x00,0x00,0x00,0x00, 
	0x00,0x00,0x00,0x00, 
	0x00,0x00,0x00,0x00, 
	0x00,0x00,0x00,0x00, 
	0x00,0x00,0x00,0x00, 
	0x00,0x00,0x00,0x00, 
	0x00,0x00,0x00,0x00, 
	0x00,0x00,0x00,0x00, 
	0x00,0x00,0x00,0x00, 
	0x00,0x00,0x00,0x00, 
	0x00,0x00,0x00,0x00, 
	0x00,0x00,0x00,0x00, 
	0x00,0x00,0x00,0x00, 
	0x00,0x00,0x00,0x00, 
	0x00,0x00,0x00,0x00, 
	0x00,0x00,0x00,0x00, 
	0x00,0x00,0x00,0x00, 
	0x00,0x00,0x00,0x00, 
	0x00,0x00,0x00,0x00, 
	0x00,0x00,0x00,0x00, 
	0x00,0x00,0x00,0x00, 
	0x00,0x00,0x00,0x00, 
	0x00,0x00,0x00,0x00, 
	0x00,0x00,0x00,0x00, 
	0x00,0x00,0x00,0x00, 
	0x00,0x00,0x00,0x00, 
	0x00,0x00,0x00,0x00, 
	0x00,0x00,0x00,0x00, 
	0x00,0x00,0x00,0x00, 
	0x00,0x00,0x00,0x00, 
	0x00,0x00,0x00,0x00, 
	0x00,0x00,0x00,0x00, 
	0x00,0x00,0x00,0x00, 
	0x00,0x00,0x00,0x00, 
	0x00,0x00,0x00,0x00, 
	0x00,0x00,0x00,0x00, 
	0x00,0x00,0x00,0x00, 
	0x00,0x00,0x00,0x00, 
	0x00,0x00,0x00,0x00, 
	0x00,0x00,0x00,0x00, 
	0x00,0x00,0x00,0x00, 
	0x00,0x00,0x00,0x00, 
	0x00,0x00,0x00,0x00, 
	0x00,0x00,0x00,0x00, 
	0x00,0x00,0x00,0x00, 
	0x00,0x00,0x00,0x00, 
	0x00,0x00,0x00,0x00, 
	0x00,0x00,0x00,0x00, 
	0x00,0x00,0x00,0x00, 
	0x00,0x00,0x00,0x00, 
	0x00,0x00,0x00,0x00, 
	0x00,0x00,0x00,0x00, 
	0x00,0x00,0x00,0x00, 
	0x00,0x00,0x00,0x00, 
	0x00,0x00,0x00,0x00, 
	0x00,0x00,0x00,0x00, 
	0x00,0x00,0x00,0x00, 
	0x00,0x00,0x00,0x00, 
	0x00,0x00,0x00,0x00, 
	0x00,0x00,0x00,0x00, 
	0x00,0x00,0x00,0x00, 
	0x00,0x00,0x00,0x00, 
	0x00,0x00,0x00,0x00, 
	0x00,0x00,0x00,0x00, 
	0x00,0x00,0x00,0x00, 
	0x00,0x00,0x00,0x00, 
	0x00,0x00,0x00,0x00, 
	0x00,0x00,0x00,0x00, 
	0x00,0x00,0x00,0x00, 
	0x00,0x00,0x00,0x00, 
	0x00,0x00,0x00,0x00, 
	0x00,0x00,0x00,0x00, 
	0x00,0x00,0x00,0x00, 
	0x00,0x00,0x00,0x00, 
	0x00,0x00,0x00,0x00, 
	0x00,0x00,0x00,0x00, 
	0x00,0x00,0x00,0x00, 
	0x00,0x00,0x00,0x00, 
	0x00,0x00,0x00,0x00, 
	0x00,0x00,0x00,0x00, 
	0x00,0x00,0x00,0x00, 
	0x00,0x00,0x00,0x00, 
	0x00,0x00,0x00,0x00, 
	0x00,0x00,0x00,0x00, 
	0x00,0x00,0x00,0x00, 
	0x00,0x00,0x00,0x00, 
	0x00,0x00,0x00,0x00, 
	0x00,0x00,0x00,0x00, 
	0x00,0x00,0x00,0x00, 
	0x00,0x00,0x00,0x00, 
	0x00,0x00,0x00,0x00, 
	0x00,0x00,0x00,0x00, 
	0x00,0x00,0x00,0x00, 
	0x00,0x00,0x00,0x00, 
	0x00,0x00,0x00,0x00, 
	0x00,0x00,0x00,0x00, 
	0x00,0x00,0x00,0x00, 
	0x00,0x00,0x00,0x00, 
	0x00,0x00,0x00,0x00, 
	0x00,0x00,0x00,0x00, 
	0x00,0x00,0x00,0x00, 
	0x00,0x00,0x00,0x00, 
	0x00,0x00,0x00,0x00, 
	0x00,0x00,0x00,0x00, 
	0x00,0x00,0x00,0x00, 
	0x00,0x00,0x00,0x00, 
	0x00,0x00,0x00,0x00, 
	0x00,0x00,0x00,0x00, 
	0x00,0x00,0x00,0x00, 
	0x00,0x00,0x00,0x00, 
	0x00,0x00,0x00,0x00, 
	0x00,0x00,0x00,0x00, 
	0x00,0x00,0x00,0x00, 
	0x00,0x00,0x00,0x00, 
	0x00,0x00,0x00,0x00, 
	0x00,0x00,0x00,0x00, 
	0x00,0x00,0x00,0x00, 
	0x00,0x00,0x00,0x00, 
	0x00,0x00,0x00,0x00, 
	0x00,0x00,0x00,0x00, 
	0x00,0x00,0x00,0x00, 
	0x00,0x00,0x00,0x00, 
	0x00,0x00,0x00,0x00, 
	0x00,0x00,0x00,0x00, 
	0x00,0x00,0x00,0x00, 
	0x00,0x00,0x00,0x00, 
	0x00,0x00,0x00,0x00, 
	0x00,0x00,0x00,0x00, 
	0x00,0x00,0x00,0x00, 
	0x00,0x00,0x00,0x00, 
	0x00,0x00,0x00,0x00, 
	0x00,0x00,0x00,0x00, 
	0x00,0x00,0x00,0x00, 
	0x00,0x00,0x00,0x00, 
	0x00,0x00,0x00,0x00, 
	0x00,0x00,0x00,0x00, 
	0x00,0x00,0x00,0x00, 
	0x00,0x00,0x00,0x00, 
	0x00,0x00,0x00,0x00, 
	0x00,0x00,0x00,0x00, 
	0x00,0x00,0x00,0x00, 
	0x00,0x00,0x00,0x00, 
	0x00,0x00,0x00,0x00, 
	0x00,0x00,0x00,0x00, 
	0x00,0x00,0x00,0x00, 
	0x00,0x00,0x00,0x00, 
	0x00,0x00,0x00,0x00, 
	0x00,0x00,0x00,0x00, 
	0x00,0x00,0x00,0x00, 
	0x00,0x00,0x00,0x00, 
	0x00,0x00,0x00,0x00, 
	0x00,0x00,0x00,0x00, 
	0x00,0x00,0x00,0x00, 
	0x00,0x00,0x00,0x00, 
	0x00,0x00,0x00,0x00, 
	0x00,0x00,0x00,0x00, 
	0x00,0x00,0x00,0x00, 
	0x00,0x00,0x00,0x00, 
	0x00,0x00,0x00,0x00, 
	0x00,0x00,0x00,0x00, 
	0x00,0x00,0x00,0x00, 
	0x00,0x00,0x00,0x00, 
	0x00,0x00,0x00,0x00, 
	0x00,0x00,0x00,0x00, 
	0x00,0x00,0x00,0x00, 
	0x00,0x00,0x00,0x00, 
	0x00,0x00,0x00,0x00, 
	0x00,0x00,0x00,0x00, 
	0x00,0x00,0x00,0x00, 
	0x00,0x00,0x00,0x00, 
	0x00,0x00,0x00,0x00, 
	0x00,0x00,0x00,0x00, 
	0x00,0x00,0x00,0x00, 
	0x00,0x00,0x00,0x00, 
	0x00,0x00,0x00,0x00, 
	0x00,0x00,0x00,0x00, 
	0x00,0x00,0x00,0x00, 
	0x00,0x00,0x00,0x00, 
	0x00,0x00,0x00,0x00, 
	0x00,0x00,0x00,0x00, 
	0x00,0x00,0x00,0x00, 
	0x00,0x00,0x00,0x00, 
	0x00,0x00,0x00,0x00, 
	0x00,0x00,0x00,0x00, 
	0x00,0x00,0x00,0x00, 
	0x00,0x00,0x00,0x00, 
	0x00,0x00,0x00,0x00, 
	0x00,0x00,0x00,0x00, 
	0x00,0x00,0x00,0x00, 
	0x00,0x00,0x00,0x00, 
	0x00,0x00,0x00,0x00, 
	0x00,0x00,0x00,0x00, 
	0x00,0x00,0x00,0x00, 
	0x00,0x00,0x00,0x00, 
	0x00,0x00,0x00,0x00, 
	0x00,0x00,0x00,0x00, 
	0x00,0x00,0x00,0x00, 
	0x00,0x00,0x00,0x00, 
	0x00,0x00,0x00,0x00, 
	0x00,0x00,0x00,0x00, 
	0x00,0x00,0x00,0x00, 
	0x00,0x00,0x00,0x00, 
	0x00,0x00,0x00,0x00, 
	0x00,0x00,0x00,0x00, 
	0x00,0x00,0x00,0x00, 
	0x00,0x00,0x00,0x00, 
	0x00,0x00,0x00,0x00, 
	0x00,0x00,0x00,0x00, 
	0x00,0x00,0x00,0x00, 
	0x00,0x00,0x00,0x00, 
	0x00,0x00,0x00,0x00, 
	0x00,0x00,0x00,0x00, 
	0x00,0x00,0x00,0x00, 
	0x00,0x00,0x00,0x00, 
	0x00,0x00,0x00,0x00, 
	0x00,0x00,0x00,0x00, 
	0x00,0x00,0x00,0x00, 
	0x00,0x00,0x00,0x00, 
	0x00,0x00,0x00,0x00, 
	0x00,0x00,0x00,0x00, 
	0x00,0x00,0x00,0x00, 
	0x00,0x00,0x00,0x00, 
	0x00,0x00,0x00,0x00, 
	0x00,0x00,0x00,0x00, 
	0x00,0x00,0x00,0x00, 
	0x00,0x00,0x00,0x00, 
	0x00,0x00,0x00,0x00, 
	0x00,0x00,0x00,0x00, 
	0x00,0x00,0x00,0x00, 
	0x00,0x00,0x00,0x00, 
	0x00,0x00,0x00,0x00, 
	0x00,0x00,0x00,0x00, 
	0x00,0x00,0x00,0x00, 
	0x00,0x00,0x00,0x00, 
	0x00,0x00,0x00,0x00, 
	0x00,0x00,0x00,0x00, 
	0x00,0x00,0x00,0x00, 
	0x00,0x00,0x00,0x00, 
	0x00,0x00,0x00,0x00, 
	0x00,0x00,0x00,0x00, 
	0x00,0x00,0x00,0x00, 
	0x00,0x00,0x00,0x00, 
	0x00,0x00,0x00,0x00, 
	0x00,0x00,0x00,0x00, 
	0x00,0x00,0x00,0x00, 
	0x00,0x00,0x00,0x00, 
	0x00,0x00,0x00,0x00, 
	0x00,0x00,0x00,0x00, 
	0x00,0x00,0x00,0x00, 
	0x00,0x00,0x00,0x00, 
	0x00,0x00,0x00,0x00, 
	0x00,0x00,0x00,0x00, 
	0x00,0x00,0x00,0x00, 
	0x00,0x00,0x00,0x00, 
	0x00,0x00,0x00,0x00, 
	0x00,0x00,0x00,0x00, 
	0x00,0x00,0x00,0x00, 
	0x00,0x00,0x00,0x00, 
	0x00,0x00,0x00,0x00, 
	0x00,0x00,0x00,0x00, 
	0x00,0x00,0x00,0x00, 
	0x00,0x00,0x00,0x00, 
	0x00,0x00,0x00,0x00, 
	0x00,0x00,0x00,0x00, 
	0x00,0x00,0x00,0x00, 
	0x00,0x00,0x00,0x00, 
	0x00,0x00,0x00,0x00, 
	0x00,0x00,0x00,0x00, 
	0x00,0x00,0x00,0x00, 
	0x00,0x00,0x00,0x00, 
	0x00,0x00,0x00,0x00, 
	0x00,0x00,0x00,0x00, 
	0x00,0x00,0x00,0x00, 
	0x00,0x00,0x00,0x00, 
	0x00,0x00,0x00,0x00, 
	0x00,0x00,0x00,0x00, 
	0x00,0x00,0x00,0x00, 
	0x00,0x00,0x00,0x00, 
	0x00,0x00,0x00,0x00, 
	0x00,0x00,0x00,0x00, 
	0x00,0x00,0x00,0x00, 
	0x00,0x00,0x00,0x00, 
	0x00,0x00,0x00,0x00, 
	0x00,0x00,0x00,0x00, 
	0x00,0x00,0x00,0x00, 
	0x00,0x00,0x00,0x00, 
	0x00,0x00,0x00,0x00, 
	0x00,0x00,0x00,0x00, 
	0x00,0x00,0x00,0x00, 
	0x00,0x00,0x00,0x00, 
	0x00,0x00,0x00,0x00, 
	0x00,0x00,0x00,0x00, 
	0x00,0x00,0x00,0x00, 
	0x00,0x00,0x00,0x00, 
	0x00,0x00,0x00,0x00, 
	0x00,0x00,0x00,0x00, 
	0x00,0x00,0x00,0x00, 
	0x00,0x00,0x00,0x00, 
	0x00,0x00,0x00,0x00, 
	0x00,0x00,0x00,0x00, 
	0x00,0x00,0x00,0x00, 
	0x00,0x00,0x00,0x00, 
	0x00,0x00,0x00,0x00, 
	0x00,0x00,0x00,0x00, 
	0x00,0x00,0x00,0x00, 
	0x00,0x00,0x00,0x00, 
	0x00,0x00,0x00,0x00, 
	0x00,0x00,0x00,0x00, 
	0x00,0x00,0x00,0x00, 
	0x00,0x00,0x00,0x00, 
	0x00,0x00,0x00,0x00, 
	0x00,0x00,0x00,0x00, 
	0x00,0x00,0x00,0x00, 
	0x00,0x00,0x00,0x00, 
	0x00,0x00,0x00,0x00, 
	0x00,0x00,0x00,0x00, 
	0x00,0x00,0x00,0x00, 
	0x00,0x00,0x00,0x00, 
	0x00,0x00,0x00,0x00, 
	0x00,0x00,0x00,0x00, 
	0x00,0x00,0x00,0x00, 
	0x00,0x00,0x00,0x00, 
	0x00,0x00,0x00,0x00, 
	0x00,0x00,0x00,0x00, 
	0x00,0x00,0x00,0x00, 
	0x00,0x00,0x00,0x00, 
	0x00,0x00,0x00,0x00, 
	0x00,0x00,0x00,0x00, 
	0x00,0x00,0x00,0x00, 
	0x00,0x00,0x00,0x00, 
	0x00,0x00,0x00,0x00, 
	0x00,0x00,0x00,0x00, 
	0x00,0x00,0x00,0x00, 
	0x00,0x00,0x00,0x00, 
	0x00,0x00,0x00,0x00, 
	0x00,0x00,0x00,0x00, 
	0x00,0x00,0x00,0x00, 
	0x00,0x00,0x00,0x00, 
	0x00,0x00,0x00,0x00, 
	0x00,0x00,0x00,0x00, 
	0x00,0x00,0x00,0x00, 
	0x00,0x00,0x00,0x00, 
	0x00,0x00,0x00,0x00, 
	0x00,0x00,0x00,0x00, 
	0x00,0x00,0x00,0x00, 
	0x00,0x00,0x00,0x00, 
	0x00,0x00,0x00,0x00, 
	0x00,0x00,0x00,0x00, 
	0x00,0x00,0x00,0x00, 
	0x00,0x00,0x00,0x00, 
	0x00,0x00,0x00,0x00, 
	0x00,0x00,0x00,0x00, 
	0x00,0x00,0x00,0x00, 
	0x00,0x00,0x00,0x00, 
	0x00,0x00,0x00,0x00, 
	0x00,0x00,0x00,0x00, 
	0x00,0x00,0x00,0x00, 
	0x00,0x00,0x00,0x00, 
	0x00,0x00,0x00,0x00, 
	0x00,0x00,0x00,0x00, 
	0x00,0x00,0x00,0x00, 
	0x00,0x00,0x00,0x00, 
	0x00,0x00,0x00,0x00, 
	0x00,0x00,0x00,0x00, 
	0x00,0x00,0x00,0x00, 
	0x00,0x00,0x00,0x00, 
	0x00,0x00,0x00,0x00, 
	0x00,0x00,0x00,0x00, 
	0x00,0x00,0x00,0x00, 
	0x00,0x00,0x00,0x00, 
	0x00,0x00,0x00,0x00, 
	0x00,0x00,0x00,0x00, 
	0x00,0x00,0x00,0x00, 
	0x00,0x00,0x00,0x00, 
	0x00,0x00,0x00,0x00, 
	0x00,0x00,0x00,0x00, 
	0x00,0x00,0x00,0x00, 
	0x00,0x00,0x00,0x00, 
	0x00,0x00,0x00,0x00, 
	0x00,0x00,0x00,0x00, 
	0x00,0x00,0x00,0x00, 
	0x00,0x00,0x00,0x00, 
	0x00,0x00,0x00,0x00, 
	0x00,0x00,0x00,0x00, 
	0x00,0x00,0x00,0x00, 
	0x00,0x00,0x00,0x00, 
	0x00,0x00,0x00,0x00, 
	0x00,0x00,0x00,0x00, 
	0x00,0x00,0x00,0x00, 
	0x00,0x00,0x00,0x00, 
	0x00,0x00,0x00,0x00, 
	0x00,0x00,0x00,0x00, 
	0x00,0x00,0x00,0x00, 
	0x00,0x00,0x00,0x00, 
	0x00,0x00,0x00,0x00, 
	0x00,0x00,0x00,0x00, 
	0x00,0x00,0x00,0x00, 
	0x00,0x00,0x00,0x00, 
	0x00,0x00,0x00,0x00, 
	0x00,0x00,0x00,0x00, 
	0x00,0x00,0x00,0x00, 
	0x00,0x00,0x00,0x00, 
	0x00,0x00,0x00,0x00, 
	0x00,0x00,0x00,0x00, 
	0x00,0x00,0x00,0x00, 
	0x00,0x00,0x00,0x00, 
	0x00,0x00,0x00,0x00, 
	0x00,0x00,0x00,0x00, 
	0x00,0x00,0x00,0x00, 
	0x00,0x00,0x00,0x00, 
	0x00,0x00,0x00,0x00, 
	0x00,0x00,0x00,0x00, 
	0x00,0x00,0x00,0x00, 
	0x00,0x00,0x00,0x00, 
	0x00,0x00,0x00,0x00, 
	0x00,0x00,0x00,0x00, 
	0x00,0x00,0x00,0x00, 
	0x00,0x00,0x00,0x00, 
	0x00,0x00,0x00,0x00, 
	0x00,0x00,0x00,0x00, 
	0x00,0x00,0x00,0x00, 
	0x00,0x00,0x00,0x00, 
	0x00,0x00,0x00,0x00, 
	0x00,0x00,0x00,0x00, 
	0x00,0x00,0x00,0x00, 
	0x00,0x00,0x00,0x00, 
	0x00,0x00,0x00,0x00, 
	0x00,0x00,0x00,0x00, 
	0x00,0x00,0x00,0x00, 
	0x00,0x00,0x00,0x00, 
	0x00,0x00,0x00,0x00, 
	0x00,0x00,0x00,0x00, 
	0x00,0x00,0x00,0x00, 
	0x00,0x00,0x00,0x00, 
	0x00,0x00,0x00,0x00, 
	0x00,0x00,0x00,0x00, 
	0x00,0x00,0x00,0x00, 
	0x00,0x00,0x00,0x00, 
	0x00,0x00,0x00,0x00, 
	0x00,0x00,0x00,0x00, 
	0x00,0x00,0x00,0x00, 
	0x00,0x00,0x00,0x00, 
	0x00,0x00,0x00,0x00, 
	0x00,0x00,0x00,0x00, 
	0x00,0x00,0x00,0x00, 
	0x00,0x00,0x00,0x00, 
	0x00,0x00,0x00,0x00, 
	0x00,0x00,0x00,0x00, 
	0x00,0x00,0x00,0x00, 
	0x00,0x00,0x00,0x00, 
	0x00,0x00,0x00,0x00, 
	0x00,0x00,0x00,0x00, 
	0x00,0x00,0x00,0x00, 
	0x00,0x00,0x00,0x00, 
	0x00,0x00,0x00,0x00, 
	0x00,0x00,0x00,0x00, 
	0x00,0x00,0x00,0x00, 
	0x00,0x00,0x00,0x00, 
	0x00,0x00,0x00,0x00, 
	0x00,0x00,0x00,0x00, 
	0x00,0x00,0x00,0x00, 
	0x00,0x00,0x00,0x00, 
	0x00,0x00,0x00,0x00, 
	0x00,0x00,0x00,0x00, 
	0x00,0x00,0x00,0x00, 
	0x00,0x00,0x00,0x00, 
	0x00,0x00,0x00,0x00, 
	0x00,0x00,0x00,0x00, 
	0x00,0x00,0x00,0x00, 
	0x00,0x00,0x00,0x00, 
	0x00,0x00,0x00,0x00, 
	0x00,0x00,0x00,0x00, 
	0x00,0x00,0x00,0x00, 
	0x00,0x00,0x00,0x00, 
	0x00,0x00,0x00,0x00, 
	0x00,0x00,0x00,0x00, 
	0x00,0x00,0x00,0x00, 
	0x00,0x00,0x00,0x00, 
	0x00,0x00,0x00,0x00, 
	0x00,0x00,0x00,0x00, 
	0x00,0x00,0x00,0x00, 
	0x00,0x00,0x00,0x00, 
	0x00,0x00,0x00,0x00, 
	0x00,0x00,0x00,0x00, 
	0x00,0x00,0x00,0x00, 
	0x00,0x00,0x00,0x00, 
	0x00,0x00,0x00,0x00, 
	0x00,0x00,0x00,0x00, 
	0x00,0x00,0x00,0x00, 
	0x00,0x00,0x00,0x00, 
	0x00,0x00,0x00,0x00, 
	0x00,0x00,0x00,0x00, 
	0x00,0x00,0x00,0x00, 
	0x00,0x00,0x00,0x00, 
	0x00,0x00,0x00,0x00, 
	0x00,0x00,0x00,0x00, 
	0x00,0x00,0x00,0x00, 
	0x00,0x00,0x00,0x00, 
	0x00,0x00,0x00,0x00, 
	0x00,0x00,0x00,0x00, 
	0x00,0x00,0x00,0x00, 
	0x00,0x00,0x00,0x00, 
	0x00,0x00,0x00,0x00, 
	0x00,0x00,0x00,0x00, 
	0x00,0x00,0x00,0x00, 
	0x00,0x00,0x00,0x00, 
	0x00,0x00,0x00,0x00, 
	0x00,0x00,0x00,0x00, 
	0x00,0x00,0x00,0x00, 
	0x00,0x00,0x00,0x00, 
	0x00,0x00,0x00,0x00, 
	0x00,0x00,0x00,0x00, 
	0x00,0x00,0x00,0x00, 
	0x00,0x00,0x00,0x00, 
	0x00,0x00,0x00,0x00, 
	0x00,0x00,0x00,0x00, 
	0x00,0x00,0x00,0x00, 
	0x00,0x00,0x00,0x00, 
	0x00,0x00,0x00,0x00, 
	0x00,0x00,0x00,0x00, 
	0x00,0x00,0x00,0x00, 
	0x00,0x00,0x00,0x00, 
	0x00,0x00,0x00,0x00, 
	0x00,0x00,0x00,0x00, 
	0x00,0x00,0x00,0x00, 
	0x00,0x00,0x00,0x00, 
	0x00,0x00,0x00,0x00, 
	0x00,0x00,0x00,0x00, 
	0x00,0x00,0x00,0x00, 
	0x00,0x00,0x00,0x00, 
	0x00,0x00,0x00,0x00, 
	0x00,0x00,0x00,0x00, 
	0x00,0x00,0x00,0x00, 
	0x00,0x00,0x00,0x00, 
	0x00,0x00,0x00,0x00, 
	0x00,0x00,0x00,0x00, 
	0x00,0x00,0x00,0x00, 
	0x00,0x00,0x00,0x00, 
	0x00,0x00,0x00,0x00, 
	0x00,0x00,0x00,0x00, 
	0x00,0x00,0x00,0x00, 
	0x00,0x00,0x00,0x00, 
	0x00,0x00,0x00,0x00, 
	0x00,0x00,0x00,0x00, 
	0x00,0x00,0x00,0x00, 
	0x00,0x00,0x00,0x00, 
	0x00,0x00,0x00,0x00, 
	0x00,0x00,0x00,0x00, 
	0x00,0x00,0x00,0x00, 
	0x00,0x00,0x00,0x00, 
	0x00,0x00,0x00,0x00, 
	0x00,0x00,0x00,0x00, 
	0x00,0x00,0x00,0x00, 
	0x00,0x00,0x00,0x00, 
	0x00,0x00,0x00,0x00, 
	0x00,0x00,0x00,0x00, 
	0x00,0x00,0x00,0x00, 
	0x00,0x00,0x00,0x00, 
	0x00,0x00,0x00,0x00, 
	0x00,0x00,0x00,0x00, 
	0x00,0x00,0x00,0x00, 
	0x00,0x00,0x00,0x00, 
	0x00,0x00,0x00,0x00, 
	0x00,0x00,0x00,0x00, 
	0x00,0x00,0x00,0x00, 
	0x00,0x00,0x00,0x00, 
	0x00,0x00,0x00,0x00, 
	0x00,0x00,0x00,0x00, 
	0x00,0x00,0x00,0x00, 
	0x00,0x00,0x00,0x00, 
	0x00,0x00,0x00,0x00, 
	0x00,0x00,0x00,0x00, 
	0x00,0x00,0x00,0x00, 
	0x00,0x00,0x00,0x00, 
	0x00,0x00,0x00,0x00, 
	0x00,0x00,0x00,0x00, 
	0x00,0x00,0x00,0x00, 
	0x00,0x00,0x00,0x00, 
	0x00,0x00,0x00,0x00, 
	0x00,0x00,0x00,0x00, 
	0x00,0x00,0x00,0x00, 
	0x00,0x00,0x00,0x00, 
	0x00,0x00,0x00,0x00, 
	0x00,0x00,0x00,0x00, 
	0x00,0x00,0x00,0x00, 
	0x00,0x00,0x00,0x00, 
	0x00,0x00,0x00,0x00, 
	0x00,0x00,0x00,0x00, 
	0x00,0x00,0x00,0x00, 
	0x00,0x00,0x00,0x00, 
	0x00,0x00,0x00,0x00, 
	0x00,0x00,0x00,0x00, 
	0x00,0x00,0x00,0x00, 
	0x00,0x00,0x00,0x00, 
	0x00,0x00,0x00,0x00, 
	0x00,0x00,0x00,0x00, 
	0x00,0x00,0x00,0x00, 
	0x00,0x00,0x00,0x00, 
	0x00,0x00,0x00,0x00, 
	0x00,0x00,0x00,0x00, 
	0x00,0x00,0x00,0x00, 
	0x00,0x00,0x00,0x00, 
	0x00,0x00,0x00,0x00, 
	0x00,0x00,0x00,0x00, 
	0x00,0x00,0x00,0x00, 
	0x00,0x00,0x00,0x00, 
	0x00,0x00,0x00,0x00, 
	0x00,0x00,0x00,0x00, 
	0x00,0x00,0x00,0x00, 
	0x00,0x00,0x00,0x00, 
	0x00,0x00,0x00,0x00, 
	0x00,0x00,0x00,0x00, 
	0x00,0x00,0x00,0x00, 
	0x00,0x00,0x00,0x00, 
	0x00,0x00,0x00,0x00, 
	0x00,0x00,0x00,0x00, 
	0x00,0x00,0x00,0x00, 
	0x00,0x00,0x00,0x00, 
	0x00,0x00,0x00,0x00, 
	0x00,0x00,0x00,0x00, 
	0x00,0x00,0x00,0x00, 
	0x00,0x00,0x00,0x00, 
	0x00,0x00,0x00,0x00, 
	0x00,0x00,0x00,0x00, 
	0x00,0x00,0x00,0x00, 
	0x00,0x00,0x00,0x00, 
	0x00,0x00,0x00,0x00, 
	0x00,0x00,0x00,0x00, 
	0x00,0x00,0x00,0x00, 
	0x00,0x00,0x00,0x00, 
	0x00,0x00,0x00,0x00, 
	0x00,0x00,0x00,0x00, 
	0x00,0x00,0x00,0x00, 
	0x00,0x00,0x00,0x00, 
	0x00,0x00,0x00,0x00, 
	0x00,0x00,0x00,0x00, 
	0x00,0x00,0x00,0x00, 
	0x00,0x00,0x00,0x00, 
	0x00,0x00,0x00,0x00, 
	0x00,0x00,0x00,0x00, 
	0x00,0x00,0x00,0x00, 
	0x00,0x00,0x00,0x00, 
	0x00,0x00,0x00,0x00, 
	0x00,0x00,0x00,0x00, 
	0x00,0x00,0x00,0x00, 
	0x00,0x00,0x00,0x00, 
	0x00,0x00,0x00,0x00, 
	0x00,0x00,0x00,0x00, 
	0x00,0x00,0x00,0x00, 
	0x00,0x00,0x00,0x00, 
	0x00,0x00,0x00,0x00, 
	0x00,0x00,0x00,0x00, 
	0x00,0x00,0x00,0x00, 
	0x00,0x00,0x00,0x00, 
	0x00,0x00,0x00,0x00, 
	0x00,0x00,0x00,0x00, 
	0x00,0x00,0x00,0x00, 
	0x00,0x00,0x00,0x00, 
	0x00,0x00,0x00,0x00, 
	0x00,0x00,0x00,0x00, 
	0x00,0x00,0x00,0x00, 
	0x00,0x00,0x00,0x00, 
	0x00,0x00,0x00,0x00, 
	0x00,0x00,0x00,0x00, 
	0x00,0x00,0x00,0x00, 
	0x00,0x00,0x00,0x00, 
	0x00,0x00,0x00,0x00, 
	0x00,0x00,0x00,0x00, 
	0x00,0x00,0x00,0x00, 
	0x00,0x00,0x00,0x00, 
	0x00,0x00,0x00,0x00, 
	0x00,0x00,0x00,0x00, 
	0x00,0x00,0x00,0x00, 
	0x00,0x00,0x00,0x00, 
	0x00,0x00,0x00,0x00, 
	0x00,0x00,0x00,0x00, 
	0x00,0x00,0x00,0x00, 
	0x00,0x00,0x00,0x00, 
	0x00,0x00,0x00,0x00, 
	0x00,0x00,0x00,0x00, 
	0x00,0x00,0x00,0x00, 
	0x00,0x00,0x00,0x00, 
	0x00,0x00,0x00,0x00, 
	0x00,0x00,0x00,0x00, 
	0x00,0x00,0x00,0x00, 
	0x00,0x00,0x00,0x00, 
	0x00,0x00,0x00,0x00, 
	0x00,0x00,0x00,0x00, 
	0x00,0x00,0x00,0x00, 
	0x00,0x00,0x00,0x00, 
	0x00,0x00,0x00,0x00, 
	0x00,0x00,0x00,0x00, 
	0x00,0x00,0x00,0x00, 
	0x00,0x00,0x00,0x00, 
	0x00,0x00,0x00,0x00, 
	0x00,0x00,0x00,0x00, 
	0x00,0x00,0x00,0x00, 
	0x00,0x00,0x00,0x00, 
	0x00,0x00,0x00,0x00, 
	0x00,0x00,0x00,0x00, 
	0x00,0x00,0x00,0x00, 
	0x00,0x00,0x00,0x00, 
	0x00,0x00,0x00,0x00, 
	0x00,0x00,0x00,0x00, 
	0x00,0x00,0x00,0x00, 
	0x00,0x00,0x00,0x00, 
	0x00,0x00,0x00,0x00, 
	0x00,0x00,0x00,0x00, 
	0x00,0x00,0x00,0x00, 
	0x00,0x00,0x00,0x00, 
	0x00,0x00,0x00,0x00, 
	0x00,0x00,0x00,0x00, 
	0x00,0x00,0x00,0x00, 
	0x00,0x00,0x00,0x00, 
	0x00,0x00,0x00,0x00, 
	0x00,0x00,0x00,0x00, 
	0x00,0x00,0x00,0x00, 
	0x00,0x00,0x00,0x00, 
	0x00,0x00,0x00,0x00, 
	0x00,0x00,0x00,0x00, 
	0x00,0x00,0x00,0x00, 
	0x00,0x00,0x00,0x00, 
	0x00,0x00,0x00,0x00, 
	0x00,0x00,0x00,0x00, 
	0x00,0x00,0x00,0x00, 
	0x00,0x00,0x00,0x00, 
	0x00,0x00,0x00,0x00, 
	0x00,0x00,0x00,0x00, 
	0x00,0x00,0x00,0x00, 
	0x00,0x00,0x00,0x00, 
	0x00,0x00,0x00,0x00, 
	0x00,0x00,0x00,0x00, 
	0x00,0x00,0x00,0x00, 
	0x00,0x00,0x00,0x00, 
	0x00,0x00,0x00,0x00, 
	0x00,0x00,0x00,0x00, 
	0x00,0x00,0x00,0x00, 
	0x00,0x00,0x00,0x00, 
	0x00,0x00,0x00,0x00, 
	0x00,0x00,0x00,0x00, 
	0x00,0x00,0x00,0x00, 
	0x00,0x00,0x00,0x00, 
	0x00,0x00,0x00,0x00, 
	0x00,0x00,0x00,0x00, 
	0x00,0x00,0x00,0x00, 
	0x00,0x00,0x00,0x00, 
	0x00,0x00,0x00,0x00, 
	0x00,0x00,0x00,0x00, 
	0x00,0x00,0x00,0x00, 
	0x00,0x00,0x00,0x00, 
	0x00,0x00,0x00,0x00, 
	0x00,0x00,0x00,0x00, 
	0x00,0x00,0x00,0x00, 
	0x00,0x00,0x00,0x00, 
	0x00,0x00,0x00,0x00, 
	0x00,0x00,0x00,0x00, 
	0x00,0x00,0x00,0x00, 
	0x00,0x00,0x00,0x00, 
	0x00,0x00,0x00,0x00, 
	0x00,0x00,0x00,0x00, 
	0x00,0x00,0x00,0x00, 
	0x00,0x00,0x00,0x00, 
	0x00,0x00,0x00,0x00, 
	0x00,0x00,0x00,0x00, 
	0x00,0x00,0x00,0x00, 
	0x00,0x00,0x00,0x00, 
	0x00,0x00,0x00,0x00, 
	0x00,0x00,0x00,0x00, 
	0x00,0x00,0x00,0x00, 
	0x00,0x00,0x00,0x00, 
	0x00,0x00,0x00,0x00, 
	0x00,0x00,0x00,0x00, 
	0x00,0x00,0x00,0x00, 
	0x00,0x00,0x00,0x00, 
	0x00,0x00,0x00,0x00, 
	0x00,0x00,0x00,0x00, 
	0x00,0x00,0x00,0x00, 
	0x00,0x00,0x00,0x00, 
	0x00,0x00,0x00,0x00, 
	0x00,0x00,0x00,0x00, 
	0x00,0x00,0x00,0x00, 
	0x00,0x00,0x00,0x00, 
	0x00,0x00,0x00,0x00, 
	0x00,0x00,0x00,0x00, 
	0x00,0x00,0x00,0x00, 
	0x00,0x00,0x00,0x00, 
	0x00,0x00,0x00,0x00, 
	0x00,0x00,0x00,0x00, 
	0x00,0x00,0x00,0x00, 
	0x00,0x00,0x00,0x00, 
	0x00,0x00,0x00,0x00, 
	0x00,0x00,0x00,0x00, 
	0x00,0x00,0x00,0x00, 
	0x00,0x00,0x00,0x00, 
	0x00,0x00,0x00,0x00, 
	0x00,0x00,0x00,0x00, 
	0x00,0x00,0x00,0x00, 
	0x00,0x00,0x00,0x00, 
	0x00,0x00,0x00,0x00, 
	0x00,0x00,0x00,0x00, 
	0x00,0x00,0x00,0x00, 
	0x00,0x00,0x00,0x00, 
	0x00,0x00,0x00,0x00, 
	0x00,0x00,0x00,0x00, 
	0x00,0x00,0x00,0x00, 
	0x00,0x00,0x00,0x00, 
	0x00,0x00,0x00,0x00, 
	0x00,0x00,0x00,0x00, 
	0x00,0x00,0x00,0x00, 
	0x00,0x00,0x00,0x00, 
	0x00,0x00,0x00,0x00, 
	0x00,0x00,0x00,0x00, 
	0x00,0x00,0x00,0x00, 
	0x00,0x00,0x00,0x00, 
	0x00,0x00,0x00,0x00, 
	0x00,0x00,0x00,0x00, 
	0x00,0x00,0x00,0x00, 
	0x00,0x00,0x00,0x00, 
	0x00,0x00,0x00,0x00, 
	0x00,0x00,0x00,0x00, 
	0x00,0x00,0x00,0x00, 
	0x00,0x00,0x00,0x00, 
	0x00,0x00,0x00,0x00, 
	0x00,0x00,0x00,0x00, 
	0x00,0x00,0x00,0x00, 
	0x00,0x00,0x00,0x00, 
	0x00,0x00,0x00,0x00, 
	0x00,0x00,0x00,0x00, 
	0x00,0x00,0x00,0x00, 
	0x00,0x00,0x00,0x00, 
	0x00,0x00,0x00,0x00, 
	0x00,0x00,0x00,0x00, 
	0x00,0x00,0x00,0x00, 
	0x00,0x00,0x00,0x00, 
	0x00,0x00,0x00,0x00, 
	0x00,0x00,0x00,0x00, 
	0x00,0x00,0x00,0x00, 
	0x00,0x00,0x00,0x00, 
	0x00,0x00,0x00,0x00, 
	0x00,0x00,0x00,0x00, 
	0x00,0x00,0x00,0x00, 
	0x00,0x00,0x00,0x00, 
	0x00,0x00,0x00,0x00, 
	0x00,0x00,0x00,0x00, 
	0x00,0x00,0x00,0x00, 
	0x00,0x00,0x00,0x00, 
	0x00,0x00,0x00,0x00, 
	0x00,0x00,0x00,0x00, 
	0x00,0x00,0x00,0x00, 
	0x00,0x00,0x00,0x00, 
	0x00,0x00,0x00,0x00, 
	0x00,0x00,0x00,0x00, 
	0x00,0x00,0x00,0x00, 
	0x00,0x00,0x00,0x00, 
	0x00,0x00,0x00,0x00, 
	0x00,0x00,0x00,0x00, 
	0x00,0x00,0x00,0x00, 
	0x00,0x00,0x00,0x00, 
	0x00,0x00,0x00,0x00, 
	0x00,0x00,0x00,0x00, 
	0x00,0x00,0x00,0x00, 
	0x00,0x00,0x00,0x00, 
	0x00,0x00,0x00,0x00, 
	0x00,0x00,0x00,0x00, 
	0x00,0x00,0x00,0x00, 
	0x00,0x00,0x00,0x00, 
	0x00,0x00,0x00,0x00, 
	0x00,0x00,0x00,0x00, 
	0x00,0x00,0x00,0x00, 
	0x00,0x00,0x00,0x00, 
	0x00,0x00,0x00,0x00, 
	0x00,0x00,0x00,0x00, 
	0x00,0x00,0x00,0x00, 
	0x00,0x00,0x00,0x00, 
	0x00,0x00,0x00,0x00, 
	0x00,0x00,0x00,0x00, 
	0x00,0x00,0x00,0x00, 
	0x00,0x00,0x00,0x00, 
	0x00,0x00,0x00,0x00, 
	0x00,0x00,0x00,0x00, 
	0x00,0x00,0x00,0x00, 
	0x00,0x00,0x00,0x00, 
	0x00,0x00,0x00,0x00, 
	0x00,0x00,0x00,0x00, 
	0x00,0x00,0x00,0x00, 
	0x00,0x00,0x00,0x00, 
	0x00,0x00,0x00,0x00, 
	0x00,0x00,0x00,0x00, 
	0x00,0x00,0x00,0x00, 
	0x00,0x00,0x00,0x00, 
	0x00,0x00,0x00,0x00, 
	0x00,0x00,0x00,0x00, 
	0x00,0x00,0x00,0x00, 
	0x00,0x00,0x00,0x00, 
	0x00,0x00,0x00,0x00, 
	0x00,0x00,0x00,0x00, 
	0x00,0x00,0x00,0x00, 
	0x00,0x00,0x00,0x00, 
	0x00,0x00,0x00,0x00, 
	0x00,0x00,0x00,0x00, 
	0x00,0x00,0x00,0x00, 
	0x00,0x00,0x00,0x00, 
	0x00,0x00,0x00,0x00, 
	0x00,0x00,0x00,0x00, 
	0x00,0x00,0x00,0x00, 
	0x00,0x00,0x00,0x00, 
	0x00,0x00,0x00,0x00, 
	0x00,0x00,0x00,0x00, 
	0x00,0x00,0x00,0x00, 
	0x00,0x00,0x00,0x00, 
	0x00,0x00,0x00,0x00, 
	0x00,0x00,0x00,0x00, 
	0x00,0x00,0x00,0x00, 
	0x00,0x00,0x00,0x00, 
	0x00,0x00,0x00,0x00, 
	0x00,0x00,0x00,0x00, 
	0x00,0x00,0x00,0x00, 
	0x00,0x00,0x00,0x00, 
	0x00,0x00,0x00,0x00, 
	0x00,0x00,0x00,0x00, 
	0x00,0x00,0x00,0x00, 
	0x00,0x00,0x00,0x00, 
	0x00,0x00,0x00,0x00, 
	0x00,0x00,0x00,0x00, 
	0x00,0x00,0x00,0x00, 
	0x00,0x00,0x00,0x00, 
	0x00,0x00,0x00,0x00, 
	0x00,0x00,0x00,0x00, 
	0x00,0x00,0x00,0x00, 
	0x00,0x00,0x00,0x00, 
	0x00,0x00,0x00,0x00, 
	0x00,0x00,0x00,0x00, 
	0x00,0x00,0x00,0x00, 
	0x00,0x00,0x00,0x00, 
	0x00,0x00,0x00,0x00, 
	0x00,0x00,0x00,0x00, 
	0x00,0x00,0x00,0x00, 
	0x00,0x00,0x00,0x00, 
	0x00,0x00,0x00,0x00, 
	0x00,0x00,0x00,0x00, 
	0x00,0x00,0x00,0x00, 
	0x00,0x00,0x00,0x00, 
	0x00,0x00,0x00,0x00, 
	0x00,0x00,0x00,0x00, 
	0x00,0x00,0x00,0x00, 
	0x00,0x00,0x00,0x00, 
	0x00,0x00,0x00,0x00, 
	0x00,0x00,0x00,0x00, 
	0x00,0x00,0x00,0x00, 
	0x00,0x00,0x00,0x00, 
	0x00,0x00,0x00,0x00, 
	0x00,0x00,0x00,0x00, 
	0x00,0x00,0x00,0x00, 
	0x00,0x00,0x00,0x00, 
	0x00,0x00,0x00,0x00, 
	0x00,0x00,0x00,0x00, 
	0x00,0x00,0x00,0x00, 
	0x00,0x00,0x00,0x00, 
	0x00,0x00,0x00,0x00, 
	0x00,0x00,0x00,0x00, 
	0x00,0x00,0x00,0x00, 
	0x00,0x00,0x00,0x00, 
	0x00,0x00,0x00,0x00, 
	0x00,0x00,0x00,0x00, 
	0x00,0x00,0x00,0x00, 
	0x00,0x00,0x00,0x00, 
	0x00,0x00,0x00,0x00, 
	0x00,0x00,0x00,0x00, 
	0x00,0x00,0x00,0x00, 
	0x00,0x00,0x00,0x00, 
	0x00,0x00,0x00,0x00, 
	0x00,0x00,0x00,0x00, 
	0x00,0x00,0x00,0x00, 
	0x00,0x00,0x00,0x00, 
	0x00,0x00,0x00,0x00, 
	0x00,0x00,0x00,0x00, 
	0x00,0x00,0x00,0x00, 
	0x00,0x00,0x00,0x00, 
	0x00,0x00,0x00,0x00, 
	0x00,0x00,0x00,0x00, 
	0x00,0x00,0x00,0x00, 
	0x00,0x00,0x00,0x00, 
	0x00,0x00,0x00,0x00, 
	0x00,0x00,0x00,0x00, 
	0x00,0x00,0x00,0x00, 
	0x00,0x00,0x00,0x00, 
	0x00,0x00,0x00,0x00, 
	0x00,0x00,0x00,0x00, 
	0x00,0x00,0x00,0x00, 
	0x00,0x00,0x00,0x00, 
	0x00,0x00,0x00,0x00, 
	0x00,0x00,0x00,0x00, 
	0x00,0x00,0x00,0x00, 
	0x00,0x00,0x00,0x00, 
	0x00,0x00,0x00,0x00, 
	0x00,0x00,0x00,0x00, 
	0x00,0x00,0x00,0x00, 
	0x00,0x00,0x00,0x00, 
	0x00,0x00,0x00,0x00, 
	0x00,0x00,0x00,0x00, 
	0x00,0x00,0x00,0x00, 
	0x00,0x00,0x00,0x00, 
	0x00,0x00,0x00,0x00, 
	0x00,0x00,0x00,0x00, 
	0x00,0x00,0x00,0x00, 
	0x00,0x00,0x00,0x00, 
	0x00,0x00,0x00,0x00, 
	0x00,0x00,0x00,0x00, 
	0x00,0x00,0x00,0x00, 
	0x00,0x00,0x00,0x00, 
	0x00,0x00,0x00,0x00, 
	0x00,0x00,0x00,0x00, 
	0x00,0x00,0x00,0x00, 
	0x00,0x00,0x00,0x00, 
	0x00,0x00,0x00,0x00, 
	0x00,0x00,0x00,0x00, 
	0x00,0x00,0x00,0x00, 
	0x00,0x00,0x00,0x00, 
	0x00,0x00,0x00,0x00, 
	0x00,0x00,0x00,0x00, 
	0x00,0x00,0x00,0x00, 
	0x00,0x00,0x00,0x00, 
	0x00,0x00,0x00,0x00, 
	0x00,0x00,0x00,0x00, 
	0x00,0x00,0x00,0x00, 
	0x00,0x00,0x00,0x00, 
	0x00,0x00,0x00,0x00, 
	0x00,0x00,0x00,0x00, 
	0x00,0x00,0x00,0x00, 
	0x00,0x00,0x00,0x00, 
	0x00,0x00,0x00,0x00, 
	0x00,0x00,0x00,0x00, 
	0x00,0x00,0x00,0x00, 
	0x00,0x00,0x00,0x00, 
	0x00,0x00,0x00,0x00, 
	0x00,0x00,0x00,0x00, 
	0x00,0x00,0x00,0x00, 
	0x00,0x00,0x00,0x00, 
	0x00,0x00,0x00,0x00, 
	0x00,0x00,0x00,0x00, 
	0x00,0x00,0x00,0x00, 
	0x00,0x00,0x00,0x00, 
	0x00,0x00,0x00,0x00, 
	0x00,0x00,0x00,0x00, 
	0x00,0x00,0x00,0x00, 
	0x00,0x00,0x00,0x00, 
	0x00,0x00,0x00,0x00, 
	0x00,0x00,0x00,0x00, 
	0x00,0x00,0x00,0x00, 
	0x00,0x00,0x00,0x00, 
	0x00,0x00,0x00,0x00, 
	0x00,0x00,0x00,0x00, 
	0x00,0x00,0x00,0x00, 
	0x00,0x00,0x00,0x00, 
	0x00,0x00,0x00,0x00, 
	0x00,0x00,0x00,0x00, 
	0x00,0x00,0x00,0x00, 
	0x00,0x00,0x00,0x00, 
	0x00,0x00,0x00,0x00, 
	0x00,0x00,0x00,0x00, 
	0x00,0x00,0x00,0x00, 
	0x00,0x00,0x00,0x00, 
	0x00,0x00,0x00,0x00, 
	0x00,0x00,0x00,0x00, 
	0x00,0x00,0x00,0x00, 
	0x00,0x00,0x00,0x00, 
	0x00,0x00,0x00,0x00, 
	0x00,0x00,0x00,0x00, 
	0x00,0x00,0x00,0x00, 
	0x00,0x00,0x00,0x00, 
	0x00,0x00,0x00,0x00, 
	0x00,0x00,0x00,0x00, 
	0x00,0x00,0x00,0x00, 
	0x00,0x00,0x00,0x00, 
	0x00,0x00,0x00,0x00, 
	0x00,0x00,0x00,0x00, 
	0x00,0x00,0x00,0x00, 
	0x00,0x00,0x00,0x00, 
	0x00,0x00,0x00,0x00, 
	0x00,0x00,0x00,0x00, 
	0x00,0x00,0x00,0x00, 
	0x00,0x00,0x00,0x00, 
	0x00,0x00,0x00,0x00, 
	0x00,0x00,0x00,0x00, 
	0x00,0x00,0x00,0x00, 
	0x00,0x00,0x00,0x00, 
	0x00,0x00,0x00,0x00, 
	0x00,0x00,0x00,0x00, 
	0x00,0x00,0x00,0x00, 
	0x00,0x00,0x00,0x00, 
	0x00,0x00,0x00,0x00, 
	0x00,0x00,0x00,0x00, 
	0x00,0x00,0x00,0x00, 
	0x00,0x00,0x00,0x00, 
	0x00,0x00,0x00,0x00, 
	0x00,0x00,0x00,0x00, 
	0x00,0x00,0x00,0x00, 
	0x00,0x00,0x00,0x00, 
	0x00,0x00,0x00,0x00, 
	0x00,0x00,0x00,0x00, 
	0x00,0x00,0x00,0x00, 
	0x00,0x00,0x00,0x00, 
	0x00,0x00,0x00,0x00, 
	0x00,0x00,0x00,0x00, 
	0x00,0x00,0x00,0x00, 
	0x00,0x00,0x00,0x00, 
	0x00,0x00,0x00,0x00, 
	0x00,0x00,0x00,0x00, 
	0x00,0x00,0x00,0x00, 
	0x00,0x00,0x00,0x00, 
	0x00,0x00,0x00,0x00, 
	0x00,0x00,0x00,0x00, 
	0x00,0x00,0x00,0x00, 
	0x00,0x00,0x00,0x00, 
	0x00,0x00,0x00,0x00, 
	0x00,0x00,0x00,0x00, 
	0x00,0x00,0x00,0x00, 
	0x00,0x00,0x00,0x00, 
	0x00,0x00,0x00,0x00, 
	0x00,0x00,0x00,0x00, 
	0x00,0x00,0x00,0x00, 
	0x00,0x00,0x00,0x00, 
	0x00,0x00,0x00,0x00, 
	0x00,0x00,0x00,0x00, 
	0x00,0x00,0x00,0x00, 
	0x00,0x00,0x00,0x00, 
	0x00,0x00,0x00,0x00, 
	0x00,0x00,0x00,0x00, 
	0x00,0x00,0x00,0x00, 
	0x00,0x00,0x00,0x00, 
	0x00,0x00,0x00,0x00, 
	0x00,0x00,0x00,0x00, 
	0x00,0x00,0x00,0x00, 
	0x00,0x00,0x00,0x00, 
	0x00,0x00,0x00,0x00, 
	0x00,0x00,0x00,0x00, 
	0x00,0x00,0x00,0x00, 
	0x00,0x00,0x00,0x00, 
	0x00,0x00,0x00,0x00, 
	0x00,0x00,0x00,0x00, 
	0x00,0x00,0x00,0x00, 
	0x00,0x00,0x00,0x00, 
	0x00,0x00,0x00,0x00, 
	0x00,0x00,0x00,0x00, 
	0x00,0x00,0x00,0x00, 
	0x00,0x00,0x00,0x00, 
	0x00,0x00,0x00,0x00, 
	0x00,0x00,0x00,0x00, 
	0x00,0x00,0x00,0x00, 
	0x00,0x00,0x00,0x00, 
	0x00,0x00,0x00,0x00, 
	0x00,0x00,0x00,0x00, 
	0x00,0x00,0x00,0x00, 
	0x00,0x00,0x00,0x00, 
	0x00,0x00,0x00,0x00, 
	0x00,0x00,0x00,0x00, 
	0x00,0x00,0x00,0x00, 
	0x00,0x00,0x00,0x00, 
	0x00,0x00,0x00,0x00, 
	0x00,0x00,0x00,0x00, 
	0x00,0x00,0x00,0x00, 
	0x00,0x00,0x00,0x00, 
	0x00,0x00,0x00,0x00, 
	0x00,0x00,0x00,0x00, 
	0x00,0x00,0x00,0x00, 
	0x00,0x00,0x00,0x00, 
	0x00,0x00,0x00,0x00, 
	0x00,0x00,0x00,0x00, 
	0x00,0x00,0x00,0x00, 
	0x00,0x00,0x00,0x00, 
	0x00,0x00,0x00,0x00, 
	0x00,0x00,0x00,0x00, 
	0x00,0x00,0x00,0x00, 
	0x00,0x00,0x00,0x00, 
	0x00,0x00,0x00,0x00, 
	0x00,0x00,0x00,0x00, 
	0x00,0x00,0x00,0x00, 
	0x00,0x00,0x00,0x00, 
	0x00,0x00,0x00,0x00, 
	0x00,0x00,0x00,0x00, 
	0x00,0x00,0x00,0x00, 
	0x00,0x00,0x00,0x00, 
	0x00,0x00,0x00,0x00, 
	0x00,0x00,0x00,0x00, 
	0x00,0x00,0x00,0x00, 
	0x00,0x00,0x00,0x00, 
	0x00,0x00,0x00,0x00, 
	0x00,0x00,0x00,0x00, 
	0x00,0x00,0x00,0x00, 
	0x00,0x00,0x00,0x00, 
	0x00,0x00,0x00,0x00, 
	0x00,0x00,0x00,0x00, 
	0x00,0x00,0x00,0x00, 
	0x00,0x00,0x00,0x00, 
	0x00,0x00,0x00,0x00, 
	0x00,0x00,0x00,0x00, 
	0x00,0x00,0x00,0x00, 
	0x00,0x00,0x00,0x00, 
	0x00,0x00,0x00,0x00, 
	0x00,0x00,0x00,0x00, 
	0x00,0x00,0x00,0x00, 
	0x00,0x00,0x00,0x00, 
	0x00,0x00,0x00,0x00, 
	0x00,0x00,0x00,0x00, 
	0x00,0x00,0x00,0x00, 
	0x00,0x00,0x00,0x00, 
	0x00,0x00,0x00,0x00, 
	0x00,0x00,0x00,0x00, 
	0x00,0x00,0x00,0x00, 
	0x00,0x00,0x00,0x00, 
	0x00,0x00,0x00,0x00, 
	0x00,0x00,0x00,0x00, 
	0x00,0x00,0x00,0x00, 
	0x00,0x00,0x00,0x00, 
	0x00,0x00,0x00,0x00, 
	0x00,0x00,0x00,0x00, 
	0x00,0x00,0x00,0x00, 
	0x00,0x00,0x00,0x00, 
	0x00,0x00,0x00,0x00, 
	0x00,0x00,0x00,0x00, 
	0x00,0x00,0x00,0x00, 
	0x00,0x00,0x00,0x00, 
	0x00,0x00,0x00,0x00, 
	0x00,0x00,0x00,0x00, 
	0x00,0x00,0x00,0x00, 
	0x00,0x00,0x00,0x00, 
	0x00,0x00,0x00,0x00, 
	0x00,0x00,0x00,0x00, 
	0x00,0x00,0x00,0x00, 
	0x00,0x00,0x00,0x00, 
	0x00,0x00,0x00,0x00, 
	0x00,0x00,0x00,0x00, 
	0x00,0x00,0x00,0x00, 
	0x00,0x00,0x00,0x00, 
	0x00,0x00,0x00,0x00, 
	0x00,0x00,0x00,0x00, 
	0x00,0x00,0x00,0x00, 
	0x00,0x00,0x00,0x00, 
	0x00,0x00,0x00,0x00, 
	0x00,0x00,0x00,0x00, 
	0x00,0x00,0x00,0x00, 
	0x00,0x00,0x00,0x00, 
	0x00,0x00,0x00,0x00, 
	0x00,0x00,0x00,0x00, 
	0x00,0x00,0x00,0x00, 
	0x00,0x00,0x00,0x00, 
	0x00,0x00,0x00,0x00, 
	0x00,0x00,0x00,0x00, 
	0x00,0x00,0x00,0x00, 
	0x00,0x00,0x00,0x00, 
	0x00,0x00,0x00,0x00, 
	0x00,0x00,0x00,0x00, 
	0x00,0x00,0x00,0x00, 
	0x00,0x00,0x00,0x00, 
	0x00,0x00,0x00,0x00, 
	0x00,0x00,0x00,0x00, 
	0x00,0x00,0x00,0x00, 
	0x00,0x00,0x00,0x00, 
	0x00,0x00,0x00,0x00, 
	0x00,0x00,0x00,0x00, 
	0x00,0x00,0x00,0x00, 
	0x00,0x00,0x00,0x00, 
	0x00,0x00,0x00,0x00, 
	0x00,0x00,0x00,0x00, 
	0x00,0x00,0x00,0x00, 
	0x00,0x00,0x00,0x00, 
	0x00,0x00,0x00,0x00, 
	0x00,0x00,0x00,0x00, 
	0x00,0x00,0x00,0x00, 
	0x00,0x00,0x00,0x00, 
	0x00,0x00,0x00,0x00, 
	0x00,0x00,0x00,0x00, 
	0x00,0x00,0x00,0x00, 
	0x00,0x00,0x00,0x00, 
	0x00,0x00,0x00,0x00, 
	0x00,0x00,0x00,0x00, 
	0x00,0x00,0x00,0x00, 
	0x00,0x00,0x00,0x00, 
	0x00,0x00,0x00,0x00, 
	0x00,0x00,0x00,0x00, 
	0x00,0x00,0x00,0x00, 
	0x00,0x00,0x00,0x00, 
	0x00,0x00,0x00,0x00, 
	0x00,0x00,0x00,0x00, 
	0x00,0x00,0x00,0x00, 
	0x00,0x00,0x00,0x00, 
	0x00,0x00,0x00,0x00, 
	0x00,0x00,0x00,0x00, 
	0x00,0x00,0x00,0x00, 
	0x00,0x00,0x00,0x00, 
	0x00,0x00,0x00,0x00, 
	0x00,0x00,0x00,0x00, 
	0x00,0x00,0x00,0x00, 
	0x00,0x00,0x00,0x00, 
	0x00,0x00,0x00,0x00, 
	0x00,0x00,0x00,0x00, 
	0x00,0x00,0x00,0x00, 
	0x00,0x00,0x00,0x00, 
	0x00,0x00,0x00,0x00, 
	0x00,0x00,0x00,0x00, 
	0x00,0x00,0x00,0x00, 
	0x00,0x00,0x00,0x00, 
	0x00,0x00,0x00,0x00, 
	0x00,0x00,0x00,0x00, 
	0x00,0x00,0x00,0x00, 
	0x00,0x00,0x00,0x00, 
	0x00,0x00,0x00,0x00, 
	0x00,0x00,0x00,0x00, 
	0x00,0x00,0x00,0x00, 
	0x00,0x00,0x00,0x00, 
	0x00,0x00,0x00,0x00, 
	0x00,0x00,0x00,0x00, 
	0x00,0x00,0x00,0x00, 
	0x00,0x00,0x00,0x00, 
	0x00,0x00,0x00,0x00, 
	0x00,0x00,0x00,0x00, 
	0x00,0x00,0x00,0x00, 
	0x00,0x00,0x00,0x00, 
	0x00,0x00,0x00,0x00, 
	0x00,0x00,0x00,0x00, 
	0x00,0x00,0x00,0x00, 
	0x00,0x00,0x00,0x00, 
	0x00,0x00,0x00,0x00, 
	0x00,0x00,0x00,0x00, 
	0x00,0x00,0x00,0x00, 
	0x00,0x00,0x00,0x00, 
	0x00,0x00,0x00,0x00, 
	0x00,0x00,0x00,0x00, 
	0x00,0x00,0x00,0x00, 
	0x00,0x00,0x00,0x00, 
	0x00,0x00,0x00,0x00, 
	0x00,0x00,0x00,0x00, 
	0x00,0x00,0x00,0x00, 
	0x00,0x00,0x00,0x00, 
	0x00,0x00,0x00,0x00, 
	0x00,0x00,0x00,0x00, 
	0x00,0x00,0x00,0x00, 
	0x00,0x00,0x00,0x00, 
	0x00,0x00,0x00,0x00, 
	0x00,0x00,0x00,0x00, 
	0x00,0x00,0x00,0x00, 
	0x00,0x00,0x00,0x00, 
	0x00,0x00,0x00,0x00, 
	0x00,0x00,0x00,0x00, 
	0x00,0x00,0x00,0x00, 
	0x00,0x00,0x00,0x00, 
	0x00,0x00,0x00,0x00, 
	0x00,0x00,0x00,0x00, 
	0x00,0x00,0x00,0x00, 
	0x00,0x00,0x00,0x00, 
	0x00,0x00,0x00,0x00, 
	0x00,0x00,0x00,0x00, 
	0x00,0x00,0x00,0x00, 
	0x00,0x00,0x00,0x00, 
	0x00,0x00,0x00,0x00, 
	0x00,0x00,0x00,0x00, 
	0x00,0x00,0x00,0x00, 
	0x00,0x00,0x00,0x00, 
	0x00,0x00,0x00,0x00, 
	0x00,0x00,0x00,0x00, 
	0x00,0x00,0x00,0x00, 
	0x00,0x00,0x00,0x00, 
	0x00,0x00,0x00,0x00, 
	0x00,0x00,0x00,0x00, 
	0x00,0x00,0x00,0x00, 
	0x00,0x00,0x00,0x00, 
	0x00,0x00,0x00,0x00, 
	0x00,0x00,0x00,0x00, 
	0x00,0x00,0x00,0x00, 
	0x00,0x00,0x00,0x00, 
	0x00,0x00,0x00,0x00, 
	0x00,0x00,0x00,0x00, 
	0x00,0x00,0x00,0x00, 
	0x00,0x00,0x00,0x00, 
	0x00,0x00,0x00,0x00, 
	0x00,0x00,0x00,0x00, 
	0x00,0x00,0x00,0x00, 
	0x00,0x00,0x00,0x00, 
	0x00,0x00,0x00,0x00, 
	0x00,0x00,0x00,0x00, 
	0x00,0x00,0x00,0x00, 
	0x00,0x00,0x00,0x00, 
	0x00,0x00,0x00,0x00, 
	0x00,0x00,0x00,0x00, 
	0x00,0x00,0x00,0x00, 
	0x00,0x00,0x00,0x00, 
	0x00,0x00,0x00,0x00, 
	0x00,0x00,0x00,0x00, 
	0x00,0x00,0x00,0x00, 
	0x00,0x00,0x00,0x00, 
	0x00,0x00,0x00,0x00, 
	0x00,0x00,0x00,0x00, 
	0x00,0x00,0x00,0x00, 
	0x00,0x00,0x00,0x00, 
	0x00,0x00,0x00,0x00, 
	0x00,0x00,0x00,0x00, 
	0x00,0x00,0x00,0x00, 
	0x00,0x00,0x00,0x00, 
	0x00,0x00,0x00,0x00, 
	0x00,0x00,0x00,0x00, 
	0x00,0x00,0x00,0x00, 
	0x00,0x00,0x00,0x00, 
	0x00,0x00,0x00,0x00, 
	0x00,0x00,0x00,0x00, 
	0x00,0x00,0x00,0x00, 
	0x00,0x00,0x00,0x00, 
	0x00,0x00,0x00,0x00, 
	0x00,0x00,0x00,0x00, 
	0x00,0x00,0x00,0x00, 
	0x00,0x00,0x00,0x00, 
	0x00,0x00,0x00,0x00, 
	0x00,0x00,0x00,0x00, 
	0x00,0x00,0x00,0x00, 
	0x00,0x00,0x00,0x00, 
	0x00,0x00,0x00,0x00, 
	0x00,0x00,0x00,0x00, 
	0x00,0x00,0x00,0x00, 
	0x00,0x00,0x00,0x00, 
	0x00,0x00,0x00,0x00, 
	0x00,0x00,0x00,0x00, 
	0x00,0x00,0x00,0x00, 
	0x00,0x00,0x00,0x00, 
	0x00,0x00,0x00,0x00, 
	0x00,0x00,0x00,0x00, 
	0x00,0x00,0x00,0x00, 
	0x00,0x00,0x00,0x00, 
	0x00,0x00,0x00,0x00, 
	0x00,0x00,0x00,0x00, 
	0x00,0x00,0x00,0x00, 
	0x00,0x00,0x00,0x00, 
	0x00,0x00,0x00,0x00, 
	0x00,0x00,0x00,0x00, 
	0x00,0x00,0x00,0x00, 
	0x00,0x00,0x00,0x00, 
	0x00,0x00,0x00,0x00, 
	0x00,0x00,0x00,0x00, 
	0x00,0x00,0x00,0x00, 
	0x00,0x00,0x00,0x00, 
	0x00,0x00,0x00,0x00, 
	0x00,0x00,0x00,0x00, 
	0x00,0x00,0x00,0x00, 
	0x00,0x00,0x00,0x00, 
	0x00,0x00,0x00,0x00, 
	0x00,0x00,0x00,0x00, 
	0x00,0x00,0x00,0x00, 
	0x00,0x00,0x00,0x00, 
	0x00,0x00,0x00,0x00, 
	0x00,0x00,0x00,0x00, 
	0x00,0x00,0x00,0x00, 
	0x00,0x00,0x00,0x00, 
	0x00,0x00,0x00,0x00, 
	0x00,0x00,0x00,0x00, 
	0x00,0x00,0x00,0x00, 
	0x00,0x00,0x00,0x00, 
	0x00,0x00,0x00,0x00, 
	0x00,0x00,0x00,0x00, 
	0x00,0x00,0x00,0x00, 
	0x00,0x00,0x00,0x00, 
	0x00,0x00,0x00,0x00, 
	0x00,0x00,0x00,0x00, 
	0x00,0x00,0x00,0x00, 
	0x00,0x00,0x00,0x00, 
	0x00,0x00,0x00,0x00, 
	0x00,0x00,0x00,0x00, 
	0x00,0x00,0x00,0x00, 
	0x00,0x00,0x00,0x00, 
	0x00,0x00,0x00,0x00, 
	0x00,0x00,0x00,0x00, 
	0x00,0x00,0x00,0x00, 
	0x00,0x00,0x00,0x00, 
	0x00,0x00,0x00,0x00, 
	0x00,0x00,0x00,0x00, 
	0x00,0x00,0x00,0x00, 
	0x00,0x00,0x00,0x00, 
	0x00,0x00,0x00,0x00, 
	0x00,0x00,0x00,0x00, 
	0x00,0x00,0x00,0x00, 
	0x00,0x00,0x00,0x00, 
	0x00,0x00,0x00,0x00, 
	0x00,0x00,0x00,0x00, 
	0x00,0x00,0x00,0x00, 
	0x00,0x00,0x00,0x00, 
	0x00,0x00,0x00,0x00, 
	0x00,0x00,0x00,0x00, 
	0x00,0x00,0x00,0x00, 
	0x00,0x00,0x00,0x00, 
	0x00,0x00,0x00,0x00, 
	0x00,0x00,0x00,0x00, 
	0x00,0x00,0x00,0x00, 
	0x00,0x00,0x00,0x00, 
	0x00,0x00,0x00,0x00, 
	0x00,0x00,0x00,0x00, 
	0x00,0x00,0x00,0x00, 
	0x00,0x00,0x00,0x00, 
	0x00,0x00,0x00,0x00, 
	0x00,0x00,0x00,0x00, 
	0x00,0x00,0x00,0x00, 
	0x00,0x00,0x00,0x00, 
	0x00,0x00,0x00,0x00, 
	0x00,0x00,0x00,0x00, 
	0x00,0x00,0x00,0x00, 
	0x00,0x00,0x00,0x00, 
	0x00,0x00,0x00,0x00, 
	0x00,0x00,0x00,0x00, 
	0x00,0x00,0x00,0x00, 
	0x00,0x00,0x00,0x00, 
	0x00,0x00,0x00,0x00, 
	0x00,0x00,0x00,0x00, 
	0x00,0x00,0x00,0x00, 
	0x00,0x00,0x00,0x00, 
	0x00,0x00,0x00,0x00, 
	0x00,0x00,0x00,0x00, 
	0x00,0x00,0x00,0x00, 
	0x00,0x00,0x00,0x00, 
	0x00,0x00,0x00,0x00, 
	0x00,0x00,0x00,0x00, 
	0x00,0x00,0x00,0x00, 
	0x00,0x00,0x00,0x00, 
	0x00,0x00,0x00,0x00, 
	0x00,0x00,0x00,0x00, 
	0x00,0x00,0x00,0x00, 
	0x00,0x00,0x00,0x00, 
	0x00,0x00,0x00,0x00, 
	0x00,0x00,0x00,0x00, 
	0x00,0x00,0x00,0x00, 
	0x00,0x00,0x00,0x00, 
	0x00,0x00,0x00,0x00, 
	0x00,0x00,0x00,0x00, 
	0x00,0x00,0x00,0x00, 
	0x00,0x00,0x00,0x00, 
	0x00,0x00,0x00,0x00, 
	0x00,0x00,0x00,0x00, 
	0x00,0x00,0x00,0x00, 
	0x00,0x00,0x00,0x00, 
	0x00,0x00,0x00,0x00, 
	0x00,0x00,0x00,0x00, 
	0x00,0x00,0x00,0x00, 
	0x00,0x00,0x00,0x00, 
	0x00,0x00,0x00,0x00, 
	0x00,0x00,0x00,0x00, 
	0x00,0x00,0x00,0x00, 
	0x00,0x00,0x00,0x00, 
	0x00,0x00,0x00,0x00, 
	0x00,0x00,0x00,0x00, 
	0x00,0x00,0x00,0x00, 
	0x00,0x00,0x00,0x00, 
	0x00,0x00,0x00,0x00, 
	0x00,0x00,0x00,0x00, 
	0x00,0x00,0x00,0x00, 
	0x00,0x00,0x00,0x00, 
	0x00,0x00,0x00,0x00, 
	0x00,0x00,0x00,0x00, 
	0x00,0x00,0x00,0x00, 
	0x00,0x00,0x00,0x00, 
	0x00,0x00,0x00,0x00, 
	0x00,0x00,0x00,0x00, 
	0x00,0x00,0x00,0x00, 
	0x00,0x00,0x00,0x00, 
	0x00,0x00,0x00,0x00, 
	0x00,0x00,0x00,0x00, 
	0x00,0x00,0x00,0x00, 
	0x00,0x00,0x00,0x00, 
	0x00,0x00,0x00,0x00, 
	0x00,0x00,0x00,0x00, 
	0x00,0x00,0x00,0x00, 
	0x00,0x00,0x00,0x00, 
	0x00,0x00,0x00,0x00, 
	0x00,0x00,0x00,0x00, 
	0x00,0x00,0x00,0x00, 
	0x00,0x00,0x00,0x00, 
	0x00,0x00,0x00,0x00, 
	0x00,0x00,0x00,0x00, 
	0x00,0x00,0x00,0x00, 
	0x00,0x00,0x00,0x00, 
	0x00,0x00,0x00,0x00, 
	0x00,0x00,0x00,0x00, 
	0x00,0x00,0x00,0x00, 
	0x00,0x00,0x00,0x00, 
	0x00,0x00,0x00,0x00, 
	0x00,0x00,0x00,0x00, 
	0x00,0x00,0x00,0x00, 
	0x00,0x00,0x00,0x00, 
	0x00,0x00,0x00,0x00, 
	0x00,0x00,0x00,0x00, 
	0x00,0x00,0x00,0x00, 
	0x00,0x00,0x00,0x00, 
	0x00,0x00,0x00,0x00, 
	0x00,0x00,0x00,0x00, 
	0x00,0x00,0x00,0x00, 
	0x00,0x00,0x00,0x00, 
	0x00,0x00,0x00,0x00, 
	0x00,0x00,0x00,0x00, 
	0x00,0x00,0x00,0x00, 
	0x00,0x00,0x00,0x00, 
	0x00,0x00,0x00,0x00, 
	0x00,0x00,0x00,0x00, 
	0x00,0x00,0x00,0x00, 
	0x00,0x00,0x00,0x00, 
	0x00,0x00,0x00,0x00, 
	0x00,0x00,0x00,0x00, 
	0x00,0x00,0x00,0x00, 
	0x00,0x00,0x00,0x00, 
	0x00,0x00,0x00,0x00, 
	0x00,0x00,0x00,0x00, 
	0x00,0x00,0x00,0x00, 
	0x00,0x00,0x00,0x00, 
	0x00,0x00,0x00,0x00, 
	0x00,0x00,0x00,0x00, 
	0x00,0x00,0x00,0x00, 
	0x00,0x00,0x00,0x00, 
	0x00,0x00,0x00,0x00, 
	0x00,0x00,0x00,0x00, 
	0x00,0x00,0x00,0x00, 
	0x00,0x00,0x00,0x00, 
	0x00,0x00,0x00,0x00, 
	0x00,0x00,0x00,0x00, 
	0x00,0x00,0x00,0x00, 
	0x00,0x00,0x00,0x00, 
	0x00,0x00,0x00,0x00, 
	0x00,0x00,0x00,0x00, 
	0x00,0x00,0x00,0x00, 
	0x00,0x00,0x00,0x00, 
	0x00,0x00,0x00,0x00, 
	0x00,0x00,0x00,0x00, 
	0x00,0x00,0x00,0x00, 
	0x00,0x00,0x00,0x00, 
	0x00,0x00,0x00,0x00, 
	0x00,0x00,0x00,0x00, 
	0x00,0x00,0x00,0x00, 
	0x00,0x00,0x00,0x00, 
	0x00,0x00,0x00,0x00, 
	0x00,0x00,0x00,0x00, 
	0x00,0x00,0x00,0x00, 
	0x00,0x00,0x00,0x00, 
	0x00,0x00,0x00,0x00, 
	0x00,0x00,0x00,0x00, 
	0x00,0x00,0x00,0x00, 
	0x00,0x00,0x00,0x00, 
	0x00,0x00,0x00,0x00, 
	0x00,0x00,0x00,0x00, 
	0x00,0x00,0x00,0x00, 
	0x00,0x00,0x00,0x00, 
	0x00,0x00,0x00,0x00, 
	0x00,0x00,0x00,0x00, 
	0x00,0x00,0x00,0x00, 
	0x00,0x00,0x00,0x00, 
	0x00,0x00,0x00,0x00, 
	0x00,0x00,0x00,0x00, 
	0x00,0x00,0x00,0x00, 
	0x00,0x00,0x00,0x00, 
	0x00,0x00,0x00,0x00, 
	0x00,0x00,0x00,0x00, 
	0x00,0x00,0x00,0x00, 
	0x00,0x00,0x00,0x00, 
	0x00,0x00,0x00,0x00, 
	0x00,0x00,0x00,0x00, 
	0x00,0x00,0x00,0x00, 
	0x00,0x00,0x00,0x00, 
	0x00,0x00,0x00,0x00, 
	0x00,0x00,0x00,0x00, 
	0x00,0x00,0x00,0x00, 
	0x00,0x00,0x00,0x00, 
	0x00,0x00,0x00,0x00, 
	0x00,0x00,0x00,0x00, 
	0x00,0x00,0x00,0x00, 
	0x00,0x00,0x00,0x00, 
	0x00,0x00,0x00,0x00, 
	0x00,0x00,0x00,0x00, 
	0x00,0x00,0x00,0x00, 
	0x00,0x00,0x00,0x00, 
	0x00,0x00,0x00,0x00, 
	0x00,0x00,0x00,0x00, 
	0x00,0x00,0x00,0x00, 
	0x00,0x00,0x00,0x00, 
	0x00,0x00,0x00,0x00, 
	0x00,0x00,0x00,0x00, 
	0x00,0x00,0x00,0x00, 
	0x00,0x00,0x00,0x00, 
	0x00,0x00,0x00,0x00, 
	0x00,0x00,0x00,0x00, 
	0x00,0x00,0x00,0x00, 
	0x00,0x00,0x00,0x00, 
	0x00,0x00,0x00,0x00, 
	0x00,0x00,0x00,0x00, 
	0x00,0x00,0x00,0x00, 
	0x00,0x00,0x00,0x00, 
	0x00,0x00,0x00,0x00, 
	0x00,0x00,0x00,0x00, 
	0x00,0x00,0x00,0x00, 
	0x00,0x00,0x00,0x00, 
	0x00,0x00,0x00,0x00, 
	0x00,0x00,0x00,0x00, 
	0x00,0x00,0x00,0x00, 
	0x00,0x00,0x00,0x00, 
	0x00,0x00,0x00,0x00, 
	0x00,0x00,0x00,0x00, 
	0x00,0x00,0x00,0x00, 
	0x00,0x00,0x00,0x00, 
	0x00,0x00,0x00,0x00, 
	0x00,0x00,0x00,0x00, 
	0x00,0x00,0x00,0x00, 
	0x00,0x00,0x00,0x00, 
	0x00,0x00,0x00,0x00, 
	0x00,0x00,0x00,0x00, 
	0x00,0x00,0x00,0x00, 
	0x00,0x00,0x00,0x00, 
	0x00,0x00,0x00,0x00, 
	0x00,0x00,0x00,0x00, 
	0x00,0x00,0x00,0x00, 
	0x00,0x00,0x00,0x00, 
	0x00,0x00,0x00,0x00, 
	0x00,0x00,0x00,0x00, 
	0x00,0x00,0x00,0x00, 
	0x00,0x00,0x00,0x00, 
	0x00,0x00,0x00,0x00, 
	0x00,0x00,0x00,0x00, 
	0x00,0x00,0x00,0x00, 
	0x00,0x00,0x00,0x00, 
	0x00,0x00,0x00,0x00, 
	0x00,0x00,0x00,0x00, 
	0x00,0x00,0x00,0x00, 
	0x00,0x00,0x00,0x00, 
	0x00,0x00,0x00,0x00, 
	0x00,0x00,0x00,0x00, 
	0x00,0x00,0x00,0x00, 
	0x00,0x00,0x00,0x00, 
	0x00,0x00,0x00,0x00, 
	0x00,0x00,0x00,0x00, 
	0x00,0x00,0x00,0x00, 
	0x00,0x00,0x00,0x00, 
	0x00,0x00,0x00,0x00, 
	0x00,0x00,0x00,0x00, 
	0x00,0x00,0x00,0x00, 
	0x00,0x00,0x00,0x00, 
	0x00,0x00,0x00,0x00, 
	0x00,0x00,0x00,0x00, 
	0x00,0x00,0x00,0x00, 
	0x00,0x00,0x00,0x00, 
	0x00,0x00,0x00,0x00, 
	0x00,0x00,0x00,0x00, 
	0x00,0x00,0x00,0x00, 
	0x00,0x00,0x00,0x00, 
	0x00,0x00,0x00,0x00, 
	0x00,0x00,0x00,0x00, 
	0x00,0x00,0x00,0x00, 
	0x00,0x00,0x00,0x00, 
	0x00,0x00,0x00,0x00, 
	0x00,0x00,0x00,0x00, 
	0x00,0x00,0x00,0x00, 
	0x00,0x00,0x00,0x00, 
	0x00,0x00,0x00,0x00, 
	0x00,0x00,0x00,0x00, 
	0x00,0x00,0x00,0x00, 
	0x00,0x00,0x00,0x00, 
	0x00,0x00,0x00,0x00, 
	0x00,0x00,0x00,0x00, 
	0x00,0x00,0x00,0x00, 
	0x00,0x00,0x00,0x00, 
	0x00,0x00,0x00,0x00, 
	0x00,0x00,0x00,0x00, 
	0x00,0x00,0x00,0x00, 
	0x00,0x00,0x00,0x00, 
	0x00,0x00,0x00,0x00, 
	0x00,0x00,0x00,0x00, 
	0x00,0x00,0x00,0x00, 
	0x00,0x00,0x00,0x00, 
	0x00,0x00,0x00,0x00, 
	0x00,0x00,0x00,0x00, 
	0x00,0x00,0x00,0x00, 
	0x00,0x00,0x00,0x00, 
	0x00,0x00,0x00,0x00, 
	0x00,0x00,0x00,0x00, 
	0x00,0x00,0x00,0x00, 
	0x00,0x00,0x00,0x00, 
	0x00,0x00,0x00,0x00, 
	0x00,0x00,0x00,0x00, 
	0x00,0x00,0x00,0x00, 
	0x00,0x00,0x00,0x00, 
	0x00,0x00,0x00,0x00, 
	0x00,0x00,0x00,0x00, 
	0x00,0x00,0x00,0x00, 
	0x00,0x00,0x00,0x00, 
	0x00,0x00,0x00,0x00, 
	0x00,0x00,0x00,0x00, 
	0x00,0x00,0x00,0x00, 
	0x00,0x00,0x00,0x00, 
	0x00,0x00,0x00,0x00, 
	0x00,0x00,0x00,0x00, 
	0x00,0x00,0x00,0x00, 
	0x00,0x00,0x00,0x00, 
	0x00,0x00,0x00,0x00, 
	0x00,0x00,0x00,0x00, 
	0x00,0x00,0x00,0x00, 
	0x00,0x00,0x00,0x00, 
	0x00,0x00,0x00,0x00, 
	0x00,0x00,0x00,0x00, 
	0x00,0x00,0x00,0x00, 
	0x00,0x00,0x00,0x00, 
	0x00,0x00,0x00,0x00, 
	0x00,0x00,0x00,0x00, 
	0x00,0x00,0x00,0x00, 
	0x00,0x00,0x00,0x00, 
	0x00,0x00,0x00,0x00, 
	0x00,0x00,0x00,0x00, 
	0x00,0x00,0x00,0x00, 
	0x00,0x00,0x00,0x00, 
	0x00,0x00,0x00,0x00, 
	0x00,0x00,0x00,0x00, 
	0x00,0x00,0x00,0x00, 
	0x00,0x00,0x00,0x00, 
	0x00,0x00,0x00,0x00, 
	0x00,0x00,0x00,0x00, 
	0x00,0x00,0x00,0x00, 
	0x00,0x00,0x00,0x00, 
	0x00,0x00,0x00,0x00, 
	0x00,0x00,0x00,0x00, 
	0x00,0x00,0x00,0x00, 
	0x00,0x00,0x00,0x00, 
	0x00,0x00,0x00,0x00, 
	0x00,0x00,0x00,0x00, 
	0x00,0x00,0x00,0x00, 
	0x00,0x00,0x00,0x00, 
	0x00,0x00,0x00,0x00, 
	0x00,0x00,0x00,0x00, 
	0x00,0x00,0x00,0x00, 
	0x00,0x00,0x00,0x00, 
	0x00,0x00,0x00,0x00, 
	0x00,0x00,0x00,0x00, 
	0x00,0x00,0x00,0x00, 
	0x00,0x00,0x00,0x00, 
	0x00,0x00,0x00,0x00, 
	0x00,0x00,0x00,0x00, 
	0x00,0x00,0x00,0x00, 
	0x00,0x00,0x00,0x00, 
	0x00,0x00,0x00,0x00, 
	0x00,0x00,0x00,0x00, 
	0x00,0x00,0x00,0x00, 
	0x00,0x00,0x00,0x00, 
	0x00,0x00,0x00,0x00, 
	0x00,0x00,0x00,0x00, 
	0x00,0x00,0x00,0x00, 
	0x00,0x00,0x00,0x00, 
	0x00,0x00,0x00,0x00, 
	0x00,0x00,0x00,0x00, 
	0x00,0x00,0x00,0x00, 
	0x00,0x00,0x00,0x00, 
	0x00,0x00,0x00,0x00, 
	0x00,0x00,0x00,0x00, 
	0x00,0x00,0x00,0x00, 
	0x00,0x00,0x00,0x00, 
	0x00,0x00,0x00,0x00, 
	0x00,0x00,0x00,0x00, 
	0x00,0x00,0x00,0x00, 
	0x00,0x00,0x00,0x00, 
	0x00,0x00,0x00,0x00, 
	0x00,0x00,0x00,0x00, 
	0x00,0x00,0x00,0x00, 
	0x00,0x00,0x00,0x00, 
	0x00,0x00,0x00,0x00, 
	0x00,0x00,0x00,0x00, 
	0x00,0x00,0x00,0x00, 
	0x00,0x00,0x00,0x00, 
	0x00,0x00,0x00,0x00, 
	0x00,0x00,0x00,0x00, 
	0x00,0x00,0x00,0x00, 
	0x00,0x00,0x00,0x00, 
	0x00,0x00,0x00,0x00, 
	0x00,0x00,0x00,0x00, 
	0x00,0x00,0x00,0x00, 
	0x00,0x00,0x00,0x00, 
	0x00,0x00,0x00,0x00, 
	0x00,0x00,0x00,0x00, 
	0x00,0x00,0x00,0x00, 
	0x00,0x00,0x00,0x00, 
	0x00,0x00,0x00,0x00, 
	0x00,0x00,0x00,0x00, 
	0x00,0x00,0x00,0x00, 
	0x00,0x00,0x00,0x00, 
	0x00,0x00,0x00,0x00, 
	0x00,0x00,0x00,0x00, 
	0x00,0x00,0x00,0x00, 
	0x00,0x00,0x00,0x00, 
	0x00,0x00,0x00,0x00, 
	0x00,0x00,0x00,0x00, 
	0x00,0x00,0x00,0x00, 
	0x00,0x00,0x00,0x00, 
	0x00,0x00,0x00,0x00, 
	0x00,0x00,0x00,0x00, 
	0x00,0x00,0x00,0x00, 
	0x00,0x00,0x00,0x00, 
	0x00,0x00,0x00,0x00, 
	0x00,0x00,0x00,0x00, 
	0x00,0x00,0x00,0x00, 
	0x00,0x00,0x00,0x00, 
	0x00,0x00,0x00,0x00, 
	0x00,0x00,0x00,0x00, 
	0x00,0x00,0x00,0x00, 
	0x00,0x00,0x00,0x00, 
	0x00,0x00,0x00,0x00, 
	0x00,0x00,0x00,0x00, 
	0x00,0x00,0x00,0x00, 
	0x00,0x00,0x00,0x00, 
	0x00,0x00,0x00,0x00, 
	0x00,0x00,0x00,0x00, 
	0x00,0x00,0x00,0x00, 
	0x00,0x00,0x00,0x00, 
	0x00,0x00,0x00,0x00, 
	0x00,0x00,0x00,0x00, 
	0x00,0x00,0x00,0x00, 
	0x00,0x00,0x00,0x00, 
	0x00,0x00,0x00,0x00, 
	0x00,0x00,0x00,0x00, 
	0x00,0x00,0x00,0x00, 
	0x00,0x00,0x00,0x00, 
	0x00,0x00,0x00,0x00, 
	0x00,0x00,0x00,0x00, 
	0x00,0x00,0x00,0x00, 
	0x00,0x00,0x00,0x00, 
	0x00,0x00,0x00,0x00, 
	0x00,0x00,0x00,0x00, 
	0x00,0x00,0x00,0x00, 
	0x00,0x00,0x00,0x00, 
	0x00,0x00,0x00,0x00, 
	0x00,0x00,0x00,0x00, 
	0x00,0x00,0x00,0x00, 
	0x00,0x00,0x00,0x00, 
	0x00,0x00,0x00,0x00, 
	0x00,0x00,0x00,0x00, 
	0x00,0x00,0x00,0x00, 
	0x00,0x00,0x00,0x00, 
	0x00,0x00,0x00,0x00, 
	0x00,0x00,0x00,0x00, 
	0x00,0x00,0x00,0x00, 
	0x00,0x00,0x00,0x00, 
	0x00,0x00,0x00,0x00, 
	0x00,0x00,0x00,0x00, 
	0x00,0x00,0x00,0x00, 
	0x00,0x00,0x00,0x00, 
	0x00,0x00,0x00,0x00, 
	0x00,0x00,0x00,0x00, 
	0x00,0x00,0x00,0x00, 
	0x00,0x00,0x00,0x00, 
	0x00,0x00,0x00,0x00, 
	0x00,0x00,0x00,0x00, 
	0x00,0x00,0x00,0x00, 
	0x00,0x00,0x00,0x00, 
	0x00,0x00,0x00,0x00, 
	0x00,0x00,0x00,0x00, 
	0x00,0x00,0x00,0x00, 
	0x00,0x00,0x00,0x00, 
	0x00,0x00,0x00,0x00, 
	0x00,0x00,0x00,0x00, 
	0x00,0x00,0x00,0x00, 
	0x00,0x00,0x00,0x00, 
	0x00,0x00,0x00,0x00, 
	0x00,0x00,0x00,0x00, 
	0x00,0x00,0x00,0x00, 
	0x00,0x00,0x00,0x00, 
	0x00,0x00,0x00,0x00, 
	0x00,0x00,0x00,0x00, 
	0x00,0x00,0x00,0x00, 
	0x00,0x00,0x00,0x00, 
	0x00,0x00,0x00,0x00, 
	0x00,0x00,0x00,0x00, 
	0x00,0x00,0x00,0x00, 
	0x00,0x00,0x00,0x00, 
	0x00,0x00,0x00,0x00, 
	0x00,0x00,0x00,0x00, 
	0x00,0x00,0x00,0x00, 
	0x00,0x00,0x00,0x00, 
	0x00,0x00,0x00,0x00, 
	0x00,0x00,0x00,0x00, 
	0x00,0x00,0x00,0x00, 
	0x00,0x00,0x00,0x00, 
	0x00,0x00,0x00,0x00, 
	0x00,0x00,0x00,0x00, 
	0x00,0x00,0x00,0x00, 
	0x00,0x00,0x00,0x00, 
	0x00,0x00,0x00,0x00, 
	0x00,0x00,0x00,0x00, 
	0x00,0x00,0x00,0x00, 
	0x00,0x00,0x00,0x00, 
	0x00,0x00,0x00,0x00, 
	0x00,0x00,0x00,0x00, 
	0x00,0x00,0x00,0x00, 
	0x00,0x00,0x00,0x00, 
	0x00,0x00,0x00,0x00, 
	0x00,0x00,0x00,0x00, 
	0x00,0x00,0x00,0x00, 
	0x00,0x00,0x00,0x00, 
	0x00,0x00,0x00,0x00, 
	0x00,0x00,0x00,0x00, 
	0x00,0x00,0x00,0x00, 
	0x00,0x00,0x00,0x00, 
	0x00,0x00,0x00,0x00, 
	0x00,0x00,0x00,0x00, 
	0x00,0x00,0x00,0x00, 
	0x00,0x00,0x00,0x00, 
	0x00,0x00,0x00,0x00, 
	0x00,0x00,0x00,0x00, 
	0x00,0x00,0x00,0x00, 
	0x00,0x00,0x00,0x00, 
	0x00,0x00,0x00,0x00, 
	0x00,0x00,0x00,0x00, 
	0x00,0x00,0x00,0x00, 
	0x00,0x00,0x00,0x00, 
	0x00,0x00,0x00,0x00, 
	0x00,0x00,0x00,0x00, 
	0x00,0x00,0x00,0x00, 
	0x00,0x00,0x00,0x00, 
	0x00,0x00,0x00,0x00, 
	0x00,0x00,0x00,0x00, 
	0x00,0x00,0x00,0x00, 
	0x00,0x00,0x00,0x00, 
	0x00,0x00,0x00,0x00, 
	0x00,0x00,0x00,0x00, 
	0x00,0x00,0x00,0x00, 
	0x00,0x00,0x00,0x00, 
	0x00,0x00,0x00,0x00, 
	0x00,0x00,0x00,0x00, 
	0x00,0x00,0x00,0x00, 
	0x00,0x00,0x00,0x00, 
	0x00,0x00,0x00,0x00, 
	0x00,0x00,0x00,0x00, 
	0x00,0x00,0x00,0x00, 
	0x00,0x00,0x00,0x00, 
	0x00,0x00,0x00,0x00, 
	0x00,0x00,0x00,0x00, 
	0x00,0x00,0x00,0x00, 
	0x00,0x00,0x00,0x00, 
	0x00,0x00,0x00,0x00, 
	0x00,0x00,0x00,0x00, 
	0x00,0x00,0x00,0x00, 
	0x00,0x00,0x00,0x00, 
	0x00,0x00,0x00,0x00, 
	0x00,0x00,0x00,0x00, 
	0x00,0x00,0x00,0x00, 
	0x00,0x00,0x00,0x00, 
	0x00,0x00,0x00,0x00, 
	0x00,0x00,0x00,0x00, 
	0x00,0x00,0x00,0x00, 
	0x00,0x00,0x00,0x00, 
	0x00,0x00,0x00,0x00, 
	0x00,0x00,0x00,0x00, 
	0x00,0x00,0x00,0x00, 
	0x00,0x00,0x00,0x00, 
	0x00,0x00,0x00,0x00, 
	0x00,0x00,0x00,0x00, 
	0x00,0x00,0x00,0x00, 
	0x00,0x00,0x00,0x00, 
	0x00,0x00,0x00,0x00, 
	0x00,0x00,0x00,0x00, 
	0x00,0x00,0x00,0x00, 
	0x00,0x00,0x00,0x00, 
	0x00,0x00,0x00,0x00, 
	0x00,0x00,0x00,0x00, 
	0x00,0x00,0x00,0x00, 
	0x00,0x00,0x00,0x00, 
	0x00,0x00,0x00,0x00, 
	0x00,0x00,0x00,0x00, 
	0x00,0x00,0x00,0x00, 
	0x00,0x00,0x00,0x00, 
	0x00,0x00,0x00,0x00, 
	0x00,0x00,0x00,0x00, 
	0x00,0x00,0x00,0x00, 
	0x00,0x00,0x00,0x00, 
	0x00,0x00,0x00,0x00, 
	0x00,0x00,0x00,0x00, 
	0x00,0x00,0x00,0x00, 
	0x00,0x00,0x00,0x00, 
	0x00,0x00,0x00,0x00, 
	0x00,0x00,0x00,0x00, 
	0x00,0x00,0x00,0x00, 
	0x00,0x00,0x00,0x00, 
	0x00,0x00,0x00,0x00, 
	0x00,0x00,0x00,0x00, 
	0x00,0x00,0x00,0x00, 
	0x00,0x00,0x00,0x00, 
	0x00,0x00,0x00,0x00, 
	0x00,0x00,0x00,0x00, 
	0x00,0x00,0x00,0x00, 
	0x00,0x00,0x00,0x00, 
	0x00,0x00,0x00,0x00, 
	0x00,0x00,0x00,0x00, 
	0x00,0x00,0x00,0x00, 
	0x00,0x00,0x00,0x00, 
	0x00,0x00,0x00,0x00, 
	0x00,0x00,0x00,0x00, 
	0x00,0x00,0x00,0x00, 
	0x00,0x00,0x00,0x00, 
	0x00,0x00,0x00,0x00, 
	0x00,0x00,0x00,0x00, 
	0x00,0x00,0x00,0x00, 
	0x00,0x00,0x00,0x00, 
	0x00,0x00,0x00,0x00, 
	0x00,0x00,0x00,0x00, 
	0x00,0x00,0x00,0x00, 
	0x00,0x00,0x00,0x00, 
	0x00,0x00,0x00,0x00, 
	0x00,0x00,0x00,0x00, 
	0x00,0x00,0x00,0x00, 
	0x00,0x00,0x00,0x00, 
	0x00,0x00,0x00,0x00, 
	0x00,0x00,0x00,0x00, 
	0x00,0x00,0x00,0x00, 
	0x00,0x00,0x00,0x00, 
	0x00,0x00,0x00,0x00, 
	0x00,0x00,0x00,0x00, 
	0x00,0x00,0x00,0x00, 
	0x00,0x00,0x00,0x00, 
	0x00,0x00,0x00,0x00, 
	0x00,0x00,0x00,0x00, 
	0x00,0x00,0x00,0x00, 
	0x00,0x00,0x00,0x00, 
	0x00,0x00,0x00,0x00, 
	0x00,0x00,0x00,0x00, 
	0x00,0x00,0x00,0x00, 
	0x00,0x00,0x00,0x00, 
	0x00,0x00,0x00,0x00, 
	0x00,0x00,0x00,0x00, 
	0x00,0x00,0x00,0x00, 
	0x00,0x00,0x00,0x00, 
	0x00,0x00,0x00,0x00, 
	0x00,0x00,0x00,0x00, 
	0x00,0x00,0x00,0x00, 
	0x00,0x00,0x00,0x00, 
	0x00,0x00,0x00,0x00, 
	0x00,0x00,0x00,0x00, 
	0x00,0x00,0x00,0x00, 
	0x00,0x00,0x00,0x00, 
	0x00,0x00,0x00,0x00, 
	0x00,0x00,0x00,0x00, 
	0x00,0x00,0x00,0x00, 
	0x00,0x00,0x00,0x00, 
	0x00,0x00,0x00,0x00, 
	0x00,0x00,0x00,0x00, 
	0x00,0x00,0x00,0x00, 
	0x00,0x00,0x00,0x00, 
	0x00,0x00,0x00,0x00, 
	0x00,0x00,0x00,0x00, 
	0x00,0x00,0x00,0x00, 
	0x00,0x00,0x00,0x00, 
	0x00,0x00,0x00,0x00, 
	0x00,0x00,0x00,0x00, 
	0x00,0x00,0x00,0x00, 
	0x00,0x00,0x00,0x00, 
	0x00,0x00,0x00,0x00, 
	0x00,0x00,0x00,0x00, 
	0x00,0x00,0x00,0x00, 
	0x00,0x00,0x00,0x00, 
	0x00,0x00,0x00,0x00, 
	0x00,0x00,0x00,0x00, 
	0x00,0x00,0x00,0x00, 
	0x00,0x00,0x00,0x00, 
	0x00,0x00,0x00,0x00, 
	0x00,0x00,0x00,0x00, 
	0x00,0x00,0x00,0x00, 
	0x00,0x00,0x00,0x00, 
	0x00,0x00,0x00,0x00, 
	0x00,0x00,0x00,0x00, 
	0x00,0x00,0x00,0x00, 
	0x00,0x00,0x00,0x00, 
	0x00,0x00,0x00,0x00, 
	0x00,0x00,0x00,0x00, 
	0x00,0x00,0x00,0x00, 
	0x00,0x00,0x00,0x00, 
	0x00,0x00,0x00,0x00, 
	0x00,0x00,0x00,0x00, 
	0x00,0x00,0x00,0x00, 
	0x00,0x00,0x00,0x00, 
	0x00,0x00,0x00,0x00, 
	0x00,0x00,0x00,0x00, 
	0x00,0x00,0x00,0x00, 
	0x00,0x00,0x00,0x00, 
	0x00,0x00,0x00,0x00, 
	0x00,0x00,0x00,0x00, 
	0x00,0x00,0x00,0x00, 
	0x00,0x00,0x00,0x00, 
	0x00,0x00,0x00,0x00, 
	0x00,0x00,0x00,0x00, 
	0x00,0x00,0x00,0x00, 
	0x00,0x00,0x00,0x00, 
	0x00,0x00,0x00,0x00, 
	0x00,0x00,0x00,0x00, 
	0x00,0x00,0x00,0x00, 
	0x00,0x00,0x00,0x00, 
	0x00,0x00,0x00,0x00, 
	0x00,0x00,0x00,0x00, 
	0x00,0x00,0x00,0x00, 
	0x00,0x00,0x00,0x00, 
	0x00,0x00,0x00,0x00, 
	0x00,0x00,0x00,0x00, 
	0x00,0x00,0x00,0x00, 
	0x00,0x00,0x00,0x00, 
	0x00,0x00,0x00,0x00, 
	0x00,0x00,0x00,0x00, 
	0x00,0x00,0x00,0x00, 
	0x00,0x00,0x00,0x00, 
	0x00,0x00,0x00,0x00, 
	0x00,0x00,0x00,0x00, 
	0x00,0x00,0x00,0x00, 
	0x00,0x00,0x00,0x00, 
	0x00,0x00,0x00,0x00, 
	0x00,0x00,0x00,0x00, 
	0x00,0x00,0x00,0x00, 
	0x00,0x00,0x00,0x00, 
	0x00,0x00,0x00,0x00, 
	0x00,0x00,0x00,0x00, 
	0x00,0x00,0x00,0x00, 
	0x00,0x00,0x00,0x00, 
	0x00,0x00,0x00,0x00, 
	0x00,0x00,0x00,0x00, 
	0x00,0x00,0x00,0x00, 
	0x00,0x00,0x00,0x00, 
	0x00,0x00,0x00,0x00, 
	0x00,0x00,0x00,0x00, 
	0x00,0x00,0x00,0x00, 
	0x00,0x00,0x00,0x00, 
	0x00,0x00,0x00,0x00, 
	0x00,0x00,0x00,0x00, 
	0x00,0x00,0x00,0x00, 
	0x00,0x00,0x00,0x00, 
	0x00,0x00,0x00,0x00, 
	0x00,0x00,0x00,0x00, 
	0x00,0x00,0x00,0x00, 
	0x00,0x00,0x00,0x00, 
	0x00,0x00,0x00,0x00, 
	0x00,0x00,0x00,0x00, 
	0x00,0x00,0x00,0x00, 
	0x00,0x00,0x00,0x00, 
	0x00,0x00,0x00,0x00, 
	0x00,0x00,0x00,0x00, 
	0x00,0x00,0x00,0x00, 
	0x00,0x00,0x00,0x00, 
	0x00,0x00,0x00,0x00, 
	0x00,0x00,0x00,0x00, 
	0x00,0x00,0x00,0x00, 
	0x00,0x00,0x00,0x00, 
	0x00,0x00,0x00,0x00, 
	0x00,0x00,0x00,0x00, 
	0x00,0x00,0x00,0x00, 
	0x00,0x00,0x00,0x00, 
	0x00,0x00,0x00,0x00, 
	0x00,0x00,0x00,0x00, 
	0x00,0x00,0x00,0x00, 
	0x00,0x00,0x00,0x00, 
	0x00,0x00,0x00,0x00, 
	0x00,0x00,0x00,0x00, 
	0x00,0x00,0x00,0x00, 
	0x00,0x00,0x00,0x00, 
	0x00,0x00,0x00,0x00, 
	0x00,0x00,0x00,0x00, 
	0x00,0x00,0x00,0x00, 
	0x00,0x00,0x00,0x00, 
	0x00,0x00,0x00,0x00, 
	0x00,0x00,0x00,0x00, 
	0x00,0x00,0x00,0x00, 
	0x00,0x00,0x00,0x00, 
	0x00,0x00,0x00,0x00, 
	0x00,0x00,0x00,0x00, 
	0x00,0x00,0x00,0x00, 
	0x00,0x00,0x00,0x00, 
	0x00,0x00,0x00,0x00, 
	0x00,0x00,0x00,0x00, 
	0x00,0x00,0x00,0x00, 
	0x00,0x00,0x00,0x00, 
	0x00,0x00,0x00,0x00, 
	0x00,0x00,0x00,0x00, 
	0x00,0x00,0x00,0x00, 
	0x00,0x00,0x00,0x00, 
	0x00,0x00,0x00,0x00, 
	0x00,0x00,0x00,0x00, 
	0x00,0x00,0x00,0x00, 
	0x00,0x00,0x00,0x00, 
	0x00,0x00,0x00,0x00, 
	0x00,0x00,0x00,0x00, 
	0x00,0x00,0x00,0x00, 
	0x00,0x00,0x00,0x00, 
	0x00,0x00,0x00,0x00, 
	0x00,0x00,0x00,0x00, 
	0x00,0x00,0x00,0x00, 
	0x00,0x00,0x00,0x00, 
	0x00,0x00,0x00,0x00, 
	0x00,0x00,0x00,0x00, 
	0x00,0x00,0x00,0x00, 
	0x00,0x00,0x00,0x00, 
	0x00,0x00,0x00,0x00, 
	0x00,0x00,0x00,0x00, 
	0x00,0x00,0x00,0x00, 
	0x00,0x00,0x00,0x00, 
	0x00,0x00,0x00,0x00, 
	0x00,0x00,0x00,0x00, 
	0x00,0x00,0x00,0x00, 
	0x00,0x00,0x00,0x00, 
	0x00,0x00,0x00,0x00, 
	0x00,0x00,0x00,0x00, 
	0x00,0x00,0x00,0x00, 
	0x00,0x00,0x00,0x00, 
	0x00,0x00,0x00,0x00, 
	0x00,0x00,0x00,0x00, 
	0x00,0x00,0x00,0x00, 
	0x00,0x00,0x00,0x00, 
	0x00,0x00,0x00,0x00, 
	0x00,0x00,0x00,0x00, 
	0x00,0x00,0x00,0x00, 
	0x00,0x00,0x00,0x00, 
	0x00,0x00,0x00,0x00, 
	0x00,0x00,0x00,0x00, 
	0x00,0x00,0x00,0x00, 
	0x00,0x00,0x00,0x00, 
	0x00,0x00,0x00,0x00, 
	0x00,0x00,0x00,0x00, 
	0x00,0x00,0x00,0x00, 
	0x00,0x00,0x00,0x00, 
	0x00,0x00,0x00,0x00, 
	0x00,0x00,0x00,0x00, 
	0x00,0x00,0x00,0x00, 
	0x00,0x00,0x00,0x00, 
	0x00,0x00,0x00,0x00, 
	0x00,0x00,0x00,0x00, 
	0x00,0x00,0x00,0x00, 
	0x00,0x00,0x00,0x00, 
	0x00,0x00,0x00,0x00, 
	0x00,0x00,0x00,0x00, 
	0x00,0x00,0x00,0x00, 
	0x00,0x00,0x00,0x00, 
	0x00,0x00,0x00,0x00, 
	0x00,0x00,0x00,0x00, 
	0x00,0x00,0x00,0x00, 
	0x00,0x00,0x00,0x00, 
	0x00,0x00,0x00,0x00, 
	0x00,0x00,0x00,0x00, 
	0x00,0x00,0x00,0x00, 
	0x00,0x00,0x00,0x00, 
	0x00,0x00,0x00,0x00, 
	0x00,0x00,0x00,0x00, 
	0x00,0x00,0x00,0x00, 
	0x00,0x00,0x00,0x00, 
	0x00,0x00,0x00,0x00, 
	0x00,0x00,0x00,0x00, 
	0x00,0x00,0x00,0x00, 
	0x00,0x00,0x00,0x00, 
	0x00,0x00,0x00,0x00, 
	0x00,0x00,0x00,0x00, 
	0x00,0x00,0x00,0x00, 
	0x00,0x00,0x00,0x00, 
	0x00,0x00,0x00,0x00, 
	0x00,0x00,0x00,0x00, 
	0x00,0x00,0x00,0x00, 
	0x00,0x00,0x00,0x00, 
	0x00,0x00,0x00,0x00, 
	0x00,0x00,0x00,0x00, 
	0x00,0x00,0x00,0x00, 
	0x00,0x00,0x00,0x00, 
	0x00,0x00,0x00,0x00, 
	0x00,0x00,0x00,0x00, 
	0x00,0x00,0x00,0x00, 
	0x00,0x00,0x00,0x00, 
	0x00,0x00,0x00,0x00, 
	0x00,0x00,0x00,0x00, 
	0x00,0x00,0x00,0x00, 
	0x00,0x00,0x00,0x00, 
	0x00,0x00,0x00,0x00, 
	0x00,0x00,0x00,0x00, 
	0x00,0x00,0x00,0x00, 
	0x00,0x00,0x00,0x00, 
	0x00,0x00,0x00,0x00, 
	0x00,0x00,0x00,0x00, 
	0x00,0x00,0x00,0x00, 
	0x00,0x00,0x00,0x00, 
	0x00,0x00,0x00,0x00, 
	0x00,0x00,0x00,0x00, 
	0x00,0x00,0x00,0x00, 
	0x00,0x00,0x00,0x00, 
	0x00,0x00,0x00,0x00, 
	0x00,0x00,0x00,0x00, 
	0x00,0x00,0x00,0x00, 
	0x00,0x00,0x00,0x00, 
	0x00,0x00,0x00,0x00, 
	0x00,0x00,0x00,0x00, 
	0x00,0x00,0x00,0x00, 
	0x00,0x00,0x00,0x00, 
	0x00,0x00,0x00,0x00, 
	0x00,0x00,0x00,0x00, 
	0x00,0x00,0x00,0x00, 
	0x00,0x00,0x00,0x00, 
	0x00,0x00,0x00,0x00, 
	0x00,0x00,0x00,0x00, 
	0x00,0x00,0x00,0x00, 
	0x00,0x00,0x00,0x00, 
	0x00,0x00,0x00,0x00, 
	0x00,0x00,0x00,0x00, 
	0x00,0x00,0x00,0x00, 
	0x00,0x00,0x00,0x00, 
	0x00,0x00,0x00,0x00, 
	0x00,0x00,0x00,0x00, 
	0x00,0x00,0x00,0x00, 
	0x00,0x00,0x00,0x00, 
	0x00,0x00,0x00,0x00, 
	0x00,0x00,0x00,0x00, 
	0x00,0x00,0x00,0x00, 
	0x00,0x00,0x00,0x00, 
	0x00,0x00,0x00,0x00, 
	0x00,0x00,0x00,0x00, 
	0x00,0x00,0x00,0x00, 
	0x00,0x00,0x00,0x00, 
	0x00,0x00,0x00,0x00, 
	0x00,0x00,0x00,0x00, 
	0x00,0x00,0x00,0x00, 
	0x00,0x00,0x00,0x00, 
	0x00,0x00,0x00,0x00, 
	0x00,0x00,0x00,0x00, 
	0x00,0x00,0x00,0x00, 
	0x00,0x00,0x00,0x00, 
	0x00,0x00,0x00,0x00, 
	0x00,0x00,0x00,0x00, 
	0x00,0x00,0x00,0x00, 
	0x00,0x00,0x00,0x00, 
	0x00,0x00,0x00,0x00, 
	0x00,0x00,0x00,0x00, 
	0x00,0x00,0x00,0x00, 
	0x00,0x00,0x00,0x00, 
	0x00,0x00,0x00,0x00, 
	0x00,0x00,0x00,0x00, 
	0x00,0x00,0x00,0x00, 
	0x00,0x00,0x00,0x00, 
	0x00,0x00,0x00,0x00, 
	0x00,0x00,0x00,0x00, 
	0x00,0x00,0x00,0x00, 
	0x00,0x00,0x00,0x00, 
	0x00,0x00,0x00,0x00, 
	0x00,0x00,0x00,0x00, 
	0x00,0x00,0x00,0x00, 
	0x00,0x00,0x00,0x00, 
	0x00,0x00,0x00,0x00, 
	0x00,0x00,0x00,0x00, 
	0x00,0x00,0x00,0x00, 
	0x00,0x00,0x00,0x00, 
	0x00,0x00,0x00,0x00, 
	0x00,0x00,0x00,0x00, 
	0x00,0x00,0x00,0x00, 
	0x00,0x00,0x00,0x00, 
	0x00,0x00,0x00,0x00, 
	0x00,0x00,0x00,0x00, 
	0x00,0x00,0x00,0x00, 
	0x00,0x00,0x00,0x00, 
	0x00,0x00,0x00,0x00, 
	0x00,0x00,0x00,0x00, 
	0x00,0x00,0x00,0x00, 
	0x00,0x00,0x00,0x00, 
	0x00,0x00,0x00,0x00, 
	0x00,0x00,0x00,0x00, 
	0x00,0x00,0x00,0x00, 
	0x00,0x00,0x00,0x00, 
	0x00,0x00,0x00,0x00, 
	0x00,0x00,0x00,0x00, 
	0x00,0x00,0x00,0x00, 
	0x00,0x00,0x00,0x00, 
	0x00,0x00,0x00,0x00, 
	0x00,0x00,0x00,0x00, 
	0x00,0x00,0x00,0x00, 
	0x00,0x00,0x00,0x00, 
	0x00,0x00,0x00,0x00, 
	0x00,0x00,0x00,0x00, 
	0x00,0x00,0x00,0x00, 
	0x00,0x00,0x00,0x00, 
	0x00,0x00,0x00,0x00, 
	0x00,0x00,0x00,0x00, 
	0x00,0x00,0x00,0x00, 
	0x00,0x00,0x00,0x00, 
	0x00,0x00,0x00,0x00, 
	0x00,0x00,0x00,0x00, 
	0x00,0x00,0x00,0x00, 
	0x00,0x00,0x00,0x00, 
	0x00,0x00,0x00,0x00, 
	0x00,0x00,0x00,0x00, 
	0x00,0x00,0x00,0x00, 
	0x00,0x00,0x00,0x00, 
	0x00,0x00,0x00,0x00, 
	0x00,0x00,0x00,0x00, 
	0x00,0x00,0x00,0x00, 
	0x00,0x00,0x00,0x00, 
	0x00,0x00,0x00,0x00, 
	0x00,0x00,0x00,0x00, 
	0x00,0x00,0x00,0x00, 
	0x00,0x00,0x00,0x00, 
	0x00,0x00,0x00,0x00, 
	0x00,0x00,0x00,0x00, 
	0x00,0x00,0x00,0x00, 
	0x00,0x00,0x00,0x00, 
	0x00,0x00,0x00,0x00, 
	0x00,0x00,0x00,0x00, 
	0x00,0x00,0x00,0x00, 
	0x00,0x00,0x00,0x00, 
	0x00,0x00,0x00,0x00, 
	0x00,0x00,0x00,0x00, 
	0x00,0x00,0x00,0x00, 
	0x00,0x00,0x00,0x00, 
	0x00,0x00,0x00,0x00, 
	0x00,0x00,0x00,0x00, 
	0x00,0x00,0x00,0x00, 
	0x00,0x00,0x00,0x00, 
	0x00,0x00,0x00,0x00, 
	0x00,0x00,0x00,0x00, 
	0x00,0x00,0x00,0x00, 
	0x00,0x00,0x00,0x00, 
	0x00,0x00,0x00,0x00, 
	0x00,0x00,0x00,0x00, 
	0x00,0x00,0x00,0x00, 
	0x00,0x00,0x00,0x00, 
	0x00,0x00,0x00,0x00, 
	0x00,0x00,0x00,0x00, 
	0x00,0x00,0x00,0x00, 
	0x00,0x00,0x00,0x00, 
	0x00,0x00,0x00,0x00, 
	0x00,0x00,0x00,0x00, 
	0x00,0x00,0x00,0x00, 
	0x00,0x00,0x00,0x00, 
	0x00,0x00,0x00,0x00, 
	0x00,0x00,0x00,0x00, 
	0x00,0x00,0x00,0x00, 
	0x00,0x00,0x00,0x00, 
	0x00,0x00,0x00,0x00, 
	0x00,0x00,0x00,0x00, 
	0x00,0x00,0x00,0x00, 
	0x00,0x00,0x00,0x00, 
	0x00,0x00,0x00,0x00, 
	0x00,0x00,0x00,0x00, 
	0x00,0x00,0x00,0x00, 
	0x00,0x00,0x00,0x00, 
	0x00,0x00,0x00,0x00, 
	0x00,0x00,0x00,0x00, 
	0x00,0x00,0x00,0x00, 
	0x00,0x00,0x00,0x00, 
	0x00,0x00,0x00,0x00, 
	0x00,0x00,0x00,0x00, 
	0x00,0x00,0x00,0x00, 
	0x00,0x00,0x00,0x00, 
	0x00,0x00,0x00,0x00, 
	0x00,0x00,0x00,0x00, 
	0x00,0x00,0x00,0x00, 
	0x00,0x00,0x00,0x00, 
	0x00,0x00,0x00,0x00, 
	0x00,0x00,0x00,0x00, 
	0x00,0x00,0x00,0x00, 
	0x00,0x00,0x00,0x00, 
	0x00,0x00,0x00,0x00, 
	0x00,0x00,0x00,0x00, 
	0x00,0x00,0x00,0x00, 
	0x00,0x00,0x00,0x00, 
	0x00,0x00,0x00,0x00, 
	0x00,0x00,0x00,0x00, 
	0x00,0x00,0x00,0x00, 
	0x00,0x00,0x00,0x00, 
	0x00,0x00,0x00,0x00, 
	0x00,0x00,0x00,0x00, 
	0x00,0x00,0x00,0x00, 
	0x00,0x00,0x00,0x00, 
	0x00,0x00,0x00,0x00, 
	0x00,0x00,0x00,0x00, 
	0x00,0x00,0x00,0x00, 
	0x00,0x00,0x00,0x00, 
	0x00,0x00,0x00,0x00, 
	0x00,0x00,0x00,0x00, 
	0x00,0x00,0x00,0x00, 
	0x00,0x00,0x00,0x00, 
	0x00,0x00,0x00,0x00, 
	0x00,0x00,0x00,0x00, 
	0x00,0x00,0x00,0x00, 
	0x00,0x00,0x00,0x00, 
	0x00,0x00,0x00,0x00, 
	0x00,0x00,0x00,0x00, 
	0x00,0x00,0x00,0x00, 
	0x00,0x00,0x00,0x00, 
	0x00,0x00,0x00,0x00, 
	0x00,0x00,0x00,0x00, 
	0x00,0x00,0x00,0x00, 
	0x00,0x00,0x00,0x00, 
	0x00,0x00,0x00,0x00, 
	0x00,0x00,0x00,0x00, 
	0x00,0x00,0x00,0x00, 
	0x00,0x00,0x00,0x00, 
	0x00,0x00,0x00,0x00, 
	0x00,0x00,0x00,0x00, 
	0x00,0x00,0x00,0x00, 
	0x00,0x00,0x00,0x00, 
	0x00,0x00,0x00,0x00, 
	0x00,0x00,0x00,0x00, 
	0x00,0x00,0x00,0x00, 
	0x00,0x00,0x00,0x00, 
	0x00,0x00,0x00,0x00, 
	0x00,0x00,0x00,0x00, 
	0x00,0x00,0x00,0x00, 
	0x00,0x00,0x00,0x00, 
	0x00,0x00,0x00,0x00, 
	0x00,0x00,0x00,0x00, 
	0x00,0x00,0x00,0x00, 
	0x00,0x00,0x00,0x00, 
	0x00,0x00,0x00,0x00, 
	0x00,0x00,0x00,0x00, 
	0x00,0x00,0x00,0x00, 
	0x00,0x00,0x00,0x00, 
	0x00,0x00,0x00,0x00, 
	0x00,0x00,0x00,0x00, 
	0x00,0x00,0x00,0x00, 
	0x00,0x00,0x00,0x00, 
	0x00,0x00,0x00,0x00, 
	0x00,0x00,0x00,0x00, 
	0x00,0x00,0x00,0x00, 
	0x00,0x00,0x00,0x00, 
	0x00,0x00,0x00,0x00, 
	0x00,0x00,0x00,0x00, 
	0x00,0x00,0x00,0x00, 
	0x00,0x00,0x00,0x00, 
	0x00,0x00,0x00,0x00, 
	0x00,0x00,0x00,0x00, 
	0x00,0x00,0x00,0x00, 
	0x00,0x00,0x00,0x00, 
	0x00,0x00,0x00,0x00, 
	0x00,0x00,0x00,0x00, 
	0x00,0x00,0x00,0x00, 
	0x00,0x00,0x00,0x00, 
	0x00,0x00,0x00,0x00, 
	0x00,0x00,0x00,0x00, 
	0x00,0x00,0x00,0x00, 
	0x00,0x00,0x00,0x00, 
	0x00,0x00,0x00,0x00, 
	0x00,0x00,0x00,0x00, 
	0x00,0x00,0x00,0x00, 
	0x00,0x00,0x00,0x00, 
	0x00,0x00,0x00,0x00, 
	0x00,0x00,0x00,0x00, 
	0x00,0x00,0x00,0x00, 
	0x00,0x00,0x00,0x00, 
	0x00,0x00,0x00,0x00, 
	0x00,0x00,0x00,0x00, 
	0x00,0x00,0x00,0x00, 
	0x00,0x00,0x00,0x00, 
	0x00,0x00,0x00,0x00, 
	0x00,0x00,0x00,0x00, 
	0x00,0x00,0x00,0x00, 
	0x00,0x00,0x00,0x00, 
	0x00,0x00,0x00,0x00, 
	0x00,0x00,0x00,0x00, 
	0x00,0x00,0x00,0x00, 
	0x00,0x00,0x00,0x00, 
	0x00,0x00,0x00,0x00, 
	0x00,0x00,0x00,0x00, 
	0x00,0x00,0x00,0x00, 
	0x00,0x00,0x00,0x00, 
	0x00,0x00,0x00,0x00, 
	0x00,0x00,0x00,0x00, 
	0x00,0x00,0x00,0x00, 
	0x00,0x00,0x00,0x00, 
	0x00,0x00,0x00,0x00, 
	0x00,0x00,0x00,0x00, 
	0x00,0x00,0x00,0x00, 
	0x00,0x00,0x00,0x00, 
	0x00,0x00,0x00,0x00, 
	0x00,0x00,0x00,0x00, 
	0x00,0x00,0x00,0x00, 
	0x00,0x00,0x00,0x00, 
	0x00,0x00,0x00,0x00, 
	0x00,0x00,0x00,0x00, 
	0x00,0x00,0x00,0x00, 
	0x00,0x00,0x00,0x00, 
	0x00,0x00,0x00,0x00, 
	0x00,0x00,0x00,0x00, 
	0x00,0x00,0x00,0x00, 
	0x00,0x00,0x00,0x00, 
	0x00,0x00,0x00,0x00, 
	0x00,0x00,0x00,0x00, 
	0x00,0x00,0x00,0x00, 
	0x00,0x00,0x00,0x00, 
	0x00,0x00,0x00,0x00, 
	0x00,0x00,0x00,0x00, 
	0x00,0x00,0x00,0x00, 
	0x00,0x00,0x00,0x00, 
	0x00,0x00,0x00,0x00, 
	0x00,0x00,0x00,0x00, 
	0x00,0x00,0x00,0x00, 
	0x00,0x00,0x00,0x00, 
	0x00,0x00,0x00,0x00, 
	0x00,0x00,0x00,0x00, 
	0x00,0x00,0x00,0x00, 
	0x00,0x00,0x00,0x00, 
	0x00,0x00,0x00,0x00, 
	0x00,0x00,0x00,0x00, 
	0x00,0x00,0x00,0x00, 
	0x00,0x00,0x00,0x00, 
	0x00,0x00,0x00,0x00, 
	0x00,0x00,0x00,0x00, 
	0x00,0x00,0x00,0x00, 
	0x00,0x00,0x00,0x00, 
	0x00,0x00,0x00,0x00, 
	0x00,0x00,0x00,0x00, 
	0x00,0x00,0x00,0x00, 
	0x00,0x00,0x00,0x00, 
	0x00,0x00,0x00,0x00, 
	0x00,0x00,0x00,0x00, 
	0x00,0x00,0x00,0x00, 
	0x00,0x00,0x00,0x00, 
	0x00,0x00,0x00,0x00, 
	0x00,0x00,0x00,0x00, 
	0x00,0x00,0x00,0x00, 
	0x00,0x00,0x00,0x00, 
	0x00,0x00,0x00,0x00, 
	0x00,0x00,0x00,0x00, 
	0x00,0x00,0x00,0x00, 
	0x00,0x00,0x00,0x00, 
	0x00,0x00,0x00,0x00, 
	0x00,0x00,0x00,0x00, 
	0x00,0x00,0x00,0x00, 
	0x00,0x00,0x00,0x00, 
	0x00,0x00,0x00,0x00, 
	0x00,0x00,0x00,0x00, 
	0x00,0x00,0x00,0x00, 
	0x00,0x00,0x00,0x00, 
	0x00,0x00,0x00,0x00, 
	0x00,0x00,0x00,0x00, 
	0x00,0x00,0x00,0x00, 
	0x00,0x00,0x00,0x00, 
	0x00,0x00,0x00,0x00, 
	0x00,0x00,0x00,0x00, 
	0x00,0x00,0x00,0x00, 
	0x00,0x00,0x00,0x00, 
	0x00,0x00,0x00,0x00, 
	0x00,0x00,0x00,0x00, 
	0x00,0x00,0x00,0x00, 
	0x00,0x00,0x00,0x00, 
	0x00,0x00,0x00,0x00, 
	0x00,0x40,0xfe,0x3f, 
	0x20,0x00,0x04,0x00, 
	0xe4,0x04,0xfe,0x3f, 
	0xf4,0x04,0xfe,0x3f, 
	0x00,0x05,0xfe,0x3f, 
	0xf8,0x04,0xfe,0x3f, 
	0xfc,0x04,0xfe,0x3f, 
	0x00,0x05,0x00,0x40, 
	0x6c,0x7f,0x00,0x40, 
	0xa4,0x0b,0xfe,0x3f, 
	0x04,0x05,0xfe,0x3f, 
	0xa0,0x14,0xfe,0x3f, 
	0xb8,0x13,0xfe,0x3f, 
	0x20,0x15,0xfe,0x3f, 
	0xa8,0x0b,0xfe,0x3f, 
	0xd8,0x08,0x00,0x40, 
	0x00,0xee,0x00,0xf0, 
	0xb0,0x0b,0xfe,0x3f, 
	0x00,0xfe,0x03,0xf0, 
	0xbf,0x5d,0x00,0x00, 
	0x00,0x00,0x00,0xa0, 
	0x00,0x00,0x00,0x20, 
	0x00,0x00,0x00,0x10, 
	0x00,0x00,0x00,0x80, 
	0x00,0x22,0x04,0xf0, 
	0xbf,0xd4,0x01,0x00, 
	0xff,0x9e,0x24,0x00, 
	0xff,0xff,0xff,0x7f, 
	0x00,0x3e,0x04,0xf0, 
	0x01,0x81,0xb0,0x18, 
	0xc0,0x5d,0x00,0x00, 
	0x00,0x4e,0x04,0xf0, 
	0xff,0xff,0xff,0x00, 
	0x00,0x00,0x00,0xfc, 
	0x70,0x17,0x00,0x00, 
	0x00,0x00,0x00,0x40, 
	0x40,0x0f,0xff,0x0b, 
	0x00,0x00,0x0f,0x00, 
	0x80,0x00,0x20,0x01, 
	0x00,0x02,0x04,0xf0, 
	0x00,0x01,0x11,0x09, 
	0x07,0x0b,0x00,0x00, 
	0xff,0x7f,0xff,0xff, 
	0x00,0x80,0x00,0x00, 
	0x00,0x06,0x04,0xf0, 
	0x00,0xff,0x00,0x00, 
	0xff,0x8f,0xff,0xff, 
	0x20,0x4e,0x00,0x00, 
	0x80,0x14,0x00,0x00, 
	0xac,0x0d,0x00,0x00, 
	0x00,0x00,0xff,0xff, 
	0x35,0xa7,0x00,0x00, 
	0x00,0x00,0x08,0x00, 
	0xff,0xff,0x00,0xff, 
	0xff,0xff,0xf8,0xff, 
	0x00,0x00,0x22,0x22, 
	0x00,0x00,0x03,0x00, 
	0x00,0x00,0x44,0x44, 
	0x00,0x00,0x05,0x00, 
	0x88,0x08,0xff,0xf8, 
	0x78,0x88,0x00,0xf8, 
	0xff,0x88,0xff,0xff, 
	0x00,0x00,0x00,0xff, 
	0x30,0x75,0x00,0x00, 
	0x00,0x2f,0x00,0x00, 
	0x00,0x13,0x00,0x00, 
	0x00,0x00,0x00,0xf6, 
	0x35,0xf7,0x00,0x00, 
	0x82,0x11,0x08,0x03, 
	0x88,0x13,0x00,0x00, 
	0x1f,0x4e,0x00,0x00, 
	0x00,0x6a,0xf8,0x40, 
	0x00,0x00,0xe0,0x3f, 
	0x34,0xf7,0x00,0x04, 
	0x82,0x11,0x08,0x04, 
	0x10,0x27,0x00,0x00, 
	0x00,0x00,0x00,0xf3, 
	0x34,0xf7,0x00,0x00, 
	0x00,0x11,0x08,0x03, 
	0xb8,0x0b,0x00,0x00, 
	0x00,0x11,0x04,0x03, 
	0x25,0x27,0x00,0x00, 
	0x00,0x11,0x02,0x03, 
	0x00,0x11,0x00,0x00, 
	0x35,0x27,0x00,0x03, 
	0x00,0x10,0x00,0x00, 
	0x25,0x27,0x00,0x03, 
	0x00,0x00,0xc0,0x41, 
	0x00,0x00,0x00,0xc0, 
	0x00,0x00,0x20,0x40, 
	0xeb,0x51,0xf0,0x3f, 
	0x52,0xb8,0x1e,0x85, 
	0x00,0x46,0x04,0xf0, 
	0xd0,0xd7,0x00,0x00, 
	0x00,0x00,0x54,0xc0, 
	0x00,0x80,0x56,0x40, 
	0x00,0xa4,0xef,0x40, 
	0xff,0xff,0xff,0x3f, 
	0x55,0x55,0x55,0x3f, 
	0x00,0x00,0x60,0x3f, 
	0x64,0x19,0x00,0x40, 
	0x00,0x00,0x00,0x3f, 
	0x00,0x80,0x69,0x40, 
	0x00,0x80,0x67,0x40, 
	0xab,0xaa,0x2a,0x3f, 
	0x00,0x00,0x40,0x3f, 
	0x88,0x3e,0x00,0x00, 
	0x20,0xc4,0x00,0x00, 
	0xe0,0xb8,0x00,0x00, 
	0x10,0xb6,0x00,0x00, 
	0x40,0xb3,0x00,0x00, 
	0x08,0xaf,0x00,0x00, 
	0x00,0xa8,0x00,0x00, 
	0xf8,0xa0,0x00,0x00, 
	0xc0,0x9c,0x00,0x00, 
	0x20,0x97,0x00,0x00, 
	0x80,0x91,0x00,0x00, 
	0xe0,0x8b,0x00,0x00, 
	0x78,0x8a,0x00,0x00, 
	0x40,0x86,0x00,0x00, 
	0xd0,0x7d,0x00,0x00, 
	0x28,0x71,0x00,0x00, 
	0x60,0x48,0x00,0x00, 
	0x50,0xe3,0x00,0x00, 
	0x80,0xe0,0x00,0x00, 
	0x50,0xd2,0x00,0x00, 
	0xc0,0xc9,0x00,0x00, 
	0x18,0xbd,0x00,0x00, 
	0x20,0xa8,0x00,0x00, 
	0x80,0x64,0x00,0x00, 
	0xa0,0x53,0x00,0x00, 
	0xff,0xff,0xfe,0xff, 
	0xff,0xef,0xff,0xff, 
	0x18,0x1c,0x00,0x40, 
	0x00,0x00,0x10,0x00, 
	0xff,0xff,0xbf,0xff, 
	0xff,0xff,0xff,0xf3, 
	0xff,0x00,0xff,0xff, 
	0xff,0xff,0xef,0xff, 
	0x00,0x70,0xd7,0x40, 
	0x80,0x1c,0x00,0x00, 
	0xff,0xff,0xff,0xef, 
	0x00,0x23,0x00,0x00, 
	0xa0,0x0f,0x00,0x00, 
	0xff,0xff,0x7f,0xff, 
	0x00,0x00,0x59,0x40, 
	0x00,0x20,0x00,0x00, 
	0x00,0x00,0x80,0x00, 
	0x80,0x84,0x0e,0x41, 
	0x00,0x8f,0x00,0x00, 
	0x00,0x00,0x60,0x41, 
	0x50,0x04,0xfe,0x3f, 
	0xa0,0x04,0xfe,0x3f, 
	0x80,0x13,0x00,0x00, 
	0x00,0x00,0xf0,0xbf, 
	0x87,0x13,0x00,0x00, 
	0x60,0xe3,0x46,0x41, 
	0x00,0x4f,0x00,0x00, 
	0x00,0xba,0xdb,0x00, 
	0xb7,0x0b,0x00,0x00, 
	0xff,0x3f,0x00,0x00, 
	0xff,0x0f,0x00,0x00, 
	0x00,0x00,0x70,0x41, 
	0x00,0x00,0x70,0x3e, 
	0x40,0x1f,0x00,0x00, 
	0x7c,0x15,0x00,0x00, 
	0x84,0xea,0xff,0xff, 
	0x00,0x10,0x00,0x08, 
	0x04,0x29,0x00,0x00, 
	0xfc,0xd6,0xff,0xff, 
	0xff,0xff,0x00,0x00, 
	0x00,0x00,0x00,0xef, 
	0x00,0xff,0x00,0xf8, 
	0x00,0x00,0x04,0x03, 
	0x00,0x00,0xff,0xf8, 
	0xff,0xff,0xe0,0xff, 
	0x00,0x00,0x4b,0x00, 
	0x00,0x00,0x44,0x00, 
	0x7f,0xff,0x00,0xff, 
	0xc8,0xaf,0x00,0x00, 
	0x00,0x00,0x02,0x00, 
	0x80,0x00,0x02,0x00, 
	0xc0,0x7f,0x00,0x00, 
	0x33,0x33,0xf3,0x3f, 
	0x33,0x33,0x33,0x33, 
	0x66,0x66,0xe6,0x3f, 
	0x66,0x66,0x66,0x66, 
	0xaf,0x36,0x00,0x00, 
	0xb0,0x36,0x00,0x00, 
	0xa0,0x8c,0x00,0x00, 
	0x9f,0x8c,0x00,0x00, 
	0x82,0x00,0x08,0x04, 
	0xff,0xff,0xf0,0xff, 
	0x00,0x00,0x01,0x00, 
	0xff,0x0f,0xff,0xff, 
	0xff,0xf0,0xff,0xff, 
	0xff,0xff,0x0f,0xff, 
	0xff,0xff,0xff,0x0f, 
	0xff,0xff,0xff,0xf0, 
	0x00,0x00,0x00,0x01, 
	0x0a,0x4d,0x00,0x40, 
	0x31,0x52,0x00,0x40, 
	0x00,0x6c,0xdc,0x02, 
	0xd0,0x12,0x63,0x41, 
	0x00,0x00,0x00,0x60, 
	0xff,0xef,0xff,0xf7, 
	0x00,0x1e,0x04,0xf0, 
	0x06,0x00,0x00,0x10, 
	0xf0,0xff,0xff,0x0f, 
	0xa0,0x8f,0x00,0x05, 
	0x00,0x00,0xff,0xb8, 
	0x00,0x51,0x00,0x00, 
	0x00,0x24,0x40,0x2f, 
	0x7f,0xd3,0x00,0x00, 
	0x00,0x30,0x00,0x60, 
	0xff,0x0f,0xff,0x1f, 
	0x7f,0x8f,0xff,0xff, 
	0x00,0xe0,0xff,0xf7, 
	0x00,0x00,0x00,0x33, 
	0xff,0xff,0xfd,0x00, 
	0xff,0xff,0xff,0x8f, 
	0x00,0x08,0x00,0x00, 
	0xff,0x77,0xff,0xff, 
	0x00,0x00,0x28,0x00, 
	0x00,0x28,0x00,0x00, 
	0x7e,0x7f,0xff,0xff, 
	0x00,0x40,0x8f,0x40, 
	0x6d,0xdb,0xd1,0x40, 
	0xb7,0x6d,0xdb,0xb6, 
	0x00,0x40,0xcf,0x40, 
	0x24,0xc9,0xca,0x40, 
	0x92,0x24,0x49,0x92, 
	0x49,0x52,0xc6,0x40, 
	0x25,0x49,0x92,0x24, 
	0x00,0x00,0x00,0x61, 
	0x00,0x36,0x6e,0x01, 
	0xc0,0x05,0xd9,0x01, 
	0x18,0x79,0x00,0x00, 
	0x02,0x0b,0x00,0x00, 
	0x20,0xe8,0x8d,0x00, 
	0xd0,0x30,0x0e,0x00, 
	0x40,0xd0,0x1b,0x01, 
	0xff,0xff,0xff,0xfe, 
	0xf0,0x7e,0x0e,0x00, 
	0x58,0x1b,0x00,0x00, 
	0x00,0x2e,0x04,0xf0, 
	0x00,0x00,0x40,0x00, 
	0x00,0x00,0x80,0x7f, 
	0x00,0x00,0xf0,0x7f, 
	0xff,0xff,0x1f,0x00, 
	0x00,0x00,0x00,0x38, 
	0xa0,0x32,0xfe,0x3f, 
	0x08,0x05,0xfe,0x3f, 
	0xb4,0x04,0xfe,0x3f, 
	0x10,0x09,0xfe,0x3f, 
	0xb0,0x32,0xfe,0x3f, 
	0x58,0x77,0x00,0x40, 
	0x23,0x00,0x05,0x00, 
	0x07,0x00,0x00,0x80, 
	0x28,0x0a,0xfe,0x3f, 
	0xe0,0x09,0xfe,0x3f, 
	0x00,0x7f,0x00,0x40, 
	0xc0,0x04,0xfe,0x3f, 
	0x30,0x0a,0xfe,0x3f, 
	0xe8,0x7e,0x00,0x40, 
	0x98,0x0a,0xfe,0x3f, 
	0x06,0x7a,0x00,0x40, 
	0x00,0x0e,0x20,0x00, 
	0xa5,0x7a,0x00,0x40, 
	0xc0,0x37,0xfe,0x3f, 
	0x1c,0x0a,0xfe,0x3f, 
	0x24,0x00,0x05,0x00, 
	0x00,0x3d,0xfe,0x3f, 
	0x20,0x0a,0xfe,0x3f, 
	0x25,0x00,0x05,0x00, 
	0x90,0x0b,0xfe,0x3f, 
	0x00,0x00,0x00,0x00, 
	0x00,0x00,0x00,0x00, 
	0x00,0x00,0x00,0x00, 
	0x00,0x00,0x00,0x00, 
	0x00,0x00,0x00,0x00, 
	0x00,0x00,0x00,0x00, 
	0x00,0x00,0x00,0x00, 
	0x00,0x00,0x00,0x00, 
	0x00,0x00,0x00,0x00, 
	0x00,0x00,0x00,0x00, 
	0x00,0x00,0x00,0x00, 
	0x00,0x00,0x00,0x00, 
	0x00,0x00,0x00,0x00, 
	0x00,0x00,0x00,0x00, 
	0x00,0x00,0x00,0x00, 
	0x00,0x00,0x00,0x00, 
	0x00,0x00,0x00,0x00, 
	0x00,0x00,0x00,0x00, 
	0x00,0x00,0x00,0x00, 
	0x00,0x00,0x00,0x00, 
	0x00,0x00,0x00,0x00, 
	0x00,0x00,0x00,0x00, 
	0x00,0x00,0x00,0x00, 
	0x00,0x00,0x00,0x00, 
	0x00,0x00,0x00,0x00, 
	0x10,0x05,0xfe,0x3f, 
	0x00,0x00,0x00,0x00, 
	0x00,0x00,0x00,0x00, 
	0x01,0x01,0x01,0x01, 
	0x01,0x01,0x01,0x01, 
	0x02,0x03,0x03,0x03, 
	0x04,0x05,0x07,0x01, 
	0x01,0x01,0x01,0x01, 
	0x01,0x03,0x00,0x00, 
	0x00,0x00,0x00,0x00, 
	0x00,0x00,0x00,0x00, 
	0x43,0x00,0x00,0x00, 
	0xa0,0x0b,0xfe,0x3f, 
	0x40,0x3e,0xfe,0x3f, 
	0x00,0x00,0x00,0x60, 
	0x00,0x00,0x00,0x60, 
	0x1c,0x09,0xfe,0x3f, 
	0xfc,0x04,0xfe,0x3f, 
	0x00,0x00,0x00,0x00, 
	0x01,0x00,0x00,0x00, 
	0x9c,0x0b,0xfe,0x3f, 
	0x0c,0x05,0xfe,0x3f, 
	0x00,0x00,0x00,0x00, 
	0x00,0x00,0x00,0x00, 
	0xfc,0x07,0xfe,0x3f, 
	0x58,0x08,0xfe,0x3f, 
	0xb4,0x08,0xfe,0x3f, 
	0x00,0x00,0x00,0x00, 
	0x00,0x00,0x00,0x00, 
	0x00,0x00,0x00,0x00, 
	0x00,0x00,0x00,0x00, 
	0x00,0x00,0x00,0x00, 
	0x00,0x00,0x00,0x00, 
	0x00,0x00,0x00,0x00, 
	0x00,0x00,0x00,0x00, 
	0x00,0x00,0x00,0x00, 
	0xe0,0x04,0xfe,0x3f, 
	0x00,0x00,0x00,0x00, 
	0x00,0x00,0x00,0x00, 
	0x00,0x00,0x00,0x00, 
	0x00,0x00,0x00,0x00, 
	0x00,0x00,0x00,0x00, 
	0x00,0x00,0x00,0x00, 
	0x00,0x00,0x00,0x00, 
	0x00,0x00,0x00,0x00, 
	0x00,0x00,0x00,0x00, 
	0x00,0x00,0x00,0x00, 
	0x00,0x00,0x00,0x00, 
	0x00,0x00,0x00,0x00, 
	0x00,0x00,0x00,0x00, 
	0x00,0x00,0x00,0x00, 
	0x00,0x00,0x00,0x00, 
	0x00,0x00,0x00,0x00, 
	0x00,0x00,0x00,0x00, 
	0x00,0x00,0x00,0x00, 
	0x00,0x00,0x00,0x00, 
	0x00,0x00,0x00,0x00, 
	0x00,0x00,0x00,0x00, 
	0x00,0x00,0x00,0x00, 
	0x00,0x00,0x00,0x00, 
	0x00,0x00,0x00,0x00, 
	0x00,0x00,0x00,0x00, 
	0x00,0x00,0x00,0x00, 
	0x00,0x00,0x00,0x00, 
	0x00,0x00,0x00,0x00, 
	0x01,0x00,0x00,0x00, 
	0x00,0x00,0x00,0x00, 
	0x0e,0x33,0xcd,0xab, 
	0x34,0x12,0x6d,0xe6, 
	0xec,0xde,0x05,0x00, 
	0x0b,0x00,0x00,0x00, 
	0x00,0x00,0x00,0x00, 
	0x00,0x00,0x00,0x00, 
	0x00,0x00,0x00,0x00, 
	0x00,0x00,0x00,0x00, 
	0x00,0x00,0x00,0x00, 
	0x00,0x00,0x00,0x00, 
	0x00,0x00,0x00,0x00, 
	0x00,0x00,0x00,0x00, 
	0x00,0x00,0x00,0x00, 
	0x00,0x00,0x00,0x00, 
	0x00,0x00,0x00,0x00, 
	0x00,0x00,0x00,0x00, 
	0x00,0x00,0x00,0x00, 
	0x00,0x00,0x00,0x00, 
	0x00,0x00,0x00,0x00, 
	0x00,0x00,0x00,0x00, 
	0x00,0x00,0x00,0x00, 
	0x00,0x00,0x00,0x00, 
	0x00,0x00,0x00,0x00, 
	0x00,0x00,0x00,0x00, 
	0x00,0x00,0x00,0x00, 
	0x00,0x00,0x00,0x00, 
	0x00,0x00,0x00,0x00, 
	0x00,0x00,0x00,0x00, 
	0x00,0x00,0x00,0x00, 
	0x00,0x00,0x00,0x00, 
	0x00,0x00,0x00,0x00, 
	0x00,0x00,0x00,0x00, 
	0x00,0x00,0x00,0x00, 
	0x00,0x00,0x00,0x00, 
	0x00,0x00,0x00,0x00, 
	0x00,0x00,0x00,0x00, 
	0x00,0x00,0x00,0x00, 
	0x00,0x00,0x00,0x00, 
	0x00,0x00,0x00,0x00, 
	0x00,0x00,0x00,0x00, 
	0x00,0x00,0x00,0x00, 
	0x00,0x00,0x00,0x00, 
	0x00,0x00,0x00,0x00, 
	0x00,0x00,0x00,0x00, 
	0x00,0x00,0x00,0x00, 
	0x00,0x00,0x00,0x00, 
	0x00,0x00,0x00,0x00, 
	0x00,0x00,0x00,0x00, 
	0x00,0x00,0x00,0x00, 
	0x00,0x00,0x00,0x00, 
	0x00,0x00,0x00,0x00, 
	0x00,0x00,0x00,0x00, 
	0x00,0x00,0x00,0x00, 
	0x00,0x00,0x00,0x00, 
	0x00,0x00,0x00,0x00, 
	0x00,0x00,0x00,0x00, 
	0x00,0x00,0x00,0x00, 
	0x00,0x00,0x00,0x00, 
	0x00,0x00,0x00,0x00, 
	0x00,0x00,0x00,0x00, 
	0x00,0x00,0x00,0x00, 
	0x00,0x00,0x00,0x00, 
	0x00,0x00,0x00,0x00, 
	0x00,0x00,0x00,0x00, 
	0x00,0x00,0x00,0x00, 
	0x00,0x00,0x00,0x00, 
	0x00,0x00,0x00,0x00, 
	0x00,0x00,0x00,0x00, 
	0x00,0x00,0x00,0x00, 
	0x00,0x00,0x00,0x00, 
	0x00,0x00,0x00,0x00, 
	0x00,0x00,0x00,0x00, 
	0x00,0x00,0x00,0x00, 
	0x00,0x00,0x00,0x00, 
	0x00,0x00,0x00,0x00, 
	0x00,0x00,0x00,0x00, 
	0x00,0x00,0x00,0x00, 
	0x00,0x00,0x00,0x00, 
	0x00,0x00,0x00,0x00, 
	0x00,0x00,0x00,0x00, 
	0x00,0x00,0x00,0x00, 
	0x00,0x00,0x00,0x00, 
	0x00,0x00,0x00,0x00, 
	0x00,0x00,0x00,0x00, 
	0x00,0x00,0x00,0x00, 
	0x00,0x00,0x00,0x00, 
	0x00,0x00,0x00,0x00, 
	0x00,0x00,0x00,0x00, 
	0x00,0x00,0x00,0x00, 
	0x00,0x00,0x00,0x00, 
	0x00,0x00,0x00,0x00, 
	0x00,0x00,0x00,0x00, 
	0x00,0x00,0x00,0x00, 
	0x00,0x00,0x00,0x00, 
	0x00,0x00,0x00,0x00, 
	0x00,0x00,0x00,0x00, 
	0x00,0x00,0x00,0x00, 
	0x00,0x00,0x00,0x00, 
	0x00,0x00,0x00,0x00, 
	0x00,0x00,0x00,0x00, 
	0x00,0x00,0x00,0x00, 
	0x00,0x00,0x00,0x00, 
	0x00,0x00,0x00,0x00, 
	0x00,0x00,0x00,0x00, 
	0x00,0x00,0x00,0x00, 
	0x00,0x00,0x00,0x00, 
	0x00,0x00,0x00,0x00, 
	0x00,0x00,0x00,0x00, 
	0x00,0x00,0x00,0x00, 
	0x00,0x00,0x00,0x00, 
	0x00,0x00,0x00,0x00, 
	0x00,0x00,0x00,0x00, 
	0x00,0x00,0x00,0x00, 
	0x00,0x00,0x00,0x00, 
	0x00,0x00,0x00,0x00, 
	0x00,0x00,0x00,0x00, 
	0x00,0x00,0x00,0x00, 
	0x00,0x00,0x00,0x00, 
	0x00,0x00,0x00,0x00, 
	0x00,0x00,0x00,0x00, 
	0x00,0x00,0x00,0x00, 
	0x00,0x00,0x00,0x00, 
	0x00,0x00,0x00,0x00, 
	0x00,0x00,0x00,0x00, 
	0x00,0x00,0x00,0x00, 
	0x00,0x00,0x00,0x00, 
	0x00,0x00,0x00,0x00, 
	0x00,0x00,0x00,0x00, 
	0x00,0x00,0x00,0x00, 
	0x00,0x00,0x00,0x00, 
	0x00,0x00,0x00,0x00, 
	0x00,0x00,0x00,0x00, 
	0x00,0x00,0x00,0x00, 
	0x00,0x00,0x00,0x00, 
	0x00,0x00,0x00,0x00, 
	0x00,0x00,0x00,0x00, 
	0x00,0x00,0x00,0x00, 
	0x00,0x00,0x00,0x00, 
	0x00,0x00,0x00,0x00, 
	0x00,0x00,0x00,0x00, 
	0x00,0x00,0x00,0x00, 
	0x00,0x00,0x00,0x00, 
	0x00,0x00,0x00,0x00, 
	0x00,0x00,0x00,0x00, 
	0x00,0x00,0x00,0x00, 
	0x00,0x00,0x00,0x00, 
	0x00,0x00,0x00,0x00, 
	0x00,0x00,0x00,0x00, 
	0x00,0x00,0x00,0x00, 
	0x00,0x00,0x00,0x00, 
	0x00,0x00,0x00,0x00, 
	0x00,0x00,0x00,0x00, 
	0x00,0x00,0x00,0x00, 
	0x00,0x00,0x00,0x00, 
	0x00,0x00,0x00,0x00, 
	0x00,0x00,0x00,0x00, 
	0x00,0x00,0x00,0x00, 
	0x00,0x00,0x00,0x00, 
	0x00,0x00,0x00,0x00, 
	0x00,0x00,0x00,0x00, 
	0x00,0x00,0x00,0x00, 
	0x00,0x00,0x00,0x00, 
	0x00,0x00,0x00,0x00, 
	0x00,0x00,0x00,0x00, 
	0x00,0x00,0x00,0x00, 
	0x00,0x00,0x00,0x00, 
	0x00,0x00,0x00,0x00, 
	0x00,0x00,0x00,0x00, 
	0x00,0x00,0x00,0x00, 
	0x00,0x00,0x00,0x00, 
	0x00,0x00,0x00,0x00, 
	0x00,0x00,0x00,0x00, 
	0x00,0x00,0x00,0x00, 
	0x00,0x00,0x00,0x00, 
	0x00,0x00,0x00,0x00, 
	0x00,0x00,0x00,0x00, 
	0x00,0x00,0x00,0x00, 
	0x00,0x00,0x00,0x00, 
	0x00,0x00,0x00,0x00, 
	0x00,0x00,0x00,0x00, 
	0x00,0x00,0x00,0x00, 
	0x00,0x00,0x00,0x00, 
	0x00,0x00,0x00,0x00, 
	0x00,0x00,0x00,0x00, 
	0x00,0x00,0x00,0x00, 
	0x00,0x00,0x00,0x00, 
	0x00,0x00,0x00,0x00, 
	0x00,0x00,0x00,0x00, 
	0x00,0x00,0x00,0x00, 
	0x00,0x00,0x00,0x00, 
	0x00,0x00,0x00,0x00, 
	0x00,0x00,0x00,0x00, 
	0x00,0x00,0x00,0x00, 
	0x00,0x00,0x00,0x00, 
	0x00,0x00,0x00,0x00, 
	0x00,0x00,0x00,0x00, 
	0x00,0x00,0x00,0x00, 
	0x00,0x00,0x00,0x00, 
	0x00,0x00,0x00,0x00, 
	0x00,0x00,0x00,0x00, 
	0x00,0x00,0x00,0x00, 
	0x00,0x00,0x00,0x00, 
	0x00,0x00,0x00,0x00, 
	0x00,0x00,0x00,0x00, 
	0x00,0x00,0x00,0x00, 
	0x00,0x00,0x00,0x00, 
	0x00,0x00,0x00,0x00, 
	0x00,0x00,0x00,0x00, 
	0x00,0x00,0x00,0x00, 
	0x00,0x00,0x00,0x00, 
	0x00,0x00,0x00,0x00, 
	0x00,0x00,0x00,0x00, 
	0x10,0x05,0xfe,0x3f, 
	0x00,0x00,0x00,0x00, 
	0x00,0x00,0x00,0x00, 
	0xf0,0x7e,0x00,0x40, 
	0xe8,0x77,0x00,0x40, 
	0xf0,0x7e,0x00,0x40, 
	0xf0,0x7e,0x00,0x40, 
	0x48,0x78,0x00,0x40, 
	0x24,0x77,0x00,0x40, 
	0xf0,0x7e,0x00,0x40, 
	0xf0,0x7e,0x00,0x40, 
	0xf0,0x7e,0x00,0x40, 
	0xf0,0x7e,0x00,0x40, 
	0xf0,0x7e,0x00,0x40, 
	0xf0,0x7e,0x00,0x40, 
	0xf0,0x7e,0x00,0x40, 
	0xf0,0x7e,0x00,0x40, 
	0xf0,0x7e,0x00,0x40, 
	0xf0,0x7e,0x00,0x40, 
	0xf0,0x7e,0x00,0x40, 
	0xf0,0x7e,0x00,0x40, 
	0xf0,0x7e,0x00,0x40, 
	0xf0,0x7e,0x00,0x40, 
	0xf0,0x7e,0x00,0x40, 
	0xf0,0x7e,0x00,0x40, 
	0xf0,0x7e,0x00,0x40, 
	0xf0,0x7e,0x00,0x40, 
	0xf0,0x7e,0x00,0x40, 
	0xf0,0x7e,0x00,0x40, 
	0xf0,0x7e,0x00,0x40, 
	0xf0,0x7e,0x00,0x40, 
	0xf0,0x7e,0x00,0x40, 
	0xf0,0x7e,0x00,0x40, 
	0xf0,0x7e,0x00,0x40, 
	0xf0,0x7e,0x00,0x40, 
	0xf0,0x7e,0x00,0x40, 
	0xf0,0x7e,0x00,0x40, 
	0xf0,0x7e,0x00,0x40, 
	0xf0,0x7e,0x00,0x40, 
	0xf0,0x7e,0x00,0x40, 
	0xf0,0x7e,0x00,0x40, 
	0xf0,0x7e,0x00,0x40, 
	0xf0,0x7e,0x00,0x40, 
	0xf0,0x7e,0x00,0x40, 
	0xf0,0x7e,0x00,0x40, 
	0xf0,0x7e,0x00,0x40, 
	0xf0,0x7e,0x00,0x40, 
	0xf0,0x7e,0x00,0x40, 
	0xf0,0x7e,0x00,0x40, 
	0xf0,0x7e,0x00,0x40, 
	0xf0,0x7e,0x00,0x40, 
	0xf0,0x7e,0x00,0x40, 
	0xf0,0x7e,0x00,0x40, 
	0xf0,0x7e,0x00,0x40, 
	0xf0,0x7e,0x00,0x40, 
	0xf0,0x7e,0x00,0x40, 
	0xf0,0x7e,0x00,0x40, 
	0xf0,0x7e,0x00,0x40, 
	0xf0,0x7e,0x00,0x40, 
	0xf0,0x7e,0x00,0x40, 
	0xf0,0x7e,0x00,0x40, 
	0xf0,0x7e,0x00,0x40, 
	0xf0,0x7e,0x00,0x40, 
	0xf0,0x7e,0x00,0x40, 
	0xf0,0x7e,0x00,0x40, 
	0xf0,0x7e,0x00,0x40, 
	0xf0,0x7e,0x00,0x40, 
	0x00,0x00,0x00,0x00, 
	0x00,0x00,0x00,0x00, 
	0x00,0x00,0x00,0x00, 
	0x00,0x00,0x00,0x00, 
	0xff,0xff,0xff,0xff, 
	0xe8,0x7e,0x00,0x40, 
	0x15,0x00,0x00,0x00, 
	0xe8,0x7e,0x00,0x40, 
	0x14,0x00,0x00,0x00, 
	0xe8,0x7e,0x00,0x40, 
	0x13,0x00,0x00,0x00, 
	0xe8,0x7e,0x00,0x40, 
	0x12,0x00,0x00,0x00, 
	0xe8,0x7e,0x00,0x40, 
	0x11,0x00,0x00,0x00, 
	0xe8,0x7e,0x00,0x40, 
	0x10,0x00,0x00,0x00, 
	0xe8,0x7e,0x00,0x40, 
	0x0f,0x00,0x00,0x00, 
	0xe8,0x7e,0x00,0x40, 
	0x0e,0x00,0x00,0x00, 
	0xe8,0x7e,0x00,0x40, 
	0x0d,0x00,0x00,0x00, 
	0xe8,0x7e,0x00,0x40, 
	0x0c,0x00,0x00,0x00, 
	0xe8,0x7e,0x00,0x40, 
	0x0b,0x00,0x00,0x00, 
	0xe8,0x7e,0x00,0x40, 
	0x0a,0x00,0x00,0x00, 
	0xe8,0x7e,0x00,0x40, 
	0x09,0x00,0x00,0x00, 
	0xe8,0x7e,0x00,0x40, 
	0x08,0x00,0x00,0x00, 
	0xe8,0x7e,0x00,0x40, 
	0x07,0x00,0x00,0x00, 
	0xe8,0x7e,0x00,0x40, 
	0x06,0x00,0x00,0x00, 
	0xe8,0x7e,0x00,0x40, 
	0x05,0x00,0x00,0x00, 
	0xe8,0x7e,0x00,0x40, 
	0x04,0x00,0x00,0x00, 
	0xe8,0x7e,0x00,0x40, 
	0x03,0x00,0x00,0x00, 
	0xe8,0x7e,0x00,0x40, 
	0x02,0x00,0x00,0x00, 
	0xe8,0x7e,0x00,0x40, 
	0x01,0x00,0x00,0x00, 
	0xe8,0x7e,0x00,0x40, 
	0x00,0x00,0x00,0x00, 
	0x00,0x7f,0xe0,0xff, 
	0x00,0x00,0x20,0x00, 
	0x00,0x7f,0xe0,0xff, 
	0x00,0x00,0x10,0x00, 
	0x00,0x7f,0xf0,0xff, 
	0x00,0x00,0x08,0x00, 
	0x00,0x7f,0xf8,0xff, 
	0x00,0x00,0x04,0x00, 
	0x00,0x7f,0xfc,0xff, 
	0x00,0x00,0x02,0x00, 
	0x00,0x7f,0xfe,0xff, 
	0x00,0x00,0x01,0x00, 
	0x00,0x7f,0xff,0xff, 
	0x00,0x80,0x00,0x00, 
	0x00,0xff,0xff,0xff, 
	0x00,0x40,0x00,0x00, 
	0x00,0xff,0xff,0xff, 
	0x00,0x20,0x00,0x00, 
	0x00,0xff,0xff,0xff, 
	0x00,0x10,0x00,0x00, 
	0x00,0xff,0xff,0xff, 
	0x00,0x08,0x00,0x00, 
	0x00,0xff,0xff,0xff, 
	0x00,0x04,0x00,0x00, 
	0x00,0xff,0xff,0xff, 
	0x00,0x02,0x00,0x00, 
	0x00,0xff,0xff,0xff, 
	0x00,0x01,0x00,0x00, 
	0x00,0xff,0xff,0xff, 
	0x80,0x00,0x00,0x00, 
	0x80,0xff,0xff,0xff, 
	0x40,0x00,0x00,0x00, 
	0xc0,0xff,0xff,0xff, 
	0x20,0x00,0x00,0x00, 
	0xe0,0xff,0xff,0xff, 
	0x10,0x00,0x00,0x00, 
	0xf0,0xff,0xff,0xff, 
	0x08,0x00,0x00,0x00, 
	0xf8,0xff,0xff,0xff, 
	0x04,0x00,0x00,0x00, 
	0xfc,0xff,0xff,0xff, 
	0x02,0x00,0x00,0x00, 
	0xfe,0xff,0xff,0xff, 
	0x01,0x00,0x00,0x00, 
	0xff,0xff,0xff,0xff, 
	0x00,0x00,0x00,0x00, 
	0xff,0xff,0xff,0xff, 
	0x00,0x00,0x00,0x00, 
	0x00,0x00,0x00,0x00, 
	0x00,0x00,0x00,0x00, 
	0x00,0x00,0x00,0x00, 
	0x00,0x00,0x00,0x00, 
	0x00,0x00,0x00,0x00, 
	0x00,0x00,0x00,0x00, 
	0x00,0x00,0x00,0x00, 
	0x00,0x00,0x00,0x00, 
	0x00,0x00,0x00,0x00, 
	0x00,0x00,0x00,0x00, 
	0x00,0x00,0x00,0x00, 
	0x00,0x00,0x00,0x00, 
	0x00,0x00,0x00,0x00, 
	0x00,0x00,0x00,0x00, 
	0x00,0x00,0x00,0x00, 
	0x00,0x00,0x00,0x00, 
	0x00,0x00,0x00,0x00, 
	0x00,0x00,0x00,0x00, 
	0x00,0x00,0x00,0x00, 
	0x00,0x00,0x00,0x00, 
	0x00,0x00,0x00,0x00, 
	0x00,0x00,0x00,0x00, 
	0x00,0x00,0x00,0x00, 
	0x00,0x00,0x00,0x00, 
	0x00,0x00,0x00,0x00, 
	0x00,0x00,0x00,0x00, 
	0x00,0x00,0x00,0x00, 
	0x00,0x00,0x00,0x00, 
	0x00,0x00,0x00,0x00, 
	0x00,0x00,0x00,0x00, 
	0x00,0x00,0x00,0x00, 
	0x00,0x00,0x00,0x00, 
	0x00,0x00,0x00,0x00, 
	0x00,0x00,0x00,0x00, 
	0x00,0x00,0x00,0x00, 
	0x00,0x00,0x00,0x00, 
	0x00,0x00,0x00,0x00, 
	0x00,0x00,0x00,0x00, 
	0x00,0x00,0x00,0x00, 
	0x00,0x00,0x00,0x00, 
	0x00,0x00,0x00,0x00, 
	0x00,0x00,0x00,0x00, 
	0x00,0x00,0x00,0x00, 
	0x00,0x00,0x00,0x00, 
	0x00,0x00,0x00,0x00, 
	0x00,0x00,0x00,0x00, 
	0x00,0x00,0x00,0x00, 
	0x00,0x00,0x00,0x00, 
	0x00,0x00,0x00,0x00, 
	0x00,0x00,0x00,0x00, 
	0x00,0x00,0x00,0x00, 
	0x00,0x00,0x00,0x00, 
	0x00,0x00,0x00,0x00, 
	0x00,0x00,0x00,0x00, 
	0x00,0x00,0x00,0x00, 
	0x00,0x00,0x00,0x00, 
	0x00,0x00,0x00,0x00, 
	0x00,0x00,0x00,0x00, 
	0x00,0x00,0x00,0x00, 
	0x00,0x00,0x00,0x00, 
	0x00,0x00,0x00,0x00, 
	0x00,0x00,0x00,0x00, 
	0x00,0x00,0x00,0x00, 
	0x00,0x00,0x00,0x00, 
	0x00,0x00,0x00,0x00, 
	0x00,0x00,0x00,0x00, 
	0x00,0x00,0x00,0x00, 
	0x00,0x00,0x00,0x00, 
	0x00,0x00,0x00,0x00, 
	0x00,0x00,0x00,0x00, 
	0x00,0x00,0x00,0x00, 
	0x00,0x00,0x00,0x00, 
	0x00,0x00,0x00,0x00, 
	0x00,0x00,0x00,0x00, 
	0x00,0x00,0x00,0x00, 
	0x00,0x00,0x00,0x00, 
	0x00,0x00,0x00,0x00, 
	0x00,0x00,0x00,0x00, 
	0x00,0x00,0x00,0x00, 
	0x00,0x00,0x00,0x00, 
	0x00,0x00,0x00,0x00, 
	0x00,0x00,0x00,0x00, 
	0x00,0x00,0x00,0x00, 
	0x00,0x00,0x00,0x00, 
	0x00,0x00,0x00,0x00, 
	0x00,0x00,0x00,0x00, 
	0x00,0x00,0x00,0x00, 
	0x00,0x00,0x00,0x00, 
	0x00,0x00,0x00,0x00, 
	0x00,0x00,0x00,0x00, 
	0x00,0x00,0x00,0x00, 
	0x00,0x00,0x00,0x00, 
	0x00,0x00,0x00,0x00, 
	0x00,0x00,0x00,0x00, 
	0x00,0x00,0x00,0x00, 
	0x00,0x00,0x00,0x00, 
	0x00,0x00,0x00,0x00, 
	0x00,0x00,0x00,0x00, 
	0x00,0x00,0x00,0x00, 
	0x00,0x00,0x00,0x00, 
	0x00,0x00,0x00,0x00, 
	0x00,0x00,0x00,0x00, 
	0x00,0x00,0x00,0x00, 
	0x00,0x00,0x00,0x00, 
	0x00,0x00,0x00,0x00, 
	0x00,0x00,0x00,0x00, 
	0x00,0x00,0x00,0x00, 
	0x00,0x00,0x00,0x00, 
	0x00,0x00,0x00,0x00, 
	0x00,0x00,0x00,0x00, 
	0x00,0x00,0x00,0x00, 
	0x00,0x00,0x00,0x00, 
	0x00,0x00,0x00,0x00, 
	0x00,0x00,0x00,0x00, 
	0x00,0x00,0x00,0x00, 
	0x00,0x00,0x00,0x00, 
	0x00,0x00,0x00,0x00, 
	0x00,0x00,0x00,0x00, 
	0x00,0x00,0x00,0x00, 
	0x00,0x00,0x00,0x00, 
	0x00,0x00,0x00,0x00, 
	0x00,0x00,0x00,0x00, 
	0x00,0x00,0x00,0x00, 
	0x00,0x00,0x00,0x00, 
	0x00,0x00,0x00,0x00, 
	0x00,0x00,0x00,0x00, 
	0x00,0x00,0x00,0x00, 
	0x00,0x00,0x00,0x00, 
	0x00,0x00,0x00,0x00, 
	0x00,0x00,0x00,0x00, 
	0x00,0x00,0x00,0x00, 
	0x00,0x00,0x00,0x00, 
	0x00,0x00,0x00,0x00, 
	0x00,0x00,0x00,0x00, 
	0x00,0x00,0x00,0x00, 
	0x00,0x00,0x00,0x00, 
	0x00,0x00,0x00,0x00, 
	0x00,0x00,0x00,0x00, 
	0x00,0x00,0x00,0x00, 
	0x00,0x00,0x00,0x00, 
	0x00,0x00,0x00,0x00, 
	0x00,0x00,0x00,0x00, 
	0x00,0x00,0x00,0x00, 
	0x00,0x00,0x00,0x00, 
	0x00,0x00,0x00,0x00, 
	0x00,0x00,0x00,0x00, 
	0x00,0x00,0x00,0x00, 
	0x00,0x00,0x00,0x00, 
	0x00,0x00,0x00,0x00, 
	0x00,0x00,0x00,0x00, 
	0x00,0x00,0x00,0x00, 
	0x00,0x00,0x00,0x00, 
	0x00,0x00,0x00,0x00, 
	0x00,0x00,0x00,0x00, 
	0x00,0x00,0x00,0x00, 
	0x00,0x00,0x00,0x00, 
	0x00,0x00,0x00,0x00, 
	0x00,0x00,0x00,0x00, 
	0x00,0x00,0x00,0x00, 
	0x00,0x00,0x00,0x00, 
	0x00,0x00,0x00,0x00, 
	0x00,0x00,0x00,0x00, 
	0x00,0x00,0x00,0x00, 
	0x00,0x00,0x00,0x00, 
	0x00,0x00,0x00,0x00, 
	0x00,0x00,0x00,0x00, 
	0x00,0x00,0x00,0x00, 
	0x00,0x00,0x00,0x00, 
	0x00,0x00,0x00,0x00, 
	0x00,0x00,0x00,0x00, 
	0x00,0x00,0x00,0x00, 
	0x00,0x00,0x00,0x00, 
	0x00,0x00,0x00,0x00, 
	0x00,0x00,0x00,0x00, 
	0x00,0x00,0x00,0x00, 
	0x00,0x00,0x00,0x00, 
	0x00,0x00,0x00,0x00, 
	0x00,0x00,0x00,0x00, 
	0x00,0x00,0x00,0x00, 
	0x00,0x00,0x00,0x00, 
	0x00,0x00,0x00,0x00, 
	0x00,0x00,0x00,0x00, 
	0x00,0x00,0x00,0x00, 
	0x00,0x00,0x00,0x00, 
	0x00,0x00,0x00,0x00, 
	0x00,0x00,0x00,0x00, 
	0x00,0x00,0x00,0x00, 
	0x00,0x00,0x00,0x00, 
	0x00,0x00,0x00,0x00, 
	0x00,0x00,0x00,0x00, 
	0x00,0x00,0x00,0x00, 
	0x00,0x00,0x00,0x00, 
	0x00,0x00,0x00,0x00, 
	0x00,0x00,0x00,0x00, 
	0x00,0x00,0x00,0x00, 
	0x00,0x00,0x00,0x00, 
	0x00,0x00,0x00,0x00, 
	0x00,0x00,0x00,0x00, 
	0x00,0x00,0x00,0x00, 
	0x00,0x00,0x00,0x00, 
	0x00,0x00,0x00,0x00, 
	0x00,0x00,0x00,0x00, 
	0x00,0x00,0x00,0x00, 
	0x00,0x00,0x00,0x00, 
	0x00,0x00,0x00,0x00, 
	0x00,0x00,0x00,0x00, 
	0x00,0x00,0x00,0x00, 
	0x00,0x00,0x00,0x00, 
	0x00,0x00,0x00,0x00, 
	0x00,0x00,0x00,0x00, 
	0x00,0x00,0x00,0x00, 
	0x00,0x00,0x00,0x00, 
	0x00,0x00,0x00,0x00, 
	0x00,0x00,0x00,0x00, 
	0x00,0x00,0x00,0x00, 
	0x00,0x00,0x00,0x00, 
	0x00,0x00,0x00,0x00, 
	0x00,0x00,0x00,0x00, 
	0x00,0x00,0x00,0x00, 
	0x00,0x00,0x00,0x00, 
	0x00,0x00,0x00,0x00, 
	0x00,0x00,0x00,0x00, 
	0x00,0x00,0x00,0x00, 
	0x00,0x00,0x00,0x00, 
	0x00,0x00,0x00,0x00, 
	0x00,0x00,0x00,0x00, 
	0x00,0x00,0x00,0x00, 
	0x00,0x00,0x00,0x00, 
	0x00,0x00,0x00,0x00, 
	0x00,0x00,0x00,0x00, 
	0x00,0x00,0x00,0x00, 
	0x00,0x00,0x00,0x00, 
	0x00,0x00,0x00,0x00, 
	0x00,0x00,0x00,0x00, 
	0x00,0x00,0x00,0x00, 
	0x00,0x00,0x00,0x00, 
	0x00,0x00,0x00,0x00, 
	0x00,0x00,0x00,0x00, 
	0x00,0x00,0x00,0x00, 
	0x00,0x00,0x00,0x00, 
	0x00,0x00,0x00,0x00, 
	0x00,0x00,0x00,0x00, 
	0x00,0x00,0x00,0x00, 
	0x00,0x00,0x00,0x00, 
	0x00,0x00,0x00,0x00, 
	0x00,0x00,0x00,0x00, 
	0x00,0x00,0x00,0x00, 
	0x00,0x00,0x00,0x00, 
	0x00,0x00,0x00,0x00, 
	0x00,0x00,0x00,0x00, 
	0x00,0x00,0x00,0x00, 
	0x00,0x00,0x00,0x00, 
	0x00,0x00,0x00,0x00, 
	0x00,0x00,0x00,0x00, 
	0x00,0x00,0x00,0x00, 
	0x00,0x00,0x00,0x00, 
	0x00,0x00,0x00,0x00, 
	0x00,0x00,0x00,0x00, 
	0x00,0x00,0x00,0x00, 
	0x00,0x00,0x00,0x00, 
	0x00,0x00,0x00,0x00, 
	0x00,0x00,0x00,0x00, 
	0x00,0x00,0x00,0x00, 
	0x00,0x00,0x00,0x00, 
	0x00,0x00,0x00,0x00, 
	0x00,0x00,0x00,0x00, 
	0x00,0x00,0x00,0x00, 
	0x00,0x00,0x00,0x00, 
	0x00,0x00,0x00,0x00, 
	0x00,0x00,0x00,0x00, 
	0x00,0x00,0x00,0x00, 
	0x00,0x00,0x00,0x00, 
	0x00,0x00,0x00,0x00, 
	0x00,0x00,0x00,0x00, 
	0x00,0x00,0x00,0x00, 
	0x00,0x00,0x00,0x00, 
	0x00,0x00,0x00,0x00, 
	0x00,0x00,0x00,0x00, 
	0x00,0x00,0x00,0x00, 
	0x00,0x00,0x00,0x00, 
	0x00,0x00,0x00,0x00, 
	0x00,0x00,0x00,0x00, 
	0x00,0x00,0x00,0x00, 
	0x00,0x00,0x00,0x00, 
	0x00,0x00,0x00,0x00, 
	0x00,0x00,0x00,0x00, 
	0x00,0x00,0x00,0x00, 
	0x00,0x00,0x00,0x00, 
	0x00,0x00,0x00,0x00, 
	0x00,0x00,0x00,0x00, 
	0x00,0x00,0x00,0x00, 
	0x00,0x00,0x00,0x00, 
	0x00,0x00,0x00,0x00, 
	0x00,0x00,0x00,0x00, 
	0x00,0x00,0x00,0x00, 
	0x00,0x00,0x00,0x00, 
	0x00,0x00,0x00,0x00, 
	0x00,0x00,0x00,0x00, 
	0x00,0x00,0x00,0x00, 
	0x00,0x00,0x00,0x00, 
	0x00,0x00,0x00,0x00, 
	0x00,0x00,0x00,0x00, 
	0x00,0x00,0x00,0x00, 
	0x00,0x00,0x00,0x00, 
	0x00,0x00,0x00,0x00, 
	0x00,0x00,0x00,0x00, 
	0x00,0x00,0x00,0x00, 
	0x00,0x00,0x00,0x00, 
	0x00,0x00,0x00,0x00, 
	0x00,0x00,0x00,0x00, 
	0x00,0x00,0x00,0x00, 
	0x00,0x00,0x00,0x00, 
	0x00,0x00,0x00,0x00, 
	0x00,0x00,0x00,0x00, 
	0x00,0x00,0x00,0x00, 
	0x00,0x00,0x00,0x00, 
	0x00,0x00,0x00,0x00, 
	0x00,0x00,0x00,0x00, 
	0x00,0x00,0x00,0x00, 
	0x00,0x00,0x00,0x00, 
	0x00,0x00,0x00,0x00, 
	0x00,0x00,0x00,0x00, 
	0x00,0x00,0x00,0x00, 
	0x00,0x00,0x00,0x00, 
	0x00,0x00,0x00,0x00, 
	0x00,0x00,0x00,0x00, 
	0x00,0x00,0x00,0x00, 
	0x00,0x00,0x00,0x00, 
	0x00,0x00,0x00,0x00, 
	0x00,0x00,0x00,0x00, 
	0x00,0x00,0x00,0x00, 
	0x00,0x00,0x00,0x00, 
	0x00,0x00,0x00,0x00, 
	0x00,0x00,0x00,0x00, 
	0x00,0x00,0x00,0x00, 
	0x00,0x00,0x00,0x00, 
	0x00,0x00,0x00,0x00, 
	0x00,0x00,0x00,0x00, 
	0x00,0x00,0x00,0x00, 
	0x00,0x00,0x00,0x00, 
	0x00,0x00,0x00,0x00, 
	0x00,0x00,0x00,0x00, 
	0x00,0x00,0x00,0x00, 
	0x00,0x00,0x00,0x00, 
	0x00,0x00,0x00,0x00, 
	0x00,0x00,0x00,0x00, 
	0x00,0x00,0x00,0x00, 
	0x00,0x00,0x00,0x00, 
	0x00,0x00,0x00,0x00, 
	0x00,0x00,0x00,0x00, 
	0x00,0x00,0x00,0x00, 
	0x00,0x00,0x00,0x00, 
	0x00,0x00,0x00,0x00, 
	0x00,0x00,0x00,0x00, 
	0x00,0x00,0x00,0x00, 
	0x00,0x00,0x00,0x00, 
	0x00,0x00,0x00,0x00, 
	0x00,0x00,0x00,0x00, 
	0x00,0x00,0x00,0x00, 
	0x00,0x00,0x00,0x00, 
	0x00,0x00,0x00,0x00, 
	0x00,0x00,0x00,0x00, 
	0x00,0x00,0x00,0x00, 
	0x00,0x00,0x00,0x00, 
	0x00,0x00,0x00,0x00, 
	0x00,0x00,0x00,0x00, 
	0x00,0x00,0x00,0x00, 
	0x00,0x00,0x00,0x00, 
	0x00,0x00,0x00,0x00, 
	0x00,0x00,0x00,0x00, 
	0x00,0x00,0x00,0x00, 
	0x00,0x00,0x00,0x00, 
	0x00,0x00,0x00,0x00, 
	0x00,0x00,0x00,0x00, 
	0x00,0x00,0x00,0x00, 
	0x00,0x00,0x00,0x00, 
	0x00,0x00,0x00,0x00, 
	0x00,0x00,0x00,0x00, 
	0x00,0x00,0x00,0x00, 
	0x00,0x00,0x00,0x00, 
	0x00,0x00,0x00,0x00, 
	0x00,0x00,0x00,0x00, 
	0x00,0x00,0x00,0x00, 
	0x00,0x00,0x00,0x00, 
	0x00,0x00,0x00,0x00, 
	0x00,0x00,0x00,0x00, 
	0x00,0x00,0x00,0x00, 
	0x00,0x00,0x00,0x00, 
	0x00,0x00,0x00,0x00, 
	0x00,0x00,0x00,0x00, 
	0x00,0x00,0x00,0x00, 
	0x00,0x00,0x00,0x00, 
	0x00,0x00,0x00,0x00, 
	0x00,0x00,0x00,0x00, 
	0x00,0x00,0x00,0x00, 
	0x00,0x00,0x00,0x00, 
	0x00,0x00,0x00,0x00, 
	0x00,0x00,0x00,0x00, 
	0x00,0x00,0x00,0x00, 
	0x00,0x00,0x00,0x00, 
	0x00,0x00,0x00,0x00, 
	0x00,0x00,0x00,0x00, 
	0x00,0x00,0x00,0x00, 
	0x00,0x00,0x00,0x00, 
	0x00,0x00,0x00,0x00, 
	0x00,0x00,0x00,0x00, 
	0x00,0x00,0x00,0x00, 
	0x00,0x00,0x00,0x00, 
	0x00,0x00,0x00,0x00, 
	0x00,0x00,0x00,0x00, 
	0x00,0x00,0x00,0x00, 
	0x00,0x00,0x00,0x00, 
	0x00,0x00,0x00,0x00, 
	0x00,0x00,0x00,0x00, 
	0x00,0x00,0x00,0x00, 
	0x00,0x00,0x00,0x00, 
	0x00,0x00,0x00,0x00, 
	0x00,0x00,0x00,0x00, 
	0x00,0x00,0x00,0x00, 
	0x00,0x00,0x00,0x00, 
	0x00,0x00,0x00,0x00, 
	0x00,0x00,0x00,0x00, 
	0x00,0x00,0x00,0x00, 
	0x00,0x00,0x00,0x00, 
	0x00,0x00,0x00,0x00, 
	0x00,0x00,0x00,0x00, 
	0x00,0x00,0x00,0x00, 
	0x00,0x00,0x00,0x00, 
	0x00,0x00,0x00,0x00, 
	0x00,0x00,0x00,0x00, 
	0x00,0x00,0x00,0x00, 
	0x00,0x00,0x00,0x00, 
	0x00,0x00,0x00,0x00, 
	0x00,0x00,0x00,0x00, 
	0x00,0x00,0x00,0x00, 
	0x00,0x00,0x00,0x00, 
	0x00,0x00,0x00,0x00, 
	0x00,0x00,0x00,0x00, 
	0x00,0x00,0x00,0x00, 
	0x00,0x00,0x00,0x00, 
	0x00,0x00,0x00,0x00, 
	0x00,0x00,0x00,0x00, 
	0x00,0x00,0x00,0x00, 
	0x00,0x00,0x00,0x00, 
	0x00,0x00,0x00,0x00, 
	0x00,0x00,0x00,0x00, 
	0x00,0x00,0x00,0x00, 
	0x00,0x00,0x00,0x00, 
	0x00,0x00,0x00,0x00, 
	0x00,0x00,0x00,0x00, 
	0x00,0x00,0x00,0x00, 
	0x00,0x00,0x00,0x00, 
	0x00,0x00,0x00,0x00, 
	0x00,0x00,0x00,0x00, 
	0x00,0x00,0x00,0x00, 
	0x00,0x00,0x00,0x00, 
	0x00,0x00,0x00,0x00, 
	0x00,0x00,0x00,0x00, 
	0x00,0x00,0x00,0x00, 
	0x00,0x00,0x00,0x00, 
	0x00,0x00,0x00,0x00, 
	0x00,0x00,0x00,0x00, 
	0x00,0x00,0x00,0x00, 
	0x00,0x00,0x00,0x00, 
	0x00,0x00,0x00,0x00, 
	0x00,0x00,0x00,0x00, 
	0x00,0x00,0x00,0x00, 
	0x00,0x00,0x00,0x00, 
	0x00,0x00,0x00,0x00, 
	0x00,0x00,0x00,0x00, 
	0x00,0x00,0x00,0x00, 
	0x00,0x00,0x00,0x00, 
	0x00,0x00,0x00,0x00, 
	0x00,0x00,0x00,0x00, 
	0x00,0x00,0x00,0x00, 
	0x00,0x00,0x00,0x00, 
	0x00,0x00,0x00,0x00, 
	0x00,0x00,0x00,0x00, 
	0x00,0x00,0x00,0x00, 
	0x00,0x00,0x00,0x00, 
	0x00,0x00,0x00,0x00, 
	0x00,0x00,0x00,0x00, 
	0x00,0x00,0x00,0x00, 
	0x00,0x00,0x00,0x00, 
	0x00,0x00,0x00,0x00, 
	0x00,0x00,0x00,0x00, 
	0x00,0x00,0x00,0x00, 
	0x00,0x00,0x00,0x00, 
	0x00,0x00,0x00,0x00, 
	0x00,0x00,0x00,0x00, 
	0x00,0x00,0x00,0x00, 
	0x00,0x00,0x00,0x00, 
	0x00,0x00,0x00,0x00, 
	0x00,0x00,0x00,0x00, 
	0x00,0x00,0x00,0x00, 
	0x00,0x00,0x00,0x00, 
	0x00,0x00,0x00,0x00, 
	0x00,0x00,0x00,0x00, 
	0x00,0x00,0x00,0x00, 
	0x00,0x00,0x00,0x00, 
	0x00,0x00,0x00,0x00, 
	0x00,0x00,0x00,0x00, 
	0x00,0x00,0x00,0x00, 
	0x00,0x00,0x00,0x00, 
	0x00,0x00,0x00,0x00, 
	0x00,0x00,0x00,0x00, 
	0x00,0x00,0x00,0x00, 
	0x00,0x00,0x00,0x00, 
	0x00,0x00,0x00,0x00, 
	0x00,0x00,0x00,0x00, 
	0x00,0x00,0x00,0x00, 
	0x00,0x00,0x00,0x00, 
	0x00,0x00,0x00,0x00, 
	0x00,0x00,0x00,0x00, 
	0x00,0x00,0x00,0x00, 
	0x00,0x00,0x00,0x00, 
	0x00,0x00,0x00,0x00, 
	0x00,0x00,0x00,0x00, 
	0x00,0x00,0x00,0x00, 
	0x00,0x00,0x00,0x00, 
	0x00,0x00,0x00,0x00, 
	0x00,0x00,0x00,0x00, 
	0x00,0x00,0x00,0x00, 
	0x00,0x00,0x00,0x00, 
	0x00,0x00,0x00,0x00, 
	0x00,0x00,0x00,0x00, 
	0x00,0x00,0x00,0x00, 
	0x00,0x00,0x00,0x00, 
	0x00,0x00,0x00,0x00, 
	0x00,0x00,0x00,0x00, 
	0x00,0x00,0x00,0x00, 
	0x00,0x00,0x00,0x00, 
	0x00,0x00,0x00,0x00, 
	0x00,0x00,0x00,0x00, 
	0x00,0x00,0x00,0x00, 
	0x00,0x00,0x00,0x00, 
	0x00,0x00,0x00,0x00, 
	0x00,0x00,0x00,0x00, 
	0x00,0x00,0x00,0x00, 
	0x00,0x00,0x00,0x00, 
	0x00,0x00,0x00,0x00, 
	0x00,0x00,0x00,0x00, 
	0x00,0x00,0x00,0x00, 
	0x00,0x00,0x00,0x00, 
	0x00,0x00,0x00,0x00, 
	0x00,0x00,0x00,0x00, 
	0x00,0x00,0x00,0x00, 
	0x00,0x00,0x00,0x00, 
	0x00,0x00,0x00,0x00, 
	0x00,0x00,0x00,0x00, 
	0x00,0x00,0x00,0x00, 
	0x00,0x00,0x00,0x00, 
	0x00,0x00,0x00,0x00, 
	0x00,0x00,0x00,0x00, 
	0x00,0x00,0x00,0x00, 
	0x00,0x00,0x00,0x00, 
	0x00,0x00,0x00,0x00, 
	0x00,0x00,0x00,0x00, 
	0x00,0x00,0x00,0x00, 
	0x00,0x00,0x00,0x00, 
	0x00,0x00,0x00,0x00, 
	0x00,0x00,0x00,0x00, 
	0x00,0x00,0x00,0x00, 
	0x00,0x00,0x00,0x00, 
	0x00,0x00,0x00,0x00, 
	0x00,0x00,0x00,0x00, 
	0x00,0x00,0x00,0x00, 
	0x00,0x00,0x00,0x00, 
	0x00,0x00,0x00,0x00, 
	0x00,0x00,0x00,0x00, 
	0x00,0x00,0x00,0x00, 
	0x00,0x00,0x00,0x00, 
	0x00,0x00,0x00,0x00, 
	0x00,0x00,0x00,0x00, 
	0x00,0x00,0x00,0x00, 
	0x00,0x00,0x00,0x00, 
	0x00,0x00,0x00,0x00, 
	0x00,0x00,0x00,0x00, 
	0x00,0x00,0x00,0x00, 
	0x00,0x00,0x00,0x00, 
	0x00,0x00,0x00,0x00, 
	0x00,0x00,0x00,0x00, 
	0x00,0x00,0x00,0x00, 
	0x00,0x00,0x00,0x00, 
	0x00,0x00,0x00,0x00, 
	0x00,0x00,0x00,0x00, 
	0x00,0x00,0x00,0x00, 
	0x00,0x00,0x00,0x00, 
	0x00,0x00,0x00,0x00, 
	0x00,0x00,0x00,0x00, 
	0x00,0x00,0x00,0x00, 
	0x00,0x00,0x00,0x00, 
	0x00,0x00,0x00,0x00, 
	0x00,0x00,0x00,0x00, 
	0x00,0x00,0x00,0x00, 
	0x00,0x00,0x00,0x00, 
	0x00,0x00,0x00,0x00, 
	0x00,0x00,0x00,0x00, 
	0x00,0x00,0x00,0x00, 
	0x00,0x00,0x00,0x00, 
	0x00,0x00,0x00,0x00, 
	0x00,0x00,0x00,0x00, 
	0x00,0x00,0x00,0x00, 
	0x00,0x00,0x00,0x00, 
	0x00,0x00,0x00,0x00, 
	0x00,0x00,0x00,0x00, 
	0x00,0x00,0x00,0x00, 
	0x00,0x00,0x00,0x00, 
	0x00,0x00,0x00,0x00, 
	0x00,0x00,0x00,0x00, 
	0x00,0x00,0x00,0x00, 
	0x00,0x00,0x00,0x00, 
	0x00,0x00,0x00,0x00, 
	0x00,0x00,0x00,0x00, 
	0x00,0x00,0x00,0x00, 
	0x00,0x00,0x00,0x00, 
	0x00,0x00,0x00,0x00, 
	0x00,0x00,0x00,0x00, 
	0x00,0x00,0x00,0x00, 
	0x00,0x00,0x00,0x00, 
	0x00,0x00,0x00,0x00, 
	0x00,0x00,0x00,0x00, 
	0x00,0x00,0x00,0x00, 
	0x00,0x00,0x00,0x00, 
	0x00,0x00,0x00,0x00, 
	0x00,0x00,0x00,0x00, 
	0x00,0x00,0x00,0x00, 
	0x00,0x00,0x00,0x00, 
	0x00,0x00,0x00,0x00, 
	0x00,0x00,0x00,0x00, 
	0x00,0x00,0x00,0x00, 
	0x00,0x00,0x00,0x00, 
	0x00,0x00,0x00,0x00, 
	0x00,0x00,0x00,0x00, 
	0x00,0x00,0x00,0x00, 
	0x00,0x00,0x00,0x00, 
	0x00,0x00,0x00,0x00, 
	0x00,0x00,0x00,0x00, 
	0x00,0x00,0x00,0x00, 
	0x00,0x00,0x00,0x00, 
	0x00,0x00,0x00,0x00, 
	0x00,0x00,0x00,0x00, 
	0x00,0x00,0x00,0x00, 
	0x00,0x00,0x00,0x00, 
	0x00,0x00,0x00,0x00, 
	0x00,0x00,0x00,0x00, 
	0x00,0x00,0x00,0x00, 
	0x00,0x00,0x00,0x00, 
	0x00,0x00,0x00,0x00, 
	0x00,0x00,0x00,0x00, 
	0x00,0x00,0x00,0x00, 
	0x00,0x00,0x00,0x00, 
	0x00,0x00,0x00,0x00, 
	0x00,0x00,0x00,0x00, 
	0x00,0x00,0x00,0x00, 
	0x00,0x00,0x00,0x00, 
	0x00,0x00,0x00,0x00, 
	0x00,0x00,0x00,0x00, 
	0x00,0x00,0x00,0x00, 
	0x00,0x00,0x00,0x00, 
	0x00,0x00,0x00,0x00, 
	0x00,0x00,0x00,0x00, 
	0x00,0x00,0x00,0x00, 
	0x00,0x00,0x00,0x00, 
	0x00,0x00,0x00,0x00, 
	0x00,0x00,0x00,0x00, 
	0x00,0x00,0x00,0x00, 
	0x00,0x00,0x00,0x00, 
	0x00,0x00,0x00,0x00, 
	0x00,0x00,0x00,0x00, 
	0x00,0x00,0x00,0x00, 
	0x00,0x00,0x00,0x00, 
	0x00,0x00,0x00,0x00, 
	0x00,0x00,0x00,0x00, 
	0x00,0x00,0x00,0x00, 
	0x00,0x00,0x00,0x00, 
	0x00,0x00,0x00,0x00, 
	0x00,0x00,0x00,0x00, 
	0x00,0x00,0x00,0x00, 
	0x00,0x00,0x00,0x00, 
	0x00,0x00,0x00,0x00, 
	0x00,0x00,0x00,0x00, 
	0x00,0x00,0x00,0x00, 
	0x00,0x00,0x00,0x00, 
	0x00,0x00,0x00,0x00, 
	0x00,0x00,0x00,0x00, 
	0x00,0x00,0x00,0x00, 
	0x00,0x00,0x00,0x00, 
	0x00,0x00,0x00,0x00, 
	0x00,0x00,0x00,0x00, 
	0x00,0x00,0x00,0x00, 
	0x00,0x00,0x00,0x00, 
	0x00,0x00,0x00,0x00, 
	0x00,0x00,0x00,0x00, 
	0x00,0x00,0x00,0x00, 
	0x00,0x00,0x00,0x00, 
	0x00,0x00,0x00,0x00, 
	0x00,0x00,0x00,0x00, 
	0x00,0x00,0x00,0x00, 
	0x00,0x00,0x00,0x00, 
	0x00,0x00,0x00,0x00, 
	0x00,0x00,0x00,0x00, 
	0x00,0x00,0x00,0x00, 
	0x00,0x00,0x00,0x00, 
	0x00,0x00,0x00,0x00, 
	0x00,0x00,0x00,0x00, 
	0x00,0x00,0x00,0x00, 
	0x00,0x00,0x00,0x00, 
	0x00,0x00,0x00,0x00, 
	0x00,0x00,0x00,0x00, 
	0x00,0x00,0x00,0x00, 
	0x00,0x00,0x00,0x00, 
	0x00,0x00,0x00,0x00, 
	0x00,0x00,0x00,0x00, 
	0x00,0x00,0x00,0x00, 
	0x00,0x00,0x00,0x00, 
	0x00,0x00,0x00,0x00, 
	0x00,0x00,0x00,0x00, 
	0x00,0x00,0x00,0x00, 
	0x00,0x00,0x00,0x00, 
	0x00,0x00,0x00,0x00, 
	0x00,0x00,0x00,0x00, 
	0x00,0x00,0x00,0x00, 
	0x00,0x00,0x00,0x00, 
	0x00,0x00,0x00,0x00, 
	0x00,0x00,0x00,0x00, 
	0x00,0x00,0x00,0x00, 
	0x00,0x00,0x00,0x00, 
	0x00,0x00,0x00,0x00, 
	0x00,0x00,0x00,0x00, 
	0x00,0x00,0x00,0x00, 
	0x00,0x00,0x00,0x00, 
	0x00,0x00,0x00,0x00, 
	0x00,0x00,0x00,0x00, 
	0x00,0x00,0x00,0x00, 
	0x00,0x00,0x00,0x00, 
	0x00,0x00,0x00,0x00, 
	0x00,0x00,0x00,0x00, 
	0x00,0x00,0x00,0x00, 
	0x00,0x00,0x00,0x00, 
	0x00,0x00,0x00,0x00, 
	0x00,0x00,0x00,0x00, 
	0x00,0x00,0x00,0x00, 
	0x00,0x00,0x00,0x00, 
	0x00,0x00,0x00,0x00, 
	0x00,0x00,0x00,0x00, 
	0x00,0x00,0x00,0x00, 
	0x00,0x00,0x00,0x00, 
	0x00,0x00,0x00,0x00, 
	0x00,0x00,0x00,0x00, 
	0x00,0x00,0x00,0x00, 
	0x00,0x00,0x00,0x00, 
	0x00,0x00,0x00,0x00, 
	0x00,0x00,0x00,0x00, 
	0x00,0x00,0x00,0x00, 
	0x00,0x00,0x00,0x00, 
	0x00,0x00,0x00,0x00, 
	0x00,0x00,0x00,0x00, 
	0x00,0x00,0x00,0x00, 
	0x00,0x00,0x00,0x00, 
	0x00,0x00,0x00,0x00, 
	0x00,0x00,0x00,0x00, 
	0x00,0x00,0x00,0x00, 
	0x00,0x00,0x00,0x00, 
	0x00,0x00,0x00,0x00, 
	0x00,0x00,0x00,0x00, 
	0x00,0x00,0x00,0x00, 
	0x00,0x00,0x00,0x00, 
	0x00,0x00,0x00,0x00, 
	0x00,0x00,0x00,0x00, 
	0x00,0x00,0x00,0x00, 
	0x00,0x00,0x00,0x00, 
	0x00,0x00,0x00,0x00, 
	0x00,0x00,0x00,0x00, 
	0x00,0x00,0x00,0x00, 
	0x00,0x00,0x00,0x00, 
	0x00,0x00,0x00,0x00, 
	0x00,0x00,0x00,0x00, 
	0x00,0x00,0x00,0x00, 
	0x00,0x00,0x00,0x00, 
	0x00,0x00,0x00,0x00, 
	0x00,0x00,0x00,0x00, 
	0x00,0x00,0x00,0x00, 
	0x00,0x00,0x00,0x00, 
	0x00,0x00,0x00,0x00, 
	0x00,0x00,0x00,0x00, 
	0x00,0x00,0x00,0x00, 
	0x00,0x00,0x00,0x00, 
	0x00,0x00,0x00,0x00, 
	0x00,0x00,0x00,0x00, 
	0x00,0x00,0x00,0x00, 
	0x00,0x00,0x00,0x00, 
	0x00,0x00,0x00,0x00, 
	0x00,0x00,0x00,0x00, 
	0x00,0x00,0x00,0x00, 
	0x00,0x00,0x00,0x00, 
	0x00,0x00,0x00,0x00, 
	0x00,0x00,0x00,0x00, 
	0x00,0x00,0x00,0x00, 
	0x00,0x00,0x00,0x00, 
	0x00,0x00,0x00,0x00, 
	0x00,0x00,0x00,0x00, 
	0x00,0x00,0x00,0x00, 
	0x00,0x00,0x00,0x00, 
	0x00,0x00,0x00,0x00, 
	0x00,0x00,0x00,0x00, 
	0x00,0x00,0x00,0x00, 
	0x00,0x00,0x00,0x00, 
	0x00,0x00,0x00,0x00, 
	0x00,0x00,0x00,0x00, 
	0x00,0x00,0x00,0x00, 
	0x00,0x00,0x00,0x00, 
	0x00,0x00,0x00,0x00, 
	0x00,0x00,0x00,0x00, 
	0x00,0x00,0x00,0x00, 
	0x00,0x00,0x00,0x00, 
	0x00,0x00,0x00,0x00, 
	0x00,0x00,0x00,0x00, 
	0x00,0x00,0x00,0x00, 
	0x00,0x00,0x00,0x00, 
	0x00,0x00,0x00,0x00, 
	0x00,0x00,0x00,0x00, 
	0x00,0x00,0x00,0x00, 
	0x00,0x00,0x00,0x00, 
	0x00,0x00,0x00,0x00, 
	0x00,0x00,0x00,0x00, 
	0x00,0x00,0x00,0x00, 
	0x00,0x00,0x00,0x00, 
	0x00,0x00,0x00,0x00, 
	0x00,0x00,0x00,0x00, 
	0x00,0x00,0x00,0x00, 
	0x00,0x00,0x00,0x00, 
	0x00,0x00,0x00,0x00, 
	0x00,0x00,0x00,0x00, 
	0x00,0x00,0x00,0x00, 
	0x00,0x00,0x00,0x00, 
	0x00,0x00,0x00,0x00, 
	0x00,0x00,0x00,0x00, 
	0x00,0x00,0x00,0x00, 
	0x00,0x00,0x00,0x00, 
	0x00,0x00,0x00,0x00, 
	0x00,0x00,0x00,0x00, 
	0x00,0x00,0x00,0x00, 
	0x00,0x00,0x00,0x00, 
	0x00,0x00,0x00,0x00, 
	0x00,0x00,0x00,0x00, 
	0x00,0x00,0x00,0x00, 
	0x00,0x00,0x00,0x00, 
	0x00,0x00,0x00,0x00, 
	0x00,0x00,0x00,0x00, 
	0x00,0x00,0x00,0x00, 
	0x00,0x00,0x00,0x00, 
	0x00,0x00,0x00,0x00, 
	0x00,0x00,0x00,0x00, 
	0x00,0x00,0x00,0x00, 
	0x00,0x00,0x00,0x00, 
	0x00,0x00,0x00,0x00, 
	0x00,0x00,0x00,0x00, 
	0x00,0x00,0x00,0x00, 
	0x00,0x00,0x00,0x00, 
	0x00,0x00,0x00,0x00, 
	0x00,0x00,0x00,0x00, 
	0x00,0x00,0x00,0x00, 
	0x00,0x00,0x00,0x00, 
	0x00,0x00,0x00,0x00, 
	0x00,0x00,0x00,0x00, 
	0x00,0x00,0x00,0x00, 
	0x00,0x00,0x00,0x00, 
	0x00,0x00,0x00,0x00, 
	0x00,0x00,0x00,0x00, 
	0x00,0x00,0x00,0x00, 
	0x00,0x00,0x00,0x00, 
	0x00,0x00,0x00,0x00, 
	0x00,0x00,0x00,0x00, 
	0x00,0x00,0x00,0x00, 
	0x00,0x00,0x00,0x00, 
	0x00,0x00,0x00,0x00, 
	0x00,0x00,0x00,0x00, 
	0x00,0x00,0x00,0x00, 
	0x00,0x00,0x00,0x00, 
	0x00,0x00,0x00,0x00, 
	0x00,0x00,0x00,0x00, 
	0x00,0x00,0x00,0x00, 
	0x00,0x00,0x00,0x00, 
	0x00,0x00,0x00,0x00, 
	0x00,0x00,0x00,0x00, 
	0x00,0x00,0x00,0x00, 
	0x00,0x00,0x00,0x00, 
	0x00,0x00,0x00,0x00, 
	0x00,0x00,0x00,0x00, 
	0x00,0x00,0x00,0x00, 
	0x00,0x00,0x00,0x00, 
	0x00,0x00,0x00,0x00, 
	0x00,0x00,0x00,0x00, 
	0x00,0x00,0x00,0x00, 
	0x00,0x00,0x00,0x00, 
	0x00,0x00,0x00,0x00, 
	0x00,0x00,0x00,0x00, 
	0x00,0x00,0x00,0x00, 
	0x00,0x00,0x00,0x00, 
	0x00,0x00,0x00,0x00, 
	0x00,0x00,0x00,0x00, 
	0x00,0x00,0x00,0x00, 
	0x00,0x00,0x00,0x00, 
	0x00,0x00,0x00,0x00, 
	0x00,0x00,0x00,0x00, 
	0x00,0x00,0x00,0x00, 
	0x00,0x00,0x00,0x00, 
	0x00,0x00,0x00,0x00, 
	0x00,0x00,0x00,0x00, 
	0x00,0x00,0x00,0x00, 
	0x00,0x00,0x00,0x00, 
	0x00,0x00,0x00,0x00, 
	0x00,0x00,0x00,0x00, 
	0x00,0x00,0x00,0x00, 
	0x00,0x00,0x00,0x00, 
	0x00,0x00,0x00,0x00, 
	0x00,0x00,0x00,0x00, 
	0x00,0x00,0x00,0x00, 
	0x00,0x00,0x00,0x00, 
	0x00,0x00,0x00,0x00, 
	0x00,0x00,0x00,0x00, 
	0x00,0x00,0x00,0x00, 
	0x00,0x00,0x00,0x00, 
	0x00,0x00,0x00,0x00, 
	0x00,0x00,0x00,0x00, 
	0x00,0x00,0x00,0x00, 
	0x00,0x00,0x00,0x00, 
	0x00,0x00,0x00,0x00, 
	0x00,0x00,0x00,0x00, 
	0x00,0x00,0x00,0x00, 
	0x00,0x00,0x00,0x00, 
	0x00,0x00,0x00,0x00, 
	0x00,0x00,0x00,0x00, 
	0x00,0x00,0x00,0x00, 
	0x00,0x00,0x00,0x00, 
	0x00,0x00,0x00,0x00, 
	0x00,0x00,0x00,0x00, 
	0x00,0x00,0x00,0x00, 
	0x00,0x00,0x00,0x00, 
	0x00,0x00,0x00,0x00, 
	0x00,0x00,0x00,0x00, 
	0x00,0x00,0x00,0x00, 
	0x00,0x00,0x00,0x00, 
	0x00,0x00,0x00,0x00, 
	0x00,0x00,0x00,0x00, 
	0x00,0x00,0x00,0x00, 
	0x00,0x00,0x00,0x00, 
	0x00,0x00,0x00,0x00, 
	0x00,0x00,0x00,0x00, 
	0x00,0x00,0x00,0x00, 
	0x00,0x00,0x00,0x00, 
	0x00,0x00,0x00,0x00, 
	0x00,0x00,0x00,0x00, 
	0x00,0x00,0x00,0x00, 
	0x00,0x00,0x00,0x00, 
	0x00,0x00,0x00,0x00, 
	0x00,0x00,0x00,0x00, 
	0x00,0x00,0x00,0x00, 
	0x00,0x00,0x00,0x00, 
	0x00,0x00,0x00,0x00, 
	0x00,0x00,0x00,0x00, 
	0x00,0x00,0x00,0x00, 
	0x00,0x00,0x00,0x00, 
	0x00,0x00,0x00,0x00, 
	0x00,0x00,0x00,0x00, 
	0x00,0x00,0x00,0x00, 
	0x00,0x00,0x00,0x00, 
	0x00,0x00,0x00,0x00, 
	0x00,0x00,0x00,0x00, 
	0x00,0x00,0x00,0x00, 
	0x00,0x00,0x00,0x00, 
	0x00,0x00,0x00,0x00, 
	0x00,0x00,0x00,0x00, 
	0x00,0x00,0x00,0x00, 
	0x00,0x00,0x00,0x00, 
	0x00,0x00,0x00,0x00, 
	0x00,0x00,0x00,0x00, 
	0x00,0x00,0x00,0x00, 
	0x00,0x00,0x00,0x00, 
	0x00,0x00,0x00,0x00, 
	0x00,0x00,0x00,0x00, 
	0x00,0x00,0x00,0x00, 
	0x00,0x00,0x00,0x00, 
	0x00,0x00,0x00,0x00, 
	0x00,0x00,0x00,0x00, 
	0x00,0x00,0x00,0x00, 
	0x00,0x00,0x00,0x00, 
	0x00,0x00,0x00,0x00, 
	0x00,0x00,0x00,0x00, 
	0x00,0x00,0x00,0x00, 
	0x00,0x00,0x00,0x00, 
	0x00,0x00,0x00,0x00, 
	0x00,0x00,0x00,0x00, 
	0x00,0x00,0x00,0x00, 
	0x00,0x00,0x00,0x00, 
	0x00,0x00,0x00,0x00, 
	0x00,0x00,0x00,0x00, 
	0x00,0x00,0x00,0x00, 
	0x00,0x00,0x00,0x00, 
	0x00,0x00,0x00,0x00, 
	0x00,0x00,0x00,0x00, 
	0x00,0x00,0x00,0x00, 
	0x00,0x00,0x00,0x00, 
	0x00,0x00,0x00,0x00, 
	0x00,0x00,0x00,0x00, 
	0x00,0x00,0x00,0x00, 
	0x00,0x00,0x00,0x00, 
	0x00,0x00,0x00,0x00, 
	0x00,0x00,0x00,0x00, 
	0x00,0x00,0x00,0x00, 
	0x00,0x00,0x00,0x00, 
	0x00,0x00,0x00,0x00, 
	0x00,0x00,0x00,0x00, 
	0x00,0x00,0x00,0x00, 
	0x00,0x00,0x00,0x00, 
	0x00,0x00,0x00,0x00, 
	0x00,0x00,0x00,0x00, 
	0x00,0x00,0x00,0x00, 
	0x00,0x00,0x00,0x00, 
	0x00,0x00,0x00,0x00, 
	0x00,0x00,0x00,0x00, 
	0x00,0x00,0x00,0x00, 
	0x00,0x00,0x00,0x00, 
	0x00,0x00,0x00,0x00, 
	0x00,0x00,0x00,0x00, 
	0x00,0x00,0x00,0x00, 
	0x00,0x00,0x00,0x00, 
	0x00,0x00,0x00,0x00, 
	0x00,0x00,0x00,0x00, 
	0x00,0x00,0x00,0x00, 
	0x00,0x00,0x00,0x00, 
	0x00,0x00,0x00,0x00, 
	0x00,0x00,0x00,0x00, 
	0x00,0x00,0x00,0x00, 
	0x00,0x00,0x00,0x00, 
	0x00,0x00,0x00,0x00, 
	0x00,0x00,0x00,0x00, 
	0x00,0x00,0x00,0x00, 
	0x00,0x00,0x00,0x00, 
	0x00,0x00,0x00,0x00, 
	0x00,0x00,0x00,0x00, 
	0x00,0x00,0x00,0x00, 
	0x00,0x00,0x00,0x00, 
	0x00,0x00,0x00,0x00, 
	0x00,0x00,0x00,0x00, 
	0x00,0x00,0x00,0x00, 
	0x00,0x00,0x00,0x00, 
	0x00,0x00,0x00,0x00, 
	0x00,0x00,0x00,0x00, 
	0x00,0x00,0x00,0x00, 
	0x00,0x00,0x00,0x00, 
	0x00,0x00,0x00,0x00, 
	0x00,0x00,0x00,0x00, 
	0x00,0x00,0x00,0x00, 
	0x00,0x00,0x00,0x00, 
	0x00,0x00,0x00,0x00, 
	0x00,0x00,0x00,0x00, 
	0x00,0x00,0x00,0x00, 
	0x00,0x00,0x00,0x00, 
	0x00,0x00,0x00,0x00, 
	0x00,0x00,0x00,0x00, 
	0x00,0x00,0x00,0x00, 
	0x00,0x00,0x00,0x00, 
	0x00,0x00,0x00,0x00, 
	0x00,0x00,0x00,0x00, 
	0x00,0x00,0x00,0x00, 
	0x00,0x00,0x00,0x00, 
	0x00,0x00,0x00,0x00, 
	0x00,0x00,0x00,0x00, 
	0x00,0x00,0x00,0x00, 
	0x00,0x00,0x00,0x00, 
	0x00,0x00,0x00,0x00, 
	0x00,0x00,0x00,0x00, 
	0x00,0x00,0x00,0x00, 
	0x00,0x00,0x00,0x00, 
	0x00,0x00,0x00,0x00, 
	0x00,0x00,0x00,0x00, 
	0x00,0x00,0x00,0x00, 
	0x00,0x00,0x00,0x00, 
	0x00,0x00,0x00,0x00, 
	0x00,0x00,0x00,0x00, 
	0x00,0x00,0x00,0x00, 
	0x00,0x00,0x00,0x00, 
	0x00,0x00,0x00,0x00, 
	0x00,0x00,0x00,0x00, 
	0x00,0x00,0x00,0x00, 
	0x00,0x00,0x00,0x00, 
	0x00,0x00,0x00,0x00, 
	0x00,0x00,0x00,0x00, 
	0x00,0x00,0x00,0x00, 
	0x00,0x00,0x00,0x00, 
	0x00,0x00,0x00,0x00, 
	0x00,0x00,0x00,0x00, 
	0x00,0x00,0x00,0x00, 
	0x00,0x00,0x00,0x00, 
	0x00,0x00,0x00,0x00, 
	0x00,0x00,0x00,0x00, 
	0x00,0x00,0x00,0x00, 
	0x00,0x00,0x00,0x00, 
	0x00,0x00,0x00,0x00, 
	0x00,0x00,0x00,0x00, 
	0x00,0x00,0x00,0x00, 
	0x00,0x00,0x00,0x00, 
	0x00,0x00,0x00,0x00, 
	0x00,0x00,0x00,0x00, 
	0x00,0x00,0x00,0x00, 
	0x00,0x00,0x00,0x00, 
	0x00,0x00,0x00,0x00, 
	0x00,0x00,0x00,0x00, 
	0x00,0x00,0x00,0x00, 
	0x00,0x00,0x00,0x00, 
	0x00,0x00,0x00,0x00, 
	0x00,0x00,0x00,0x00, 
	0x00,0x00,0x00,0x00, 
	0x00,0x00,0x00,0x00, 
	0x00,0x00,0x00,0x00, 
	0x00,0x00,0x00,0x00, 
	0x00,0x00,0x00,0x00, 
	0x00,0x00,0x00,0x00, 
	0x00,0x00,0x00,0x00, 
	0x00,0x00,0x00,0x00, 
	0x00,0x00,0x00,0x00, 
	0x00,0x00,0x00,0x00, 
	0x00,0x00,0x00,0x00, 
	0x00,0x00,0x00,0x00, 
	0x00,0x00,0x00,0x00, 
	0x00,0x00,0x00,0x00, 
	0x00,0x00,0x00,0x00, 
	0x00,0x00,0x00,0x00, 
	0x00,0x00,0x00,0x00, 
	0x00,0x00,0x00,0x00, 
	0x00,0x00,0x00,0x00, 
	0x00,0x00,0x00,0x00, 
	0x00,0x00,0x00,0x00, 
	0x00,0x00,0x00,0x00, 
	0x00,0x00,0x00,0x00, 
	0x00,0x00,0x00,0x00, 
	0x00,0x00,0x00,0x00, 
	0x00,0x00,0x00,0x00, 
	0x00,0x00,0x00,0x00, 
	0x00,0x00,0x00,0x00, 
	0x00,0x00,0x00,0x00, 
	0x00,0x00,0x00,0x00, 
	0x00,0x00,0x00,0x00, 
	0x00,0x00,0x00,0x00, 
	0x00,0x00,0x00,0x00, 
	0x00,0x00,0x00,0x00, 
	0x00,0x00,0x00,0x00, 
	0x00,0x00,0x00,0x00, 
	0x00,0x00,0x00,0x00, 
	0x00,0x00,0x00,0x00, 
	0x00,0x00,0x00,0x00, 
	0x00,0x00,0x00,0x00, 
	0x00,0x00,0x00,0x00, 
	0x00,0x00,0x00,0x00, 
	0x00,0x00,0x00,0x00, 
	0x00,0x00,0x00,0x00, 
	0x00,0x00,0x00,0x00, 
	0x00,0x00,0x00,0x00, 
	0x00,0x00,0x00,0x00, 
	0x00,0x00,0x00,0x00, 
	0x00,0x00,0x00,0x00, 
	0x00,0x00,0x00,0x00, 
	0x00,0x00,0x00,0x00, 
	0x00,0x00,0x00,0x00, 
	0x00,0x00,0x00,0x00, 
	0x00,0x00,0x00,0x00, 
	0x00,0x00,0x00,0x00, 
	0x00,0x00,0x00,0x00, 
	0x00,0x00,0x00,0x00, 
	0x00,0x00,0x00,0x00, 
	0x00,0x00,0x00,0x00, 
	0x00,0x00,0x00,0x00, 
	0x00,0x00,0x00,0x00, 
	0x00,0x00,0x00,0x00, 
	0x00,0x00,0x00,0x00, 
	0x00,0x00,0x00,0x00, 
	0x00,0x00,0x00,0x00, 
	0x00,0x00,0x00,0x00, 
	0x00,0x00,0x00,0x00, 
	0x00,0x00,0x00,0x00, 
	0x00,0x00,0x00,0x00, 
	0x00,0x00,0x00,0x00, 
	0x00,0x00,0x00,0x00, 
	0x00,0x00,0x00,0x00, 
	0x00,0x00,0x00,0x00, 
	0x00,0x00,0x00,0x00, 
	0x00,0x00,0x00,0x00, 
	0x00,0x00,0x00,0x00, 
	0x00,0x00,0x00,0x00, 
	0x00,0x00,0x00,0x00, 
	0x00,0x00,0x00,0x00, 
	0x00,0x00,0x00,0x00, 
	0x00,0x00,0x00,0x00, 
	0x00,0x00,0x00,0x00, 
	0x00,0x00,0x00,0x00, 
	0x00,0x00,0x00,0x00, 
	0x00,0x00,0x00,0x00, 
	0x00,0x00,0x00,0x00, 
	0x00,0x00,0x00,0x00, 
	0x00,0x00,0x00,0x00, 
	0x00,0x00,0x00,0x00, 
	0x00,0x00,0x00,0x00, 
	0x00,0x00,0x00,0x00, 
	0x00,0x00,0x00,0x00, 
	0x00,0x00,0x00,0x00, 
	0x00,0x00,0x00,0x00, 
	0x00,0x00,0x00,0x00, 
	0x00,0x00,0x00,0x00, 
	0x00,0x00,0x00,0x00, 
	0x00,0x00,0x00,0x00, 
	0x00,0x00,0x00,0x00, 
	0x00,0x00,0x00,0x00, 
	0x00,0x00,0x00,0x00, 
	0x00,0x00,0x00,0x00, 
	0x00,0x00,0x00,0x00, 
	0x00,0x00,0x00,0x00, 
	0x00,0x00,0x00,0x00, 
	0x00,0x00,0x00,0x00, 
	0x00,0x00,0x00,0x00, 
	0x00,0x00,0x00,0x00, 
	0x00,0x00,0x00,0x00, 
	0x00,0x00,0x00,0x00, 
	0x00,0x00,0x00,0x00, 
	0x00,0x00,0x00,0x00, 
	0x00,0x00,0x00,0x00, 
	0x00,0x00,0x00,0x00, 
	0x00,0x00,0x00,0x00, 
	0x00,0x00,0x00,0x00, 
	0x00,0x00,0x00,0x00, 
	0x00,0x00,0x00,0x00, 
	0x00,0x00,0x00,0x00, 
	0x00,0x00,0x00,0x00, 
	0x00,0x00,0x00,0x00, 
	0x00,0x00,0x00,0x00, 
	0x00,0x00,0x00,0x00, 
	0x00,0x00,0x00,0x00, 
	0x00,0x00,0x00,0x00, 
	0x00,0x00,0x00,0x00, 
	0x00,0x00,0x00,0x00, 
	0x00,0x00,0x00,0x00, 
	0x00,0x00,0x00,0x00, 
	0x00,0x00,0x00,0x00, 
	0x00,0x00,0x00,0x00, 
	0x00,0x00,0x00,0x00, 
	0x00,0x00,0x00,0x00, 
	0x00,0x00,0x00,0x00, 
	0x00,0x00,0x00,0x00, 
	0x00,0x00,0x00,0x00, 
	0x00,0x00,0x00,0x00, 
	0x00,0x00,0x00,0x00, 
	0x00,0x00,0x00,0x00, 
	0x00,0x00,0x00,0x00, 
	0x00,0x00,0x00,0x00, 
	0x00,0x00,0x00,0x00, 
	0x00,0x00,0x00,0x00, 
	0x00,0x00,0x00,0x00, 
	0x00,0x00,0x00,0x00, 
	0x00,0x00,0x00,0x00, 
	0x00,0x00,0x00,0x00, 
	0x00,0x00,0x00,0x00, 
	0x00,0x00,0x00,0x00, 
	0x00,0x00,0x00,0x00, 
	0x00,0x00,0x00,0x00, 
	0x00,0x00,0x00,0x00, 
	0x00,0x00,0x00,0x00, 
	0x00,0x00,0x00,0x00, 
	0x00,0x00,0x00,0x00, 
	0x00,0x00,0x00,0x00, 
	0x00,0x00,0x00,0x00, 
	0x00,0x00,0x00,0x00, 
	0x00,0x00,0x00,0x00, 
	0x00,0x00,0x00,0x00, 
	0x00,0x00,0x00,0x00, 
	0x00,0x00,0x00,0x00, 
	0x00,0x00,0x00,0x00, 
	0x00,0x00,0x00,0x00, 
	0x00,0x00,0x00,0x00, 
	0x00,0x00,0x00,0x00, 
	0x00,0x00,0x00,0x00, 
	0x00,0x00,0x00,0x00, 
	0x00,0x00,0x00,0x00, 
	0x00,0x00,0x00,0x00, 
	0x00,0x00,0x00,0x00, 
	0x00,0x00,0x00,0x00, 
	0x00,0x00,0x00,0x00, 
	0x00,0x00,0x00,0x00, 
	0x00,0x00,0x00,0x00, 
	0x00,0x00,0x00,0x00, 
	0x00,0x00,0x00,0x00, 
	0x00,0x00,0x00,0x00, 
	0x00,0x00,0x00,0x00, 
	0x00,0x00,0x00,0x00, 
	0x00,0x00,0x00,0x00, 
	0x00,0x00,0x00,0x00, 
	0x00,0x00,0x00,0x00, 
	0x00,0x00,0x00,0x00, 
	0x00,0x00,0x00,0x00, 
	0x00,0x00,0x00,0x00, 
	0x00,0x00,0x00,0x00, 
	0x00,0x00,0x00,0x00, 
	0x00,0x00,0x00,0x00, 
	0x00,0x00,0x00,0x00, 
	0x00,0x00,0x00,0x00, 
	0x00,0x00,0x00,0x00, 
	0x00,0x00,0x00,0x00, 
	0x00,0x00,0x00,0x00, 
	0x00,0x00,0x00,0x00, 
	0x00,0x00,0x00,0x00, 
	0x00,0x00,0x00,0x00, 
	0x00,0x00,0x00,0x00, 
	0x00,0x00,0x00,0x00, 
	0x00,0x00,0x00,0x00, 
	0x00,0x00,0x00,0x00, 
	0x00,0x00,0x00,0x00, 
	0x00,0x00,0x00,0x00, 
	0x00,0x00,0x00,0x00, 
	0x00,0x00,0x00,0x00, 
	0x00,0x00,0x00,0x00, 
	0x00,0x00,0x00,0x00, 
	0x00,0x00,0x00,0x00, 
	0x00,0x00,0x00,0x00, 
	0x00,0x00,0x00,0x00, 
	0x00,0x00,0x00,0x00, 
	0x00,0x00,0x00,0x00, 
	0x00,0x00,0x00,0x00, 
	0x00,0x00,0x00,0x00, 
	0x00,0x00,0x00,0x00, 
	0x00,0x00,0x00,0x00, 
	0x00,0x00,0x00,0x00, 
	0x00,0x00,0x00,0x00, 
	0x00,0x00,0x00,0x00, 
	0x00,0x00,0x00,0x00, 
	0x00,0x00,0x00,0x00, 
	0x00,0x00,0x00,0x00, 
	0x00,0x00,0x00,0x00, 
	0x00,0x00,0x00,0x00, 
	0x00,0x00,0x00,0x00, 
	0x00,0x00,0x00,0x00, 
	0x00,0x00,0x00,0x00, 
	0x00,0x00,0x00,0x00, 
	0x00,0x00,0x00,0x00, 
	0x00,0x00,0x00,0x00, 
	0x00,0x00,0x00,0x00, 
	0x00,0x00,0x00,0x00, 
	0x00,0x00,0x00,0x00, 
	0x00,0x00,0x00,0x00, 
	0x00,0x00,0x00,0x00, 
	0x00,0x00,0x00,0x00, 
	0x00,0x00,0x00,0x00, 
	0x00,0x00,0x00,0x00, 
	0x00,0x00,0x00,0x00, 
	0x00,0x00,0x00,0x00, 
	0x00,0x00,0x00,0x00, 
	0x00,0x00,0x00,0x00, 
	0x00,0x00,0x00,0x00, 
	0x00,0x00,0x00,0x00, 
	0x00,0x00,0x00,0x00, 
	0x00,0x00,0x00,0x00, 
	0x00,0x00,0x00,0x00, 
	0x00,0x00,0x00,0x00, 
	0x00,0x00,0x00,0x00, 
	0x00,0x00,0x00,0x00, 
	0x00,0x00,0x00,0x00, 
	0x00,0x00,0x00,0x00, 
	0x00,0x00,0x00,0x00, 
	0x00,0x00,0x00,0x00, 
	0x00,0x00,0x00,0x00, 
	0x00,0x00,0x00,0x00, 
	0x00,0x00,0x00,0x00, 
	0x00,0x00,0x00,0x00, 
	0x00,0x00,0x00,0x00, 
	0x00,0x00,0x00,0x00, 
	0x00,0x00,0x00,0x00, 
	0x00,0x00,0x00,0x00, 
	0x00,0x00,0x00,0x00, 
	0x00,0x00,0x00,0x00, 
	0x00,0x00,0x00,0x00, 
	0x00,0x00,0x00,0x00, 
	0x00,0x00,0x00,0x00, 
	0x00,0x00,0x00,0x00, 
	0x00,0x00,0x00,0x00, 
	0x00,0x00,0x00,0x00, 
	0x00,0x00,0x00,0x00, 
	0x00,0x00,0x00,0x00, 
	0x00,0x00,0x00,0x00, 
	0x00,0x00,0x00,0x00, 
	0x00,0x00,0x00,0x00, 
	0x00,0x00,0x00,0x00, 
	0x00,0x00,0x00,0x00, 
	0x00,0x00,0x00,0x00, 
	0x00,0x00,0x00,0x00, 
	0x00,0x00,0x00,0x00, 
	0x00,0x00,0x00,0x00, 
	0x00,0x00,0x00,0x00, 
	0x00,0x00,0x00,0x00, 
	0x00,0x00,0x00,0x00, 
	0x00,0x00,0x00,0x00, 
	0x00,0x00,0x00,0x00, 
	0x00,0x00,0x00,0x00, 
	0x00,0x00,0x00,0x00, 
	0x00,0x00,0x00,0x00, 
	0x00,0x00,0x00,0x00, 
	0x00,0x00,0x00,0x00, 
	0x00,0x00,0x00,0x00, 
	0x00,0x00,0x00,0x00, 
	0x00,0x00,0x00,0x00, 
	0x00,0x00,0x00,0x00, 
	0x00,0x00,0x00,0x00, 
	0x00,0x00,0x00,0x00, 
	0x00,0x00,0x00,0x00, 
	0x00,0x00,0x00,0x00, 
	0x00,0x00,0x00,0x00, 
	0x00,0x00,0x00,0x00, 
	0x00,0x00,0x00,0x00, 
	0x00,0x00,0x00,0x00, 
	0x00,0x00,0x00,0x00, 
	0x00,0x00,0x00,0x00, 
	0x00,0x00,0x00,0x00, 
	0x00,0x00,0x00,0x00, 
	0x00,0x00,0x00,0x00, 
	0x00,0x00,0x00,0x00, 
	0x00,0x00,0x00,0x00, 
	0x00,0x00,0x00,0x00, 
	0x00,0x00,0x00,0x00, 
	0x00,0x00,0x00,0x00, 
	0x00,0x00,0x00,0x00, 
	0x00,0x00,0x00,0x00, 
	0x00,0x00,0x00,0x00, 
	0x00,0x00,0x00,0x00, 
	0x00,0x00,0x00,0x00, 
	0x00,0x00,0x00,0x00, 
	0x00,0x00,0x00,0x00, 
	0x00,0x00,0x00,0x00, 
	0x00,0x00,0x00,0x00, 
	0x00,0x00,0x00,0x00, 
	0x00,0x00,0x00,0x00, 
	0x00,0x00,0x00,0x00, 
	0x00,0x00,0x00,0x00, 
	0x00,0x00,0x00,0x00, 
	0x00,0x00,0x00,0x00, 
	0x00,0x00,0x00,0x00, 
	0x00,0x00,0x00,0x00, 
	0x00,0x00,0x00,0x00, 
	0x00,0x00,0x00,0x00, 
	0x00,0x00,0x00,0x00, 
	0x00,0x00,0x00,0x00, 
	0x00,0x00,0x00,0x00, 
	0x00,0x00,0x00,0x00, 
	0x00,0x00,0x00,0x00, 
	0x00,0x00,0x00,0x00, 
	0x00,0x00,0x00,0x00, 
	0x00,0x00,0x00,0x00, 
	0x00,0x00,0x00,0x00, 
	0x00,0x00,0x00,0x00, 
	0x00,0x00,0x00,0x00, 
	0x00,0x00,0x00,0x00, 
	0x00,0x00,0x00,0x00, 
	0x00,0x00,0x00,0x00, 
	0x00,0x00,0x00,0x00, 
	0x00,0x00,0x00,0x00, 
	0x00,0x00,0x00,0x00, 
	0x00,0x00,0x00,0x00, 
	0x00,0x00,0x00,0x00, 
	0x00,0x00,0x00,0x00, 
	0x00,0x00,0x00,0x00, 
	0x00,0x00,0x00,0x00, 
	0x00,0x00,0x00,0x00, 
	0x00,0x00,0x00,0x00, 
	0x00,0x00,0x00,0x00, 
	0x00,0x00,0x00,0x00, 
	0x00,0x00,0x00,0x00, 
	0x00,0x00,0x00,0x00, 
	0x00,0x00,0x00,0x00, 
	0x00,0x00,0x00,0x00, 
	0x00,0x00,0x00,0x00, 
	0x00,0x00,0x00,0x00, 
	0x00,0x00,0x00,0x00, 
	0x00,0x00,0x00,0x00, 
	0x00,0x00,0x00,0x00, 
	0x00,0x00,0x00,0x00, 
	0x00,0x00,0x00,0x00, 
	0x00,0x00,0x00,0x00, 
	0x00,0x00,0x00,0x00, 
	0x00,0x00,0x00,0x00, 
	0x00,0x00,0x00,0x00, 
	0x00,0x00,0x00,0x00, 
	0x00,0x00,0x00,0x00, 
	0x00,0x00,0x00,0x00, 
	0x00,0x00,0x00,0x00, 
	0x00,0x00,0x00,0x00, 
	0x00,0x00,0x00,0x00, 
	0x00,0x00,0x00,0x00, 
	0x00,0x00,0x00,0x00, 
	0x00,0x00,0x00,0x00, 
	0x00,0x00,0x00,0x00, 
	0x00,0x00,0x00,0x00, 
	0x00,0x00,0x00,0x00, 
	0x00,0x00,0x00,0x00, 
	0x00,0x00,0x00,0x00, 
	0x00,0x00,0x00,0x00, 
	0x00,0x00,0x00,0x00, 
	0x00,0x00,0x00,0x00, 
	0x00,0x00,0x00,0x00, 
	0x00,0x00,0x00,0x00, 
	0x00,0x00,0x00,0x00, 
	0x00,0x00,0x00,0x00, 
	0x00,0x00,0x00,0x00, 
	0x00,0x00,0x00,0x00, 
	0x00,0x00,0x00,0x00, 
	0x00,0x00,0x00,0x00, 
	0x00,0x00,0x00,0x00, 
	0x00,0x00,0x00,0x00, 
	0x00,0x00,0x00,0x00, 
	0x00,0x00,0x00,0x00, 
	0x00,0x00,0x00,0x00, 
	0x00,0x00,0x00,0x00, 
	0x00,0x00,0x00,0x00, 
	0x00,0x00,0x00,0x00, 
	0x00,0x00,0x00,0x00, 
	0x00,0x00,0x00,0x00, 
	0x00,0x00,0x00,0x00, 
	0x00,0x00,0x00,0x00, 
	0x00,0x00,0x00,0x00, 
	0x00,0x00,0x00,0x00, 
	0x00,0x00,0x00,0x00, 
	0x00,0x00,0x00,0x00, 
	0x00,0x00,0x00,0x00, 
	0x00,0x00,0x00,0x00, 
	0x00,0x00,0x00,0x00, 
	0x00,0x00,0x00,0x00, 
	0x00,0x00,0x00,0x00, 
	0x00,0x00,0x00,0x00, 
	0x00,0x00,0x00,0x00, 
	0x00,0x00,0x00,0x00, 
	0x00,0x00,0x00,0x00, 
	0x00,0x00,0x00,0x00, 
	0x00,0x00,0x00,0x00, 
	0x00,0x00,0x00,0x00, 
	0x00,0x00,0x00,0x00, 
	0x00,0x00,0x00,0x00, 
	0x00,0x00,0x00,0x00, 
	0x00,0x00,0x00,0x00, 
	0x00,0x00,0x00,0x00, 
	0x00,0x00,0x00,0x00, 
	0x00,0x00,0x00,0x00, 
	0x00,0x00,0x00,0x00, 
	0x00,0x00,0x00,0x00, 
	0x00,0x00,0x00,0x00, 
	0x00,0x00,0x00,0x00, 
	0x00,0x00,0x00,0x00, 
	0x00,0x00,0x00,0x00, 
	0x00,0x00,0x00,0x00, 
	0x00,0x00,0x00,0x00, 
	0x00,0x00,0x00,0x00, 
	0x00,0x00,0x00,0x00, 
	0x00,0x00,0x00,0x00, 
	0x00,0x00,0x00,0x00, 
	0x00,0x00,0x00,0x00, 
	0x00,0x00,0x00,0x00, 
	0x00,0x00,0x00,0x00, 
	0x00,0x00,0x00,0x00, 
	0x00,0x00,0x00,0x00, 
	0x00,0x00,0x00,0x00, 
	0x00,0x00,0x00,0x00, 
	0x00,0x00,0x00,0x00, 
	0x00,0x00,0x00,0x00, 
	0x00,0x00,0x00,0x00, 
	0x00,0x00,0x00,0x00, 
	0x00,0x00,0x00,0x00, 
	0x00,0x00,0x00,0x00, 
	0x00,0x00,0x00,0x00, 
	0x00,0x00,0x00,0x00, 
	0x00,0x00,0x00,0x00, 
	0x00,0x00,0x00,0x00, 
	0x00,0x00,0x00,0x00, 
	0x00,0x00,0x00,0x00, 
	0x00,0x00,0x00,0x00, 
	0x00,0x00,0x00,0x00, 
	0x00,0x00,0x00,0x00, 
	0x00,0x00,0x00,0x00, 
	0x00,0x00,0x00,0x00, 
	0x00,0x00,0x00,0x00, 
	0x00,0x00,0x00,0x00, 
	0x00,0x00,0x00,0x00, 
	0x00,0x00,0x00,0x00, 
	0x00,0x00,0x00,0x00, 
	0x00,0x00,0x00,0x00, 
	0x00,0x00,0x00,0x00, 
	0x00,0x00,0x00,0x00, 
	0x00,0x00,0x00,0x00, 
	0x00,0x00,0x00,0x00, 
	0x00,0x00,0x00,0x00, 
	0x00,0x00,0x00,0x00, 
	0x00,0x00,0x00,0x00, 
	0x00,0x00,0x00,0x00, 
	0x00,0x00,0x00,0x00, 
	0x00,0x00,0x00,0x00, 
	0x00,0x00,0x00,0x00, 
	0x00,0x00,0x00,0x00, 
	0x00,0x00,0x00,0x00, 
	0x00,0x00,0x00,0x00, 
	0x00,0x00,0x00,0x00, 
	0x00,0x00,0x00,0x00, 
	0x00,0x00,0x00,0x00, 
	0x00,0x00,0x00,0x00, 
	0x00,0x00,0x00,0x00, 
	0x00,0x00,0x00,0x00, 
	0x00,0x00,0x00,0x00, 
	0x00,0x00,0x00,0x00, 
	0x00,0x00,0x00,0x00, 
	0x00,0x00,0x00,0x00, 
	0x00,0x00,0x00,0x00, 
	0x00,0x00,0x00,0x00, 
	0x00,0x00,0x00,0x00, 
	0x00,0x00,0x00,0x00, 
	0x00,0x00,0x00,0x00, 
	0x00,0x00,0x00,0x00, 
	0x00,0x00,0x00,0x00, 
	0x00,0x00,0x00,0x00, 
	0x00,0x00,0x00,0x00, 
	0x00,0x00,0x00,0x00, 
	0x00,0x00,0x00,0x00, 
	0x00,0x00,0x00,0x00, 
	0x00,0x00,0x00,0x00, 
	0x00,0x00,0x00,0x00, 
	0x00,0x00,0x00,0x00, 
	0x00,0x00,0x00,0x00, 
	0x00,0x00,0x00,0x00, 
	0x00,0x00,0x00,0x00, 
	0x00,0x00,0x00,0x00, 
	0x00,0x00,0x00,0x00, 
	0x00,0x00,0x00,0x00, 
	0x00,0x00,0x00,0x00, 
	0x00,0x00,0x00,0x00, 
	0x00,0x00,0x00,0x00, 
	0x00,0x00,0x00,0x00, 
	0x00,0x00,0x00,0x00, 
	0x00,0x00,0x00,0x00, 
	0x00,0x00,0x00,0x00, 
	0x00,0x00,0x00,0x00, 
	0x00,0x00,0x00,0x00, 
	0x00,0x00,0x00,0x00, 
	0x00,0x00,0x00,0x00, 
	0x00,0x00,0x00,0x00, 
	0x00,0x00,0x00,0x00, 
	0x00,0x00,0x00,0x00, 
	0x00,0x00,0x00,0x00, 
	0x00,0x00,0x00,0x00, 
	0x00,0x00,0x00,0x00, 
	0x00,0x00,0x00,0x00, 
	0x00,0x00,0x00,0x00, 
	0x00,0x00,0x00,0x00, 
	0x00,0x00,0x00,0x00, 
	0x00,0x00,0x00,0x00, 
	0x00,0x00,0x00,0x00, 
	0x00,0x00,0x00,0x00, 
	0x00,0x00,0x00,0x00, 
	0x00,0x00,0x00,0x00, 
	0x00,0x00,0x00,0x00, 
	0x00,0x00,0x00,0x00, 
	0x00,0x00,0x00,0x00, 
	0x00,0x00,0x00,0x00, 
	0x00,0x00,0x00,0x00, 
	0x00,0x00,0x00,0x00, 
	0x00,0x00,0x00,0x00, 
	0x00,0x00,0x00,0x00, 
	0x00,0x00,0x00,0x00, 
	0x00,0x00,0x00,0x00, 
	0x00,0x00,0x00,0x00, 
	0x00,0x00,0x00,0x00, 
	0x00,0x00,0x00,0x00, 
	0x00,0x00,0x00,0x00, 
	0x00,0x00,0x00,0x00, 
	0x00,0x00,0x00,0x00, 
	0x00,0x00,0x00,0x00, 
	0x00,0x00,0x00,0x00, 
	0x00,0x00,0x00,0x00, 
	0x00,0x00,0x00,0x00, 
	0x00,0x00,0x00,0x00, 
	0x00,0x00,0x00,0x00, 
	0x00,0x00,0x00,0x00, 
	0x00,0x00,0x00,0x00, 
	0x00,0x00,0x00,0x00, 
	0x00,0x00,0x00,0x00, 
	0x00,0x00,0x00,0x00, 
	0x00,0x00,0x00,0x00, 
	0x00,0x00,0x00,0x00, 
	0x00,0x00,0x00,0x00, 
	0x00,0x00,0x00,0x00, 
	0x00,0x00,0x00,0x00, 
	0x00,0x00,0x00,0x00, 
	0x00,0x00,0x00,0x00, 
	0x00,0x00,0x00,0x00, 
	0x00,0x00,0x00,0x00, 
	0x00,0x00,0x00,0x00, 
	0x00,0x00,0x00,0x00, 
	0x00,0x00,0x00,0x00, 
	0x00,0x00,0x00,0x00, 
	0x00,0x00,0x00,0x00, 
	0x00,0x00,0x00,0x00, 
	0x00,0x00,0x00,0x00, 
	0x00,0x00,0x00,0x00, 
	0x00,0x00,0x00,0x00, 
	0x00,0x00,0x00,0x00, 
	0x00,0x00,0x00,0x00, 
	0x00,0x00,0x00,0x00, 
	0x00,0x00,0x00,0x00, 
	0x00,0x00,0x00,0x00, 
	0x00,0x00,0x00,0x00, 
	0x00,0x00,0x00,0x00, 
	0x00,0x00,0x00,0x00, 
	0x00,0x00,0x00,0x00, 
	0x00,0x00,0x00,0x00, 
	0x00,0x00,0x00,0x00, 
	0x00,0x00,0x00,0x00, 
	0x00,0x00,0x00,0x00, 
	0x00,0x00,0x00,0x00, 
	0x00,0x00,0x00,0x00, 
	0x00,0x00,0x00,0x00, 
	0x00,0x00,0x00,0x00, 
	0x00,0x00,0x00,0x00, 
	0x00,0x00,0x00,0x00, 
	0x00,0x00,0x00,0x00, 
	0x00,0x00,0x00,0x00, 
	0x00,0x00,0x00,0x00, 
	0x00,0x00,0x00,0x00, 
	0x00,0x00,0x00,0x00, 
	0x00,0x00,0x00,0x00, 
	0x00,0x00,0x00,0x00, 
	0x00,0x00,0x00,0x00, 
	0x00,0x00,0x00,0x00, 
	0x00,0x00,0x00,0x00, 
	0x00,0x00,0x00,0x00, 
	0x00,0x00,0x00,0x00, 
	0x00,0x00,0x00,0x00, 
	0x00,0x00,0x00,0x00, 
	0x00,0x00,0x00,0x00, 
	0x00,0x00,0x00,0x00, 
	0x00,0x00,0x00,0x00, 
	0x00,0x00,0x00,0x00, 
	0x00,0x00,0x00,0x00, 
	0x00,0x00,0x00,0x00, 
	0x00,0x00,0x00,0x00, 
	0x00,0x00,0x00,0x00, 
	0x00,0x00,0x00,0x00, 
	0x00,0x00,0x00,0x00, 
	0x00,0x00,0x00,0x00, 
	0x00,0x00,0x00,0x00, 
	0x00,0x00,0x00,0x00, 
	0x00,0x00,0x00,0x00, 
	0x00,0x00,0x00,0x00, 
	0x00,0x00,0x00,0x00, 
	0x00,0x00,0x00,0x00, 
	0x00,0x00,0x00,0x00, 
	0x00,0x00,0x00,0x00, 
	0x00,0x00,0x00,0x00, 
	0x00,0x00,0x00,0x00, 
	0x00,0x00,0x00,0x00, 
	0x00,0x00,0x00,0x00, 
	0x00,0x00,0x00,0x00, 
	0x00,0x00,0x00,0x00, 
	0x00,0x00,0x00,0x00, 
	0x00,0x00,0x00,0x00, 
	0x00,0x00,0x00,0x00, 
	0x00,0x00,0x00,0x00, 
	0x00,0x00,0x00,0x00, 
	0x00,0x00,0x00,0x00, 
	0x00,0x00,0x00,0x00, 
	0x00,0x00,0x00,0x00, 
	0x00,0x00,0x00,0x00, 
	0x00,0x00,0x00,0x00, 
	0x00,0x00,0x00,0x00, 
	0x00,0x00,0x00,0x00, 
	0x00,0x00,0x00,0x00, 
	0x00,0x00,0x00,0x00, 
	0x00,0x00,0x00,0x00, 
	0x00,0x00,0x00,0x00, 
	0x00,0x00,0x00,0x00, 
	0x00,0x00,0x00,0x00, 
	0x00,0x00,0x00,0x00, 
	0x00,0x00,0x00,0x00, 
	0x00,0x00,0x00,0x00, 
	0x00,0x00,0x00,0x00, 
	0x00,0x00,0x00,0x00, 
	0x00,0x00,0x00,0x00, 
	0x00,0x00,0x00,0x00, 
	0x00,0x00,0x00,0x00, 
	0x00,0x00,0x00,0x00, 
	0x00,0x00,0x00,0x00, 
	0x00,0x00,0x00,0x00, 
	0x00,0x00,0x00,0x00, 
	0x00,0x00,0x00,0x00, 
	0x00,0x00,0x00,0x00, 
	0x00,0x00,0x00,0x00, 
	0x00,0x00,0x00,0x00, 
	0x00,0x00,0x00,0x00, 
	0x00,0x00,0x00,0x00, 
	0x00,0x00,0x00,0x00, 
	0x00,0x00,0x00,0x00, 
	0x00,0x00,0x00,0x00, 
	0x00,0x00,0x00,0x00, 
	0x00,0x00,0x00,0x00, 
	0x00,0x00,0x00,0x00, 
	0x00,0x00,0x00,0x00, 
	0x00,0x00,0x00,0x00, 
	0x00,0x00,0x00,0x00, 
	0x00,0x00,0x00,0x00, 
	0x00,0x00,0x00,0x00, 
	0x00,0x00,0x00,0x00, 
	0x00,0x00,0x00,0x00, 
	0x00,0x00,0x00,0x00, 
	0x00,0x00,0x00,0x00, 
	0x00,0x00,0x00,0x00, 
	0x00,0x00,0x00,0x00, 
	0x00,0x00,0x00,0x00, 
	0x00,0x00,0x00,0x00, 
	0x00,0x00,0x00,0x00, 
	0x00,0x00,0x00,0x00, 
	0x00,0x00,0x00,0x00, 
	0x00,0x00,0x00,0x00, 
	0x00,0x00,0x00,0x00, 
	0x00,0x00,0x00,0x00, 
	0x00,0x00,0x00,0x00, 
	0x00,0x00,0x00,0x00, 
	0x00,0x00,0x00,0x00, 
	0x00,0x00,0x00,0x00, 
	0x00,0x00,0x00,0x00, 
	0x00,0x00,0x00,0x00, 
	0x00,0x00,0x00,0x00, 
	0x00,0x00,0x00,0x00, 
	0x00,0x00,0x00,0x00, 
	0x00,0x00,0x00,0x00, 
	0x00,0x00,0x00,0x00, 
	0x00,0x00,0x00,0x00, 
	0x00,0x00,0x00,0x00, 
	0x00,0x00,0x00,0x00, 
	0x00,0x00,0x00,0x00, 
	0x00,0x00,0x00,0x00, 
	0x00,0x00,0x00,0x00, 
	0x00,0x00,0x00,0x00, 
	0x00,0x00,0x00,0x00, 
	0x00,0x00,0x00,0x00, 
	0x00,0x00,0x00,0x00, 
	0x00,0x00,0x00,0x00, 
	0x00,0x00,0x00,0x00, 
	0x00,0x00,0x00,0x00, 
	0x00,0x00,0x00,0x00, 
	0x00,0x00,0x00,0x00, 
	0x00,0x00,0x00,0x00, 
	0x00,0x00,0x00,0x00, 
	0x00,0x00,0x00,0x00, 
	0x00,0x00,0x00,0x00, 
	0x00,0x00,0x00,0x00, 
	0x00,0x00,0x00,0x00, 
	0x00,0x00,0x00,0x00, 
	0x00,0x00,0x00,0x00, 
	0x00,0x00,0x00,0x00, 
	0x00,0x00,0x00,0x00, 
	0x00,0x00,0x00,0x00, 
	0x00,0x00,0x00,0x00, 
	0x00,0x00,0x00,0x00, 
	0x00,0x00,0x00,0x00, 
	0x00,0x00,0x00,0x00, 
	0x00,0x00,0x00,0x00, 
	0x00,0x00,0x00,0x00, 
	0x00,0x00,0x00,0x00, 
	0x00,0x00,0x00,0x00, 
	0x00,0x00,0x00,0x00, 
	0x00,0x00,0x00,0x00, 
	0x00,0x00,0x00,0x00, 
	0x00,0x00,0x00,0x00, 
	0x00,0x00,0x00,0x00, 
	0x00,0x00,0x00,0x00, 
	0x00,0x00,0x00,0x00, 
	0x00,0x00,0x00,0x00, 
	0x00,0x00,0x00,0x00, 
	0x00,0x00,0x00,0x00, 
	0x00,0x00,0x00,0x00, 
	0x00,0x00,0x00,0x00, 
	0x00,0x00,0x00,0x00, 
	0x00,0x00,0x00,0x00, 
	0x00,0x00,0x00,0x00, 
	0x00,0x00,0x00,0x00, 
	0x00,0x00,0x00,0x00, 
	0x00,0x00,0x00,0x00, 
	0x00,0x00,0x00,0x00, 
	0x00,0x00,0x00,0x00, 
	0x00,0x00,0x00,0x00, 
	0x00,0x00,0x00,0x00, 
	0x00,0x00,0x00,0x00, 
	0x00,0x00,0x00,0x00, 
	0x00,0x00,0x00,0x00, 
	0x00,0x00,0x00,0x00, 
	0x00,0x00,0x00,0x00, 
	0x00,0x00,0x00,0x00, 
	0x00,0x00,0x00,0x00, 
	0x00,0x00,0x00,0x00, 
	0x00,0x00,0x00,0x00, 
	0x00,0x00,0x00,0x00, 
	0x00,0x00,0x00,0x00, 
	0x00,0x00,0x00,0x00, 
	0x00,0x00,0x00,0x00, 
	0x00,0x00,0x00,0x00, 
	0x00,0x00,0x00,0x00, 
	0x00,0x00,0x00,0x00, 
	0x00,0x00,0x00,0x00, 
	0x00,0x00,0x00,0x00, 
	0x00,0x00,0x00,0x00, 
	0x00,0x00,0x00,0x00, 
	0x00,0x00,0x00,0x00, 
	0x00,0x00,0x00,0x00, 
	0x00,0x00,0x00,0x00, 
	0x00,0x00,0x00,0x00, 
	0x00,0x00,0x00,0x00, 
	0x00,0x00,0x00,0x00, 
	0x00,0x00,0x00,0x00, 
	0x00,0x00,0x00,0x00, 
	0x00,0x00,0x00,0x00, 
	0x00,0x00,0x00,0x00, 
	0x00,0x00,0x00,0x00, 
	0x00,0x00,0x00,0x00, 
	0x00,0x00,0x00,0x00, 
	0x00,0x00,0x00,0x00, 
	0x00,0x00,0x00,0x00, 
	0x00,0x00,0x00,0x00, 
	0x00,0x00,0x00,0x00, 
	0x00,0x00,0x00,0x00, 
	0x00,0x00,0x00,0x00, 
	0x00,0x00,0x00,0x00, 
	0x00,0x00,0x00,0x00, 
	0x00,0x00,0x00,0x00, 
	0x00,0x00,0x00,0x00, 
	0x00,0x00,0x00,0x00, 
	0x00,0x00,0x00,0x00, 
	0x00,0x00,0x00,0x00, 
	0x00,0x00,0x00,0x00, 
	0x00,0x00,0x00,0x00, 
	0x00,0x00,0x00,0x00, 
	0x00,0x00,0x00,0x00, 
	0x00,0x00,0x00,0x00, 
	0x00,0x00,0x00,0x00, 
	0x00,0x00,0x00,0x00, 
	0x00,0x00,0x00,0x00, 
	0x00,0x00,0x00,0x00, 
	0x00,0x00,0x00,0x00, 
	0x00,0x00,0x00,0x00, 
	0x00,0x00,0x00,0x00, 
	0x00,0x00,0x00,0x00, 
	0x00,0x00,0x00,0x00, 
	0x00,0x00,0x00,0x00, 
	0x00,0x00,0x00,0x00, 
	0x00,0x00,0x00,0x00, 
	0x00,0x00,0x00,0x00, 
	0x00,0x00,0x00,0x00, 
	0x00,0x00,0x00,0x00, 
	0x00,0x00,0x00,0x00, 
	0x00,0x00,0x00,0x00, 
	0x00,0x00,0x00,0x00, 
	0x00,0x00,0x00,0x00, 
	0x00,0x00,0x00,0x00, 
	0x00,0x00,0x00,0x00, 
	0x00,0x00,0x00,0x00, 
	0x00,0x00,0x00,0x00, 
	0x00,0x00,0x00,0x00, 
	0x00,0x00,0x00,0x00, 
	0x00,0x00,0x00,0x00, 
	0x00,0x00,0x00,0x00, 
	0x00,0x00,0x00,0x00, 
	0x00,0x00,0x00,0x00, 
	0x00,0x00,0x00,0x00, 
	0x00,0x00,0x00,0x00, 
	0x00,0x00,0x00,0x00, 
	0x00,0x00,0x00,0x00, 
	0x00,0x00,0x00,0x00, 
	0x00,0x00,0x00,0x00, 
	0x00,0x00,0x00,0x00, 
	0x00,0x00,0x00,0x00, 
	0x00,0x00,0x00,0x00, 
	0x00,0x00,0x00,0x00, 
	0x00,0x00,0x00,0x00, 
	0x00,0x00,0x00,0x00, 
	0x00,0x00,0x00,0x00, 
	0x00,0x00,0x00,0x00, 
	0x00,0x00,0x00,0x00, 
	0x00,0x00,0x00,0x00, 
	0x00,0x00,0x00,0x00, 
	0x00,0x00,0x00,0x00, 
	0x00,0x00,0x00,0x00, 
	0x00,0x00,0x00,0x00, 
	0x00,0x00,0x00,0x00, 
	0x00,0x00,0x00,0x00, 
	0x00,0x00,0x00,0x00, 
	0x00,0x00,0x00,0x00, 
	0x00,0x00,0x00,0x00, 
	0x00,0x00,0x00,0x00, 
	0x00,0x00,0x00,0x00, 
	0x00,0x00,0x00,0x00, 
	0x00,0x00,0x00,0x00, 
	0x00,0x00,0x00,0x00, 
	0x00,0x00,0x00,0x00, 
	0x00,0x00,0x00,0x00, 
	0x00,0x00,0x00,0x00, 
	0x00,0x00,0x00,0x00, 
	0x00,0x00,0x00,0x00, 
	0x00,0x00,0x00,0x00, 
	0x00,0x00,0x00,0x00, 
	0x00,0x00,0x00,0x00, 
	0x00,0x00,0x00,0x00, 
	0x00,0x00,0x00,0x00, 
	0x00,0x00,0x00,0x00, 
	0x00,0x00,0x00,0x00, 
	0x00,0x00,0x00,0x00, 
	0x00,0x00,0x00,0x00, 
	0x00,0x00,0x00,0x00, 
	0x00,0x00,0x00,0x00, 
	0x00,0x00,0x00,0x00, 
	0x00,0x00,0x00,0x00, 
	0x00,0x00,0x00,0x00, 
	0x00,0x00,0x00,0x00, 
	0x00,0x00,0x00,0x00, 
	0x00,0x00,0x00,0x00, 
	0x00,0x00,0x00,0x00, 
	0x00,0x00,0x00,0x00, 
	0x00,0x00,0x00,0x00, 
	0x00,0x00,0x00,0x00, 
	0x00,0x00,0x00,0x00, 
	0x00,0x00,0x00,0x00, 
	0x00,0x00,0x00,0x00, 
	0x00,0x00,0x00,0x00, 
	0x00,0x00,0x00,0x00, 
	0x00,0x00,0x00,0x00, 
	0x00,0x00,0x00,0x00, 
	0x00,0x00,0x00,0x00, 
	0x00,0x00,0x00,0x00, 
	0x00,0x00,0x00,0x00, 
	0x00,0x00,0x00,0x00, 
	0x00,0x00,0x00,0x00, 
	0x00,0x00,0x00,0x00, 
	0x00,0x00,0x00,0x00, 
	0x00,0x00,0x00,0x00, 
	0x00,0x00,0x00,0x00, 
	0x00,0x00,0x00,0x00, 
	0x00,0x00,0x00,0x00, 
	0x00,0x00,0x00,0x00, 
	0x00,0x00,0x00,0x00, 
	0x00,0x00,0x00,0x00, 
	0x00,0x00,0x00,0x00, 
	0x00,0x00,0x00,0x00, 
	0x00,0x00,0x00,0x00, 
	0x00,0x00,0x00,0x00, 
	0x00,0x00,0x00,0x00, 
	0x00,0x00,0x00,0x00, 
	0x00,0x00,0x00,0x00, 
	0x00,0x00,0x00,0x00, 
	0x00,0x00,0x00,0x00, 
	0x00,0x00,0x00,0x00, 
	0x00,0x00,0x00,0x00, 
	0x00,0x00,0x00,0x00, 
	0x00,0x00,0x00,0x00, 
	0x00,0x00,0x00,0x00, 
	0x00,0x00,0x00,0x00, 
	0x00,0x00,0x00,0x00, 
	0x00,0x00,0x00,0x00, 
	0x00,0x00,0x00,0x00, 
	0x00,0x00,0x00,0x00, 
	0x00,0x00,0x00,0x00, 
	0x00,0x00,0x00,0x00, 
	0x00,0x00,0x00,0x00, 
	0x00,0x00,0x00,0x00, 
	0x00,0x00,0x00,0x00, 
	0x00,0x00,0x00,0x00, 
	0x00,0x00,0x00,0x00, 
	0x00,0x00,0x00,0x00, 
	0x00,0x00,0x00,0x00, 
	0x00,0x00,0x00,0x00, 
	0x00,0x00,0x00,0x00, 
	0x00,0x00,0x00,0x00, 
	0x00,0x00,0x00,0x00, 
	0x00,0x00,0x00,0x00, 
	0x00,0x00,0x00,0x00, 
	0x00,0x00,0x00,0x00, 
	0x00,0x00,0x00,0x00, 
	0x00,0x00,0x00,0x00, 
	0x00,0x00,0x00,0x00, 
	0x00,0x00,0x00,0x00, 
	0x00,0x00,0x00,0x00, 
	0x00,0x00,0x00,0x00, 
	0x00,0x00,0x00,0x00, 
	0x00,0x00,0x00,0x00, 
	0x00,0x00,0x00,0x00, 
	0x00,0x00,0x00,0x00, 
	0x00,0x00,0x00,0x00, 
	0x00,0x00,0x00,0x00, 
	0x00,0x00,0x00,0x00, 
	0x00,0x00,0x00,0x00, 
	0x00,0x00,0x00,0x00, 
	0x00,0x00,0x00,0x00, 
	0x00,0x00,0x00,0x00, 
	0x00,0x00,0x00,0x00, 
	0x00,0x00,0x00,0x00, 
	0x00,0x00,0x00,0x00, 
	0x00,0x00,0x00,0x00, 
	0x00,0x00,0x00,0x00, 
	0x00,0x00,0x00,0x00, 
	0x00,0x00,0x00,0x00, 
	0x00,0x00,0x00,0x00, 
	0x00,0x00,0x00,0x00, 
	0x00,0x00,0x00,0x00, 
	0x00,0x00,0x00,0x00, 
	0x00,0x00,0x00,0x00, 
	0x00,0x00,0x00,0x00, 
	0x00,0x00,0x00,0x00, 
	0x00,0x00,0x00,0x00, 
	0x00,0x00,0x00,0x00, 
	0x00,0x00,0x00,0x00, 
	0x00,0x00,0x00,0x00, 
	0x00,0x00,0x00,0x00, 
	0x00,0x00,0x00,0x00, 
	0x00,0x00,0x00,0x00, 
	0x00,0x00,0x00,0x00, 
	0x00,0x00,0x00,0x00, 
	0x00,0x00,0x00,0x00, 
	0x00,0x00,0x00,0x00, 
	0x00,0x00,0x00,0x00, 
	0x00,0x00,0x00,0x00, 
	0x00,0x00,0x00,0x00, 
	0x00,0x00,0x00,0x00, 
	0x00,0x00,0x00,0x00, 
	0x00,0x00,0x00,0x00, 
	0x00,0x00,0x00,0x00, 
	0x00,0x00,0x00,0x00, 
	0x00,0x00,0x00,0x00, 
	0x00,0x00,0x00,0x00, 
	0x00,0x00,0x00,0x00, 
	0x00,0x00,0x00,0x00, 
	0x00,0x00,0x00,0x00, 
	0x00,0x00,0x00,0x00, 
	0x00,0x00,0x00,0x00, 
	0x00,0x00,0x00,0x00, 
	0x00,0x00,0x00,0x00, 
	0x00,0x00,0x00,0x00, 
	0x00,0x00,0x00,0x00, 
	0x00,0x00,0x00,0x00, 
	0x00,0x00,0x00,0x00, 
	0x00,0x00,0x00,0x00, 
	0x00,0x00,0x00,0x00, 
	0x00,0x00,0x00,0x00, 
	0x00,0x00,0x00,0x00, 
	0x00,0x00,0x00,0x00, 
	0x00,0x00,0x00,0x00, 
	0x00,0x00,0x00,0x00, 
	0x00,0x00,0x00,0x00, 
	0x00,0x00,0x00,0x00, 
	0x00,0x00,0x00,0x00, 
	0x00,0x00,0x00,0x00, 
	0x00,0x00,0x00,0x00, 
	0x00,0x00,0x00,0x00, 
	0x00,0x00,0x00,0x00, 
	0x00,0x00,0x00,0x00, 
	0x00,0x00,0x00,0x00, 
	0x00,0x00,0x00,0x00, 
	0x00,0x00,0x00,0x00, 
	0x00,0x00,0x00,0x00, 
	0x00,0x00,0x00,0x00, 
	0x00,0x00,0x00,0x00, 
	0x00,0x00,0x00,0x00, 
	0x00,0x00,0x00,0x00, 
	0x00,0x00,0x00,0x00, 
	0x00,0x00,0x00,0x00, 
	0x00,0x00,0x00,0x00, 
	0x00,0x00,0x00,0x00, 
	0x00,0x00,0x00,0x00, 
	0x00,0x00,0x00,0x00, 
	0x00,0x00,0x00,0x00, 
	0x00,0x00,0x00,0x00, 
	0x00,0x00,0x00,0x00, 
	0x00,0x00,0x00,0x00, 
	0x00,0x00,0x00,0x00, 
	0x00,0x00,0x00,0x00, 
	0x00,0x00,0x00,0x00, 
	0x00,0x00,0x00,0x00, 
	0x00,0x00,0x00,0x00, 
	0x00,0x00,0x00,0x00, 
	0x00,0x00,0x00,0x00, 
	0x00,0x00,0x00,0x00, 
	0x00,0x00,0x00,0x00, 
	0x00,0x00,0x00,0x00, 
	0x00,0x00,0x00,0x00, 
	0x00,0x00,0x00,0x00, 
	0x00,0x00,0x00,0x00, 
	0x00,0x00,0x00,0x00, 
	0x00,0x00,0x00,0x00, 
	0x00,0x00,0x00,0x00, 
	0x00,0x00,0x00,0x00, 
	0x00,0x00,0x00,0x00, 
	0x00,0x00,0x00,0x00, 
	0x00,0x00,0x00,0x00, 
	0x00,0x00,0x00,0x00, 
	0x00,0x00,0x00,0x00, 
	0x00,0x00,0x00,0x00, 
	0x00,0x00,0x00,0x00, 
	0x00,0x00,0x00,0x00, 
	0x00,0x00,0x00,0x00, 
	0x00,0x00,0x00,0x00, 
	0x00,0x00,0x00,0x00, 
	0x00,0x00,0x00,0x00, 
	0x00,0x00,0x00,0x00, 
	0x00,0x00,0x00,0x00, 
	0x00,0x00,0x00,0x00, 
	0x00,0x00,0x00,0x00, 
	0x00,0x00,0x00,0x00, 
	0x00,0x00,0x00,0x00, 
	0x00,0x00,0x00,0x00, 
	0x00,0x00,0x00,0x00, 
	0x00,0x00,0x00,0x00, 
	0x00,0x00,0x00,0x00, 
	0x00,0x00,0x00,0x00, 
	0x00,0x00,0x00,0x00, 
	0x00,0x00,0x00,0x00, 
	0x00,0x00,0x00,0x00, 
	0x00,0x00,0x00,0x00, 
	0x00,0x00,0x00,0x00, 
	0x00,0x00,0x00,0x00, 
	0x00,0x00,0x00,0x00, 
	0x00,0x00,0x00,0x00, 
	0x00,0x00,0x00,0x00, 
	0x00,0x00,0x00,0x00, 
	0x00,0x00,0x00,0x00, 
	0x00,0x00,0x00,0x00, 
	0x00,0x00,0x00,0x00, 
	0x00,0x00,0x00,0x00, 
	0x00,0x00,0x00,0x00, 
	0x00,0x00,0x00,0x00, 
	0x00,0x00,0x00,0x00, 
	0x00,0x00,0x00,0x00, 
	0x00,0x00,0x00,0x00, 
	0x00,0x00,0x00,0x00, 
	0x00,0x00,0x00,0x00, 
	0x00,0x00,0x00,0x00, 
	0x00,0x00,0x00,0x00, 
	0x00,0x00,0x00,0x00, 
	0x00,0x00,0x00,0x00, 
	0x00,0x00,0x00,0x00, 
	0x00,0x00,0x00,0x00, 
	0x00,0x00,0x00,0x00, 
	0x00,0x00,0x00,0x00, 
	0x00,0x00,0x00,0x00, 
	0x00,0x00,0x00,0x00, 
	0x00,0x00,0x00,0x00, 
	0x00,0x00,0x00,0x00, 
	0x00,0x00,0x00,0x00, 
	0x00,0x00,0x00,0x00, 
	0x00,0x00,0x00,0x00, 
	0x00,0x00,0x00,0x00, 
	0x00,0x00,0x00,0x00, 
	0x00,0x00,0x00,0x00, 
	0x00,0x00,0x00,0x00, 
	0x00,0x00,0x00,0x00, 
	0x00,0x00,0x00,0x00, 
	0x00,0x00,0x00,0x00, 
	0x00,0x00,0x00,0x00, 
	0x00,0x00,0x00,0x00, 
	0x00,0x00,0x00,0x00, 
	0x00,0x00,0x00,0x00, 
	0x00,0x00,0x00,0x00, 
	0x00,0x00,0x00,0x00, 
	0x00,0x00,0x00,0x00, 
	0x00,0x00,0x00,0x00, 
	0x00,0x00,0x00,0x00, 
	0x00,0x00,0x00,0x00, 
	0x00,0x00,0x00,0x00, 
	0x00,0x00,0x00,0x00, 
	0x00,0x00,0x00,0x00, 
	0x00,0x00,0x00,0x00, 
	0x00,0x00,0x00,0x00, 
	0x00,0x00,0x00,0x00, 
	0x00,0x00,0x00,0x00, 
	0x00,0x00,0x00,0x00, 
	0x00,0x00,0x00,0x00, 
	0x00,0x00,0x00,0x00, 
	0x00,0x00,0x00,0x00, 
	0x00,0x00,0x00,0x00, 
	0x00,0x00,0x00,0x00, 
	0x00,0x00,0x00,0x00, 
	0x00,0x00,0x00,0x00, 
	0x00,0x00,0x00,0x00, 
	0x00,0x00,0x00,0x00, 
	0x00,0x00,0x00,0x00, 
	0x00,0x00,0x00,0x00, 
	0x00,0x00,0x00,0x00, 
	0x00,0x00,0x00,0x00, 
	0x00,0x00,0x00,0x00, 
	0x00,0x00,0x00,0x00, 
	0x00,0x00,0x00,0x00, 
	0x00,0x00,0x00,0x00, 
	0x00,0x00,0x00,0x00, 
	0x00,0x00,0x00,0x00, 
	0x00,0x00,0x00,0x00, 
	0x00,0x00,0x00,0x00, 
	0x00,0x00,0x00,0x00, 
	0x00,0x00,0x00,0x00, 
	0x00,0x00,0x00,0x00, 
	0x00,0x00,0x00,0x00, 
	0x00,0x00,0x00,0x00, 
	0x00,0x00,0x00,0x00, 
	0x00,0x00,0x00,0x00, 
	0x00,0x00,0x00,0x00, 
	0x00,0x00,0x00,0x00, 
	0x00,0x00,0x00,0x00, 
	0x00,0x00,0x00,0x00, 
	0x00,0x00,0x00,0x00, 
	0x00,0x00,0x00,0x00, 
	0x00,0x00,0x00,0x00, 
	0x00,0x00,0x00,0x00, 
	0x00,0x00,0x00,0x00, 
	0x00,0x00,0x00,0x00, 
	0x00,0x00,0x00,0x00, 
	0x00,0x00,0x00,0x00, 
	0x00,0x00,0x00,0x00, 
	0x00,0x00,0x00,0x00, 
	0x00,0x00,0x00,0x00, 
	0x00,0x00,0x00,0x00, 
	0x00,0x00,0x00,0x00, 
	0x00,0x00,0x00,0x00, 
	0x00,0x00,0x00,0x00, 
	0x00,0x00,0x00,0x00, 
	0x00,0x00,0x00,0x00, 
	0x00,0x00,0x00,0x00, 
	0x00,0x00,0x00,0x00, 
	0x00,0x00,0x00,0x00, 
	0x00,0x00,0x00,0x00, 
	0x00,0x00,0x00,0x00, 
	0x00,0x00,0x00,0x00, 
	0x00,0x00,0x00,0x00, 
	0x00,0x00,0x00,0x00, 
	0x00,0x00,0x00,0x00, 
	0x00,0x00,0x00,0x00, 
	0x00,0x00,0x00,0x00, 
	0x00,0x00,0x00,0x00, 
	0x00,0x00,0x00,0x00, 
	0x00,0x00,0x00,0x00, 
	0x00,0x00,0x00,0x00, 
	0x00,0x00,0x00,0x00, 
	0x00,0x00,0x00,0x00, 
	0x00,0x00,0x00,0x00, 
	0x00,0x00,0x00,0x00, 
	0x00,0x00,0x00,0x00, 
	0x00,0x00,0x00,0x00, 
	0x00,0x00,0x00,0x00, 
	0x00,0x00,0x00,0x00, 
	0x00,0x00,0x00,0x00, 
	0x00,0x00,0x00,0x00, 
	0x00,0x00,0x00,0x00, 
	0x00,0x00,0x00,0x00, 
	0x00,0x00,0x00,0x00, 
	0x00,0x00,0x00,0x00, 
	0x00,0x00,0x00,0x00, 
	0x00,0x00,0x00,0x00, 
	0x00,0x00,0x00,0x00, 
	0x00,0x00,0x00,0x00, 
	0x00,0x00,0x00,0x00, 
	0x00,0x00,0x00,0x00, 
	0x00,0x00,0x00,0x00, 
	0x00,0x00,0x00,0x00, 
	0x00,0x00,0x00,0x00, 
	0x00,0x00,0x00,0x00, 
	0x00,0x00,0x00,0x00, 
	0x00,0x00,0x00,0x00, 
	0x00,0x00,0x00,0x00, 
	0x00,0x00,0x00,0x00, 
	0x00,0x00,0x00,0x00, 
	0x00,0x00,0x00,0x00, 
	0x00,0x00,0x00,0x00, 
	0x00,0x00,0x00,0x00, 
	0x00,0x00,0x00,0x00, 
	0x00,0x00,0x00,0x00, 
	0x00,0x00,0x00,0x00, 
	0x00,0x00,0x00,0x00, 
	0x00,0x00,0x00,0x00, 
	0x00,0x00,0x00,0x00, 
	0x00,0x00,0x00,0x00, 
	0x00,0x00,0x00,0x00, 
	0x00,0x00,0x00,0x00, 
	0x00,0x00,0x00,0x00, 
	0x00,0x00,0x00,0x00, 
	0x00,0x00,0x00,0x00, 
	0x00,0x00,0x00,0x00, 
	0x00,0x00,0x00,0x00, 
	0x00,0x00,0x00,0x00, 
	0x00,0x00,0x00,0x00, 
	0x00,0x00,0x00,0x00, 
	0x00,0x00,0x00,0x00, 
	0x00,0x00,0x00,0x00, 
	0x00,0x00,0x00,0x00, 
	0x00,0x00,0x00,0x00, 
	0x00,0x00,0x00,0x00, 
	0x00,0x00,0x00,0x00, 
	0x00,0x00,0x00,0x00, 
	0x00,0x00,0x00,0x00, 
	0x00,0x00,0x00,0x00, 
	0x00,0x00,0x00,0x00, 
	0x00,0x00,0x00,0x00, 
	0x00,0x00,0x00,0x00, 
	0x00,0x00,0x00,0x00, 
	0x00,0x00,0x00,0x00, 
	0x00,0x00,0x00,0x00, 
	0x00,0x00,0x00,0x00, 
	0x00,0x00,0x00,0x00, 
	0x00,0x00,0x00,0x00, 
	0x00,0x00,0x00,0x00, 
	0x00,0x00,0x00,0x00, 
	0x00,0x00,0x00,0x00, 
	0x00,0x00,0x00,0x00, 
	0x00,0x00,0x00,0x00, 
	0x00,0x00,0x00,0x00, 
	0x00,0x00,0x00,0x00, 
	0x00,0x00,0x00,0x00, 
	0x00,0x00,0x00,0x00, 
	0x00,0x00,0x00,0x00, 
	0x00,0x00,0x00,0x00, 
	0x00,0x00,0x00,0x00, 
	0x00,0x00,0x00,0x00, 
	0x00,0x00,0x00,0x00, 
	0x00,0x00,0x00,0x00, 
	0x00,0x00,0x00,0x00, 
	0x00,0x00,0x00,0x00, 
	0x00,0x00,0x00,0x00, 
	0x00,0x00,0x00,0x00, 
	0x00,0x00,0x00,0x00, 
	0x00,0x00,0x00,0x00, 
	0x00,0x00,0x00,0x00, 
	0x00,0x00,0x00,0x00, 
	0x00,0x00,0x00,0x00, 
	0x00,0x00,0x00,0x00, 
	0x00,0x00,0x00,0x00, 
	0x00,0x00,0x00,0x00, 
	0x00,0x00,0x00,0x00, 
	0x00,0x00,0x00,0x00, 
	0x00,0x00,0x00,0x00, 
	0x00,0x00,0x00,0x00, 
	0x00,0x00,0x00,0x00, 
	0x00,0x00,0x00,0x00, 
	0x00,0x00,0x00,0x00, 
	0x00,0x00,0x00,0x00, 
	0x00,0x00,0x00,0x00, 
	0x00,0x00,0x00,0x00, 
	0x00,0x00,0x00,0x00, 
	0x00,0x00,0x00,0x00, 
	0x00,0x00,0x00,0x00, 
	0x00,0x00,0x00,0x00, 
	0x00,0x00,0x00,0x00, 
	0x00,0x00,0x00,0x00, 
	0x00,0x00,0x00,0x00, 
	0x00,0x00,0x00,0x00, 
	0x00,0x00,0x00,0x00, 
	0x00,0x00,0x00,0x00, 
	0x00,0x00,0x00,0x00, 
	0x00,0x00,0x00,0x00, 
	0x00,0x00,0x00,0x00, 
	0x00,0x00,0x00,0x00, 
	0x00,0x00,0x00,0x00, 
	0x00,0x00,0x00,0x00, 
	0x00,0x00,0x00,0x00, 
	0x00,0x00,0x00,0x00, 
	0x00,0x00,0x00,0x00, 
	0x00,0x00,0x00,0x00, 
	0x00,0x00,0x00,0x00, 
	0x00,0x00,0x00,0x00, 
	0x00,0x00,0x00,0x00, 
	0x00,0x00,0x00,0x00, 
	0x00,0x00,0x00,0x00, 
	0x00,0x00,0x00,0x00, 
	0x00,0x00,0x00,0x00, 
	0x00,0x00,0x00,0x00, 
	0x00,0x00,0x00,0x00, 
	0x00,0x00,0x00,0x00, 
	0x00,0x00,0x00,0x00, 
	0x00,0x00,0x00,0x00, 
	0x00,0x00,0x00,0x00, 
	0x00,0x00,0x00,0x00, 
	0x00,0x00,0x00,0x00, 
	0x00,0x00,0x00,0x00, 
	0x00,0x00,0x00,0x00, 
	0x00,0x00,0x00,0x00, 
	0x00,0x00,0x00,0x00, 
	0x00,0x00,0x00,0x00, 
	0x00,0x00,0x00,0x00, 
	0x00,0x00,0x00,0x00, 
	0x00,0x00,0x00,0x00, 
	0x00,0x00,0x00,0x00, 
	0x00,0x00,0x00,0x00, 
	0x00,0x00,0x00,0x00, 
	0x00,0x00,0x00,0x00, 
	0x00,0x00,0x00,0x00, 
	0x00,0x00,0x00,0x00, 
	0x00,0x00,0x00,0x00, 
	0x00,0x00,0x00,0x00, 
	0x00,0x00,0x00,0x00, 
	0x00,0x00,0x00,0x00, 
	0x00,0x00,0x00,0x00, 
	0x00,0x00,0x00,0x00, 
	0x00,0x00,0x00,0x00, 
	0x00,0x00,0x00,0x00, 
	0x00,0x00,0x00,0x00, 
	0x00,0x00,0x00,0x00, 
	0x00,0x00,0x00,0x00, 
	0x00,0x00,0x00,0x00, 
	0x00,0x00,0x00,0x00, 
	0x00,0x00,0x00,0x00, 
	0x00,0x00,0x00,0x00, 
	0x00,0x00,0x00,0x00, 
	0x00,0x00,0x00,0x00, 
	0x00,0x00,0x00,0x00, 
	0x00,0x00,0x00,0x00, 
	0x00,0x00,0x00,0x00, 
	0x00,0x00,0x00,0x00, 
	0x00,0x00,0x00,0x00, 
	0x00,0x00,0x00,0x00, 
	0x00,0x00,0x00,0x00, 
	0x00,0x00,0x00,0x00, 
	0x00,0x00,0x00,0x00, 
	0x00,0x00,0x00,0x00, 
	0x00,0x00,0x00,0x00, 
	0x00,0x00,0x00,0x00, 
	0x00,0x00,0x00,0x00, 
	0x00,0x00,0x00,0x00, 
	0x00,0x00,0x00,0x00, 
	0x00,0x00,0x00,0x00, 
	0x00,0x00,0x00,0x00, 
	0x00,0x00,0x00,0x00, 
	0x00,0x00,0x00,0x00, 
	0x00,0x00,0x00,0x00, 
	0x00,0x00,0x00,0x00, 
	0x00,0x00,0x00,0x00, 
	0x00,0x00,0x00,0x00, 
	0x00,0x00,0x00,0x00, 
	0x00,0x00,0x00,0x00, 
	0x00,0x00,0x00,0x00, 
	0x00,0x00,0x00,0x00, 
	0x00,0x00,0x00,0x00, 
	0x00,0x00,0x00,0x00, 
	0x00,0x00,0x00,0x00, 
	0x00,0x00,0x00,0x00, 
	0x00,0x00,0x00,0x00, 
	0x00,0x00,0x00,0x00, 
	0x00,0x00,0x00,0x00, 
	0x00,0x00,0x00,0x00, 
	0x00,0x00,0x00,0x00, 
	0x00,0x00,0x00,0x00, 
	0x00,0x00,0x00,0x00, 
	0x00,0x00,0x00,0x00, 
	0x00,0x00,0x00,0x00, 
	0x00,0x00,0x00,0x00, 
	0x00,0x00,0x00,0x00, 
	0x00,0x00,0x00,0x00, 
	0x00,0x00,0x00,0x00, 
	0x00,0x00,0x00,0x00, 
	0x00,0x00,0x00,0x00, 
	0x00,0x00,0x00,0x00, 
	0x00,0x00,0x00,0x00, 
	0x00,0x00,0x00,0x00, 
	0x00,0x00,0x00,0x00, 
	0x00,0x00,0x00,0x00, 
	0x00,0x00,0x00,0x00, 
	0x00,0x00,0x00,0x00, 
	0x00,0x00,0x00,0x00, 
	0x00,0x00,0x00,0x00, 
	0x00,0x00,0x00,0x00, 
	0x00,0x00,0x00,0x00, 
	0x00,0x00,0x00,0x00, 
	0x00,0x00,0x00,0x00, 
	0x00,0x00,0x00,0x00, 
	0x00,0x00,0x00,0x00, 
	0x00,0x00,0x00,0x00, 
	0x00,0x00,0x00,0x00, 
	0x00,0x00,0x00,0x00, 
	0x00,0x00,0x00,0x00, 
	0x00,0x00,0x00,0x00, 
	0x00,0x00,0x00,0x00, 
	0x00,0x00,0x00,0x00, 
	0x00,0x00,0x00,0x00, 
	0x00,0x00,0x00,0x00, 
	0x00,0x00,0x00,0x00, 
	0x00,0x00,0x00,0x00, 
	0x00,0x00,0x00,0x00, 
	0x00,0x00,0x00,0x00, 
	0x00,0x00,0x00,0x00, 
	0x00,0x00,0x00,0x00, 
	0x00,0x00,0x00,0x00, 
	0x00,0x00,0x00,0x00, 
	0x00,0x00,0x00,0x00, 
	0x00,0x00,0x00,0x00, 
	0x00,0x00,0x00,0x00, 
	0x00,0x00,0x00,0x00, 
	0x00,0x00,0x00,0x00, 
	0x00,0x00,0x00,0x00, 
	0x00,0x00,0x00,0x00, 
	0x00,0x00,0x00,0x00, 
	0x00,0x00,0x00,0x00, 
	0x00,0x00,0x00,0x00, 
	0x00,0x00,0x00,0x00, 
	0x00,0x00,0x00,0x00, 
	0x00,0x00,0x00,0x00, 
	0x00,0x00,0x00,0x00, 
	0x00,0x00,0x00,0x00, 
	0x00,0x00,0x00,0x00, 
	0x00,0x00,0x00,0x00, 
	0x00,0x00,0x00,0x00, 
	0x00,0x00,0x00,0x00, 
	0x00,0x00,0x00,0x00, 
	0x00,0x00,0x00,0x00, 
	0x00,0x00,0x00,0x00, 
	0x00,0x00,0x00,0x00, 
	0x00,0x00,0x00,0x00, 
	0x00,0x00,0x00,0x00, 
	0x00,0x00,0x00,0x00, 
	0x00,0x00,0x00,0x00, 
	0x00,0x00,0x00,0x00, 
	0x00,0x00,0x00,0x00, 
	0x00,0x00,0x00,0x00, 
	0x00,0x00,0x00,0x00, 
	0x00,0x00,0x00,0x00, 
	0x00,0x00,0x00,0x00, 
	0x00,0x00,0x00,0x00, 
	0x00,0x00,0x00,0x00, 
	0x00,0x00,0x00,0x00, 
	0x00,0x00,0x00,0x00, 
	0x00,0x00,0x00,0x00, 
	0x00,0x00,0x00,0x00, 
	0x00,0x00,0x00,0x00, 
	0x00,0x00,0x00,0x00, 
	0x00,0x00,0x00,0x00, 
	0x00,0x00,0x00,0x00, 
	0x00,0x00,0x00,0x00, 
	0x00,0x00,0x00,0x00, 
	0x00,0x00,0x00,0x00, 
	0x00,0x00,0x00,0x00, 
	0x00,0x00,0x00,0x00, 
	0x00,0x00,0x00,0x00, 
	0x00,0x00,0x00,0x00, 
	0x00,0x00,0x00,0x00, 
	0x00,0x00,0x00,0x00, 
	0x00,0x00,0x00,0x00, 
	0x00,0x00,0x00,0x00, 
	0x00,0x00,0x00,0x00, 
	0x00,0x00,0x00,0x00, 
	0x00,0x00,0x00,0x00, 
	0x00,0x00,0x00,0x00, 
	0x00,0x00,0x00,0x00, 
	0x00,0x00,0x00,0x00, 
	0x00,0x00,0x00,0x00, 
	0x00,0x00,0x00,0x00, 
	0x00,0x00,0x00,0x00, 
	0x00,0x00,0x00,0x00, 
	0x00,0x00,0x00,0x00, 
	0x00,0x00,0x00,0x00, 
	0x00,0x00,0x00,0x00, 
	0x00,0x00,0x00,0x00, 
	0x00,0x00,0x00,0x00, 
	0x00,0x00,0x00,0x00, 
	0x00,0x00,0x00,0x00, 
	0x00,0x00,0x00,0x00, 
	0x00,0x00,0x00,0x00, 
	0x00,0x00,0x00,0x00, 
	0x00,0x00,0x00,0x00, 
	0x00,0x00,0x00,0x00, 
	0x00,0x00,0x00,0x00, 
	0x00,0x00,0x00,0x00, 
	0x00,0x00,0x00,0x00, 
	0x00,0x00,0x00,0x00, 
	0x00,0x00,0x00,0x00, 
	0x00,0x00,0x00,0x00, 
	0x00,0x00,0x00,0x00, 
	0x00,0x00,0x00,0x00, 
	0x00,0x00,0x00,0x00, 
	0x00,0x00,0x00,0x00, 
	0x00,0x00,0x00,0x00, 
	0x00,0x00,0x00,0x00, 
	0x00,0x00,0x00,0x00, 
	0x00,0x00,0x00,0x00, 
	0x00,0x00,0x00,0x00, 
	0x00,0x00,0x00,0x00, 
	0x00,0x00,0x00,0x00, 
	0x00,0x00,0x00,0x00, 
	0x00,0x00,0x00,0x00, 
	0x00,0x00,0x00,0x00, 
	0x00,0x00,0x00,0x00, 
	0x00,0x00,0x00,0x00, 
	0x00,0x00,0x00,0x00, 
	0x00,0x00,0x00,0x00, 
	0x00,0x00,0x00,0x00, 
	0x00,0x00,0x00,0x00, 
	0x00,0x00,0x00,0x00, 
	0x00,0x00,0x00,0x00, 
	0x00,0x00,0x00,0x00, 
	0x00,0x00,0x00,0x00, 
	0x00,0x00,0x00,0x00, 
	0x00,0x00,0x00,0x00, 
	0x00,0x00,0x00,0x00, 
	0x00,0x00,0x00,0x00, 
	0x00,0x00,0x00,0x00, 
	0x00,0x00,0x00,0x00, 
	0x00,0x00,0x00,0x00, 
	0x00,0x00,0x00,0x00, 
	0x00,0x00,0x00,0x00, 
	0x00,0x00,0x00,0x00, 
	0x00,0x00,0x00,0x00, 
	0x00,0x00,0x00,0x00, 
	0x00,0x00,0x00,0x00, 
	0x00,0x00,0x00,0x00, 
	0x00,0x00,0x00,0x00, 
	0x00,0x00,0x00,0x00, 
	0x00,0x00,0x00,0x00, 
	0x00,0x00,0x00,0x00, 
	0x00,0x00,0x00,0x00, 
	0x00,0x00,0x00,0x00, 
	0x00,0x00,0x00,0x00, 
	0x00,0x00,0x00,0x00, 
	0x00,0x00,0x00,0x00, 
	0x00,0x00,0x00,0x00, 
	0x00,0x00,0x00,0x00, 
	0x00,0x00,0x00,0x00, 
	0x00,0x00,0x00,0x00, 
	0x00,0x00,0x00,0x00, 
	0x00,0x00,0x00,0x00, 
	0x00,0x00,0x00,0x00, 
	0x00,0x00,0x00,0x00, 
	0x00,0x00,0x00,0x00, 
	0x00,0x00,0x00,0x00, 
	0x00,0x00,0x00,0x00, 
	0x00,0x00,0x00,0x00, 
	0x00,0x00,0x00,0x00, 
	0x00,0x00,0x00,0x00, 
	0x00,0x00,0x00,0x00, 
	0x00,0x00,0x00,0x00, 
	0x00,0x00,0x00,0x00, 
	0x00,0x00,0x00,0x00, 
	0x00,0x00,0x00,0x00, 
	0x00,0x00,0x00,0x00, 
	0x00,0x00,0x00,0x00, 
	0x00,0x00,0x00,0x00, 
	0x00,0x00,0x00,0x00, 
	0x00,0x00,0x00,0x00, 
	0x00,0x00,0x00,0x00, 
	0x00,0x00,0x00,0x00, 
	0x00,0x00,0x00,0x00, 
	0x00,0x00,0x00,0x00, 
	0x00,0x00,0x00,0x00, 
	0x00,0x00,0x00,0x00, 
	0x00,0x00,0x00,0x00, 
	0x00,0x00,0x00,0x00, 
	0x00,0x00,0x00,0x00, 
	0x00,0x00,0x00,0x00, 
	0x00,0x00,0x00,0x00, 
	0x00,0x00,0x00,0x00, 
	0x00,0x00,0x00,0x00, 
	0x00,0x00,0x00,0x00, 
	0x00,0x00,0x00,0x00, 
	0x00,0x00,0x00,0x00, 
	0x00,0x00,0x00,0x00, 
	0x00,0x00,0x00,0x00, 
	0x00,0x00,0x00,0x00, 
	0x00,0x00,0x00,0x00, 
	0x00,0x00,0x00,0x00, 
	0x00,0x00,0x00,0x00, 
	0x00,0x00,0x00,0x00, 
	0x00,0x00,0x00,0x00, 
	0x00,0x00,0x00,0x00, 
	0x00,0x00,0x00,0x00, 
	0x00,0x00,0x00,0x00, 
	0x00,0x00,0x00,0x00, 
	0x00,0x00,0x00,0x00, 
	0x00,0x00,0x00,0x00, 
	0x00,0x00,0x00,0x00, 
	0x00,0x00,0x00,0x00, 
	0x00,0x00,0x00,0x00, 
	0x00,0x00,0x00,0x00, 
	0x00,0x00,0x00,0x00, 
	0x00,0x00,0x00,0x00, 
	0x00,0x00,0x00,0x00, 
	0x00,0x00,0x00,0x00, 
	0x00,0x00,0x00,0x00, 
	0x00,0x00,0x00,0x00, 
	0x00,0x00,0x00,0x00, 
	0x00,0x00,0x00,0x00, 
	0x00,0x00,0x00,0x00, 
	0x00,0x00,0x00,0x00, 
	0x00,0x00,0x00,0x00, 
	0x00,0x00,0x00,0x00, 
	0x00,0x00,0x00,0x00, 
	0x00,0x00,0x00,0x00, 
	0x00,0x00,0x00,0x00, 
	0x00,0x00,0x00,0x00, 
	0x00,0x00,0x00,0x00, 
	0x00,0x00,0x00,0x00, 
	0x00,0x00,0x00,0x00, 
	0x00,0x00,0x00,0x00, 
	0x00,0x00,0x00,0x00, 
	0x00,0x00,0x00,0x00, 
	0x00,0x00,0x00,0x00, 
	0x00,0x00,0x00,0x00, 
	0x00,0x00,0x00,0x00, 
	0x00,0x00,0x00,0x00, 
	0x00,0x00,0x00,0x00, 
	0x00,0x00,0x00,0x00, 
	0x00,0x00,0x00,0x00, 
	0x00,0x00,0x00,0x00, 
	0x00,0x00,0x00,0x00, 
	0x00,0x00,0x00,0x00, 
	0x00,0x00,0x00,0x00, 
	0x00,0x00,0x00,0x00, 
	0x00,0x00,0x00,0x00, 
	0x00,0x00,0x00,0x00, 
	0x00,0x00,0x00,0x00, 
	0x00,0x00,0x00,0x00, 
	0x00,0x00,0x00,0x00, 
	0x00,0x00,0x00,0x00, 
	0x00,0x00,0x00,0x00, 
	0x00,0x00,0x00,0x00, 
	0x00,0x00,0x00,0x00, 
	0x00,0x00,0x00,0x00, 
	0x00,0x00,0x00,0x00, 
	0x00,0x00,0x00,0x00, 
	0x00,0x00,0x00,0x00, 
	0x00,0x00,0x00,0x00, 
	0x00,0x00,0x00,0x00, 
	0x00,0x00,0x00,0x00, 
	0x00,0x00,0x00,0x00, 
	0x00,0x00,0x00,0x00, 
	0x00,0x00,0x00,0x00, 
	0x00,0x00,0x00,0x00, 
	0x00,0x00,0x00,0x00, 
	0x00,0x00,0x00,0x00, 
	0x00,0x00,0x00,0x00, 
	0x00,0x00,0x00,0x00, 
	0x00,0x00,0x00,0x00, 
	0x00,0x00,0x00,0x00, 
	0x00,0x00,0x00,0x00, 
	0x00,0x00,0x00,0x00, 
	0x00,0x00,0x00,0x00, 
	0x00,0x00,0x00,0x00, 
	0x00,0x00,0x00,0x00, 
	0x00,0x00,0x00,0x00, 
	0x00,0x00,0x00,0x00, 
	0x00,0x00,0x00,0x00, 
	0x00,0x00,0x00,0x00, 
	0x00,0x00,0x00,0x00, 
	0x00,0x00,0x00,0x00, 
	0x00,0x00,0x00,0x00, 
	0x00,0x00,0x00,0x00, 
	0x00,0x00,0x00,0x00, 
	0x00,0x00,0x00,0x00, 
	0x00,0x00,0x00,0x00, 
	0x00,0x00,0x00,0x00, 
	0x00,0x00,0x00,0x00, 
	0x00,0x00,0x00,0x00, 
	0x00,0x00,0x00,0x00, 
	0x00,0x00,0x00,0x00, 
	0x00,0x00,0x00,0x00, 
	0x00,0x00,0x00,0x00, 
	0x00,0x00,0x00,0x00, 
	0x00,0x00,0x00,0x00, 
	0x00,0x00,0x00,0x00, 
	0x00,0x00,0x00,0x00, 
	0x00,0x00,0x00,0x00, 
	0x00,0x00,0x00,0x00, 
	0x00,0x00,0x00,0x00, 
	0x00,0x00,0x00,0x00, 
	0x00,0x00,0x00,0x00, 
	0x00,0x00,0x00,0x00, 
	0x00,0x00,0x00,0x00, 
	0x00,0x00,0x00,0x00, 
	0x00,0x00,0x00,0x00, 
	0x00,0x00,0x00,0x00, 
	0x00,0x00,0x00,0x00, 
	0x00,0x00,0x00,0x00, 
	0x00,0x00,0x00,0x00, 
	0x00,0x00,0x00,0x00, 
	0x00,0x00,0x00,0x00, 
	0x00,0x00,0x00,0x00, 
	0x00,0x00,0x00,0x00, 
	0x00,0x00,0x00,0x00, 
	0x00,0x00,0x00,0x00, 
	0x00,0x00,0x00,0x00, 
	0x00,0x00,0x00,0x00, 
	0x00,0x00,0x00,0x00, 
	0x00,0x00,0x00,0x00, 
	0x00,0x00,0x00,0x00, 
	0x00,0x00,0x00,0x00, 
	0x00,0x00,0x00,0x00, 
	0x00,0x00,0x00,0x00, 
	0x00,0x00,0x00,0x00, 
	0x00,0x00,0x00,0x00, 
	0x00,0x00,0x00,0x00, 
	0x00,0x00,0x00,0x00, 
	0x00,0x00,0x00,0x00, 
	0x00,0x00,0x00,0x00, 
	0x00,0x00,0x00,0x00, 
	0x00,0x00,0x00,0x00, 
	0x00,0x00,0x00,0x00, 
	0x00,0x00,0x00,0x00, 
	0x00,0x00,0x00,0x00, 
	0x00,0x00,0x00,0x00, 
	0x00,0x00,0x00,0x00, 
	0x00,0x00,0x00,0x00, 
	0x00,0x00,0x00,0x00, 
	0x00,0x00,0x00,0x00, 
	0x00,0x00,0x00,0x00, 
	0x00,0x00,0x00,0x00, 
	0x00,0x00,0x00,0x00, 
	0x00,0x00,0x00,0x00, 
	0x00,0x00,0x00,0x00, 
	0x00,0x00,0x00,0x00, 
	0x00,0x00,0x00,0x00, 
	0x00,0x00,0x00,0x00, 
	0x00,0x00,0x00,0x00, 
	0x00,0x00,0x00,0x00, 
	0x00,0x00,0x00,0x00, 
	0x00,0x00,0x00,0x00, 
	0x00,0x00,0x00,0x00, 
	0x00,0x00,0x00,0x00, 
	0x00,0x00,0x00,0x00, 
	0x00,0x00,0x00,0x00, 
	0x00,0x00,0x00,0x00, 
	0x00,0x00,0x00,0x00, 
	0x00,0x00,0x00,0x00, 
	0x00,0x00,0x00,0x00, 
	0x00,0x00,0x00,0x00, 
	0x00,0x00,0x00,0x00, 
	0x00,0x00,0x00,0x00, 
	0x00,0x00,0x00,0x00, 
	0x00,0x00,0x00,0x00, 
	0x00,0x00,0x00,0x00, 
	0x00,0x00,0x00,0x00, 
	0x00,0x00,0x00,0x00, 
	0x00,0x00,0x00,0x00, 
	0x00,0x00,0x00,0x00, 
	0x00,0x00,0x00,0x00, 
	0x00,0x00,0x00,0x00, 
	0x00,0x00,0x00,0x00, 
	0x00,0x00,0x00,0x00, 
	0x00,0x00,0x00,0x00, 
	0x00,0x00,0x00,0x00, 
	0x00,0x00,0x00,0x00, 
	0x00,0x00,0x00,0x00, 
	0x00,0x00,0x00,0x00, 
	0x00,0x00,0x00,0x00, 
	0x00,0x00,0x00,0x00, 
	0x00,0x00,0x00,0x00, 
	0x00,0x00,0x00,0x00, 
	0x00,0x00,0x00,0x00, 
	0x00,0x00,0x00,0x00, 
	0x00,0x00,0x00,0x00, 
	0x00,0x00,0x00,0x00, 
	0x00,0x00,0x00,0x00, 
	0x00,0x00,0x00,0x00, 
	0x00,0x00,0x00,0x00, 
	0x00,0x00,0x00,0x00, 
	0x00,0x00,0x00,0x00, 
	0x00,0x00,0x00,0x00, 
	0x00,0x00,0x00,0x00, 
	0x00,0x00,0x00,0x00, 
	0x00,0x00,0x00,0x00, 
	0x00,0x00,0x00,0x00, 
	0x00,0x00,0x00,0x00, 
	0x00,0x00,0x00,0x00, 
	0x00,0x00,0x00,0x00, 
	0x00,0x00,0x00,0x00, 
	0x00,0x00,0x00,0x00, 
	0x00,0x00,0x00,0x00, 
	0x00,0x00,0x00,0x00, 
	0x00,0x00,0x00,0x00, 
	0x00,0x00,0x00,0x00, 
	0x00,0x00,0x00,0x00, 
	0x00,0x00,0x00,0x00, 
	0x00,0x00,0x00,0x00, 
	0x00,0x00,0x00,0x00, 
	0x00,0x00,0x00,0x00, 
	0x00,0x00,0x00,0x00, 
	0x00,0x00,0x00,0x00, 
	0x00,0x00,0x00,0x00, 
	0x00,0x00,0x00,0x00, 
	0x00,0x00,0x00,0x00, 
	0x00,0x00,0x00,0x00, 
	0x00,0x00,0x00,0x00, 
	0x00,0x00,0x00,0x00, 
	0x00,0x00,0x00,0x00, 
	0x00,0x00,0x00,0x00, 
	0x00,0x00,0x00,0x00, 
	0x00,0x00,0x00,0x00, 
	0x00,0x00,0x00,0x00, 
	0x00,0x00,0x00,0x00, 
	0x00,0x00,0x00,0x00, 
	0x00,0x00,0x00,0x00, 
	0x00,0x00,0x00,0x00, 
	0x00,0x00,0x00,0x00, 
	0x00,0x00,0x00,0x00, 
	0x00,0x00,0x00,0x00, 
	0x00,0x00,0x00,0x00, 
	0x00,0x00,0x00,0x00, 
	0x00,0x00,0x00,0x00, 
	0x00,0x00,0x00,0x00, 
	0x00,0x00,0x00,0x00, 
	0x00,0x00,0x00,0x00, 
	0x00,0x00,0x00,0x00, 
	0x00,0x00,0x00,0x00, 
	0x00,0x00,0x00,0x00, 
	0x00,0x00,0x00,0x00, 
	0x00,0x00,0x00,0x00, 
	0x00,0x00,0x00,0x00, 
	0x00,0x00,0x00,0x00, 
	0x00,0x00,0x00,0x00, 
	0x00,0x00,0x00,0x00, 
	0x00,0x00,0x00,0x00, 
	0x00,0x00,0x00,0x00, 
	0x00,0x00,0x00,0x00, 
	0x00,0x00,0x00,0x00, 
	0x00,0x00,0x00,0x00, 
	0x00,0x00,0x00,0x00, 
	0x00,0x00,0x00,0x00, 
	0x00,0x00,0x00,0x00, 
	0x00,0x00,0x00,0x00, 
	0x00,0x00,0x00,0x00, 
	0x00,0x00,0x00,0x00, 
	0x00,0x00,0x00,0x00, 
	0x00,0x00,0x00,0x00, 
	0x00,0x00,0x00,0x00, 
	0x00,0x00,0x00,0x00, 
	0x00,0x00,0x00,0x00, 
	0x00,0x00,0x00,0x00, 
	0x00,0x00,0x00,0x00, 
	0x00,0x00,0x00,0x00, 
	0x00,0x00,0x00,0x00, 
	0x00,0x00,0x00,0x00, 
	0x00,0x00,0x00,0x00, 
	0x00,0x00,0x00,0x00, 
	0x00,0x00,0x00,0x00, 
	0x00,0x00,0x00,0x00, 
	0x00,0x00,0x00,0x00, 
	0x00,0x00,0x00,0x00, 
	0x00,0x00,0x00,0x00, 
	0x00,0x00,0x00,0x00, 
	0x00,0x00,0x00,0x00, 
	0x00,0x00,0x00,0x00, 
	0x00,0x00,0x00,0x00, 
	0x00,0x00,0x00,0x00, 
	0x00,0x00,0x00,0x00, 
	0x00,0x00,0x00,0x00, 
	0x00,0x00,0x00,0x00, 
	0x00,0x00,0x00,0x00, 
	0x00,0x00,0x00,0x00, 
	0x00,0x00,0x00,0x00, 
	0x00,0x00,0x00,0x00, 
	0x00,0x00,0x00,0x00, 
	0x00,0x00,0x00,0x00, 
	0x00,0x00,0x00,0x00, 
	0x00,0x00,0x00,0x00, 
	0x00,0x00,0x00,0x00, 
	0x00,0x00,0x00,0x00, 
	0x00,0x00,0x00,0x00, 
	0x00,0x00,0x00,0x00, 
	0x00,0x00,0x00,0x00, 
	0x00,0x00,0x00,0x00, 
	0x00,0x00,0x00,0x00, 
	0x00,0x00,0x00,0x00, 
	0x00,0x00,0x00,0x00, 
	0x00,0x00,0x00,0x00, 
	0x00,0x00,0x00,0x00, 
	0x00,0x00,0x00,0x00, 
	0x00,0x00,0x00,0x00, 
	0x00,0x00,0x00,0x00, 
	0x00,0x00,0x00,0x00, 
	0x00,0x00,0x00,0x00, 
	0x00,0x00,0x00,0x00, 
	0x00,0x00,0x00,0x00, 
	0x00,0x00,0x00,0x00, 
	0x00,0x00,0x00,0x00, 
	0x00,0x00,0x00,0x00, 
	0x00,0x00,0x00,0x00, 
	0x00,0x00,0x00,0x00, 
	0x00,0x00,0x00,0x00, 
	0x00,0x00,0x00,0x00, 
	0x00,0x00,0x00,0x00, 
	0x00,0x00,0x00,0x00, 
	0x00,0x00,0x00,0x00, 
	0x00,0x00,0x00,0x00, 
	0x00,0x00,0x00,0x00, 
	0x00,0x00,0x00,0x00, 
	0x00,0x00,0x00,0x00, 
	0x00,0x00,0x00,0x00, 
	0x00,0x00,0x00,0x00, 
	0x00,0x00,0x00,0x00, 
	0x00,0x00,0x00,0x00, 
	0x00,0x00,0x00,0x00, 
	0x00,0x00,0x00,0x00, 
	0x00,0x00,0x00,0x00, 
	0x00,0x00,0x00,0x00, 
	0x00,0x00,0x00,0x00, 
	0x00,0x00,0x00,0x00, 
	0x00,0x00,0x00,0x00, 
	0x00,0x00,0x00,0x00, 
	0x00,0x00,0x00,0x00, 
	0x00,0x00,0x00,0x00, 
	0x00,0x00,0x00,0x00, 
	0x00,0x00,0x00,0x00, 
	0x00,0x00,0x00,0x00, 
	0x00,0x00,0x00,0x00, 
	0x00,0x00,0x00,0x00, 
	0x00,0x00,0x00,0x00, 
	0x00,0x00,0x00,0x00, 
	0x00,0x00,0x00,0x00, 
	0x00,0x00,0x00,0x00, 
	0x00,0x00,0x00,0x00, 
	0x00,0x00,0x00,0x00, 
	0x00,0x00,0x00,0x00, 
	0x00,0x00,0x00,0x00, 
	0x00,0x00,0x00,0x00, 
	0x00,0x00,0x00,0x00, 
	0x00,0x00,0x00,0x00, 
	0x00,0x00,0x00,0x00, 
	0x00,0x00,0x00,0x00, 
	0x00,0x00,0x00,0x00, 
	0x00,0x00,0x00,0x00, 
	0x00,0x00,0x00,0x00, 
	0x00,0x00,0x00,0x00, 
	0x00,0x00,0x00,0x00, 
	0x00,0x00,0x00,0x00, 
	0x00,0x00,0x00,0x00, 
	0x00,0x00,0x00,0x00, 
	0x00,0x00,0x00,0x00, 
	0x00,0x00,0x00,0x00, 
	0x00,0x00,0x00,0x00, 
	0x00,0x00,0x00,0x00, 
	0x00,0x00,0x00,0x00, 
	0x00,0x00,0x00,0x00, 
	0x00,0x00,0x00,0x00, 
	0x00,0x00,0x00,0x00, 
	0x00,0x00,0x00,0x00, 
	0x00,0x00,0x00,0x00, 
	0x00,0x00,0x00,0x00, 
	0x00,0x00,0x00,0x00, 
	0x00,0x00,0x00,0x00, 
	0x00,0x00,0x00,0x00, 
	0x00,0x00,0x00,0x00, 
	0x00,0x00,0x00,0x00, 
	0x00,0x00,0x00,0x00, 
	0x00,0x00,0x00,0x00, 
	0x00,0x00,0x00,0x00, 
	0x00,0x00,0x00,0x00, 
	0x00,0x00,0x00,0x00, 
	0x00,0x00,0x00,0x00, 
	0x00,0x00,0x00,0x00, 
	0x00,0x00,0x00,0x00, 
	0x00,0x00,0x00,0x00, 
	0x00,0x00,0x00,0x00, 
	0x00,0x00,0x00,0x00, 
	0x00,0x00,0x00,0x00, 
	0x00,0x00,0x00,0x00, 
	0x00,0x00,0x00,0x00, 
	0x00,0x00,0x00,0x00, 
	0x00,0x00,0x00,0x00, 
	0x00,0x00,0x00,0x00, 
	0x00,0x00,0x00,0x00, 
	0x00,0x00,0x00,0x00, 
	0x00,0x00,0x00,0x00, 
	0x00,0x00,0x00,0x00, 
	0x00,0x00,0x00,0x00, 
	0x00,0x00,0x00,0x00, 
	0x00,0x00,0x00,0x00, 
	0x00,0x00,0x00,0x00, 
	0x00,0x00,0x00,0x00, 
	0x00,0x00,0x00,0x00, 
	0x00,0x00,0x00,0x00, 
	0x00,0x00,0x00,0x00, 
	0x00,0x00,0x00,0x00, 
	0x00,0x00,0x00,0x00, 
	0x00,0x00,0x00,0x00, 
	0x00,0x00,0x00,0x00, 
	0x00,0x00,0x00,0x00, 
	0x00,0x00,0x00,0x00, 
	0x00,0x00,0x00,0x00, 
	0x00,0x00,0x00,0x00, 
	0x00,0x00,0x00,0x00, 
	0x00,0x00,0x00,0x00, 
	0x00,0x00,0x00,0x00, 
	0x00,0x00,0x00,0x00, 
	0x00,0x00,0x00,0x00, 
	0x00,0x00,0x00,0x00, 
	0x00,0x00,0x00,0x00, 
	0x00,0x00,0x00,0x00, 
	0x00,0x00,0x00,0x00, 
	0x00,0x00,0x00,0x00, 
	0x00,0x00,0x00,0x00, 
	0x00,0x00,0x00,0x00, 
	0x00,0x00,0x00,0x00, 
	0x00,0x00,0x00,0x00, 
	0x00,0x00,0x00,0x00, 
	0x00,0x00,0x00,0x00, 
	0x00,0x00,0x00,0x00, 
	0x00,0x00,0x00,0x00, 
	0x00,0x00,0x00,0x00, 
	0x00,0x00,0x00,0x00, 
	0x00,0x00,0x00,0x00, 
	0x00,0x00,0x00,0x00, 
	0x00,0x00,0x00,0x00, 
	0x00,0x00,0x00,0x00, 
	0x00,0x00,0x00,0x00, 
	0x00,0x00,0x00,0x00, 
	0x00,0x00,0x00,0x00, 
	0x00,0x00,0x00,0x00, 
	0x00,0x00,0x00,0x00, 
	0x00,0x00,0x00,0x00, 
	0x00,0x00,0x00,0x00, 
	0x00,0x00,0x00,0x00, 
	0x00,0x00,0x00,0x00, 
	0x00,0x00,0x00,0x00, 
	0x00,0x00,0x00,0x00, 
	0x00,0x00,0x00,0x00, 
	0x00,0x00,0x00,0x00, 
	0x00,0x00,0x00,0x00, 
	0x00,0x00,0x00,0x00, 
	0x00,0x00,0x00,0x00, 
	0x00,0x00,0x00,0x00, 
	0x00,0x00,0x00,0x00, 
	0x00,0x00,0x00,0x00, 
	0x00,0x00,0x00,0x00, 
	0x00,0x00,0x00,0x00, 
	0x00,0x00,0x00,0x00, 
	0x00,0x00,0x00,0x00, 
	0x00,0x00,0x00,0x00, 
	0x00,0x00,0x00,0x00, 
	0x00,0x00,0x00,0x00, 
	0x00,0x00,0x00,0x00, 
	0x00,0x00,0x00,0x00, 
	0x00,0x00,0x00,0x00, 
	0x00,0x00,0x00,0x00, 
	0x00,0x00,0x00,0x00, 
	0x00,0x00,0x00,0x00, 
	0x00,0x00,0x00,0x00, 
	0x00,0x00,0x00,0x00, 
	0x00,0x00,0x00,0x00, 
	0x00,0x00,0x00,0x00, 
	0x00,0x00,0x00,0x00, 
	0x00,0x00,0x00,0x00, 
	0x00,0x00,0x00,0x00, 
	0x00,0x00,0x00,0x00, 
	0x00,0x00,0x00,0x00, 
	0x00,0x00,0x00,0x00, 
	0x00,0x00,0x00,0x00, 
	0x00,0x00,0x00,0x00, 
	0x00,0x00,0x00,0x00, 
	0x00,0x00,0x00,0x00, 
	0x00,0x00,0x00,0x00, 
	0x00,0x00,0x00,0x00, 
	0x00,0x00,0x00,0x00, 
	0x00,0x00,0x00,0x00, 
	0x00,0x00,0x00,0x00, 
	0x00,0x00,0x00,0x00, 
	0x00,0x00,0x00,0x00, 
	0x00,0x00,0x00,0x00, 
	0x00,0x00,0x00,0x00, 
	0x00,0x00,0x00,0x00, 
	0x00,0x00,0x00,0x00, 
	0x00,0x00,0x00,0x00, 
	0x00,0x00,0x00,0x00, 
	0x00,0x00,0x00,0x00, 
	0x00,0x00,0x00,0x00, 
	0x00,0x00,0x00,0x00, 
	0x00,0x00,0x00,0x00, 
	0x00,0x00,0x00,0x00, 
	0x00,0x00,0x00,0x00, 
	0x00,0x00,0x00,0x00, 
	0x00,0x00,0x00,0x00, 
	0x00,0x00,0x00,0x00, 
	0x00,0x00,0x00,0x00, 
	0x00,0x00,0x00,0x00, 
	0x00,0x00,0x00,0x00, 
	0x00,0x00,0x00,0x00, 
	0x00,0x00,0x00,0x00, 
	0x00,0x00,0x00,0x00, 
	0x00,0x00,0x00,0x00, 
	0x00,0x00,0x00,0x00, 
	0x00,0x00,0x00,0x00, 
	0x00,0x00,0x00,0x00, 
	0x00,0x00,0x00,0x00, 
	0x00,0x00,0x00,0x00, 
	0x00,0x00,0x00,0x00, 
	0x00,0x00,0x00,0x00, 
	0x00,0x00,0x00,0x00, 
	0x00,0x00,0x00,0x00, 
	0x00,0x00,0x00,0x00, 
	0x00,0x00,0x00,0x00, 
	0x00,0x00,0x00,0x00, 
	0x00,0x00,0x00,0x00, 
	0x00,0x00,0x00,0x00, 
	0x00,0x00,0x00,0x00, 
	0x00,0x00,0x00,0x00, 
	0x00,0x00,0x00,0x00, 
	0x00,0x00,0x00,0x00, 
	0x00,0x00,0x00,0x00, 
	0x00,0x00,0x00,0x00, 
	0x00,0x00,0x00,0x00, 
	0x00,0x00,0x00,0x00, 
	0x00,0x00,0x00,0x00, 
	0x00,0x00,0x00,0x00, 
	0x00,0x00,0x00,0x00, 
	0x00,0x00,0x00,0x00, 
	0x00,0x00,0x00,0x00, 
	0x00,0x00,0x00,0x00, 
	0x00,0x00,0x00,0x00, 
	0x00,0x00,0x00,0x00, 
	0x00,0x00,0x00,0x00, 
	0x00,0x00,0x00,0x00, 
	0x00,0x00,0x00,0x00, 
	0x00,0x00,0x00,0x00, 
	0x00,0x00,0x00,0x00, 
	0x00,0x00,0x00,0x00, 
	0x00,0x00,0x00,0x00, 
	0x00,0x00,0x00,0x00, 
	0x00,0x00,0x00,0x00, 
	0x00,0x00,0x00,0x00, 
	0x00,0x00,0x00,0x00, 
	0x00,0x00,0x00,0x00, 
	0x00,0x00,0x00,0x00, 
	0x00,0x00,0x00,0x00, 
	0x00,0x00,0x00,0x00, 
	0x00,0x00,0x00,0x00, 
	0x00,0x00,0x00,0x00, 
	0x00,0x00,0x00,0x00, 
	0x00,0x00,0x00,0x00, 
	0x00,0x00,0x00,0x00, 
	0x00,0x00,0x00,0x00, 
	0x00,0x00,0x00,0x00, 
	0x00,0x00,0x00,0x00, 
	0x00,0x00,0x00,0x00, 
	0x00,0x00,0x00,0x00, 
	0x00,0x00,0x00,0x00, 
	0x00,0x00,0x00,0x00, 
	0x00,0x00,0x00,0x00, 
	0x00,0x00,0x00,0x00, 
	0x00,0x00,0x00,0x00, 
	0x00,0x00,0x00,0x00, 
	0x00,0x00,0x00,0x00, 
	0x00,0x00,0x00,0x00, 
	0x00,0x00,0x00,0x00, 
	0x00,0x00,0x00,0x00, 
	0x00,0x00,0x00,0x00, 
	0x00,0x00,0x00,0x00, 
	0x00,0x00,0x00,0x00, 
	0x00,0x00,0x00,0x00, 
}  
}  
}; 
#define DEMOD_FIRMWARE_LINES_b_0_1 (sizeof(O18_SAT_DEMOD_FW_b_0_1)/(sizeof(LX_DEMOD_FIRMWARE_STRUCT))) 
#endif 
