#ifndef _O18_SAT_DEMOD_FIRMWARE_0_0_1_H_ 
#define _O18_SAT_DEMOD_FIRMWARE_0_0_1_H_ 

static const LX_DEMOD_FIRMWARE_STRUCT O18_SAT_DEMOD_FW_0_0_1[] = {
 {	0x00, 0x10000,  
{  
	0x00,0xc5,0x49,0x10, 
	0xd5,0x49,0x20,0xe5, 
	0x49,0x30,0xf5,0x49, 
	0x00,0x34,0x00,0x00, 
	0x00,0x00,0x00,0x00, 
	0x00,0x00,0x00,0x00, 
	0x00,0x00,0x00,0x00, 
	0x00,0x00,0x00,0x00, 
	0x00,0x00,0x00,0x00, 
	0x00,0x00,0x00,0x00, 
	0x00,0x00,0x00,0x00, 
	0x00,0x00,0x00,0x00, 
	0x00,0x00,0x00,0x00, 
	0x00,0x00,0x00,0x00, 
	0x00,0x00,0x00,0x00, 
	0x00,0x00,0x00,0x00, 
	0x00,0xc5,0x09,0x10, 
	0xd5,0x09,0x20,0xe5, 
	0x09,0x30,0xf5,0x09, 
	0x00,0x35,0x00,0x00, 
	0x00,0x00,0x00,0x00, 
	0x00,0x00,0x00,0x00, 
	0x00,0x00,0x00,0x00, 
	0x00,0x00,0x00,0x00, 
	0x00,0x00,0x00,0x00, 
	0x00,0x00,0x00,0x00, 
	0x00,0x00,0x00,0x00, 
	0x00,0x00,0x00,0x00, 
	0x00,0x00,0x00,0x00, 
	0x00,0x00,0x00,0x00, 
	0x00,0x00,0x00,0x00, 
	0x00,0x00,0x00,0x00, 
	0x00,0xc9,0x49,0x00, 
	0xd1,0x09,0x10,0xd9, 
	0x49,0x20,0xe9,0x49, 
	0x30,0xf9,0x49,0x40, 
	0x80,0x49,0x50,0x90, 
	0x49,0x60,0xa0,0x49, 
	0x70,0xb0,0x49,0x00, 
	0x34,0x00,0x00,0x00, 
	0x00,0x00,0x00,0x00, 
	0x00,0x00,0x00,0x00, 
	0x00,0x00,0x00,0x00, 
	0x00,0x00,0x00,0x00, 
	0x00,0x00,0x00,0x00, 
	0x00,0x00,0x00,0x00, 
	0x00,0x00,0x00,0x00, 
	0x00,0x00,0x00,0x00, 
	0x00,0xc9,0x09,0x10, 
	0xd9,0x09,0x20,0xe9, 
	0x09,0x70,0xd1,0x09, 
	0x30,0xf9,0x09,0x40, 
	0x87,0x09,0x50,0x97, 
	0x09,0x60,0xa7,0x09, 
	0x70,0xb7,0x09,0x00, 
	0x35,0x00,0x00,0x00, 
	0x00,0x00,0x00,0x00, 
	0x00,0x00,0x00,0x00, 
	0x00,0x00,0x00,0x00, 
	0x00,0x00,0x00,0x00, 
	0x00,0x00,0x00,0x00, 
	0x00,0x00,0x00,0x00, 
	0x00,0x00,0x00,0x00, 
	0x00,0x00,0x00,0x00, 
	0x00,0xcd,0x49,0x00, 
	0xd1,0x09,0x10,0xdd, 
	0x49,0x20,0xed,0x49, 
	0x30,0xfd,0x49,0x40, 
	0x40,0x49,0x50,0x50, 
	0x49,0x60,0x60,0x49, 
	0x70,0x70,0x49,0x80, 
	0x80,0x49,0x90,0x90, 
	0x49,0xa0,0xa0,0x49, 
	0xb0,0xb0,0x49,0x00, 
	0x34,0x00,0x00,0x00, 
	0x00,0x00,0x00,0x00, 
	0x00,0x00,0x00,0x00, 
	0x00,0x00,0x00,0x00, 
	0x00,0x00,0x00,0x00, 
	0x00,0x00,0x00,0x00, 
	0x00,0xcd,0x09,0x10, 
	0xdd,0x09,0x20,0xed, 
	0x09,0xb0,0xd1,0x09, 
	0x30,0xfd,0x09,0x40, 
	0x4b,0x09,0x50,0x5b, 
	0x09,0x60,0x6b,0x09, 
	0x70,0x7b,0x09,0x80, 
	0x8b,0x09,0x90,0x9b, 
	0x09,0xa0,0xab,0x09, 
	0xb0,0xbb,0x09,0x00, 
	0x35,0x00,0x00,0x00, 
	0x00,0x00,0x00,0x00, 
	0x00,0x00,0x00,0x00, 
	0x00,0x00,0x00,0x00, 
	0x00,0x00,0x00,0x00, 
	0x00,0x00,0x00,0x00, 
	0x20,0xd2,0x61,0xa0, 
	0x02,0x00,0x00,0x00, 
	0x00,0x00,0x00,0x00, 
	0x00,0x00,0x00,0x00, 
	0x00,0x00,0x00,0x00, 
	0x00,0x00,0x00,0x00, 
	0x00,0x00,0x00,0x00, 
	0x00,0x00,0x00,0x00, 
	0x00,0x00,0x00,0x00, 
	0x00,0x00,0x00,0x00, 
	0x00,0x00,0x00,0x00, 
	0x00,0x00,0x00,0x00, 
	0x00,0x00,0x00,0x00, 
	0x00,0x00,0x00,0x00, 
	0x00,0x00,0x00,0x00, 
	0x00,0x00,0x00,0x00, 
	0x20,0xd3,0x61,0xa0, 
	0x02,0x00,0x00,0x00, 
	0x00,0x00,0x00,0x00, 
	0x00,0x00,0x00,0x00, 
	0x00,0x00,0x00,0x00, 
	0x00,0x00,0x00,0x00, 
	0x00,0x00,0x00,0x00, 
	0x00,0x00,0x00,0x00, 
	0x00,0x00,0x00,0x00, 
	0x00,0x00,0x00,0x00, 
	0x00,0x00,0x00,0x00, 
	0x00,0x00,0x00,0x00, 
	0x00,0x00,0x00,0x00, 
	0x00,0x00,0x00,0x00, 
	0x00,0x00,0x00,0x00, 
	0x00,0x00,0x00,0x00, 
	0x20,0xd4,0x61,0xa0, 
	0x02,0x00,0x00,0x00, 
	0x00,0x00,0x00,0x00, 
	0x00,0x00,0x00,0x00, 
	0x00,0x00,0x00,0x00, 
	0x00,0x00,0x00,0x00, 
	0x00,0x00,0x00,0x00, 
	0x00,0x00,0x00,0x00, 
	0x00,0x00,0x00,0x00, 
	0x00,0x00,0x00,0x00, 
	0x00,0x00,0x00,0x00, 
	0x00,0x00,0x00,0x00, 
	0x00,0x00,0x00,0x00, 
	0x00,0x00,0x00,0x00, 
	0x00,0x00,0x00,0x00, 
	0x00,0x00,0x00,0x00, 
	0x20,0xd5,0x61,0xa0, 
	0x02,0x00,0x00,0x00, 
	0x00,0x00,0x00,0x00, 
	0x00,0x00,0x00,0x00, 
	0x00,0x00,0x00,0x00, 
	0x00,0x00,0x00,0x00, 
	0x00,0x00,0x00,0x00, 
	0x00,0x00,0x00,0x00, 
	0x00,0x00,0x00,0x00, 
	0x00,0x00,0x00,0x00, 
	0x00,0x00,0x00,0x00, 
	0x00,0x00,0x00,0x00, 
	0x00,0x00,0x00,0x00, 
	0x00,0x00,0x00,0x00, 
	0x00,0x00,0x00,0x00, 
	0x00,0x00,0x00,0x00, 
	0x00,0x76,0x00,0x46, 
	0xfe,0xff,0x00,0x00, 
	0x00,0x00,0x00,0x00, 
	0x00,0x00,0x00,0x00, 
	0x00,0x00,0x00,0x00, 
	0x00,0x00,0x00,0x00, 
	0x00,0x00,0x00,0x00, 
	0x00,0x00,0x00,0x00, 
	0x00,0x00,0x00,0x00, 
	0x00,0x00,0x00,0x00, 
	0x00,0x00,0x00,0x00, 
	0x00,0x00,0x00,0x00, 
	0x00,0x00,0x00,0x00, 
	0x00,0x00,0x00,0x00, 
	0x00,0x00,0x00,0x00, 
	0x00,0x00,0x00,0x00, 
	0x10,0x37,0x00,0x00, 
	0x00,0x00,0x00,0x00, 
	0x00,0x00,0x00,0x00, 
	0x00,0x00,0x00,0x00, 
	0x00,0x00,0x00,0x00, 
	0x00,0x00,0x00,0x00, 
	0x00,0x00,0x00,0x00, 
	0x00,0x00,0x00,0x00, 
	0x00,0x00,0x00,0x00, 
	0x00,0x00,0x00,0x00, 
	0x00,0x00,0x00,0x00, 
	0x00,0x00,0x00,0x00, 
	0x00,0x00,0x00,0x00, 
	0x00,0x00,0x00,0x00, 
	0x00,0x00,0x00,0x00, 
	0x00,0x00,0x00,0x00, 
	0x00,0x41,0x00,0x46, 
	0xfe,0xff,0x00,0x00, 
	0x00,0x00,0x00,0x00, 
	0x00,0x00,0x00,0x00, 
	0x00,0x00,0x00,0x00, 
	0x00,0x00,0x00,0x00, 
	0x00,0x00,0x00,0x00, 
	0x00,0x00,0x00,0x00, 
	0x00,0x00,0x00,0x00, 
	0x00,0x00,0x00,0x00, 
	0x00,0x00,0x00,0x00, 
	0x00,0x00,0x00,0x00, 
	0x00,0x00,0x00,0x00, 
	0x00,0x00,0x00,0x00, 
	0x00,0x00,0x00,0x00, 
	0x00,0x00,0x00,0x00, 
	0x12,0xc1,0xa0,0x29, 
	0x41,0x39,0x51,0x31, 
	0x57,0x80,0x20,0xe8, 
	0x03,0x30,0x32,0xa0, 
	0x38,0x03,0x49,0x61, 
	0xa0,0x03,0x00,0x00, 
	0x00,0x00,0x00,0x00, 
	0x00,0x00,0x00,0x00, 
	0x00,0x00,0x00,0x00, 
	0x00,0x00,0x00,0x00, 
	0x00,0x00,0x00,0x00, 
	0x00,0x00,0x00,0x00, 
	0x00,0x00,0x00,0x00, 
	0x00,0x00,0x00,0x00, 
	0x00,0x00,0x00,0x00, 
	0x00,0x00,0x00,0x00, 
	0x00,0x00,0x00,0x00, 
	0x00,0x00,0x00,0x00, 
	0x00,0x00,0x00,0x00, 
	0x00,0x00,0x00,0x00, 
	0x00,0x00,0x00,0x00, 
	0x00,0x00,0x00,0x00, 
	0x00,0x00,0x00,0x00, 
	0x00,0x00,0x00,0x00, 
	0x00,0x00,0x00,0x00, 
	0x00,0x00,0x00,0x00, 
	0x00,0x00,0x00,0x00, 
	0x00,0x00,0x00,0x00, 
	0x00,0x00,0x00,0x00, 
	0x00,0x00,0x00,0x00, 
	0x00,0x00,0x00,0x00, 
	0x00,0x00,0x00,0x00, 
	0x40,0x41,0x00,0x46, 
	0xfe,0xff,0x00,0x00, 
	0x00,0x00,0x00,0x00, 
	0x00,0x00,0x00,0x00, 
	0x00,0x00,0x00,0x00, 
	0x00,0x00,0x00,0x00, 
	0x00,0x00,0x00,0x00, 
	0x00,0x00,0x00,0x00, 
	0x00,0x00,0x00,0x00, 
	0x00,0x00,0x00,0x00, 
	0x00,0x00,0x00,0x00, 
	0x00,0x00,0x00,0x00, 
	0x00,0x00,0x00,0x00, 
	0x00,0x00,0x00,0x00, 
	0x00,0x00,0x00,0x00, 
	0x00,0x00,0x00,0x00, 
	0x06,0x0d,0x00,0x00, 
	0x00,0x00,0x00,0x40, 
	0x1f,0x11,0x22,0x22, 
	0x00,0x00,0x00,0xe0, 
	0x73,0x04,0x00,0x40, 
	0x00,0x00,0x00,0x00, 
	0x68,0x72,0x00,0x40, 
	0xd0,0x72,0x00,0x40, 
	0x70,0x73,0x00,0x40, 
	0xcc,0x09,0xfe,0x3f, 
	0x78,0x74,0x00,0x40, 
	0xd0,0x09,0xfe,0x3f, 
	0x00,0x00,0x00,0x00, 
	0x00,0x00,0x00,0x00, 
	0x0c,0x00,0x00,0xe4, 
	0x13,0x00,0x05,0x13, 
	0x10,0x20,0x00,0x21, 
	0xf0,0xff,0x20,0xe7, 
	0x13,0x20,0x61,0x00, 
	0x21,0xef,0xff,0x51, 
	0xef,0xff,0x61,0xef, 
	0xff,0x0c,0x03,0x7d, 
	0x02,0x50,0x66,0x10, 
	0xc6,0x04,0x00,0x00, 
	0x40,0x63,0x50,0x00, 
	0x20,0x00,0x3d,0xf0, 
	0x3d,0xf0,0x50,0x33, 
	0xc0,0xb6,0xb3,0x14, 
	0x70,0x74,0x41,0x70, 
	0x40,0x34,0x67,0x13, 
	0xe6,0x40,0x63,0x50, 
	0x50,0x33,0xc0,0xf6, 
	0xb3,0xed,0x00,0x20, 
	0x00,0x51,0xe1,0xff, 
	0x0c,0x03,0x20,0x72, 
	0x20,0x70,0x40,0x34, 
	0x40,0xe3,0x50,0x50, 
	0x33,0xc0,0x70,0x74, 
	0x41,0xf6,0xb3,0xf0, 
	0x30,0x20,0x00,0x21, 
	0xdd,0xff,0xac,0x02, 
	0x38,0x02,0x48,0x12, 
	0x58,0x22,0x22,0xc2, 
	0x0c,0x47,0xb3,0x0f, 
	0x68,0x05,0x4b,0x55, 
	0x69,0x03,0x4b,0x33, 
	0x47,0x33,0xf4,0x46, 
	0xf9,0xff,0x00,0x00, 
	0x56,0x03,0xfe,0x56, 
	0xd5,0xfd,0x00,0x20, 
	0x00,0x0c,0x11,0x10, 
	0x49,0x13,0x00,0x48, 
	0x13,0x10,0x20,0x00, 
	0x0c,0x00,0x41,0xd0, 
	0xff,0x40,0xd2,0x13, 
	0x41,0xd0,0xff,0x40, 
	0xd3,0x13,0x41,0xcf, 
	0xff,0x40,0xd4,0x13, 
	0x51,0xcf,0xff,0x42, 
	0x65,0x00,0x41,0xce, 
	0xff,0x40,0xd5,0x13, 
	0x51,0xce,0xff,0x42, 
	0x65,0x00,0xc5,0x00, 
	0x00,0x00,0x00,0x00, 
	0x36,0x81,0x00,0xe5, 
	0x07,0x07,0x1d,0xf0, 
	0x02,0xa0,0x00,0x11, 
	0xbd,0x7e,0x31,0xbd, 
	0x7e,0x30,0xe6,0x13, 
	0x10,0x20,0x00,0x61, 
	0xbc,0x7e,0x71,0xbc, 
	0x7e,0x77,0xb6,0x33, 
	0x88,0x06,0x98,0x16, 
	0x8b,0x66,0x80,0xa9, 
	0xc0,0x27,0x6a,0x03, 
	0x09,0x08,0x4b,0x88, 
	0x37,0x6a,0x05,0x09, 
	0x08,0x09,0x18,0x8b, 
	0x88,0xa0,0xa4,0x41, 
	0x9c,0x1a,0x0b,0xaa, 
	0x09,0x08,0x02,0x68, 
	0x01,0x02,0x68,0x02, 
	0x02,0x68,0x03,0x82, 
	0xc8,0x10,0x56,0xca, 
	0xfe,0x77,0x36,0xcb, 
	0x15,0xa8,0x06,0x61, 
	0xae,0x7e,0x71,0xae, 
	0x7e,0x81,0xae,0x7e, 
	0x91,0xaf,0x7e,0xa1, 
	0xaf,0x7e,0x68,0x06, 
	0x15,0x93,0x06,0x61, 
	0xa9,0x7e,0x71,0xa9, 
	0x7e,0x81,0xa9,0x7e, 
	0x68,0x06,0x95,0x03, 
	0x07,0x55,0x94,0x06, 
	0x36,0x41,0x00,0x0c, 
	0x03,0x21,0xa8,0x7e, 
	0x28,0x02,0x37,0x12, 
	0x02,0x06,0x0e,0x00, 
	0x0c,0x04,0x31,0xa6, 
	0x7e,0x38,0x03,0x38, 
	0x03,0x47,0x13,0x25, 
	0xa1,0xa4,0x7e,0x91, 
	0xa3,0x7e,0x98,0x09, 
	0x4b,0x99,0x99,0x0a, 
	0x81,0xa1,0x7e,0x88, 
	0x08,0x82,0xd8,0xff, 
	0x82,0x28,0x3f,0xe0, 
	0x08,0x00,0x0c,0x0b, 
	0xa1,0x9d,0x7e,0xa8, 
	0x0a,0xa8,0x0a,0xb7, 
	0x9a,0xd9,0xc1,0x99, 
	0x7e,0x0c,0x1b,0xb9, 
	0x0c,0x1d,0xf0,0x00, 
	0x36,0x41,0x00,0x1d, 
	0xf0,0x00,0x00,0x00, 
	0x36,0x41,0x00,0x91, 
	0x99,0x7e,0x81,0x96, 
	0x7e,0xd1,0x94,0x7e, 
	0xd9,0x38,0x99,0x78, 
	0xa2,0xc8,0x48,0x22, 
	0xcd,0x38,0xb2,0xc8, 
	0x24,0xc2,0xc8,0x20, 
	0xe2,0xcd,0x78,0xf2, 
	0xcd,0x58,0xf9,0x58, 
	0xe9,0x68,0xc9,0x08, 
	0xb9,0x18,0x29,0x48, 
	0xa9,0x28,0x21,0x8d, 
	0x7e,0x0c,0x1a,0x89, 
	0x12,0xa5,0x21,0x07, 
	0x0c,0x0a,0xb1,0x8c, 
	0x7e,0x65,0xc2,0x06, 
	0x0c,0x1a,0x25,0xc3, 
	0x06,0x0c,0x18,0x91, 
	0x8a,0x7e,0xc0,0x20, 
	0x00,0xa1,0x89,0x7e, 
	0x82,0x69,0x91,0x65, 
	0xc6,0x05,0xa8,0x12, 
	0x25,0x28,0x00,0x1d, 
	0xf0,0x00,0x00,0x00, 
	0x36,0x41,0x00,0x21, 
	0x80,0x7e,0xb8,0x12, 
	0x0c,0x06,0xc8,0x2b, 
	0x51,0x83,0x7e,0x82, 
	0x0c,0x44,0x41,0x82, 
	0x7e,0x66,0x18,0x06, 
	0xad,0x0b,0xe5,0x33, 
	0x00,0x1d,0xf0,0x92, 
	0x0c,0x61,0x16,0x49, 
	0x09,0x65,0x32,0x00, 
	0xc2,0x22,0x01,0xc2, 
	0x2c,0x02,0xa0,0xba, 
	0x20,0xd8,0xec,0xa1, 
	0x7b,0x7e,0xd0,0xbb, 
	0xc0,0xb7,0x3a,0x02, 
	0x86,0x7e,0x00,0x92, 
	0x0c,0x61,0x66,0x19, 
	0x14,0xe1,0x77,0x7e, 
	0xc0,0x20,0x00,0xd2, 
	0x24,0x80,0xe0,0xdd, 
	0x20,0xc0,0x20,0x00, 
	0xd2,0x64,0x80,0x86, 
	0x16,0x00,0x66,0x39, 
	0x11,0xc0,0x20,0x00, 
	0xf2,0x24,0x80,0x50, 
	0xff,0x20,0xc0,0x20, 
	0x00,0xf2,0x64,0x80, 
	0x46,0x11,0x00,0x66, 
	0x49,0x14,0x91,0x6d, 
	0x7e,0xc0,0x20,0x00, 
	0x82,0x24,0x80,0x90, 
	0x88,0x20,0xc0,0x20, 
	0x00,0x82,0x64,0x80, 
	0x46,0x0b,0x00,0xa1, 
	0x69,0x7e,0x66,0x59, 
	0x11,0xc0,0x20,0x00, 
	0xb2,0x24,0x90,0xa0, 
	0xbb,0x20,0xc0,0x20, 
	0x00,0xb2,0x64,0x90, 
	0x46,0x05,0x00,0x66, 
	0x69,0x12,0xd1,0x63, 
	0x7e,0xc0,0x20,0x00, 
	0xd8,0x0d,0xe1,0x61, 
	0x7e,0xa0,0xdd,0x20, 
	0xc0,0x20,0x00,0xd9, 
	0x0e,0x62,0x4c,0x61, 
	0x1d,0xf0,0xb0,0xab, 
	0x20,0xe5,0x35,0x00, 
	0xa2,0x22,0x01,0xa2, 
	0x2a,0x03,0x31,0x52, 
	0x7e,0xa2,0x0a,0x1c, 
	0xe2,0xa0,0xfa,0xe0, 
	0xea,0xc0,0x16,0x4e, 
	0x16,0x26,0xca,0x04, 
	0x2c,0x1b,0xb7,0x9a, 
	0x32,0xe5,0x26,0x00, 
	0xc2,0x22,0x01,0xc8, 
	0x2c,0xf8,0x2c,0xd1, 
	0x53,0x7e,0xf0,0xea, 
	0xc0,0xe7,0xbd,0x1f, 
	0xd2,0x0c,0x71,0x66, 
	0x1d,0x19,0xc0,0x20, 
	0x00,0xf2,0x24,0x80, 
	0x50,0xff,0x20,0xc0, 
	0x20,0x00,0xf2,0x64, 
	0x80,0x62,0x4c,0x71, 
	0x1c,0xfe,0xc0,0x20, 
	0x00,0xe2,0x63,0xb4, 
	0xa5,0x23,0x00,0xb8, 
	0x12,0xc8,0x2b,0xc8, 
	0x0c,0x81,0x47,0x7e, 
	0xc0,0x9a,0xc0,0x97, 
	0xb8,0x40,0xad,0x0b, 
	0xa5,0x6c,0x04,0xa8, 
	0x12,0x25,0xd7,0x04, 
	0xb8,0x12,0xd8,0x2b, 
	0xd2,0x0d,0x66,0xcc, 
	0x5d,0xad,0x0b,0xa5, 
	0x1c,0x01,0xb8,0x12, 
	0xa8,0x3b,0xa2,0x0a, 
	0x1c,0xe2,0xa0,0x60, 
	0xe7,0x1a,0x05,0xc2, 
	0xa0,0x61,0xc7,0x9a, 
	0x0c,0xd2,0x2b,0x02, 
	0xd2,0x0d,0x5d,0xcc, 
	0x3d,0xad,0x0b,0xe5, 
	0xe6,0x00,0x25,0x1f, 
	0x00,0xf8,0x12,0xf8, 
	0x2f,0xa9,0x0f,0xa5, 
	0x1e,0x00,0xb8,0x12, 
	0xc8,0x2b,0x3c,0x0d, 
	0x98,0x1c,0x81,0x33, 
	0x7e,0x90,0x9a,0xc0, 
	0x97,0x38,0x02,0xc6, 
	0x2f,0x00,0xa8,0x3b, 
	0xa2,0x0a,0x2f,0xd7, 
	0x1a,0x0b,0xd2,0x0c, 
	0x59,0xcc,0x5d,0xad, 
	0x0b,0xa5,0xc9,0x03, 
	0xb8,0x12,0xad,0x0b, 
	0xe5,0x38,0x04,0x88, 
	0x12,0x88,0x28,0xc0, 
	0x20,0x00,0xe2,0x23, 
	0xa1,0xe0,0xe0,0x04, 
	0xe2,0x48,0x59,0xc0, 
	0x20,0x00,0xd2,0x23, 
	0xa1,0xd0,0xd1,0x04, 
	0xd2,0x48,0x5a,0xc0, 
	0x20,0x00,0xc2,0x23, 
	0xa1,0xc0,0xc2,0x04, 
	0xc2,0x48,0x5b,0xc0, 
	0x20,0x00,0xb2,0x23, 
	0xa1,0xb0,0xb3,0x04, 
	0xb2,0x48,0x5c,0xa2, 
	0xa1,0x80,0xaa,0xa8, 
	0xc0,0x20,0x00,0xe2, 
	0x23,0xa1,0xe0,0xe4, 
	0x04,0xe2,0x4a,0xf5, 
	0xc0,0x20,0x00,0xd2, 
	0x23,0xa1,0xd0,0xd5, 
	0x04,0xd2,0x48,0x5d, 
	0xc0,0x20,0x00,0xc2, 
	0x23,0xa1,0xc0,0xc6, 
	0x04,0xc2,0x48,0x5e, 
	0xc0,0x20,0x00,0xb2, 
	0x23,0xa1,0xb0,0xb7, 
	0x04,0xb2,0x48,0x63, 
	0xc0,0x20,0x00,0x92, 
	0x23,0xa1,0x90,0x98, 
	0x04,0x92,0x48,0x64, 
	0xc0,0x20,0x00,0xf2, 
	0x23,0xa1,0xe2,0x0a, 
	0xf5,0xf0,0xf9,0x04, 
	0xf2,0x48,0x66,0xac, 
	0x1e,0xc0,0x20,0x00, 
	0xc2,0x23,0xa2,0xc0, 
	0xc8,0x75,0xc2,0x4a, 
	0xf4,0xc0,0x20,0x00, 
	0xb2,0x23,0xa2,0xb0, 
	0xb0,0xf5,0xb2,0x4a, 
	0xf3,0xa5,0x11,0x00, 
	0xd8,0x12,0xd8,0x2d, 
	0xa9,0x1d,0x1d,0xf0, 
	0x1c,0xeb,0x3c,0x2e, 
	0xe2,0x4a,0xf4,0xc6, 
	0xf9,0xff,0x00,0x00, 
	0x36,0x41,0x00,0xd2, 
	0xa0,0xfe,0x91,0xf0, 
	0x7d,0xc0,0x20,0x00, 
	0xc2,0x29,0x90,0xd0, 
	0xcc,0x10,0xc0,0x20, 
	0x00,0xc2,0x69,0x90, 
	0xc0,0x20,0x00,0xb2, 
	0x29,0x94,0x0c,0x08, 
	0xb0,0xb0,0x74,0xc0, 
	0x20,0x00,0xa1,0xe9, 
	0x7d,0x82,0x69,0xb4, 
	0x65,0xa2,0x05,0x1d, 
	0xf0,0x00,0x00,0x00, 
	0x36,0x41,0x00,0x0c, 
	0xa3,0x81,0xef,0x7d, 
	0x0c,0x27,0xc1,0xef, 
	0x7d,0x0c,0x05,0xe1, 
	0xe4,0x7d,0x41,0xee, 
	0x7d,0x91,0xdf,0x7d, 
	0xc0,0x20,0x00,0x82, 
	0x69,0x92,0x61,0xec, 
	0x7d,0xf1,0xec,0x7d, 
	0xc0,0x20,0x00,0xd2, 
	0x2e,0x80,0x60,0xdd, 
	0x10,0xf0,0xdd,0x20, 
	0xc0,0x20,0x00,0x0c, 
	0x4f,0x81,0xe8,0x7d, 
	0xa2,0xa0,0xfa,0x98, 
	0x32,0x1c,0x0b,0xd2, 
	0x6e,0x80,0x0c,0x1d, 
	0xc9,0x29,0xc9,0x19, 
	0xb2,0x49,0x2f,0xa2, 
	0x49,0x1c,0xe8,0x22, 
	0x89,0x09,0x62,0xde, 
	0x02,0x72,0x4e,0x44, 
	0x52,0x4e,0x61,0x52, 
	0x4e,0x5e,0x52,0x4e, 
	0x5d,0x52,0x4e,0x5c, 
	0x52,0x4e,0x5b,0x52, 
	0x4e,0x5a,0x52,0x4e, 
	0x59,0x52,0x46,0x75, 
	0x32,0x4e,0x57,0x32, 
	0x4e,0x56,0x32,0x4e, 
	0x55,0xf2,0x4e,0x50, 
	0xd2,0x4e,0x58,0xc1, 
	0xd7,0x7d,0xc0,0x20, 
	0x00,0xb2,0x24,0x81, 
	0xc0,0xbb,0x20,0xc0, 
	0x20,0x00,0xb2,0x64, 
	0x81,0xa1,0xc6,0x7d, 
	0xc0,0x20,0x00,0xa2, 
	0x64,0x83,0x91,0xd1, 
	0x7d,0xc0,0x20,0x00, 
	0x92,0x64,0x85,0x81, 
	0xd0,0x7d,0xc0,0x20, 
	0x00,0x82,0x64,0x8c, 
	0xc0,0x20,0x00,0x72, 
	0x64,0x91,0x61,0xcd, 
	0x7d,0xc0,0x20,0x00, 
	0x62,0x64,0x97,0x52, 
	0xa3,0x00,0xc0,0x20, 
	0x00,0x32,0x24,0x8a, 
	0x50,0x33,0x20,0xc0, 
	0x20,0x00,0x32,0x64, 
	0x8a,0x1d,0xf0,0x00, 
	0x36,0x41,0x00,0xa5, 
	0xe5,0x06,0x2d,0x0a, 
	0x1d,0xf0,0x00,0x00, 
	0x36,0x41,0x00,0x0c, 
	0x23,0xa8,0x22,0x41, 
	0xaf,0x7d,0x82,0x0a, 
	0x45,0x52,0xa0,0x61, 
	0x66,0x18,0x36,0xd1, 
	0xbf,0x7d,0xc0,0x20, 
	0x00,0xc2,0x24,0x80, 
	0xd0,0xcc,0x10,0xc0, 
	0x20,0x00,0xb8,0x32, 
	0xc2,0x64,0x80,0xb2, 
	0x0b,0x1c,0x2c,0x1e, 
	0x57,0x1b,0x02,0xe7, 
	0x9b,0x0b,0xf1,0xb5, 
	0x7d,0x81,0xae,0x7d, 
	0xc0,0x20,0x00,0xf2, 
	0x68,0x8c,0x32,0x4a, 
	0x45,0x25,0xfb,0xff, 
	0x98,0x22,0xa9,0x39, 
	0x1d,0xf0,0xa5,0xfa, 
	0xff,0xc8,0x22,0xbd, 
	0x0a,0xc8,0x3c,0xa1, 
	0x9d,0x7d,0xc0,0xbb, 
	0xc0,0xb7,0xba,0x3b, 
	0xe1,0x9c,0x7d,0xc0, 
	0x20,0x00,0xd2,0x24, 
	0x80,0xe0,0xdd,0x20, 
	0xc0,0x20,0x00,0xd2, 
	0x64,0x80,0xad,0x02, 
	0xa5,0x5a,0x04,0xb8, 
	0x32,0x0c,0x1c,0xb2, 
	0x0b,0x1c,0xf2,0xa0, 
	0x60,0xf7,0x1b,0x19, 
	0x57,0x1b,0x16,0x4c, 
	0x8d,0xd7,0x1b,0x1e, 
	0x26,0xdb,0x1b,0x66, 
	0xcb,0x04,0xad,0x02, 
	0xa5,0x73,0x04,0xa8, 
	0x22,0x32,0x4a,0x44, 
	0x1d,0xf0,0xa8,0x22, 
	0x0c,0x59,0xc2,0x4a, 
	0x47,0x92,0x4a,0x46, 
	0x46,0xfb,0xff,0xa8, 
	0x22,0x9d,0x0c,0xc2, 
	0x4a,0x47,0xc6,0xfb, 
	0xff,0x00,0x00,0x00, 
	0x36,0x41,0x00,0x48, 
	0x22,0x0c,0x13,0x32, 
	0x44,0x44,0x32,0x44, 
	0x45,0x1d,0xf0,0x00, 
	0x36,0x41,0x00,0x31, 
	0x7d,0x7d,0xad,0x03, 
	0x65,0x84,0x05,0xdc, 
	0x3a,0xad,0x03,0xa5, 
	0x8a,0x05,0x3c,0x2c, 
	0xa0,0xb0,0x74,0xc7, 
	0x2b,0x47,0xb7,0x2c, 
	0x7b,0x25,0x4f,0x04, 
	0x1d,0xf0,0xa8,0x22, 
	0x82,0x0a,0x47,0x66, 
	0x18,0x10,0xb8,0x32, 
	0xc2,0xa0,0x61,0xb2, 
	0x0b,0x1c,0x92,0xa0, 
	0x60,0x97,0x1b,0x04, 
	0xc7,0x1b,0x01,0x1d, 
	0xf0,0x92,0x0a,0x46, 
	0x26,0x19,0x6a,0x26, 
	0x29,0x67,0x66,0x39, 
	0x02,0xc6,0x29,0x00, 
	0x66,0x49,0x02,0x46, 
	0x28,0x00,0x26,0x59, 
	0x02,0x66,0x69,0xe2, 
	0xad,0x02,0x65,0x01, 
	0x02,0x1d,0xf0,0x00, 
	0x00,0x00,0xa2,0xa0, 
	0x16,0xa7,0x2b,0x0b, 
	0xb7,0x2a,0x5e,0x20, 
	0xa2,0x20,0x65,0xf7, 
	0x03,0x90,0x00,0x00, 
	0x1c,0x1a,0xa7,0x2b, 
	0x0d,0xb7,0xaa,0x02, 
	0x06,0x2a,0x00,0x65, 
	0x49,0x00,0x1d,0xf0, 
	0x00,0x00,0x00,0xa6, 
	0x4b,0x2d,0xe6,0x5b, 
	0xad,0x20,0xa2,0x20, 
	0xb2,0xa0,0x04,0xe5, 
	0x18,0x00,0x90,0x00, 
	0x00,0xa2,0xa0,0x45, 
	0xa7,0x2b,0x3f,0xb7, 
	0xaa,0x02,0xc6,0x31, 
	0x00,0x20,0xa2,0x20, 
	0x65,0x14,0x05,0x90, 
	0x00,0x00,0xad,0x02, 
	0xe5,0x16,0x01,0x1d, 
	0xf0,0x00,0x00,0x00, 
	0x26,0x3b,0x02,0x06, 
	0xdf,0xff,0x20,0xa2, 
	0x20,0xb2,0xa0,0x03, 
	0xa5,0x15,0x00,0x90, 
	0x00,0x00,0xa2,0xa0, 
	0x29,0xa7,0x2b,0x42, 
	0xb7,0xaa,0x02,0x06, 
	0x30,0x00,0x20,0xa2, 
	0x20,0xe5,0xe5,0x00, 
	0x90,0x00,0x00,0xa2, 
	0xa0,0x3d,0xa7,0x2b, 
	0x18,0xb7,0xaa,0x02, 
	0x86,0x25,0x00,0x20, 
	0xa2,0x20,0xa5,0xd9, 
	0x00,0x90,0x00,0x00, 
	0xad,0x02,0xe5,0xd2, 
	0x01,0x1d,0xf0,0x00, 
	0x00,0x00,0xa2,0xa0, 
	0x3a,0xa7,0x2b,0x38, 
	0xb7,0xaa,0x02,0x06, 
	0xcc,0xff,0x20,0xa2, 
	0x20,0xe5,0x81,0x03, 
	0x90,0x00,0x00,0xa2, 
	0xa0,0x28,0xa7,0x2b, 
	0x33,0xb7,0xaa,0x02, 
	0xc6,0xc6,0xff,0x20, 
	0xa2,0x20,0x25,0xb2, 
	0x03,0x90,0x00,0x00, 
	0xa2,0xa0,0x15,0xa7, 
	0x2b,0x2e,0xb7,0xaa, 
	0x02,0x86,0xc1,0xff, 
	0x20,0xa2,0x20,0xa5, 
	0xd9,0x03,0x90,0x00, 
	0x00,0xd2,0xcb,0xc7, 
	0x56,0x7d,0xef,0xad, 
	0x02,0x65,0x38,0x00, 
	0x1d,0xf0,0x00,0x00, 
	0x00,0xe2,0xcb,0xdd, 
	0x56,0x7e,0xee,0xad, 
	0x02,0x65,0x3e,0x00, 
	0x1d,0xf0,0x00,0x00, 
	0x00,0xf2,0xcb,0xed, 
	0x56,0x7f,0xed,0xad, 
	0x02,0x25,0xb5,0x04, 
	0x1d,0xf0,0x00,0x00, 
	0x00,0xa2,0xa0,0x48, 
	0xa7,0x2b,0x38,0xb7, 
	0xaa,0x02,0x46,0x20, 
	0x00,0x20,0xa2,0x20, 
	0xa5,0x21,0x05,0x90, 
	0x00,0x00,0xa2,0xa0, 
	0x42,0xa7,0x2b,0x42, 
	0xb7,0xaa,0x02,0x06, 
	0xab,0xff,0x20,0xa2, 
	0x20,0xa5,0xcd,0x04, 
	0x90,0x00,0x00,0xa2, 
	0xa0,0x2b,0xa7,0x2b, 
	0x3d,0xb7,0xaa,0x02, 
	0xc6,0xa5,0xff,0x20, 
	0xa2,0x20,0xe5,0x79, 
	0x03,0x90,0x00,0x00, 
	0xa2,0xa0,0x47,0xa7, 
	0x2b,0x38,0xb7,0xaa, 
	0x02,0x86,0xa0,0xff, 
	0x20,0xa2,0x20,0x92, 
	0x22,0x07,0x0c,0x08, 
	0x92,0xd9,0x15,0x82, 
	0x49,0x32,0x65,0x0f, 
	0x05,0x1d,0xf0,0xa2, 
	0xcb,0xc2,0x56,0x9a, 
	0xe6,0xad,0x02,0x25, 
	0x32,0x04,0x1d,0xf0, 
	0x00,0x00,0x00,0xc2, 
	0xcb,0xd6,0x56,0x9c, 
	0xe5,0xad,0x02,0x25, 
	0xc9,0x03,0x1d,0xf0, 
	0x00,0x00,0x00,0xd2, 
	0xcb,0xba,0x56,0x9d, 
	0xe4,0xad,0x02,0x25, 
	0x01,0x05,0x1d,0xf0, 
	0x00,0x00,0x00,0xa2, 
	0xa0,0x50,0xa7,0x2b, 
	0x0e,0xb7,0xaa,0x02, 
	0xc6,0x8c,0xff,0x20, 
	0xa2,0x20,0x25,0x60, 
	0x05,0x90,0x00,0x00, 
	0xe2,0xcb,0xb7,0x56, 
	0x4e,0xe2,0xad,0x02, 
	0x65,0x14,0x05,0x1d, 
	0xf0,0x00,0x00,0x00, 
	0x36,0x41,0x00,0x0c, 
	0x38,0x41,0xf3,0x7c, 
	0xc0,0x20,0x00,0xb2, 
	0x24,0x94,0xe2,0xa0, 
	0xff,0xb0,0x58,0x74, 
	0xb0,0xc0,0x75,0xb0, 
	0x90,0x75,0x97,0x08, 
	0x08,0xc0,0xd0,0x14, 
	0xd0,0xcc,0xc0,0xc0, 
	0xc0,0x74,0xe7,0x95, 
	0x10,0xad,0x02,0xbd, 
	0x03,0xe5,0x09,0x00, 
	0xc0,0x20,0x00,0x32, 
	0x64,0xb4,0x0c,0x02, 
	0x1d,0xf0,0xf1,0xe9, 
	0x7c,0x66,0x33,0x55, 
	0x0c,0x0d,0xc0,0x20, 
	0x00,0xd2,0x64,0xa4, 
	0xc0,0x20,0x00,0xd2, 
	0x64,0xa5,0xc0,0x20, 
	0x00,0xd2,0x64,0xa6, 
	0xc0,0x20,0x00,0xd2, 
	0x64,0xa7,0xc0,0x20, 
	0x00,0xd2,0x64,0xa8, 
	0xc0,0x20,0x00,0xd2, 
	0x64,0xa9,0xb0,0xb8, 
	0x75,0xb0,0xb2,0x41, 
	0x16,0x2b,0x05,0x0c, 
	0x0a,0x80,0xe5,0x11, 
	0xe0,0xcc,0x20,0xc0, 
	0xda,0xa0,0x40,0xea, 
	0xa0,0xfa,0xdd,0xc0, 
	0x20,0x00,0xd2,0x2d, 
	0x80,0xc0,0x20,0x00, 
	0xd2,0x6e,0xa4,0x1b, 
	0xaa,0xa0,0xa0,0x74, 
	0xa7,0x9b,0xe3,0xc6, 
	0x0a,0x00,0x66,0x43, 
	0x28,0xb0,0xb8,0x75, 
	0xb0,0xb2,0x41,0x9c, 
	0xfb,0xd1,0xcc,0x7c, 
	0x40,0xeb,0xa0,0x80, 
	0xa5,0x11,0xa0,0xac, 
	0x20,0xfa,0xaa,0xc0, 
	0x20,0x00,0xb2,0x2d, 
	0x95,0xc0,0x20,0x00, 
	0xb2,0x6a,0x80,0x4b, 
	0xdd,0x4b,0xaa,0xe7, 
	0x9d,0xec,0xc0,0x20, 
	0x00,0x32,0x64,0xb4, 
	0x86,0xda,0xff,0x00, 
	0x36,0x41,0x00,0x1c, 
	0x49,0x71,0xc0,0x7c, 
	0x82,0xa1,0x80,0x2c, 
	0xce,0x2c,0x8d,0x2c, 
	0x4c,0x1c,0xcb,0x1c, 
	0x8a,0x66,0x33,0x35, 
	0x0c,0x05,0xc0,0x20, 
	0x00,0x52,0x67,0xa4, 
	0xc0,0x20,0x00,0x52, 
	0x67,0xa5,0xc0,0x20, 
	0x00,0x52,0x67,0xa6, 
	0xc0,0x20,0x00,0x52, 
	0x67,0xa7,0xc0,0x20, 
	0x00,0x52,0x67,0xa8, 
	0xc0,0x20,0x00,0x52, 
	0x67,0xa9,0x56,0x04, 
	0x0d,0x88,0x22,0x82, 
	0x08,0x59,0xc0,0x20, 
	0x00,0x82,0x67,0xa4, 
	0x1d,0xf0,0x66,0x43, 
	0x1c,0xdc,0xb4,0xa8, 
	0x22,0xc0,0x20,0x00, 
	0x92,0x27,0x95,0x92, 
	0x4a,0x59,0x1d,0xf0, 
	0xe7,0x94,0x0a,0xc8, 
	0x22,0xc0,0x20,0x00, 
	0xb2,0x27,0x95,0xb2, 
	0x4c,0x66,0x1d,0xf0, 
	0x66,0x44,0x0c,0xe8, 
	0x22,0xc0,0x20,0x00, 
	0xd2,0x27,0x95,0xd2, 
	0x4e,0x5a,0x1d,0xf0, 
	0x66,0x84,0x0c,0x38, 
	0x22,0xc0,0x20,0x00, 
	0xf2,0x27,0x95,0xf2, 
	0x43,0x5b,0x1d,0xf0, 
	0x66,0xa4,0x0c,0x88, 
	0x22,0xc0,0x20,0x00, 
	0x52,0x27,0x95,0x52, 
	0x48,0x5c,0x1d,0xf0, 
	0x66,0xb4,0x0e,0xa8, 
	0x22,0x8a,0xaa,0xc0, 
	0x20,0x00,0x92,0x27, 
	0x95,0x92,0x4a,0xf5, 
	0x1d,0xf0,0x97,0x94, 
	0x14,0x28,0x22,0x8a, 
	0x22,0xb2,0x02,0xf5, 
	0x16,0xeb,0xfa,0xc0, 
	0x20,0x00,0x52,0x27, 
	0x95,0x52,0x42,0xf4, 
	0x1d,0xf0,0xa7,0x94, 
	0x0c,0x98,0x22,0xc0, 
	0x20,0x00,0x82,0x27, 
	0x95,0x82,0x49,0x5d, 
	0x1d,0xf0,0xb7,0x94, 
	0x0c,0xb8,0x22,0xc0, 
	0x20,0x00,0xa2,0x27, 
	0x95,0xa2,0x4b,0x5e, 
	0x1d,0xf0,0x66,0xc4, 
	0x14,0x28,0x22,0x8a, 
	0x22,0xc2,0x02,0xf5, 
	0x16,0x6c,0xf7,0xc0, 
	0x20,0x00,0x52,0x27, 
	0x95,0x52,0x42,0xf3, 
	0x1d,0xf0,0xc7,0x94, 
	0x1c,0x98,0x22,0xc0, 
	0x20,0x00,0x82,0x27, 
	0x95,0x82,0x49,0x63, 
	0x1d,0xf0,0x66,0x44, 
	0x1f,0xa8,0x22,0xa2, 
	0x0a,0x5a,0xc0,0x20, 
	0x00,0xa2,0x67,0xa4, 
	0x1d,0xf0,0xb2,0xc4, 
	0xd8,0x56,0x7b,0xf3, 
	0xd8,0x22,0xc0,0x20, 
	0x00,0xc2,0x27,0x95, 
	0xc2,0x4d,0x64,0x1d, 
	0xf0,0x66,0x84,0x0c, 
	0xe8,0x22,0xe2,0x0e, 
	0x5b,0xc0,0x20,0x00, 
	0xe2,0x67,0xa4,0x1d, 
	0xf0,0x66,0xa4,0x0c, 
	0xf8,0x22,0xf2,0x0f, 
	0x5c,0xc0,0x20,0x00, 
	0xf2,0x67,0xa4,0x1d, 
	0xf0,0x66,0xb4,0x0e, 
	0x58,0x22,0x8a,0x55, 
	0x52,0x05,0xf5,0xc0, 
	0x20,0x00,0x52,0x67, 
	0xa4,0x1d,0xf0,0x97, 
	0x94,0x0e,0x98,0x22, 
	0x8a,0x99,0x92,0x09, 
	0xf4,0xc0,0x20,0x00, 
	0x92,0x67,0xa4,0x1d, 
	0xf0,0xa7,0x94,0x0c, 
	0xa8,0x22,0xa2,0x0a, 
	0x5d,0xc0,0x20,0x00, 
	0xa2,0x67,0xa4,0x1d, 
	0xf0,0xb7,0x94,0x0c, 
	0xb8,0x22,0xb2,0x0b, 
	0x5e,0xc0,0x20,0x00, 
	0xb2,0x67,0xa4,0x1d, 
	0xf0,0x66,0xc4,0x0e, 
	0xc8,0x22,0x8a,0xcc, 
	0xc2,0x0c,0xf3,0xc0, 
	0x20,0x00,0xc2,0x67, 
	0xa4,0x1d,0xf0,0xc7, 
	0x94,0x0c,0xd8,0x22, 
	0xd2,0x0d,0x63,0xc0, 
	0x20,0x00,0xd2,0x67, 
	0xa4,0x1d,0xf0,0xd7, 
	0x94,0x0c,0xe8,0x22, 
	0xe2,0x0e,0x64,0xc0, 
	0x20,0x00,0xe2,0x67, 
	0xa4,0x1d,0xf0,0xe0, 
	0xf4,0xc0,0x56,0xcf, 
	0xe9,0x58,0x22,0x52, 
	0x05,0x66,0xc0,0x20, 
	0x00,0x52,0x67,0xa4, 
	0x1d,0xf0,0x00,0x00, 
	0x36,0x41,0x00,0x31, 
	0x4c,0x7c,0x41,0x48, 
	0x7c,0xc0,0x20,0x00, 
	0x22,0x24,0x94,0x81, 
	0x5d,0x7c,0x87,0x62, 
	0x11,0xc0,0x20,0x00, 
	0x52,0x23,0x84,0x80, 
	0x55,0x10,0xc0,0x20, 
	0x00,0x52,0x63,0x84, 
	0x46,0x04,0x00,0xa1, 
	0x58,0x7c,0xc0,0x20, 
	0x00,0x92,0x23,0x84, 
	0xa0,0x99,0x20,0xc0, 
	0x20,0x00,0x92,0x63, 
	0x84,0x3c,0x9b,0xc0, 
	0x20,0x00,0xb2,0x64, 
	0xb4,0x0c,0x02,0x1d, 
	0xf0,0x00,0x00,0x00, 
	0x36,0x41,0x00,0x31, 
	0x37,0x7c,0xc0,0x20, 
	0x00,0x82,0x23,0x94, 
	0x80,0x88,0x74,0x66, 
	0xe8,0x07,0xa1,0x30, 
	0x7c,0xa8,0x1a,0x65, 
	0xac,0xff,0x1c,0x1b, 
	0xc0,0x20,0x00,0xb2, 
	0x63,0xb4,0x0c,0x02, 
	0x1d,0xf0,0x00,0x00, 
	0x36,0x61,0x00,0x61, 
	0x46,0x7c,0x82,0xa0, 
	0x60,0xc2,0xa0,0x61, 
	0x71,0x45,0x7c,0xf1, 
	0x45,0x7c,0x0c,0x05, 
	0x0c,0x1b,0x31,0x28, 
	0x7c,0x48,0x22,0xc0, 
	0x20,0x00,0xe2,0x23, 
	0x94,0xe0,0xef,0x04, 
	0xe2,0x44,0x5f,0xa8, 
	0x32,0xc0,0x20,0x00, 
	0x92,0x23,0x94,0xd1, 
	0x3e,0x7c,0x90,0x98, 
	0x75,0xc0,0x20,0x00, 
	0x32,0x23,0x94,0x30, 
	0x38,0x41,0xd0,0x33, 
	0x10,0x90,0x33,0x20, 
	0xd2,0x0a,0x1c,0x39, 
	0x3a,0x87,0x1d,0x05, 
	0xc0,0x8d,0xc0,0x56, 
	0xf8,0x0b,0x92,0x0a, 
	0x2f,0xd2,0xa1,0x80, 
	0x92,0xc9,0xd0,0x56, 
	0x89,0x08,0x0c,0x09, 
	0xe8,0x72,0x31,0x32, 
	0x7c,0xe2,0xde,0x0a, 
	0x52,0x6e,0xf7,0x52, 
	0x6e,0xf8,0x82,0x22, 
	0x07,0xa2,0xc9,0x01, 
	0x9a,0x88,0xa0,0x90, 
	0x74,0x3a,0x88,0x52, 
	0x48,0x3c,0x66,0xd9, 
	0xec,0x98,0x72,0x3a, 
	0x99,0xa2,0x09,0xab, 
	0x56,0x3a,0x0b,0xad, 
	0x02,0xe5,0x13,0x04, 
	0xad,0x02,0xa5,0xf8, 
	0x03,0x42,0xd7,0x04, 
	0x91,0x26,0x7c,0xc2, 
	0xa0,0x61,0xc0,0x20, 
	0x00,0x48,0x04,0x90, 
	0x44,0x10,0x91,0x23, 
	0x7c,0x82,0xd7,0x04, 
	0x90,0x44,0x20,0xc0, 
	0x20,0x00,0x49,0x08, 
	0xe1,0x22,0x7c,0xd1, 
	0x20,0x7c,0xc0,0x20, 
	0x00,0xb8,0x16,0xe0, 
	0xbb,0x10,0xd0,0xbb, 
	0x20,0xc0,0x20,0x00, 
	0x0c,0x5a,0x48,0x22, 
	0xb9,0x16,0xa2,0x44, 
	0x46,0x98,0x72,0x0c, 
	0x1b,0x3a,0x99,0xb2, 
	0x49,0xaa,0xb2,0x49, 
	0xab,0xb2,0x49,0xa9, 
	0xa8,0x32,0x38,0x3a, 
	0xc6,0x09,0x00,0x0c, 
	0x59,0xda,0xd4,0x82, 
	0x0d,0xf5,0x92,0x44, 
	0x46,0x16,0x98,0x13, 
	0xc0,0x20,0x00,0x91, 
	0xf0,0x7b,0xe2,0x29, 
	0xa2,0xe0,0xe8,0x75, 
	0xe2,0x4d,0xf4,0xc0, 
	0x20,0x00,0x92,0x29, 
	0xa2,0x90,0x90,0xf5, 
	0x92,0x4d,0xf3,0xe2, 
	0x04,0x5f,0x32,0x64, 
	0x9f,0xdc,0x2e,0xa9, 
	0x01,0x59,0x11,0xd2, 
	0x0a,0x1c,0x82,0xa0, 
	0x60,0x87,0x1d,0x22, 
	0xa9,0x01,0x59,0x11, 
	0xc7,0x1d,0x1b,0x0c, 
	0x1c,0xc2,0x44,0x47, 
	0x2c,0x39,0xc0,0x20, 
	0x00,0xa1,0xe0,0x7b, 
	0x0c,0x02,0x92,0x6a, 
	0xb4,0x1d,0xf0,0x48, 
	0x22,0xb2,0x44,0x46, 
	0x86,0xe4,0xff,0x51, 
	0xfe,0x7b,0x21,0xde, 
	0x7b,0xad,0x03,0x25, 
	0x53,0x06,0xdd,0x0b, 
	0xcd,0x0a,0xb1,0xfb, 
	0x7b,0x0c,0x0a,0x65, 
	0xa0,0x05,0xd1,0xfa, 
	0x7b,0x0c,0x0c,0x25, 
	0x3b,0x05,0x65,0xce, 
	0x05,0x0c,0x1b,0xa2, 
	0x44,0x56,0xe8,0x01, 
	0xa2,0x44,0x55,0xd2, 
	0x0e,0x2f,0xc8,0x11, 
	0xd2,0xcd,0xd0,0x16, 
	0x9d,0x15,0x81,0xcb, 
	0x7b,0x88,0x18,0x88, 
	0x28,0x82,0x08,0x64, 
	0x56,0xf8,0xf9,0xf1, 
	0xda,0x7b,0xe1,0xd2, 
	0x7b,0xd1,0xee,0x7b, 
	0xc1,0xef,0x7b,0xb1, 
	0xef,0x7b,0x91,0xef, 
	0x7b,0xa1,0xef,0x7b, 
	0x37,0x39,0x02,0x06, 
	0x28,0x00,0xc0,0x20, 
	0x00,0x92,0x2e,0x26, 
	0x81,0xed,0x7b,0xc0, 
	0x99,0x10,0x80,0x99, 
	0x20,0xc0,0x20,0x00, 
	0x92,0x6e,0x26,0xc0, 
	0x20,0x00,0x82,0x22, 
	0x8d,0x91,0xe8,0x7b, 
	0xf0,0x88,0x10,0x90, 
	0x88,0x20,0xc0,0x20, 
	0x00,0x82,0x62,0x8d, 
	0xc2,0xd7,0x04,0x81, 
	0xe5,0x7b,0xc0,0x20, 
	0x00,0x91,0xe4,0x7b, 
	0xc8,0x0c,0x90,0xcc, 
	0x10,0x80,0xcc,0x20, 
	0x82,0xd7,0x04,0xc0, 
	0x20,0x00,0xc9,0x08, 
	0xc1,0xe1,0x7b,0xc0, 
	0x20,0x00,0x98,0x16, 
	0xd0,0x99,0x10,0xc0, 
	0x99,0x20,0xc0,0x20, 
	0x00,0x99,0x16,0xc0, 
	0x20,0x00,0x88,0x46, 
	0xf0,0x88,0x20,0xc0, 
	0x20,0x00,0x89,0x46, 
	0xc0,0x20,0x00,0xc8, 
	0x56,0xb0,0xcc,0x10, 
	0xa0,0xcc,0x20,0xc0, 
	0x20,0x00,0xc9,0x56, 
	0xc0,0x20,0x00,0x92, 
	0x22,0x86,0x50,0x99, 
	0x10,0xc0,0x20,0x00, 
	0x92,0x62,0x86,0x06, 
	0xbf,0xff,0x1c,0xee, 
	0x37,0xbf,0x09,0x9d, 
	0x0e,0x3c,0x28,0x82, 
	0x4d,0xf4,0x86,0xb3, 
	0xff,0x1c,0x49,0x92, 
	0x4d,0xf4,0x9d,0x0e, 
	0x06,0xb1,0xff,0x81, 
	0xcb,0x7b,0x37,0x38, 
	0x02,0x86,0x29,0x00, 
	0xc0,0x20,0x00,0x92, 
	0x2e,0x26,0x81,0xc2, 
	0x7b,0xc0,0xc9,0x10, 
	0x80,0xcc,0x20,0xc0, 
	0x20,0x00,0xc2,0x6e, 
	0x26,0xc0,0x20,0x00, 
	0x92,0x22,0x8d,0xc1, 
	0xbe,0x7b,0xf0,0x99, 
	0x10,0xc0,0x99,0x20, 
	0xc0,0x20,0x00,0x92, 
	0x62,0x8d,0x82,0xd7, 
	0x04,0x91,0xbe,0x7b, 
	0xc0,0x20,0x00,0xc1, 
	0xba,0x7b,0x88,0x08, 
	0xc0,0x88,0x10,0x90, 
	0x88,0x20,0x92,0xd7, 
	0x04,0xc0,0x20,0x00, 
	0x89,0x09,0x81,0xb9, 
	0x7b,0xc0,0x20,0x00, 
	0xc8,0x16,0xd0,0xcc, 
	0x10,0x80,0xcc,0x20, 
	0xc0,0x20,0x00,0xc9, 
	0x16,0xc0,0x20,0x00, 
	0x98,0x46,0xf0,0x99, 
	0x20,0xc0,0x20,0x00, 
	0x99,0x46,0xc0,0x20, 
	0x00,0x88,0x56,0xb0, 
	0x88,0x10,0xa0,0x88, 
	0x20,0xc0,0x20,0x00, 
	0x89,0x56,0xc0,0x20, 
	0x00,0xc2,0x22,0x86, 
	0x50,0xcc,0x10,0xc0, 
	0x20,0x00,0xc2,0x62, 
	0x86,0x86,0x94,0xff, 
	0xd2,0xa1,0x80,0xda, 
	0xd4,0xa2,0x0d,0xf6, 
	0x16,0x7a,0x0a,0xa8, 
	0x2e,0xe0,0xf3,0x11, 
	0xa7,0xbf,0x02,0xc6, 
	0x77,0x00,0xb2,0x4d, 
	0xf8,0xc2,0x4d,0xf7, 
	0x46,0x26,0x00,0x81, 
	0xa2,0x7b,0x37,0x38, 
	0x02,0xc6,0x2a,0x00, 
	0xc0,0x20,0x00,0x92, 
	0x2e,0x26,0x81,0x96, 
	0x7b,0xc0,0xc9,0x10, 
	0x80,0xcc,0x20,0xc0, 
	0x20,0x00,0xc2,0x6e, 
	0x26,0xc0,0x20,0x00, 
	0x92,0x22,0x8d,0xc1, 
	0x92,0x7b,0xf0,0x99, 
	0x10,0xc0,0x99,0x20, 
	0xc0,0x20,0x00,0x92, 
	0x62,0x8d,0x82,0xd7, 
	0x04,0x91,0x95,0x7b, 
	0xc0,0x20,0x00,0xc1, 
	0x8e,0x7b,0x88,0x08, 
	0xc0,0x88,0x10,0x90, 
	0x88,0x20,0x92,0xd7, 
	0x04,0xc0,0x20,0x00, 
	0x89,0x09,0x81,0x90, 
	0x7b,0xc0,0x20,0x00, 
	0xc8,0x16,0xd0,0xcc, 
	0x10,0x80,0xcc,0x20, 
	0xc0,0x20,0x00,0xc9, 
	0x16,0xc0,0x20,0x00, 
	0x98,0x46,0xb0,0x99, 
	0x10,0xa0,0x99,0x20, 
	0xc0,0x20,0x00,0x99, 
	0x46,0xc0,0x20,0x00, 
	0x88,0x56,0xb0,0x88, 
	0x10,0xa0,0x88,0x20, 
	0xc0,0x20,0x00,0x89, 
	0x56,0xc0,0x20,0x00, 
	0xc2,0x22,0x86,0x50, 
	0xcc,0x10,0xc0,0x20, 
	0x00,0xc2,0x62,0x86, 
	0xc6,0x67,0xff,0xc2, 
	0x4d,0xf7,0xb2,0x4d, 
	0xf8,0xc0,0x20,0x00, 
	0xc2,0x22,0x86,0xa2, 
	0x0d,0xf7,0x50,0xcc, 
	0x10,0x40,0xaa,0x11, 
	0xc0,0xaa,0x20,0xc0, 
	0x20,0x00,0xa2,0x62, 
	0x86,0x86,0x5f,0xff, 
	0x81,0x5e,0x7b,0x37, 
	0x38,0x02,0xc6,0x21, 
	0x00,0xc0,0x20,0x00, 
	0x92,0x2e,0x26,0x81, 
	0x69,0x7b,0xc0,0x99, 
	0x10,0x80,0x99,0x20, 
	0xc0,0x20,0x00,0x92, 
	0x6e,0x26,0xc0,0x20, 
	0x00,0x82,0x22,0x8d, 
	0x91,0x65,0x7b,0xf0, 
	0x88,0x10,0x90,0x88, 
	0x20,0xc0,0x20,0x00, 
	0x82,0x62,0x8d,0x92, 
	0xd7,0x04,0xc0,0x20, 
	0x00,0x81,0x61,0x7b, 
	0x98,0x09,0x80,0x99, 
	0x10,0x81,0x51,0x7b, 
	0x80,0x99,0x20,0x82, 
	0xd7,0x04,0xc0,0x20, 
	0x00,0x99,0x08,0x91, 
	0x64,0x7b,0xc0,0x20, 
	0x00,0x88,0x16,0xd0, 
	0x88,0x10,0x90,0x88, 
	0x20,0xc0,0x20,0x00, 
	0x89,0x16,0xc0,0x20, 
	0x00,0x98,0x46,0xb0, 
	0x99,0x10,0xa0,0x99, 
	0x20,0xc0,0x20,0x00, 
	0x99,0x46,0xc0,0x20, 
	0x00,0x88,0x56,0xf0, 
	0x88,0x20,0xc0,0x20, 
	0x00,0x89,0x56,0xc0, 
	0x20,0x00,0x92,0x22, 
	0x86,0x50,0x99,0x10, 
	0xc0,0x20,0x00,0x92, 
	0x62,0x86,0x46,0x3b, 
	0xff,0x82,0xa7,0xd0, 
	0x37,0x38,0x02,0x86, 
	0x26,0x00,0xc0,0x20, 
	0x00,0x92,0x2e,0x26, 
	0x81,0x45,0x7b,0xc0, 
	0x99,0x10,0x80,0x99, 
	0x20,0xc0,0x20,0x00, 
	0x92,0x6e,0x26,0xc0, 
	0x20,0x00,0x82,0x22, 
	0x8d,0x91,0x40,0x7b, 
	0xf0,0x88,0x10,0x90, 
	0x88,0x20,0xc0,0x20, 
	0x00,0x82,0x62,0x8d, 
	0xc2,0xd7,0x04,0x81, 
	0x47,0x7b,0xc0,0x20, 
	0x00,0x91,0x3c,0x7b, 
	0xc8,0x0c,0x90,0xcc, 
	0x10,0x80,0xcc,0x20, 
	0x82,0xd7,0x04,0xc0, 
	0x20,0x00,0xc9,0x08, 
	0xc0,0x20,0x00,0x98, 
	0x16,0xc1,0x40,0x7b, 
	0xd0,0x99,0x10,0xc0, 
	0x99,0x20,0xc0,0x20, 
	0x00,0x99,0x16,0xc0, 
	0x20,0x00,0x88,0x46, 
	0xb0,0x88,0x10,0xa0, 
	0x88,0x20,0xc0,0x20, 
	0x00,0x89,0x46,0xc0, 
	0x20,0x00,0xc8,0x56, 
	0xf0,0xcc,0x20,0xc0, 
	0x20,0x00,0xc9,0x56, 
	0xc0,0x20,0x00,0x92, 
	0x22,0x86,0x50,0x99, 
	0x10,0xc0,0x20,0x00, 
	0x92,0x62,0x86,0x06, 
	0x17,0xff,0x0c,0x2e, 
	0xd0,0xf3,0x11,0xa7, 
	0xbf,0x02,0x86,0x27, 
	0x00,0xcd,0x0b,0xe2, 
	0x4d,0xf8,0xc6,0x83, 
	0xff,0x82,0xa2,0xbc, 
	0x37,0x38,0x02,0x86, 
	0x2a,0x00,0xc0,0x20, 
	0x00,0x92,0x2e,0x26, 
	0x81,0x2a,0x7b,0xc0, 
	0x99,0x10,0x80,0x99, 
	0x20,0xc0,0x20,0x00, 
	0x92,0x6e,0x26,0xc0, 
	0x20,0x00,0x82,0x22, 
	0x8d,0x91,0x25,0x7b, 
	0xf0,0x88,0x10,0x90, 
	0x88,0x20,0xc0,0x20, 
	0x00,0x82,0x62,0x8d, 
	0xc2,0xd7,0x04,0x81, 
	0x22,0x7b,0xc0,0x20, 
	0x00,0x91,0x13,0x7b, 
	0xc8,0x0c,0x90,0xcc, 
	0x10,0x80,0xcc,0x20, 
	0x82,0xd7,0x04,0xc0, 
	0x20,0x00,0xc9,0x08, 
	0xc0,0x20,0x00,0x98, 
	0x16,0xc1,0x17,0x7b, 
	0xd0,0x99,0x10,0xc0, 
	0x99,0x20,0xc0,0x20, 
	0x00,0x99,0x16,0xc0, 
	0x20,0x00,0x88,0x46, 
	0xb0,0x88,0x10,0xa0, 
	0x88,0x20,0xc0,0x20, 
	0x00,0x89,0x46,0xc0, 
	0x20,0x00,0xc8,0x56, 
	0xf0,0xcc,0x20,0xc0, 
	0x20,0x00,0xc9,0x56, 
	0xc0,0x20,0x00,0x92, 
	0x22,0x86,0xc1,0x0f, 
	0x7b,0x50,0x99,0x10, 
	0xc0,0x99,0x20,0xc0, 
	0x20,0x00,0x92,0x62, 
	0x86,0x86,0xec,0xfe, 
	0x0c,0x4f,0xc0,0x83, 
	0x11,0xa7,0xb8,0x0c, 
	0xb0,0x93,0x11,0xa7, 
	0xb9,0x02,0x46,0x26, 
	0x00,0x0c,0x3e,0x0c, 
	0x8f,0xcd,0x0e,0xf2, 
	0x4d,0xf8,0xc6,0x56, 
	0xff,0xc0,0x20,0x00, 
	0x92,0x2e,0x26,0x81, 
	0xff,0x7a,0xc0,0x99, 
	0x10,0x80,0x99,0x20, 
	0xc0,0x20,0x00,0x92, 
	0x6e,0x26,0xc0,0x20, 
	0x00,0x82,0x22,0x8d, 
	0x91,0xfb,0x7a,0xf0, 
	0x88,0x10,0x90,0x88, 
	0x20,0xc0,0x20,0x00, 
	0x82,0x62,0x8d,0xc2, 
	0xd7,0x04,0x81,0xf9, 
	0x7a,0xc0,0x20,0x00, 
	0x91,0xe9,0x7a,0xc8, 
	0x0c,0x90,0xcc,0x10, 
	0x80,0xcc,0x20,0x82, 
	0xd7,0x04,0xc0,0x20, 
	0x00,0xc9,0x08,0xc0, 
	0x20,0x00,0x98,0x16, 
	0xc1,0xed,0x7a,0xd0, 
	0x99,0x10,0xc0,0x99, 
	0x20,0xc0,0x20,0x00, 
	0x99,0x16,0xc0,0x20, 
	0x00,0x88,0x46,0xb0, 
	0x88,0x10,0xa0,0x88, 
	0x20,0xc0,0x20,0x00, 
	0x89,0x46,0xc0,0x20, 
	0x00,0xc8,0x56,0xf0, 
	0xcc,0x20,0xc0,0x20, 
	0x00,0xc9,0x56,0xc0, 
	0x20,0x00,0x92,0x22, 
	0x86,0xc1,0xe4,0x7a, 
	0x50,0x99,0x10,0xc0, 
	0x99,0x20,0xc0,0x20, 
	0x00,0x92,0x62,0x86, 
	0xc6,0xc1,0xfe,0xa0, 
	0xe3,0x11,0xa7,0x3e, 
	0x0a,0xf2,0x4d,0xf7, 
	0x1c,0x09,0x92,0x4d, 
	0xf8,0x06,0x57,0xff, 
	0x90,0xf3,0x11,0xa7, 
	0x3f,0x09,0x2c,0x09, 
	0x0c,0x58,0x82,0x4d, 
	0xf7,0x46,0xfa,0xff, 
	0x80,0x93,0x11,0xa7, 
	0x39,0x09,0x4c,0x09, 
	0x0c,0x6a,0xa2,0x4d, 
	0xf7,0x46,0xf6,0xff, 
	0x70,0xe3,0x11,0xa7, 
	0x3e,0x0a,0x92,0xa0, 
	0x80,0x0c,0x7f,0xf2, 
	0x4d,0xf7,0x06,0xf2, 
	0xff,0xb2,0x4d,0xf8, 
	0x46,0x21,0xff,0x00, 
	0x36,0x81,0x00,0x0c, 
	0x1a,0x31,0x9f,0x7a, 
	0x0c,0x07,0xe1,0x93, 
	0x7a,0x82,0xa0,0x60, 
	0x91,0xcd,0x7a,0x28, 
	0x32,0x0c,0x0b,0xc1, 
	0xca,0x7a,0xc9,0x31, 
	0xb9,0x41,0xb2,0x02, 
	0x1c,0x99,0x51,0x87, 
	0x1b,0x41,0xd2,0xa0, 
	0x61,0xd7,0x9b,0x47, 
	0xc0,0x20,0x00,0xf2, 
	0x2e,0xbd,0xf0,0xfe, 
	0x04,0x16,0x3f,0x1e, 
	0xc0,0x20,0x00,0x0c, 
	0x18,0xe2,0x23,0xbc, 
	0x0c,0x09,0xe0,0xb0, 
	0x24,0xe0,0xc0,0x05, 
	0x0b,0xcc,0xc0,0x98, 
	0x83,0x16,0x7b,0x09, 
	0x0b,0xdb,0x16,0xbd, 
	0x1c,0xf2,0xcb,0xfe, 
	0x16,0x2f,0x1d,0x42, 
	0xa1,0x20,0x90,0xa4, 
	0x93,0x6d,0x0a,0x0c, 
	0x54,0x46,0x22,0x00, 
	0xc0,0x20,0x00,0x82, 
	0x2e,0xbd,0x80,0x8b, 
	0x04,0x56,0x18,0x0f, 
	0x0c,0x0a,0xc6,0x13, 
	0x00,0x41,0xb3,0x7a, 
	0xa8,0x32,0xa5,0xf4, 
	0x05,0xbd,0x04,0x25, 
	0xd3,0x04,0xa5,0x7b, 
	0x05,0xcd,0x0a,0xdd, 
	0x0b,0xa5,0xe1,0x04, 
	0x4d,0x0a,0xa8,0x22, 
	0x2d,0x0b,0xe5,0xf7, 
	0x05,0xcd,0x07,0xd8, 
	0x51,0x65,0x1c,0x05, 
	0xd1,0xab,0x7a,0x0c, 
	0x0c,0xe5,0x1b,0x05, 
	0xdd,0x0b,0xcd,0x0a, 
	0xb1,0xa9,0x7a,0x0c, 
	0x0a,0x25,0x44,0x05, 
	0xdd,0x0b,0xcd,0x0a, 
	0xbd,0x02,0xad,0x04, 
	0x65,0x1a,0x05,0xd8, 
	0x31,0xc8,0x41,0x25, 
	0x1a,0x05,0xa5,0x71, 
	0x05,0xb1,0xa2,0x7a, 
	0xc1,0xa3,0x7a,0xb0, 
	0xba,0x10,0xc0,0x20, 
	0x00,0x92,0x23,0x81, 
	0xc0,0x99,0x10,0xb0, 
	0x99,0x20,0xc0,0x20, 
	0x00,0x92,0x63,0x81, 
	0x0c,0x02,0x1d,0xf0, 
	0x0c,0x24,0xc2,0xa3, 
	0x18,0x90,0xac,0x93, 
	0x6d,0x0a,0xe0,0x93, 
	0x44,0xb6,0xc9,0x02, 
	0xc6,0x24,0x00,0xe1, 
	0x98,0x7a,0x90,0xd9, 
	0x90,0xea,0xdd,0xa0, 
	0x0d,0x00,0x46,0x4f, 
	0x00,0x86,0x72,0x00, 
	0x46,0x70,0x00,0x06, 
	0x62,0x00,0xc6,0x59, 
	0x00,0x86,0x6c,0x00, 
	0x46,0x6a,0x00,0x06, 
	0x68,0x00,0xc6,0x65, 
	0x00,0x86,0x63,0x00, 
	0x46,0x61,0x00,0x06, 
	0x19,0x00,0x46,0x5e, 
	0x00,0x06,0x5c,0x00, 
	0xc6,0x59,0x00,0x86, 
	0x57,0x00,0x46,0x55, 
	0x00,0x06,0x53,0x00, 
	0xc6,0x50,0x00,0x86, 
	0x4e,0x00,0x46,0x4c, 
	0x00,0x06,0x4a,0x00, 
	0xc6,0x10,0x00,0x06, 
	0x47,0x00,0x46,0x0f, 
	0x00,0x06,0x44,0x00, 
	0xc6,0x41,0x00,0x86, 
	0x3f,0x00,0x46,0x3d, 
	0x00,0x86,0x0b,0x00, 
	0x46,0x3a,0x00,0x06, 
	0x0a,0x00,0x91,0x7e, 
	0x7a,0xc0,0x20,0x00, 
	0x92,0x29,0xa7,0x90, 
	0x90,0x25,0x16,0x39, 
	0xf0,0x0b,0xa9,0x16, 
	0x0a,0x0c,0xb2,0xc9, 
	0xfe,0x16,0x0b,0x0c, 
	0xc1,0x79,0x7a,0x41, 
	0x79,0x7a,0xd2,0xc9, 
	0xfd,0xd0,0x4c,0x83, 
	0x06,0xbb,0xff,0x51, 
	0x77,0x7a,0xa8,0x32, 
	0x40,0xaa,0x82,0xe5, 
	0xe7,0x05,0xa9,0x61, 
	0xb9,0x01,0xad,0x05, 
	0x25,0xe7,0x05,0x58, 
	0x61,0xd1,0x72,0x7a, 
	0x0c,0x0c,0xe5,0xcf, 
	0x04,0xcd,0x0a,0xdd, 
	0x0b,0xad,0x05,0xb8, 
	0x01,0xe5,0x0a,0x05, 
	0xa9,0x11,0xb9,0x21, 
	0xad,0x04,0x25,0xe6, 
	0x05,0x4d,0x0a,0x5d, 
	0x0b,0xad,0x06,0xe5, 
	0xe4,0x05,0xd1,0x6a, 
	0x7a,0x0c,0x0c,0xa5, 
	0xcd,0x04,0xdd,0x0b, 
	0xcd,0x0a,0xbd,0x05, 
	0xad,0x04,0xa5,0x08, 
	0x05,0x48,0x11,0x58, 
	0x21,0xd1,0x65,0x7a, 
	0x0c,0x0c,0x25,0xcc, 
	0x04,0xdd,0x0b,0xcd, 
	0x0a,0xbd,0x05,0xad, 
	0x04,0x25,0x30,0x05, 
	0x4d,0x0a,0xa8,0x22, 
	0x2d,0x0b,0xa5,0xe1, 
	0x05,0xcd,0x07,0xd8, 
	0x51,0x25,0x06,0x05, 
	0xdd,0x0b,0xcd,0x0a, 
	0xbd,0x02,0xad,0x04, 
	0x65,0x2e,0x05,0xd8, 
	0x31,0xc8,0x41,0x25, 
	0x05,0x05,0xa5,0x5c, 
	0x05,0x06,0xab,0xff, 
	0x0c,0x0a,0xc6,0xa9, 
	0xff,0x0c,0x34,0xc2, 
	0xa1,0xf8,0x90,0xac, 
	0x93,0x6d,0x0a,0xc6, 
	0xb0,0xff,0x0c,0x44, 
	0xd2,0xa1,0x8c,0x90, 
	0xad,0x93,0x6d,0x0a, 
	0x86,0xad,0xff,0x41, 
	0x50,0x7a,0x86,0x8e, 
	0xff,0x41,0x4f,0x7a, 
	0x06,0x8d,0xff,0x51, 
	0x4f,0x7a,0x06,0xd1, 
	0xff,0x51,0x4e,0x7a, 
	0x86,0xcf,0xff,0x51, 
	0x4e,0x7a,0x06,0xce, 
	0xff,0x51,0x4d,0x7a, 
	0x86,0xcc,0xff,0x51, 
	0x4d,0x7a,0x06,0xcb, 
	0xff,0x51,0x4c,0x7a, 
	0x86,0xc9,0xff,0x51, 
	0x4c,0x7a,0x06,0xc8, 
	0xff,0x51,0x4b,0x7a, 
	0x86,0xc6,0xff,0x51, 
	0x4b,0x7a,0x06,0xc5, 
	0xff,0x51,0x4a,0x7a, 
	0x86,0xc3,0xff,0x51, 
	0x4a,0x7a,0x06,0xc2, 
	0xff,0x51,0x49,0x7a, 
	0x86,0xc0,0xff,0x51, 
	0x49,0x7a,0x06,0xbf, 
	0xff,0x51,0x48,0x7a, 
	0x86,0xbd,0xff,0x51, 
	0x48,0x7a,0x06,0xbc, 
	0xff,0x51,0x47,0x7a, 
	0x86,0xba,0xff,0x51, 
	0x47,0x7a,0x06,0xb9, 
	0xff,0x51,0x46,0x7a, 
	0x86,0xb7,0xff,0x51, 
	0x46,0x7a,0x06,0xb6, 
	0xff,0x51,0x45,0x7a, 
	0x86,0xb4,0xff,0x51, 
	0x45,0x7a,0x06,0xb3, 
	0xff,0x51,0x44,0x7a, 
	0x86,0xb1,0xff,0x51, 
	0x44,0x7a,0x06,0xb0, 
	0xff,0x51,0x43,0x7a, 
	0x86,0xae,0xff,0x51, 
	0x43,0x7a,0x06,0xad, 
	0xff,0x00,0x00,0x00, 
	0x36,0x41,0x00,0xad, 
	0x02,0xa5,0x6c,0x03, 
	0xad,0x02,0x65,0x87, 
	0x03,0xa8,0x32,0xc2, 
	0xa0,0x61,0xa2,0x0a, 
	0x1c,0xd2,0xa0,0x60, 
	0xd7,0x1a,0x08,0xc7, 
	0x1a,0x05,0xb2,0xa0, 
	0x62,0xb7,0x9a,0x14, 
	0xb8,0x22,0xd7,0x9a, 
	0x2a,0x92,0xa0,0x7b, 
	0x92,0x4b,0x49,0xad, 
	0x02,0x0c,0x0c,0xc2, 
	0x4b,0x5f,0xa5,0xa3, 
	0x03,0xe5,0x06,0xff, 
	0xf1,0xc9,0x79,0xf8, 
	0x1f,0xf8,0x2f,0xa9, 
	0x1f,0xa9,0x0f,0x3c, 
	0xdd,0xe1,0xc8,0x79, 
	0xc0,0x20,0x00,0xd2, 
	0x6e,0xb4,0x1d,0xf0, 
	0xc7,0x9a,0xd7,0x1c, 
	0x19,0xc6,0xf3,0xff, 
	0x36,0x41,0x00,0x31, 
	0xd1,0x79,0xa8,0x32, 
	0x42,0xa0,0x61,0xa2, 
	0x0a,0x1c,0x2c,0x18, 
	0x87,0x1a,0x02,0x47, 
	0x9a,0x38,0xc0,0x20, 
	0x00,0x92,0x23,0xaa, 
	0xf7,0xf9,0x08,0xe7, 
	0xf9,0x05,0xf7,0xe9, 
	0x02,0xe7,0x69,0x0c, 
	0xa1,0xb7,0x79,0xa8, 
	0x1a,0xe5,0x0d,0xff, 
	0xa8,0x32,0xa2,0x0a, 
	0x1c,0x47,0x9a,0x16, 
	0x0c,0xfc,0xc0,0x20, 
	0x00,0xb2,0x23,0xb1, 
	0xb0,0xb8,0x35,0xc7, 
	0x9b,0x08,0xc1,0x19, 
	0x7a,0xc0,0x20,0x00, 
	0xc2,0x63,0x8c,0x0c, 
	0x02,0x1d,0xf0,0x00, 
	0x36,0x41,0x00,0xc1, 
	0xbd,0x79,0x71,0xf2, 
	0x79,0xb1,0xba,0x79, 
	0x61,0xaf,0x79,0xa1, 
	0x13,0x7a,0x81,0xaa, 
	0x79,0xc0,0x20,0x00, 
	0x52,0x28,0x94,0xc0, 
	0x20,0x00,0x50,0xd0, 
	0x75,0x91,0xc2,0x79, 
	0x42,0x28,0x95,0x90, 
	0x55,0x10,0x91,0x0d, 
	0x7a,0xd0,0x55,0x20, 
	0x9a,0x55,0xf6,0xb5, 
	0x42,0xe1,0x0b,0x7a, 
	0x50,0xd5,0x90,0xea, 
	0xdd,0xa0,0x0d,0x00, 
	0x06,0x0b,0x00,0xc6, 
	0x8e,0x00,0xc6,0x83, 
	0x00,0x86,0x7c,0x00, 
	0x86,0x77,0x00,0x06, 
	0x70,0x00,0x86,0x08, 
	0x00,0xc6,0x07,0x00, 
	0xc6,0x6b,0x00,0x46, 
	0x51,0x00,0x46,0x47, 
	0x00,0xc6,0x3b,0x00, 
	0xc6,0x31,0x00,0x46, 
	0x06,0x00,0x86,0x1e, 
	0x00,0x86,0x0d,0x00, 
	0x38,0x32,0x40,0xf0, 
	0x34,0xf2,0x43,0x1e, 
	0x2c,0x99,0xc0,0x20, 
	0x00,0x92,0x68,0xb4, 
	0x0c,0x02,0x1d,0xf0, 
	0xb8,0x32,0x40,0xa0, 
	0x34,0xa2,0x4b,0x18, 
	0xa2,0xca,0xfb,0x56, 
	0xfa,0x23,0xd1,0xf5, 
	0x79,0xc0,0x20,0x00, 
	0xc2,0x27,0x94,0xd0, 
	0xcc,0x20,0xc0,0x20, 
	0x00,0xc2,0x67,0x94, 
	0x06,0xf4,0xff,0x40, 
	0xf0,0x24,0x40,0x53, 
	0x04,0x40,0x74,0x04, 
	0x40,0x95,0x04,0x40, 
	0xa6,0x04,0x38,0x32, 
	0x40,0xb7,0x04,0xb2, 
	0x43,0x33,0xa2,0x43, 
	0x34,0x92,0x43,0x30, 
	0x72,0x43,0x31,0x52, 
	0x43,0x32,0xf2,0x43, 
	0x35,0x40,0xe0,0x74, 
	0xc0,0x20,0x00,0xf2, 
	0x26,0x82,0x80,0xee, 
	0x01,0xc0,0xff,0x10, 
	0xf0,0xee,0x20,0xc0, 
	0x20,0x00,0xe2,0x66, 
	0x82,0xc6,0xe3,0xff, 
	0x40,0x30,0x04,0xc8, 
	0x32,0x40,0x51,0x04, 
	0x52,0x4c,0x2e,0x32, 
	0x4c,0x2d,0xd1,0x79, 
	0x79,0xc0,0x20,0x00, 
	0xf2,0x2d,0x40,0xe2, 
	0x0c,0x2d,0xa0,0xff, 
	0x10,0x00,0xee,0x11, 
	0xf0,0xee,0x20,0xc0, 
	0x20,0x00,0xe2,0x6d, 
	0x40,0xf1,0xd6,0x79, 
	0xc0,0x20,0x00,0xe2, 
	0x2d,0x41,0xc2,0x0c, 
	0x2e,0xf0,0xee,0x10, 
	0xa0,0xcc,0x01,0xe0, 
	0xcc,0x20,0xc0,0x20, 
	0x00,0xc2,0x6d,0x41, 
	0x06,0xd2,0xff,0x40, 
	0xb0,0x74,0x61,0x89, 
	0x79,0x40,0xa8,0x74, 
	0x40,0x90,0x75,0x00, 
	0x99,0x11,0x80,0xaa, 
	0x11,0x60,0x64,0x10, 
	0xb0,0xaa,0x20,0x90, 
	0x66,0x20,0x98,0x32, 
	0xa0,0x66,0x20,0x69, 
	0x19,0xc6,0xc8,0xff, 
	0xc8,0x32,0x40,0xbc, 
	0x35,0x40,0xf0,0x74, 
	0x40,0xe8,0x74,0x40, 
	0xd8,0x35,0x80,0xdd, 
	0x01,0x80,0xee,0x11, 
	0xf0,0xee,0x20,0xb2, 
	0x4c,0x27,0x40,0xf0, 
	0x75,0x00,0xff,0x11, 
	0xf0,0xdd,0x20,0xe0, 
	0xdd,0x20,0xd9,0x2c, 
	0x06,0xbe,0xff,0x40, 
	0x60,0x74,0xf1,0x75, 
	0x79,0x40,0x58,0x74, 
	0x40,0x30,0x75,0x00, 
	0x33,0x11,0x80,0x55, 
	0x11,0xf0,0xf4,0x10, 
	0x60,0x55,0x20,0x30, 
	0xff,0x20,0x38,0x32, 
	0x50,0xff,0x20,0xf9, 
	0x03,0xc6,0xb4,0xff, 
	0x40,0x38,0x41,0x40, 
	0x50,0x14,0x40,0x92, 
	0x04,0x40,0xa3,0x04, 
	0x78,0x32,0x40,0xb4, 
	0x34,0xb2,0x47,0x1d, 
	0xa2,0x47,0x1b,0x92, 
	0x47,0x1a,0x52,0x47, 
	0x19,0x32,0x47,0x1c, 
	0xc0,0x20,0x00,0xf2, 
	0x26,0x81,0xe2,0x07, 
	0x1c,0xc0,0xff,0x10, 
	0x80,0xee,0x01,0xf0, 
	0xee,0x20,0xc0,0x20, 
	0x00,0xe2,0x66,0x81, 
	0xd1,0xa5,0x79,0xc0, 
	0x20,0x00,0x92,0x07, 
	0x1a,0xb2,0x26,0x90, 
	0xa2,0x07,0x1b,0xd0, 
	0xbb,0x10,0x50,0xaa, 
	0x01,0x60,0x99,0x01, 
	0xb0,0xaa,0x20,0xa0, 
	0x99,0x20,0xc0,0x20, 
	0x00,0x92,0x66,0x90, 
	0x98,0x02,0x72,0x07, 
	0x1c,0x72,0x49,0x02, 
	0x06,0x9b,0xff,0xc8, 
	0x32,0x42,0x4c,0x2f, 
	0x06,0x99,0xff,0xc0, 
	0x20,0x00,0xe2,0x26, 
	0x9a,0x40,0xd0,0x04, 
	0x00,0xdd,0x11,0xa0, 
	0xee,0x10,0xe0,0xdd, 
	0x20,0xc0,0x20,0x00, 
	0xd2,0x66,0x9a,0x46, 
	0x92,0xff,0x40,0xe0, 
	0x04,0xf8,0x32,0x40, 
	0x34,0x34,0x32,0x4f, 
	0x2b,0xe2,0x4f,0x2c, 
	0x06,0x8e,0xff,0x40, 
	0x90,0x04,0x7c,0xea, 
	0xc0,0x20,0x00,0x52, 
	0x27,0x80,0xa0,0x55, 
	0x10,0x90,0x55,0x20, 
	0xc0,0x20,0x00,0x52, 
	0x67,0x80,0x86,0x87, 
	0xff,0x40,0xf0,0x04, 
	0x38,0x32,0x40,0x57, 
	0x04,0x52,0x43,0x28, 
	0xf2,0x43,0x2a,0x40, 
	0xc0,0x74,0xe2,0xaf, 
	0x7e,0xc0,0x20,0x00, 
	0xd2,0x2b,0x80,0xe0, 
	0xdd,0x10,0xd0,0xcc, 
	0x20,0xc0,0x20,0x00, 
	0xc2,0x6b,0x80,0x46, 
	0x7d,0xff,0x40,0x70, 
	0x04,0x40,0xa1,0x04, 
	0x40,0xc2,0x04,0x40, 
	0xd3,0x04,0x40,0xe4, 
	0x04,0x40,0xf5,0x04, 
	0x40,0x36,0x04,0x98, 
	0x32,0x40,0x57,0x04, 
	0x52,0x49,0x1f,0x32, 
	0x49,0x20,0xf2,0x49, 
	0x21,0xe2,0x49,0x22, 
	0xd2,0x49,0x23,0xc2, 
	0x49,0x24,0xa2,0x49, 
	0x25,0x72,0x49,0x26, 
	0x40,0x60,0x74,0x91, 
	0x6f,0x79,0xc0,0x20, 
	0x00,0x72,0x2b,0x80, 
	0x80,0x66,0x11,0x90, 
	0x77,0x10,0x70,0x66, 
	0x20,0xc0,0x20,0x00, 
	0x62,0x6b,0x80,0x46, 
	0x69,0xff,0xa1,0x69, 
	0x79,0xc0,0x20,0x00, 
	0x92,0x27,0x94,0xa0, 
	0x99,0x10,0xc0,0x20, 
	0x00,0x92,0x67,0x94, 
	0x06,0x64,0xff,0x00, 
	0x36,0xc1,0x02,0x0c, 
	0x33,0x0c,0x17,0x41, 
	0xf6,0x78,0x58,0x22, 
	0x0c,0x6f,0xc1,0x61, 
	0x79,0xb2,0xa0,0x80, 
	0x0c,0x5e,0x2c,0x09, 
	0x0c,0x2d,0x4c,0x0a, 
	0xa2,0x61,0x41,0xd2, 
	0x61,0x48,0x92,0x61, 
	0x39,0xe2,0x61,0x3a, 
	0xb2,0x61,0x3b,0xc2, 
	0x61,0x3c,0xf2,0x61, 
	0x40,0x1c,0x0c,0x0c, 
	0x4f,0xb1,0x58,0x79, 
	0xe1,0x0e,0x79,0x91, 
	0x03,0x79,0x82,0x05, 
	0x46,0x0c,0x0d,0xd2, 
	0x61,0x3d,0x82,0x61, 
	0x3e,0x0b,0x88,0x56, 
	0x28,0x0a,0xa1,0x53, 
	0x79,0xc0,0x20,0x00, 
	0x82,0x24,0x80,0xa0, 
	0x88,0x10,0xc0,0x20, 
	0x00,0x82,0x64,0x80, 
	0xc0,0x20,0x00,0x62, 
	0x24,0x81,0xe0,0x66, 
	0x10,0xc0,0x20,0x00, 
	0x62,0x64,0x81,0xa1, 
	0xe7,0x78,0x81,0xec, 
	0x78,0xc0,0x20,0x00, 
	0x68,0x32,0x82,0x6a, 
	0x8c,0x82,0x06,0x2f, 
	0x82,0xc8,0xd0,0x56, 
	0x58,0x63,0xe1,0x46, 
	0x79,0xc0,0x20,0x00, 
	0x81,0x40,0x79,0xd2, 
	0x24,0x89,0x80,0xdd, 
	0x10,0xe0,0xdd,0x20, 
	0xc0,0x20,0x00,0xc8, 
	0x72,0xd2,0x64,0x89, 
	0x9a,0xcc,0xc2,0x0c, 
	0xb2,0xf2,0x61,0x1d, 
	0x56,0x3c,0x0e,0xa2, 
	0x25,0x9f,0x91,0x3d, 
	0x79,0xf2,0x61,0x1d, 
	0xa7,0xb9,0x02,0x06, 
	0x35,0x00,0xa2,0xa0, 
	0xc0,0xc0,0x20,0x00, 
	0x91,0xde,0x78,0x88, 
	0x79,0xc2,0xaf,0x00, 
	0xc0,0x88,0x10,0xa0, 
	0x88,0x20,0xc0,0x20, 
	0x00,0x89,0x79,0xd1, 
	0x35,0x79,0xc0,0x20, 
	0x00,0xe1,0x2c,0x79, 
	0xc2,0x24,0x82,0xe0, 
	0xcc,0x10,0xd0,0xcc, 
	0x20,0xc0,0x20,0x00, 
	0xc2,0x64,0x82,0xf2, 
	0x61,0x1d,0x46,0x27, 
	0x00,0x82,0x21,0x3e, 
	0x82,0xc8,0xfe,0x56, 
	0x48,0x0e,0x82,0x05, 
	0x5f,0x61,0x2b,0x79, 
	0xcc,0xd8,0xc0,0x20, 
	0x00,0x82,0x24,0x89, 
	0x60,0x88,0x10,0xc0, 
	0x20,0x00,0x82,0x64, 
	0x89,0x0c,0x08,0x82, 
	0x61,0x34,0x81,0x26, 
	0x79,0x82,0x61,0x33, 
	0xc0,0x20,0x00,0x82, 
	0x24,0xa7,0x32,0x61, 
	0x45,0x80,0x8f,0x05, 
	0x16,0x78,0x0b,0x38, 
	0x72,0x9a,0x83,0x72, 
	0x48,0xb0,0x82,0x05, 
	0x5f,0x16,0x48,0x28, 
	0x22,0x61,0x4c,0xc0, 
	0x20,0x00,0x22,0x24, 
	0x89,0x20,0x25,0x05, 
	0xc0,0x20,0x00,0xba, 
	0x83,0x82,0x61,0x28, 
	0xa2,0x08,0xf4,0xa2, 
	0x61,0x31,0x81,0xb8, 
	0x78,0xa1,0x17,0x79, 
	0xc2,0x61,0x4b,0x20, 
	0xa8,0x93,0x22,0x24, 
	0xa8,0xf2,0x61,0x1d, 
	0x20,0x22,0xd5,0x22, 
	0x61,0x2e,0x22,0x21, 
	0x4c,0x46,0x30,0x00, 
	0xc0,0x20,0x00,0xc1, 
	0xba,0x78,0x92,0x24, 
	0x86,0xc0,0x99,0x10, 
	0xc0,0x20,0x00,0x92, 
	0x64,0x86,0x72,0x4a, 
	0xf8,0x88,0x72,0xf2, 
	0x61,0x1d,0xba,0x88, 
	0xd2,0x48,0xf4,0xe1, 
	0x0a,0x79,0xc0,0x20, 
	0x00,0xd2,0x24,0x89, 
	0xe0,0xdd,0x20,0xc0, 
	0x20,0x00,0xd2,0x64, 
	0x89,0xa2,0x25,0x9f, 
	0x65,0x7f,0x05,0x32, 
	0x21,0x3d,0x42,0x21, 
	0x3c,0xdd,0x0b,0xcd, 
	0x0a,0xb1,0x02,0x79, 
	0x0c,0x0a,0x65,0xcc, 
	0x04,0xdd,0x04,0xcd, 
	0x03,0xe5,0xa2,0x04, 
	0x65,0xfa,0x04,0xa9, 
	0x75,0xf2,0x21,0x48, 
	0xf2,0x45,0x46,0x65, 
	0xb4,0xfe,0x88,0x22, 
	0x92,0x21,0x1d,0x92, 
	0x48,0x61,0xa9,0xd8, 
	0x65,0xb3,0xfe,0xb8, 
	0x22,0xa9,0xeb,0x0c, 
	0x02,0x1d,0xf0,0xa8, 
	0x32,0xa2,0x0a,0x1c, 
	0x82,0xca,0xa0,0x56, 
	0x68,0x0e,0xa8,0x42, 
	0xc2,0x61,0x4b,0xf2, 
	0x61,0x1d,0xd2,0x4a, 
	0x1a,0x65,0xb1,0xfe, 
	0x58,0x22,0x32,0x61, 
	0x45,0xc8,0xd5,0xd8, 
	0x75,0xc0,0xca,0xc0, 
	0xd7,0xbc,0x0a,0x72, 
	0x45,0x47,0xd8,0x02, 
	0x72,0x4d,0x01,0x06, 
	0xf2,0xff,0x91,0xe0, 
	0x78,0x38,0x72,0x9a, 
	0x93,0xe2,0x09,0xf4, 
	0xe2,0x61,0x31,0x0b, 
	0xee,0x56,0x5e,0x50, 
	0x0c,0x0a,0x92,0x61, 
	0x28,0x0c,0x0c,0xc2, 
	0x61,0x2e,0x68,0x32, 
	0x0c,0x0d,0xe1,0x8b, 
	0x78,0xe2,0x61,0x35, 
	0xd2,0x61,0x36,0xa5, 
	0x76,0x05,0xa2,0x61, 
	0x38,0xb2,0x61,0x37, 
	0xa2,0x21,0x2e,0xe5, 
	0x75,0x05,0xd2,0x21, 
	0x35,0xc2,0x21,0x36, 
	0xf2,0xa1,0x80,0xb2, 
	0x61,0x2b,0xa2,0x61, 
	0x2c,0xb2,0x21,0x37, 
	0xa2,0x21,0x38,0xfa, 
	0xf5,0xf2,0x61,0x3f, 
	0x25,0x98,0x04,0xd2, 
	0x21,0x2b,0xc2,0x21, 
	0x2c,0x25,0x71,0x04, 
	0xa2,0x61,0x30,0x82, 
	0x21,0x31,0xb2,0x61, 
	0x2f,0x66,0x18,0x65, 
	0xa8,0x26,0xb2,0x21, 
	0x3f,0xc2,0x21,0x28, 
	0xb2,0x0b,0xf8,0xc2, 
	0x0c,0xf5,0xc2,0x61, 
	0x22,0xb0,0xaa,0xc2, 
	0x65,0x70,0x05,0xd2, 
	0x21,0x2f,0xc2,0x21, 
	0x30,0xe5,0x94,0x04, 
	0xd2,0x21,0x37,0xc2, 
	0x21,0x38,0x65,0xbd, 
	0x04,0xd2,0x21,0x35, 
	0xc2,0x21,0x36,0x25, 
	0x58,0x04,0x65,0xeb, 
	0x04,0xf2,0x21,0x1d, 
	0x82,0x21,0x22,0xe2, 
	0x21,0x28,0x30,0x88, 
	0xa0,0x82,0xd8,0x15, 
	0xa2,0x68,0x10,0xd2, 
	0x0e,0xf5,0xc2,0x21, 
	0x4b,0x1b,0xdd,0xd2, 
	0x4e,0xf5,0x46,0x10, 
	0x00,0xc2,0x61,0x4b, 
	0xf2,0x61,0x1d,0x82, 
	0xca,0x9f,0x56,0x78, 
	0xf1,0xa8,0x52,0x46, 
	0xc2,0xff,0x92,0x21, 
	0x3f,0x72,0x49,0xf8, 
	0xa8,0x26,0xe5,0x6a, 
	0x05,0xd2,0x21,0x2f, 
	0xc2,0x21,0x30,0x65, 
	0x8f,0x04,0xd2,0x21, 
	0x37,0xc2,0x21,0x38, 
	0xa5,0xb7,0x04,0xd2, 
	0x21,0x35,0xc2,0x21, 
	0x36,0x65,0x52,0x04, 
	0xa5,0xe5,0x04,0xf2, 
	0x21,0x1d,0xc2,0x21, 
	0x4b,0xa9,0x36,0xb1, 
	0xa0,0x78,0xe2,0x06, 
	0x2f,0x72,0x61,0x1c, 
	0xe2,0xce,0xd0,0x56, 
	0x1e,0x0a,0xa2,0x21, 
	0x3f,0x78,0x36,0xa2, 
	0x0a,0xf3,0xb1,0xa4, 
	0x78,0x70,0xaa,0x82, 
	0x65,0x66,0x05,0x61, 
	0xa2,0x78,0xd2,0x21, 
	0x33,0xc2,0x21,0x34, 
	0xa5,0xb3,0x04,0x65, 
	0xe2,0x04,0xb2,0x21, 
	0x3f,0xb2,0x0b,0xf4, 
	0xa2,0x61,0x29,0x70, 
	0xab,0x82,0xa5,0x64, 
	0x05,0xd2,0x21,0x33, 
	0xc2,0x21,0x34,0x25, 
	0xb2,0x04,0xa5,0xe0, 
	0x04,0xb1,0x39,0x78, 
	0xba,0xb3,0xc2,0x0b, 
	0xb2,0xe2,0x21,0x29, 
	0x56,0x1c,0x55,0xc2, 
	0xd3,0x13,0xc2,0x61, 
	0x42,0xd2,0x1c,0x9a, 
	0xc2,0x1c,0x9b,0xd7, 
	0xac,0x02,0x46,0xed, 
	0x01,0x77,0xb6,0x02, 
	0x06,0x08,0x02,0x70, 
	0x91,0x41,0xd2,0xd3, 
	0x0a,0xf2,0x2d,0xf0, 
	0xc2,0x2d,0xf4,0x82, 
	0x2d,0xf1,0xc0,0xc1, 
	0x41,0xca,0x88,0xf0, 
	0x88,0xc0,0x97,0x38, 
	0x02,0xc6,0x0d,0x02, 
	0x82,0x21,0x45,0xc2, 
	0x21,0x1c,0x92,0xd3, 
	0x14,0xc2,0x4b,0xb5, 
	0xf9,0xc9,0x0c,0x39, 
	0x72,0x6d,0xf6,0x82, 
	0x4b,0xa9,0x86,0xed, 
	0x01,0x68,0x32,0xd2, 
	0x06,0x2f,0xd2,0xcd, 
	0xd0,0x16,0x6d,0xe1, 
	0xba,0xa3,0x92,0x0a, 
	0xf4,0x72,0x61,0x1c, 
	0xfc,0x99,0xe8,0x26, 
	0xb2,0xa1,0x80,0x78, 
	0x36,0xba,0xb5,0xe0, 
	0x87,0x11,0xe7,0xb8, 
	0x02,0xc6,0x26,0x01, 
	0x0c,0x0c,0xc2,0x4b, 
	0xf7,0x72,0x21,0x1c, 
	0x72,0x4b,0xf8,0xc0, 
	0x20,0x00,0xf1,0x1a, 
	0x78,0xd2,0x0b,0xf7, 
	0xe2,0x24,0x86,0x40, 
	0xdd,0x11,0xf0,0xee, 
	0x10,0xe0,0xdd,0x20, 
	0xc0,0x20,0x00,0xd2, 
	0x64,0x86,0x92,0x0a, 
	0xf4,0xe1,0x00,0x78, 
	0x0c,0x08,0xc1,0x6c, 
	0x78,0x0b,0xf9,0xc2, 
	0x61,0x46,0x82,0x61, 
	0x47,0x56,0x5f,0x14, 
	0xa2,0x61,0x28,0x0c, 
	0x08,0xd2,0xd3,0x13, 
	0xf1,0x2a,0x78,0xf2, 
	0x61,0x43,0xd2,0x61, 
	0x42,0xf2,0x0a,0xf5, 
	0xd2,0x1d,0x9e,0x82, 
	0x61,0x44,0xf7,0x3d, 
	0x02,0x86,0xf5,0x00, 
	0xad,0x01,0xb1,0x61, 
	0x78,0x5c,0x0c,0xa5, 
	0x5d,0x05,0xa2,0xc1, 
	0x50,0xb1,0x5f,0x78, 
	0x1c,0x4c,0xe5,0x5c, 
	0x05,0xc2,0x21,0x28, 
	0x82,0x21,0x42,0x0c, 
	0x09,0x82,0x18,0x9e, 
	0x82,0x61,0x21,0x92, 
	0x4c,0xf4,0x16,0xc8, 
	0x5d,0xa2,0x25,0x9f, 
	0xa2,0x61,0x2a,0xa0, 
	0xaa,0xa0,0xa5,0x52, 
	0x05,0xd2,0x21,0x33, 
	0xc2,0x21,0x34,0x25, 
	0xa0,0x04,0xa5,0xce, 
	0x04,0xf2,0x21,0x21, 
	0x0c,0x0e,0xc2,0x21, 
	0x2a,0x0c,0x0b,0xa0, 
	0xdc,0xc0,0xaa,0xcc, 
	0x30,0xae,0xa0,0xa2, 
	0xda,0x15,0xa2,0x2a, 
	0x10,0xa7,0xbd,0x0f, 
	0xc7,0xba,0x0c,0x82, 
	0xc1,0x50,0x8a,0x8b, 
	0xe2,0x48,0x00,0x1b, 
	0xbb,0xb0,0xb0,0x74, 
	0x1b,0xee,0xe0,0xe0, 
	0x74,0xf7,0x3e,0xdb, 
	0x06,0x64,0x01,0xf2, 
	0xcb,0xfe,0x56,0xef, 
	0x4a,0xa2,0x01,0x50, 
	0xb1,0x44,0x78,0x3a, 
	0xaa,0xba,0xaa,0xa2, 
	0x0a,0xd8,0x30,0xaa, 
	0xa0,0xa2,0xda,0x11, 
	0xa8,0x1a,0x65,0x4d, 
	0x05,0xd2,0x21,0x43, 
	0xc2,0x21,0x44,0x25, 
	0x71,0x04,0xd2,0x21, 
	0x46,0xc2,0x21,0x47, 
	0x65,0x70,0x04,0x65, 
	0xc3,0x04,0xb2,0x01, 
	0x51,0xc1,0x38,0x78, 
	0x3a,0xbb,0xca,0xbb, 
	0xb2,0x0b,0xd8,0xa2, 
	0x61,0x1f,0x30,0xab, 
	0xa0,0xa2,0xda,0x11, 
	0xa8,0x1a,0x65,0x4a, 
	0x05,0xd2,0x21,0x43, 
	0xc2,0x21,0x44,0x25, 
	0x6e,0x04,0xd2,0x21, 
	0x46,0xc2,0x21,0x47, 
	0x65,0x6d,0x04,0x65, 
	0xc0,0x04,0xe2,0x21, 
	0x1f,0x16,0xee,0x6c, 
	0x16,0xba,0x6c,0xb2, 
	0xd3,0x12,0xe7,0x3a, 
	0x02,0xc6,0xae,0x01, 
	0x9d,0x0a,0xa2,0x6b, 
	0x89,0xc0,0x20,0x00, 
	0xf1,0xcf,0x77,0xe1, 
	0xb6,0x77,0xd2,0x24, 
	0x80,0xe0,0xc9,0x10, 
	0xf0,0xdd,0x10,0xd0, 
	0xcc,0x20,0xc0,0x20, 
	0x00,0xc2,0x64,0x80, 
	0xc0,0x20,0x00,0x81, 
	0x17,0x78,0xf2,0x24, 
	0x89,0x80,0xff,0x10, 
	0xc0,0x20,0x00,0xf2, 
	0x64,0x89,0xd2,0x21, 
	0x28,0x0c,0x0c,0xc2, 
	0x4d,0xf5,0x32,0x21, 
	0x45,0x98,0x26,0xa2, 
	0x25,0x9f,0xb2,0xa1, 
	0x80,0xba,0xb5,0xf2, 
	0x0b,0xf8,0xa0,0x8a, 
	0x90,0xf0,0x99,0xc2, 
	0x97,0xb8,0x46,0xc2, 
	0xa4,0x4c,0xa7,0x3c, 
	0x40,0x82,0xa2,0x80, 
	0x8a,0x85,0xf2,0x08, 
	0x04,0x82,0x08,0x05, 
	0xf2,0x4b,0xf7,0x82, 
	0x4b,0xf8,0xc0,0x20, 
	0x00,0xc1,0xa7,0x77, 
	0x98,0x7c,0x7c,0x7d, 
	0xd0,0x99,0x10,0xc0, 
	0x20,0x00,0x99,0x7c, 
	0xc0,0x20,0x00,0x81, 
	0xac,0x77,0xd2,0x0b, 
	0xf7,0xf2,0x24,0x86, 
	0x40,0xdd,0x11,0x80, 
	0xff,0x10,0xf0,0xdd, 
	0x20,0xc0,0x20,0x00, 
	0xd2,0x64,0x86,0xf2, 
	0x0b,0xf8,0xa8,0x36, 
	0xf0,0xaa,0x82,0x51, 
	0xf8,0x77,0x16,0x6a, 
	0x04,0xa5,0x3c,0x05, 
	0xa2,0x61,0x25,0xb2, 
	0x61,0x24,0xa8,0x26, 
	0xe5,0x3b,0x05,0xa2, 
	0x61,0x27,0xb2,0x61, 
	0x26,0xd2,0x21,0x24, 
	0xc2,0x21,0x25,0xbd, 
	0x0d,0xad,0x0c,0x25, 
	0x24,0x04,0xdd,0x0b, 
	0xcd,0x0a,0xb2,0x21, 
	0x26,0xa2,0x21,0x27, 
	0xe5,0x87,0x04,0xd1, 
	0xf5,0x77,0x0c,0x0c, 
	0xa5,0x22,0x04,0xd2, 
	0x21,0x46,0xc2,0x21, 
	0x47,0xe5,0x5d,0x04, 
	0x65,0xb5,0x04,0xa9, 
	0x46,0x46,0x00,0x00, 
	0xa8,0x46,0xd1,0x7d, 
	0x77,0xd0,0xda,0x10, 
	0xc0,0x20,0x00,0xe1, 
	0x93,0x77,0xc2,0x24, 
	0x81,0xe0,0xcc,0x10, 
	0xd0,0xcc,0x20,0xc0, 
	0x20,0x00,0xc2,0x64, 
	0x81,0xc0,0x20,0x00, 
	0xb2,0x24,0x89,0x50, 
	0xbb,0x10,0xc0,0x20, 
	0x00,0xb2,0x64,0x89, 
	0xa5,0x6c,0xfe,0x58, 
	0x22,0x42,0xa0,0x61, 
	0x88,0xd5,0xf8,0x75, 
	0x80,0xea,0xc0,0xf7, 
	0xbe,0x25,0xa8,0x32, 
	0xa2,0x0a,0x1c,0x92, 
	0xca,0xa0,0x56,0x19, 
	0x18,0x98,0x42,0x72, 
	0x49,0x1a,0xd8,0x02, 
	0xc2,0x21,0x48,0xc2, 
	0x4d,0x01,0x25,0x6a, 
	0xfe,0x58,0x22,0xe8, 
	0xd5,0xf8,0x12,0xe0, 
	0xea,0xc0,0xe9,0x1f, 
	0x72,0x45,0x47,0x32, 
	0x45,0x46,0x68,0x32, 
	0xa2,0x06,0x1c,0xf2, 
	0xa0,0x60,0xf7,0x1a, 
	0x05,0x40,0x8a,0xc0, 
	0x56,0xb8,0xb4,0xa8, 
	0x36,0x16,0x6a,0xb4, 
	0x25,0x30,0x05,0x22, 
	0x21,0x3c,0x32,0x21, 
	0x3d,0xdd,0x0b,0xcd, 
	0x0a,0xb1,0xcc,0x77, 
	0x0c,0x0a,0x25,0x7d, 
	0x04,0xdd,0x02,0xcd, 
	0x03,0xa5,0x53,0x04, 
	0x25,0xab,0x04,0xa9, 
	0x85,0x86,0xc8,0xfe, 
	0x92,0xa7,0xcf,0xa2, 
	0xa1,0x80,0xe8,0x36, 
	0xaa,0xa5,0xe7,0xb9, 
	0x02,0xc6,0xa8,0xfe, 
	0x72,0x45,0x5f,0x98, 
	0x72,0xba,0x99,0x72, 
	0x49,0xf4,0xb2,0x25, 
	0x9f,0xe8,0x26,0xe0, 
	0x8b,0x11,0xe7,0xb8, 
	0x02,0x46,0x42,0x00, 
	0xd2,0x4a,0xf7,0x72, 
	0x4a,0xf8,0x82,0x0a, 
	0xf8,0xb2,0x0a,0xf7, 
	0x92,0xa2,0x80,0x9a, 
	0x95,0xb2,0x49,0x04, 
	0x82,0x49,0x05,0xb2, 
	0x25,0x9f,0x80,0x8e, 
	0xc2,0xb0,0xdb,0x90, 
	0x87,0x3d,0x02,0x46, 
	0x29,0x00,0xd2,0xa4, 
	0x4c,0xb7,0xbd,0x02, 
	0x06,0x27,0x00,0xf2, 
	0x4a,0xf7,0xc2,0x4a, 
	0xf8,0xc0,0x20,0x00, 
	0x81,0x47,0x77,0xe8, 
	0x78,0x0c,0x89,0x90, 
	0xee,0x20,0xc0,0x20, 
	0x00,0xe9,0x78,0xc6, 
	0x24,0x00,0x0c,0x0d, 
	0xd2,0x45,0x47,0xd2, 
	0x45,0x46,0xc8,0x02, 
	0xb2,0x21,0x45,0xb2, 
	0x4c,0x01,0xa8,0x32, 
	0xa2,0x0a,0x2f,0x3c, 
	0x0b,0xb7,0x9a,0x55, 
	0xf1,0x40,0x77,0xe2, 
	0x21,0x45,0xfa,0xf3, 
	0xe2,0x4f,0xa9,0xc0, 
	0x20,0x00,0x91,0x8d, 
	0x77,0xd2,0x24,0x89, 
	0xe1,0x48,0x77,0x90, 
	0xdd,0x10,0xe0,0xdd, 
	0x20,0xc0,0x20,0x00, 
	0xd2,0x64,0x89,0xc0, 
	0x20,0x00,0xb1,0x32, 
	0x77,0xa8,0x7b,0xc2, 
	0xaf,0x00,0xc0,0xaa, 
	0x10,0xc0,0x20,0x00, 
	0xa9,0x7b,0xc0,0x20, 
	0x00,0x82,0x24,0x82, 
	0x90,0x88,0x10,0x91, 
	0x95,0x77,0x90,0x88, 
	0x20,0xc0,0x20,0x00, 
	0xf2,0xd3,0x13,0xe2, 
	0x1f,0x9b,0x82,0x64, 
	0x82,0x1b,0xee,0xe2, 
	0x5f,0x9b,0xc0,0x20, 
	0x00,0x82,0x24,0x89, 
	0x60,0x88,0x10,0xc0, 
	0x20,0x00,0x82,0x64, 
	0x89,0x86,0x8b,0xfe, 
	0xc0,0x20,0x00,0xc1, 
	0x21,0x77,0x98,0x7c, 
	0x7c,0x7d,0xd0,0x99, 
	0x10,0xc0,0x20,0x00, 
	0x99,0x7c,0xc0,0x20, 
	0x00,0x91,0x25,0x77, 
	0xe2,0x0a,0xf7,0x82, 
	0x24,0x86,0x40,0xee, 
	0x11,0x90,0x88,0x10, 
	0x80,0xee,0x20,0xc0, 
	0x20,0x00,0xe2,0x64, 
	0x86,0xf2,0x61,0x1d, 
	0xc6,0x6a,0xfe,0xc2, 
	0xca,0x9f,0x56,0x4c, 
	0xe8,0x98,0x52,0x06, 
	0x9d,0xff,0x62,0x21, 
	0x39,0xd2,0x21,0x3a, 
	0xd0,0x8b,0x11,0xe7, 
	0x38,0x08,0x72,0x4a, 
	0xf7,0x72,0x21,0x48, 
	0xc6,0xb8,0xff,0xc0, 
	0x9b,0x11,0xe7,0xb9, 
	0x02,0x06,0x22,0x00, 
	0x7d,0x0f,0xd2,0x21, 
	0x48,0xd2,0x4a,0xf7, 
	0xc6,0xb3,0xff,0x72, 
	0x45,0x47,0x72,0x45, 
	0x46,0x88,0x26,0x21, 
	0x63,0x77,0xac,0xe8, 
	0xb1,0x6b,0x77,0xfa, 
	0xa3,0xba,0xaa,0xa2, 
	0x0a,0xd8,0x30,0xaa, 
	0xa0,0xa2,0xda,0x11, 
	0xa8,0x1a,0x25,0x17, 
	0x05,0xd2,0x21,0x43, 
	0xc2,0x21,0x44,0xe5, 
	0x3a,0x04,0xd2,0x21, 
	0x46,0xc2,0x21,0x47, 
	0x25,0x3a,0x04,0x25, 
	0x8d,0x04,0xe1,0xf0, 
	0x76,0x46,0x00,0x00, 
	0x0c,0x0a,0xc0,0x20, 
	0x00,0x81,0x05,0x77, 
	0xf2,0x24,0x80,0xe0, 
	0xda,0x10,0x80,0xff, 
	0x10,0xf0,0xdd,0x20, 
	0xc0,0x20,0x00,0xd2, 
	0x64,0x80,0xc0,0x20, 
	0x00,0xc2,0x24,0x89, 
	0x20,0xcc,0x10,0xc0, 
	0x20,0x00,0xc2,0x64, 
	0x89,0x86,0x57,0xfe, 
	0xd0,0x97,0x11,0xe7, 
	0x39,0x22,0xc2,0x21, 
	0x48,0x72,0x21,0x1c, 
	0x72,0x4b,0xf7,0xc2, 
	0x4b,0xf8,0x46,0xd6, 
	0xfe,0xb0,0x8b,0x11, 
	0xe7,0xb8,0x02,0x46, 
	0x2e,0x00,0x0c,0x89, 
	0x92,0x4a,0xf8,0x32, 
	0x4a,0xf7,0x06,0x90, 
	0xff,0xc0,0xd7,0x11, 
	0xe7,0xbd,0x02,0x46, 
	0x4a,0x00,0x72,0x21, 
	0x1c,0xe2,0x21,0x48, 
	0xe2,0x4b,0xf7,0xf2, 
	0x4b,0xf8,0x46,0xcb, 
	0xfe,0x77,0xb6,0x1c, 
	0xd2,0xd3,0x0d,0xd2, 
	0x2d,0x2f,0xe0,0xf7, 
	0xc0,0xd7,0x3f,0x02, 
	0x86,0x80,0x00,0xaa, 
	0xe7,0xe7,0x3d,0x02, 
	0x86,0x7e,0x00,0xf2, 
	0x21,0x48,0xf2,0x61, 
	0x45,0x82,0x21,0x45, 
	0x82,0x4b,0xa9,0x92, 
	0xd3,0x13,0x92,0x61, 
	0x42,0xc0,0x20,0x00, 
	0xd1,0x2f,0x77,0xc2, 
	0x24,0x89,0xd0,0xcc, 
	0x10,0xc0,0x20,0x00, 
	0xb2,0x21,0x1c,0xc2, 
	0x64,0x89,0x0c,0x0a, 
	0xa2,0x45,0x47,0xb2, 
	0x45,0x46,0xc0,0x20, 
	0x00,0xd1,0x1f,0x77, 
	0x92,0x24,0x89,0xa1, 
	0xda,0x76,0xd0,0x99, 
	0x10,0xa0,0x99,0x20, 
	0xc0,0x20,0x00,0x92, 
	0x64,0x89,0xc0,0x20, 
	0x00,0xf1,0xc4,0x76, 
	0xe8,0x7f,0x82,0xaf, 
	0x00,0x80,0xee,0x10, 
	0xc0,0x20,0x00,0xe9, 
	0x7f,0xc0,0x20,0x00, 
	0xc2,0x24,0x82,0xd0, 
	0xcc,0x10,0xd1,0x27, 
	0x77,0xd0,0xcc,0x20, 
	0xc0,0x20,0x00,0xb2, 
	0x21,0x42,0xa2,0x1b, 
	0x9b,0xc2,0x64,0x82, 
	0x1b,0xaa,0xa2,0x5b, 
	0x9b,0x86,0x21,0xfe, 
	0x32,0x21,0x3b,0xa0, 
	0x8b,0x11,0xe7,0xb8, 
	0x02,0x86,0x4e,0x00, 
	0xc2,0x4a,0xf8,0x3d, 
	0x0f,0x86,0xcd,0xff, 
	0x16,0xcb,0x0c,0xf2, 
	0xc1,0x50,0xed,0x01, 
	0x98,0x26,0x0c,0x0c, 
	0xc2,0x61,0x2d,0x92, 
	0x61,0x23,0xf2,0x61, 
	0x20,0xe2,0x61,0x4a, 
	0xd2,0x21,0x23,0xb2, 
	0x61,0x1e,0xbc,0x9d, 
	0xa2,0x21,0x20,0xa2, 
	0x0a,0x00,0xb1,0x0f, 
	0x77,0x3a,0xaa,0xba, 
	0xaa,0xa2,0x0a,0xd8, 
	0x30,0xaa,0xa0,0xa2, 
	0xda,0x11,0xa8,0x1a, 
	0x25,0x00,0x05,0xd2, 
	0x21,0x43,0xc2,0x21, 
	0x44,0xe5,0x23,0x04, 
	0xd2,0x21,0x46,0xc2, 
	0x21,0x47,0x65,0x23, 
	0x04,0x25,0x76,0x04, 
	0xb2,0x21,0x1e,0xe2, 
	0x21,0x4a,0xf2,0x21, 
	0x20,0xa9,0x0e,0x4b, 
	0xee,0xd2,0x21,0x2d, 
	0x1b,0xff,0x1b,0xdd, 
	0xd2,0x61,0x2d,0xb7, 
	0x9d,0xa7,0x16,0x2b, 
	0x06,0x86,0x05,0x00, 
	0xb0,0x87,0x11,0xe7, 
	0xb8,0x02,0xc6,0x34, 
	0x00,0x72,0x21,0x1c, 
	0x0c,0x8f,0x92,0x21, 
	0x45,0x92,0x4b,0xf7, 
	0xc6,0xb1,0xff,0xa6, 
	0x2b,0x45,0xb2,0x61, 
	0x1e,0x0b,0xdb,0x0c, 
	0x0c,0xc2,0x61,0x32, 
	0xcd,0x01,0x0c,0x0a, 
	0xc0,0xba,0xa0,0x1b, 
	0xaa,0xe8,0x0b,0xa0, 
	0xa0,0x74,0x8c,0xce, 
	0xf8,0x1b,0x8c,0x8f, 
	0xe7,0xbf,0x13,0xf9, 
	0x0b,0xe9,0x1b,0x06, 
	0x03,0x00,0x88,0x01, 
	0xf8,0x11,0x87,0xbf, 
	0x05,0x98,0x1b,0x99, 
	0x0b,0xe9,0x1b,0xa7, 
	0x9d,0xd5,0xe2,0x21, 
	0x32,0xf2,0x21,0x1e, 
	0x1b,0xee,0xe2,0x61, 
	0x32,0xf7,0x9e,0xc5, 
	0x98,0x01,0xb2,0xd3, 
	0x12,0xad,0x09,0xc6, 
	0xb9,0xfe,0x0c,0x0b, 
	0xcc,0xbb,0x92,0xd3, 
	0x12,0x0c,0x08,0x82, 
	0x69,0x89,0x0c,0x09, 
	0x46,0xb6,0xfe,0x0b, 
	0xcb,0x56,0xac,0xa5, 
	0xa2,0xd3,0x12,0xd8, 
	0x26,0xa2,0x61,0x49, 
	0x16,0xad,0x13,0xa2, 
	0x01,0x50,0xb1,0xd9, 
	0x76,0x3a,0xaa,0xba, 
	0xaa,0xa2,0x0a,0xd8, 
	0x30,0xaa,0xa0,0xa2, 
	0xda,0x11,0xa8,0x1a, 
	0xa5,0xf2,0x04,0xd2, 
	0x21,0x43,0xc2,0x21, 
	0x44,0x65,0x16,0x04, 
	0xd2,0x21,0x46,0xc2, 
	0x21,0x47,0xe5,0x15, 
	0x04,0x32,0x21,0x49, 
	0x65,0x68,0x04,0x9d, 
	0x0a,0xa2,0x63,0x89, 
	0x46,0xa4,0xfe,0x90, 
	0x8b,0x11,0xe7,0xb8, 
	0x0b,0x80,0x9b,0x11, 
	0xe7,0x39,0x4f,0xd2, 
	0x21,0x40,0x62,0x21, 
	0x41,0x3d,0x0d,0x62, 
	0x4a,0xf8,0x46,0x7a, 
	0xff,0xa0,0xd7,0x11, 
	0xe7,0xbd,0x0b,0x90, 
	0xf7,0x11,0xe7,0x3f, 
	0x48,0xf2,0x21,0x3a, 
	0xc2,0x21,0x39,0xf2, 
	0x4b,0xf7,0x72,0x21, 
	0x1c,0xfd,0x0c,0x06, 
	0x79,0xff,0xad,0x02, 
	0xe5,0x7d,0x03,0xb1, 
	0x5b,0x76,0x38,0x72, 
	0xba,0xb3,0xcc,0xaa, 
	0xd2,0x21,0x45,0xc2, 
	0x21,0x48,0xc2,0x4b, 
	0xaf,0xd2,0x61,0x48, 
	0xe2,0x21,0x48,0xe2, 
	0x4b,0xa9,0x58,0x22, 
	0xc6,0x7a,0xff,0x70, 
	0x8b,0x11,0xe7,0xb8, 
	0x02,0x06,0x26,0x00, 
	0x0c,0x79,0x92,0x4a, 
	0xf7,0x7d,0x03,0x06, 
	0xf6,0xfe,0x80,0xc7, 
	0x11,0xe7,0xbc,0x13, 
	0x70,0xd7,0x11,0xe7, 
	0xbd,0x02,0xc6,0x32, 
	0xfe,0xe2,0x21,0x3b, 
	0x0c,0x7f,0xf2,0x61, 
	0x40,0xe2,0x61,0x41, 
	0x72,0x21,0x1c,0xf2, 
	0x21,0x41,0x82,0x21, 
	0x40,0x82,0x4b,0xf7, 
	0xc6,0x60,0xff,0x77, 
	0x36,0x36,0x70,0xc1, 
	0x41,0xd2,0xd3,0x0a, 
	0xf2,0x2d,0xf0,0x82, 
	0x2d,0xf4,0x92,0x2d, 
	0xf1,0x80,0x81,0x41, 
	0x80,0x99,0xc0,0x90, 
	0x9f,0xc0,0xc7,0x39, 
	0x02,0x46,0x22,0x00, 
	0x92,0x21,0x45,0x82, 
	0x21,0x48,0xc2,0xd3, 
	0x14,0x82,0x4b,0xb5, 
	0xf9,0xcc,0x72,0x6d, 
	0xf6,0x92,0x4b,0xa9, 
	0x0c,0x39,0x86,0x00, 
	0x00,0x92,0x0b,0xa9, 
	0xc2,0xc9,0xfd,0x16, 
	0x2c,0xd7,0x77,0x36, 
	0x16,0xd2,0xd3,0x0d, 
	0xd2,0x2d,0x2f,0xe0, 
	0xf7,0xc0,0xd7,0xbf, 
	0x24,0xaa,0xe7,0xe7, 
	0xbd,0x1f,0xf2,0x21, 
	0x48,0xf2,0x61,0x45, 
	0x82,0x21,0x45,0x82, 
	0x4b,0xa9,0xc6,0x53, 
	0xff,0x3d,0x07,0x86, 
	0xd9,0xff,0x92,0x2a, 
	0x89,0x06,0x62,0xfe, 
	0x92,0x0b,0xa9,0x46, 
	0xf1,0xff,0x20,0xa2, 
	0x20,0x65,0x70,0x03, 
	0xb1,0x25,0x76,0x32, 
	0x22,0x07,0xb0,0xb3, 
	0x80,0xcc,0xaa,0xd2, 
	0x21,0x45,0xc2,0x21, 
	0x48,0xc2,0x4b,0xaf, 
	0xd2,0x61,0x48,0xf2, 
	0x21,0x48,0xe2,0xd3, 
	0x13,0xe2,0x61,0x42, 
	0xf2,0x4b,0xa9,0x58, 
	0x22,0x06,0x44,0xff, 
	0x92,0x0b,0xa9,0x46, 
	0xe4,0xff,0x92,0x0b, 
	0xa9,0xc6,0xe2,0xff, 
	0x9d,0x0e,0xad,0x0e, 
	0x86,0x4f,0xfe,0xb2, 
	0xd3,0x12,0xa7,0xbe, 
	0x04,0x9d,0x0a,0xc6, 
	0x4c,0xfe,0x9d,0x0e, 
	0xad,0x0e,0x06,0x4b, 
	0xfe,0x00,0x00,0x00, 
	0x36,0x61,0x00,0x0c, 
	0x15,0x48,0x22,0xc1, 
	0x0a,0x76,0x92,0x04, 
	0x46,0x31,0xf3,0x75, 
	0x66,0x39,0x3d,0x0c, 
	0x46,0xa1,0x60,0x76, 
	0xc0,0x20,0x00,0x92, 
	0x23,0x80,0xa0,0x99, 
	0x10,0xc0,0x20,0x00, 
	0x92,0x63,0x80,0xc0, 
	0x20,0x00,0x82,0x23, 
	0x8c,0xc0,0x88,0x20, 
	0xc0,0x20,0x00,0x82, 
	0x63,0x8c,0x52,0x44, 
	0x47,0x62,0x44,0x46, 
	0xe5,0x0c,0xfe,0xb8, 
	0x22,0x62,0x4b,0x61, 
	0xa9,0xdb,0x65,0x0c, 
	0xfe,0xc8,0x22,0xa9, 
	0xec,0x0c,0x02,0x1d, 
	0xf0,0x66,0x49,0xf8, 
	0x71,0xf6,0x75,0x0c, 
	0x0a,0xc0,0x20,0x00, 
	0xd2,0x23,0xa9,0xd0, 
	0xdb,0x04,0x16,0x4d, 
	0x14,0xc0,0x20,0x00, 
	0xe2,0x23,0xaa,0xe0, 
	0xe1,0xe5,0xc0,0x20, 
	0x00,0xf2,0x23,0x8c, 
	0xb7,0x6f,0x10,0xf1, 
	0x59,0x76,0xe7,0xaf, 
	0x04,0xca,0xee,0x80, 
	0xee,0x23,0xf1,0xeb, 
	0x75,0x86,0x03,0x00, 
	0xf1,0x56,0x76,0xe7, 
	0xaf,0x05,0xe2,0xde, 
	0xe0,0x80,0xee,0x23, 
	0xf1,0x47,0x76,0xd2, 
	0xa0,0x60,0xc2,0xa0, 
	0x61,0xc0,0x20,0x00, 
	0x52,0x23,0xa9,0x0c, 
	0x46,0x50,0x58,0x14, 
	0x60,0x55,0xa0,0x68, 
	0x32,0x50,0x50,0x74, 
	0x88,0x36,0x50,0x5f, 
	0x82,0x80,0xfe,0x82, 
	0x50,0xff,0xd2,0xe2, 
	0x06,0x1c,0x58,0x26, 
	0xd7,0x9e,0x09,0x98, 
	0x42,0x16,0xc5,0x17, 
	0xf9,0x49,0x46,0x03, 
	0x00,0xc7,0x9e,0x0a, 
	0x98,0x52,0xcc,0x35, 
	0xa9,0x49,0x46,0x00, 
	0x00,0xf9,0x49,0x16, 
	0x25,0x0b,0xa8,0x06, 
	0xfa,0xaa,0x25,0xcc, 
	0x04,0xd1,0x3f,0x76, 
	0x0c,0x0c,0xe5,0xef, 
	0x03,0xa9,0x11,0xb9, 
	0x01,0xad,0x05,0x65, 
	0xca,0x04,0xdd,0x0b, 
	0xcd,0x0a,0xb8,0x01, 
	0xa8,0x11,0xa5,0x17, 
	0x04,0x65,0x41,0x04, 
	0xa2,0x64,0xa0,0xc0, 
	0x20,0x00,0xd2,0x23, 
	0x8c,0x70,0xdd,0x10, 
	0xc0,0x20,0x00,0xd2, 
	0x63,0x8c,0xe2,0x06, 
	0x1c,0xc2,0xa0,0x60, 
	0xc7,0x1e,0x05,0xf2, 
	0xa0,0x61,0xf7,0x9e, 
	0x6b,0x58,0x72,0xc1, 
	0xd1,0x75,0x52,0xd5, 
	0x12,0xc0,0x20,0x00, 
	0xa1,0xb7,0x75,0xb2, 
	0x24,0xa0,0x92,0x23, 
	0x80,0x82,0x25,0x89, 
	0xc0,0x99,0x10,0xba, 
	0x88,0xa0,0x88,0x10, 
	0x90,0x88,0x20,0xc0, 
	0x20,0x00,0x82,0x63, 
	0x80,0xa8,0x26,0x65, 
	0xc5,0x04,0x62,0x25, 
	0x89,0x82,0x24,0xa0, 
	0x5d,0x0a,0x8a,0xa6, 
	0x6d,0x0b,0x65,0xc4, 
	0x04,0xd1,0x21,0x76, 
	0x0c,0x0c,0x25,0xe8, 
	0x03,0xdd,0x0b,0xcd, 
	0x0a,0xbd,0x06,0xad, 
	0x05,0x65,0xe7,0x03, 
	0x91,0x1e,0x76,0x5d, 
	0x0a,0xa2,0x24,0x9f, 
	0x4d,0x0b,0xa7,0x39, 
	0x69,0x61,0x1b,0x76, 
	0xa1,0x1c,0x76,0x86, 
	0x19,0x00,0xc8,0x02, 
	0x0c,0x3b,0xb2,0x4c, 
	0x01,0xa5,0xf7,0xfd, 
	0xe8,0x22,0x0c,0x0d, 
	0xf8,0xde,0x88,0x12, 
	0xf0,0xfa,0xc0,0xf9, 
	0x28,0xd2,0x4e,0x47, 
	0xd2,0x4e,0x46,0x86, 
	0xa8,0xff,0x25,0xf6, 
	0xfd,0x48,0x22,0x88, 
	0xd4,0x98,0x84,0x80, 
	0x8a,0xc0,0x97,0xb8, 
	0x05,0x52,0x44,0x47, 
	0x46,0xa3,0xff,0x0c, 
	0x0c,0xc2,0x44,0x47, 
	0xc2,0x44,0x46,0xc0, 
	0x20,0x00,0xb1,0x0b, 
	0x76,0xa2,0x23,0x87, 
	0xb0,0xaa,0x20,0xc0, 
	0x20,0x00,0xa2,0x63, 
	0x87,0xc0,0x20,0x00, 
	0x92,0x23,0x8c,0x70, 
	0x99,0x10,0xc0,0x20, 
	0x00,0x92,0x63,0x8c, 
	0x46,0x98,0xff,0x61, 
	0x04,0x76,0xa1,0x04, 
	0x76,0x25,0xbb,0x04, 
	0xdd,0x0b,0xcd,0x0a, 
	0xbd,0x04,0xad,0x05, 
	0xa5,0x28,0x04,0x96, 
	0x7a,0xf8,0xad,0x06, 
	0xe5,0xb9,0x04,0xdd, 
	0x0b,0xcd,0x0a,0xbd, 
	0x04,0xad,0x05,0x65, 
	0x1c,0x04,0xa6,0x1a, 
	0x02,0x46,0xdc,0xff, 
	0xc0,0x20,0x00,0x91, 
	0xf7,0x75,0x82,0x23, 
	0x87,0x90,0x88,0x20, 
	0xc0,0x20,0x00,0x82, 
	0x63,0x87,0xe1,0xde, 
	0x75,0xf1,0xd6,0x75, 
	0xc0,0x20,0x00,0xd2, 
	0x23,0x82,0xf0,0xdd, 
	0x10,0xe0,0xdd,0x20, 
	0xc0,0x20,0x00,0xd2, 
	0x63,0x82,0xc6,0xd2, 
	0xff,0xa9,0x49,0x06, 
	0xa4,0xff,0x00,0x00, 
	0x36,0x41,0x02,0x61, 
	0xed,0x75,0x41,0x66, 
	0x75,0x22,0x61,0x3b, 
	0xa2,0x21,0x3b,0x51, 
	0xdc,0x75,0xa8,0x2a, 
	0x71,0x79,0x75,0x32, 
	0x0a,0x46,0x22,0xa0, 
	0xff,0x66,0x53,0x77, 
	0xe5,0xe9,0xfd,0xc2, 
	0x21,0x3b,0x98,0x1c, 
	0xa9,0x19,0xb1,0x77, 
	0x75,0xf1,0xc7,0x75, 
	0xc0,0x20,0x00,0xe1, 
	0x57,0x75,0xd2,0x2e, 
	0x80,0xf0,0xdd,0x10, 
	0xc0,0x20,0x00,0xd2, 
	0x6e,0x80,0xc0,0x20, 
	0x00,0x91,0x76,0x75, 
	0x82,0x2e,0x81,0x90, 
	0x88,0x10,0xc0,0x20, 
	0x00,0x82,0x6e,0x81, 
	0xc0,0x20,0x00,0xf1, 
	0xb9,0x75,0xd2,0x2e, 
	0x82,0xf0,0xdd,0x10, 
	0xf1,0xcb,0x75,0xf0, 
	0xdd,0x20,0xc0,0x20, 
	0x00,0x91,0x75,0x75, 
	0xd2,0x6e,0x82,0xc8, 
	0x2c,0xc2,0x61,0x20, 
	0xc2,0x2c,0x9f,0xc7, 
	0x39,0x02,0xc6,0x16, 
	0x02,0xe1,0xcf,0x75, 
	0xc0,0x20,0x00,0xd1, 
	0x43,0x75,0xc2,0x2d, 
	0x8d,0xb0,0xcc,0x10, 
	0xe0,0xcc,0x20,0xc0, 
	0x20,0x00,0xc2,0x6d, 
	0x8d,0x06,0x16,0x02, 
	0x82,0xc3,0xfa,0x56, 
	0xa8,0x25,0xc0,0x20, 
	0x00,0x91,0x51,0x75, 
	0x92,0x29,0x20,0x97, 
	0x84,0x02,0xc6,0x93, 
	0x00,0x32,0x21,0x3b, 
	0x38,0x73,0x0c,0x2e, 
	0x7a,0x43,0xe2,0x44, 
	0xa2,0x0c,0xac,0xc0, 
	0x20,0x00,0xb1,0x4a, 
	0x75,0xd2,0x2b,0x20, 
	0xd0,0xd8,0x44,0xd2, 
	0x44,0xa0,0xc0,0x20, 
	0x00,0xb2,0x2b,0x20, 
	0xa2,0x04,0xa0,0xb0, 
	0xb0,0x44,0xb2,0x44, 
	0xa1,0xa7,0xbc,0x07, 
	0xc2,0x44,0xa0,0x0c, 
	0xaa,0xb2,0x04,0xa1, 
	0x0c,0xad,0xb7,0xbd, 
	0x07,0xbd,0x0d,0xc2, 
	0x44,0xa1,0xa2,0x04, 
	0xa0,0x1c,0x82,0xa0, 
	0x80,0xf4,0x16,0xd8, 
	0x05,0x0c,0x0c,0xc2, 
	0x61,0x39,0xf1,0x3a, 
	0x75,0xc0,0x20,0x00, 
	0xe1,0x39,0x75,0x81, 
	0xae,0x75,0xd2,0x21, 
	0x39,0xf8,0x0f,0x00, 
	0xdd,0x11,0x80,0xff, 
	0x10,0xf0,0xdd,0x20, 
	0xc0,0x20,0x00,0xd9, 
	0x0e,0x25,0xda,0xfd, 
	0x3d,0x0a,0xe5,0xd9, 
	0xfd,0x30,0x8a,0xc0, 
	0x87,0xb2,0xf6,0x32, 
	0x21,0x3b,0x92,0x21, 
	0x39,0x38,0x73,0x30, 
	0xe9,0xa0,0xc0,0x20, 
	0x00,0x7a,0x43,0xd1, 
	0x2b,0x75,0x1b,0xc9, 
	0xd2,0x2d,0x21,0xc0, 
	0x90,0xf4,0xd0,0xd0, 
	0xe5,0xd9,0x0e,0xa2, 
	0x04,0xa0,0x92,0x61, 
	0x39,0xa7,0x39,0xa9, 
	0xb2,0x04,0xa1,0xb0, 
	0x80,0xf4,0x16,0xd8, 
	0x05,0x0c,0x09,0x92, 
	0x61,0x38,0xc1,0x21, 
	0x75,0xc0,0x20,0x00, 
	0xb1,0x20,0x75,0xd1, 
	0x95,0x75,0xa2,0x21, 
	0x38,0xc8,0x0c,0x00, 
	0xaa,0x11,0xd0,0xcc, 
	0x10,0xc0,0xaa,0x20, 
	0xc0,0x20,0x00,0xa9, 
	0x0b,0xe5,0xd3,0xfd, 
	0x3d,0x0a,0xa5,0xd3, 
	0xfd,0x30,0xca,0xc0, 
	0xc7,0xb2,0xf6,0x32, 
	0x21,0x3b,0xd2,0x21, 
	0x38,0x38,0x73,0x30, 
	0x8d,0xa0,0xc0,0x20, 
	0x00,0x7a,0x43,0xf1, 
	0x12,0x75,0x1b,0xed, 
	0xf2,0x2f,0x21,0xe0, 
	0xd0,0xf4,0xf0,0xf0, 
	0xe4,0xf9,0xc8,0xb2, 
	0x04,0xa1,0xd2,0x61, 
	0x38,0xb7,0x3d,0xa9, 
	0xa2,0x04,0xa0,0xc1, 
	0x0a,0x75,0x21,0x74, 
	0x75,0x82,0x21,0x3b, 
	0x0c,0x09,0xd1,0x13, 
	0x75,0xd2,0x61,0x29, 
	0x92,0x61,0x2a,0x88, 
	0x38,0x91,0x2b,0x75, 
	0x0c,0x0d,0xd2,0x61, 
	0x31,0x92,0x61,0x2f, 
	0x82,0x61,0x30,0x82, 
	0x08,0x2f,0x3c,0x09, 
	0x97,0x98,0x02,0x86, 
	0xde,0x01,0xd2,0x04, 
	0xa0,0xb0,0x7a,0xc1, 
	0x62,0xd3,0x13,0x70, 
	0x70,0xf4,0x72,0x56, 
	0x9a,0x16,0x8d,0x04, 
	0xb2,0x04,0xa1,0x0c, 
	0x0e,0xfd,0x0b,0xbc, 
	0x3f,0x30,0x7e,0xa0, 
	0x0c,0x0a,0xb0,0x8e, 
	0xc1,0x30,0xfa,0xa0, 
	0xf8,0xcf,0x8a,0x8a, 
	0x30,0x88,0xa0,0xf2, 
	0x68,0x7c,0xd2,0x04, 
	0xa1,0xe0,0xdd,0xc1, 
	0xb8,0x07,0xda,0xda, 
	0x1b,0xaa,0x30,0xdd, 
	0xa0,0xb2,0x6d,0x18, 
	0xb2,0x04,0xa1,0xa0, 
	0xa0,0xf4,0xfd,0x0b, 
	0xb7,0x3a,0xd2,0xd2, 
	0x04,0xa0,0x1b,0xee, 
	0xe0,0xe0,0xf4,0xd7, 
	0x3e,0xc0,0x72,0x16, 
	0x9a,0x16,0x57,0x11, 
	0x0c,0x0a,0x30,0xba, 
	0xa0,0x82,0x2b,0x18, 
	0xf2,0x2b,0x7c,0x80, 
	0xef,0xc0,0x87,0xbf, 
	0x07,0xca,0xee,0xe2, 
	0x6b,0xe0,0x86,0x00, 
	0x00,0xe2,0x6b,0xe0, 
	0x72,0x16,0x9a,0xb2, 
	0xdb,0x0a,0xe0,0xe1, 
	0x41,0xe0,0xef,0xc0, 
	0xe2,0x6b,0xf9,0xe7, 
	0xa2,0x05,0xf2,0xde, 
	0x80,0xf2,0x6b,0xf9, 
	0x1b,0xaa,0xa0,0xa0, 
	0xf4,0x77,0x3a,0xc5, 
	0x86,0x35,0x00,0xa2, 
	0x24,0x89,0x51,0xd4, 
	0x74,0x41,0x3f,0x75, 
	0x31,0x2b,0x75,0xc0, 
	0x20,0x00,0xd1,0xe2, 
	0x74,0xb1,0xc9,0x74, 
	0xc2,0x22,0x80,0xb0, 
	0xba,0x10,0xd0,0xcc, 
	0x10,0xc0,0xbb,0x20, 
	0xc0,0x20,0x00,0xb2, 
	0x62,0x80,0x25,0xc1, 
	0xfd,0xc2,0x21,0x3b, 
	0x98,0x1c,0x88,0x19, 
	0xf8,0x0c,0x80,0x8a, 
	0xc0,0x89,0x19,0x72, 
	0x4f,0x01,0xc0,0x20, 
	0x00,0xe2,0x22,0x82, 
	0x30,0xee,0x10,0x40, 
	0xee,0x20,0xc0,0x20, 
	0x00,0xe2,0x62,0x82, 
	0xd1,0xc5,0x74,0xc0, 
	0x20,0x00,0xd8,0x0d, 
	0xe1,0xc3,0x74,0x50, 
	0xdd,0x10,0xc0,0x20, 
	0x00,0xc8,0x2c,0xd9, 
	0x0e,0x72,0x4c,0x47, 
	0x72,0x4c,0x46,0x25, 
	0xbd,0xfd,0x92,0x21, 
	0x3b,0x98,0x29,0xa9, 
	0xc9,0x0c,0x02,0x1d, 
	0xf0,0xc0,0x20,0x00, 
	0xd1,0xba,0x74,0xd2, 
	0x2d,0x20,0x77,0x7d, 
	0xef,0x0c,0x0f,0x0c, 
	0x1e,0xe2,0x4a,0x46, 
	0xf2,0x4a,0x47,0xc0, 
	0x20,0x00,0xc1,0x9e, 
	0x74,0xd1,0x08,0x75, 
	0xb2,0x2c,0x82,0xd0, 
	0xbb,0x10,0xd1,0x1a, 
	0x75,0xd0,0xbb,0x20, 
	0xc0,0x20,0x00,0xb2, 
	0x6c,0x82,0x91,0xae, 
	0x74,0xc0,0x20,0x00, 
	0xc1,0xaa,0x74,0x98, 
	0x09,0xb1,0xab,0x74, 
	0xc0,0x99,0x10,0xc0, 
	0x20,0x00,0xf2,0x21, 
	0x3b,0x0c,0x3e,0x88, 
	0x0f,0x99,0x0b,0xe2, 
	0x48,0x01,0xf8,0x7f, 
	0x7a,0xff,0xe2,0x4f, 
	0xa2,0xe2,0x4f,0xa9, 
	0xe2,0x4f,0xaa,0x86, 
	0xe6,0xff,0xb2,0xa1, 
	0x80,0xa2,0x21,0x3b, 
	0x42,0x21,0x30,0x81, 
	0xfe,0x74,0x89,0xf1, 
	0x48,0x34,0xa8,0x2a, 
	0xa2,0x61,0x20,0xba, 
	0xaa,0xa9,0x91,0x0c, 
	0x0b,0xa2,0x0a,0xf3, 
	0xb2,0x61,0x10,0x40, 
	0xaa,0x82,0xa5,0x7c, 
	0x04,0xd8,0xf1,0xc2, 
	0x21,0x10,0x25,0xca, 
	0x03,0xa5,0xf8,0x03, 
	0xb8,0x91,0xb2,0x0b, 
	0xf4,0xa2,0x61,0x2d, 
	0x40,0xab,0x82,0x25, 
	0x7b,0x04,0xd8,0xf1, 
	0xc2,0x21,0x10,0xa5, 
	0xc8,0x03,0x25,0xf7, 
	0x03,0x0c,0x04,0x0c, 
	0x0c,0x0c,0x0d,0xd2, 
	0x56,0x9e,0xc2,0x61, 
	0x37,0x16,0x97,0x1b, 
	0x0c,0x02,0xa9,0xc1, 
	0x42,0x21,0x3b,0xe0, 
	0xe2,0x11,0x48,0x34, 
	0xe2,0x61,0x36,0xa8, 
	0x24,0x48,0x34,0x25, 
	0x78,0x04,0xb2,0x61, 
	0x32,0xa2,0x61,0x33, 
	0x72,0x21,0x36,0xa2, 
	0x21,0x2d,0x7a,0x73, 
	0xa0,0xa4,0xc0,0xe5, 
	0x76,0x04,0xa2,0x61, 
	0x35,0xb2,0x61,0x34, 
	0xa2,0x27,0xe0,0x25, 
	0x76,0x04,0xd2,0x21, 
	0x2f,0xc2,0x21,0x31, 
	0x65,0x9a,0x03,0xd2, 
	0x21,0x32,0xc2,0x21, 
	0x33,0xe5,0x99,0x03, 
	0xa9,0xb1,0xfd,0x0b, 
	0xb9,0xa1,0xb2,0xa7, 
	0xcf,0x47,0xbb,0x02, 
	0x06,0x2b,0x00,0xbd, 
	0x0f,0xd2,0x21,0x29, 
	0xc2,0x21,0x2a,0x65, 
	0x98,0x03,0xcd,0x0a, 
	0xdd,0x0b,0xb2,0x61, 
	0x28,0xa2,0x61,0x27, 
	0xb2,0x21,0x34,0xa2, 
	0x21,0x35,0x25,0xe1, 
	0x03,0xd6,0x6a,0x08, 
	0xa8,0xc1,0xaa,0xa4, 
	0x65,0x71,0x04,0xd2, 
	0x21,0x28,0xc2,0x21, 
	0x27,0xa5,0xd4,0x03, 
	0xa6,0x1a,0x73,0xad, 
	0x04,0x65,0x70,0x04, 
	0xb2,0x61,0x3c,0xd2, 
	0x21,0x28,0x42,0x21, 
	0x27,0xc2,0xd7,0x0e, 
	0xc2,0x61,0x12,0x7d, 
	0x0a,0xcd,0x04,0xe5, 
	0xd2,0x03,0xe2,0x21, 
	0x28,0xf2,0x21,0x3c, 
	0xa6,0x1a,0x3e,0xbd, 
	0x0f,0xad,0x07,0xdd, 
	0x0e,0xcd,0x04,0x65, 
	0x6c,0x03,0xa5,0xe5, 
	0x03,0x72,0x16,0x9e, 
	0x82,0x21,0x12,0x62, 
	0x21,0x37,0x3a,0x77, 
	0x32,0x21,0x3b,0xa2, 
	0x68,0x5d,0x5a,0x77, 
	0x62,0x47,0xd8,0x38, 
	0x73,0x72,0x21,0x36, 
	0x62,0xd3,0x13,0xe2, 
	0x16,0x9e,0x7a,0x73, 
	0xb2,0xd7,0x0d,0xb2, 
	0x2b,0x39,0x1b,0xee, 
	0xe2,0x56,0x9e,0x46, 
	0x29,0x00,0xbd,0x0e, 
	0xad,0x04,0xdd,0x0f, 
	0xcd,0x07,0x65,0x68, 
	0x03,0xa5,0xe1,0x03, 
	0x46,0xef,0xff,0x0c, 
	0x0b,0xc6,0x23,0x00, 
	0xb2,0x21,0x34,0xa2, 
	0x21,0x35,0xd8,0xa1, 
	0xc8,0xb1,0x65,0xd7, 
	0x03,0xd6,0xda,0x07, 
	0xa8,0xc1,0xaa,0xa4, 
	0xa5,0x67,0x04,0xd8, 
	0xa1,0xc8,0xb1,0x25, 
	0xcb,0x03,0xa6,0x1a, 
	0x6c,0xad,0x04,0xe5, 
	0x66,0x04,0x4d,0x0b, 
	0xd8,0xa1,0xc2,0xd7, 
	0x0e,0xc2,0x61,0x12, 
	0x7d,0x0a,0xc8,0xb1, 
	0x65,0xc9,0x03,0xe8, 
	0xa1,0xf8,0xb1,0xa6, 
	0x1a,0x3e,0xbd,0x04, 
	0xad,0x07,0xdd,0x0e, 
	0xcd,0x0f,0x25,0x63, 
	0x03,0x65,0xdc,0x03, 
	0x72,0x16,0x9e,0x82, 
	0x21,0x12,0x62,0x21, 
	0x37,0x3a,0x77,0x32, 
	0x21,0x3b,0xa2,0x68, 
	0x5d,0x5a,0x77,0x62, 
	0x47,0xd8,0x38,0x73, 
	0x72,0x21,0x36,0x62, 
	0xd3,0x13,0xd2,0x16, 
	0x9e,0x7a,0x73,0xb2, 
	0xd7,0x0d,0xb2,0x2b, 
	0x39,0x1b,0xdd,0xd2, 
	0x56,0x9e,0x86,0x04, 
	0x00,0xbd,0x0e,0xad, 
	0x0f,0xdd,0x04,0xcd, 
	0x07,0x25,0x5f,0x03, 
	0x65,0xd8,0x03,0x46, 
	0xef,0xff,0x0c,0x0b, 
	0x82,0x21,0x37,0x92, 
	0xd7,0x11,0x1b,0x22, 
	0x20,0x20,0xf4,0xb9, 
	0x19,0x1b,0x88,0x92, 
	0x16,0x9a,0x82,0x61, 
	0x37,0x97,0xb2,0x02, 
	0x06,0x95,0xff,0xc2, 
	0x21,0x3b,0x42,0x16, 
	0x9e,0xc8,0x2c,0xc2, 
	0x61,0x20,0x21,0x07, 
	0x74,0x0c,0x17,0x56, 
	0x34,0x04,0xa2,0x21, 
	0x3b,0x82,0x21,0x20, 
	0xa8,0x0a,0x0c,0x39, 
	0x92,0x4a,0x01,0x72, 
	0x48,0x46,0x72,0x48, 
	0x47,0xc0,0x20,0x00, 
	0xf1,0x6b,0x74,0xe2, 
	0x22,0x82,0xf0,0xee, 
	0x10,0xf1,0x7c,0x74, 
	0xf0,0xee,0x20,0xc0, 
	0x20,0x00,0xe2,0x62, 
	0x82,0xd1,0x10,0x74, 
	0xc0,0x20,0x00,0xf1, 
	0x0c,0x74,0xd8,0x0d, 
	0xe1,0x0e,0x74,0xf0, 
	0xdd,0x10,0xc0,0x20, 
	0x00,0xd9,0x0e,0x86, 
	0x4e,0xff,0xa1,0x62, 
	0x74,0xd2,0x21,0x3b, 
	0x0b,0xc4,0xe1,0x6b, 
	0x74,0xe9,0xd1,0x0c, 
	0x04,0xd8,0x3d,0xd2, 
	0x61,0x30,0x56,0x9c, 
	0x09,0xf2,0xa7,0xcf, 
	0x88,0x3d,0x5a,0x93, 
	0x92,0x09,0xd8,0x92, 
	0x56,0x9c,0x87,0xbf, 
	0x02,0xc6,0x44,0x04, 
	0xe2,0x21,0x3b,0xe8, 
	0x0e,0x72,0x4e,0x01, 
	0x61,0x56,0x74,0xc0, 
	0x20,0x00,0xd1,0x51, 
	0x74,0xc2,0x22,0x82, 
	0xd0,0xcc,0x10,0xd1, 
	0x63,0x74,0xd0,0xcc, 
	0x20,0xc0,0x20,0x00, 
	0xc2,0x62,0x82,0xb1, 
	0xf7,0x73,0xc0,0x20, 
	0x00,0xd1,0xf2,0x73, 
	0xb8,0x0b,0xc1,0xf4, 
	0x73,0xd0,0xbb,0x10, 
	0xc0,0x20,0x00,0xa2, 
	0x21,0x20,0xb9,0x0c, 
	0x72,0x4a,0x47,0x72, 
	0x4a,0x46,0x65,0x89, 
	0xfd,0xf2,0x21,0x3b, 
	0x0c,0x09,0xc8,0x2f, 
	0x38,0x7f,0xa9,0xcc, 
	0x6a,0x83,0x72,0x48, 
	0xf4,0x92,0x48,0xf5, 
	0xf8,0x3f,0xf8,0x2f, 
	0xcc,0x1f,0x06,0x2f, 
	0x04,0x5a,0xa3,0xa2, 
	0x0a,0xd8,0x30,0xaa, 
	0xa0,0xa2,0xda,0x11, 
	0xa8,0x1a,0x25,0x50, 
	0x04,0xd2,0x21,0x2f, 
	0xc2,0x21,0x31,0xe5, 
	0x73,0x03,0xcd,0x04, 
	0xd8,0xd1,0x65,0x73, 
	0x03,0x25,0xc6,0x03, 
	0x06,0x26,0x04,0xd8, 
	0x3d,0xc2,0xa7,0xcf, 
	0xd7,0xbc,0x02,0x86, 
	0x21,0x00,0xa2,0x21, 
	0x3b,0xa8,0x0a,0x72, 
	0x4a,0x01,0x61,0x31, 
	0x74,0xc0,0x20,0x00, 
	0x91,0x2d,0x74,0x82, 
	0x22,0x82,0x90,0x88, 
	0x10,0x91,0x3e,0x74, 
	0x90,0x88,0x20,0xc0, 
	0x20,0x00,0x82,0x62, 
	0x82,0xf1,0xd2,0x73, 
	0xc0,0x20,0x00,0x91, 
	0xce,0x73,0xf8,0x0f, 
	0x81,0xd0,0x73,0x90, 
	0xff,0x10,0xc0,0x20, 
	0x00,0xe2,0x21,0x20, 
	0xf9,0x08,0x72,0x4e, 
	0x47,0x72,0x4e,0x46, 
	0x25,0x80,0xfd,0xc2, 
	0x21,0x3b,0x0c,0x0e, 
	0xf8,0x2c,0x38,0x7c, 
	0xa9,0xcf,0x6a,0xd3, 
	0x72,0x4d,0xf4,0xe2, 
	0x4d,0xf5,0xc8,0x3c, 
	0xc8,0x2c,0xcc,0x1c, 
	0x46,0xf9,0x02,0x5a, 
	0xa3,0xa2,0x0a,0xd8, 
	0x30,0xaa,0xa0,0xa2, 
	0xda,0x11,0xa8,0x1a, 
	0xe5,0x46,0x04,0xd2, 
	0x21,0x2f,0xc2,0x21, 
	0x31,0xa5,0x6a,0x03, 
	0xcd,0x04,0xd8,0xd1, 
	0x25,0x6a,0x03,0x25, 
	0xbd,0x03,0x46,0xf0, 
	0x02,0xaa,0xd3,0x0c, 
	0x0c,0x42,0x16,0x9e, 
	0xc2,0x4d,0xf4,0x16, 
	0xb4,0x10,0x0c,0x0d, 
	0x0b,0x74,0xe6,0x17, 
	0x02,0xc6,0x31,0x00, 
	0x0c,0x0a,0xaa,0xb3, 
	0x5a,0xbb,0x22,0x0b, 
	0xd8,0x1b,0xaa,0x30, 
	0x22,0xa0,0x22,0xd2, 
	0x0e,0xe2,0x22,0xc1, 
	0xa0,0xa0,0xf4,0x96, 
	0xce,0x02,0xf2,0x0b, 
	0xd9,0x30,0xff,0xa0, 
	0xf2,0xdf,0x11,0xf8, 
	0x1f,0x96,0xbf,0x01, 
	0xe7,0xaf,0x12,0x42, 
	0x16,0x9e,0xf2,0x62, 
	0xc1,0x82,0x0b,0xd9, 
	0x0b,0x74,0x30,0x88, 
	0xa0,0x82,0xd8,0x11, 
	0xe9,0x18,0x77,0x2a, 
	0xc0,0xc6,0x20,0x00, 
	0xd6,0x9e,0x02,0xf2, 
	0x0b,0xd9,0x30,0xff, 
	0xa0,0xf2,0xdf,0x11, 
	0xf8,0x1f,0xd6,0x8f, 
	0x01,0xf7,0xae,0xe5, 
	0x42,0x16,0x9e,0xf2, 
	0x62,0xc1,0x82,0x0b, 
	0xd9,0x0b,0x74,0x30, 
	0x88,0xa0,0x82,0xd8, 
	0x11,0xe9,0x18,0xc6, 
	0xf3,0xff,0x96,0xce, 
	0x02,0xf2,0x0b,0xd9, 
	0x30,0xff,0xa0,0xf2, 
	0xdf,0x11,0xf8,0x1f, 
	0xd6,0xbf,0x01,0xf0, 
	0x80,0x60,0xe7,0xa8, 
	0xb8,0x42,0x16,0x9e, 
	0xf2,0x62,0xc1,0x92, 
	0x0b,0xd9,0x0b,0x74, 
	0x30,0x99,0xa0,0x92, 
	0xd9,0x11,0xe9,0x19, 
	0x86,0xe8,0xff,0xd6, 
	0xfe,0xf9,0xf2,0x0b, 
	0xd9,0x30,0xff,0xa0, 
	0xf2,0xdf,0x11,0xf8, 
	0x1f,0xe0,0x80,0x60, 
	0x96,0xef,0xf8,0x87, 
	0xaf,0x8b,0x42,0x16, 
	0x9e,0xf2,0x62,0xc1, 
	0x92,0x0b,0xd9,0x0b, 
	0x74,0x30,0x99,0xa0, 
	0x92,0xd9,0x11,0xe9, 
	0x19,0x46,0xdd,0xff, 
	0x1b,0xdd,0xd0,0xd0, 
	0xf4,0x47,0xbd,0x02, 
	0x86,0xc9,0xff,0xac, 
	0xb4,0x0c,0x0a,0x5a, 
	0xe3,0xaa,0xb3,0x82, 
	0x0e,0xd8,0x1b,0xaa, 
	0x5a,0xbb,0xb2,0x0b, 
	0xd8,0x30,0x88,0xa0, 
	0x82,0xd8,0x11,0x88, 
	0x18,0x30,0xfb,0xa0, 
	0xf2,0xdf,0x0d,0xf2, 
	0x2f,0x39,0xa0,0xa0, 
	0xf4,0x87,0x9f,0x02, 
	0xb2,0x56,0x9c,0x47, 
	0x3a,0xd6,0x21,0x5d, 
	0x73,0x0c,0x17,0xa2, 
	0xd3,0x0a,0x82,0x16, 
	0x9c,0x42,0xd3,0x12, 
	0x30,0x88,0xa0,0xb2, 
	0x28,0x7c,0x32,0xd8, 
	0x0d,0xb2,0x6a,0xe9, 
	0x92,0x28,0x18,0x92, 
	0x6a,0xe8,0xa2,0x21, 
	0x30,0x32,0x23,0x39, 
	0x32,0x64,0x8a,0xa8, 
	0x2a,0xa9,0x81,0x65, 
	0x30,0x04,0x5d,0x0a, 
	0x6d,0x0b,0xad,0x03, 
	0x65,0x30,0x04,0xd2, 
	0x21,0x2f,0xc2,0x21, 
	0x31,0x25,0x54,0x03, 
	0xdd,0x0b,0xcd,0x0a, 
	0xbd,0x06,0xad,0x05, 
	0x65,0x53,0x03,0x5d, 
	0x0a,0xa2,0x21,0x20, 
	0x91,0xcd,0x73,0xa2, 
	0x2a,0x9f,0x6d,0x0b, 
	0xa7,0x39,0x0a,0xa1, 
	0xcc,0x73,0xc1,0xca, 
	0x73,0xc9,0xe1,0xc6, 
	0x01,0x00,0xa1,0xcc, 
	0x73,0xd1,0xca,0x73, 
	0xd9,0xe1,0xe5,0x2c, 
	0x04,0xdd,0x0b,0xcd, 
	0x0a,0xbd,0x06,0xad, 
	0x05,0x65,0x9a,0x03, 
	0x96,0x2a,0x01,0xa8, 
	0xe1,0xa5,0x2b,0x04, 
	0xdd,0x0b,0xcd,0x0a, 
	0xbd,0x06,0xad,0x05, 
	0xe5,0x8d,0x03,0xa6, 
	0x1a,0x06,0x0c,0x03, 
	0x0c,0x0e,0xe2,0x64, 
	0x8a,0xf8,0x81,0x16, 
	0xcf,0x9c,0xad,0x03, 
	0xa5,0x29,0x04,0xd2, 
	0x21,0x2f,0xc2,0x21, 
	0x31,0x65,0x4d,0x03, 
	0xd1,0xb4,0x73,0x0c, 
	0x0c,0xe5,0x4c,0x03, 
	0xa5,0x9f,0x03,0xa2, 
	0x64,0x89,0x06,0x6c, 
	0xfe,0xc1,0xba,0x73, 
	0xc0,0x20,0x00,0x91, 
	0x2c,0x73,0x82,0x29, 
	0x8d,0xb0,0x88,0x10, 
	0xc0,0x88,0x20,0xc0, 
	0x20,0x00,0x82,0x69, 
	0x8d,0xa1,0xb5,0x73, 
	0xc2,0xaf,0x33,0xd2, 
	0x21,0x20,0x91,0xb4, 
	0x73,0xd2,0x2d,0x9f, 
	0xb1,0xb4,0x73,0x97, 
	0x9d,0x2d,0xc0,0x20, 
	0x00,0x81,0x21,0x73, 
	0xf2,0x28,0xbe,0xa0, 
	0xff,0x10,0xb0,0xff, 
	0x20,0xc0,0x20,0x00, 
	0xf2,0x68,0xbe,0x82, 
	0xa0,0x84,0xc0,0x20, 
	0x00,0xf1,0x31,0x73, 
	0xe8,0x7f,0xc0,0xee, 
	0x10,0x80,0xee,0x20, 
	0xc0,0x20,0x00,0xe9, 
	0x7f,0x86,0xe3,0x01, 
	0x81,0x2f,0x73,0xd7, 
	0x38,0x02,0xc6,0x68, 
	0x02,0xc0,0x20,0x00, 
	0xe1,0x14,0x73,0xd2, 
	0x2e,0xbe,0xa0,0xdd, 
	0x10,0xb0,0xdd,0x20, 
	0xc0,0x20,0x00,0xd2, 
	0x6e,0xbe,0xc0,0x20, 
	0x00,0xd1,0x24,0x73, 
	0x98,0x7d,0xc0,0x99, 
	0x10,0xc0,0x20,0x00, 
	0x99,0x7d,0x46,0xd7, 
	0x01,0xb2,0x44,0xb7, 
	0xa2,0x44,0xb6,0xa0, 
	0xf0,0x74,0xe2,0xd3, 
	0x0a,0xe2,0x61,0x18, 
	0xa2,0xa0,0x64,0xb0, 
	0xbf,0xc1,0xb2,0x6e, 
	0xf7,0xb7,0xba,0x07, 
	0x82,0x21,0x18,0xbd, 
	0x0a,0xa2,0x68,0xf7, 
	0xa2,0x04,0xb6,0x16, 
	0xda,0x04,0x0c,0x0e, 
	0xb2,0x04,0xb7,0xbc, 
	0x7b,0x30,0xfe,0xa0, 
	0x0c,0x0a,0xb0,0x8e, 
	0xc1,0x30,0xda,0xa0, 
	0xd8,0xcd,0x8a,0x8a, 
	0x30,0x88,0xa0,0x82, 
	0xd8,0x07,0xd2,0x68, 
	0x18,0xc2,0x04,0xb7, 
	0xe0,0xcc,0xc1,0xb8, 
	0x0f,0xca,0xca,0x1b, 
	0xaa,0x30,0xcc,0xa0, 
	0xc2,0xdc,0x05,0xb2, 
	0x6c,0x34,0xb2,0x04, 
	0xb7,0xa0,0xa0,0xf4, 
	0xb7,0x3a,0xce,0xa2, 
	0x04,0xb6,0x1b,0xee, 
	0xe0,0xe0,0xf4,0xa7, 
	0x3e,0xbc,0xb2,0x21, 
	0x18,0xb2,0x2b,0xf7, 
	0x16,0x6b,0x0d,0x0c, 
	0x0b,0x30,0xdb,0xa0, 
	0xc2,0xdd,0x02,0xf2, 
	0xdd,0x06,0xf2,0x61, 
	0x2e,0xc2,0x2c,0xf4, 
	0xf2,0x2f,0x58,0xe1, 
	0xfc,0x72,0xc0,0xaf, 
	0xc0,0xc7,0xbf,0x0d, 
	0xb2,0x61,0x3e,0x82, 
	0x21,0x2e,0xea,0xea, 
	0xe2,0x68,0xbc,0x86, 
	0x02,0x00,0xed,0x0a, 
	0x82,0x21,0x2e,0xb2, 
	0x61,0x3e,0xa2,0x68, 
	0xbc,0xa2,0x21,0x30, 
	0xe0,0xb1,0x41,0xc2, 
	0xdd,0x12,0xc2,0x61, 
	0x2c,0xb0,0xbf,0xc0, 
	0xb2,0x6c,0x25,0xa8, 
	0x2a,0x25,0x12,0x04, 
	0xa2,0x61,0x23,0xa2, 
	0x21,0x2e,0xb2,0x61, 
	0x22,0xa2,0x2a,0xbc, 
	0x25,0x11,0x04,0xd2, 
	0x21,0x2f,0xc2,0x21, 
	0x31,0xa5,0x35,0x03, 
	0xdd,0x0b,0xcd,0x0a, 
	0xb2,0x21,0x22,0xa2, 
	0x21,0x23,0xe5,0x34, 
	0x03,0x65,0x8c,0x03, 
	0xc2,0x21,0x2e,0xb2, 
	0x21,0x2c,0xa2,0x6c, 
	0xbc,0xb2,0x2b,0x25, 
	0xb9,0x01,0xb7,0xa2, 
	0x0a,0xb2,0xdb,0x80, 
	0xd2,0x21,0x2c,0xb9, 
	0x01,0xb2,0x6d,0x25, 
	0xa2,0x21,0x30,0xa8, 
	0x2a,0x65,0x0d,0x04, 
	0xa2,0x61,0x25,0xb2, 
	0x61,0x24,0xa8,0x01, 
	0x65,0x0d,0x04,0xd2, 
	0x21,0x2f,0xc2,0x21, 
	0x31,0x25,0x31,0x03, 
	0xdd,0x0b,0xcd,0x0a, 
	0xb2,0x21,0x24,0xa2, 
	0x21,0x25,0x65,0x30, 
	0x03,0x25,0x83,0x03, 
	0xb2,0x21,0x3e,0xd2, 
	0x21,0x2c,0xc2,0x21, 
	0x18,0xa2,0x6d,0x25, 
	0xc2,0x2c,0xf7,0x1b, 
	0xdb,0xd0,0xb0,0xf4, 
	0xc7,0xbb,0x02,0x86, 
	0xca,0xff,0xa2,0x04, 
	0xa0,0xdd,0x0a,0xac, 
	0xda,0x0c,0x0c,0x0b, 
	0xea,0x1b,0xcc,0xc0, 
	0xc0,0xf4,0xa6,0x1e, 
	0x1f,0x0c,0x0b,0x30, 
	0xdb,0xa0,0xf8,0x0d, 
	0x1b,0xbb,0x28,0x1d, 
	0xb0,0xb0,0xf4,0xf7, 
	0xb2,0x08,0xf9,0x1d, 
	0x29,0x0d,0xa2,0x04, 
	0xa0,0x0b,0xea,0xe7, 
	0x2b,0xe4,0xa0,0xd0, 
	0xf4,0xd7,0x3c,0xd4, 
	0xb2,0x04,0xa1,0xfd, 
	0x0b,0xbc,0x2b,0x0c, 
	0x0c,0x0b,0xeb,0x1b, 
	0xcc,0xc0,0xc0,0xf4, 
	0xa6,0x1e,0x1f,0x0c, 
	0x0a,0x30,0xda,0xa0, 
	0xf8,0xcd,0x1b,0xaa, 
	0x28,0xdd,0xa0,0xa0, 
	0xf4,0xf7,0xb2,0x08, 
	0xf9,0xdd,0x29,0xcd, 
	0xb2,0x04,0xa1,0x0b, 
	0xeb,0xe7,0x2a,0xe4, 
	0xb0,0xf0,0xf4,0xf7, 
	0x3c,0xd4,0xa2,0x04, 
	0xa0,0xdd,0x0a,0xac, 
	0xbd,0x0c,0x0b,0x0c, 
	0x1e,0x30,0x8b,0xa0, 
	0xba,0x43,0x5a,0x44, 
	0x92,0xd8,0x05,0x32, 
	0x21,0x3b,0x88,0x08, 
	0x82,0x69,0x1c,0xe2, 
	0x44,0xc0,0x38,0x73, 
	0x1b,0xbb,0x7a,0x43, 
	0xa2,0x04,0xa0,0xb0, 
	0xb0,0xf4,0xa7,0x3b, 
	0xd9,0xb2,0x04,0xa1, 
	0xfd,0x0b,0xbc,0x6f, 
	0x0c,0x0a,0xb2,0x04, 
	0xa0,0x30,0x9a,0xa0, 
	0x98,0xc9,0xaa,0xbb, 
	0x30,0xbb,0xa0,0xb2, 
	0xdb,0x05,0x92,0x6b, 
	0x1c,0x82,0x04,0xa0, 
	0x0c,0x04,0xaa,0x88, 
	0x8a,0x83,0x32,0x21, 
	0x3b,0x5a,0x88,0x42, 
	0x48,0xc0,0x38,0x73, 
	0x1b,0xaa,0x7a,0x43, 
	0xb2,0x04,0xa1,0xa0, 
	0xa0,0xf4,0xb7,0x3a, 
	0xcc,0xa2,0x04,0xa0, 
	0xba,0xca,0xc2,0x61, 
	0x3a,0xa6,0x1c,0x66, 
	0x0c,0x08,0xf2,0x21, 
	0x3a,0x82,0x61,0x26, 
	0x0b,0xff,0xa6,0x1f, 
	0x48,0x0c,0x0e,0x30, 
	0xce,0xa0,0xc2,0xdc, 
	0x02,0x22,0x2c,0xdc, 
	0xd2,0x2c,0xdd,0x27, 
	0xbd,0x2f,0x22,0x6c, 
	0xdd,0xea,0xa3,0xd2, 
	0x6c,0xdc,0x32,0x21, 
	0x3b,0x5a,0xaa,0x42, 
	0x0a,0xc0,0x92,0x0a, 
	0xc1,0x92,0x4a,0xc0, 
	0x88,0x73,0xea,0x88, 
	0x5a,0x88,0x42,0x48, 
	0xc1,0x38,0x73,0x7a, 
	0x43,0xb2,0x04,0xa1, 
	0xa2,0x04,0xa0,0xba, 
	0xfa,0xf2,0x61,0x3a, 
	0x0b,0xff,0x1b,0xee, 
	0xe0,0xe0,0xf4,0xf7, 
	0x2e,0xb8,0x82,0x21, 
	0x26,0x92,0x21,0x3a, 
	0x1b,0xc8,0xc0,0x80, 
	0xf4,0x82,0x61,0x26, 
	0x97,0x28,0xa2,0x21, 
	0xe4,0x72,0xba,0xea, 
	0xe0,0xe0,0x74,0xe2, 
	0x44,0xa7,0x16,0x7e, 
	0x35,0x0c,0x0a,0xd1, 
	0xf1,0x72,0xaa,0xf3, 
	0x5a,0xff,0xb2,0x0f, 
	0xc0,0xf2,0x0f,0xc1, 
	0x0b,0x8b,0xb7,0x9f, 
	0x2c,0x56,0x48,0x0d, 
	0x30,0xba,0xa0,0xb2, 
	0xdb,0x02,0xf2,0x2b, 
	0xdd,0x5a,0xc3,0xd7, 
	0x1f,0x2c,0xc2,0x04, 
	0xb2,0xac,0x0c,0xe2, 
	0x2b,0xdc,0xe7,0x32, 
	0x02,0xf7,0x32,0x18, 
	0x62,0x6b,0xdd,0xf2, 
	0x04,0xa0,0xe2,0x04, 
	0xa7,0x0b,0xff,0xf2, 
	0x44,0xa0,0x1b,0xaa, 
	0xa0,0xa0,0xf4,0xe7, 
	0x3a,0xbb,0xc6,0xc2, 
	0x00,0x62,0x6b,0xdc, 
	0xc6,0xf8,0xff,0xc2, 
	0x0c,0xc0,0x56,0x9c, 
	0x07,0x92,0xd3,0x02, 
	0x82,0x29,0xdc,0x26, 
	0xd8,0xdf,0xc2,0xd3, 
	0x0a,0x62,0x6b,0xdd, 
	0xe2,0x04,0xa8,0x82, 
	0x29,0xdc,0x1b,0xee, 
	0x82,0x6c,0xeb,0xe0, 
	0xe0,0x74,0xc2,0x04, 
	0xa7,0xe2,0x44,0xa8, 
	0xea,0xcc,0x30,0xcc, 
	0xa0,0xc2,0xdc,0x05, 
	0x82,0x6c,0x1b,0xe2, 
	0x04,0xa8,0xc2,0x04, 
	0xa7,0x0c,0x08,0xea, 
	0xcc,0xca,0xc3,0x32, 
	0x21,0x3b,0x5a,0xcc, 
	0x82,0x4c,0xbf,0x88, 
	0x73,0x7a,0xc8,0x42, 
	0x0c,0xa8,0xe2,0x0c, 
	0xa7,0x1b,0x44,0x40, 
	0x40,0x74,0x4a,0xee, 
	0x42,0x4c,0xa8,0x80, 
	0xee,0xa0,0xe2,0xde, 
	0x05,0xf2,0x6e,0x1b, 
	0xe2,0x0c,0xa8,0xc2, 
	0x0c,0xa7,0x0c,0x14, 
	0xea,0xcc,0xca,0x88, 
	0x5a,0x88,0x42,0x48, 
	0xbf,0x38,0x73,0x7a, 
	0x43,0xe2,0x04,0xa7, 
	0x86,0xdb,0xff,0xe2, 
	0x04,0xb2,0x8c,0xde, 
	0x82,0x2b,0xdc,0x87, 
	0x32,0x02,0xf7,0x32, 
	0x05,0x62,0x6b,0xdd, 
	0xc6,0xd3,0xff,0x62, 
	0x6b,0xdc,0x46,0xd2, 
	0xff,0x56,0x1b,0xf5, 
	0x30,0xba,0xa0,0xb2, 
	0xdb,0x02,0xf2,0x2b, 
	0xdc,0x26,0xdf,0x24, 
	0xc2,0x04,0xb2,0x9c, 
	0x8c,0xf7,0x32,0x05, 
	0xe2,0x2b,0xdd,0xe7, 
	0x32,0x10,0x62,0x6b, 
	0xdc,0xf2,0x04,0xa1, 
	0x0b,0xff,0xf2,0x44, 
	0xa1,0xe2,0x04,0xa7, 
	0x86,0xc9,0xff,0x62, 
	0x6b,0xdd,0xc6,0xfa, 
	0xff,0xea,0xc3,0x5a, 
	0xcc,0x82,0x0c,0xbf, 
	0x0b,0x88,0x56,0x18, 
	0x21,0x30,0x9e,0xa0, 
	0x92,0xd9,0x05,0x92, 
	0x29,0x1b,0xd0,0xf9, 
	0xc0,0x56,0x5f,0x1a, 
	0xe2,0x0c,0xbe,0x0b, 
	0xee,0x56,0xde,0x11, 
	0x82,0xd3,0x02,0xb2, 
	0x28,0xdd,0x62,0x68, 
	0xdd,0xf2,0x04,0xa7, 
	0x30,0xff,0xa0,0xf2, 
	0xdf,0x05,0x62,0x6f, 
	0x1b,0xe2,0x04,0xa8, 
	0xc2,0x04,0xa7,0x1b, 
	0xee,0xe0,0xe0,0x74, 
	0xea,0xcc,0xe2,0x44, 
	0xa8,0x82,0x28,0xdc, 
	0x30,0xcc,0xa0,0xc2, 
	0xdc,0x05,0x82,0x6c, 
	0x1b,0x62,0x04,0xa8, 
	0xf2,0x04,0xa7,0x0c, 
	0x04,0x6a,0xff,0xfa, 
	0xf3,0x32,0x21,0x3b, 
	0x5a,0xff,0x42,0x4f, 
	0xbf,0x68,0x73,0xf2, 
	0xd6,0x0a,0x7a,0x86, 
	0xe2,0x08,0xa8,0xc2, 
	0x08,0xa7,0x1b,0xee, 
	0xe2,0x48,0xa8,0xe0, 
	0xe0,0x74,0xea,0xec, 
	0x60,0xee,0xa0,0x60, 
	0xcc,0xa0,0xc2,0xdc, 
	0x05,0xe2,0xde,0x05, 
	0xc2,0x2c,0x1a,0xc2, 
	0x6f,0xec,0xc2,0x6e, 
	0x1b,0xc2,0x08,0xa8, 
	0x82,0x08,0xa7,0x0c, 
	0x1f,0xca,0x88,0x8a, 
	0x66,0x5a,0x66,0xf2, 
	0x46,0xbf,0x68,0x73, 
	0x7a,0x86,0xe2,0x08, 
	0xa8,0xc2,0x08,0xa7, 
	0x1b,0xee,0xe0,0xe0, 
	0x74,0xea,0xcc,0xe2, 
	0x48,0xa8,0x60,0xcc, 
	0xa0,0xc2,0xdc,0x05, 
	0xb2,0x6c,0x1b,0xc2, 
	0x08,0xa8,0x82,0x08, 
	0xa7,0xca,0x88,0x8a, 
	0x66,0x5a,0x66,0x42, 
	0x46,0xbf,0x68,0x73, 
	0x7a,0x86,0xe2,0x08, 
	0xa8,0xc2,0x08,0xa7, 
	0x1b,0xee,0xe0,0xe0, 
	0x74,0xea,0xcc,0xe2, 
	0x48,0xa8,0x60,0xcc, 
	0xa0,0xc2,0xdc,0x05, 
	0x92,0x6c,0x1b,0xc2, 
	0x08,0xa8,0x82,0x08, 
	0xa7,0xca,0x88,0x8a, 
	0x66,0x5a,0x66,0xf2, 
	0x46,0xbf,0x68,0x73, 
	0x7a,0x86,0xe2,0x08, 
	0xa8,0xc2,0x08,0xa7, 
	0x1b,0xee,0xe0,0xe0, 
	0x74,0xea,0xcc,0xe2, 
	0x48,0xa8,0x60,0xcc, 
	0xa0,0xc2,0xdc,0x05, 
	0xb2,0x6c,0x1b,0xb2, 
	0x08,0xa8,0x82,0x08, 
	0xa7,0xba,0x88,0x8a, 
	0x66,0x5a,0x66,0x42, 
	0x46,0xbf,0x38,0x73, 
	0x61,0x58,0x72,0x7a, 
	0x43,0xe2,0x04,0xa8, 
	0xb2,0x04,0xa7,0x1b, 
	0xee,0xe0,0xe0,0x74, 
	0xe2,0x44,0xa8,0x46, 
	0x16,0x00,0xc2,0x04, 
	0xa7,0xe2,0x04,0xa8, 
	0xb2,0x2b,0xdd,0x1b, 
	0xee,0xe0,0xe0,0x74, 
	0xe2,0x44,0xa8,0xea, 
	0xcc,0x30,0xcc,0xa0, 
	0xc2,0xdc,0x05,0xb2, 
	0x6c,0x1b,0x92,0x04, 
	0xa8,0x82,0x04,0xa7, 
	0x0c,0x04,0x9a,0x88, 
	0x8a,0x83,0x32,0x21, 
	0x3b,0x5a,0x88,0x42, 
	0x48,0xbf,0x38,0x73, 
	0x82,0xd3,0x0a,0x7a, 
	0x43,0x30,0xfa,0xa0, 
	0xf2,0xdf,0x05,0x62, 
	0x6f,0x1d,0xb2,0x04, 
	0xa7,0xe2,0x04,0xa8, 
	0x30,0x9b,0xa0,0x1b, 
	0xee,0xe0,0xe0,0x74, 
	0x92,0xd9,0x05,0x92, 
	0x29,0x1b,0x92,0x68, 
	0xec,0xe2,0x44,0xa8, 
	0xea,0xfb,0x30,0xff, 
	0xa0,0xf2,0xdf,0x05, 
	0x92,0x6f,0x1b,0xc2, 
	0x04,0xa8,0x82,0x04, 
	0xa7,0x0c,0x14,0xca, 
	0x88,0x8a,0x83,0x32, 
	0x21,0x3b,0x5a,0x88, 
	0x42,0x48,0xbf,0x38, 
	0x73,0x7a,0x43,0x86, 
	0x8c,0xff,0xc2,0x04, 
	0xa7,0xe2,0x04,0xa8, 
	0xb2,0x2b,0xdd,0x1b, 
	0xee,0xe0,0xe0,0x74, 
	0xe2,0x44,0xa8,0xea, 
	0xcc,0x30,0xcc,0xa0, 
	0xc2,0xdc,0x05,0xb2, 
	0x6c,0x1b,0x92,0x04, 
	0xa8,0x82,0x04,0xa7, 
	0x0c,0x04,0x9a,0x88, 
	0x8a,0x83,0x32,0x21, 
	0x3b,0x5a,0x88,0x42, 
	0x48,0xbf,0x38,0x73, 
	0x82,0xd3,0x0a,0x7a, 
	0x43,0x30,0xfa,0xa0, 
	0xf2,0xdf,0x05,0x62, 
	0x6f,0x1d,0xb2,0x04, 
	0xa7,0xe2,0x04,0xa8, 
	0x30,0x9b,0xa0,0x1b, 
	0xee,0xe0,0xe0,0x74, 
	0x92,0xd9,0x05,0x92, 
	0x29,0x1b,0x92,0x68, 
	0xec,0xe2,0x44,0xa8, 
	0x06,0xdf,0xff,0x82, 
	0x04,0xb2,0x8c,0xd8, 
	0xf7,0x32,0x05,0x92, 
	0x2b,0xdd,0x97,0x32, 
	0x05,0x62,0x6b,0xdc, 
	0x46,0x6e,0xff,0x62, 
	0x6b,0xdd,0xc6,0x6c, 
	0xff,0xf2,0x04,0xa8, 
	0xfa,0xfe,0xa6,0x1f, 
	0x69,0xa2,0xa0,0xff, 
	0x0c,0x0d,0x0b,0xef, 
	0x1b,0xdd,0xd0,0xd0, 
	0xf4,0xa6,0x1e,0x57, 
	0x0c,0x0b,0x30,0x8b, 
	0xa0,0x82,0xd8,0x05, 
	0x82,0x28,0x1c,0x67, 
	0x98,0x41,0xba,0x33, 
	0x5a,0x33,0xa2,0x43, 
	0xc0,0x32,0x21,0x3b, 
	0xc8,0x73,0xc0,0xfb, 
	0xa0,0xf2,0xdf,0x02, 
	0xba,0xcc,0x5a,0xcc, 
	0x42,0x2f,0xdc,0xe2, 
	0x2f,0xdd,0xe2,0x6f, 
	0xdc,0x42,0x6f,0xdd, 
	0x42,0x0c,0xc0,0x92, 
	0x0c,0xc1,0x92,0x4c, 
	0xc0,0x88,0x73,0xba, 
	0x88,0x5a,0x88,0x42, 
	0x48,0xc1,0x38,0x73, 
	0x7a,0x43,0x82,0x04, 
	0xa8,0xf2,0x04,0xa7, 
	0x8a,0xff,0x0b,0xef, 
	0x1b,0xbb,0xb0,0xb0, 
	0xf4,0xe7,0x2b,0xa9, 
	0xf7,0x2d,0x9c,0xf2, 
	0x04,0xa1,0xe2,0x04, 
	0xa0,0xfa,0xee,0xe2, 
	0x61,0x3a,0xa6,0x1e, 
	0x4f,0x0c,0x0b,0x0c, 
	0x0f,0x0c,0x07,0x30, 
	0xeb,0xa0,0xe2,0xde, 
	0x05,0xe2,0x2e,0x1c, 
	0xba,0x83,0x67,0x1e, 
	0x30,0x5a,0x88,0x82, 
	0x08,0xc0,0x66,0x18, 
	0x0f,0x30,0x87,0xa0, 
	0x1b,0x77,0x82,0xd8, 
	0x05,0xe9,0x48,0x70, 
	0x70,0x74,0x46,0x03, 
	0x00,0x30,0x8f,0xa0, 
	0x1b,0xff,0x82,0xd8, 
	0x05,0xe2,0x68,0x10, 
	0xf0,0xf0,0x74,0xa2, 
	0x04,0xa1,0x92,0x04, 
	0xa0,0xaa,0x99,0x92, 
	0x61,0x3a,0xc2,0x21, 
	0x3a,0x1b,0xbb,0xb0, 
	0xb0,0xf4,0xc7,0x2b, 
	0xb5,0x62,0xd3,0x13, 
	0xa2,0x21,0x3a,0xe5, 
	0xb1,0x03,0xd2,0x21, 
	0x29,0xc2,0x21,0x2a, 
	0x65,0xd5,0x02,0x25, 
	0x2d,0x03,0xa0,0x70, 
	0xf4,0x72,0x56,0x9a, 
	0x0b,0xc7,0x56,0x5c, 
	0x2c,0xe2,0x04,0xa0, 
	0x92,0x04,0xa1,0xe0, 
	0xd9,0xc0,0x16,0x4d, 
	0x6c,0x5a,0xf3,0xf2, 
	0x0f,0xc0,0x56,0x4f, 
	0x6f,0xea,0x89,0x8a, 
	0x83,0x5a,0x88,0x82, 
	0x08,0xbf,0x56,0x28, 
	0x35,0xa2,0xd3,0x02, 
	0x92,0x2a,0xc4,0x92, 
	0x63,0x18,0xa2,0x2a, 
	0xd1,0xa2,0x63,0x7c, 
	0x90,0xba,0xc0,0x97, 
	0x3a,0x02,0xc6,0x05, 
	0x02,0x91,0x55,0x71, 
	0x9a,0x9b,0x92,0x63, 
	0xe0,0x46,0x04,0x02, 
	0x81,0xd0,0x71,0xc0, 
	0x20,0x00,0xf1,0x3c, 
	0x71,0xe2,0x2f,0xbe, 
	0xa0,0xee,0x10,0x80, 
	0xee,0x20,0xc0,0x20, 
	0x00,0xe2,0x6f,0xbe, 
	0xc0,0x20,0x00,0xe1, 
	0x4d,0x71,0xd8,0x7e, 
	0xc0,0xdd,0x10,0xb0, 
	0xdd,0x20,0xc0,0x20, 
	0x00,0xd9,0x7e,0xf2, 
	0x21,0x3b,0xf8,0x3f, 
	0xf2,0x61,0x30,0xf2, 
	0x0f,0x1c,0x82,0xa0, 
	0x61,0x87,0x9f,0x0b, 
	0x81,0x40,0x71,0x91, 
	0x39,0x71,0xc0,0x20, 
	0x00,0x82,0x69,0x8c, 
	0x92,0x21,0x3b,0xb2, 
	0x21,0x30,0x98,0x79, 
	0xb2,0x0b,0x2f,0x7a, 
	0x49,0xb2,0xcb,0xd0, 
	0x56,0x0b,0x0b,0x0c, 
	0x0a,0xa2,0x44,0xb5, 
	0xa2,0x44,0xaa,0xb1, 
	0xb9,0x71,0xd1,0x4a, 
	0x71,0xa1,0xb6,0x71, 
	0xc0,0x20,0x00,0xf1, 
	0x38,0x71,0x81,0x45, 
	0x71,0xe8,0x5f,0x80, 
	0xee,0x10,0xd0,0xee, 
	0x20,0xc0,0x20,0x00, 
	0xe9,0x5f,0xc2,0x04, 
	0xb2,0x56,0x4c,0x04, 
	0xf1,0x38,0x71,0xc1, 
	0x31,0x71,0xc0,0x20, 
	0x00,0xc8,0x0c,0xa0, 
	0xcc,0x10,0xe1,0x2e, 
	0x71,0xf0,0xcc,0x20, 
	0xc0,0x20,0x00,0xc9, 
	0x0e,0xc1,0xaa,0x71, 
	0xc0,0x20,0x00,0xe1, 
	0x2a,0x71,0x88,0x1e, 
	0xb0,0x88,0x10,0xc0, 
	0x88,0x20,0xc0,0x20, 
	0x00,0x89,0x1e,0xc0, 
	0x20,0x00,0xf1,0x33, 
	0x71,0xc8,0x4e,0xf0, 
	0xcc,0x10,0xd0,0xcc, 
	0x20,0xc0,0x20,0x00, 
	0xc9,0x4e,0x86,0x0f, 
	0x00,0xe1,0x37,0x71, 
	0xc1,0x20,0x71,0xc0, 
	0x20,0x00,0xc8,0x0c, 
	0xa0,0xcc,0x10,0xd1, 
	0x1d,0x71,0xe0,0xcc, 
	0x20,0xc0,0x20,0x00, 
	0xc9,0x0d,0xc1,0x9a, 
	0x71,0xc0,0x20,0x00, 
	0xe1,0x19,0x71,0x88, 
	0x1e,0xb0,0x88,0x10, 
	0xc0,0x88,0x20,0xc0, 
	0x20,0x00,0x89,0x1e, 
	0xc0,0x20,0x00,0xf1, 
	0x0a,0x71,0xd8,0x4e, 
	0xf0,0xdd,0x20,0xc0, 
	0x20,0x00,0xd9,0x4e, 
	0x0c,0x0a,0xe2,0xd9, 
	0x1a,0xf2,0xd9,0x0a, 
	0xb2,0x21,0x20,0xc2, 
	0xd9,0x14,0x82,0xd9, 
	0x13,0x0c,0x0d,0xd2, 
	0x58,0x9a,0xd2,0x44, 
	0xa2,0xd2,0x58,0x9c, 
	0xd2,0x44,0xa1,0xd2, 
	0x44,0xa0,0xd9,0x9c, 
	0xd2,0x6b,0xa0,0xd2, 
	0x58,0x9e,0xd2,0x6f, 
	0xec,0xd2,0x6f,0xeb, 
	0xd2,0x44,0xa8,0xd2, 
	0x44,0xa4,0xd2,0x6f, 
	0xf8,0xd2,0x6f,0xf7, 
	0xd2,0x44,0xb1,0xd2, 
	0x4e,0x52,0xd2,0x5e, 
	0x28,0x90,0xba,0xa0, 
	0x69,0xcb,0x69,0x0b, 
	0x1b,0xaa,0xa0,0xa0, 
	0xf4,0xb2,0xdb,0x02, 
	0x62,0x6b,0xc4,0x62, 
	0x6b,0xd0,0xb6,0xaa, 
	0xe7,0x0c,0x0a,0x1c, 
	0x7c,0xd2,0x21,0x3b, 
	0xd8,0x7d,0x1b,0xfa, 
	0xd0,0xea,0xa0,0xaa, 
	0xdd,0xe2,0xde,0x05, 
	0xf0,0xa0,0xf4,0x62, 
	0x6e,0x1c,0x5a,0xdd, 
	0x22,0x4d,0xc0,0xa7, 
	0xbc,0xe2,0xe1,0xdf, 
	0x70,0x0c,0x0a,0x32, 
	0x21,0x3b,0xb2,0xa0, 
	0x63,0x38,0x73,0x0c, 
	0x08,0x30,0xca,0xa0, 
	0xaa,0x93,0x5a,0x99, 
	0xc2,0xdc,0x0e,0x32, 
	0x21,0x3b,0x82,0x6c, 
	0xc1,0x82,0x6c,0x5d, 
	0x82,0x49,0xd8,0x98, 
	0x73,0x90,0xca,0xa0, 
	0xd2,0xdc,0x12,0xf2, 
	0xdc,0x0a,0xaa,0x99, 
	0x7a,0x99,0x62,0x6f, 
	0x84,0x62,0x6f,0x20, 
	0x82,0x6f,0xf9,0x82, 
	0x6c,0xe0,0x62,0x6c, 
	0x18,0x62,0x6c,0x7c, 
	0x62,0x6d,0x25,0xc2, 
	0xdc,0x08,0x62,0x6c, 
	0x3c,0x82,0x49,0x3c, 
	0x38,0x73,0x30,0xca, 
	0xa0,0xd2,0xdc,0x05, 
	0x1b,0xaa,0xa0,0xa0, 
	0xf4,0x62,0x6d,0x34, 
	0xc2,0xdc,0x07,0x62, 
	0x6c,0x18,0xa7,0xbb, 
	0xa1,0x91,0xd6,0x70, 
	0xc0,0x20,0x00,0x98, 
	0x09,0xa1,0xd4,0x70, 
	0xe0,0x99,0x20,0xc0, 
	0x20,0x00,0x0c,0x18, 
	0x0c,0x4d,0xe2,0x21, 
	0x3b,0x0c,0x6f,0xe8, 
	0x2e,0x99,0x0a,0xf2, 
	0x4e,0x46,0xd2,0x4e, 
	0x61,0x82,0x4e,0x47, 
	0xa5,0xc0,0xfc,0xb2, 
	0x21,0x3b,0xb8,0x2b, 
	0xa9,0xeb,0xc6,0x0d, 
	0xfc,0x0c,0x0a,0xc0, 
	0x20,0x00,0xe1,0xd6, 
	0x70,0xc1,0xbd,0x70, 
	0xd2,0x22,0x80,0xc0, 
	0xca,0x10,0xe0,0xdd, 
	0x10,0xd0,0xcc,0x20, 
	0xc0,0x20,0x00,0xc2, 
	0x62,0x80,0xc6,0x05, 
	0xfc,0xb2,0xa0,0xc4, 
	0xe2,0xa7,0xd0,0xd7, 
	0x3e,0x02,0x86,0x6a, 
	0xff,0xd1,0x10,0x71, 
	0xc0,0x20,0x00,0x91, 
	0xa7,0x70,0x82,0x29, 
	0xbe,0xa0,0x88,0x10, 
	0xd0,0x88,0x20,0xc0, 
	0x20,0x00,0x82,0x69, 
	0xbe,0xc0,0x20,0x00, 
	0x81,0xb8,0x70,0xf8, 
	0x78,0xc0,0xff,0x10, 
	0xb0,0xff,0x20,0xc0, 
	0x20,0x00,0xf9,0x78, 
	0xc6,0x69,0xff,0x5a, 
	0x93,0x92,0x09,0xc0, 
	0x56,0x29,0x06,0xe2, 
	0x04,0xa0,0xc2,0x04, 
	0xa1,0xe0,0xcc,0xc0, 
	0x16,0x6c,0x46,0x16, 
	0x07,0x16,0x0c,0x0e, 
	0xb2,0xd3,0x02,0xf2, 
	0x2b,0xc4,0xd2,0x2b, 
	0xd1,0x30,0xae,0xa0, 
	0x52,0xda,0x02,0x1b, 
	0xee,0xf7,0xbd,0x1c, 
	0xf2,0x25,0xd2,0xf2, 
	0x6a,0x7c,0x82,0x25, 
	0xc4,0x82,0x6a,0x18, 
	0x80,0x5f,0xc0,0x87, 
	0xbf,0x10,0x91,0xa2, 
	0x70,0x9a,0x55,0x52, 
	0x6a,0xe0,0x06,0x02, 
	0x00,0xf2,0x25,0xd1, 
	0xc6,0xf7,0xff,0x52, 
	0x6a,0xe0,0x82,0xda, 
	0x0d,0x50,0x71,0x41, 
	0x70,0x7f,0xc0,0x72, 
	0x68,0x39,0x72,0x16, 
	0x9a,0xe0,0xe0,0xf4, 
	0x77,0x3e,0xb3,0x46, 
	0x10,0x00,0x16,0x97, 
	0x10,0x0c,0x0a,0x72, 
	0x16,0x9a,0x30,0xba, 
	0xa0,0xd2,0xdb,0x0d, 
	0xf2,0xdb,0x02,0x1b, 
	0xaa,0xa0,0xa0,0xf4, 
	0x82,0x2f,0xc4,0x82, 
	0x6b,0x18,0xf2,0x2f, 
	0xd0,0xf2,0x6b,0x7c, 
	0x80,0xef,0xc0,0x87, 
	0xbf,0x0a,0x81,0x8d, 
	0x70,0x8a,0xee,0xe2, 
	0x6b,0xe0,0x86,0x00, 
	0x00,0xe2,0x6b,0xe0, 
	0xe0,0xc1,0x41,0xc0, 
	0xcf,0xc0,0xc2,0x6d, 
	0x39,0x77,0x3a,0xc2, 
	0x16,0x77,0x0c,0x52, 
	0x21,0x31,0x0c,0x0b, 
	0xd2,0xd3,0x0a,0xe2, 
	0x21,0x3b,0xd2,0x61, 
	0x21,0xe8,0x3e,0xe2, 
	0x61,0x30,0x30,0x7b, 
	0xa0,0x72,0x61,0x19, 
	0x72,0xd7,0x0a,0x72, 
	0x61,0x2b,0x72,0x27, 
	0xf9,0xb2,0x61,0x3d, 
	0x77,0xa2,0x0b,0xb2, 
	0x61,0x3d,0x82,0x21, 
	0x2b,0x72,0xd7,0x80, 
	0x72,0x68,0xf9,0xa2, 
	0x21,0x21,0xa2,0x2a, 
	0xf1,0x65,0x74,0x03, 
	0xa2,0x61,0x1b,0xa2, 
	0x21,0x30,0xb2,0x61, 
	0x1a,0xa8,0x2a,0xa5, 
	0x73,0x03,0xa2,0x61, 
	0x1d,0xb2,0x61,0x1c, 
	0xad,0x07,0xa5,0x73, 
	0x03,0x72,0x21,0x2f, 
	0xcd,0x05,0xdd,0x07, 
	0x25,0x97,0x02,0xdd, 
	0x0b,0xcd,0x0a,0xb2, 
	0x21,0x1c,0xa2,0x21, 
	0x1d,0x65,0x96,0x02, 
	0xdd,0x0b,0xcd,0x0a, 
	0xb2,0x21,0x1a,0xa2, 
	0x21,0x1b,0xe5,0x59, 
	0x02,0x25,0xed,0x02, 
	0xb2,0x21,0x2b,0xa2, 
	0x6b,0x84,0xa2,0x21, 
	0x30,0xa8,0x2a,0xa5, 
	0x6f,0x03,0xa2,0x61, 
	0x1f,0xa2,0x21,0x19, 
	0xb2,0x61,0x1e,0xa2, 
	0x2a,0xe0,0xa5,0x6e, 
	0x03,0xdd,0x07,0xcd, 
	0x05,0x25,0x93,0x02, 
	0xdd,0x0b,0xcd,0x0a, 
	0xb2,0x21,0x1e,0xa2, 
	0x21,0x1f,0x65,0x92, 
	0x02,0xe5,0xe9,0x02, 
	0x72,0x16,0x9a,0xb2, 
	0x21,0x3d,0xe2,0x21, 
	0x2b,0x1b,0xcb,0xa2, 
	0x6e,0x20,0xc0,0xb0, 
	0xf4,0x77,0xbb,0x02, 
	0x86,0xd2,0xff,0xb6, 
	0x27,0x62,0x16,0xf7, 
	0x05,0x0b,0xb7,0x0c, 
	0x0f,0xf2,0x61,0x16, 
	0xa6,0x1b,0x47,0x0c, 
	0x0a,0x30,0xfa,0xa0, 
	0x1b,0xaa,0xe2,0xdf, 
	0x0a,0xc2,0x2e,0x84, 
	0xd2,0x2e,0x85,0xa0, 
	0xa0,0xf4,0xc7,0xbd, 
	0x2e,0xd2,0x6e,0x84, 
	0xc2,0x6e,0x85,0x22, 
	0x2e,0x20,0x72,0x16, 
	0x9a,0x52,0x2e,0x21, 
	0x0b,0xb7,0x52,0x6e, 
	0x20,0x22,0x6e,0x21, 
	0x22,0x2f,0x7c,0x52, 
	0x2f,0x7d,0x82,0x2f, 
	0x18,0x92,0x2f,0x19, 
	0x92,0x6f,0x18,0x82, 
	0x6f,0x19,0x52,0x6f, 
	0x7c,0x22,0x6f,0x7d, 
	0xb7,0x2a,0xb9,0xc2, 
	0x21,0x16,0x1b,0xdc, 
	0xd0,0xc0,0xf4,0xc2, 
	0x61,0x16,0x77,0x3c, 
	0xa6,0xe2,0x04,0xb2, 
	0xf2,0x04,0xad,0x0b, 
	0xee,0xf0,0x77,0xc0, 
	0x72,0x56,0x9a,0x56, 
	0xbe,0x19,0x82,0x04, 
	0xb7,0xf2,0x04,0xb6, 
	0x70,0x90,0x74,0x92, 
	0x61,0x14,0x92,0x44, 
	0xb9,0x70,0x70,0xf4, 
	0x80,0xff,0xc1,0xf2, 
	0x61,0x17,0x16,0xa7, 
	0x17,0x22,0xd3,0x0a, 
	0x0c,0x0e,0x0c,0x0d, 
	0xf1,0xb1,0x70,0x81, 
	0xaf,0x70,0x0c,0x0c, 
	0xc2,0x61,0x13,0x89, 
	0x41,0xf9,0x51,0xd2, 
	0x61,0x15,0xe2,0x61, 
	0x11,0xd1,0xad,0x70, 
	0xe1,0xac,0x70,0xe9, 
	0x61,0xd9,0x71,0x52, 
	0x21,0x11,0xf1,0xab, 
	0x70,0x30,0x55,0xa0, 
	0xa2,0xd5,0x0a,0xa2, 
	0x2a,0x20,0xa7,0x3f, 
	0x0e,0x81,0xa9,0x70, 
	0x91,0xa8,0x70,0x92, 
	0x61,0x15,0x82,0x61, 
	0x13,0x86,0x0a,0x00, 
	0xc1,0xa7,0x70,0xa7, 
	0x3c,0x24,0xa5,0x5d, 
	0x03,0xa9,0x31,0xb9, 
	0x21,0xd8,0x61,0xc8, 
	0x71,0xe5,0x81,0x02, 
	0x65,0xd9,0x02,0xb8, 
	0x21,0xd8,0x41,0xa2, 
	0x61,0x13,0xc8,0x51, 
	0xa8,0x31,0xe5,0x80, 
	0x02,0x65,0xd8,0x02, 
	0xa2,0x61,0x15,0x82, 
	0x21,0x17,0x0c,0x0b, 
	0x16,0xf8,0x0e,0x59, 
	0x11,0x30,0xab,0xa0, 
	0xd8,0x11,0x1b,0xbb, 
	0x52,0xda,0x06,0xc2, 
	0xda,0x02,0x72,0x2c, 
	0xf4,0xf2,0x2d,0x7c, 
	0xd2,0x2d,0x18,0xe2, 
	0x25,0x58,0x77,0x9d, 
	0x6e,0xe7,0xbf,0x6b, 
	0xe2,0x25,0xbc,0xf2, 
	0x21,0x15,0x82,0x21, 
	0x13,0xe7,0xbf,0x4d, 
	0x87,0xbe,0x4a,0x82, 
	0x22,0xf1,0x92,0x21, 
	0x14,0xe2,0xda,0x12, 
	0xe2,0x2e,0x25,0x30, 
	0xd9,0xa0,0xd2,0xdd, 
	0x0c,0xea,0x88,0x89, 
	0x4d,0xf2,0x04,0xb9, 
	0xe2,0x25,0xbc,0x30, 
	0xff,0xa0,0xf2,0xdf, 
	0x0a,0xe2,0x6f,0x20, 
	0xd2,0x04,0xb9,0x82, 
	0x2c,0xf4,0x30,0xdd, 
	0xa0,0x82,0x6d,0x18, 
	0xf2,0x04,0xb9,0xe2, 
	0x25,0x58,0x30,0xff, 
	0xa0,0xe2,0x6f,0x7c, 
	0xd2,0x04,0xb9,0x1b, 
	0xdd,0xd0,0x90,0x74, 
	0x92,0x61,0x14,0x92, 
	0x44,0xb9,0xf2,0x21, 
	0x17,0xb0,0xb0,0x74, 
	0xb7,0x1f,0x02,0x86, 
	0xde,0xff,0x72,0x16, 
	0x9a,0x86,0x18,0x00, 
	0xe7,0x9f,0xea,0xd7, 
	0xb7,0xe7,0xe2,0x25, 
	0xbc,0xd2,0x21,0x15, 
	0xf2,0x21,0x13,0xe7, 
	0xbd,0xdb,0xf7,0xbe, 
	0xd8,0xf2,0x22,0xf1, 
	0x82,0x21,0x14,0xd2, 
	0xda,0x12,0xd2,0x2d, 
	0x25,0x30,0x98,0xa0, 
	0x92,0xd9,0x0c,0xda, 
	0xff,0xf9,0x49,0xe2, 
	0x04,0xb9,0xd2,0x25, 
	0xbc,0x30,0xee,0xa0, 
	0xe2,0xde,0x0a,0xd2, 
	0x6e,0x20,0x92,0x04, 
	0xb9,0xf2,0x2c,0xf4, 
	0x30,0x99,0xa0,0xf2, 
	0x69,0x18,0xe2,0x04, 
	0xb9,0xd2,0x25,0x58, 
	0x30,0xee,0xa0,0xd2, 
	0x6e,0x7c,0x92,0x04, 
	0xb9,0x1b,0x99,0x90, 
	0x80,0x74,0x82,0x61, 
	0x14,0x82,0x44,0xb9, 
	0x86,0xe2,0xff,0xe2, 
	0x21,0x11,0x1b,0xfe, 
	0xf0,0xe0,0x74,0xe2, 
	0x61,0x11,0x77,0xbe, 
	0x02,0x86,0xaa,0xff, 
	0x82,0x21,0x14,0x82, 
	0x56,0x9a,0x92,0x21, 
	0x3b,0x0c,0x1b,0x98, 
	0x29,0x0c,0x08,0x82, 
	0x49,0x47,0xb2,0x49, 
	0x46,0xc0,0x20,0x00, 
	0xe1,0xb6,0x6f,0xf1, 
	0x20,0x70,0xd2,0x2e, 
	0x82,0xf0,0xdd,0x10, 
	0xf1,0x32,0x70,0xf0, 
	0xdd,0x20,0xc0,0x20, 
	0x00,0xd2,0x6e,0x82, 
	0xc1,0xc6,0x6f,0xc0, 
	0x20,0x00,0xe1,0xc1, 
	0x6f,0xc8,0x0c,0xd1, 
	0xc3,0x6f,0xe0,0xcc, 
	0x10,0xc0,0x20,0x00, 
	0x0c,0x29,0x0c,0x3a, 
	0xc9,0x0d,0xb2,0x44, 
	0xa3,0xb2,0x44,0xa2, 
	0xa2,0x44,0xa9,0x92, 
	0x44,0xaa,0xa5,0x7c, 
	0xfc,0x46,0xfd,0xfa, 
	0xaa,0xd3,0x0c,0x0c, 
	0xc2,0x4d,0xf4,0xc6, 
	0x44,0xfc,0x0c,0x0a, 
	0xc0,0x20,0x00,0x81, 
	0xc5,0x6f,0xe1,0xac, 
	0x6f,0xf2,0x22,0x80, 
	0xe0,0xea,0x10,0x80, 
	0xff,0x10,0xf0,0xee, 
	0x20,0xc0,0x20,0x00, 
	0xe2,0x62,0x80,0x86, 
	0xf4,0xfa,0xa2,0xd3, 
	0x02,0xb2,0x2a,0xc4, 
	0xb2,0x63,0x18,0xa2, 
	0x2a,0xd0,0xa2,0x63, 
	0x7c,0xb7,0x32,0x02, 
	0x46,0x57,0x00,0xa7, 
	0xb2,0x02,0xc6,0x55, 
	0x00,0xc1,0xa8,0x6f, 
	0xb0,0x9a,0xc0,0xca, 
	0x99,0x72,0x16,0x9a, 
	0x92,0x63,0xe0,0xe2, 
	0xd3,0x0d,0x90,0xd1, 
	0x41,0xd0,0xda,0xc0, 
	0xd2,0x6e,0x39,0x46, 
	0x1a,0xff,0xa2,0xd3, 
	0x02,0xb2,0x2a,0xc4, 
	0xb2,0x63,0x18,0xa2, 
	0x2a,0xd0,0xa2,0x63, 
	0x7c,0xb7,0x32,0x02, 
	0xc6,0x4a,0x00,0xa7, 
	0xb2,0x02,0x46,0x49, 
	0x00,0xc1,0x9a,0x6f, 
	0xb0,0x9a,0xc0,0xca, 
	0x99,0x72,0x16,0x9a, 
	0x92,0x63,0xe0,0xe2, 
	0xd3,0x0d,0x90,0xd1, 
	0x41,0xd0,0xda,0xc0, 
	0xd2,0x6e,0x39,0x46, 
	0x0c,0xff,0xc2,0xd3, 
	0x0a,0xf1,0x92,0x6f, 
	0xb2,0xd3,0x02,0x30, 
	0xde,0xa0,0xd2,0xdd, 
	0x05,0xd8,0x3d,0xd2, 
	0x63,0x18,0x92,0x2b, 
	0xd0,0x92,0x63,0x7c, 
	0xd0,0xd9,0xc0,0xfa, 
	0xdd,0xd2,0x63,0xe0, 
	0xd0,0xd1,0x41,0xd0, 
	0x99,0xc0,0x92,0x6c, 
	0xf9,0x82,0x2b,0xc4, 
	0xf2,0x2b,0xd1,0xc2, 
	0x61,0x21,0x87,0xbf, 
	0x7c,0xe2,0x2b,0xd0, 
	0x66,0xde,0x76,0x82, 
	0x04,0xa0,0x30,0x88, 
	0xa0,0x82,0xd8,0x05, 
	0x88,0x28,0x82,0x63, 
	0x19,0xf2,0x2b,0xd1, 
	0x91,0x80,0x6f,0x80, 
	0x8f,0xc0,0xf2,0x63, 
	0x7d,0x9a,0x88,0x82, 
	0x63,0xe1,0x80,0x81, 
	0x41,0x80,0xff,0xc0, 
	0x82,0x21,0x21,0x0c, 
	0x0e,0xf2,0x68,0xfa, 
	0xf6,0x37,0x02,0x46, 
	0xf0,0xfe,0x0c,0x2a, 
	0x30,0xaa,0xa0,0xf2, 
	0xda,0x02,0x92,0x2f, 
	0xc3,0x92,0x6a,0x18, 
	0xf2,0x2f,0xd0,0xf2, 
	0x6a,0x7c,0x90,0xbf, 
	0xc0,0x97,0xbf,0x0a, 
	0x81,0x71,0x6f,0x8a, 
	0xbb,0xb2,0x6a,0xe0, 
	0x86,0x00,0x00,0xb2, 
	0x6a,0xe0,0x72,0x16, 
	0x9a,0x1b,0xee,0xd2, 
	0xda,0x0d,0xb0,0xc1, 
	0x41,0xc0,0xcf,0xc0, 
	0xc2,0x6d,0x39,0x2b, 
	0xae,0xa0,0xa0,0xf4, 
	0x77,0x3a,0xc0,0x46, 
	0xdf,0xfe,0x72,0x16, 
	0x9a,0x0c,0x0b,0xf6, 
	0x27,0x02,0x86,0xdc, 
	0xfe,0x0c,0x1a,0x1b, 
	0xbb,0x72,0x16,0x9a, 
	0x30,0xaa,0xa0,0xf2, 
	0xda,0x02,0xd2,0x2f, 
	0xc3,0xd2,0x6a,0x18, 
	0xf2,0x2f,0xd0,0xf2, 
	0x6a,0x7c,0xd0,0xef, 
	0xc0,0xd7,0xbf,0x0a, 
	0x81,0x5c,0x6f,0x8a, 
	0xee,0xe2,0x6a,0xe0, 
	0x86,0x00,0x00,0xe2, 
	0x6a,0xe0,0xd2,0xda, 
	0x0d,0xe0,0xc1,0x41, 
	0x1b,0xab,0xc0,0xcf, 
	0xc0,0xc2,0x6d,0x39, 
	0xa0,0xa0,0xf4,0x77, 
	0x3a,0xc0,0x86,0xcb, 
	0xfe,0xb0,0x9a,0xc0, 
	0x46,0xaa,0xff,0xb0, 
	0x9a,0xc0,0xc6,0xb6, 
	0xff,0x9d,0x0b,0xb2, 
	0x63,0xe0,0x72,0x16, 
	0x9a,0xe2,0xd3,0x0d, 
	0x90,0xd1,0x41,0xd0, 
	0xda,0xc0,0xd2,0x6e, 
	0x39,0xc6,0xc2,0xfe, 
	0x36,0x41,0x00,0xad, 
	0x02,0xe5,0x6b,0xfc, 
	0x3c,0xa2,0x81,0x2f, 
	0x6f,0xc0,0x20,0x00, 
	0x22,0x68,0xb4,0x0c, 
	0x02,0x1d,0xf0,0x00, 
	0x36,0x41,0x00,0x28, 
	0x22,0x41,0x2a,0x6f, 
	0x32,0x02,0x5a,0xa1, 
	0x45,0x6f,0x16,0x63, 
	0x0a,0x0c,0x06,0xc0, 
	0x20,0x00,0x52,0x24, 
	0x94,0x52,0x42,0x49, 
	0x82,0xa0,0x64,0xc0, 
	0x20,0x00,0x32,0x24, 
	0x94,0x30,0x38,0x74, 
	0xc0,0x20,0x00,0xf2, 
	0x24,0x94,0xa0,0xff, 
	0x10,0x30,0xff,0x20, 
	0x80,0xff,0xc2,0xf2, 
	0x42,0x55,0xc0,0x20, 
	0x00,0xe2,0x24,0x94, 
	0xe0,0xe0,0xf5,0xa0, 
	0xee,0x10,0xc0,0x20, 
	0x00,0xd2,0x24,0x95, 
	0xd0,0xd0,0x74,0xe0, 
	0xdd,0x20,0x80,0xdd, 
	0xc2,0xd2,0x42,0x56, 
	0xc0,0x20,0x00,0xc2, 
	0x24,0x95,0xc0,0xc8, 
	0x74,0xc0,0x20,0x00, 
	0xb2,0x24,0x95,0xa0, 
	0xbb,0x10,0xc0,0xbb, 
	0x20,0x80,0xbb,0xc2, 
	0xb2,0x42,0x57,0xc0, 
	0x20,0x00,0x92,0x24, 
	0x95,0x90,0x90,0xf5, 
	0xa0,0x99,0x10,0xc0, 
	0x20,0x00,0x72,0x24, 
	0x96,0x70,0x70,0x74, 
	0x90,0x77,0x20,0x80, 
	0x77,0xc2,0x72,0x42, 
	0x58,0xc0,0x20,0x00, 
	0x52,0x24,0x96,0x62, 
	0x42,0x51,0x62,0x42, 
	0x52,0x62,0x42,0x53, 
	0x62,0x42,0x54,0x62, 
	0x42,0x4a,0x62,0x42, 
	0x4b,0x62,0x42,0x4c, 
	0x62,0x42,0x4e,0x62, 
	0x42,0x4f,0x50,0x58, 
	0x41,0x52,0x42,0x50, 
	0x2c,0xb8,0xc0,0x20, 
	0x00,0x82,0x64,0xb4, 
	0x0c,0x02,0x1d,0xf0, 
	0x36,0x41,0x00,0x98, 
	0x32,0x0c,0x03,0x92, 
	0x09,0x1c,0xa1,0xfb, 
	0x6e,0x82,0xc9,0xa0, 
	0x16,0x38,0x0e,0xb8, 
	0x22,0xc2,0xc9,0x9f, 
	0x16,0x0c,0x17,0x0c, 
	0x04,0x0c,0x0d,0x0c, 
	0x0e,0x0c,0x0f,0xcd, 
	0x03,0x0c,0x0a,0xc6, 
	0x00,0x00,0x0c,0x0c, 
	0xb8,0x22,0x92,0x0b, 
	0x49,0x21,0xeb,0x6e, 
	0x07,0x69,0x1b,0x8c, 
	0x4a,0x32,0x4b,0x4a, 
	0x06,0x04,0x00,0x82, 
	0x0b,0x55,0xa2,0x0b, 
	0x4a,0x87,0x3a,0x02, 
	0x06,0x71,0x00,0x1b, 
	0x9a,0x92,0x4b,0x4a, 
	0x92,0x0b,0x49,0x17, 
	0x69,0x1b,0x8c,0x44, 
	0x32,0x4b,0x4b,0x06, 
	0x04,0x00,0x82,0x0b, 
	0x56,0xa2,0x0b,0x4b, 
	0x87,0x3a,0x02,0x46, 
	0x6b,0x00,0x1b,0x9a, 
	0x92,0x4b,0x4b,0x92, 
	0x0b,0x49,0x27,0x69, 
	0x13,0x82,0x0b,0x57, 
	0xa2,0x0b,0x4c,0x87, 
	0x3a,0x02,0x06,0x58, 
	0x00,0x92,0x0b,0x49, 
	0x1b,0x8a,0x82,0x4b, 
	0x4c,0x37,0x69,0x15, 
	0xa2,0x0b,0x54,0x66, 
	0x1a,0x0c,0xcc,0x9c, 
	0xc2,0x4b,0x54,0xa8, 
	0x12,0xe5,0x54,0xfc, 
	0xc6,0x14,0x00,0xc2, 
	0x4b,0x54,0x47,0x69, 
	0x15,0xc2,0x0b,0x51, 
	0x66,0x1c,0x0c,0xcc, 
	0x9d,0xd2,0x4b,0x51, 
	0xa8,0x12,0x65,0x53, 
	0xfc,0x86,0x0e,0x00, 
	0xd2,0x4b,0x51,0x57, 
	0x69,0x15,0xd2,0x0b, 
	0x52,0x66,0x1d,0x0c, 
	0xcc,0x9e,0xe2,0x4b, 
	0x52,0xa8,0x12,0xe5, 
	0x51,0xfc,0x46,0x08, 
	0x00,0xe2,0x4b,0x52, 
	0x67,0x69,0x15,0xe2, 
	0x0b,0x53,0x66,0x1e, 
	0x0c,0xcc,0x9f,0xf2, 
	0x4b,0x53,0xa8,0x12, 
	0x25,0x50,0xfc,0x06, 
	0x02,0x00,0xf2,0x4b, 
	0x53,0x77,0x69,0x02, 
	0x32,0x4b,0x4e,0x0c, 
	0x02,0x1d,0xf0,0xf1, 
	0xc5,0x6e,0xc0,0x20, 
	0x00,0xf8,0x0f,0xf7, 
	0x7f,0x0b,0xc0,0x20, 
	0x00,0xa2,0x2a,0xbd, 
	0xa0,0xae,0x04,0x46, 
	0x00,0x00,0x0c,0x0a, 
	0xdd,0x0a,0x91,0xfb, 
	0x6e,0xc0,0x20,0x00, 
	0xb2,0x29,0xa7,0xb0, 
	0x4c,0x05,0xed,0x04, 
	0xc0,0x20,0x00,0xf2, 
	0x29,0xbf,0xb0,0xbc, 
	0x05,0xf0,0xf8,0x04, 
	0x16,0xab,0xef,0xc0, 
	0x20,0x00,0xc2,0x29, 
	0xa7,0xc0,0xc0,0x25, 
	0x16,0xec,0x0a,0xc0, 
	0x20,0x00,0x82,0x29, 
	0xa7,0x80,0x80,0x25, 
	0x0b,0x88,0x16,0x68, 
	0x0d,0xc0,0x20,0x00, 
	0xb2,0x29,0xa7,0xb0, 
	0xb0,0x25,0xb2,0xcb, 
	0xfe,0x16,0xcb,0x0c, 
	0xc0,0x20,0x00,0xc2, 
	0x29,0xa7,0xc0,0xc0, 
	0x25,0xc2,0xcc,0xfd, 
	0x16,0x2c,0x0c,0xc0, 
	0x20,0x00,0x0c,0x98, 
	0xb2,0x29,0xa7,0x0c, 
	0xf9,0xb0,0xb0,0x25, 
	0xb2,0xcb,0xfc,0xb0, 
	0x98,0x83,0xb8,0x42, 
	0x0c,0x18,0xb2,0x0b, 
	0x1d,0x0c,0x0c,0x90, 
	0xbb,0xc0,0xb0,0xc8, 
	0x83,0xc6,0xa7,0xff, 
	0xc1,0xa0,0x6e,0xc0, 
	0x20,0x00,0xc8,0x0c, 
	0xf7,0x7c,0x0b,0xc0, 
	0x20,0x00,0xa2,0x2a, 
	0xbd,0xa0,0xae,0x04, 
	0x46,0x00,0x00,0x0c, 
	0x0a,0xdd,0x0a,0xc1, 
	0x33,0x6f,0x92,0xa1, 
	0x80,0x9a,0x9b,0xc0, 
	0x20,0x00,0xc2,0x2c, 
	0xa9,0xc0,0xc8,0x75, 
	0xdc,0x5c,0xc2,0x09, 
	0xf1,0xb6,0x9c,0x2e, 
	0xc2,0x09,0xf2,0xb6, 
	0x3c,0x68,0x32,0x49, 
	0xf1,0x32,0x49,0xf2, 
	0x0c,0x0c,0xc6,0x01, 
	0x00,0x32,0x49,0xf1, 
	0x32,0x49,0xf2,0x0c, 
	0x1c,0x0c,0x0f,0x0c, 
	0x0e,0x0c,0x04,0xc6, 
	0x92,0xff,0xa8,0x12, 
	0x25,0x40,0xfc,0x06, 
	0xc2,0xff,0x0c,0x09, 
	0x86,0xe2,0xff,0xe1, 
	0x8d,0x6e,0xc0,0x20, 
	0x00,0xe2,0x2e,0xa2, 
	0xf7,0x6e,0x0a,0xf2, 
	0x09,0xf2,0xc2,0x09, 
	0xf1,0x1b,0xff,0xf2, 
	0x49,0xf2,0x1b,0x8c, 
	0x82,0x49,0xf1,0x0c, 
	0x1c,0x06,0xf2,0xff, 
	0xa8,0x12,0x65,0x3d, 
	0xfc,0x86,0xb6,0xff, 
	0xa8,0x12,0xe5,0x3c, 
	0xfc,0x86,0xb4,0xff, 
	0x0c,0x29,0x06,0xd5, 
	0xff,0x0c,0x49,0xc6, 
	0xd3,0xff,0x0c,0x89, 
	0x86,0xd2,0xff,0x32, 
	0x49,0xf1,0x32,0x49, 
	0xf2,0x0c,0x1c,0x86, 
	0xe7,0xff,0x00,0x00, 
	0x36,0x41,0x00,0x71, 
	0xb0,0x6e,0x0c,0x09, 
	0x41,0x6a,0x6e,0xc0, 
	0x20,0x00,0x92,0x64, 
	0xa4,0xc0,0x20,0x00, 
	0x92,0x64,0xa5,0xc0, 
	0x20,0x00,0x92,0x64, 
	0xa6,0xc0,0x20,0x00, 
	0x92,0x64,0xa7,0xc0, 
	0x20,0x00,0x92,0x64, 
	0xa8,0xc0,0x20,0x00, 
	0x92,0x64,0xa9,0xc0, 
	0x20,0x00,0x82,0x24, 
	0x94,0x61,0xc7,0x6e, 
	0x80,0x58,0x74,0x80, 
	0x80,0x75,0x80,0x88, 
	0x11,0x80,0x55,0x20, 
	0x6a,0x55,0xf6,0xb5, 
	0x45,0xb1,0xfc,0x6e, 
	0x50,0xa5,0x90,0xba, 
	0xaa,0xa0,0x0a,0x00, 
	0x06,0x0b,0x00,0xc6, 
	0x61,0x00,0x46,0x5b, 
	0x00,0x06,0x56,0x00, 
	0x86,0x4f,0x00,0x86, 
	0x49,0x00,0x46,0x09, 
	0x00,0x86,0x08,0x00, 
	0xc6,0x43,0x00,0x86, 
	0x36,0x00,0x86,0x32, 
	0x00,0xc6,0x24,0x00, 
	0xc6,0x20,0x00,0x06, 
	0x07,0x00,0x86,0x19, 
	0x00,0x06,0x0a,0x00, 
	0xc8,0x32,0xc2,0x0c, 
	0x1e,0xc0,0x20,0x00, 
	0xc2,0x64,0xa4,0x2c, 
	0x8d,0xc0,0x20,0x00, 
	0xd2,0x64,0xb4,0x0c, 
	0x02,0x1d,0xf0,0xc0, 
	0x20,0x00,0xe2,0x27, 
	0x94,0xe0,0xe4,0x04, 
	0xc0,0x20,0x00,0xe2, 
	0x64,0xa4,0x46,0xf8, 
	0xff,0xf8,0x32,0x32, 
	0x0f,0x30,0x62,0x0f, 
	0x34,0x52,0x0f,0x33, 
	0xa0,0x66,0x11,0x90, 
	0x55,0x11,0x60,0x55, 
	0x20,0x62,0x0f,0x31, 
	0xb0,0x33,0x11,0xb0, 
	0x66,0x11,0x60,0x33, 
	0x20,0x50,0x33,0x20, 
	0x52,0x0f,0x32,0xf2, 
	0x0f,0x35,0xb0,0x55, 
	0x11,0x50,0xff,0x20, 
	0x30,0xff,0x20,0xc0, 
	0x20,0x00,0xf2,0x64, 
	0xa4,0x86,0xe9,0xff, 
	0x88,0x32,0x92,0x08, 
	0x2e,0x82,0x08,0x2d, 
	0xf0,0x99,0x11,0x90, 
	0x88,0x20,0xc0,0x20, 
	0x00,0x82,0x64,0xa4, 
	0xc6,0xe3,0xff,0x98, 
	0x32,0x98,0x29,0xc0, 
	0x20,0x00,0x92,0x64, 
	0xa4,0x86,0xe0,0xff, 
	0xc8,0x32,0xa2,0x0c, 
	0x27,0xc8,0x2c,0xc0, 
	0xaa,0x11,0xc0,0xd8, 
	0x74,0xc0,0xb8,0x75, 
	0xb0,0xaa,0x20,0x00, 
	0xdd,0x11,0x80,0xbc, 
	0x01,0xa0,0xa0,0x74, 
	0xc0,0xc0,0x75,0xd0, 
	0xbb,0x20,0x80,0xcc, 
	0x11,0xc0,0xaa,0x20, 
	0xb0,0xaa,0x20,0xc0, 
	0x20,0x00,0xa2,0x64, 
	0xa4,0x86,0xd3,0xff, 
	0xd8,0x32,0xd8,0x0d, 
	0xc0,0x20,0x00,0xd2, 
	0x64,0xa4,0x46,0xd0, 
	0xff,0x38,0x32,0xe2, 
	0x03,0x1b,0x52,0x03, 
	0x1d,0xf2,0x03,0x1c, 
	0xc0,0x55,0x11,0x80, 
	0xff,0x11,0xd0,0xee, 
	0x11,0x50,0xff,0x20, 
	0x52,0x03,0x1a,0x32, 
	0x03,0x19,0xe0,0x55, 
	0x11,0x50,0x33,0x20, 
	0x30,0xee,0x20,0xf0, 
	0xee,0x20,0xc0,0x20, 
	0x00,0xe2,0x64,0xa4, 
	0xc6,0xc3,0xff,0x88, 
	0x32,0x82,0x08,0x2f, 
	0xc0,0x20,0x00,0x82, 
	0x64,0xa4,0x46,0xc0, 
	0xff,0x91,0x0b,0x6e, 
	0xc0,0x20,0x00,0x92, 
	0x29,0x9a,0x90,0x90, 
	0x05,0xc0,0x20,0x00, 
	0x92,0x64,0xa4,0x06, 
	0xbb,0xff,0xa8,0x32, 
	0xb2,0x0a,0x2b,0xa2, 
	0x0a,0x2c,0xc0,0xbb, 
	0x11,0xb0,0xaa,0x20, 
	0xc0,0x20,0x00,0xa2, 
	0x64,0xa4,0x46,0xb5, 
	0xff,0xc0,0x20,0x00, 
	0xb2,0x27,0x80,0xb0, 
	0xb0,0x04,0xc0,0x20, 
	0x00,0xb2,0x64,0xa4, 
	0xc6,0xb0,0xff,0xc8, 
	0x32,0xd2,0x0c,0x28, 
	0xc2,0x0c,0x2a,0x90, 
	0xdd,0x11,0xd0,0xcc, 
	0x20,0xc0,0x20,0x00, 
	0xc2,0x64,0xa4,0x06, 
	0xab,0xff,0xd8,0x32, 
	0xe2,0x0d,0x23,0xf2, 
	0x0d,0x1f,0x52,0x0d, 
	0x22,0x32,0x0d,0x21, 
	0xc0,0x55,0x11,0xb0, 
	0x33,0x11,0x50,0x33, 
	0x20,0x52,0x0d,0x20, 
	0x90,0xff,0x11,0xa0, 
	0x55,0x11,0x50,0xff, 
	0x20,0x30,0xff,0x20, 
	0x32,0x0d,0x24,0xd0, 
	0xee,0x11,0xe0,0x33, 
	0x11,0x30,0xee,0x20, 
	0xf0,0xee,0x20,0xf2, 
	0x0d,0x25,0xd2,0x0d, 
	0x26,0xf0,0xff,0x11, 
	0xf0,0xdd,0x20,0xe0, 
	0xdd,0x20,0xc0,0x20, 
	0x00,0xd2,0x64,0xa4, 
	0xc6,0x97,0xff,0x00, 
	0x36,0x41,0x00,0x0c, 
	0x08,0x31,0xde,0x6d, 
	0xc0,0x20,0x00,0x82, 
	0x63,0xa4,0xc0,0x20, 
	0x00,0x82,0x63,0xa5, 
	0xc0,0x20,0x00,0x82, 
	0x63,0xa6,0xc0,0x20, 
	0x00,0x82,0x63,0xa7, 
	0xc0,0x20,0x00,0x82, 
	0x63,0xa8,0xc0,0x20, 
	0x00,0x48,0x32,0x58, 
	0x02,0x82,0x63,0xa9, 
	0x62,0x05,0x01,0x42, 
	0x04,0x1c,0x52,0x05, 
	0x00,0xc0,0x66,0x11, 
	0x60,0x55,0x20,0x50, 
	0x50,0x74,0x80,0x55, 
	0x11,0x50,0x44,0x20, 
	0xc0,0x20,0x00,0x42, 
	0x63,0xa4,0x2c,0xa2, 
	0xc0,0x20,0x00,0x22, 
	0x63,0xb4,0x2d,0x08, 
	0x1d,0xf0,0x00,0x00, 
	0x36,0x41,0x00,0x0c, 
	0x09,0x31,0xc7,0x6d, 
	0xc0,0x20,0x00,0x92, 
	0x63,0xa4,0xc0,0x20, 
	0x00,0x92,0x63,0xa5, 
	0xc0,0x20,0x00,0x92, 
	0x63,0xa6,0xc0,0x20, 
	0x00,0x92,0x63,0xa7, 
	0xc0,0x20,0x00,0x92, 
	0x63,0xa8,0xc0,0x20, 
	0x00,0x58,0x42,0x92, 
	0x63,0xa9,0x78,0x25, 
	0x68,0x15,0x70,0x88, 
	0x74,0x00,0x88,0x11, 
	0x80,0x77,0x01,0x80, 
	0x77,0x20,0x60,0x80, 
	0x74,0x80,0x88,0x11, 
	0x60,0x68,0x74,0x80, 
	0x66,0x20,0x70,0x66, 
	0x20,0xc0,0x20,0x00, 
	0x62,0x63,0xa4,0xf8, 
	0x05,0xd8,0x45,0xf0, 
	0xe0,0x75,0xf0,0x48, 
	0x74,0xd0,0xd0,0x31, 
	0x80,0xdd,0x01,0x80, 
	0x44,0x11,0xf0,0xf0, 
	0x74,0x00,0xff,0x11, 
	0x40,0xee,0x20,0xf0, 
	0xdd,0x20,0xe0,0xdd, 
	0x20,0xc0,0x20,0x00, 
	0xd2,0x63,0xa5,0xd8, 
	0x32,0xb8,0x45,0xd2, 
	0x0d,0x1c,0xb0,0xc0, 
	0x74,0x80,0xcc,0x11, 
	0xb0,0xb8,0x74,0xc0, 
	0xbb,0x20,0xc2,0x05, 
	0x18,0x00,0xdd,0x11, 
	0x80,0xcc,0x01,0xd0, 
	0xcc,0x20,0xc0,0xbb, 
	0x20,0xc0,0x20,0x00, 
	0xb2,0x63,0xa6,0x82, 
	0x05,0x1c,0xa8,0x55, 
	0xb8,0x35,0xa0,0xa0, 
	0x31,0xb0,0xc0,0x74, 
	0x00,0xcc,0x11,0x80, 
	0xaa,0x01,0xb0,0xb8, 
	0x74,0xc0,0xaa,0x20, 
	0xc2,0x05,0x19,0x80, 
	0xbb,0x11,0x90,0xcc, 
	0x11,0xc0,0x88,0x20, 
	0x80,0x80,0x74,0xb0, 
	0x88,0x20,0xa0,0x88, 
	0x20,0xc0,0x20,0x00, 
	0x82,0x63,0xa7,0x62, 
	0x05,0x1b,0x72,0x05, 
	0x1a,0x48,0x55,0xf0, 
	0x77,0x11,0x52,0x05, 
	0x1d,0x70,0x66,0x20, 
	0x80,0x66,0x01,0x00, 
	0x55,0x11,0x60,0x55, 
	0x20,0x40,0x60,0x74, 
	0x80,0x66,0x11,0x40, 
	0x48,0x74,0x60,0x44, 
	0x20,0x50,0x44,0x20, 
	0xc0,0x20,0x00,0x42, 
	0x63,0xa8,0x1c,0x52, 
	0xc0,0x20,0x00,0x22, 
	0x63,0xb4,0x2d,0x09, 
	0x1d,0xf0,0x00,0x00, 
	0x36,0x41,0x00,0x0c, 
	0x09,0x31,0x82,0x6d, 
	0xc0,0x20,0x00,0x92, 
	0x63,0xa4,0xc0,0x20, 
	0x00,0x92,0x63,0xa5, 
	0xc0,0x20,0x00,0x92, 
	0x63,0xa6,0xc0,0x20, 
	0x00,0x92,0x63,0xa7, 
	0xc0,0x20,0x00,0x92, 
	0x63,0xa8,0xc0,0x20, 
	0x00,0x48,0x52,0x92, 
	0x63,0xa9,0x68,0x24, 
	0x58,0x14,0x60,0x78, 
	0x74,0x00,0x77,0x11, 
	0x80,0x66,0x01,0x70, 
	0x66,0x20,0x50,0x70, 
	0x74,0x80,0x77,0x11, 
	0x50,0x58,0x74,0x70, 
	0x55,0x20,0x60,0x55, 
	0x20,0xc0,0x20,0x00, 
	0x52,0x63,0xa4,0xe8, 
	0x04,0xc8,0x44,0xe0, 
	0xd0,0x75,0xe0,0xf8, 
	0x74,0xc0,0xc0,0x31, 
	0x80,0xcc,0x01,0x80, 
	0xff,0x11,0xe0,0xe0, 
	0x74,0x00,0xee,0x11, 
	0xf0,0xdd,0x20,0xe0, 
	0xcc,0x20,0xd0,0xcc, 
	0x20,0xc0,0x20,0x00, 
	0xc2,0x63,0xa5,0xc8, 
	0x32,0xa8,0x44,0xc2, 
	0x0c,0x1c,0xa0,0xb0, 
	0x74,0x80,0xbb,0x11, 
	0xa0,0xa8,0x74,0xb0, 
	0xaa,0x20,0xb2,0x04, 
	0x18,0x00,0xcc,0x11, 
	0x80,0xbb,0x01,0xc0, 
	0xbb,0x20,0xb0,0xaa, 
	0x20,0xc0,0x20,0x00, 
	0xa2,0x63,0xa6,0x72, 
	0x04,0x1c,0x88,0x54, 
	0xa8,0x34,0x80,0x80, 
	0x31,0xa0,0xb0,0x74, 
	0x00,0xbb,0x11,0x80, 
	0x88,0x01,0xa0,0xa8, 
	0x74,0xb0,0x88,0x20, 
	0xb2,0x04,0x19,0x80, 
	0xaa,0x11,0x90,0xbb, 
	0x11,0xb0,0x77,0x20, 
	0x70,0x70,0x74,0xa0, 
	0x77,0x20,0x80,0x77, 
	0x20,0xc0,0x20,0x00, 
	0x72,0x63,0xa7,0x52, 
	0x04,0x1e,0x62,0x04, 
	0x1d,0x72,0x04,0x1a, 
	0x90,0x66,0x11,0xf0, 
	0x77,0x11,0x60,0x55, 
	0x20,0x62,0x04,0x1b, 
	0x50,0x50,0x74,0x48, 
	0x54,0x00,0x55,0x11, 
	0x70,0x66,0x20,0x80, 
	0x66,0x01,0x60,0x55, 
	0x20,0x40,0x60,0x74, 
	0x80,0x66,0x11,0x40, 
	0x48,0x74,0x60,0x44, 
	0x20,0x50,0x44,0x20, 
	0xc0,0x20,0x00,0x42, 
	0x63,0xa8,0x1c,0x62, 
	0xc0,0x20,0x00,0x22, 
	0x63,0xb4,0x2d,0x09, 
	0x1d,0xf0,0x00,0x00, 
	0x36,0x81,0x00,0x0c, 
	0xfc,0x0c,0x9f,0x0c, 
	0x85,0x0c,0x73,0x0c, 
	0x2d,0x0c,0x16,0x0c, 
	0x0a,0xe1,0x3f,0x6d, 
	0x78,0x32,0x91,0x7b, 
	0x6d,0xb2,0x07,0x1c, 
	0x41,0x38,0x6d,0x82, 
	0xcb,0xa0,0x16,0x28, 
	0x1a,0x82,0xcb,0x9f, 
	0x56,0x48,0x16,0x39, 
	0x51,0x88,0x52,0x89, 
	0x01,0xb1,0x3d,0x6d, 
	0xc0,0x20,0x00,0x32, 
	0x24,0xa0,0x30,0x30, 
	0xf4,0x39,0x18,0xc0, 
	0x20,0x00,0x32,0x2e, 
	0x39,0x30,0x30,0xb5, 
	0x39,0x28,0xc0,0x20, 
	0x00,0x32,0x29,0xb1, 
	0x30,0x38,0x41,0x39, 
	0x08,0x31,0xc8,0x6d, 
	0xc0,0x20,0x00,0x32, 
	0x23,0xa9,0x30,0x38, 
	0x75,0x32,0x48,0x18, 
	0xc0,0x20,0x00,0x32, 
	0x2e,0x35,0x30,0x37, 
	0x05,0x32,0x48,0x19, 
	0x38,0x37,0x39,0x38, 
	0xc0,0x20,0x00,0x32, 
	0x2b,0xbc,0x30,0x30, 
	0x05,0x32,0x48,0x1d, 
	0xc0,0x20,0x00,0x82, 
	0x2b,0xbc,0x38,0x51, 
	0x80,0x80,0x24,0x16, 
	0x18,0x1c,0x78,0x01, 
	0xc0,0x20,0x00,0x82, 
	0x2b,0xbc,0x80,0x80, 
	0x24,0x0b,0x88,0x9c, 
	0xb8,0xc0,0x20,0x00, 
	0x92,0x2b,0xbc,0x90, 
	0x90,0x24,0x92,0xc9, 
	0xfe,0x16,0xa9,0x1b, 
	0xc0,0x20,0x00,0xf2, 
	0x2b,0xbc,0xf0,0xf0, 
	0x24,0x66,0x3f,0x04, 
	0x0c,0xdf,0xf2,0x47, 
	0x1c,0xc0,0x20,0x00, 
	0xb2,0x2b,0xbc,0x0c, 
	0xb8,0xb0,0xb3,0x44, 
	0x87,0x3b,0x02,0x46, 
	0x31,0x00,0xf1,0xac, 
	0x6d,0xb0,0xcb,0x90, 
	0xfa,0xcc,0xa0,0x0c, 
	0x00,0x86,0x2f,0x00, 
	0x86,0x2d,0x00,0x06, 
	0x7a,0x00,0xc6,0x2d, 
	0x00,0x86,0x5b,0x00, 
	0x46,0x5b,0x00,0xc6, 
	0x75,0x00,0x46,0x5a, 
	0x00,0x06,0x73,0x00, 
	0x06,0x71,0x00,0x06, 
	0x6f,0x00,0x71,0x88, 
	0x6d,0x79,0x41,0x71, 
	0x88,0x6d,0x21,0xfb, 
	0x6c,0xa2,0x2b,0xa2, 
	0xa9,0x11,0xa5,0x9b, 
	0x02,0xa9,0x31,0xb9, 
	0x21,0xad,0x05,0x65, 
	0x9a,0x02,0x5d,0x0a, 
	0x6d,0x0b,0xad,0x03, 
	0x65,0x9a,0x02,0xd1, 
	0x7a,0x6d,0x0c,0x0c, 
	0x25,0xbe,0x01,0xdd, 
	0x0b,0xcd,0x0a,0xbd, 
	0x06,0xad,0x05,0xa5, 
	0xbd,0x01,0xdd,0x0b, 
	0xcd,0x0a,0xb8,0x21, 
	0xa8,0x31,0x25,0x81, 
	0x01,0x6d,0x0b,0x5d, 
	0x0a,0xc0,0x20,0x00, 
	0x88,0x11,0x82,0x62, 
	0xb9,0xc0,0x20,0x00, 
	0x32,0x62,0xba,0x65, 
	0x13,0x02,0xc0,0x20, 
	0x00,0xa2,0x62,0xbb, 
	0xad,0x07,0xa5,0x96, 
	0x02,0xdd,0x0b,0xcd, 
	0x0a,0xbd,0x06,0xad, 
	0x05,0x25,0x04,0x02, 
	0x96,0x2a,0x01,0xa8, 
	0x41,0x65,0x95,0x02, 
	0xdd,0x0b,0xcd,0x0a, 
	0xbd,0x06,0xad,0x05, 
	0xa5,0xf7,0x01,0xa6, 
	0x1a,0x11,0xa1,0x4e, 
	0x6d,0xc0,0x20,0x00, 
	0x92,0x24,0x80,0xa0, 
	0x99,0x10,0xc0,0x20, 
	0x00,0x92,0x64,0x80, 
	0x0c,0x02,0x1d,0xf0, 
	0x6d,0x0c,0xad,0x06, 
	0x46,0x00,0x00,0x0c, 
	0x3a,0xa2,0x47,0x1e, 
	0xc0,0x20,0x00,0xd1, 
	0x5a,0x6d,0xb8,0x22, 
	0x32,0x2e,0x3d,0x52, 
	0x2b,0x9f,0x77,0x73, 
	0x05,0xc1,0xf6,0x6c, 
	0xc0,0x33,0x20,0x57, 
	0xbd,0x02,0x06,0xcf, 
	0xff,0x71,0x55,0x6d, 
	0xe1,0x54,0x6d,0xe9, 
	0x41,0x46,0xce,0xff, 
	0xb8,0x42,0xc0,0x20, 
	0x00,0x82,0x24,0xa0, 
	0x80,0x80,0xf4,0x89, 
	0x1b,0xc0,0x20,0x00, 
	0x32,0x2e,0x39,0x30, 
	0x30,0xb5,0x39,0x2b, 
	0xc0,0x20,0x00,0x82, 
	0x29,0xb1,0x38,0x22, 
	0x80,0x88,0x41,0x89, 
	0x0b,0x32,0x03,0x5b, 
	0x16,0x83,0x07,0xc0, 
	0x20,0x00,0xe2,0x29, 
	0xbd,0xe0,0xe0,0xf5, 
	0xe2,0x4b,0x18,0xe8, 
	0x37,0xa2,0x4b,0x1c, 
	0xe9,0x3b,0xc0,0x20, 
	0x00,0x82,0x29,0xa7, 
	0x80,0x80,0x25,0xbc, 
	0x38,0xc0,0x20,0x00, 
	0x82,0x29,0xa7,0x80, 
	0x80,0x25,0x26,0x18, 
	0x2a,0xc0,0x20,0x00, 
	0xa2,0x29,0xa7,0xa0, 
	0xa0,0x25,0x26,0x2a, 
	0x36,0xc0,0x20,0x00, 
	0xd2,0x29,0xa7,0xd0, 
	0xd0,0x25,0x26,0x3d, 
	0x2c,0xc0,0x20,0x00, 
	0xe2,0x29,0xa7,0xe0, 
	0xe0,0x25,0x66,0x4e, 
	0x08,0xcd,0x0f,0xc6, 
	0x00,0x00,0xdd,0x0a, 
	0xcd,0x0d,0xc2,0x4b, 
	0x1d,0xc6,0xcf,0xff, 
	0x78,0x01,0xfd,0x0a, 
	0x86,0x98,0xff,0x0c, 
	0x6d,0x3d,0x0d,0xad, 
	0x03,0x06,0xcf,0xff, 
	0x0c,0x45,0xcd,0x05, 
	0x86,0xf8,0xff,0x0c, 
	0xcf,0x46,0x93,0xff, 
	0xc0,0x20,0x00,0x82, 
	0x29,0xbc,0xf7,0x78, 
	0x2f,0xc0,0x20,0x00, 
	0xe2,0x29,0xbd,0xe2, 
	0x4b,0x18,0x81,0xb4, 
	0x6c,0xc0,0x20,0x00, 
	0xe2,0x29,0x93,0x80, 
	0xee,0x20,0xc0,0x20, 
	0x00,0xe2,0x69,0x93, 
	0x81,0xaf,0x6c,0xc0, 
	0x20,0x00,0xe2,0x29, 
	0x93,0x80,0xee,0x10, 
	0xc0,0x20,0x00,0xe2, 
	0x69,0x93,0x46,0xd6, 
	0xff,0xc0,0x20,0x00, 
	0x82,0x29,0xb0,0x80, 
	0x88,0x05,0x56,0xd8, 
	0xf4,0xe2,0xa0,0xff, 
	0x06,0xd1,0xff,0x0c, 
	0xba,0x06,0xb8,0xff, 
	0x0c,0xaa,0xc6,0xb6, 
	0xff,0xad,0x05,0x86, 
	0xb5,0xff,0x0c,0x43, 
	0xc6,0xe3,0xff,0x0c, 
	0x5a,0x06,0xb3,0xff, 
	0x36,0x61,0x00,0x0c, 
	0x34,0x0c,0x16,0xd1, 
	0xf6,0x6c,0x0c,0x0c, 
	0xb1,0x2a,0x6d,0x0c, 
	0x07,0x51,0x29,0x6d, 
	0xe1,0x86,0x6c,0xa8, 
	0x32,0x38,0x02,0xf2, 
	0x0a,0x1c,0xf2,0x43, 
	0x02,0x82,0xcf,0xa0, 
	0x16,0xe8,0x0a,0x92, 
	0xa0,0x61,0x97,0x9f, 
	0x6a,0xd9,0x21,0xc9, 
	0x11,0xa8,0x3a,0xb9, 
	0x01,0x16,0x3a,0x06, 
	0xe5,0x7a,0x02,0xcd, 
	0x0a,0xdd,0x0b,0xad, 
	0x07,0xb8,0x01,0x65, 
	0xc8,0x01,0xd8,0x21, 
	0xc8,0x11,0xe5,0x9e, 
	0x01,0x65,0xf6,0x01, 
	0x7d,0x0a,0xe1,0x76, 
	0x6c,0x46,0x11,0x00, 
	0x7d,0x05,0xd8,0x42, 
	0xc0,0x20,0x00,0xb2, 
	0x2e,0xbd,0xb0,0xbb, 
	0x04,0xb2,0x4d,0x1b, 
	0xc2,0x03,0x01,0x66, 
	0x1c,0x26,0xe5,0xae, 
	0xfb,0x38,0x02,0xb8, 
	0x42,0xc2,0xa7,0xcf, 
	0xb2,0x0b,0x1b,0x77, 
	0xbc,0x01,0x5d,0x07, 
	0xc8,0x22,0xc8,0xcc, 
	0xc0,0xca,0xc0,0x57, 
	0xbc,0x02,0x06,0x20, 
	0x00,0x0b,0xdb,0x16, 
	0x5d,0x08,0x42,0x43, 
	0x01,0xb2,0x43,0x00, 
	0x0c,0x02,0x1d,0xf0, 
	0x7d,0x05,0x88,0x52, 
	0xc0,0x20,0x00,0xb2, 
	0x2e,0xbd,0xb0,0xbe, 
	0x04,0xb2,0x48,0x1b, 
	0xf2,0x03,0x01,0x66, 
	0x1f,0xe2,0xa5,0xaa, 
	0xfb,0x38,0x02,0xb8, 
	0x52,0xc2,0xa7,0xcf, 
	0xb2,0x0b,0x1b,0x77, 
	0xbc,0x01,0x5d,0x07, 
	0xc8,0x22,0xc8,0xcc, 
	0xc0,0xca,0xc0,0x57, 
	0x3c,0x32,0x66,0x1b, 
	0x36,0x0c,0x24,0x46, 
	0x0c,0x00,0xd9,0x21, 
	0xc9,0x11,0xa8,0x3a, 
	0xb9,0x01,0x16,0x6a, 
	0xf7,0x65,0x70,0x02, 
	0xcd,0x0a,0xdd,0x0b, 
	0xad,0x07,0xb8,0x01, 
	0xa5,0xbd,0x01,0xd8, 
	0x21,0xc8,0x11,0x65, 
	0x94,0x01,0xe5,0xeb, 
	0x01,0x7d,0x0a,0xe1, 
	0x4c,0x6c,0x06,0xd6, 
	0xff,0x66,0x1b,0x01, 
	0x0c,0x26,0x4d,0x06, 
	0x42,0x43,0x01,0x86, 
	0xe1,0xff,0x66,0x1b, 
	0x01,0x0c,0x26,0x4d, 
	0x06,0x46,0xde,0xff, 
	0x0c,0x24,0x06,0xdd, 
	0xff,0x00,0x00,0x00, 
	0x36,0x41,0x00,0x3c, 
	0xe2,0x31,0x3e,0x6c, 
	0xc0,0x20,0x00,0x22, 
	0x63,0xb4,0x0c,0x02, 
	0x1d,0xf0,0x00,0x00, 
	0x36,0x41,0x00,0x0c, 
	0x02,0x1d,0xf0,0x00, 
	0x36,0x41,0x00,0x0c, 
	0x0a,0x31,0x37,0x6c, 
	0xc0,0x20,0x00,0xa2, 
	0x63,0xa4,0xc0,0x20, 
	0x00,0xa2,0x63,0xa5, 
	0xc0,0x20,0x00,0xa2, 
	0x63,0xa6,0xc0,0x20, 
	0x00,0xa2,0x63,0xa7, 
	0xc0,0x20,0x00,0xa2, 
	0x63,0xa8,0xc0,0x20, 
	0x00,0xa2,0x63,0xa9, 
	0x91,0xd5,0x6c,0xc0, 
	0x20,0x00,0x92,0x63, 
	0xa4,0x81,0xd3,0x6c, 
	0xc0,0x20,0x00,0x82, 
	0x63,0xa5,0x3c,0x22, 
	0xc0,0x20,0x00,0x22, 
	0x63,0xb4,0x1d,0xf0, 
	0x36,0x41,0x00,0x98, 
	0x22,0x0c,0x04,0x42, 
	0x49,0x60,0x42,0x49, 
	0x48,0x88,0x02,0x42, 
	0x48,0x01,0x42,0x48, 
	0x00,0x25,0x9c,0xfb, 
	0x0c,0x1f,0xc8,0x22, 
	0xd2,0xa0,0x61,0x42, 
	0x4c,0x54,0x42,0x4c, 
	0x53,0x42,0x4c,0x52, 
	0x42,0x4c,0x51,0x42, 
	0x4c,0x4f,0x42,0x4c, 
	0x4e,0x42,0x4c,0x4d, 
	0x42,0x4c,0x4c,0x42, 
	0x4c,0x4b,0x42,0x4c, 
	0x4a,0xe8,0x32,0xa9, 
	0xcc,0xb2,0x0e,0x1c, 
	0x52,0xa0,0x60,0x82, 
	0xcb,0xa0,0x16,0x28, 
	0x0e,0x82,0xcb,0x9f, 
	0x16,0xc8,0x0d,0x92, 
	0xcb,0xc0,0x16,0x69, 
	0x0d,0xf2,0x4c,0x47, 
	0xb7,0xad,0x02,0xc6, 
	0x32,0x00,0x57,0xab, 
	0x02,0x46,0x31,0x00, 
	0x91,0x23,0x6c,0x31, 
	0x0f,0x6c,0xc0,0x20, 
	0x00,0x82,0x23,0x80, 
	0x90,0x88,0x10,0xc0, 
	0x20,0x00,0x82,0x63, 
	0x80,0xb2,0x0e,0x1c, 
	0xd7,0x9b,0x0b,0xb1, 
	0x1a,0x6c,0xd1,0x13, 
	0x6c,0xc0,0x20,0x00, 
	0xb2,0x6d,0x8c,0xf2, 
	0x4c,0x61,0x65,0x94, 
	0xfb,0xf2,0xa0,0x7b, 
	0x88,0x22,0xc8,0x32, 
	0xa9,0xe8,0x52,0x4c, 
	0x1c,0xf2,0x48,0x49, 
	0xe1,0x0d,0x6c,0xd1, 
	0xa6,0x6c,0xb1,0x1e, 
	0x6c,0xc0,0x20,0x00, 
	0xa2,0x23,0x81,0xe0, 
	0xaa,0x10,0xd0,0xaa, 
	0x20,0xc0,0x20,0x00, 
	0x98,0x72,0xa2,0x63, 
	0x81,0x82,0xd9,0x12, 
	0x92,0xd9,0x0a,0x42, 
	0x69,0xe9,0x42,0x69, 
	0xe8,0x42,0x68,0x8b, 
	0x42,0x68,0x8a,0xf1, 
	0x9c,0x6c,0xc0,0x20, 
	0x00,0xe2,0x23,0x87, 
	0xf0,0xee,0x10,0xc0, 
	0x20,0x00,0xe2,0x63, 
	0x87,0xd1,0xf5,0x6b, 
	0xe1,0xf4,0x6b,0xc0, 
	0x20,0x00,0xd8,0x0d, 
	0xf1,0xf3,0x6b,0xe0, 
	0xdd,0x20,0xc0,0x20, 
	0x00,0xe1,0x10,0x6c, 
	0xd9,0x0f,0xc8,0x3c, 
	0xd1,0x16,0x6c,0xc7, 
	0xbe,0x2f,0xc0,0x20, 
	0x00,0x92,0x23,0x86, 
	0xb0,0x99,0x10,0xc0, 
	0x20,0x00,0x92,0x63, 
	0x86,0xc8,0x42,0xa2, 
	0xa0,0xff,0xa2,0x4c, 
	0x18,0x42,0x4c,0x1a, 
	0x42,0x4c,0x1b,0xb8, 
	0x52,0x42,0x4b,0x1a, 
	0x42,0x4b,0x1b,0xa2, 
	0x4b,0x18,0x1d,0xf0, 
	0x42,0x4c,0x47,0x46, 
	0xc9,0xff,0xc7,0xbd, 
	0x11,0xc0,0x20,0x00, 
	0xe2,0x23,0x86,0xb0, 
	0xee,0x10,0xc0,0x20, 
	0x00,0xe2,0x63,0x86, 
	0x46,0xf2,0xff,0xf1, 
	0x06,0x6c,0x91,0xee, 
	0x6b,0xc7,0xbf,0x11, 
	0xc0,0x20,0x00,0x82, 
	0x23,0x86,0xb0,0x88, 
	0x10,0xc0,0x20,0x00, 
	0x82,0x63,0x86,0x86, 
	0xeb,0xff,0xc7,0xb9, 
	0x11,0xc0,0x20,0x00, 
	0xa2,0x23,0x86,0xb0, 
	0xaa,0x10,0xc0,0x20, 
	0x00,0xa2,0x63,0x86, 
	0x46,0xe6,0xff,0xa1, 
	0x03,0x6c,0xd2,0xa7, 
	0xd0,0xc7,0xbd,0x14, 
	0xc0,0x20,0x00,0xe2, 
	0x23,0x86,0xb0,0xee, 
	0x10,0xa0,0xee,0x20, 
	0xc0,0x20,0x00,0xe2, 
	0x63,0x86,0xc6,0xde, 
	0xff,0xc0,0x20,0x00, 
	0xf2,0x23,0x86,0xb0, 
	0xff,0x10,0xa0,0xff, 
	0x20,0xc0,0x20,0x00, 
	0xf2,0x63,0x86,0x86, 
	0xd9,0xff,0x00,0x00, 
	0x36,0x41,0x00,0x31, 
	0xb7,0x6b,0x38,0x13, 
	0x38,0x23,0x32,0x03, 
	0x63,0x56,0x93,0x1d, 
	0x28,0x32,0x32,0xa0, 
	0x60,0x22,0x02,0x1c, 
	0x42,0xa0,0x61,0x27, 
	0xa4,0x02,0x06,0x72, 
	0x00,0x37,0xa2,0x02, 
	0x86,0x70,0x00,0xc1, 
	0x5d,0x6c,0xb1,0xc9, 
	0x6b,0xd1,0x5c,0x6c, 
	0x61,0x5e,0x6c,0x21, 
	0x59,0x6c,0x31,0x5b, 
	0x6c,0x81,0xb4,0x6b, 
	0x41,0x1a,0x6c,0x51, 
	0xb9,0x6b,0x71,0xad, 
	0x6b,0xc0,0x20,0x00, 
	0xf2,0x27,0x82,0x60, 
	0xff,0x10,0x30,0xff, 
	0x20,0xc0,0x20,0x00, 
	0xf2,0x67,0x82,0xf1, 
	0x55,0x6c,0xc0,0x20, 
	0x00,0xe2,0x27,0x83, 
	0x40,0xee,0x10,0xf0, 
	0xee,0x20,0xc0,0x20, 
	0x00,0xe2,0x67,0x83, 
	0x91,0x51,0x6c,0xa1, 
	0x51,0x6c,0xc0,0x20, 
	0x00,0x62,0x27,0x84, 
	0xa0,0x66,0x10,0x90, 
	0x66,0x20,0xc0,0x20, 
	0x00,0x62,0x67,0x84, 
	0xf1,0x4d,0x6c,0x31, 
	0x4d,0x6c,0xc0,0x20, 
	0x00,0xe2,0x27,0x85, 
	0x30,0xee,0x10,0xf0, 
	0xee,0x20,0xc0,0x20, 
	0x00,0xe2,0x67,0x85, 
	0x92,0xa0,0x80,0xa1, 
	0x48,0x6c,0xc0,0x20, 
	0x00,0x62,0x27,0x86, 
	0xa0,0x66,0x10,0x90, 
	0x66,0x20,0xc0,0x20, 
	0x00,0x62,0x67,0x86, 
	0xf2,0xa7,0x37,0x31, 
	0x43,0x6c,0xc0,0x20, 
	0x00,0xe2,0x27,0x87, 
	0x30,0xee,0x10,0xf0, 
	0xee,0x20,0xc0,0x20, 
	0x00,0xe2,0x67,0x87, 
	0x91,0x3f,0x6c,0xa1, 
	0x3f,0x6c,0xc0,0x20, 
	0x00,0x62,0x27,0x88, 
	0xa0,0x66,0x10,0x90, 
	0x66,0x20,0xc0,0x20, 
	0x00,0x62,0x67,0x88, 
	0x31,0xf8,0x6b,0xc0, 
	0x20,0x00,0xf2,0x27, 
	0x89,0x30,0xff,0x10, 
	0xc0,0x20,0x00,0xf2, 
	0x67,0x89,0xa1,0x7f, 
	0x6b,0xe1,0x35,0x6c, 
	0xc0,0x20,0x00,0x92, 
	0x27,0x8b,0xe0,0x99, 
	0x10,0xa0,0x99,0x20, 
	0xc0,0x20,0x00,0x92, 
	0x67,0x8b,0x31,0x31, 
	0x6c,0x61,0x31,0x6c, 
	0xc0,0x20,0x00,0xf2, 
	0x27,0x8c,0x60,0xff, 
	0x10,0x30,0xff,0x20, 
	0xc0,0x20,0x00,0xf2, 
	0x67,0x8c,0xe1,0xda, 
	0x6b,0xc0,0x20,0x00, 
	0xa2,0x27,0x97,0xe0, 
	0xaa,0x10,0xc0,0x20, 
	0x00,0xa2,0x67,0x97, 
	0x91,0xdc,0x6b,0xc0, 
	0x20,0x00,0x62,0x27, 
	0x9a,0x90,0x66,0x10, 
	0xc0,0x20,0x00,0x62, 
	0x67,0x9a,0x31,0x7e, 
	0x6b,0xc0,0x20,0x00, 
	0xe8,0x0b,0xf1,0x7f, 
	0x6b,0x30,0xee,0x10, 
	0xc0,0x20,0x00,0xe9, 
	0x0f,0xe1,0x8c,0x6b, 
	0xc0,0x20,0x00,0xa8, 
	0x5b,0x40,0xaa,0x10, 
	0xe0,0xaa,0x20,0xc0, 
	0x20,0x00,0xa9,0x5b, 
	0x71,0x1b,0x6c,0x91, 
	0x7f,0x6b,0xc0,0x20, 
	0x00,0x62,0x22,0x80, 
	0x90,0x66,0x10,0x70, 
	0x66,0x20,0xc0,0x20, 
	0x00,0x62,0x62,0x80, 
	0x31,0x16,0x6c,0xc0, 
	0x20,0x00,0xf2,0x22, 
	0x83,0x40,0xff,0x10, 
	0x30,0xff,0x20,0xc0, 
	0x20,0x00,0xf2,0x62, 
	0x83,0xc0,0x20,0x00, 
	0xe2,0x28,0x1f,0xd0, 
	0xee,0x10,0xc0,0xee, 
	0x20,0xc0,0x20,0x00, 
	0xe2,0x68,0x1f,0xc0, 
	0x20,0x00,0xb2,0x28, 
	0x20,0xd0,0xbb,0x10, 
	0xc0,0xbb,0x20,0xc0, 
	0x20,0x00,0xb2,0x68, 
	0x20,0x91,0x74,0x6b, 
	0xa1,0x70,0x6b,0xc0, 
	0x20,0x00,0x72,0x28, 
	0x26,0xa0,0x77,0x10, 
	0x90,0x77,0x20,0xc0, 
	0x20,0x00,0x72,0x68, 
	0x26,0x7c,0xe6,0xc0, 
	0x20,0x00,0x42,0x25, 
	0x84,0x60,0x44,0x10, 
	0xc0,0x20,0x00,0x42, 
	0x65,0x84,0x0c,0x02, 
	0x1d,0xf0,0x00,0x00, 
	0x36,0x41,0x00,0x28, 
	0x32,0x58,0x22,0x16, 
	0x85,0x05,0x0c,0x03, 
	0xa8,0x02,0x41,0xf9, 
	0x6b,0x25,0x2b,0x02, 
	0xdd,0x04,0xcd,0x03, 
	0xa5,0x78,0x01,0xd1, 
	0xbd,0x6b,0x0c,0x0c, 
	0x25,0x4f,0x01,0x6d, 
	0x0a,0x7d,0x0b,0xad, 
	0x05,0xa5,0x29,0x02, 
	0xdd,0x04,0xcd,0x03, 
	0x25,0x77,0x01,0xdd, 
	0x0b,0xcd,0x0a,0xbd, 
	0x07,0xad,0x06,0xa5, 
	0x76,0x01,0x31,0x32, 
	0x6b,0xe5,0xa4,0x01, 
	0x9d,0x0a,0xa9,0x52, 
	0xb1,0x3c,0x6b,0xa1, 
	0x53,0x6b,0xb0,0x99, 
	0x10,0xc0,0x20,0x00, 
	0x82,0x23,0x80,0xa0, 
	0x88,0x10,0x90,0x88, 
	0x20,0xc0,0x20,0x00, 
	0x82,0x63,0x80,0x0c, 
	0x02,0x1d,0xf0,0x00, 
	0x36,0x61,0x00,0x61, 
	0xa0,0x6b,0x0c,0x05, 
	0x28,0x32,0x41,0xa2, 
	0x6b,0xa2,0x02,0x1c, 
	0x0c,0x03,0x26,0xca, 
	0x40,0x2c,0x18,0x87, 
	0x1a,0x3b,0xa8,0x32, 
	0xe5,0x23,0x02,0xb9, 
	0x01,0xa9,0x11,0xa8, 
	0x22,0x65,0x23,0x02, 
	0x7d,0x0a,0xb9,0x21, 
	0xd8,0x01,0xc8,0x11, 
	0xbd,0x0d,0xad,0x0c, 
	0xa5,0x0b,0x01,0xcd, 
	0x0a,0xdd,0x0b,0xad, 
	0x07,0xb8,0x21,0xe5, 
	0x6f,0x01,0xdd,0x04, 
	0xcd,0x03,0xa5,0x0a, 
	0x01,0xdd,0x06,0xcd, 
	0x05,0xe5,0x45,0x01, 
	0x65,0x9d,0x01,0x86, 
	0x09,0x00,0x92,0x02, 
	0x1d,0xa8,0x42,0x66, 
	0x89,0x45,0xa8,0x22, 
	0xa5,0x1f,0x02,0xd1, 
	0xcb,0x6b,0xc1,0xcb, 
	0x6b,0x25,0x6d,0x01, 
	0xdd,0x04,0xcd,0x03, 
	0xe5,0x07,0x01,0xdd, 
	0x06,0xcd,0x05,0x65, 
	0x43,0x01,0xe5,0x9a, 
	0x01,0xa9,0x42,0xc6, 
	0xff,0xff,0xd1,0x2b, 
	0x6b,0xc1,0x12,0x6b, 
	0xb1,0x06,0x6b,0xc0, 
	0xca,0x10,0xc0,0x20, 
	0x00,0x92,0x2b,0x81, 
	0xd0,0x99,0x10,0xc0, 
	0x99,0x20,0xc0,0x20, 
	0x00,0x92,0x6b,0x81, 
	0x0c,0x02,0x1d,0xf0, 
	0x66,0x79,0x20,0xa8, 
	0x22,0x25,0x1b,0x02, 
	0xd1,0xbb,0x6b,0x0c, 
	0x0c,0xa5,0x68,0x01, 
	0xdd,0x04,0xcd,0x03, 
	0x65,0x03,0x01,0xdd, 
	0x06,0xcd,0x05,0xe5, 
	0x3e,0x01,0x65,0x96, 
	0x01,0x06,0xed,0xff, 
	0x66,0x69,0x21,0xa8, 
	0x22,0xe5,0x18,0x02, 
	0xd1,0xb3,0x6b,0xc1, 
	0xb3,0x6b,0x65,0x66, 
	0x01,0xdd,0x04,0xcd, 
	0x03,0x25,0x01,0x01, 
	0xdd,0x06,0xcd,0x05, 
	0x65,0x3c,0x01,0x25, 
	0x94,0x01,0xc6,0xe3, 
	0xff,0xd2,0xc9,0xfb, 
	0x56,0xed,0xf8,0xa8, 
	0x22,0x65,0x16,0x02, 
	0xd1,0xab,0x6b,0xc1, 
	0xab,0x6b,0xe5,0x63, 
	0x01,0xdd,0x04,0xcd, 
	0x03,0xa5,0xfe,0x00, 
	0xdd,0x06,0xcd,0x05, 
	0xe5,0x39,0x01,0xa5, 
	0x91,0x01,0xc6,0xd9, 
	0xff,0x00,0x00,0x00, 
	0x36,0x41,0x00,0x0c, 
	0x02,0x1d,0xf0,0x00, 
	0x36,0x81,0x00,0xc8, 
	0x32,0x82,0x0c,0x1e, 
	0x82,0xc8,0xf9,0x56, 
	0xf8,0x0d,0x0c,0x4f, 
	0x7c,0x0e,0xb1,0xe0, 
	0x6a,0xa2,0x0c,0x1c, 
	0xd2,0xa0,0x61,0x92, 
	0xca,0xa0,0x56,0x09, 
	0x0d,0xc0,0x20,0x00, 
	0x82,0x2b,0x35,0x80, 
	0x87,0x04,0x16,0x58, 
	0x13,0x71,0xd4,0x6a, 
	0x61,0x57,0x6b,0xe1, 
	0xdf,0x6a,0x0c,0x04, 
	0xc0,0x20,0x00,0x31, 
	0xd6,0x6a,0x52,0x2b, 
	0x3d,0x91,0xe2,0x6a, 
	0xe0,0x55,0x10,0xc0, 
	0x20,0x00,0x38,0x03, 
	0x81,0xd2,0x6a,0x90, 
	0x33,0x10,0xc0,0x20, 
	0x00,0x39,0x08,0xd2, 
	0x4c,0x1c,0x38,0x22, 
	0x1c,0x9f,0xf2,0x43, 
	0x49,0x42,0x43,0x54, 
	0x42,0x43,0x53,0x42, 
	0x43,0x52,0x42,0x43, 
	0x51,0x42,0x43,0x4f, 
	0x42,0x43,0x4e,0x42, 
	0x43,0x4d,0x42,0x43, 
	0x4c,0x42,0x43,0x4b, 
	0x42,0x43,0x4a,0xa1, 
	0x83,0x6b,0xc0,0x20, 
	0x00,0x92,0x27,0x81, 
	0xe0,0x99,0x10,0xa0, 
	0x99,0x20,0xc0,0x20, 
	0x00,0x92,0x67,0x81, 
	0xa8,0x2c,0x65,0x0a, 
	0x02,0xa9,0x51,0xc8, 
	0x72,0xa2,0x23,0xa0, 
	0xc2,0xdc,0x14,0xc8, 
	0x9c,0xb9,0x01,0xca, 
	0xaa,0xe5,0x09,0x02, 
	0x78,0x51,0xdd,0x06, 
	0xcd,0x04,0xa5,0x2d, 
	0x01,0xcd,0x0a,0xdd, 
	0x0b,0xad,0x07,0xb8, 
	0x01,0xe5,0x2c,0x01, 
	0xe2,0x23,0x9f,0xd1, 
	0x33,0x6b,0xcd,0x0a, 
	0xe7,0xbd,0x02,0x06, 
	0x31,0x00,0x71,0x32, 
	0x6b,0xf1,0x30,0x6b, 
	0xf9,0x41,0x46,0x30, 
	0x00,0x92,0xa3,0x00, 
	0xc0,0x20,0x00,0x82, 
	0x2b,0x26,0xd0,0x88, 
	0x10,0x90,0x88,0x20, 
	0xc0,0x20,0x00,0x82, 
	0x6b,0x26,0x0c,0x02, 
	0x1d,0xf0,0xd7,0x9a, 
	0xf8,0x3c,0x0d,0xc0, 
	0x20,0x00,0xa2,0x2b, 
	0x35,0xa0,0xa8,0x75, 
	0xd0,0x9a,0x10,0xd7, 
	0x99,0x16,0x0c,0x5f, 
	0xc0,0x20,0x00,0xd2, 
	0x2b,0x1e,0xe0,0xdd, 
	0x10,0xf0,0xdd,0x20, 
	0xc0,0x20,0x00,0xd2, 
	0x6b,0x1e,0x46,0x04, 
	0x00,0xc0,0x20,0x00, 
	0x82,0x2b,0x1e,0xe0, 
	0x88,0x10,0xf0,0x88, 
	0x20,0xc0,0x20,0x00, 
	0x82,0x6b,0x1e,0xd2, 
	0xa8,0xff,0x4c,0x79, 
	0xa7,0xb9,0x05,0xe2, 
	0xa0,0x7d,0xa7,0xbe, 
	0x3d,0xf2,0xa0,0x93, 
	0xa7,0x3f,0x37,0x98, 
	0x3c,0x82,0xa7,0xcf, 
	0x97,0x38,0x8d,0xc2, 
	0xa1,0x00,0xc0,0x20, 
	0x00,0xa2,0x2b,0x26, 
	0xd0,0xaa,0x10,0xc0, 
	0xaa,0x20,0xc0,0x20, 
	0x00,0xa2,0x6b,0x26, 
	0x86,0xe2,0xff,0xd7, 
	0x9a,0x87,0xc0,0x20, 
	0x00,0xc2,0x2b,0x1e, 
	0xe0,0xcc,0x10,0xf0, 
	0xcc,0x20,0xc0,0x20, 
	0x00,0xc2,0x6b,0x1e, 
	0x86,0xdc,0xff,0xf2, 
	0xa5,0x00,0xc0,0x20, 
	0x00,0xe2,0x2b,0x26, 
	0xd0,0xee,0x10,0xf0, 
	0xee,0x20,0xc0,0x20, 
	0x00,0xe2,0x6b,0x26, 
	0x86,0xd6,0xff,0x71, 
	0x04,0x6b,0xf1,0x02, 
	0x6b,0xf9,0x41,0xc9, 
	0x21,0xb9,0x11,0x77, 
	0x75,0x05,0x81,0x9b, 
	0x6a,0x80,0x55,0x20, 
	0x91,0x73,0x6a,0xc0, 
	0x20,0x00,0x52,0x69, 
	0xb8,0xa2,0x23,0x9f, 
	0x65,0xf8,0x01,0xa9, 
	0x61,0xb9,0x31,0xad, 
	0x05,0xa5,0xf8,0x01, 
	0xdd,0x06,0xcd,0x04, 
	0x58,0x61,0x65,0x1c, 
	0x01,0xcd,0x0a,0xdd, 
	0x0b,0xad,0x05,0xb8, 
	0x31,0xa5,0x1b,0x01, 
	0xd8,0x11,0xc8,0x21, 
	0x65,0xdf,0x00,0x4d, 
	0x0a,0x5d,0x0b,0xe5, 
	0x6d,0x01,0xa2,0x63, 
	0xa2,0xad,0x07,0x25, 
	0xf6,0x01,0xdd,0x0b, 
	0xcd,0x0a,0xbd,0x05, 
	0xad,0x04,0xa5,0x63, 
	0x01,0x96,0x2a,0x01, 
	0xa8,0x41,0xe5,0xf4, 
	0x01,0xdd,0x0b,0xcd, 
	0x0a,0xbd,0x05,0xad, 
	0x04,0x25,0x57,0x01, 
	0xa6,0x1a,0x1b,0xf8, 
	0x02,0x0c,0x3e,0xe2, 
	0x4f,0x01,0xd1,0x02, 
	0x6b,0xc0,0x20,0x00, 
	0xc1,0x5a,0x6a,0xb2, 
	0x2c,0x87,0xd0,0xbb, 
	0x10,0xc0,0x20,0x00, 
	0xb2,0x6c,0x87,0x0c, 
	0x68,0x82,0x43,0x61, 
	0x25,0x28,0xfb,0x98, 
	0x22,0xa9,0xe9,0xc6, 
	0xad,0xff,0x00,0x00, 
	0x36,0x41,0x00,0x21, 
	0x56,0x6a,0x1c,0x3d, 
	0x81,0x4d,0x6a,0xc0, 
	0x20,0x00,0xa2,0x28, 
	0x94,0xc0,0x20,0x00, 
	0x31,0x11,0x6b,0x92, 
	0x28,0x95,0xc0,0x20, 
	0x00,0x32,0x62,0x42, 
	0xf1,0x0f,0x6b,0xc0, 
	0x20,0x00,0xf2,0x62, 
	0x43,0xe1,0x0d,0x6b, 
	0xc0,0x20,0x00,0xe2, 
	0x62,0x44,0xc1,0x0c, 
	0x6b,0xc0,0x20,0x00, 
	0xc2,0x62,0x45,0xb1, 
	0x0b,0x6b,0xc0,0x20, 
	0x00,0xb2,0x62,0x46, 
	0x61,0x0a,0x6b,0xc0, 
	0x20,0x00,0x62,0x62, 
	0x47,0xc0,0x20,0x00, 
	0xa0,0x6f,0x04,0x52, 
	0x22,0x48,0xa0,0x48, 
	0x41,0x50,0x58,0x04, 
	0xf7,0xea,0x12,0x40, 
	0x75,0x04,0x66,0x15, 
	0x0f,0x57,0x64,0x0c, 
	0xc0,0x20,0x00,0xd2, 
	0x68,0xb4,0x0c,0x02, 
	0x1d,0xf0,0x40,0x75, 
	0x04,0x51,0xff,0x6a, 
	0xe1,0xfe,0x6a,0xc1, 
	0x33,0x6a,0xc0,0x20, 
	0x00,0xb2,0x2c,0x80, 
	0xe0,0xbb,0x10,0xc0, 
	0x20,0x00,0xb2,0x6c, 
	0x80,0xdc,0x06,0xc0, 
	0x20,0x00,0xf2,0x22, 
	0x48,0xe0,0xff,0x10, 
	0xc0,0x20,0x00,0xf2, 
	0x62,0x48,0x86,0x03, 
	0x00,0xc0,0x20,0x00, 
	0x32,0x22,0x48,0x50, 
	0x33,0x20,0xc0,0x20, 
	0x00,0x32,0x62,0x48, 
	0x61,0xf2,0x6a,0xb1, 
	0x8a,0x6a,0x67,0x64, 
	0x26,0xc0,0x20,0x00, 
	0x32,0x22,0x48,0x60, 
	0x33,0x20,0xc0,0x20, 
	0x00,0x32,0x62,0x48, 
	0x40,0xf4,0x04,0x16, 
	0x0f,0x0d,0xc0,0x20, 
	0x00,0xe2,0x22,0x4b, 
	0x50,0xee,0x20,0xc0, 
	0x20,0x00,0xe2,0x62, 
	0x4b,0x86,0x03,0x00, 
	0xc0,0x20,0x00,0xf2, 
	0x22,0x48,0xb0,0xff, 
	0x10,0xc0,0x20,0x00, 
	0xf2,0x62,0x48,0xec, 
	0x27,0xe2,0xae,0xff, 
	0xc0,0x20,0x00,0x62, 
	0x22,0x48,0xe0,0x66, 
	0x10,0xc0,0x20,0x00, 
	0x62,0x62,0x48,0xc0, 
	0x20,0x00,0x32,0x22, 
	0x4b,0xb0,0x33,0x10, 
	0xc0,0x20,0x00,0x32, 
	0x62,0x4b,0x06,0x08, 
	0x00,0x72,0xa1,0x00, 
	0xc0,0x20,0x00,0x32, 
	0x22,0x48,0x70,0x33, 
	0x20,0xc0,0x20,0x00, 
	0x32,0x62,0x48,0xc0, 
	0x20,0x00,0xf2,0x22, 
	0x4b,0x60,0xff,0x20, 
	0xc0,0x20,0x00,0xf2, 
	0x62,0x4b,0x32,0xac, 
	0xff,0xc0,0x20,0x00, 
	0xf2,0x22,0x40,0x40, 
	0xe2,0x14,0x80,0xee, 
	0x11,0x30,0xff,0x10, 
	0xf0,0xee,0x20,0xc0, 
	0x20,0x00,0xe2,0x62, 
	0x40,0x90,0x70,0x74, 
	0xa0,0x60,0x75,0xa0, 
	0xb8,0x75,0x80,0xbb, 
	0x11,0x00,0x66,0x11, 
	0xb0,0x66,0x20,0x70, 
	0x66,0x20,0xc0,0x20, 
	0x00,0x62,0x62,0x49, 
	0x90,0xe8,0x74,0x90, 
	0x30,0x75,0x80,0x33, 
	0x11,0x00,0xee,0x11, 
	0x90,0xf8,0x75,0x30, 
	0xee,0x20,0xf0,0xee, 
	0x20,0xc0,0x20,0x00, 
	0xe2,0x62,0x4a,0xc0, 
	0x20,0x00,0xb2,0x2c, 
	0x80,0x50,0xbb,0x20, 
	0xc0,0x20,0x00,0xb2, 
	0x6c,0x80,0xc0,0x20, 
	0x00,0xd2,0x68,0xb4, 
	0x86,0xb3,0xff,0xc0, 
	0x20,0x00,0xf2,0x22, 
	0x4b,0xe0,0xff,0x10, 
	0xc0,0x20,0x00,0xf2, 
	0x62,0x4b,0x46,0xcf, 
	0xff,0x00,0x00,0x00, 
	0x36,0x61,0x00,0x0c, 
	0x0b,0x41,0xfd,0x69, 
	0x31,0xe0,0x69,0xc0, 
	0x20,0x00,0xb2,0x63, 
	0xa4,0xc0,0x20,0x00, 
	0xb2,0x63,0xa5,0xc0, 
	0x20,0x00,0xb2,0x63, 
	0xa6,0xc0,0x20,0x00, 
	0xb2,0x63,0xa7,0xc0, 
	0x20,0x00,0xb2,0x63, 
	0xa8,0xc0,0x20,0x00, 
	0x78,0x72,0xb2,0x63, 
	0xa9,0x4a,0x57,0x82, 
	0x05,0xab,0x62,0xd7, 
	0x0a,0xdc,0x68,0xa2, 
	0x26,0xf5,0xc2,0x26, 
	0xf1,0x92,0xd7,0x13, 
	0xb2,0x59,0x9b,0xc2, 
	0x66,0xed,0xa2,0x66, 
	0xee,0xb2,0x45,0xb4, 
	0x06,0x1e,0x00,0xd2, 
	0x05,0xaa,0x0c,0x1c, 
	0x66,0x2d,0x15,0xa2, 
	0xa1,0x80,0x98,0x22, 
	0xe2,0x05,0xb2,0xaa, 
	0x99,0xa2,0xd7,0x13, 
	0x56,0x0e,0x21,0xc2, 
	0x49,0xf6,0x46,0x83, 
	0x00,0xd2,0xa0,0x06, 
	0xf2,0x26,0xf4,0xa2, 
	0x26,0xf1,0xe2,0x26, 
	0xf5,0xf0,0xaa,0x80, 
	0xa2,0x66,0xf1,0xb2, 
	0x45,0xab,0xe2,0x66, 
	0xee,0xa2,0x66,0xed, 
	0xd2,0x45,0xb4,0x82, 
	0x26,0xf3,0x87,0x3a, 
	0x33,0xa2,0x22,0x02, 
	0xb2,0x4a,0x46,0x92, 
	0x05,0xb2,0xb2,0x45, 
	0xa9,0x56,0x59,0x1c, 
	0x0c,0x19,0xc2,0x45, 
	0xb2,0x16,0x49,0x1c, 
	0xad,0x02,0x25,0x3a, 
	0x00,0x78,0x72,0x4a, 
	0x57,0x62,0xd7,0x0a, 
	0xa2,0x26,0xf1,0xb2, 
	0x26,0xf5,0xb2,0x66, 
	0xee,0xa2,0x66,0xed, 
	0x0c,0x7c,0xc2,0x45, 
	0xb4,0x92,0xd7,0x13, 
	0xa2,0x26,0xed,0x82, 
	0x26,0xee,0xa0,0xb8, 
	0x75,0xa0,0xa0,0xf5, 
	0x00,0xbb,0x11,0x80, 
	0xaa,0x01,0xb0,0xaa, 
	0x20,0x80,0xb0,0x74, 
	0x80,0xbb,0x11,0x80, 
	0x88,0x74,0xb0,0x88, 
	0x20,0xa0,0x88,0x20, 
	0xc0,0x20,0x00,0xe2, 
	0x19,0x9a,0x82,0x63, 
	0xa4,0xf2,0x26,0xed, 
	0x82,0x05,0xb2,0xf0, 
	0x20,0x74,0x80,0x22, 
	0x11,0xf0,0xf8,0x74, 
	0x20,0xff,0x20,0x22, 
	0x19,0x9b,0xc0,0x88, 
	0x11,0xc0,0x22,0x11, 
	0x20,0xee,0x20,0x22, 
	0x05,0xb4,0xe0,0xe0, 
	0x74,0x00,0xee,0x11, 
	0x80,0x22,0x20,0x80, 
	0x22,0x01,0x20,0xee, 
	0x20,0xf0,0xee,0x20, 
	0xc0,0x20,0x00,0xe2, 
	0x63,0xa5,0xc8,0x07, 
	0xb8,0xc7,0xc0,0xd8, 
	0x74,0x00,0xdd,0x11, 
	0x80,0xcc,0x01,0xd0, 
	0xcc,0x20,0xb0,0xd0, 
	0x74,0x80,0xdd,0x11, 
	0xb0,0xb8,0x74,0xd0, 
	0xbb,0x20,0xc0,0xbb, 
	0x20,0xc0,0x20,0x00, 
	0xb2,0x63,0xa6,0x88, 
	0x17,0x28,0xd7,0x80, 
	0xa8,0x74,0x00,0xaa, 
	0x11,0x80,0x88,0x01, 
	0xa0,0x88,0x20,0x20, 
	0xa0,0x74,0x80,0xaa, 
	0x11,0x20,0x28,0x74, 
	0xa0,0x22,0x20,0x80, 
	0x22,0x20,0xc0,0x20, 
	0x00,0x22,0x63,0xa7, 
	0xe8,0x27,0xd8,0xe7, 
	0xe0,0xf8,0x74,0x00, 
	0xff,0x11,0x80,0xee, 
	0x01,0xf0,0xee,0x20, 
	0xd0,0xf0,0x74,0x80, 
	0xff,0x11,0xd0,0xd8, 
	0x74,0xf0,0xdd,0x20, 
	0xe0,0xdd,0x20,0xc0, 
	0x20,0x00,0xd2,0x63, 
	0xa8,0xb8,0x37,0xa8, 
	0xf7,0xb0,0xc8,0x74, 
	0x00,0xcc,0x11,0x80, 
	0xbb,0x01,0xc0,0xbb, 
	0x20,0xa0,0xc0,0x74, 
	0x80,0xcc,0x11,0xa0, 
	0xa8,0x74,0xc0,0xaa, 
	0x20,0xb0,0xaa,0x20, 
	0xc0,0x20,0x00,0xa2, 
	0x63,0xa9,0x28,0x47, 
	0xf2,0x27,0x10,0x20, 
	0x88,0x74,0x00,0x88, 
	0x11,0x80,0x22,0x01, 
	0x80,0x22,0x20,0xf0, 
	0x80,0x74,0x80,0x88, 
	0x11,0xf0,0xf8,0x74, 
	0x80,0xff,0x20,0x20, 
	0xff,0x20,0xc0,0x20, 
	0x00,0xf2,0x63,0xaa, 
	0xd8,0x57,0xc2,0x27, 
	0x11,0xd0,0xe8,0x74, 
	0x00,0xee,0x11,0x80, 
	0xdd,0x01,0xe0,0xdd, 
	0x20,0xc0,0xe0,0x74, 
	0x80,0xee,0x11,0xc0, 
	0xc8,0x74,0xe0,0xcc, 
	0x20,0xd0,0xcc,0x20, 
	0xc0,0x20,0x00,0xc2, 
	0x63,0xab,0xa8,0x67, 
	0x82,0x27,0x12,0xa0, 
	0xb8,0x74,0x00,0xbb, 
	0x11,0x80,0xaa,0x01, 
	0xb0,0xaa,0x20,0x80, 
	0xb0,0x74,0x80,0xbb, 
	0x11,0x80,0x88,0x74, 
	0xb0,0x88,0x20,0xa0, 
	0x88,0x20,0xc0,0x20, 
	0x00,0x82,0x63,0xac, 
	0xf8,0x77,0xe2,0x27, 
	0x13,0xf0,0x28,0x74, 
	0x00,0x22,0x11,0x80, 
	0xff,0x01,0x20,0xff, 
	0x20,0xe0,0x20,0x74, 
	0x80,0x22,0x11,0xe0, 
	0xe8,0x74,0x20,0xee, 
	0x20,0xf0,0xee,0x20, 
	0xc0,0x20,0x00,0xe2, 
	0x63,0xad,0x4c,0x2d, 
	0xc0,0x20,0x00,0xd2, 
	0x63,0xb4,0x0c,0x02, 
	0x1d,0xf0,0xcd,0x0b, 
	0x0c,0x09,0x06,0x8d, 
	0xff,0xb2,0x4a,0x47, 
	0x0c,0x2c,0xc2,0x45, 
	0xab,0xc6,0x91,0xff, 
	0xb2,0x49,0xf6,0xe1, 
	0xe0,0x69,0xa9,0x01, 
	0x82,0x05,0xb2,0xd2, 
	0x1a,0x9b,0xd2,0x45, 
	0xb1,0x70,0xfd,0xa0, 
	0xf2,0xdf,0x0a,0xf2, 
	0x2f,0x20,0xdc,0x28, 
	0x81,0xb7,0x69,0xf7, 
	0xb8,0x1d,0x1b,0xdd, 
	0xd2,0x5a,0x9b,0xc2, 
	0x45,0xb4,0xd0,0xd0, 
	0xf4,0xc6,0x03,0x00, 
	0xf7,0x3e,0x0c,0x0c, 
	0x2e,0x1b,0xfd,0xf0, 
	0xd0,0xf4,0xf2,0x5a, 
	0x9b,0xe2,0x45,0xb4, 
	0x82,0x1a,0x9a,0xc9, 
	0x11,0x87,0xbd,0x45, 
	0xa8,0x01,0x70,0xbd, 
	0xa0,0xb2,0xdb,0x0c, 
	0xa2,0x1a,0x9b,0xb8, 
	0x4b,0xb2,0x66,0xf0, 
	0xb2,0x66,0xed,0x70, 
	0xaa,0xa0,0xa2,0xda, 
	0x0a,0xa2,0x2a,0x20, 
	0xe5,0xa6,0x01,0xd1, 
	0xc3,0x69,0xc1,0xc3, 
	0x69,0x65,0xcb,0x00, 
	0xe5,0x22,0x01,0x0c, 
	0x0b,0xc8,0x11,0xd2, 
	0x05,0xb2,0xe8,0x01, 
	0x56,0x7d,0x05,0xd1, 
	0x55,0x69,0xa2,0x66, 
	0xee,0xa7,0xbd,0x63, 
	0xd2,0x66,0xee,0x46, 
	0x17,0x00,0xb2,0x5a, 
	0x9b,0xe2,0x05,0xb5, 
	0xa2,0x26,0xf4,0x66, 
	0x1e,0x2c,0x0c,0x49, 
	0xa0,0xf1,0x41,0xd2, 
	0x26,0xf6,0x82,0xd7, 
	0x14,0x88,0xc8,0xd0, 
	0xd1,0x41,0xd0,0x88, 
	0xc0,0x8a,0xff,0xf2, 
	0x66,0xf1,0xb2,0x45, 
	0xab,0x92,0x45,0xb4, 
	0xa2,0x26,0xf5,0xa2, 
	0x66,0xee,0xa2,0x26, 
	0xf1,0xa2,0x66,0xed, 
	0xc6,0x52,0xff,0xd2, 
	0x26,0xf1,0x0c,0x59, 
	0xaa,0xdd,0xd2,0x66, 
	0xf1,0xb2,0x45,0xab, 
	0x46,0xf7,0xff,0xd1, 
	0x3c,0x69,0xa2,0x66, 
	0xee,0xa7,0x3d,0x08, 
	0xf1,0xa9,0x69,0xa7, 
	0x3f,0x05,0xd1,0xa8, 
	0x69,0xd2,0x66,0xee, 
	0xa2,0x26,0xf0,0x82, 
	0x1e,0x9b,0x0c,0x39, 
	0x92,0x45,0xb4,0x70, 
	0x88,0xa0,0x82,0xd8, 
	0x0a,0x82,0x28,0x20, 
	0x82,0x66,0xef,0x06, 
	0x43,0xff,0x00,0x00, 
	0x36,0x41,0x00,0x4c, 
	0x52,0x31,0xff,0x68, 
	0xc0,0x20,0x00,0x22, 
	0x63,0xb4,0x0c,0x02, 
	0x1d,0xf0,0x00,0x00, 
	0x36,0x41,0x00,0x0c, 
	0x0a,0x31,0xfa,0x68, 
	0xc0,0x20,0x00,0xa2, 
	0x63,0xa4,0xc0,0x20, 
	0x00,0xa2,0x63,0xa5, 
	0xc0,0x20,0x00,0xa2, 
	0x63,0xa6,0xc0,0x20, 
	0x00,0xa2,0x63,0xa7, 
	0xc0,0x20,0x00,0xa2, 
	0x63,0xa8,0xc0,0x20, 
	0x00,0x61,0x0e,0x69, 
	0x58,0x72,0xa2,0x63, 
	0xa9,0x42,0xd5,0x13, 
	0x6a,0x65,0x72,0x06, 
	0xb0,0x92,0x06,0xab, 
	0xb2,0x06,0xaf,0x82, 
	0x06,0xb2,0xa0,0xbb, 
	0x11,0xf0,0x88,0x11, 
	0xc0,0x99,0x11,0x80, 
	0x77,0x20,0x82,0x06, 
	0xaa,0xb0,0x99,0x20, 
	0x62,0x06,0xa9,0xe0, 
	0x88,0x11,0x80,0x66, 
	0x20,0x88,0x32,0x90, 
	0x66,0x20,0x88,0x38, 
	0x60,0x60,0x74,0x80, 
	0x98,0x74,0x80,0x99, 
	0x11,0x80,0x80,0x74, 
	0x90,0x66,0x20,0x92, 
	0x14,0x9b,0x00,0x88, 
	0x11,0xc0,0x99,0x11, 
	0x90,0x77,0x20,0x80, 
	0x77,0x01,0x80,0x77, 
	0x20,0x70,0x66,0x20, 
	0xc0,0x20,0x00,0x52, 
	0xd5,0x0d,0x42,0x14, 
	0x9a,0x62,0x63,0xa4, 
	0x52,0x25,0x38,0x40, 
	0x40,0x74,0x50,0x50, 
	0x74,0x80,0x55,0x11, 
	0x50,0x44,0x20,0xc0, 
	0x20,0x00,0x42,0x63, 
	0xa5,0x4c,0x62,0xc0, 
	0x20,0x00,0x22,0x63, 
	0xb4,0x2d,0x0a,0x1d, 
	0xf0,0x00,0x00,0x00, 
	0x36,0x41,0x00,0x0c, 
	0x0a,0x91,0xfb,0x68, 
	0xb1,0xcc,0x68,0xc0, 
	0x20,0x00,0x32,0x2b, 
	0x94,0xc0,0x20,0x00, 
	0x82,0x2b,0x95,0xc0, 
	0x20,0x00,0xc2,0xa1, 
	0x80,0x3c,0x0d,0x72, 
	0x2b,0x96,0xe8,0x32, 
	0x0c,0x4f,0xf2,0x4e, 
	0x19,0xf8,0x72,0x61, 
	0xe0,0x68,0x42,0xdf, 
	0x0a,0x6a,0x6f,0xf2, 
	0xdf,0x13,0xa2,0x5f, 
	0x9b,0xa2,0x5f,0x9a, 
	0xd2,0x4e,0x2f,0x32, 
	0x06,0xb2,0xa2,0x46, 
	0xab,0xa2,0x46,0xa9, 
	0xa2,0x46,0xaa,0x58, 
	0x22,0x92,0x64,0xf4, 
	0xca,0x25,0xfc,0xe3, 
	0x91,0xeb,0x68,0xc1, 
	0x88,0x69,0x80,0xd7, 
	0x01,0x80,0xe0,0x75, 
	0x80,0xf8,0x74,0x80, 
	0xee,0x11,0xf0,0xee, 
	0x20,0x80,0xf8,0x75, 
	0x00,0xff,0x11,0xf0, 
	0xdd,0x20,0xe0,0xdd, 
	0x20,0x0c,0x1e,0xe2, 
	0x42,0xf6,0xd2,0x64, 
	0xf3,0xc2,0x64,0xf2, 
	0xc2,0x64,0xf1,0x92, 
	0x64,0xf5,0xa2,0x46, 
	0xbc,0x4c,0x75,0xc0, 
	0x20,0x00,0x52,0x6b, 
	0xb4,0xc6,0x02,0x00, 
	0xa2,0x42,0xf6,0x92, 
	0x64,0xf5,0xf2,0x24, 
	0xf2,0xf2,0x64,0xf1, 
	0x0c,0x02,0x1d,0xf0, 
	0x36,0x41,0x00,0xa1, 
	0xc1,0x68,0x0c,0x08, 
	0x31,0xa3,0x68,0xb8, 
	0x32,0x1c,0x0c,0xc2, 
	0x4b,0x2f,0x82,0x4b, 
	0x19,0x98,0x72,0xaa, 
	0x99,0x82,0x49,0xaa, 
	0x82,0x49,0xa9,0x82, 
	0x49,0xab,0x48,0x22, 
	0x42,0xd4,0x02,0x82, 
	0x44,0x76,0x4c,0x92, 
	0xc0,0x20,0x00,0x22, 
	0x63,0xb4,0x2d,0x08, 
	0x1d,0xf0,0x00,0x00, 
	0x36,0x41,0x00,0x0c, 
	0x0a,0x81,0xb2,0x68, 
	0x41,0x95,0x68,0xc0, 
	0x20,0x00,0xa2,0x64, 
	0xa4,0xc0,0x20,0x00, 
	0xa2,0x64,0xa5,0xc0, 
	0x20,0x00,0xa2,0x64, 
	0xa6,0xc0,0x20,0x00, 
	0xa2,0x64,0xa7,0xc0, 
	0x20,0x00,0xa2,0x64, 
	0xa8,0xc0,0x20,0x00, 
	0x68,0x72,0x98,0x32, 
	0x8a,0x56,0x22,0xd6, 
	0x0a,0xa2,0x64,0xa9, 
	0x98,0x39,0x32,0x22, 
	0xf8,0x90,0x78,0x74, 
	0x90,0x90,0x74,0x80, 
	0x99,0x11,0x90,0x77, 
	0x20,0x56,0x03,0x07, 
	0xb2,0x22,0xf0,0xa2, 
	0x45,0xb3,0xb0,0xc0, 
	0xf5,0xb0,0xb8,0x75, 
	0x80,0xcc,0x01,0x00, 
	0xbb,0x11,0xb0,0xb7, 
	0x20,0xc0,0xbb,0x20, 
	0xc0,0x20,0x00,0xb2, 
	0x64,0xa4,0x92,0x22, 
	0xf0,0x90,0xb0,0x74, 
	0x80,0xbb,0x11,0x90, 
	0x98,0x74,0xb0,0x99, 
	0x20,0xc0,0x20,0x00, 
	0x92,0x64,0xa5,0x82, 
	0x05,0xbb,0x92,0x05, 
	0xbc,0x60,0x88,0xa0, 
	0x60,0x99,0xa0,0x92, 
	0xd9,0x1a,0x82,0x28, 
	0x18,0x82,0x69,0x15, 
	0x72,0x05,0xbc,0x82, 
	0x05,0xbb,0x60,0x77, 
	0xa0,0x60,0x68,0xa0, 
	0x62,0x26,0x7c,0xe2, 
	0xd7,0x1b,0x62,0x6e, 
	0x39,0xd2,0x05,0xbc, 
	0x1b,0xdd,0xd2,0x45, 
	0xbc,0x4c,0x8c,0xc0, 
	0x20,0x00,0xc2,0x64, 
	0xb4,0x0c,0x02,0x1d, 
	0xf0,0xd2,0x22,0xf8, 
	0x0c,0x1e,0xe2,0x45, 
	0xb3,0x6a,0xdd,0x8a, 
	0xdd,0xd2,0x0d,0x3b, 
	0xc2,0x22,0xf1,0x60, 
	0xdd,0xa0,0xd2,0xdd, 
	0x12,0xd2,0x2d,0x25, 
	0xda,0xcc,0xc0,0xe0, 
	0xf5,0xc0,0xd8,0x75, 
	0x00,0xdd,0x11,0x80, 
	0xee,0x01,0xd0,0xd7, 
	0x20,0xe0,0xdd,0x20, 
	0xc0,0x20,0x00,0xd2, 
	0x64,0xa4,0xc0,0xd0, 
	0x74,0x80,0xdd,0x11, 
	0xc0,0xc8,0x74,0xd0, 
	0xcc,0x20,0xc0,0x20, 
	0x00,0xc2,0x64,0xa5, 
	0xb2,0x05,0xbc,0xa2, 
	0x22,0xf8,0x60,0xbb, 
	0xa0,0x6a,0xaa,0x8a, 
	0xaa,0xa2,0x0a,0x3b, 
	0xb2,0xdb,0x1a,0x60, 
	0xaa,0xa0,0xa2,0xda, 
	0x05,0xa2,0x2a,0x34, 
	0xa2,0x6b,0x15,0x92, 
	0x22,0xf8,0x72,0x05, 
	0xbc,0x6a,0x99,0x8a, 
	0x99,0x92,0x09,0x3b, 
	0x60,0x77,0xa0,0x60, 
	0x69,0xa0,0x62,0xd6, 
	0x07,0x62,0x26,0x18, 
	0xc6,0xd8,0xff,0x00, 
	0x36,0x41,0x00,0x61, 
	0xbd,0x68,0x0c,0x05, 
	0x82,0xa1,0x80,0x78, 
	0x32,0x48,0x22,0x78, 
	0x37,0x8a,0x44,0xa2, 
	0x04,0xf3,0x31,0x5e, 
	0x68,0x70,0xaa,0x82, 
	0x65,0x6c,0x01,0xdd, 
	0x06,0xcd,0x05,0x25, 
	0xba,0x00,0xa5,0xe8, 
	0x00,0x82,0x04,0xf4, 
	0x4d,0x0a,0x70,0xa8, 
	0x82,0x25,0x6b,0x01, 
	0xdd,0x06,0xcd,0x05, 
	0xa5,0xb8,0x00,0x65, 
	0xe7,0x00,0xe8,0x72, 
	0x0c,0x0b,0x3a,0xfe, 
	0x82,0x0f,0xb7,0xf2, 
	0x0f,0xb6,0x92,0xde, 
	0x0a,0x80,0xff,0xc1, 
	0xf2,0x69,0xf7,0x16, 
	0xaf,0x08,0x52,0x29, 
	0xf8,0x3a,0xde,0xd2, 
	0x0d,0xb1,0xe0,0xcb, 
	0xa0,0x92,0xdc,0x05, 
	0x92,0x29,0x34,0xe0, 
	0xdd,0xa0,0x82,0x2d, 
	0x18,0xc2,0xdc,0x06, 
	0x97,0x98,0x2b,0xd8, 
	0x32,0xd8,0x3d,0xc2, 
	0x2c,0xbc,0x40,0x8d, 
	0xc0,0xc7,0xb8,0x50, 
	0xaa,0x8d,0x87,0xbc, 
	0x4b,0x5a,0x8e,0x3a, 
	0x88,0xb2,0x48,0x3c, 
	0xe8,0x72,0x92,0xde, 
	0x0a,0x52,0x29,0xf8, 
	0xf2,0x29,0xf7,0x1b, 
	0x55,0x52,0x69,0xf8, 
	0x46,0x0c,0x00,0x82, 
	0x2d,0x7c,0x92,0x2c, 
	0x58,0x87,0x99,0x28, 
	0xd8,0x32,0xd8,0x3d, 
	0xc2,0x2c,0xbc,0x40, 
	0x9d,0xc0,0xc7,0xb9, 
	0x1b,0xaa,0x8d,0x87, 
	0xbc,0x16,0x5a,0x8e, 
	0x3a,0x88,0xb2,0x48, 
	0x3c,0xe8,0x72,0x92, 
	0xde,0x0a,0x52,0x29, 
	0xf8,0xf2,0x29,0xf7, 
	0x1b,0x55,0x52,0x69, 
	0xf8,0x3a,0xde,0x1b, 
	0xbb,0xb0,0xb0,0x74, 
	0xf7,0xbb,0x02,0x06, 
	0xdf,0xff,0x86,0x00, 
	0x00,0x52,0x29,0xf8, 
	0x50,0x20,0x74,0x1d, 
	0xf0,0x00,0x00,0x00, 
	0x36,0xe1,0x00,0x38, 
	0x72,0xb2,0xd3,0x13, 
	0xb9,0x21,0xb2,0x1b, 
	0x9a,0x16,0x1b,0x23, 
	0x62,0xd3,0x19,0x29, 
	0x31,0x0c,0x0e,0xa2, 
	0xd3,0x0a,0xf1,0x44, 
	0x68,0x0c,0x08,0x89, 
	0x41,0xf9,0xc1,0xa9, 
	0xb1,0xa2,0x2a,0xf7, 
	0xe9,0xd1,0x16,0x5a, 
	0x20,0xb8,0x41,0x0c, 
	0x04,0x30,0xbb,0xa0, 
	0xf2,0x2b,0x7c,0xc2, 
	0x2b,0x18,0x30,0x74, 
	0xa0,0x22,0xd7,0x02, 
	0x72,0xd7,0x06,0xa2, 
	0x22,0xf4,0xe2,0x27, 
	0x58,0xa0,0xcc,0xc0, 
	0x56,0xac,0x0d,0xe7, 
	0x3f,0x02,0x06,0x35, 
	0x00,0x52,0x16,0xa8, 
	0xa0,0xfe,0xc0,0x30, 
	0x55,0xa0,0x52,0xd5, 
	0x12,0xa7,0x3e,0x02, 
	0xc6,0x6e,0x00,0xe1, 
	0x0a,0x68,0xb2,0x61, 
	0x10,0xea,0xef,0xa8, 
	0x31,0xd2,0x16,0xa8, 
	0xe2,0x65,0xd0,0xb2, 
	0x27,0x58,0xa8,0x3a, 
	0x30,0x5d,0xa0,0xc2, 
	0xd5,0x15,0xc2,0x2c, 
	0x10,0xa9,0x01,0xc0, 
	0xc1,0x41,0xc0,0xbb, 
	0xc0,0xc2,0xd5,0x16, 
	0x52,0xd5,0x12,0xb2, 
	0x6c,0x34,0xa8,0x2a, 
	0xe5,0x55,0x01,0xa9, 
	0x61,0xb9,0x51,0xa2, 
	0x25,0xd0,0x65,0x55, 
	0x01,0xd8,0xc1,0xc8, 
	0xd1,0xe5,0x79,0x00, 
	0xdd,0x0b,0xcd,0x0a, 
	0xb8,0x51,0xa8,0x61, 
	0x25,0x79,0x00,0xe5, 
	0xd0,0x00,0xe8,0x01, 
	0xf1,0x60,0x68,0xb2, 
	0x16,0xa8,0xa2,0x65, 
	0xd0,0x30,0xbb,0xa0, 
	0xb2,0xdb,0x16,0x52, 
	0x2b,0x34,0xb9,0x11, 
	0x57,0xaf,0x07,0xb9, 
	0x11,0x52,0xd5,0x80, 
	0x52,0x6b,0x34,0xa8, 
	0x2e,0xa5,0x51,0x01, 
	0xa9,0xe1,0xb9,0x71, 
	0xad,0x05,0xe5,0x51, 
	0x01,0x58,0xe1,0xd8, 
	0xc1,0xc8,0xd1,0xa5, 
	0x75,0x00,0xcd,0x0a, 
	0xdd,0x0b,0xad,0x05, 
	0xb8,0x71,0xe5,0x74, 
	0x00,0xa5,0xc7,0x00, 
	0xb2,0x21,0x10,0xc2, 
	0x16,0xa8,0x98,0x11, 
	0x30,0xec,0xa0,0x1b, 
	0xcc,0x82,0xde,0x19, 
	0xa2,0x69,0x34,0xe2, 
	0xde,0x1a,0xf2,0x22, 
	0xf4,0xf2,0x68,0x3c, 
	0xd2,0x27,0x58,0xd9, 
	0x8e,0xf2,0x2b,0x7c, 
	0xe2,0x27,0x58,0xc2, 
	0x56,0xa8,0xe0,0xaf, 
	0xc0,0x56,0xaa,0x0d, 
	0xa2,0x22,0xf4,0xc2, 
	0x2b,0x18,0xa0,0xfe, 
	0xc0,0xc7,0x3a,0x02, 
	0xc6,0x32,0x00,0x52, 
	0x16,0xa8,0x30,0x55, 
	0xa0,0x52,0xd5,0x12, 
	0xa7,0x3e,0x02,0x06, 
	0x37,0x00,0xe1,0xd0, 
	0x67,0xb2,0x61,0x10, 
	0xea,0xef,0xa8,0x31, 
	0xd2,0x16,0xa8,0xe2, 
	0x65,0xd0,0xb2,0x27, 
	0x58,0xa8,0x3a,0x30, 
	0x5d,0xa0,0xc2,0xd5, 
	0x15,0xc2,0x2c,0x10, 
	0xa9,0x01,0xc0,0xc1, 
	0x41,0xc0,0xbb,0xc0, 
	0xc2,0xd5,0x16,0x52, 
	0xd5,0x12,0xb2,0x6c, 
	0x34,0xa8,0x2a,0xa5, 
	0x47,0x01,0xa9,0x91, 
	0xb9,0x81,0xa2,0x25, 
	0xd0,0xe5,0x46,0x01, 
	0xd8,0xc1,0xc8,0xd1, 
	0x65,0x6b,0x00,0xdd, 
	0x0b,0xcd,0x0a,0xb8, 
	0x81,0xa8,0x91,0xe5, 
	0x6a,0x00,0x65,0xc2, 
	0x00,0xb8,0x01,0xe1, 
	0x26,0x68,0xf2,0x16, 
	0xa8,0xa2,0x65,0xd0, 
	0x30,0xff,0xa0,0xf2, 
	0xdf,0x16,0x52,0x2f, 
	0x34,0xf9,0x11,0x57, 
	0xae,0x07,0xf9,0x11, 
	0x52,0xd5,0x80,0x52, 
	0x6f,0x34,0xa8,0x2b, 
	0x25,0x43,0x01,0xa9, 
	0xf1,0xb9,0xa1,0xad, 
	0x05,0x65,0x43,0x01, 
	0x58,0xf1,0xd8,0xc1, 
	0xc8,0xd1,0x25,0x67, 
	0x00,0xcd,0x0a,0xdd, 
	0x0b,0xad,0x05,0xb8, 
	0xa1,0x65,0x66,0x00, 
	0x58,0x11,0x25,0xb9, 
	0x00,0xb2,0x21,0x10, 
	0x82,0x16,0xa8,0xa2, 
	0x65,0x34,0x30,0xa8, 
	0xa0,0xc2,0x22,0xf4, 
	0x1b,0x88,0xd2,0xda, 
	0x19,0xa2,0xda,0x1a, 
	0xc2,0x6d,0x3c,0x92, 
	0x27,0x58,0x99,0x8a, 
	0x82,0x56,0xa8,0xa8, 
	0xb1,0x1b,0x44,0xa2, 
	0x2a,0xf7,0x40,0x40, 
	0x74,0xa7,0xb4,0x02, 
	0x06,0x86,0xff,0xb8, 
	0x21,0xb2,0x1b,0x9a, 
	0xc6,0x03,0x00,0xed, 
	0x0f,0xb2,0x61,0x10, 
	0xc6,0x90,0xff,0xed, 
	0x0f,0xb2,0x61,0x10, 
	0x86,0xc8,0xff,0xc8, 
	0x41,0x1b,0xdc,0xd0, 
	0xc0,0x74,0xc9,0x41, 
	0xb7,0xbc,0x02,0xc6, 
	0x79,0xff,0x0c,0x02, 
	0x1d,0xf0,0x00,0x00, 
	0x36,0x41,0x00,0x31, 
	0x79,0x67,0xc0,0x20, 
	0x00,0x82,0x23,0x95, 
	0xc0,0x20,0x00,0x91, 
	0x47,0x68,0x42,0x23, 
	0x96,0xc0,0x20,0x00, 
	0x82,0x69,0x83,0x51, 
	0x81,0x67,0xc0,0x20, 
	0x00,0x42,0x65,0x94, 
	0x5c,0x02,0xc0,0x20, 
	0x00,0x22,0x63,0xb4, 
	0x0c,0x02,0x1d,0xf0, 
	0x36,0x41,0x00,0x0c, 
	0x03,0xc0,0x20,0x00, 
	0x39,0x02,0xc0,0x20, 
	0x00,0x39,0x12,0x1d, 
	0xf0,0x00,0x00,0x00, 
	0x36,0x41,0x00,0xc0, 
	0x20,0x00,0x58,0x12, 
	0xc0,0x20,0x00,0x0c, 
	0x03,0x48,0x02,0x0c, 
	0x12,0x50,0x44,0xc0, 
	0x40,0x23,0x93,0x1d, 
	0xf0,0x00,0x00,0x00, 
	0x36,0x41,0x00,0x1b, 
	0x32,0x42,0xa1,0xff, 
	0x40,0x42,0xc0,0x0c, 
	0x02,0x40,0x23,0x93, 
	0x1d,0xf0,0x00,0x00, 
	0x36,0x41,0x00,0xc0, 
	0x20,0x00,0xa8,0x12, 
	0x25,0xfe,0xff,0xc0, 
	0x20,0x00,0x88,0x02, 
	0xa7,0x98,0x03,0x0c, 
	0x02,0x1d,0xf0,0xc0, 
	0x20,0x00,0xa8,0x12, 
	0xe5,0xfc,0xff,0xc0, 
	0x20,0x00,0xa9,0x12, 
	0xc0,0x20,0x00,0x98, 
	0x12,0x20,0x99,0xa0, 
	0xc0,0x20,0x00,0x39, 
	0x29,0x0c,0x12,0x1d, 
	0xf0,0x00,0x00,0x00, 
	0x36,0x41,0x00,0xad, 
	0x02,0x25,0xf9,0xff, 
	0x8c,0x2a,0x0c,0x02, 
	0x1d,0xf0,0xc0,0x20, 
	0x00,0xa8,0x02,0x25, 
	0xfa,0xff,0xc0,0x20, 
	0x00,0xa9,0x02,0xc0, 
	0x20,0x00,0x88,0x02, 
	0x20,0x28,0xa0,0xc0, 
	0x20,0x00,0x28,0x22, 
	0x1d,0xf0,0x00,0x00, 
	0xf0,0x22,0x11,0x20, 
	0x21,0x41,0xac,0xe2, 
	0xa0,0xf2,0x40,0xa2, 
	0xca,0xf8,0x00,0x1a, 
	0x40,0x00,0x22,0xa1, 
	0x0c,0x18,0xa0,0x88, 
	0xc0,0xc6,0x1c,0x00, 
	0xf0,0x33,0x11,0x30, 
	0x31,0x41,0x9c,0x23, 
	0xa0,0xf3,0x40,0xa2, 
	0xca,0xf8,0x00,0x1a, 
	0x40,0x00,0x33,0xa1, 
	0x0c,0x19,0xa0,0x99, 
	0xc0,0x86,0x16,0x00, 
	0x70,0x2f,0x05,0x10, 
	0x22,0x01,0x06,0x32, 
	0x00,0xf0,0x83,0x11, 
	0xcc,0x88,0x41,0x04, 
	0x68,0x40,0x22,0x20, 
	0x86,0x2e,0x00,0x00, 
	0x67,0xc3,0x06,0x70, 
	0x83,0x11,0x8c,0x08, 
	0x2d,0x03,0x70,0x7f, 
	0x05,0xf0,0x22,0x11, 
	0x00,0x41,0x40,0x20, 
	0x27,0x81,0x06,0x28, 
	0x00,0xf0,0x82,0x11, 
	0x56,0x88,0xfe,0x71, 
	0xfa,0x67,0x70,0x23, 
	0x20,0x46,0x24,0x00, 
	0x36,0x41,0x00,0x61, 
	0xf8,0x67,0x30,0x72, 
	0x30,0x67,0x42,0xbc, 
	0x67,0x43,0xe1,0x20, 
	0x87,0x75,0x30,0x97, 
	0x75,0x16,0xf8,0xf6, 
	0x16,0x89,0xf8,0x9a, 
	0x88,0xa1,0x2d,0x67, 
	0x60,0x22,0x20,0xa0, 
	0x22,0x10,0x60,0x33, 
	0x20,0xa0,0x33,0x10, 
	0x20,0x40,0xf5,0x30, 
	0x50,0xf5,0x50,0x62, 
	0xc1,0x30,0xb4,0xc1, 
	0x0c,0x09,0xba,0x66, 
	0xb7,0xb6,0x01,0x1b, 
	0x99,0x10,0x40,0x40, 
	0x60,0x99,0x81,0x30, 
	0xb2,0xc1,0x00,0x66, 
	0xa1,0xba,0x66,0xb7, 
	0xb6,0x01,0x1b,0x99, 
	0x50,0x24,0xc1,0x0c, 
	0x94,0x9a,0x22,0x20, 
	0x5f,0x41,0x8c,0x25, 
	0x0b,0x44,0x1b,0x88, 
	0x00,0x14,0x40,0x60, 
	0x22,0x81,0x00,0x66, 
	0xa1,0x42,0xa0,0x80, 
	0x40,0x88,0xc0,0x42, 
	0xa0,0xfe,0x47,0xb8, 
	0x23,0xd6,0x76,0x00, 
	0x1b,0x22,0xf0,0x66, 
	0x11,0x16,0xf6,0x00, 
	0x90,0x88,0x01,0x8a, 
	0x22,0x70,0x7f,0x05, 
	0x10,0x77,0x01,0x70, 
	0x22,0x20,0x1d,0xf0, 
	0x20,0x21,0x41,0xf0, 
	0x22,0x11,0x86,0xf9, 
	0xff,0x96,0x88,0x00, 
	0x82,0xa0,0xff,0x90, 
	0x28,0x01,0xc6,0xf7, 
	0xff,0x80,0x80,0x60, 
	0x9d,0x06,0x00,0x08, 
	0x40,0xf6,0xc8,0x13, 
	0x00,0x62,0xa1,0x20, 
	0x20,0x91,0x0c,0x08, 
	0x16,0x99,0xfb,0x0c, 
	0x19,0x90,0x66,0x20, 
	0x46,0xec,0xff,0x00, 
	0x70,0x2f,0x05,0x10, 
	0x22,0x01,0x06,0xf0, 
	0xff,0x00,0x00,0x00, 
	0x67,0xc5,0x08,0x40, 
	0x73,0x11,0x20,0x77, 
	0x20,0x16,0x17,0x00, 
	0x1d,0xf0,0x3d,0x05, 
	0x2d,0x04,0x1d,0xf0, 
	0x50,0x76,0x11,0x70, 
	0x55,0x30,0x86,0x58, 
	0x00,0x00,0x00,0x00, 
	0x36,0x21,0x00,0x61, 
	0xbc,0x67,0x50,0x73, 
	0x30,0x96,0x77,0xfe, 
	0x67,0x43,0xd0,0x67, 
	0x45,0xdb,0x30,0x74, 
	0xb5,0x50,0x84,0xb5, 
	0x87,0x37,0x78,0x67, 
	0x05,0x31,0x60,0x55, 
	0x20,0x50,0x55,0x11, 
	0x50,0x5b,0x41,0x80, 
	0xa7,0xc0,0xf6,0xca, 
	0x3e,0x00,0x0a,0x40, 
	0x92,0xa0,0x00,0x90, 
	0x94,0x81,0x40,0x45, 
	0x81,0x50,0x50,0x91, 
	0x4a,0x22,0x5a,0x33, 
	0x47,0xb2,0x01,0x1b, 
	0x33,0x30,0xa4,0xb5, 
	0x77,0x1a,0x76,0x8d, 
	0x07,0xc6,0x28,0x00, 
	0x40,0x55,0x11,0x50, 
	0x5c,0x41,0x67,0x03, 
	0x04,0x1b,0x88,0x06, 
	0xf2,0xff,0x4a,0x22, 
	0x5a,0x33,0x47,0xb2, 
	0x02,0x32,0xc3,0x01, 
	0x1d,0xf0,0x00,0x00, 
	0xf6,0xda,0xf8,0x00, 
	0x0a,0x40,0x00,0xb4, 
	0xa1,0x40,0x95,0x81, 
	0x50,0x40,0x91,0x0c, 
	0x05,0x16,0xbb,0xfb, 
	0xa0,0x99,0x20,0x46, 
	0xed,0xff,0x00,0x00, 
	0x40,0x33,0x11,0x30, 
	0x3c,0x41,0x1b,0x77, 
	0x06,0x03,0x00,0x00, 
	0x67,0x03,0xf0,0x60, 
	0x33,0x20,0x50,0x33, 
	0x11,0x30,0x3b,0x41, 
	0x70,0xa8,0xc0,0xf6, 
	0xca,0x2d,0x00,0x0a, 
	0x40,0x00,0x92,0xa1, 
	0x20,0x23,0x81,0x30, 
	0x30,0x91,0x4a,0x22, 
	0x50,0x33,0x80,0x47, 
	0xb2,0x01,0x1b,0x33, 
	0x30,0xa4,0xb5,0x87, 
	0x9a,0x31,0xd6,0xa9, 
	0x00,0x1b,0x22,0x16, 
	0x12,0x06,0xf0,0x99, 
	0x11,0x16,0x39,0x05, 
	0x1d,0xf0,0x00,0x00, 
	0xf6,0xda,0x16,0x00, 
	0x0a,0x40,0x00,0xb2, 
	0xa1,0x20,0x93,0x81, 
	0x30,0x20,0x91,0x0c, 
	0x03,0x16,0x9b,0xfc, 
	0xa0,0x99,0x20,0xc6, 
	0xf0,0xff,0x3d,0x05, 
	0x2d,0x04,0x1d,0xf0, 
	0xad,0x02,0x00,0x41, 
	0x40,0x20,0x23,0x81, 
	0x30,0x30,0x91,0x1b, 
	0x88,0xd0,0x88,0x01, 
	0x8a,0x33,0x67,0x43, 
	0x0a,0x07,0x6a,0x05, 
	0x1b,0x22,0x9c,0xa2, 
	0x9c,0x09,0x1d,0xf0, 
	0x0c,0x02,0x30,0x34, 
	0xb5,0xc0,0x33,0x01, 
	0xf0,0x88,0x11,0x80, 
	0x33,0x20,0x1d,0xf0, 
	0x20,0x21,0x41,0xf0, 
	0x22,0x11,0x1d,0xf0, 
	0x1b,0x33,0x1d,0xf0, 
	0x67,0xc5,0x05,0x41, 
	0xbc,0x66,0x40,0x33, 
	0x20,0x1d,0xf0,0x00, 
	0x50,0x76,0x11,0x70, 
	0x35,0x30,0x2d,0x04, 
	0x1d,0xf0,0x00,0x00, 
	0x50,0x76,0x11,0x70, 
	0x55,0x30,0x86,0xae, 
	0xff,0x00,0x00,0x00, 
	0x36,0x21,0x00,0x61, 
	0x67,0x67,0x50,0x73, 
	0x30,0x96,0x77,0xfe, 
	0x67,0x43,0xcc,0x67, 
	0x45,0xd5,0x30,0x74, 
	0xa5,0x50,0x84,0xa5, 
	0x57,0x33,0x7c,0x57, 
	0x13,0x41,0x67,0x05, 
	0x4a,0x60,0x55,0x20, 
	0x50,0x55,0x11,0x50, 
	0x5b,0x41,0x80,0xa7, 
	0xc0,0xf6,0xca,0x4b, 
	0x00,0x0a,0x40,0x0c, 
	0x09,0x90,0x94,0x81, 
	0x40,0x45,0x81,0x50, 
	0x50,0x91,0x50,0x33, 
	0xc0,0x47,0xb2,0x01, 
	0x0b,0x33,0x40,0x22, 
	0xc0,0x90,0x90,0x60, 
	0x8c,0x59,0x0b,0x53, 
	0x20,0x35,0x83,0x0b, 
	0x22,0x30,0xa4,0xa5, 
	0x77,0x1a,0x7f,0x46, 
	0x31,0x00,0x00,0x00, 
	0x47,0x32,0x34,0x27, 
	0x34,0xb7,0x0c,0x03, 
	0x0c,0x02,0x1d,0xf0, 
	0x40,0x55,0x11,0x50, 
	0x5c,0x41,0x67,0x03, 
	0xb4,0x1b,0x88,0xc6, 
	0xeb,0xff,0x00,0x00, 
	0xf6,0xda,0xea,0x00, 
	0x0a,0x40,0x00,0xb4, 
	0xa1,0x40,0x95,0x81, 
	0x50,0x40,0x91,0x0c, 
	0x05,0x16,0xdb,0xfa, 
	0xa0,0x99,0x20,0xc6, 
	0xe9,0xff,0x00,0x00, 
	0x67,0x03,0x50,0x60, 
	0x33,0x20,0x50,0x33, 
	0x11,0x30,0x3b,0x41, 
	0x70,0xa8,0xc0,0xf6, 
	0xca,0x51,0x00,0x0a, 
	0x40,0x0c,0x09,0x90, 
	0x92,0x81,0x20,0x23, 
	0x81,0x30,0x30,0x91, 
	0x50,0xb6,0x11,0xb0, 
	0x55,0x30,0x20,0x24, 
	0xc0,0x30,0x35,0xc0, 
	0x27,0xb4,0x01,0x0b, 
	0x33,0x90,0x90,0x60, 
	0x8c,0x59,0x0b,0x53, 
	0x20,0x35,0x83,0x0b, 
	0x22,0x30,0xa4,0xa5, 
	0x87,0x9a,0x48,0xd6, 
	0xa9,0x00,0x1b,0x22, 
	0x16,0x42,0x07,0xf0, 
	0x99,0x11,0x16,0x69, 
	0x06,0x1d,0xf0,0x00, 
	0x40,0x33,0x11,0x30, 
	0x3c,0x41,0x67,0x05, 
	0xae,0x1b,0x77,0x46, 
	0xea,0xff,0x00,0x00, 
	0xf6,0xda,0x18,0x00, 
	0x0a,0x40,0x00,0xb2, 
	0xa1,0x20,0x93,0x81, 
	0x30,0x20,0x91,0x50, 
	0x36,0x11,0x16,0xcb, 
	0xfa,0xa0,0x99,0x20, 
	0x86,0xe9,0xff,0x00, 
	0x50,0x76,0x11,0x70, 
	0x35,0x30,0x2d,0x04, 
	0x1d,0xf0,0x00,0x00, 
	0x40,0x83,0x11,0xbc, 
	0x18,0x60,0xf8,0x40, 
	0x80,0x8c,0x41,0xa7, 
	0xa6,0x4e,0x1b,0x66, 
	0x00,0x16,0x40,0x20, 
	0x88,0x81,0x90,0x22, 
	0x81,0x00,0x99,0xa1, 
	0x30,0x34,0xb5,0x60, 
	0x33,0xc0,0xc0,0x33, 
	0x01,0x8a,0x33,0x06, 
	0xe3,0xff,0x00,0x00, 
	0x20,0x21,0x41,0xf0, 
	0x22,0x11,0x1d,0xf0, 
	0x1b,0x33,0x1d,0xf0, 
	0x60,0xf2,0x40,0x62, 
	0xc6,0x15,0x67,0x2a, 
	0x1b,0xb6,0xc6,0xcb, 
	0x00,0x16,0x40,0x90, 
	0x82,0x81,0x00,0x29, 
	0xa1,0x0c,0x09,0x30, 
	0x34,0xb5,0x60,0x33, 
	0xc0,0xc0,0x33,0x01, 
	0x8a,0x33,0x46,0xd6, 
	0xff,0x6d,0x0a,0x86, 
	0xf7,0xff,0x00,0x00, 
	0xf0,0x33,0x11,0x30, 
	0x31,0x41,0x20,0xa3, 
	0x20,0x16,0x4a,0x08, 
	0x9c,0x53,0xa0,0xf3, 
	0x40,0xa2,0xca,0xf5, 
	0x00,0x1a,0x40,0x20, 
	0x33,0x81,0x00,0x22, 
	0xa1,0x0c,0x18,0xa0, 
	0x88,0xc0,0x86,0x34, 
	0x00,0xa0,0xf2,0x40, 
	0xa2,0xca,0xf5,0x6c, 
	0x18,0xa0,0x88,0xc0, 
	0x00,0x1a,0x40,0x96, 
	0x9a,0x00,0x00,0x32, 
	0xa1,0x0c,0x02,0x46, 
	0x2e,0x00,0x00,0x00, 
	0x20,0x30,0x91,0x00, 
	0x22,0xa1,0x86,0x2b, 
	0x00,0xf0,0x55,0x11, 
	0x50,0x51,0x41,0x40, 
	0xa5,0x20,0xbc,0xba, 
	0x9c,0x55,0xa0,0xf5, 
	0x40,0xa2,0xca,0xf5, 
	0x00,0x1a,0x40,0x40, 
	0x55,0x81,0x00,0x44, 
	0xa1,0x0c,0x19,0xa0, 
	0x99,0xc0,0x46,0x23, 
	0x00,0xa0,0xf4,0x40, 
	0xa2,0xca,0xf5,0x6c, 
	0x19,0xa0,0x99,0xc0, 
	0x00,0x1a,0x40,0x96, 
	0x9a,0x00,0x00,0x54, 
	0xa1,0x0c,0x04,0x06, 
	0x1d,0x00,0x00,0x00, 
	0x40,0x50,0x91,0x00, 
	0x44,0xa1,0x46,0x1a, 
	0x00,0x70,0x3f,0x05, 
	0x10,0x33,0x01,0x0c, 
	0x02,0x46,0x62,0x00, 
	0xcc,0xd4,0xf0,0x85, 
	0x11,0xcc,0x88,0x41, 
	0x29,0x66,0x40,0x33, 
	0x20,0x46,0x5e,0x00, 
	0x00,0x67,0xc5,0x0b, 
	0x40,0x85,0x11,0x40, 
	0x88,0x20,0x8c,0x28, 
	0x3d,0x05,0x2d,0x04, 
	0x70,0x7f,0x05,0xf0, 
	0x33,0x11,0x00,0x41, 
	0x40,0x30,0x37,0x81, 
	0x86,0x56,0x00,0x00, 
	0x56,0x82,0xfe,0xf0, 
	0x83,0x11,0x56,0x28, 
	0xfe,0x71,0x1c,0x66, 
	0x70,0x35,0x20,0xc6, 
	0x51,0x00,0x00,0x00, 
	0x36,0x41,0x00,0x61, 
	0xcd,0x66,0x50,0x73, 
	0x30,0x67,0x43,0xaf, 
	0x67,0x45,0xdc,0x30, 
	0x84,0xa5,0x50,0x94, 
	0xa5,0x16,0x78,0xf0, 
	0x16,0xd9,0xf4,0x9a, 
	0x88,0xa1,0xc7,0x66, 
	0x60,0x33,0x20,0xa0, 
	0x33,0x10,0x60,0x55, 
	0x20,0xa0,0x55,0x10, 
	0x79,0x11,0x20,0xc0, 
	0xf5,0x40,0xd0,0xf5, 
	0x30,0xe0,0xf5,0x50, 
	0xf0,0xf5,0xd0,0xa2, 
	0xc1,0x40,0xbc,0xc1, 
	0x0c,0x09,0xba,0xaa, 
	0xb7,0xba,0x01,0x1b, 
	0x99,0x10,0x40,0x40, 
	0xa0,0x69,0x81,0x40, 
	0xb2,0xc1,0x00,0xaa, 
	0xa1,0xba,0xaa,0xb7, 
	0xba,0x02,0x62,0xc6, 
	0x01,0x50,0xb2,0xc1, 
	0x0c,0x09,0xba,0x66, 
	0xb7,0xb6,0x01,0x1b, 
	0x99,0xd0,0xbc,0xc1, 
	0xb0,0x66,0x80,0xb7, 
	0xb6,0x01,0x1b,0x99, 
	0x40,0xb3,0xc1,0xba, 
	0x66,0xb7,0xb6,0x01, 
	0x1b,0x99,0x8c,0x3a, 
	0x0c,0x1b,0xb0,0x66, 
	0x20,0xf0,0x72,0xc1, 
	0x40,0xbe,0xc1,0x0c, 
	0x0a,0x7a,0xbb,0x77, 
	0xbb,0x02,0xa2,0xca, 
	0x01,0x50,0x7c,0xc1, 
	0x70,0xbb,0x80,0x77, 
	0xbb,0x01,0x1b,0xaa, 
	0xd0,0x73,0xc1,0xf0, 
	0x20,0x00,0x7a,0xbb, 
	0x77,0xbb,0x01,0x1b, 
	0xaa,0xb0,0xaa,0x81, 
	0x9a,0xaa,0x00,0xbb, 
	0xa1,0xba,0x66,0xb7, 
	0xb6,0x02,0xa2,0xca, 
	0x01,0xf0,0x2c,0xc1, 
	0x0c,0x09,0xaa,0x22, 
	0xa7,0xb2,0x01,0x1b, 
	0x99,0x50,0xa3,0xc1, 
	0xa0,0x22,0x80,0xa7, 
	0xb2,0x01,0x1b,0x99, 
	0xd0,0xae,0xc1,0xf0, 
	0x20,0x00,0xaa,0x22, 
	0xa7,0xb2,0x01,0x1b, 
	0x99,0xf0,0xb3,0xc1, 
	0x50,0x7e,0xc1,0x0c, 
	0x0a,0x7a,0xbb,0x77, 
	0xbb,0x02,0xa2,0xca, 
	0x01,0xb0,0xaa,0x81, 
	0x9a,0xaa,0x00,0xbb, 
	0xa1,0xba,0x22,0xb7, 
	0xb2,0x01,0x1b,0xaa, 
	0xf0,0x3e,0xc1,0x0c, 
	0xb4,0x78,0x11,0xaa, 
	0x33,0x30,0x59,0x41, 
	0xcc,0x45,0x42,0xc4, 
	0x01,0x82,0xc8,0xff, 
	0x00,0x14,0x40,0x20, 
	0x33,0x81,0x60,0x22, 
	0x81,0x00,0x66,0xa1, 
	0x42,0xa3,0xff,0x40, 
	0x88,0xc0,0xf0,0x44, 
	0x11,0x47,0xb8,0x2b, 
	0xd6,0x86,0x00,0x1b, 
	0x22,0x9c,0xc2,0xf0, 
	0x66,0x11,0x8c,0xe6, 
	0xc0,0x88,0x01,0x8a, 
	0x33,0x70,0x7f,0x05, 
	0x10,0x77,0x01,0x70, 
	0x33,0x20,0x1d,0xf0, 
	0x20,0x21,0x41,0xf0, 
	0x22,0x11,0x86,0xf9, 
	0xff,0x1b,0x33,0x46, 
	0xf8,0xff,0x00,0x00, 
	0x96,0x98,0x00,0x1b, 
	0x84,0xc0,0x38,0x01, 
	0x0c,0x02,0xc6,0xf5, 
	0xff,0x80,0x80,0x60, 
	0x9d,0x06,0x00,0x08, 
	0x40,0xf6,0xc8,0x0b, 
	0x00,0x62,0xa1,0x20, 
	0x23,0x81,0x30,0x30, 
	0x91,0x06,0x04,0x00, 
	0xf6,0xd8,0x1c,0x00, 
	0xa2,0xa1,0x20,0x63, 
	0x81,0x30,0x20,0x91, 
	0x0c,0x03,0xa0,0x99, 
	0x20,0x0c,0x08,0x16, 
	0x99,0xf9,0x0c,0x19, 
	0x90,0x66,0x20,0x46, 
	0xe4,0xff,0x00,0x00, 
	0x70,0x3f,0x05,0x10, 
	0x33,0x01,0x0c,0x02, 
	0x86,0xe7,0xff,0x00, 
	0xf0,0x55,0x11,0x50, 
	0x51,0x41,0x40,0xa5, 
	0x20,0xbc,0xba,0x9c, 
	0x55,0xa0,0xf5,0x40, 
	0xa2,0xca,0xf5,0x00, 
	0x1a,0x40,0x40,0x55, 
	0x81,0x00,0x44,0xa1, 
	0x0c,0x19,0xa0,0x99, 
	0xc0,0xc6,0x36,0x00, 
	0xa0,0xf4,0x40,0xa2, 
	0xca,0xf5,0x6c,0x19, 
	0xa0,0x99,0xc0,0x00, 
	0x1a,0x40,0x96,0x7a, 
	0x00,0x00,0x54,0xa1, 
	0x0c,0x04,0x86,0x30, 
	0x00,0x40,0x50,0x91, 
	0x00,0x44,0xa1,0x46, 
	0x2e,0x00,0x00,0x00, 
	0xf0,0x33,0x11,0x30, 
	0x31,0x41,0x30,0x22, 
	0x20,0x70,0x3f,0x05, 
	0x10,0x33,0x01,0x60, 
	0x33,0x20,0xcc,0x42, 
	0x41,0x99,0x65,0x40, 
	0x33,0x20,0x0c,0x02, 
	0x1d,0xf0,0x00,0x00, 
	0xf0,0x33,0x11,0x30, 
	0x31,0x41,0x20,0xa3, 
	0x20,0xbc,0xba,0x9c, 
	0x53,0xa0,0xf3,0x40, 
	0xa2,0xca,0xf5,0x00, 
	0x1a,0x40,0x20,0x33, 
	0x81,0x00,0x22,0xa1, 
	0x0c,0x18,0xa0,0x88, 
	0xc0,0x86,0x1d,0x00, 
	0xa0,0xf2,0x40,0xa2, 
	0xca,0xf5,0x6c,0x18, 
	0xa0,0x88,0xc0,0x00, 
	0x1a,0x40,0x96,0x7a, 
	0x00,0x00,0x32,0xa1, 
	0x0c,0x02,0x46,0x17, 
	0x00,0x20,0x30,0x91, 
	0x00,0x22,0xa1,0x06, 
	0x15,0x00,0x00,0x00, 
	0x70,0x3f,0x05,0x10, 
	0x33,0x01,0x0c,0x02, 
	0x1d,0xf0,0x00,0x00, 
	0x50,0x7f,0x05,0x10, 
	0x77,0x01,0x70,0x33, 
	0x30,0x67,0xc5,0x05, 
	0x41,0x7e,0x65,0x40, 
	0x33,0x20,0x1d,0xf0, 
	0x40,0x85,0x11,0x40, 
	0x88,0x20,0x16,0x68, 
	0xfd,0x3d,0x05,0x2d, 
	0x04,0x1d,0xf0,0x00, 
	0x47,0x32,0x3a,0xc6, 
	0x0f,0x00,0x00,0x00, 
	0x36,0x21,0x00,0x61, 
	0x29,0x66,0x50,0x73, 
	0x30,0x67,0x43,0xc7, 
	0x67,0x45,0xd8,0x30, 
	0x84,0xa5,0x50,0x94, 
	0xa5,0x16,0xf9,0xef, 
	0x16,0x48,0xf6,0x90, 
	0x88,0xc0,0xa1,0x23, 
	0x66,0x60,0x33,0x20, 
	0xa0,0x33,0x10,0x60, 
	0x55,0x20,0xa0,0x55, 
	0x10,0x10,0x4f,0x40, 
	0x37,0x35,0x0a,0x37, 
	0x15,0xc1,0x20,0x33, 
	0x81,0x00,0x22,0xa1, 
	0x0b,0x88,0x50,0x33, 
	0xc0,0x47,0xb2,0x01, 
	0x0b,0x33,0x40,0x22, 
	0xc0,0x20,0x33,0x81, 
	0x00,0x22,0xa1,0x0c, 
	0x0a,0x0c,0x1b,0x3c, 
	0x49,0xb0,0xaa,0x81, 
	0x00,0xbb,0xa1,0x57, 
	0x33,0x10,0x57,0x13, 
	0x42,0x1b,0xbb,0x50, 
	0x33,0xc0,0x47,0xb2, 
	0x02,0x32,0xc3,0xff, 
	0x40,0x22,0xc0,0x20, 
	0x33,0x81,0x00,0x22, 
	0xa1,0x0b,0x99,0x56, 
	0xa9,0xfd,0x92,0xa3, 
	0xfe,0x90,0x88,0x80, 
	0x92,0xd9,0x04,0x97, 
	0xb8,0x39,0x57,0x33, 
	0x07,0x57,0x13,0x1f, 
	0x1b,0xbb,0x16,0x6b, 
	0x08,0x2d,0x0b,0xc0, 
	0x88,0x01,0x8a,0x3a, 
	0x70,0x7f,0x05,0x10, 
	0x77,0x01,0x70,0x33, 
	0x20,0x1d,0xf0,0x00, 
	0x47,0xb2,0xb9,0x06, 
	0xf1,0xff,0x00,0x00, 
	0x47,0x32,0xe1,0x47, 
	0x92,0xd9,0x1b,0xbb, 
	0x16,0x0b,0x06,0xb0, 
	0xb1,0x41,0xf0,0xbb, 
	0x11,0x06,0xf4,0xff, 
	0x96,0x98,0x00,0x1b, 
	0x89,0xc0,0x38,0x01, 
	0x0c,0x02,0x86,0xf2, 
	0xff,0x80,0x80,0x60, 
	0x00,0x08,0x40,0xf6, 
	0xc8,0x0d,0x00,0x6b, 
	0xa1,0xb0,0xba,0x81, 
	0xa0,0xa0,0x91,0x86, 
	0x04,0x00,0x00,0x00, 
	0xf6,0xd8,0x35,0x00, 
	0x9b,0xa1,0xb0,0x6a, 
	0x81,0xa0,0xb0,0x91, 
	0x0c,0x0a,0x90,0x22, 
	0x20,0x0c,0x08,0x20, 
	0x33,0x20,0x8c,0x33, 
	0x0c,0x19,0x90,0x66, 
	0x20,0xd6,0xc6,0xf8, 
	0x1b,0xbb,0x8c,0xeb, 
	0xf0,0x66,0x11,0x56, 
	0x26,0xf8,0xb0,0xb1, 
	0x41,0xf0,0xbb,0x11, 
	0x46,0xde,0xff,0x00, 
	0x1b,0xaa,0xc6,0xdc, 
	0xff,0x70,0x3f,0x05, 
	0x10,0x33,0x01,0x0c, 
	0x02,0x1d,0xf0,0x00, 
	0x36,0x21,0x00,0x47, 
	0x92,0x0d,0x57,0x93, 
	0x17,0x61,0xdd,0x65, 
	0x67,0x43,0x08,0x0c, 
	0x02,0x1d,0xf0,0x00, 
	0x0c,0x12,0x1d,0xf0, 
	0x40,0x73,0x11,0x20, 
	0x77,0x20,0x06,0x02, 
	0x00,0x50,0x73,0x20, 
	0xf0,0x77,0x11,0x20, 
	0x77,0x20,0x0c,0x02, 
	0x0c,0x13,0x70,0x23, 
	0x93,0x1d,0xf0,0x00, 
	0x36,0x21,0x00,0x61, 
	0xd2,0x65,0x67,0x43, 
	0x0e,0x67,0xc5,0x40, 
	0x40,0x75,0x11,0x40, 
	0x77,0x20,0xbc,0x77, 
	0x0c,0x02,0x1d,0xf0, 
	0x40,0x73,0x11,0x20, 
	0x77,0x20,0x16,0x77, 
	0xfe,0x0c,0x02,0x1d, 
	0xf0,0x00,0x00,0x00, 
	0x36,0x21,0x00,0x61, 
	0xc8,0x65,0x67,0x43, 
	0x0e,0x67,0xc5,0x18, 
	0x40,0x75,0x11,0x40, 
	0x77,0x20,0x8c,0xf7, 
	0x0c,0x12,0x1d,0xf0, 
	0x40,0x73,0x11,0x20, 
	0x77,0x20,0x16,0x77, 
	0xfe,0x0c,0x12,0x1d, 
	0xf0,0x50,0x73,0x30, 
	0x96,0xd7,0x01,0x96, 
	0xd3,0x00,0x57,0x33, 
	0x05,0x57,0x93,0x10, 
	0x27,0x34,0x0d,0x0c, 
	0x02,0x1d,0xf0,0x00, 
	0x37,0x35,0xf7,0x37, 
	0x95,0x02,0x47,0xb2, 
	0xf1,0x0c,0x12,0x1d, 
	0xf0,0x96,0xa3,0xfe, 
	0x50,0x73,0x20,0xf0, 
	0x77,0x11,0x20,0x77, 
	0x20,0x40,0x77,0x20, 
	0x0c,0x12,0x0c,0x03, 
	0x70,0x23,0x83,0x1d, 
	0xf0,0x00,0x00,0x00, 
	0x36,0x21,0x00,0x61, 
	0xaf,0x65,0x67,0x43, 
	0x0e,0x67,0xc5,0x40, 
	0x40,0x75,0x11,0x40, 
	0x77,0x20,0xbc,0x77, 
	0x7c,0xf2,0x1d,0xf0, 
	0x40,0x73,0x11,0x20, 
	0x77,0x20,0x16,0x77, 
	0xfe,0x7c,0xf2,0x1d, 
	0xf0,0x00,0x00,0x00, 
	0x36,0x21,0x00,0x61, 
	0xa5,0x65,0x67,0x43, 
	0x0e,0x67,0xc5,0x18, 
	0x40,0x75,0x11,0x40, 
	0x77,0x20,0x8c,0xf7, 
	0x0c,0x02,0x1d,0xf0, 
	0x40,0x73,0x11,0x20, 
	0x77,0x20,0x16,0x77, 
	0xfe,0x0c,0x02,0x1d, 
	0xf0,0x50,0x73,0x30, 
	0x96,0xd7,0x01,0x96, 
	0xd3,0x00,0x57,0x33, 
	0x05,0x57,0x93,0x10, 
	0x47,0xb2,0x0d,0x7c, 
	0xf2,0x1d,0xf0,0x00, 
	0x37,0x35,0xf7,0x37, 
	0x95,0x02,0x27,0x34, 
	0xf1,0x0c,0x02,0x1d, 
	0xf0,0xd6,0x83,0xff, 
	0x50,0x73,0x20,0xf0, 
	0x77,0x11,0x20,0x77, 
	0x20,0x40,0x77,0x20, 
	0x0c,0x02,0x7c,0xf3, 
	0x70,0x23,0x93,0x1d, 
	0xf0,0x00,0x00,0x00, 
	0x36,0x21,0x00,0x61, 
	0x8c,0x65,0x67,0x43, 
	0x06,0x67,0x45,0x10, 
	0x0c,0x02,0x1d,0xf0, 
	0x40,0x73,0x11,0x20, 
	0x77,0x20,0x16,0xf7, 
	0xfe,0x0c,0x12,0x1d, 
	0xf0,0x40,0x75,0x11, 
	0x40,0x77,0x20,0x16, 
	0x57,0xfe,0x0c,0x12, 
	0x1d,0xf0,0x00,0x00, 
	0x36,0x21,0x00,0x61, 
	0x81,0x65,0x67,0x43, 
	0x26,0x30,0x44,0xa5, 
	0x60,0x53,0x95,0x50, 
	0x44,0xc0,0xe6,0xc4, 
	0x26,0xa6,0x14,0x2f, 
	0x60,0x73,0x20,0x10, 
	0x45,0x40,0x20,0x57, 
	0x81,0x00,0x14,0x40, 
	0x50,0x50,0x91,0x50, 
	0x20,0x60,0x70,0x25, 
	0xb3,0x1d,0xf0,0x00, 
	0x40,0x43,0x11,0x20, 
	0x44,0x20,0x16,0x24, 
	0x00,0x32,0xa0,0x00, 
	0x50,0x46,0x11,0x0b, 
	0x54,0x30,0x45,0xb3, 
	0x2d,0x04,0x1d,0xf0, 
	0x0c,0x02,0x1d,0xf0, 
	0x36,0x21,0x00,0x61, 
	0x6e,0x65,0x67,0x43, 
	0x2a,0x30,0x44,0xa5, 
	0x60,0x54,0x95,0x50, 
	0x44,0xc0,0xe6,0xc4, 
	0x2a,0x96,0x34,0x03, 
	0x60,0x73,0x20,0x10, 
	0x45,0x40,0x20,0x57, 
	0x81,0x1b,0x44,0x26, 
	0xc4,0x29,0x00,0x14, 
	0x40,0x50,0x50,0x91, 
	0x50,0x20,0x60,0x70, 
	0x25,0xb3,0x1d,0xf0, 
	0x40,0x43,0x11,0x20, 
	0x44,0x20,0x8c,0x24, 
	0x7c,0xf2,0x1d,0xf0, 
	0x50,0x46,0x11,0x7c, 
	0xf5,0x30,0x45,0xb3, 
	0x2d,0x04,0x1d,0xf0, 
	0x0c,0x02,0x1d,0xf0, 
	0x96,0x43,0x00,0x2d, 
	0x05,0x1d,0xf0,0x00, 
	0x50,0x26,0x11,0x1d, 
	0xf0,0x00,0x00,0x00, 
	0x36,0x21,0x00,0x20, 
	0x5f,0x05,0x10,0x55, 
	0x01,0xf0,0x42,0x11, 
	0x20,0x67,0x75,0xac, 
	0xd6,0x1b,0x66,0x26, 
	0xf6,0x11,0x40,0x44, 
	0x41,0x61,0x52,0x65, 
	0x30,0x22,0x01,0x6a, 
	0x44,0x50,0x34,0x20, 
	0x1d,0xf0,0x00,0x00, 
	0x41,0x4d,0x65,0x70, 
	0x72,0x11,0x8c,0x47, 
	0x50,0x66,0x11,0x60, 
	0x44,0x20,0x50,0x34, 
	0x20,0x0c,0x02,0x1d, 
	0xf0,0x00,0x00,0x00, 
	0x16,0x24,0xff,0x70, 
	0xf4,0x40,0x72,0xc7, 
	0xf8,0x00,0x17,0x40, 
	0x00,0x44,0xa1,0x30, 
	0x24,0x01,0x40,0x43, 
	0x41,0x62,0xa3,0x7f, 
	0x70,0x66,0xc0,0xc0, 
	0x66,0x01,0x6a,0x44, 
	0x50,0x34,0x20,0x1d, 
	0xf0,0x00,0x00,0x00, 
	0x36,0x41,0x00,0xa1, 
	0x40,0x65,0x8c,0x73, 
	0x91,0x3e,0x65,0x82, 
	0x23,0x00,0x82,0x69, 
	0x00,0x49,0x0a,0x8c, 
	0x15,0xe0,0x05,0x00, 
	0x8c,0x66,0xad,0x06, 
	0x10,0x11,0x20,0xe5, 
	0x0c,0x00,0x1d,0xf0, 
	0x36,0x41,0x00,0x20, 
	0xa2,0x20,0xb2,0xa0, 
	0x00,0x65,0x01,0x00, 
	0xa1,0x36,0x65,0xa2, 
	0x2a,0x00,0xb8,0xfa, 
	0x8c,0x1b,0xe0,0x0b, 
	0x00,0xad,0x02,0xe5, 
	0x8b,0x00,0x00,0x00, 
	0x36,0x61,0x00,0x72, 
	0xaf,0x78,0x29,0x01, 
	0xd1,0x2f,0x65,0xd8, 
	0x0d,0xe2,0xa1,0x48, 
	0x62,0x2d,0x52,0xea, 
	0xdd,0xd9,0x11,0x16, 
	0xd6,0x07,0x58,0x16, 
	0xbd,0x05,0x0b,0x55, 
	0x96,0x95,0x06,0x60, 
	0x45,0xa0,0x8c,0x73, 
	0x77,0x16,0x59,0x82, 
	0x24,0x42,0x37,0x98, 
	0x53,0xc8,0x24,0x0b, 
	0xbb,0x57,0x9b,0x04, 
	0xb9,0x16,0x46,0x01, 
	0x00,0xb8,0x16,0x0c, 
	0x09,0x99,0x24,0xbc, 
	0xec,0x2d,0x0b,0x77, 
	0x16,0x22,0xa2,0x26, 
	0x62,0x00,0x15,0x40, 
	0xd2,0xa0,0x01,0x00, 
	0xdd,0xa1,0xa7,0x0d, 
	0x13,0xe2,0x26,0x63, 
	0xb2,0x24,0x22,0xe7, 
	0x8d,0x11,0xa2,0x21, 
	0x00,0xe0,0x0c,0x00, 
	0x46,0x03,0x00,0x00, 
	0x00,0xe0,0x0c,0x00, 
	0x46,0x01,0x00,0x00, 
	0xad,0x0b,0xe0,0x0c, 
	0x00,0xb8,0x16,0xf8, 
	0x11,0x27,0x9b,0x87, 
	0xf8,0x0f,0x67,0x9f, 
	0x82,0x42,0xc4,0xfc, 
	0x0b,0x55,0x66,0x05, 
	0x98,0x98,0x06,0x8c, 
	0x9b,0x69,0x11,0x6d, 
	0x09,0x56,0x19,0xf8, 
	0x1d,0xf0,0x00,0x00, 
	0x16,0x19,0xff,0x68, 
	0x11,0x99,0x06,0x6d, 
	0x09,0x06,0xfb,0xff, 
	0x36,0x41,0x00,0x51, 
	0x07,0x65,0x58,0x05, 
	0x42,0x25,0x52,0xcc, 
	0x64,0x42,0xa1,0x4c, 
	0x4a,0x45,0x42,0x65, 
	0x52,0x58,0x14,0xa6, 
	0xc5,0x03,0x7c,0xf2, 
	0x1d,0xf0,0x1b,0x95, 
	0x40,0x85,0xa0,0x99, 
	0x14,0x29,0x28,0x0c, 
	0x02,0x1d,0xf0,0x00, 
	0x36,0x41,0x00,0x41, 
	0xfd,0x64,0x38,0x04, 
	0x52,0xc4,0x10,0x5a, 
	0x53,0x22,0x45,0x00, 
	0x1b,0x33,0x30,0x30, 
	0x74,0x39,0x04,0x1d, 
	0xf0,0x00,0x00,0x00, 
	0x36,0x41,0x00,0x7c, 
	0xf2,0x1d,0xf0,0x00, 
	0x36,0x41,0x00,0x1d, 
	0xf0,0x00,0x00,0x00, 
	0x30,0xb1,0x03,0x59, 
	0x71,0x3b,0x23,0x20, 
	0xb1,0x13,0x1b,0x33, 
	0x30,0x20,0x14,0x20, 
	0x33,0xc0,0x38,0x03, 
	0x40,0x03,0x03,0x00, 
	0x22,0x40,0x30,0x30, 
	0x91,0x30,0x30,0x34, 
	0x40,0x03,0x13,0x41, 
	0xeb,0x64,0x5d,0x01, 
	0x12,0xc1,0x60,0x40, 
	0x43,0xa0,0xa0,0x04, 
	0x00,0x00,0x00,0x00, 
	0x1d,0x00,0xfc,0x84, 
	0xfc,0x64,0x00,0x00, 
	0x18,0x45,0xfc,0x04, 
	0x18,0x55,0xec,0xc4, 
	0x18,0x65,0xec,0x84, 
	0x18,0x75,0xec,0x44, 
	0x1d,0x06,0xec,0x04, 
	0x1d,0x07,0xdc,0xc4, 
	0x1d,0x08,0xdc,0x84, 
	0x1d,0x09,0xdc,0x44, 
	0x1d,0x0a,0xdc,0x04, 
	0x1d,0x0b,0xcc,0xc4, 
	0x1d,0x0c,0xcc,0x84, 
	0x1d,0x0d,0xcc,0x44, 
	0x1d,0x0e,0xcc,0x04, 
	0x1d,0x0f,0x10,0x30, 
	0x14,0x8c,0x43,0xf0, 
	0x41,0x00,0x30,0x11, 
	0xc0,0x22,0xc5,0x60, 
	0x42,0xa0,0x60,0x50, 
	0x31,0xc0,0x47,0xb3, 
	0x16,0x40,0x55,0xc0, 
	0x32,0x25,0x1c,0x42, 
	0x25,0x1d,0x39,0x45, 
	0x49,0x55,0x32,0x25, 
	0x1e,0x42,0x25,0x1f, 
	0x39,0x65,0x49,0x75, 
	0x30,0xc2,0x09,0x40, 
	0xd2,0x09,0x30,0xc1, 
	0x49,0x40,0xd1,0x49, 
	0x30,0xe2,0x09,0x40, 
	0xf2,0x09,0x30,0xe1, 
	0x49,0x40,0xf1,0x49, 
	0x28,0x45,0x38,0x55, 
	0x48,0x65,0x58,0x75, 
	0x00,0x30,0x00,0x00, 
	0x30,0xb1,0x03,0x28, 
	0x41,0x3b,0x33,0x30, 
	0xb1,0x13,0x32,0x21, 
	0x05,0x56,0x62,0x04, 
	0x32,0x61,0x11,0x42, 
	0x61,0x12,0x52,0x61, 
	0x13,0x31,0xbd,0x64, 
	0x20,0xe6,0x03,0x30, 
	0xe6,0x13,0x30,0xb1, 
	0x03,0x12,0xc1,0x60, 
	0x10,0x20,0x00,0x42, 
	0xa0,0x00,0x36,0x81, 
	0x00,0xf5,0x01,0x00, 
	0xe1,0xb8,0x64,0xea, 
	0x0c,0x1d,0xf0,0x20, 
	0xe6,0x13,0x0c,0x02, 
	0x48,0xa5,0x10,0x20, 
	0x00,0x30,0xb1,0x13, 
	0x38,0x95,0x58,0xb5, 
	0x00,0x30,0x00,0x00, 
	0x36,0x61,0x00,0xfd, 
	0x0f,0x1d,0xf0,0x7c, 
	0xf2,0x12,0xc1,0x60, 
	0x00,0x30,0x00,0x00, 
	0x59,0x71,0x21,0xab, 
	0x64,0x30,0xb1,0x03, 
	0x20,0xe6,0x61,0x39, 
	0x01,0x29,0x11,0x22, 
	0x21,0x13,0x12,0xc1, 
	0x60,0x10,0x20,0x00, 
	0x41,0x0c,0x64,0x30, 
	0x34,0x20,0x30,0x44, 
	0x90,0x36,0xc1,0x00, 
	0xf0,0x61,0x00,0xe1, 
	0xa4,0x64,0xf0,0xe2, 
	0x03,0xc0,0xe4,0x03, 
	0xd8,0x1e,0xc0,0xff, 
	0x10,0xc0,0x03,0x03, 
	0xd9,0x31,0x16,0x2f, 
	0x06,0xc9,0x21,0x22, 
	0x61,0x08,0x22,0xaf, 
	0xff,0xc0,0xff,0x40, 
	0xf1,0xc4,0x63,0x00, 
	0x0c,0x40,0xf0,0xf0, 
	0x91,0xf0,0x22,0x30, 
	0xd1,0x9a,0x64,0xf0, 
	0xe3,0x13,0xd0,0xcc, 
	0xb0,0xd2,0x2c,0x2c, 
	0xf0,0x66,0x00,0xf8, 
	0x0e,0xd9,0x1e,0xd0, 
	0xff,0x10,0xf0,0xe4, 
	0x13,0x10,0x20,0x00, 
	0xf0,0x60,0x00,0xd8, 
	0x0c,0xfd,0x01,0xe8, 
	0x1c,0xf0,0x0d,0x00, 
	0xe1,0x8f,0x64,0xf0, 
	0xe2,0x03,0xd0,0x66, 
	0x00,0xd8,0x0e,0xc8, 
	0x31,0xc0,0xdd,0x10, 
	0xd0,0xff,0x10,0x56, 
	0xef,0x01,0x28,0x81, 
	0xc2,0x6e,0x01,0xc2, 
	0x21,0x02,0xd0,0xe4, 
	0x13,0xd0,0x63,0x00, 
	0x01,0x88,0x64,0xd1, 
	0xe9,0x63,0xc0,0x03, 
	0x13,0xd0,0x00,0x20, 
	0x00,0x0d,0x90,0x1d, 
	0xf0,0xd0,0xff,0x40, 
	0xc1,0x82,0x64,0xc0, 
	0xcd,0xb0,0xe2,0x2c, 
	0x2d,0x20,0xff,0x10, 
	0xe0,0xff,0x10,0xe1, 
	0x7d,0x64,0x56,0xbf, 
	0xf7,0xf1,0xa3,0x63, 
	0x00,0x0d,0x40,0xf0, 
	0xd0,0x91,0xf2,0x2c, 
	0x2d,0xd0,0xe3,0x13, 
	0xf0,0x22,0x20,0xd0, 
	0x22,0x30,0xc6,0xde, 
	0xff,0x00,0x00,0x00, 
	0x36,0x41,0x00,0x1c, 
	0x55,0x27,0x35,0x3b, 
	0x81,0x76,0x64,0x8a, 
	0x82,0x82,0x08,0x00, 
	0x71,0x75,0x64,0xf6, 
	0x78,0x31,0xd0,0x82, 
	0x11,0x80,0x77,0xc0, 
	0x81,0x73,0x64,0x62, 
	0x27,0x2a,0x8c,0xe3, 
	0x32,0x67,0x2a,0x42, 
	0x67,0x2b,0x80,0x96, 
	0xc0,0x0c,0x02,0x90, 
	0x26,0x93,0x1d,0xf0, 
	0x82,0x67,0x2a,0x22, 
	0x67,0x2b,0x80,0xa6, 
	0xc0,0x0c,0x02,0xa0, 
	0x26,0x93,0x1d,0xf0, 
	0x0c,0x02,0x1d,0xf0, 
	0x0c,0x02,0x1d,0xf0, 
	0x36,0x41,0x00,0xad, 
	0x02,0xbd,0x03,0xcd, 
	0x02,0xa5,0xfa,0xff, 
	0x2d,0x0a,0x1d,0xf0, 
	0x36,0x21,0x00,0x41, 
	0x5d,0x64,0x70,0x66, 
	0x00,0x38,0x04,0x68, 
	0x14,0x20,0x53,0x20, 
	0x59,0x04,0x60,0x55, 
	0x10,0x50,0xe4,0x13, 
	0x70,0xe6,0x13,0x10, 
	0x20,0x00,0x2d,0x03, 
	0x1d,0xf0,0x00,0x00, 
	0x20,0xd2,0x61,0x12, 
	0xc1,0xa0,0x29,0x41, 
	0x21,0x51,0x64,0x49, 
	0x61,0x59,0x71,0x20, 
	0xe6,0x13,0x10,0x20, 
	0x00,0x22,0x21,0x13, 
	0x12,0xc1,0x60,0x40, 
	0xb2,0x03,0x51,0xb1, 
	0x63,0x40,0x45,0x20, 
	0x40,0x45,0x90,0x36, 
	0xc1,0x00,0xf0,0x62, 
	0x00,0xe0,0x03,0x03, 
	0xc2,0xa1,0x00,0xe9, 
	0x21,0xc0,0xe3,0x13, 
	0xc1,0x4d,0x64,0xd8, 
	0x0c,0xe8,0x1c,0xfd, 
	0x01,0xf0,0x0d,0x00, 
	0xe8,0x21,0x01,0x4a, 
	0x64,0xd1,0xa6,0x63, 
	0xe0,0x03,0x13,0xd0, 
	0x00,0x20,0x00,0x0d, 
	0x90,0xe0,0x63,0x00, 
	0x1d,0xf0,0x22,0x65, 
	0x13,0x28,0x45,0x48, 
	0x65,0x58,0x75,0x10, 
	0x32,0x00,0x00,0x00, 
	0x20,0xd3,0x61,0x12, 
	0xc1,0xa0,0x29,0x41, 
	0x21,0x37,0x64,0x49, 
	0x61,0x59,0x71,0x20, 
	0xe6,0x13,0x10,0x20, 
	0x00,0x22,0x21,0x13, 
	0x12,0xc1,0x60,0x40, 
	0xb3,0x03,0x51,0x97, 
	0x63,0x40,0x45,0x20, 
	0x40,0x45,0x90,0x36, 
	0xc1,0x00,0xf0,0x63, 
	0x00,0xf0,0xe2,0x03, 
	0xc0,0xe4,0x03,0xd1, 
	0x36,0x64,0xc0,0xff, 
	0x10,0xd0,0xff,0x10, 
	0xe0,0x03,0x03,0x16, 
	0xdf,0x03,0xe9,0x21, 
	0xf0,0xc0,0x60,0xf0, 
	0xcc,0x10,0xc0,0xe3, 
	0x13,0xd1,0x2b,0x64, 
	0x1c,0xfe,0xc0,0xfc, 
	0x40,0xc0,0xfe,0xc0, 
	0xf0,0xf0,0x60,0xf2, 
	0xcf,0x15,0xd0,0xcf, 
	0xb0,0xd8,0x0c,0xe2, 
	0x2c,0x01,0x10,0xf1, 
	0x20,0xf0,0x0d,0x00, 
	0xf0,0xe2,0x03,0xc0, 
	0xe4,0x03,0xd1,0x26, 
	0x64,0xc0,0xff,0x10, 
	0xd0,0xff,0x10,0x56, 
	0x5f,0xfc,0xe8,0x21, 
	0x01,0x24,0x64,0xd1, 
	0x7e,0x63,0xe0,0x03, 
	0x13,0xd0,0x00,0x20, 
	0x00,0x0d,0x90,0x1d, 
	0xf0,0x22,0x65,0x13, 
	0x28,0x45,0x48,0x65, 
	0x58,0x75,0x10,0x33, 
	0x00,0x00,0x00,0x00, 
	0x21,0x1d,0x64,0x09, 
	0x82,0x01,0x1c,0x64, 
	0x19,0x92,0x08,0x00, 
	0x39,0xb2,0x00,0xd4, 
	0x61,0x49,0xc2,0x09, 
	0xa2,0x30,0xb1,0x03, 
	0x40,0xe8,0x03,0x39, 
	0x32,0x49,0x42,0x30, 
	0xee,0x03,0x39,0x52, 
	0x40,0xd1,0x03,0x49, 
	0x62,0x1c,0x80,0x59, 
	0xd2,0x69,0xe2,0x79, 
	0xf2,0x82,0x62,0x10, 
	0x92,0x62,0x11,0xa2, 
	0x62,0x12,0xb2,0x62, 
	0x13,0xc2,0x62,0x14, 
	0xd2,0x62,0x15,0xe2, 
	0x62,0x16,0xf2,0x62, 
	0x17,0x82,0xc0,0xf8, 
	0xa2,0xc2,0x20,0x20, 
	0x80,0x40,0x56,0xb0, 
	0xfd,0x20,0x80,0x40, 
	0x30,0x49,0x03,0x40, 
	0x48,0x03,0x39,0x12, 
	0x49,0x22,0x0c,0x13, 
	0x0c,0x04,0x30,0x49, 
	0x13,0x40,0x48,0x13, 
	0x10,0x20,0x00,0x11, 
	0x01,0x64,0x02,0xa0, 
	0x00,0x21,0x01,0x64, 
	0x20,0xe6,0x13,0x10, 
	0x20,0x00,0xe0,0x03, 
	0x03,0xe2,0x61,0x00, 
	0xd1,0x4e,0x63,0xc1, 
	0xf5,0x63,0xd0,0xe3, 
	0x13,0xd2,0x2c,0x12, 
	0x62,0x2c,0x13,0xd0, 
	0x0d,0x00,0xf8,0x01, 
	0xf0,0x03,0x13,0x3c, 
	0x42,0x20,0xe6,0x13, 
	0x10,0x20,0x00,0x28, 
	0x11,0x38,0x21,0x20, 
	0x49,0x13,0x30,0x48, 
	0x13,0x10,0x20,0x00, 
	0x11,0xf1,0x63,0x1c, 
	0x86,0x72,0xc1,0xe0, 
	0xe2,0xc6,0xf8,0xf2, 
	0xc7,0x20,0x48,0xcf, 
	0x58,0xdf,0x68,0xef, 
	0x78,0xff,0x82,0x2f, 
	0x10,0x92,0x2f,0x11, 
	0xa2,0x2f,0x12,0xb2, 
	0x2f,0x13,0x20,0x80, 
	0x40,0x56,0xf6,0xfd, 
	0x42,0x27,0x14,0x52, 
	0x27,0x15,0x62,0x27, 
	0x16,0x72,0x27,0x17, 
	0x20,0x80,0x40,0x28, 
	0x31,0x38,0x41,0x20, 
	0xb1,0x13,0x30,0xe8, 
	0x13,0x28,0x51,0x20, 
	0xee,0x13,0x38,0x61, 
	0x30,0xd1,0x13,0x08, 
	0x81,0x28,0xa1,0x38, 
	0xb1,0x18,0x91,0x10, 
	0x34,0x00,0x00,0x00, 
	0x21,0xde,0x63,0x09, 
	0x82,0x01,0xdd,0x63, 
	0x19,0x92,0x08,0x00, 
	0x39,0xb2,0x00,0xd5, 
	0x61,0x49,0xc2,0x09, 
	0xa2,0x30,0xb1,0x03, 
	0x40,0xe8,0x03,0x39, 
	0x32,0x49,0x42,0x30, 
	0xee,0x03,0x39,0x52, 
	0x40,0xd1,0x03,0x49, 
	0x62,0x1c,0x80,0x59, 
	0xd2,0x69,0xe2,0x79, 
	0xf2,0x82,0x62,0x10, 
	0x92,0x62,0x11,0xa2, 
	0x62,0x12,0xb2,0x62, 
	0x13,0xc2,0x62,0x14, 
	0xd2,0x62,0x15,0xe2, 
	0x62,0x16,0xf2,0x62, 
	0x17,0x82,0xc0,0xf8, 
	0xa2,0xc2,0x20,0x20, 
	0x80,0x40,0x56,0xb0, 
	0xfd,0x20,0x80,0x40, 
	0x30,0x49,0x03,0x40, 
	0x48,0x03,0x39,0x12, 
	0x49,0x22,0x0c,0x13, 
	0x0c,0x04,0x30,0x49, 
	0x13,0x40,0x48,0x13, 
	0x10,0x20,0x00,0x11, 
	0xc2,0x63,0x02,0xa0, 
	0x00,0x21,0xc2,0x63, 
	0x20,0xe6,0x13,0x10, 
	0x20,0x00,0xe0,0x03, 
	0x03,0xe2,0x61,0x00, 
	0xd1,0x49,0x63,0xc1, 
	0xb3,0x63,0xd0,0xe3, 
	0x13,0xd2,0x2c,0x10, 
	0x62,0x2c,0x11,0xd0, 
	0x0d,0x00,0xf8,0x01, 
	0xf0,0x03,0x13,0x3c, 
	0x52,0x20,0xe6,0x13, 
	0x10,0x20,0x00,0x28, 
	0x11,0x38,0x21,0x20, 
	0x49,0x13,0x30,0x48, 
	0x13,0x10,0x20,0x00, 
	0x11,0xb2,0x63,0x1c, 
	0x86,0x72,0xc1,0xe0, 
	0xe2,0xc6,0xf8,0xf2, 
	0xc7,0x20,0x48,0xcf, 
	0x58,0xdf,0x68,0xef, 
	0x78,0xff,0x82,0x2f, 
	0x10,0x92,0x2f,0x11, 
	0xa2,0x2f,0x12,0xb2, 
	0x2f,0x13,0x20,0x80, 
	0x40,0x56,0xf6,0xfd, 
	0x42,0x27,0x14,0x52, 
	0x27,0x15,0x62,0x27, 
	0x16,0x72,0x27,0x17, 
	0x20,0x80,0x40,0x28, 
	0x31,0x38,0x41,0x20, 
	0xb1,0x13,0x30,0xe8, 
	0x13,0x28,0x51,0x20, 
	0xee,0x13,0x38,0x61, 
	0x30,0xd1,0x13,0x08, 
	0x81,0x28,0xa1,0x38, 
	0xb1,0x18,0x91,0x10, 
	0x35,0x00,0x00,0x00, 
	0x36,0x61,0x00,0x31, 
	0x9e,0x63,0x39,0x01, 
	0x28,0x01,0x28,0x02, 
	0x26,0x02,0x14,0x88, 
	0x01,0x88,0x08,0xe0, 
	0x08,0x00,0xa8,0x01, 
	0xa2,0xca,0xfc,0xa9, 
	0x01,0x98,0x01,0x98, 
	0x09,0x66,0x09,0xea, 
	0x1d,0xf0,0x00,0x00, 
	0x36,0x41,0x00,0x1d, 
	0xf0,0x00,0x00,0x00, 
	0x36,0x41,0x00,0xe5, 
	0x01,0xf9,0xa5,0x07, 
	0xf9,0x46,0xfe,0xff, 
	0x36,0x21,0x00,0xbc, 
	0xa2,0x0c,0x07,0x06, 
	0x03,0x00,0x00,0x00, 
	0x36,0x21,0x00,0xac, 
	0xe2,0x20,0x7f,0x05, 
	0x20,0x21,0x60,0x40, 
	0xf2,0x40,0x00,0x14, 
	0x40,0x00,0x52,0xa1, 
	0x50,0x28,0x41,0x80, 
	0x65,0x01,0x52,0xa0, 
	0x9d,0x40,0x55,0xc0, 
	0x90,0x55,0x01,0x5a, 
	0x22,0x10,0x77,0x01, 
	0x70,0x22,0x20,0xd6, 
	0x66,0x00,0x1b,0x22, 
	0xf0,0x66,0x11,0x8c, 
	0x16,0x1d,0xf0,0x00, 
	0x20,0x21,0x41,0xf0, 
	0x22,0x11,0x1d,0xf0, 
	0x36,0x21,0x00,0xbc, 
	0x22,0x0c,0x07,0x06, 
	0x03,0x00,0x00,0x00, 
	0x36,0x21,0x00,0xac, 
	0x62,0x20,0x7f,0x05, 
	0x20,0x21,0x60,0x40, 
	0xf2,0x40,0x00,0x14, 
	0x40,0x00,0x52,0xa1, 
	0x50,0x3b,0x41,0xb0, 
	0x25,0x01,0x52,0xa4, 
	0x1d,0x40,0x55,0xc0, 
	0xc0,0x55,0x01,0x5a, 
	0x33,0x10,0x77,0x01, 
	0x70,0x33,0x20,0x1d, 
	0xf0,0x0c,0x03,0x1d, 
	0xf0,0x00,0x00,0x00, 
	0x00,0x8c,0xd4,0x4a, 
	0x73,0x62,0x03,0x00, 
	0x1b,0x33,0x62,0x45, 
	0x00,0x1b,0x55,0x77, 
	0x23,0xf2,0x1d,0xf0, 
	0xb6,0x74,0xe9,0x62, 
	0x03,0x00,0x1b,0x33, 
	0x42,0xc4,0xff,0x62, 
	0x45,0x00,0x52,0xc5, 
	0x01,0x17,0x65,0x27, 
	0xb6,0x64,0xd5,0x62, 
	0x03,0x00,0x72,0x03, 
	0x01,0x2b,0x33,0x42, 
	0xc4,0xfe,0x62,0x45, 
	0x00,0x72,0x45,0x01, 
	0x2b,0x55,0x86,0x03, 
	0x00,0x00,0x00,0x00, 
	0x36,0x21,0x00,0x20, 
	0x52,0x20,0x07,0xe2, 
	0xc6,0x17,0xe2,0xd7, 
	0x40,0x74,0x41,0x82, 
	0xa0,0x03,0x87,0x83, 
	0x66,0x16,0x07,0x02, 
	0xc0,0x87,0x11,0x3a, 
	0x88,0x68,0x03,0x78, 
	0x13,0x69,0x05,0x68, 
	0x23,0x79,0x15,0x72, 
	0x23,0x03,0x62,0x65, 
	0x02,0x32,0xc3,0x10, 
	0x72,0x65,0x03,0x52, 
	0xc5,0x10,0x87,0x23, 
	0xe3,0x37,0x64,0x0b, 
	0x68,0x03,0x78,0x13, 
	0x8b,0x33,0x69,0x05, 
	0x79,0x15,0x8b,0x55, 
	0x27,0xe4,0x08,0x17, 
	0xe4,0x15,0x07,0xe4, 
	0x22,0x1d,0xf0,0x00, 
	0x68,0x03,0x4b,0x33, 
	0x69,0x05,0x4b,0x55, 
	0x17,0xe4,0x04,0x07, 
	0xe4,0x11,0x1d,0xf0, 
	0x62,0x13,0x00,0x2b, 
	0x33,0x62,0x55,0x00, 
	0x2b,0x55,0x07,0xe4, 
	0x02,0x1d,0xf0,0x00, 
	0x62,0x03,0x00,0x62, 
	0x45,0x00,0x1d,0xf0, 
	0x16,0xa4,0xff,0x00, 
	0x23,0x40,0x80,0xb3, 
	0x10,0xb0,0x33,0xc0, 
	0x68,0x03,0xac,0xa7, 
	0xc0,0xa7,0x11,0x30, 
	0xaa,0x80,0x78,0x13, 
	0x88,0x23,0x60,0x67, 
	0x81,0x69,0x05,0x98, 
	0x33,0x70,0x78,0x81, 
	0x79,0x15,0x68,0x43, 
	0x80,0x89,0x81,0x89, 
	0x25,0x32,0xc3,0x10, 
	0x90,0x96,0x81,0x92, 
	0x65,0x03,0x52,0xc5, 
	0x10,0xa7,0x23,0xd9, 
	0x37,0x64,0x14,0x78, 
	0x13,0x88,0x23,0x60, 
	0x67,0x81,0x69,0x05, 
	0x8b,0x33,0x70,0x78, 
	0x81,0x79,0x15,0x8b, 
	0x55,0x80,0x68,0x20, 
	0x27,0x64,0x0c,0x78, 
	0x13,0x4b,0x33,0x60, 
	0x67,0x81,0x69,0x05, 
	0x4b,0x55,0x6d,0x07, 
	0xba,0x33,0x17,0xe4, 
	0x06,0x07,0xe4,0x18, 
	0x1d,0xf0,0x00,0x00, 
	0x62,0x03,0x00,0x72, 
	0x03,0x01,0x2b,0x33, 
	0x62,0x45,0x00,0x72, 
	0x45,0x01,0x2b,0x55, 
	0x07,0xe4,0x01,0x1d, 
	0xf0,0x62,0x03,0x00, 
	0x62,0x45,0x00,0x1d, 
	0xf0,0x00,0x00,0x00, 
	0x36,0x21,0x00,0xd0, 
	0x20,0x00,0x00,0x40, 
	0x00,0x46,0xfe,0xff, 
	0x36,0x21,0x00,0xf0, 
	0x41,0x00,0x1d,0xf0, 
	0x28,0x41,0x38,0x51, 
	0x12,0xc1,0x60,0x10, 
	0x41,0x00,0x00,0x30, 
	0x00,0x00,0x00,0x00, 
	0x22,0x65,0x13,0x28, 
	0x15,0x38,0x05,0x20, 
	0xe6,0x13,0x28,0x45, 
	0x48,0x65,0x10,0x20, 
	0x00,0x30,0xb1,0x13, 
	0x38,0x55,0x58,0x75, 
	0x00,0x30,0x00,0x00, 
	0x36,0x21,0x00,0x20, 
	0xea,0x03,0x1d,0xf0, 
	0x36,0x21,0x00,0xcc, 
	0x52,0x30,0xf0,0x13, 
	0xc6,0x03,0x00,0x00, 
	0xf6,0x22,0x05,0x30, 
	0xf1,0x13,0x46,0x01, 
	0x00,0xf6,0x32,0x05, 
	0x30,0xf2,0x13,0x00, 
	0x20,0x00,0x1d,0xf0, 
	0x36,0x21,0x00,0xcc, 
	0x52,0x20,0xf0,0x03, 
	0x1d,0xf0,0x00,0x00, 
	0xf6,0x22,0x04,0x20, 
	0xf1,0x03,0x1d,0xf0, 
	0xf6,0x32,0x04,0x20, 
	0xf2,0x03,0x1d,0xf0, 
	0x0c,0x02,0x1d,0xf0, 
	0x36,0x21,0x00,0x20, 
	0xe3,0x13,0x1d,0xf0, 
	0x36,0x81,0x00,0x25, 
	0xd5,0xf8,0x1d,0xf0, 
	0x00,0x00,0x00,0x00, 
	0x00,0x00,0x00,0x00, 
	0x00,0x00,0x00,0x00, 
	0x00,0x00,0x00,0x00, 
	0x00,0x00,0x00,0x00, 
	0x00,0x00,0x00,0x00, 
	0x00,0x00,0x00,0x00, 
	0x00,0x00,0x00,0x00, 
	0x00,0x00,0x00,0x00, 
	0x00,0x00,0x00,0x00, 
	0x00,0x00,0x00,0x00, 
	0x00,0x00,0x00,0x00, 
	0x00,0x00,0x00,0x00, 
	0x00,0x00,0x00,0x00, 
	0x00,0x00,0x00,0x00, 
	0x00,0x00,0x00,0x00, 
	0x00,0x00,0x00,0x00, 
	0x00,0x00,0x00,0x00, 
	0x00,0x00,0x00,0x00, 
	0x00,0x00,0x00,0x00, 
	0x00,0x00,0x00,0x00, 
	0x00,0x00,0x00,0x00, 
	0x00,0x00,0x00,0x00, 
	0x00,0x00,0x00,0x00, 
	0x00,0x00,0x00,0x00, 
	0x00,0x00,0x00,0x00, 
	0x00,0x00,0x00,0x00, 
	0x00,0x00,0x00,0x00, 
	0x00,0x00,0x00,0x00, 
	0x00,0x00,0x00,0x00, 
	0x00,0x00,0x00,0x00, 
	0x00,0x00,0x00,0x00, 
	0x00,0x00,0x00,0x00, 
	0x00,0x00,0x00,0x00, 
	0x00,0x00,0x00,0x00, 
	0x00,0x00,0x00,0x00, 
	0x00,0x00,0x00,0x00, 
	0x00,0x00,0x00,0x00, 
	0x00,0x00,0x00,0x00, 
	0x00,0x00,0x00,0x00, 
	0x00,0x00,0x00,0x00, 
	0x00,0x00,0x00,0x00, 
	0x00,0x00,0x00,0x00, 
	0x00,0x00,0x00,0x00, 
	0x00,0x00,0x00,0x00, 
	0x00,0x00,0x00,0x00, 
	0x00,0x00,0x00,0x00, 
	0x00,0x00,0x00,0x00, 
	0x00,0x00,0x00,0x00, 
	0x00,0x00,0x00,0x00, 
	0x00,0x00,0x00,0x00, 
	0x00,0x00,0x00,0x00, 
	0x00,0x00,0x00,0x00, 
	0x00,0x00,0x00,0x00, 
	0x00,0x00,0x00,0x00, 
	0x00,0x00,0x00,0x00, 
	0x00,0x00,0x00,0x00, 
	0x00,0x00,0x00,0x00, 
	0x00,0x00,0x00,0x00, 
	0x00,0x00,0x00,0x00, 
	0x00,0x00,0x00,0x00, 
	0x00,0x00,0x00,0x00, 
	0x00,0x00,0x00,0x00, 
	0x00,0x00,0x00,0x00, 
	0x00,0x00,0x00,0x00, 
	0x00,0x00,0x00,0x00, 
	0x00,0x00,0x00,0x00, 
	0x00,0x00,0x00,0x00, 
	0x00,0x00,0x00,0x00, 
	0x00,0x00,0x00,0x00, 
	0x00,0x00,0x00,0x00, 
	0x00,0x00,0x00,0x00, 
	0x00,0x00,0x00,0x00, 
	0x00,0x00,0x00,0x00, 
	0x00,0x00,0x00,0x00, 
	0x00,0x00,0x00,0x00, 
	0x00,0x00,0x00,0x00, 
	0x00,0x00,0x00,0x00, 
	0x00,0x00,0x00,0x00, 
	0x00,0x00,0x00,0x00, 
	0x00,0x00,0x00,0x00, 
	0x00,0x00,0x00,0x00, 
	0x00,0x00,0x00,0x00, 
	0x00,0x00,0x00,0x00, 
	0x00,0x00,0x00,0x00, 
	0x00,0x00,0x00,0x00, 
	0x00,0x00,0x00,0x00, 
	0x00,0x00,0x00,0x00, 
	0x00,0x00,0x00,0x00, 
	0x00,0x00,0x00,0x00, 
	0x00,0x00,0x00,0x00, 
	0x00,0x00,0x00,0x00, 
	0x00,0x00,0x00,0x00, 
	0x00,0x00,0x00,0x00, 
	0x00,0x00,0x00,0x00, 
	0x00,0x00,0x00,0x00, 
	0x00,0x00,0x00,0x00, 
	0x00,0x00,0x00,0x00, 
	0x00,0x00,0x00,0x00, 
	0x00,0x00,0x00,0x00, 
	0x00,0x00,0x00,0x00, 
	0x00,0x00,0x00,0x00, 
	0x00,0x00,0x00,0x00, 
	0x00,0x00,0x00,0x00, 
	0x00,0x00,0x00,0x00, 
	0x00,0x00,0x00,0x00, 
	0x00,0x00,0x00,0x00, 
	0x00,0x00,0x00,0x00, 
	0x00,0x00,0x00,0x00, 
	0x00,0x00,0x00,0x00, 
	0x00,0x00,0x00,0x00, 
	0x00,0x00,0x00,0x00, 
	0x00,0x00,0x00,0x00, 
	0x00,0x00,0x00,0x00, 
	0x00,0x00,0x00,0x00, 
	0x00,0x00,0x00,0x00, 
	0x00,0x00,0x00,0x00, 
	0x00,0x00,0x00,0x00, 
	0x00,0x00,0x00,0x00, 
	0x00,0x00,0x00,0x00, 
	0x00,0x00,0x00,0x00, 
	0x00,0x00,0x00,0x00, 
	0x00,0x00,0x00,0x00, 
	0x00,0x00,0x00,0x00, 
	0x00,0x00,0x00,0x00, 
	0x00,0x00,0x00,0x00, 
	0x00,0x00,0x00,0x00, 
	0x00,0x00,0x00,0x00, 
	0x00,0x00,0x00,0x00, 
	0x00,0x00,0x00,0x00, 
	0x00,0x00,0x00,0x00, 
	0x00,0x00,0x00,0x00, 
	0x00,0x00,0x00,0x00, 
	0x00,0x00,0x00,0x00, 
	0x00,0x00,0x00,0x00, 
	0x00,0x00,0x00,0x00, 
	0x00,0x00,0x00,0x00, 
	0x00,0x00,0x00,0x00, 
	0x00,0x00,0x00,0x00, 
	0x00,0x00,0x00,0x00, 
	0x00,0x00,0x00,0x00, 
	0x00,0x00,0x00,0x00, 
	0x00,0x00,0x00,0x00, 
	0x00,0x00,0x00,0x00, 
	0x00,0x00,0x00,0x00, 
	0x00,0x00,0x00,0x00, 
	0x00,0x00,0x00,0x00, 
	0x00,0x00,0x00,0x00, 
	0x00,0x00,0x00,0x00, 
	0x00,0x00,0x00,0x00, 
	0x00,0x00,0x00,0x00, 
	0x00,0x00,0x00,0x00, 
	0x00,0x00,0x00,0x00, 
	0x00,0x00,0x00,0x00, 
	0x00,0x00,0x00,0x00, 
	0x00,0x00,0x00,0x00, 
	0x00,0x00,0x00,0x00, 
	0x00,0x00,0x00,0x00, 
	0x00,0x00,0x00,0x00, 
	0x00,0x00,0x00,0x00, 
	0x00,0x00,0x00,0x00, 
	0x00,0x00,0x00,0x00, 
	0x00,0x00,0x00,0x00, 
	0x00,0x00,0x00,0x00, 
	0x00,0x00,0x00,0x00, 
	0x00,0x00,0x00,0x00, 
	0x00,0x00,0x00,0x00, 
	0x00,0x00,0x00,0x00, 
	0x00,0x00,0x00,0x00, 
	0x00,0x00,0x00,0x00, 
	0x00,0x00,0x00,0x00, 
	0x00,0x00,0x00,0x00, 
	0x00,0x00,0x00,0x00, 
	0x00,0x00,0x00,0x00, 
	0x00,0x00,0x00,0x00, 
	0x00,0x00,0x00,0x00, 
	0x00,0x00,0x00,0x00, 
	0x00,0x00,0x00,0x00, 
	0x00,0x00,0x00,0x00, 
	0x00,0x00,0x00,0x00, 
	0x00,0x00,0x00,0x00, 
	0x00,0x00,0x00,0x00, 
	0x00,0x00,0x00,0x00, 
	0x00,0x00,0x00,0x00, 
	0x00,0x00,0x00,0x00, 
	0x00,0x00,0x00,0x00, 
	0x00,0x00,0x00,0x00, 
	0x00,0x00,0x00,0x00, 
	0x00,0x00,0x00,0x00, 
	0x00,0x00,0x00,0x00, 
	0x00,0x00,0x00,0x00, 
	0x00,0x00,0x00,0x00, 
	0x00,0x00,0x00,0x00, 
	0x00,0x00,0x00,0x00, 
	0x00,0x00,0x00,0x00, 
	0x00,0x00,0x00,0x00, 
	0x00,0x00,0x00,0x00, 
	0x00,0x00,0x00,0x00, 
	0x00,0x00,0x00,0x00, 
	0x00,0x00,0x00,0x00, 
	0x00,0x00,0x00,0x00, 
	0x00,0x00,0x00,0x00, 
	0x00,0x00,0x00,0x00, 
	0x00,0x00,0x00,0x00, 
	0x00,0x00,0x00,0x00, 
	0x00,0x00,0x00,0x00, 
	0x00,0x00,0x00,0x00, 
	0x00,0x00,0x00,0x00, 
	0x00,0x00,0x00,0x00, 
	0x00,0x00,0x00,0x00, 
	0x00,0x00,0x00,0x00, 
	0x00,0x00,0x00,0x00, 
	0x00,0x00,0x00,0x00, 
	0x00,0x00,0x00,0x00, 
	0x00,0x00,0x00,0x00, 
	0x00,0x00,0x00,0x00, 
	0x00,0x00,0x00,0x00, 
	0x00,0x00,0x00,0x00, 
	0x00,0x00,0x00,0x00, 
	0x00,0x00,0x00,0x00, 
	0x00,0x00,0x00,0x00, 
	0x00,0x00,0x00,0x00, 
	0x00,0x00,0x00,0x00, 
	0x00,0x00,0x00,0x00, 
	0x00,0x00,0x00,0x00, 
	0x00,0x00,0x00,0x00, 
	0x00,0x00,0x00,0x00, 
	0x00,0x00,0x00,0x00, 
	0x00,0x00,0x00,0x00, 
	0x00,0x00,0x00,0x00, 
	0x00,0x00,0x00,0x00, 
	0x00,0x00,0x00,0x00, 
	0x00,0x00,0x00,0x00, 
	0x00,0x00,0x00,0x00, 
	0x00,0x00,0x00,0x00, 
	0x00,0x00,0x00,0x00, 
	0x00,0x00,0x00,0x00, 
	0x00,0x00,0x00,0x00, 
	0x00,0x00,0x00,0x00, 
	0x00,0x00,0x00,0x00, 
	0x00,0x00,0x00,0x00, 
	0x00,0x00,0x00,0x00, 
	0x00,0x00,0x00,0x00, 
	0x00,0x00,0x00,0x00, 
	0x00,0x00,0x00,0x00, 
	0x00,0x00,0x00,0x00, 
	0x00,0x00,0x00,0x00, 
	0x00,0x00,0x00,0x00, 
	0x00,0x00,0x00,0x00, 
	0x00,0x00,0x00,0x00, 
	0x00,0x00,0x00,0x00, 
	0x00,0x00,0x00,0x00, 
	0x00,0x00,0x00,0x00, 
	0x00,0x00,0x00,0x00, 
	0x00,0x00,0x00,0x00, 
	0x00,0x00,0x00,0x00, 
	0x00,0x00,0x00,0x00, 
	0x00,0x00,0x00,0x00, 
	0x00,0x00,0x00,0x00, 
	0x00,0x00,0x00,0x00, 
	0x00,0x00,0x00,0x00, 
	0x00,0x00,0x00,0x00, 
	0x00,0x00,0x00,0x00, 
	0x00,0x00,0x00,0x00, 
	0x00,0x00,0x00,0x00, 
	0x00,0x00,0x00,0x00, 
	0x00,0x00,0x00,0x00, 
	0x00,0x00,0x00,0x00, 
	0x00,0x00,0x00,0x00, 
	0x00,0x00,0x00,0x00, 
	0x00,0x00,0x00,0x00, 
	0x00,0x00,0x00,0x00, 
	0x00,0x00,0x00,0x00, 
	0x00,0x00,0x00,0x00, 
	0x00,0x00,0x00,0x00, 
	0x00,0x00,0x00,0x00, 
	0x00,0x00,0x00,0x00, 
	0x00,0x00,0x00,0x00, 
	0x00,0x00,0x00,0x00, 
	0x00,0x00,0x00,0x00, 
	0x00,0x00,0x00,0x00, 
	0x00,0x00,0x00,0x00, 
	0x00,0x00,0x00,0x00, 
	0x00,0x00,0x00,0x00, 
	0x00,0x00,0x00,0x00, 
	0x00,0x00,0x00,0x00, 
	0x00,0x00,0x00,0x00, 
	0x00,0x00,0x00,0x00, 
	0x00,0x00,0x00,0x00, 
	0x00,0x00,0x00,0x00, 
	0x00,0x00,0x00,0x00, 
	0x00,0x00,0x00,0x00, 
	0x00,0x00,0x00,0x00, 
	0x00,0x00,0x00,0x00, 
	0x00,0x00,0x00,0x00, 
	0x00,0x00,0x00,0x00, 
	0x00,0x00,0x00,0x00, 
	0x00,0x00,0x00,0x00, 
	0x00,0x00,0x00,0x00, 
	0x00,0x00,0x00,0x00, 
	0x00,0x00,0x00,0x00, 
	0x00,0x00,0x00,0x00, 
	0x00,0x00,0x00,0x00, 
	0x00,0x00,0x00,0x00, 
	0x00,0x00,0x00,0x00, 
	0x00,0x00,0x00,0x00, 
	0x00,0x00,0x00,0x00, 
	0x00,0x00,0x00,0x00, 
	0x00,0x00,0x00,0x00, 
	0x00,0x00,0x00,0x00, 
	0x00,0x00,0x00,0x00, 
	0x00,0x00,0x00,0x00, 
	0x00,0x00,0x00,0x00, 
	0x00,0x00,0x00,0x00, 
	0x00,0x00,0x00,0x00, 
	0x00,0x00,0x00,0x00, 
	0x00,0x00,0x00,0x00, 
	0x00,0x00,0x00,0x00, 
	0x00,0x00,0x00,0x00, 
	0x00,0x00,0x00,0x00, 
	0x00,0x00,0x00,0x00, 
	0x00,0x00,0x00,0x00, 
	0x00,0x00,0x00,0x00, 
	0x00,0x00,0x00,0x00, 
	0x00,0x00,0x00,0x00, 
	0x00,0x00,0x00,0x00, 
	0x00,0x00,0x00,0x00, 
	0x00,0x00,0x00,0x00, 
	0x00,0x00,0x00,0x00, 
	0x00,0x00,0x00,0x00, 
	0x00,0x00,0x00,0x00, 
	0x00,0x00,0x00,0x00, 
	0x00,0x00,0x00,0x00, 
	0x00,0x00,0x00,0x00, 
	0x00,0x00,0x00,0x00, 
	0x00,0x00,0x00,0x00, 
	0x00,0x00,0x00,0x00, 
	0x00,0x00,0x00,0x00, 
	0x00,0x00,0x00,0x00, 
	0x00,0x00,0x00,0x00, 
	0x00,0x00,0x00,0x00, 
	0x00,0x00,0x00,0x00, 
	0x00,0x00,0x00,0x00, 
	0x00,0x00,0x00,0x00, 
	0x00,0x00,0x00,0x00, 
	0x00,0x00,0x00,0x00, 
	0x00,0x00,0x00,0x00, 
	0x00,0x00,0x00,0x00, 
	0x00,0x00,0x00,0x00, 
	0x00,0x00,0x00,0x00, 
	0x00,0x00,0x00,0x00, 
	0x00,0x00,0x00,0x00, 
	0x00,0x00,0x00,0x00, 
	0x00,0x00,0x00,0x00, 
	0x00,0x00,0x00,0x00, 
	0x00,0x00,0x00,0x00, 
	0x00,0x00,0x00,0x00, 
	0x00,0x00,0x00,0x00, 
	0x00,0x00,0x00,0x00, 
	0x00,0x00,0x00,0x00, 
	0x00,0x00,0x00,0x00, 
	0x00,0x00,0x00,0x00, 
	0x00,0x00,0x00,0x00, 
	0x00,0x00,0x00,0x00, 
	0x00,0x00,0x00,0x00, 
	0x00,0x00,0x00,0x00, 
	0x00,0x00,0x00,0x00, 
	0x00,0x00,0x00,0x00, 
	0x00,0x00,0x00,0x00, 
	0x00,0x00,0x00,0x00, 
	0x00,0x00,0x00,0x00, 
	0x00,0x00,0x00,0x00, 
	0x00,0x00,0x00,0x00, 
	0x00,0x00,0x00,0x00, 
	0x00,0x00,0x00,0x00, 
	0x00,0x00,0x00,0x00, 
	0x00,0x00,0x00,0x00, 
	0x00,0x00,0x00,0x00, 
	0x00,0x00,0x00,0x00, 
	0x00,0x00,0x00,0x00, 
	0x00,0x00,0x00,0x00, 
	0x00,0x00,0x00,0x00, 
	0x00,0x00,0x00,0x00, 
	0x00,0x00,0x00,0x00, 
	0x00,0x00,0x00,0x00, 
	0x00,0x00,0x00,0x00, 
	0x00,0x00,0x00,0x00, 
	0x00,0x00,0x00,0x00, 
	0x00,0x00,0x00,0x00, 
	0x00,0x00,0x00,0x00, 
	0x00,0x00,0x00,0x00, 
	0x00,0x00,0x00,0x00, 
	0x00,0x00,0x00,0x00, 
	0x00,0x00,0x00,0x00, 
	0x00,0x00,0x00,0x00, 
	0x00,0x00,0x00,0x00, 
	0x00,0x00,0x00,0x00, 
	0x00,0x00,0x00,0x00, 
	0x00,0x00,0x00,0x00, 
	0x00,0x00,0x00,0x00, 
	0x00,0x00,0x00,0x00, 
	0x00,0x00,0x00,0x00, 
	0x00,0x00,0x00,0x00, 
	0x00,0x00,0x00,0x00, 
	0x00,0x00,0x00,0x00, 
	0x00,0x00,0x00,0x00, 
	0x00,0x00,0x00,0x00, 
	0x00,0x00,0x00,0x00, 
	0x00,0x00,0x00,0x00, 
	0x00,0x00,0x00,0x00, 
	0x00,0x00,0x00,0x00, 
	0x00,0x00,0x00,0x00, 
	0x00,0x00,0x00,0x00, 
	0x00,0x00,0x00,0x00, 
	0x00,0x00,0x00,0x00, 
	0x00,0x00,0x00,0x00, 
	0x00,0x00,0x00,0x00, 
	0x00,0x00,0x00,0x00, 
	0x00,0x00,0x00,0x00, 
	0x00,0x00,0x00,0x00, 
	0x00,0x00,0x00,0x00, 
	0x00,0x00,0x00,0x00, 
	0x00,0x00,0x00,0x00, 
	0x00,0x00,0x00,0x00, 
	0x00,0x00,0x00,0x00, 
	0x00,0x00,0x00,0x00, 
	0x00,0x00,0x00,0x00, 
	0x00,0x00,0x00,0x00, 
	0x00,0x00,0x00,0x00, 
	0x00,0x00,0x00,0x00, 
	0x00,0x00,0x00,0x00, 
	0x00,0x00,0x00,0x00, 
	0x00,0x00,0x00,0x00, 
	0x00,0x00,0x00,0x00, 
	0x00,0x00,0x00,0x00, 
	0x00,0x00,0x00,0x00, 
	0x00,0x00,0x00,0x00, 
	0x00,0x00,0x00,0x00, 
	0x00,0x00,0x00,0x00, 
	0x00,0x00,0x00,0x00, 
	0x00,0x00,0x00,0x00, 
	0x00,0x00,0x00,0x00, 
	0x00,0x00,0x00,0x00, 
	0x00,0x00,0x00,0x00, 
	0x00,0x00,0x00,0x00, 
	0x00,0x00,0x00,0x00, 
	0x00,0x00,0x00,0x00, 
	0x00,0x00,0x00,0x00, 
	0x00,0x00,0x00,0x00, 
	0x00,0x00,0x00,0x00, 
	0x00,0x00,0x00,0x00, 
	0x00,0x00,0x00,0x00, 
	0x00,0x00,0x00,0x00, 
	0x00,0x00,0x00,0x00, 
	0x00,0x00,0x00,0x00, 
	0x00,0x00,0x00,0x00, 
	0x00,0x00,0x00,0x00, 
	0x00,0x00,0x00,0x00, 
	0x00,0x00,0x00,0x00, 
	0x00,0x00,0x00,0x00, 
	0x00,0x00,0x00,0x00, 
	0x00,0x00,0x00,0x00, 
	0x00,0x00,0x00,0x00, 
	0x00,0x00,0x00,0x00, 
	0x00,0x00,0x00,0x00, 
	0x00,0x00,0x00,0x00, 
	0x00,0x00,0x00,0x00, 
	0x00,0x00,0x00,0x00, 
	0x00,0x00,0x00,0x00, 
	0x00,0x00,0x00,0x00, 
	0x00,0x00,0x00,0x00, 
	0x00,0x00,0x00,0x00, 
	0x00,0x00,0x00,0x00, 
	0x00,0x00,0x00,0x00, 
	0x00,0x00,0x00,0x00, 
	0x00,0x00,0x00,0x00, 
	0x00,0x00,0x00,0x00, 
	0x00,0x00,0x00,0x00, 
	0x00,0x00,0x00,0x00, 
	0x00,0x00,0x00,0x00, 
	0x00,0x00,0x00,0x00, 
	0x00,0x00,0x00,0x00, 
	0x00,0x00,0x00,0x00, 
	0x00,0x00,0x00,0x00, 
	0x00,0x00,0x00,0x00, 
	0x00,0x00,0x00,0x00, 
	0x00,0x00,0x00,0x00, 
	0x00,0x00,0x00,0x00, 
	0x00,0x00,0x00,0x00, 
	0x00,0x00,0x00,0x00, 
	0x00,0x00,0x00,0x00, 
	0x00,0x00,0x00,0x00, 
	0x00,0x00,0x00,0x00, 
	0x00,0x00,0x00,0x00, 
	0x00,0x00,0x00,0x00, 
	0x00,0x00,0x00,0x00, 
	0x00,0x00,0x00,0x00, 
	0x00,0x00,0x00,0x00, 
	0x00,0x00,0x00,0x00, 
	0x00,0x00,0x00,0x00, 
	0x00,0x00,0x00,0x00, 
	0x00,0x00,0x00,0x00, 
	0x00,0x00,0x00,0x00, 
	0x00,0x00,0x00,0x00, 
	0x00,0x00,0x00,0x00, 
	0x00,0x00,0x00,0x00, 
	0x00,0x00,0x00,0x00, 
	0x00,0x00,0x00,0x00, 
	0x00,0x00,0x00,0x00, 
	0x00,0x00,0x00,0x00, 
	0x00,0x00,0x00,0x00, 
	0x00,0x00,0x00,0x00, 
	0x00,0x00,0x00,0x00, 
	0x00,0x00,0x00,0x00, 
	0x00,0x00,0x00,0x00, 
	0x00,0x00,0x00,0x00, 
	0x00,0x00,0x00,0x00, 
	0x00,0x00,0x00,0x00, 
	0x00,0x00,0x00,0x00, 
	0x00,0x00,0x00,0x00, 
	0x00,0x00,0x00,0x00, 
	0x00,0x00,0x00,0x00, 
	0x00,0x00,0x00,0x00, 
	0x00,0x00,0x00,0x00, 
	0x00,0x00,0x00,0x00, 
	0x00,0x00,0x00,0x00, 
	0x00,0x00,0x00,0x00, 
	0x00,0x00,0x00,0x00, 
	0x00,0x00,0x00,0x00, 
	0x00,0x00,0x00,0x00, 
	0x00,0x00,0x00,0x00, 
	0x00,0x00,0x00,0x00, 
	0x00,0x00,0x00,0x00, 
	0x00,0x00,0x00,0x00, 
	0x00,0x00,0x00,0x00, 
	0x00,0x00,0x00,0x00, 
	0x00,0x00,0x00,0x00, 
	0x00,0x00,0x00,0x00, 
	0x00,0x00,0x00,0x00, 
	0x00,0x00,0x00,0x00, 
	0x00,0x00,0x00,0x00, 
	0x00,0x00,0x00,0x00, 
	0x00,0x00,0x00,0x00, 
	0x00,0x00,0x00,0x00, 
	0x00,0x00,0x00,0x00, 
	0x00,0x00,0x00,0x00, 
	0x00,0x00,0x00,0x00, 
	0x00,0x00,0x00,0x00, 
	0x00,0x00,0x00,0x00, 
	0x00,0x00,0x00,0x00, 
	0x00,0x00,0x00,0x00, 
	0x00,0x00,0x00,0x00, 
	0x00,0x00,0x00,0x00, 
	0x00,0x00,0x00,0x00, 
	0x00,0x00,0x00,0x00, 
	0x00,0x00,0x00,0x00, 
	0x00,0x00,0x00,0x00, 
	0x00,0x00,0x00,0x00, 
	0x00,0x00,0x00,0x00, 
	0x00,0x00,0x00,0x00, 
	0x00,0x00,0x00,0x00, 
	0x00,0x00,0x00,0x00, 
	0x00,0x00,0x00,0x00, 
	0x00,0x00,0x00,0x00, 
	0x00,0x00,0x00,0x00, 
	0x00,0x00,0x00,0x00, 
	0x00,0x00,0x00,0x00, 
	0x00,0x00,0x00,0x00, 
	0x00,0x00,0x00,0x00, 
	0x00,0x00,0x00,0x00, 
	0x00,0x00,0x00,0x00, 
	0x00,0x00,0x00,0x00, 
	0x00,0x00,0x00,0x00, 
	0x00,0x00,0x00,0x00, 
	0x00,0x00,0x00,0x00, 
	0x00,0x00,0x00,0x00, 
	0x00,0x00,0x00,0x00, 
	0x00,0x00,0x00,0x00, 
	0x00,0x00,0x00,0x00, 
	0x00,0x00,0x00,0x00, 
	0x00,0x00,0x00,0x00, 
	0x00,0x00,0x00,0x00, 
	0x00,0x00,0x00,0x00, 
	0x00,0x00,0x00,0x00, 
	0x00,0x00,0x00,0x00, 
	0x00,0x00,0x00,0x00, 
	0x00,0x00,0x00,0x00, 
	0x00,0x00,0x00,0x00, 
	0x00,0x00,0x00,0x00, 
	0x00,0x00,0x00,0x00, 
	0x00,0x00,0x00,0x00, 
	0x00,0x00,0x00,0x00, 
	0x00,0x00,0x00,0x00, 
	0x00,0x00,0x00,0x00, 
	0x00,0x00,0x00,0x00, 
	0x00,0x00,0x00,0x00, 
	0x00,0x00,0x00,0x00, 
	0x00,0x00,0x00,0x00, 
	0x00,0x00,0x00,0x00, 
	0x00,0x00,0x00,0x00, 
	0x00,0x00,0x00,0x00, 
	0x00,0x00,0x00,0x00, 
	0x00,0x00,0x00,0x00, 
	0x00,0x00,0x00,0x00, 
	0x00,0x00,0x00,0x00, 
	0x00,0x00,0x00,0x00, 
	0x00,0x00,0x00,0x00, 
	0x00,0x00,0x00,0x00, 
	0x00,0x00,0x00,0x00, 
	0x00,0x00,0x00,0x00, 
	0x00,0x00,0x00,0x00, 
	0x00,0x00,0x00,0x00, 
	0x00,0x00,0x00,0x00, 
	0x00,0x00,0x00,0x00, 
	0x00,0x00,0x00,0x00, 
	0x00,0x00,0x00,0x00, 
	0x00,0x00,0x00,0x00, 
	0x00,0x00,0x00,0x00, 
	0x00,0x00,0x00,0x00, 
	0x00,0x00,0x00,0x00, 
	0x00,0x00,0x00,0x00, 
	0x00,0x00,0x00,0x00, 
	0x00,0x00,0x00,0x00, 
	0x00,0x00,0x00,0x00, 
	0x00,0x00,0x00,0x00, 
	0x00,0x00,0x00,0x00, 
	0x00,0x00,0x00,0x00, 
	0x00,0x00,0x00,0x00, 
	0x00,0x00,0x00,0x00, 
	0x00,0x00,0x00,0x00, 
	0x00,0x00,0x00,0x00, 
	0x00,0x00,0x00,0x00, 
	0x00,0x00,0x00,0x00, 
	0x00,0x00,0x00,0x00, 
	0x00,0x00,0x00,0x00, 
	0x00,0x00,0x00,0x00, 
	0x00,0x00,0x00,0x00, 
	0x00,0x00,0x00,0x00, 
	0x00,0x00,0x00,0x00, 
	0x00,0x00,0x00,0x00, 
	0x00,0x00,0x00,0x00, 
	0x00,0x00,0x00,0x00, 
	0x00,0x00,0x00,0x00, 
	0x00,0x00,0x00,0x00, 
	0x00,0x00,0x00,0x00, 
	0x00,0x00,0x00,0x00, 
	0x00,0x00,0x00,0x00, 
	0x00,0x00,0x00,0x00, 
	0x00,0x00,0x00,0x00, 
	0x00,0x00,0x00,0x00, 
	0x00,0x00,0x00,0x00, 
	0x00,0x00,0x00,0x00, 
	0x00,0x00,0x00,0x00, 
	0x00,0x00,0x00,0x00, 
	0x00,0x00,0x00,0x00, 
	0x00,0x00,0x00,0x00, 
	0x00,0x00,0x00,0x00, 
	0x00,0x00,0x00,0x00, 
	0x00,0x00,0x00,0x00, 
	0x00,0x00,0x00,0x00, 
	0x00,0x00,0x00,0x00, 
	0x00,0x00,0x00,0x00, 
	0x00,0x00,0x00,0x00, 
	0x00,0x00,0x00,0x00, 
	0x00,0x00,0x00,0x00, 
	0x00,0x00,0x00,0x00, 
	0x00,0x00,0x00,0x00, 
	0x00,0x00,0x00,0x00, 
	0x00,0x00,0x00,0x00, 
	0x00,0x00,0x00,0x00, 
	0x00,0x00,0x00,0x00, 
	0x00,0x00,0x00,0x00, 
	0x00,0x00,0x00,0x00, 
	0x00,0x00,0x00,0x00, 
	0x00,0x00,0x00,0x00, 
	0x00,0x00,0x00,0x00, 
	0x00,0x00,0x00,0x00, 
	0x00,0x00,0x00,0x00, 
	0x00,0x00,0x00,0x00, 
	0x00,0x00,0x00,0x00, 
	0x00,0x00,0x00,0x00, 
	0x00,0x00,0x00,0x00, 
	0x00,0x00,0x00,0x00, 
	0x00,0x00,0x00,0x00, 
	0x00,0x00,0x00,0x00, 
	0x00,0x00,0x00,0x00, 
	0x00,0x00,0x00,0x00, 
	0x00,0x00,0x00,0x00, 
	0x00,0x00,0x00,0x00, 
	0x00,0x00,0x00,0x00, 
	0x00,0x00,0x00,0x00, 
	0x00,0x00,0x00,0x00, 
	0x00,0x00,0x00,0x00, 
	0x00,0x00,0x00,0x00, 
	0x00,0x00,0x00,0x00, 
	0x00,0x00,0x00,0x00, 
	0x00,0x00,0x00,0x00, 
	0x00,0x00,0x00,0x00, 
	0x00,0x00,0x00,0x00, 
	0x00,0x00,0x00,0x00, 
	0x00,0x00,0x00,0x00, 
	0x00,0x00,0x00,0x00, 
	0x00,0x00,0x00,0x00, 
	0x00,0x00,0x00,0x00, 
	0x00,0x00,0x00,0x00, 
	0x00,0x00,0x00,0x00, 
	0x00,0x00,0x00,0x00, 
	0x00,0x00,0x00,0x00, 
	0x00,0x00,0x00,0x00, 
	0x00,0x00,0x00,0x00, 
	0x00,0x00,0x00,0x00, 
	0x00,0x00,0x00,0x00, 
	0x00,0x00,0x00,0x00, 
	0x00,0x00,0x00,0x00, 
	0x00,0x00,0x00,0x00, 
	0x00,0x00,0x00,0x00, 
	0x00,0x00,0x00,0x00, 
	0x00,0x00,0x00,0x00, 
	0x00,0x00,0x00,0x00, 
	0x00,0x00,0x00,0x00, 
	0x00,0x00,0x00,0x00, 
	0x00,0x00,0x00,0x00, 
	0x00,0x00,0x00,0x00, 
	0x00,0x00,0x00,0x00, 
	0x00,0x00,0x00,0x00, 
	0x00,0x00,0x00,0x00, 
	0x00,0x00,0x00,0x00, 
	0x00,0x00,0x00,0x00, 
	0x00,0x00,0x00,0x00, 
	0x00,0x00,0x00,0x00, 
	0x00,0x00,0x00,0x00, 
	0x00,0x00,0x00,0x00, 
	0x00,0x00,0x00,0x00, 
	0x00,0x00,0x00,0x00, 
	0x00,0x00,0x00,0x00, 
	0x00,0x00,0x00,0x00, 
	0x00,0x00,0x00,0x00, 
	0x00,0x00,0x00,0x00, 
	0x00,0x00,0x00,0x00, 
	0x00,0x00,0x00,0x00, 
	0x00,0x00,0x00,0x00, 
	0x00,0x00,0x00,0x00, 
	0x00,0x00,0x00,0x00, 
	0x00,0x00,0x00,0x00, 
	0x00,0x00,0x00,0x00, 
	0x00,0x00,0x00,0x00, 
	0x00,0x00,0x00,0x00, 
	0x00,0x00,0x00,0x00, 
	0x00,0x00,0x00,0x00, 
	0x00,0x00,0x00,0x00, 
	0x00,0x00,0x00,0x00, 
	0x00,0x00,0x00,0x00, 
	0x00,0x00,0x00,0x00, 
	0x00,0x00,0x00,0x00, 
	0x00,0x00,0x00,0x00, 
	0x00,0x00,0x00,0x00, 
	0x00,0x00,0x00,0x00, 
	0x00,0x00,0x00,0x00, 
	0x00,0x00,0x00,0x00, 
	0x00,0x00,0x00,0x00, 
	0x00,0x00,0x00,0x00, 
	0x00,0x00,0x00,0x00, 
	0x00,0x00,0x00,0x00, 
	0x00,0x00,0x00,0x00, 
	0x00,0x00,0x00,0x00, 
	0x00,0x00,0x00,0x00, 
	0x00,0x00,0x00,0x00, 
	0x00,0x00,0x00,0x00, 
	0x00,0x00,0x00,0x00, 
	0x00,0x00,0x00,0x00, 
	0x00,0x00,0x00,0x00, 
	0x00,0x00,0x00,0x00, 
	0x00,0x00,0x00,0x00, 
	0x00,0x00,0x00,0x00, 
	0x00,0x00,0x00,0x00, 
	0x00,0x00,0x00,0x00, 
	0x00,0x00,0x00,0x00, 
	0x00,0x00,0x00,0x00, 
	0x00,0x00,0x00,0x00, 
	0x00,0x00,0x00,0x00, 
	0x00,0x00,0x00,0x00, 
	0x00,0x00,0x00,0x00, 
	0x00,0x00,0x00,0x00, 
	0x00,0x00,0x00,0x00, 
	0x00,0x00,0x00,0x00, 
	0x00,0x00,0x00,0x00, 
	0x00,0x00,0x00,0x00, 
	0x00,0x00,0x00,0x00, 
	0x00,0x00,0x00,0x00, 
	0x00,0x00,0x00,0x00, 
	0x00,0x00,0x00,0x00, 
	0x00,0x00,0x00,0x00, 
	0x00,0x00,0x00,0x00, 
	0x00,0x00,0x00,0x00, 
	0x00,0x00,0x00,0x00, 
	0x00,0x00,0x00,0x00, 
	0x00,0x00,0x00,0x00, 
	0x00,0x00,0x00,0x00, 
	0x00,0x00,0x00,0x00, 
	0x00,0x00,0x00,0x00, 
	0x00,0x00,0x00,0x00, 
	0x00,0x00,0x00,0x00, 
	0x00,0x00,0x00,0x00, 
	0x00,0x00,0x00,0x00, 
	0x00,0x00,0x00,0x00, 
	0x00,0x00,0x00,0x00, 
	0x00,0x00,0x00,0x00, 
	0x00,0x00,0x00,0x00, 
	0x00,0x00,0x00,0x00, 
	0x00,0x00,0x00,0x00, 
	0x00,0x00,0x00,0x00, 
	0x00,0x00,0x00,0x00, 
	0x00,0x00,0x00,0x00, 
	0x00,0x00,0x00,0x00, 
	0x00,0x00,0x00,0x00, 
	0x00,0x00,0x00,0x00, 
	0x00,0x00,0x00,0x00, 
	0x00,0x00,0x00,0x00, 
	0x00,0x00,0x00,0x00, 
	0x00,0x00,0x00,0x00, 
	0x00,0x00,0x00,0x00, 
	0x00,0x00,0x00,0x00, 
	0x00,0x00,0x00,0x00, 
	0x00,0x00,0x00,0x00, 
	0x00,0x00,0x00,0x00, 
	0x00,0x00,0x00,0x00, 
	0x00,0x00,0x00,0x00, 
	0x00,0x00,0x00,0x00, 
	0x00,0x00,0x00,0x00, 
	0x00,0x00,0x00,0x00, 
	0x00,0x00,0x00,0x00, 
	0x00,0x00,0x00,0x00, 
	0x00,0x00,0x00,0x00, 
	0x00,0x00,0x00,0x00, 
	0x00,0x00,0x00,0x00, 
	0x00,0x00,0x00,0x00, 
	0x00,0x00,0x00,0x00, 
	0x00,0x00,0x00,0x00, 
	0x00,0x00,0x00,0x00, 
	0x00,0x00,0x00,0x00, 
	0x00,0x00,0x00,0x00, 
	0x00,0x00,0x00,0x00, 
	0x00,0x00,0x00,0x00, 
	0x00,0x00,0x00,0x00, 
	0x00,0x00,0x00,0x00, 
	0x00,0x00,0x00,0x00, 
	0x00,0x00,0x00,0x00, 
	0x00,0x00,0x00,0x00, 
	0x00,0x00,0x00,0x00, 
	0x00,0x00,0x00,0x00, 
	0x00,0x00,0x00,0x00, 
	0x00,0x00,0x00,0x00, 
	0x00,0x00,0x00,0x00, 
	0x00,0x00,0x00,0x00, 
	0x00,0x00,0x00,0x00, 
	0x00,0x00,0x00,0x00, 
	0x00,0x00,0x00,0x00, 
	0x00,0x00,0x00,0x00, 
	0x00,0x00,0x00,0x00, 
	0x00,0x00,0x00,0x00, 
	0x00,0x00,0x00,0x00, 
	0x00,0x00,0x00,0x00, 
	0x00,0x00,0x00,0x00, 
	0x00,0x00,0x00,0x00, 
	0x00,0x00,0x00,0x00, 
	0x00,0x00,0x00,0x00, 
	0x00,0x00,0x00,0x00, 
	0x00,0x00,0x00,0x00, 
	0x00,0x00,0x00,0x00, 
	0x00,0x00,0x00,0x00, 
	0x00,0x00,0x00,0x00, 
	0x00,0x00,0x00,0x00, 
	0x00,0x00,0x00,0x00, 
	0x00,0x00,0x00,0x00, 
	0x00,0x00,0x00,0x00, 
	0x00,0x00,0x00,0x00, 
	0x00,0x00,0x00,0x00, 
	0x00,0x00,0x00,0x00, 
	0x00,0x00,0x00,0x00, 
	0x00,0x00,0x00,0x00, 
	0x00,0x00,0x00,0x00, 
	0x00,0x00,0x00,0x00, 
	0x00,0x00,0x00,0x00, 
	0x00,0x00,0x00,0x00, 
	0x00,0x00,0x00,0x00, 
	0x00,0x00,0x00,0x00, 
	0x00,0x00,0x00,0x00, 
	0x00,0x00,0x00,0x00, 
	0x00,0x00,0x00,0x00, 
	0x00,0x00,0x00,0x00, 
	0x00,0x00,0x00,0x00, 
	0x00,0x00,0x00,0x00, 
	0x00,0x00,0x00,0x00, 
	0x00,0x00,0x00,0x00, 
	0x00,0x00,0x00,0x00, 
	0x00,0x00,0x00,0x00, 
	0x00,0x00,0x00,0x00, 
	0x00,0x00,0x00,0x00, 
	0x00,0x00,0x00,0x00, 
	0x00,0x00,0x00,0x00, 
	0x00,0x00,0x00,0x00, 
	0x00,0x00,0x00,0x00, 
	0x00,0x00,0x00,0x00, 
	0x00,0x00,0x00,0x00, 
	0x00,0x00,0x00,0x00, 
	0x00,0x00,0x00,0x00, 
	0x00,0x00,0x00,0x00, 
	0x00,0x00,0x00,0x00, 
	0x00,0x00,0x00,0x00, 
	0x00,0x00,0x00,0x00, 
	0x00,0x00,0x00,0x00, 
	0x00,0x00,0x00,0x00, 
	0x00,0x00,0x00,0x00, 
	0x00,0x00,0x00,0x00, 
	0x00,0x00,0x00,0x00, 
	0x00,0x00,0x00,0x00, 
	0x00,0x00,0x00,0x00, 
	0x00,0x00,0x00,0x00, 
	0x00,0x00,0x00,0x00, 
	0x00,0x00,0x00,0x00, 
	0x00,0x00,0x00,0x00, 
	0x00,0x00,0x00,0x00, 
	0x00,0x00,0x00,0x00, 
	0x00,0x00,0x00,0x00, 
	0x00,0x00,0x00,0x00, 
	0x00,0x00,0x00,0x00, 
	0x00,0x00,0x00,0x00, 
	0x00,0x00,0x00,0x00, 
	0x00,0x00,0x00,0x00, 
	0x00,0x00,0x00,0x00, 
	0x00,0x00,0x00,0x00, 
	0x00,0x00,0x00,0x00, 
	0x00,0x00,0x00,0x00, 
	0x00,0x00,0x00,0x00, 
	0x00,0x00,0x00,0x00, 
	0x00,0x00,0x00,0x00, 
	0x00,0x00,0x00,0x00, 
	0x00,0x00,0x00,0x00, 
	0x00,0x00,0x00,0x00, 
	0x00,0x00,0x00,0x00, 
	0x00,0x00,0x00,0x00, 
	0x00,0x00,0x00,0x00, 
	0x00,0x00,0x00,0x00, 
	0x00,0x00,0x00,0x00, 
	0x00,0x00,0x00,0x00, 
	0x00,0x00,0x00,0x00, 
	0x00,0x00,0x00,0x00, 
	0x00,0x00,0x00,0x00, 
	0x00,0x00,0x00,0x00, 
	0x00,0x00,0x00,0x00, 
	0x00,0x00,0x00,0x00, 
	0x00,0x00,0x00,0x00, 
	0x00,0x00,0x00,0x00, 
	0x00,0x00,0x00,0x00, 
	0x00,0x00,0x00,0x00, 
	0x00,0x00,0x00,0x00, 
	0x00,0x00,0x00,0x00, 
	0x00,0x00,0x00,0x00, 
	0x00,0x00,0x00,0x00, 
	0x00,0x00,0x00,0x00, 
	0x00,0x00,0x00,0x00, 
	0x00,0x00,0x00,0x00, 
	0x00,0x00,0x00,0x00, 
	0x00,0x00,0x00,0x00, 
	0x00,0x00,0x00,0x00, 
	0x00,0x00,0x00,0x00, 
	0x00,0x00,0x00,0x00, 
	0x00,0x00,0x00,0x00, 
	0x00,0x00,0x00,0x00, 
	0x00,0x00,0x00,0x00, 
	0x00,0x00,0x00,0x00, 
	0x00,0x00,0x00,0x00, 
	0x00,0x00,0x00,0x00, 
	0x00,0x00,0x00,0x00, 
	0x00,0x00,0x00,0x00, 
	0x00,0x00,0x00,0x00, 
	0x00,0x00,0x00,0x00, 
	0x00,0x00,0x00,0x00, 
	0x00,0x00,0x00,0x00, 
	0x00,0x00,0x00,0x00, 
	0x00,0x00,0x00,0x00, 
	0x00,0x00,0x00,0x00, 
	0x00,0x00,0x00,0x00, 
	0x00,0x00,0x00,0x00, 
	0x00,0x00,0x00,0x00, 
	0x00,0x00,0x00,0x00, 
	0x00,0x00,0x00,0x00, 
	0x00,0x00,0x00,0x00, 
	0x00,0x00,0x00,0x00, 
	0x00,0x00,0x00,0x00, 
	0x00,0x00,0x00,0x00, 
	0x00,0x00,0x00,0x00, 
	0x00,0x00,0x00,0x00, 
	0x00,0x00,0x00,0x00, 
	0x00,0x00,0x00,0x00, 
	0x00,0x00,0x00,0x00, 
	0x00,0x00,0x00,0x00, 
	0x00,0x00,0x00,0x00, 
	0x00,0x00,0x00,0x00, 
	0x00,0x00,0x00,0x00, 
	0x00,0x00,0x00,0x00, 
	0x00,0x00,0x00,0x00, 
	0x00,0x00,0x00,0x00, 
	0x00,0x00,0x00,0x00, 
	0x00,0x00,0x00,0x00, 
	0x00,0x00,0x00,0x00, 
	0x00,0x00,0x00,0x00, 
	0x00,0x00,0x00,0x00, 
	0x00,0x00,0x00,0x00, 
	0x00,0x00,0x00,0x00, 
	0x00,0x00,0x00,0x00, 
	0x00,0x00,0x00,0x00, 
	0x00,0x00,0x00,0x00, 
	0x00,0x00,0x00,0x00, 
	0x00,0x00,0x00,0x00, 
	0x00,0x00,0x00,0x00, 
	0x00,0x00,0x00,0x00, 
	0x00,0x00,0x00,0x00, 
	0x00,0x00,0x00,0x00, 
	0x00,0x00,0x00,0x00, 
	0x00,0x00,0x00,0x00, 
	0x00,0x00,0x00,0x00, 
	0x00,0x00,0x00,0x00, 
	0x00,0x00,0x00,0x00, 
	0x00,0x00,0x00,0x00, 
	0x00,0x00,0x00,0x00, 
	0x00,0x00,0x00,0x00, 
	0x00,0x00,0x00,0x00, 
	0x00,0x00,0x00,0x00, 
	0x00,0x00,0x00,0x00, 
	0x00,0x00,0x00,0x00, 
	0x00,0x00,0x00,0x00, 
	0x00,0x00,0x00,0x00, 
	0x00,0x00,0x00,0x00, 
	0x00,0x00,0x00,0x00, 
	0x00,0x00,0x00,0x00, 
	0x00,0x00,0x00,0x00, 
	0x00,0x00,0x00,0x00, 
	0x00,0x00,0x00,0x00, 
	0x00,0x00,0x00,0x00, 
	0x00,0x00,0x00,0x00, 
	0x00,0x00,0x00,0x00, 
	0x00,0x00,0x00,0x00, 
	0x00,0x00,0x00,0x00, 
	0x00,0x00,0x00,0x00, 
	0x00,0x00,0x00,0x00, 
	0x00,0x00,0x00,0x00, 
	0x00,0x00,0x00,0x00, 
	0x00,0x00,0x00,0x00, 
	0x00,0x00,0x00,0x00, 
	0x00,0x00,0x00,0x00, 
	0x00,0x00,0x00,0x00, 
	0x00,0x00,0x00,0x00, 
	0x00,0x00,0x00,0x00, 
	0x00,0x00,0x00,0x00, 
	0x00,0x00,0x00,0x00, 
	0x00,0x00,0x00,0x00, 
	0x00,0x00,0x00,0x00, 
	0x00,0x00,0x00,0x00, 
	0x00,0x00,0x00,0x00, 
	0x00,0x00,0x00,0x00, 
	0x00,0x00,0x00,0x00, 
	0x00,0x00,0x00,0x00, 
	0x00,0x00,0x00,0x00, 
	0x00,0x00,0x00,0x00, 
	0x00,0x00,0x00,0x00, 
	0x00,0x00,0x00,0x00, 
	0x00,0x00,0x00,0x00, 
	0x00,0x00,0x00,0x00, 
	0x00,0x00,0x00,0x00, 
	0x00,0x00,0x00,0x00, 
	0x00,0x00,0x00,0x00, 
	0x00,0x00,0x00,0x00, 
	0x00,0x00,0x00,0x00, 
	0x00,0x00,0x00,0x00, 
	0x00,0x00,0x00,0x00, 
	0x00,0x00,0x00,0x00, 
	0x00,0x00,0x00,0x00, 
	0x00,0x00,0x00,0x00, 
	0x00,0x00,0x00,0x00, 
	0x00,0x00,0x00,0x00, 
	0x00,0x00,0x00,0x00, 
	0x00,0x00,0x00,0x00, 
	0x00,0x00,0x00,0x00, 
	0x00,0x00,0x00,0x00, 
	0x00,0x00,0x00,0x00, 
	0x00,0x00,0x00,0x00, 
	0x00,0x00,0x00,0x00, 
	0x00,0x00,0x00,0x00, 
	0x00,0x00,0x00,0x00, 
	0x00,0x00,0x00,0x00, 
	0x00,0x00,0x00,0x00, 
	0x00,0x00,0x00,0x00, 
	0x00,0x00,0x00,0x00, 
	0x00,0x00,0x00,0x00, 
	0x00,0x00,0x00,0x00, 
	0x00,0x00,0x00,0x00, 
	0x00,0x00,0x00,0x00, 
	0x00,0x00,0x00,0x00, 
	0x00,0x00,0x00,0x00, 
	0x00,0x00,0x00,0x00, 
	0x00,0x00,0x00,0x00, 
	0x00,0x00,0x00,0x00, 
	0x00,0x00,0x00,0x00, 
	0x00,0x00,0x00,0x00, 
	0x00,0x00,0x00,0x00, 
	0x00,0x00,0x00,0x00, 
	0x00,0x00,0x00,0x00, 
	0x00,0x00,0x00,0x00, 
	0x00,0x00,0x00,0x00, 
	0x00,0x00,0x00,0x00, 
	0x00,0x00,0x00,0x00, 
	0x00,0x00,0x00,0x00, 
	0x00,0x00,0x00,0x00, 
	0x00,0x00,0x00,0x00, 
	0x00,0x00,0x00,0x00, 
	0x00,0x00,0x00,0x00, 
	0x00,0x00,0x00,0x00, 
	0x00,0x00,0x00,0x00, 
	0x00,0x00,0x00,0x00, 
	0x00,0x00,0x00,0x00, 
	0x00,0x00,0x00,0x00, 
	0x00,0x00,0x00,0x00, 
	0x00,0x00,0x00,0x00, 
	0x00,0x00,0x00,0x00, 
	0x00,0x00,0x00,0x00, 
	0x00,0x00,0x00,0x00, 
	0x00,0x00,0x00,0x00, 
	0x00,0x00,0x00,0x00, 
	0x00,0x00,0x00,0x00, 
	0x00,0x00,0x00,0x00, 
	0x00,0x00,0x00,0x00, 
	0x00,0x00,0x00,0x00, 
	0x00,0x00,0x00,0x00, 
	0x00,0x00,0x00,0x00, 
	0x00,0x00,0x00,0x00, 
	0x00,0x00,0x00,0x00, 
	0x00,0x00,0x00,0x00, 
	0x00,0x00,0x00,0x00, 
	0x00,0x00,0x00,0x00, 
	0x00,0x00,0x00,0x00, 
	0x00,0x00,0x00,0x00, 
	0x00,0x00,0x00,0x00, 
	0x00,0x00,0x00,0x00, 
	0x00,0x00,0x00,0x00, 
	0x00,0x00,0x00,0x00, 
	0x00,0x00,0x00,0x00, 
	0x00,0x00,0x00,0x00, 
	0x00,0x00,0x00,0x00, 
	0x00,0x00,0x00,0x00, 
	0x00,0x00,0x00,0x00, 
	0x00,0x00,0x00,0x00, 
	0x00,0x00,0x00,0x00, 
	0x00,0x00,0x00,0x00, 
	0x00,0x00,0x00,0x00, 
	0x00,0x00,0x00,0x00, 
	0x00,0x00,0x00,0x00, 
	0x00,0x00,0x00,0x00, 
	0x00,0x00,0x00,0x00, 
	0x00,0x00,0x00,0x00, 
	0x00,0x00,0x00,0x00, 
	0x00,0x00,0x00,0x00, 
	0x00,0x00,0x00,0x00, 
	0x00,0x00,0x00,0x00, 
	0x00,0x00,0x00,0x00, 
	0x00,0x00,0x00,0x00, 
	0x00,0x00,0x00,0x00, 
	0x00,0x00,0x00,0x00, 
	0x00,0x00,0x00,0x00, 
	0x00,0x00,0x00,0x00, 
	0x00,0x00,0x00,0x00, 
	0x00,0x00,0x00,0x00, 
	0x00,0x00,0x00,0x00, 
	0x00,0x00,0x00,0x00, 
	0x00,0x00,0x00,0x00, 
	0x00,0x00,0x00,0x00, 
	0x00,0x00,0x00,0x00, 
	0x00,0x00,0x00,0x00, 
	0x00,0x00,0x00,0x00, 
	0x00,0x00,0x00,0x00, 
	0x00,0x00,0x00,0x00, 
	0x00,0x00,0x00,0x00, 
	0x00,0x00,0x00,0x00, 
	0x00,0x00,0x00,0x00, 
	0x00,0x00,0x00,0x00, 
	0x00,0x00,0x00,0x00, 
	0x00,0x00,0x00,0x00, 
	0x00,0x00,0x00,0x00, 
	0x00,0x00,0x00,0x00, 
	0x00,0x00,0x00,0x00, 
	0x00,0x00,0x00,0x00, 
	0x00,0x00,0x00,0x00, 
	0x00,0x00,0x00,0x00, 
	0x00,0x00,0x00,0x00, 
	0x00,0x00,0x00,0x00, 
	0x00,0x00,0x00,0x00, 
	0x00,0x00,0x00,0x00, 
	0x00,0x00,0x00,0x00, 
	0x00,0x00,0x00,0x00, 
	0x00,0x00,0x00,0x00, 
	0x00,0x00,0x00,0x00, 
	0x00,0x00,0x00,0x00, 
	0x00,0x00,0x00,0x00, 
	0x00,0x00,0x00,0x00, 
	0x00,0x00,0x00,0x00, 
	0x00,0x00,0x00,0x00, 
	0x00,0x00,0x00,0x00, 
	0x00,0x00,0x00,0x00, 
	0x00,0x00,0x00,0x00, 
	0x00,0x00,0x00,0x00, 
	0x00,0x00,0x00,0x00, 
	0x00,0x00,0x00,0x00, 
	0x00,0x00,0x00,0x00, 
	0x00,0x00,0x00,0x00, 
	0x00,0x00,0x00,0x00, 
	0x00,0x00,0x00,0x00, 
	0x00,0x00,0x00,0x00, 
	0x00,0x00,0x00,0x00, 
	0x00,0x00,0x00,0x00, 
	0x00,0x00,0x00,0x00, 
	0x00,0x00,0x00,0x00, 
	0x00,0x00,0x00,0x00, 
	0x00,0x00,0x00,0x00, 
	0x00,0x00,0x00,0x00, 
	0x00,0x00,0x00,0x00, 
	0x00,0x00,0x00,0x00, 
	0x00,0x00,0x00,0x00, 
	0x00,0x00,0x00,0x00, 
	0x00,0x00,0x00,0x00, 
	0x00,0x00,0x00,0x00, 
	0x00,0x00,0x00,0x00, 
	0x00,0x00,0x00,0x00, 
	0x00,0x00,0x00,0x00, 
	0x00,0x00,0x00,0x00, 
	0x00,0x00,0x00,0x00, 
	0x00,0x00,0x00,0x00, 
	0x00,0x00,0x00,0x00, 
	0x00,0x00,0x00,0x00, 
	0x00,0x00,0x00,0x00, 
	0x00,0x00,0x00,0x00, 
	0x00,0x00,0x00,0x00, 
	0x00,0x00,0x00,0x00, 
	0x00,0x00,0x00,0x00, 
	0x00,0x00,0x00,0x00, 
	0x00,0x00,0x00,0x00, 
	0x00,0x00,0x00,0x00, 
	0x00,0x00,0x00,0x00, 
	0x00,0x00,0x00,0x00, 
	0x00,0x00,0x00,0x00, 
	0x00,0x00,0x00,0x00, 
	0x00,0x00,0x00,0x00, 
	0x00,0x00,0x00,0x00, 
	0x00,0x00,0x00,0x00, 
	0x00,0x00,0x00,0x00, 
	0x00,0x00,0x00,0x00, 
	0x00,0x00,0x00,0x00, 
	0x00,0x00,0x00,0x00, 
	0x00,0x00,0x00,0x00, 
	0x00,0x00,0x00,0x00, 
	0x00,0x00,0x00,0x00, 
	0x00,0x00,0x00,0x00, 
	0x00,0x00,0x00,0x00, 
	0x00,0x00,0x00,0x00, 
	0x00,0x00,0x00,0x00, 
	0x00,0x00,0x00,0x00, 
	0x00,0x00,0x00,0x00, 
	0x00,0x00,0x00,0x00, 
	0x00,0x00,0x00,0x00, 
	0x00,0x00,0x00,0x00, 
	0x00,0x00,0x00,0x00, 
	0x00,0x00,0x00,0x00, 
	0x00,0x00,0x00,0x00, 
	0x00,0x00,0x00,0x00, 
	0x00,0x00,0x00,0x00, 
	0x00,0x00,0x00,0x00, 
	0x00,0x00,0x00,0x00, 
	0x00,0x00,0x00,0x00, 
	0x00,0x00,0x00,0x00, 
	0x00,0x00,0x00,0x00, 
	0x00,0x00,0x00,0x00, 
	0x00,0x00,0x00,0x00, 
	0x00,0x00,0x00,0x00, 
	0x00,0x00,0x00,0x00, 
	0x00,0x00,0x00,0x00, 
	0x00,0x00,0x00,0x00, 
	0x00,0x00,0x00,0x00, 
	0x00,0x00,0x00,0x00, 
	0x00,0x00,0x00,0x00, 
	0x00,0x00,0x00,0x00, 
	0x00,0x00,0x00,0x00, 
	0x00,0x00,0x00,0x00, 
	0x00,0x00,0x00,0x00, 
	0x00,0x00,0x00,0x00, 
	0x00,0x00,0x00,0x00, 
	0x00,0x00,0x00,0x00, 
	0x00,0x00,0x00,0x00, 
	0x00,0x00,0x00,0x00, 
	0x00,0x00,0x00,0x00, 
	0x00,0x00,0x00,0x00, 
	0x00,0x00,0x00,0x00, 
	0x00,0x00,0x00,0x00, 
	0x00,0x00,0x00,0x00, 
	0x00,0x00,0x00,0x00, 
	0x00,0x00,0x00,0x00, 
	0x00,0x00,0x00,0x00, 
	0x00,0x00,0x00,0x00, 
	0x00,0x00,0x00,0x00, 
	0x00,0x00,0x00,0x00, 
	0x00,0x00,0x00,0x00, 
	0x00,0x00,0x00,0x00, 
	0x00,0x00,0x00,0x00, 
	0x00,0x00,0x00,0x00, 
	0x00,0x00,0x00,0x00, 
	0x00,0x00,0x00,0x00, 
	0x00,0x00,0x00,0x00, 
	0x00,0x00,0x00,0x00, 
	0x00,0x00,0x00,0x00, 
	0x00,0x00,0x00,0x00, 
	0x00,0x00,0x00,0x00, 
	0x00,0x00,0x00,0x00, 
	0x00,0x00,0x00,0x00, 
	0x00,0x00,0x00,0x00, 
	0x00,0x00,0x00,0x00, 
	0x00,0x00,0x00,0x00, 
	0x00,0x00,0x00,0x00, 
	0x00,0x00,0x00,0x00, 
	0x00,0x00,0x00,0x00, 
	0x00,0x00,0x00,0x00, 
	0x00,0x00,0x00,0x00, 
	0x00,0x00,0x00,0x00, 
	0x00,0x00,0x00,0x00, 
	0x00,0x00,0x00,0x00, 
	0x00,0x00,0x00,0x00, 
	0x00,0x00,0x00,0x00, 
	0x00,0x00,0x00,0x00, 
	0x00,0x00,0x00,0x00, 
	0x00,0x00,0x00,0x00, 
	0x00,0x00,0x00,0x00, 
	0x00,0x00,0x00,0x00, 
	0x00,0x00,0x00,0x00, 
	0x00,0x00,0x00,0x00, 
	0x00,0x00,0x00,0x00, 
	0x00,0x00,0x00,0x00, 
	0x00,0x00,0x00,0x00, 
	0x00,0x00,0x00,0x00, 
	0x00,0x00,0x00,0x00, 
	0x00,0x00,0x00,0x00, 
	0x00,0x00,0x00,0x00, 
	0x00,0x00,0x00,0x00, 
	0x00,0x00,0x00,0x00, 
	0x00,0x00,0x00,0x00, 
	0x00,0x00,0x00,0x00, 
	0x00,0x00,0x00,0x00, 
	0x00,0x00,0x00,0x00, 
	0x00,0x00,0x00,0x00, 
	0x00,0x00,0x00,0x00, 
	0x00,0x00,0x00,0x00, 
	0x00,0x00,0x00,0x00, 
	0x00,0x00,0x00,0x00, 
	0x00,0x00,0x00,0x00, 
	0x00,0x00,0x00,0x00, 
	0x00,0x00,0x00,0x00, 
	0x00,0x00,0x00,0x00, 
	0x00,0x00,0x00,0x00, 
	0x00,0x00,0x00,0x00, 
	0x00,0x00,0x00,0x00, 
	0x00,0x00,0x00,0x00, 
	0x00,0x00,0x00,0x00, 
	0x00,0x00,0x00,0x00, 
	0x00,0x00,0x00,0x00, 
	0x00,0x00,0x00,0x00, 
	0x00,0x00,0x00,0x00, 
	0x00,0x00,0x00,0x00, 
	0x00,0x00,0x00,0x00, 
	0x00,0x00,0x00,0x00, 
	0x00,0x00,0x00,0x00, 
	0x00,0x00,0x00,0x00, 
	0x00,0x00,0x00,0x00, 
	0x00,0x00,0x00,0x00, 
	0x00,0x00,0x00,0x00, 
	0x00,0x00,0x00,0x00, 
	0x00,0x00,0x00,0x00, 
	0x00,0x00,0x00,0x00, 
	0x00,0x00,0x00,0x00, 
	0x00,0x00,0x00,0x00, 
	0x00,0x00,0x00,0x00, 
	0x00,0x00,0x00,0x00, 
	0x00,0x00,0x00,0x00, 
	0x00,0x00,0x00,0x00, 
	0x00,0x00,0x00,0x00, 
	0x00,0x00,0x00,0x00, 
	0x00,0x00,0x00,0x00, 
	0x00,0x00,0x00,0x00, 
	0x00,0x00,0x00,0x00, 
	0x00,0x00,0x00,0x00, 
	0x00,0x00,0x00,0x00, 
	0x00,0x00,0x00,0x00, 
	0x00,0x00,0x00,0x00, 
	0x00,0x00,0x00,0x00, 
	0x00,0x00,0x00,0x00, 
	0x00,0x00,0x00,0x00, 
	0x00,0x00,0x00,0x00, 
	0x00,0x00,0x00,0x00, 
	0x00,0x00,0x00,0x00, 
	0x00,0x00,0x00,0x00, 
	0x00,0x00,0x00,0x00, 
	0x00,0x00,0x00,0x00, 
	0x00,0x00,0x00,0x00, 
	0x00,0x00,0x00,0x00, 
	0x00,0x00,0x00,0x00, 
	0x00,0x00,0x00,0x00, 
	0x00,0x00,0x00,0x00, 
	0x00,0x00,0x00,0x00, 
	0x00,0x00,0x00,0x00, 
	0x00,0x00,0x00,0x00, 
	0x00,0x00,0x00,0x00, 
	0x00,0x00,0x00,0x00, 
	0x00,0x00,0x00,0x00, 
	0x00,0x00,0x00,0x00, 
	0x00,0x00,0x00,0x00, 
	0x00,0x00,0x00,0x00, 
	0x00,0x00,0x00,0x00, 
	0x00,0x00,0x00,0x00, 
	0x00,0x00,0x00,0x00, 
	0x00,0x00,0x00,0x00, 
	0x00,0x00,0x00,0x00, 
	0x00,0x00,0x00,0x00, 
	0x00,0x00,0x00,0x00, 
	0x00,0x00,0x00,0x00, 
	0x00,0x00,0x00,0x00, 
	0x00,0x00,0x00,0x00, 
	0x00,0x00,0x00,0x00, 
	0x00,0x00,0x00,0x00, 
	0x00,0x00,0x00,0x00, 
	0x00,0x00,0x00,0x00, 
	0x00,0x00,0x00,0x00, 
	0x00,0x00,0x00,0x00, 
	0x00,0x00,0x00,0x00, 
	0x00,0x00,0x00,0x00, 
	0x00,0x00,0x00,0x00, 
	0x00,0x00,0x00,0x00, 
	0x00,0x00,0x00,0x00, 
	0x00,0x00,0x00,0x00, 
	0x00,0x00,0x00,0x00, 
	0x00,0x00,0x00,0x00, 
	0x00,0x00,0x00,0x00, 
	0x00,0x00,0x00,0x00, 
	0x00,0x00,0x00,0x00, 
	0x00,0x00,0x00,0x00, 
	0x00,0x00,0x00,0x00, 
	0x00,0x00,0x00,0x00, 
	0x00,0x00,0x00,0x00, 
	0x00,0x00,0x00,0x00, 
	0x00,0x00,0x00,0x00, 
	0x00,0x00,0x00,0x00, 
	0x00,0x00,0x00,0x00, 
	0x00,0x00,0x00,0x00, 
	0x00,0x00,0x00,0x00, 
	0x00,0x00,0x00,0x00, 
	0x00,0x00,0x00,0x00, 
	0x00,0x00,0x00,0x00, 
	0x00,0x00,0x00,0x00, 
	0x00,0x00,0x00,0x00, 
	0x00,0x00,0x00,0x00, 
	0x00,0x00,0x00,0x00, 
	0x00,0x00,0x00,0x00, 
	0x00,0x00,0x00,0x00, 
	0x00,0x00,0x00,0x00, 
	0x00,0x00,0x00,0x00, 
	0x00,0x00,0x00,0x00, 
	0x00,0x00,0x00,0x00, 
	0x00,0x00,0x00,0x00, 
	0x00,0x00,0x00,0x00, 
	0x00,0x00,0x00,0x00, 
	0x00,0x00,0x00,0x00, 
	0x00,0x00,0x00,0x00, 
	0x00,0x00,0x00,0x00, 
	0x00,0x00,0x00,0x00, 
	0x00,0x00,0x00,0x00, 
	0x00,0x00,0x00,0x00, 
	0x00,0x00,0x00,0x00, 
	0x00,0x00,0x00,0x00, 
	0x00,0x00,0x00,0x00, 
	0x00,0x00,0x00,0x00, 
	0x00,0x00,0x00,0x00, 
	0x00,0x00,0x00,0x00, 
	0x00,0x00,0x00,0x00, 
	0x00,0x00,0x00,0x00, 
	0x00,0x00,0x00,0x00, 
	0x00,0x00,0x00,0x00, 
	0x00,0x00,0x00,0x00, 
	0x00,0x00,0x00,0x00, 
	0x00,0x00,0x00,0x00, 
	0x00,0x00,0x00,0x00, 
	0x00,0x00,0x00,0x00, 
	0x00,0x00,0x00,0x00, 
	0x00,0x00,0x00,0x00, 
	0x00,0x00,0x00,0x00, 
	0x00,0x00,0x00,0x00, 
	0x00,0x00,0x00,0x00, 
	0x00,0x00,0x00,0x00, 
	0x00,0x00,0x00,0x00, 
	0x00,0x00,0x00,0x00, 
	0x00,0x00,0x00,0x00, 
	0x00,0x00,0x00,0x00, 
	0x00,0x00,0x00,0x00, 
	0x00,0x00,0x00,0x00, 
	0x00,0x00,0x00,0x00, 
	0x00,0x00,0x00,0x00, 
	0x00,0x00,0x00,0x00, 
	0x00,0x00,0x00,0x00, 
	0x00,0x00,0x00,0x00, 
	0x00,0x00,0x00,0x00, 
	0x00,0x00,0x00,0x00, 
	0x00,0x00,0x00,0x00, 
	0x00,0x00,0x00,0x00, 
	0x00,0x00,0x00,0x00, 
	0x00,0x00,0x00,0x00, 
	0x00,0x00,0x00,0x00, 
	0x00,0x00,0x00,0x00, 
	0x00,0x00,0x00,0x00, 
	0x00,0x00,0x00,0x00, 
	0x00,0x00,0x00,0x00, 
	0x00,0x00,0x00,0x00, 
	0x00,0x00,0x00,0x00, 
	0x00,0x00,0x00,0x00, 
	0x00,0x00,0x00,0x00, 
	0x00,0x00,0x00,0x00, 
	0x00,0x00,0x00,0x00, 
	0x00,0x00,0x00,0x00, 
	0x00,0x00,0x00,0x00, 
	0x00,0x00,0x00,0x00, 
	0x00,0x00,0x00,0x00, 
	0x00,0x00,0x00,0x00, 
	0x00,0x00,0x00,0x00, 
	0x00,0x00,0x00,0x00, 
	0x00,0x00,0x00,0x00, 
	0x00,0x00,0x00,0x00, 
	0x00,0x00,0x00,0x00, 
	0x00,0x00,0x00,0x00, 
	0x00,0x00,0x00,0x00, 
	0x00,0x00,0x00,0x00, 
	0x00,0x00,0x00,0x00, 
	0x00,0x00,0x00,0x00, 
	0x00,0x00,0x00,0x00, 
	0x00,0x00,0x00,0x00, 
	0x00,0x00,0x00,0x00, 
	0x00,0x00,0x00,0x00, 
	0x00,0x00,0x00,0x00, 
	0x00,0x00,0x00,0x00, 
	0x00,0x00,0x00,0x00, 
	0x00,0x00,0x00,0x00, 
	0x00,0x00,0x00,0x00, 
	0x00,0x00,0x00,0x00, 
	0x00,0x00,0x00,0x00, 
	0x00,0x00,0x00,0x00, 
	0x00,0x00,0x00,0x00, 
	0x00,0x00,0x00,0x00, 
	0x00,0x00,0x00,0x00, 
	0x00,0x00,0x00,0x00, 
	0x00,0x00,0x00,0x00, 
	0x00,0x00,0x00,0x00, 
	0x00,0x00,0x00,0x00, 
	0x00,0x00,0x00,0x00, 
	0x00,0x00,0x00,0x00, 
	0x00,0x00,0x00,0x00, 
	0x00,0x00,0x00,0x00, 
	0x00,0x00,0x00,0x00, 
	0x00,0x00,0x00,0x00, 
	0x00,0x00,0x00,0x00, 
	0x00,0x00,0x00,0x00, 
	0x00,0x00,0x00,0x00, 
	0x00,0x00,0x00,0x00, 
	0x00,0x00,0x00,0x00, 
	0x00,0x00,0x00,0x00, 
	0x00,0x00,0x00,0x00, 
	0x00,0x00,0x00,0x00, 
	0x00,0x00,0x00,0x00, 
	0x00,0x00,0x00,0x00, 
	0x00,0x00,0x00,0x00, 
	0x00,0x00,0x00,0x00, 
	0x00,0x00,0x00,0x00, 
	0x00,0x00,0x00,0x00, 
	0x00,0x00,0x00,0x00, 
	0x00,0x00,0x00,0x00, 
	0x00,0x00,0x00,0x00, 
	0x00,0x00,0x00,0x00, 
	0x00,0x00,0x00,0x00, 
	0x00,0x00,0x00,0x00, 
	0x00,0x00,0x00,0x00, 
	0x00,0x00,0x00,0x00, 
	0x00,0x00,0x00,0x00, 
	0x00,0x00,0x00,0x00, 
	0x00,0x00,0x00,0x00, 
	0x00,0x00,0x00,0x00, 
	0x00,0x00,0x00,0x00, 
	0x00,0x00,0x00,0x00, 
	0x00,0x00,0x00,0x00, 
	0x00,0x00,0x00,0x00, 
	0x00,0x00,0x00,0x00, 
	0x00,0x00,0x00,0x00, 
	0x00,0x00,0x00,0x00, 
	0x00,0x00,0x00,0x00, 
	0x00,0x00,0x00,0x00, 
	0x00,0x00,0x00,0x00, 
	0x00,0x00,0x00,0x00, 
	0x00,0x00,0x00,0x00, 
	0x00,0x00,0x00,0x00, 
	0x00,0x00,0x00,0x00, 
	0x00,0x00,0x00,0x00, 
	0x00,0x00,0x00,0x00, 
	0x00,0x00,0x00,0x00, 
	0x00,0x00,0x00,0x00, 
	0x00,0x00,0x00,0x00, 
	0x00,0x00,0x00,0x00, 
	0x00,0x00,0x00,0x00, 
	0x00,0x00,0x00,0x00, 
	0x00,0x00,0x00,0x00, 
	0x00,0x00,0x00,0x00, 
	0x00,0x00,0x00,0x00, 
	0x00,0x00,0x00,0x00, 
	0x00,0x00,0x00,0x00, 
	0x00,0x00,0x00,0x00, 
	0x00,0x00,0x00,0x00, 
	0x00,0x00,0x00,0x00, 
	0x00,0x00,0x00,0x00, 
	0x00,0x00,0x00,0x00, 
	0x00,0x00,0x00,0x00, 
	0x00,0x00,0x00,0x00, 
	0x00,0x00,0x00,0x00, 
	0x00,0x00,0x00,0x00, 
	0x00,0x00,0x00,0x00, 
	0x00,0x00,0x00,0x00, 
	0x00,0x00,0x00,0x00, 
	0x00,0x00,0x00,0x00, 
	0x00,0x00,0x00,0x00, 
	0x00,0x00,0x00,0x00, 
	0x00,0x00,0x00,0x00, 
	0x00,0x00,0x00,0x00, 
	0x00,0x00,0x00,0x00, 
	0x00,0x00,0x00,0x00, 
	0x00,0x00,0x00,0x00, 
	0x00,0x00,0x00,0x00, 
	0x00,0x00,0x00,0x00, 
	0x00,0x00,0x00,0x00, 
	0x00,0x00,0x00,0x00, 
	0x00,0x00,0x00,0x00, 
	0x00,0x00,0x00,0x00, 
	0x00,0x00,0x00,0x00, 
	0x00,0x00,0x00,0x00, 
	0x00,0x00,0x00,0x00, 
	0x00,0x00,0x00,0x00, 
	0x00,0x00,0x00,0x00, 
	0x00,0x00,0x00,0x00, 
	0x00,0x00,0x00,0x00, 
	0x00,0x00,0x00,0x00, 
	0x00,0x00,0x00,0x00, 
	0x00,0x00,0x00,0x00, 
	0x00,0x00,0x00,0x00, 
	0x00,0x00,0x00,0x00, 
	0x00,0x00,0x00,0x00, 
	0x00,0x00,0x00,0x00, 
	0x00,0x00,0x00,0x00, 
	0x00,0x00,0x00,0x00, 
	0x00,0x00,0x00,0x00, 
	0x00,0x00,0x00,0x00, 
	0x00,0x00,0x00,0x00, 
	0x00,0x00,0x00,0x00, 
	0x00,0x00,0x00,0x00, 
	0x00,0x00,0x00,0x00, 
	0x00,0x00,0x00,0x00, 
	0x00,0x00,0x00,0x00, 
	0x00,0x00,0x00,0x00, 
	0x00,0x00,0x00,0x00, 
	0x00,0x00,0x00,0x00, 
	0x00,0x00,0x00,0x00, 
	0x00,0x00,0x00,0x00, 
	0x00,0x00,0x00,0x00, 
	0x00,0x00,0x00,0x00, 
	0x00,0x00,0x00,0x00, 
	0x00,0x00,0x00,0x00, 
	0x00,0x00,0x00,0x00, 
	0x00,0x00,0x00,0x00, 
	0x00,0x00,0x00,0x00, 
	0x00,0x00,0x00,0x00, 
	0x00,0x00,0x00,0x00, 
	0x00,0x00,0x00,0x00, 
	0x00,0x00,0x00,0x00, 
	0x00,0x00,0x00,0x00, 
	0x00,0x00,0x00,0x00, 
	0x00,0x00,0x00,0x00, 
	0x00,0x00,0x00,0x00, 
	0x00,0x00,0x00,0x00, 
	0x00,0x00,0x00,0x00, 
	0x00,0x00,0x00,0x00, 
	0x00,0x00,0x00,0x00, 
	0x00,0x00,0x00,0x00, 
	0x00,0x00,0x00,0x00, 
	0x00,0x00,0x00,0x00, 
	0x00,0x00,0x00,0x00, 
	0x00,0x00,0x00,0x00, 
	0x00,0x00,0x00,0x00, 
	0x00,0x00,0x00,0x00, 
	0x00,0x00,0x00,0x00, 
	0x00,0x00,0x00,0x00, 
	0x00,0x00,0x00,0x00, 
	0x00,0x00,0x00,0x00, 
	0x00,0x00,0x00,0x00, 
	0x00,0x00,0x00,0x00, 
	0x00,0x00,0x00,0x00, 
	0x00,0x00,0x00,0x00, 
	0x00,0x00,0x00,0x00, 
	0x00,0x00,0x00,0x00, 
	0x00,0x00,0x00,0x00, 
	0x00,0x00,0x00,0x00, 
	0x00,0x00,0x00,0x00, 
	0x00,0x00,0x00,0x00, 
	0x00,0x00,0x00,0x00, 
	0x00,0x00,0x00,0x00, 
	0x00,0x00,0x00,0x00, 
	0x00,0x00,0x00,0x00, 
	0x00,0x00,0x00,0x00, 
	0x00,0x00,0x00,0x00, 
	0x00,0x00,0x00,0x00, 
	0x00,0x00,0x00,0x00, 
	0x00,0x00,0x00,0x00, 
	0x00,0x00,0x00,0x00, 
	0x00,0x00,0x00,0x00, 
	0x00,0x00,0x00,0x00, 
	0x00,0x00,0x00,0x00, 
	0x00,0x00,0x00,0x00, 
	0x00,0x00,0x00,0x00, 
	0x00,0x00,0x00,0x00, 
	0x00,0x00,0x00,0x00, 
	0x00,0x00,0x00,0x00, 
	0x00,0x00,0x00,0x00, 
	0x00,0x00,0x00,0x00, 
	0x00,0x00,0x00,0x00, 
	0x00,0x00,0x00,0x00, 
	0x00,0x00,0x00,0x00, 
	0x00,0x00,0x00,0x00, 
	0x00,0x00,0x00,0x00, 
	0x00,0x00,0x00,0x00, 
	0x00,0x00,0x00,0x00, 
	0x00,0x00,0x00,0x00, 
	0x00,0x00,0x00,0x00, 
	0x00,0x00,0x00,0x00, 
	0x00,0x00,0x00,0x00, 
	0x00,0x00,0x00,0x00, 
	0x00,0x00,0x00,0x00, 
	0x00,0x00,0x00,0x00, 
	0x00,0x00,0x00,0x00, 
	0x00,0x00,0x00,0x00, 
	0x00,0x00,0x00,0x00, 
	0x00,0x00,0x00,0x00, 
	0x00,0x00,0x00,0x00, 
	0x00,0x00,0x00,0x00, 
	0x00,0x00,0x00,0x00, 
	0x00,0x00,0x00,0x00, 
	0x00,0x00,0x00,0x00, 
	0x00,0x00,0x00,0x00, 
	0x00,0x00,0x00,0x00, 
	0x00,0x00,0x00,0x00, 
	0x00,0x00,0x00,0x00, 
	0x00,0x00,0x00,0x00, 
	0x00,0x00,0x00,0x00, 
	0x00,0x00,0x00,0x00, 
	0x00,0x00,0x00,0x00, 
	0x00,0x00,0x00,0x00, 
	0x00,0x00,0x00,0x00, 
	0x00,0x00,0x00,0x00, 
	0x00,0x00,0x00,0x00, 
	0x00,0x00,0x00,0x00, 
	0x00,0x00,0x00,0x00, 
	0x00,0x00,0x00,0x00, 
	0x00,0x00,0x00,0x00, 
	0x00,0x00,0x00,0x00, 
	0x00,0x00,0x00,0x00, 
	0x00,0x00,0x00,0x00, 
	0x00,0x00,0x00,0x00, 
	0x00,0x00,0x00,0x00, 
	0x00,0x00,0x00,0x00, 
	0x00,0x00,0x00,0x00, 
	0x00,0x00,0x00,0x00, 
	0x00,0x00,0x00,0x00, 
	0x00,0x00,0x00,0x00, 
	0x00,0x00,0x00,0x00, 
	0x00,0x00,0x00,0x00, 
	0x00,0x00,0x00,0x00, 
	0x00,0x00,0x00,0x00, 
	0x00,0x00,0x00,0x00, 
	0x00,0x00,0x00,0x00, 
	0x00,0x00,0x00,0x00, 
	0x00,0x00,0x00,0x00, 
	0x00,0x00,0x00,0x00, 
	0x00,0x00,0x00,0x00, 
	0x00,0x00,0x00,0x00, 
	0x00,0x00,0x00,0x00, 
	0x00,0x00,0x00,0x00, 
	0x00,0x00,0x00,0x00, 
	0x00,0x00,0x00,0x00, 
	0x00,0x00,0x00,0x00, 
	0x00,0x00,0x00,0x00, 
	0x00,0x00,0x00,0x00, 
	0x00,0x00,0x00,0x00, 
	0x00,0x00,0x00,0x00, 
	0x00,0x00,0x00,0x00, 
	0x00,0x00,0x00,0x00, 
	0x00,0x00,0x00,0x00, 
	0x00,0x00,0x00,0x00, 
	0x00,0x00,0x00,0x00, 
	0x00,0x00,0x00,0x00, 
	0x00,0x00,0x00,0x00, 
	0x00,0x00,0x00,0x00, 
	0x00,0x00,0x00,0x00, 
	0x00,0x00,0x00,0x00, 
	0x00,0x00,0x00,0x00, 
	0x00,0x00,0x00,0x00, 
	0x00,0x00,0x00,0x00, 
	0x00,0x00,0x00,0x00, 
	0x00,0x00,0x00,0x00, 
	0x00,0x00,0x00,0x00, 
	0x00,0x00,0x00,0x00, 
	0x00,0x00,0x00,0x00, 
	0x00,0x00,0x00,0x00, 
	0x00,0x00,0x00,0x00, 
	0x00,0x00,0x00,0x00, 
	0x00,0x00,0x00,0x00, 
	0x00,0x00,0x00,0x00, 
	0x00,0x00,0x00,0x00, 
	0x00,0x00,0x00,0x00, 
	0x00,0x00,0x00,0x00, 
	0x00,0x00,0x00,0x00, 
	0x00,0x00,0x00,0x00, 
	0x00,0x00,0x00,0x00, 
	0x00,0x00,0x00,0x00, 
	0x00,0x00,0x00,0x00, 
	0x00,0x00,0x00,0x00, 
	0x00,0x00,0x00,0x00, 
	0x00,0x00,0x00,0x00, 
	0x00,0x00,0x00,0x00, 
	0x00,0x00,0x00,0x00, 
	0x00,0x00,0x00,0x00, 
	0x00,0x00,0x00,0x00, 
	0x00,0x00,0x00,0x00, 
	0x00,0x00,0x00,0x00, 
	0x00,0x00,0x00,0x00, 
	0x00,0x00,0x00,0x00, 
	0x00,0x00,0x00,0x00, 
	0x00,0x00,0x00,0x00, 
	0x00,0x00,0x00,0x00, 
	0x00,0x00,0x00,0x00, 
	0x00,0x00,0x00,0x00, 
	0x00,0x00,0x00,0x00, 
	0x00,0x00,0x00,0x00, 
	0x00,0x00,0x00,0x00, 
	0x00,0x00,0x00,0x00, 
	0x00,0x00,0x00,0x00, 
	0x00,0x00,0x00,0x00, 
	0x00,0x00,0x00,0x00, 
	0x00,0x00,0x00,0x00, 
	0x00,0x00,0x00,0x00, 
	0x00,0x00,0x00,0x00, 
	0x00,0x00,0x00,0x00, 
	0x00,0x00,0x00,0x00, 
	0x00,0x00,0x00,0x00, 
	0x00,0x00,0x00,0x00, 
	0x00,0x00,0x00,0x00, 
	0x00,0x00,0x00,0x00, 
	0x00,0x00,0x00,0x00, 
	0x00,0x00,0x00,0x00, 
	0x00,0x00,0x00,0x00, 
	0x00,0x00,0x00,0x00, 
	0x00,0x00,0x00,0x00, 
	0x00,0x00,0x00,0x00, 
	0x00,0x00,0x00,0x00, 
	0x00,0x00,0x00,0x00, 
	0x00,0x00,0x00,0x00, 
	0x00,0x00,0x00,0x00, 
	0x00,0x00,0x00,0x00, 
	0x00,0x00,0x00,0x00, 
	0x00,0x00,0x00,0x00, 
	0x00,0x00,0x00,0x00, 
	0x00,0x00,0x00,0x00, 
	0x00,0x00,0x00,0x00, 
	0x00,0x00,0x00,0x00, 
	0x00,0x00,0x00,0x00, 
	0x00,0x00,0x00,0x00, 
	0x00,0x00,0x00,0x00, 
	0x00,0x00,0x00,0x00, 
	0x00,0x00,0x00,0x00, 
	0x00,0x00,0x00,0x00, 
	0x00,0x00,0x00,0x00, 
	0x00,0x00,0x00,0x00, 
	0x00,0x00,0x00,0x00, 
	0x00,0x00,0x00,0x00, 
	0x00,0x00,0x00,0x00, 
	0x00,0x00,0x00,0x00, 
	0x00,0x00,0x00,0x00, 
	0x00,0x00,0x00,0x00, 
	0x00,0x00,0x00,0x00, 
	0x00,0x00,0x00,0x00, 
	0x00,0x00,0x00,0x00, 
	0x00,0x00,0x00,0x00, 
	0x00,0x00,0x00,0x00, 
	0x00,0x00,0x00,0x00, 
	0x00,0x00,0x00,0x00, 
	0x00,0x00,0x00,0x00, 
	0x00,0x00,0x00,0x00, 
	0x00,0x00,0x00,0x00, 
	0x00,0x00,0x00,0x00, 
	0x00,0x00,0x00,0x00, 
	0x00,0x00,0x00,0x00, 
	0x00,0x00,0x00,0x00, 
	0x00,0x00,0x00,0x00, 
	0x00,0x00,0x00,0x00, 
	0x00,0x00,0x00,0x00, 
	0x00,0x00,0x00,0x00, 
	0x00,0x00,0x00,0x00, 
	0x00,0x00,0x00,0x00, 
	0x00,0x00,0x00,0x00, 
	0x00,0x00,0x00,0x00, 
	0x00,0x00,0x00,0x00, 
	0x00,0x00,0x00,0x00, 
	0x00,0x00,0x00,0x00, 
	0x00,0x00,0x00,0x00, 
	0x00,0x00,0x00,0x00, 
	0x00,0x00,0x00,0x00, 
	0x00,0x00,0x00,0x00, 
	0x00,0x00,0x00,0x00, 
	0x00,0x00,0x00,0x00, 
	0x00,0x00,0x00,0x00, 
	0x00,0x00,0x00,0x00, 
	0x00,0x00,0x00,0x00, 
	0x00,0x00,0x00,0x00, 
	0x00,0x00,0x00,0x00, 
	0x00,0x00,0x00,0x00, 
	0x00,0x00,0x00,0x00, 
	0x00,0x00,0x00,0x00, 
	0x00,0x00,0x00,0x00, 
	0x00,0x00,0x00,0x00, 
	0x00,0x00,0x00,0x00, 
	0x00,0x00,0x00,0x00, 
	0x00,0x00,0x00,0x00, 
	0x00,0x00,0x00,0x00, 
	0x00,0x00,0x00,0x00, 
	0x00,0x00,0x00,0x00, 
	0x00,0x00,0x00,0x00, 
	0x00,0x00,0x00,0x00, 
	0x00,0x00,0x00,0x00, 
	0x00,0x00,0x00,0x00, 
	0x00,0x00,0x00,0x00, 
	0x00,0x00,0x00,0x00, 
	0x00,0x00,0x00,0x00, 
	0x00,0x00,0x00,0x00, 
	0x00,0x00,0x00,0x00, 
	0x00,0x00,0x00,0x00, 
	0x00,0x00,0x00,0x00, 
	0x00,0x00,0x00,0x00, 
	0x00,0x00,0x00,0x00, 
	0x00,0x00,0x00,0x00, 
	0x00,0x00,0x00,0x00, 
	0x00,0x00,0x00,0x00, 
	0x00,0x00,0x00,0x00, 
	0x00,0x00,0x00,0x00, 
	0x00,0x00,0x00,0x00, 
	0x00,0x00,0x00,0x00, 
	0x00,0x00,0x00,0x00, 
	0x00,0x00,0x00,0x00, 
	0x00,0x00,0x00,0x00, 
	0x00,0x00,0x00,0x00, 
	0x00,0x00,0x00,0x00, 
	0x00,0x00,0x00,0x00, 
	0x00,0x00,0x00,0x00, 
	0x00,0x00,0x00,0x00, 
	0x00,0x00,0x00,0x00, 
	0x00,0x00,0x00,0x00, 
	0x00,0x00,0x00,0x00, 
	0x00,0x00,0x00,0x00, 
	0x00,0x00,0x00,0x00, 
	0x00,0x00,0x00,0x00, 
	0x00,0x00,0x00,0x00, 
	0x00,0x00,0x00,0x00, 
	0x00,0x00,0x00,0x00, 
	0x00,0x00,0x00,0x00, 
	0x00,0x00,0x00,0x00, 
	0x00,0x00,0x00,0x00, 
	0x00,0x00,0x00,0x00, 
	0x00,0x00,0x00,0x00, 
	0x00,0x00,0x00,0x00, 
	0x00,0x00,0x00,0x00, 
	0x00,0x00,0x00,0x00, 
	0x00,0x00,0x00,0x00, 
	0x00,0x00,0x00,0x00, 
	0x00,0x00,0x00,0x00, 
	0x00,0x00,0x00,0x00, 
	0x00,0x00,0x00,0x00, 
	0x00,0x00,0x00,0x00, 
	0x00,0x00,0x00,0x00, 
	0x00,0x00,0x00,0x00, 
	0x00,0x00,0x00,0x00, 
	0x00,0x00,0x00,0x00, 
	0x00,0x00,0x00,0x00, 
	0x00,0x00,0x00,0x00, 
	0x00,0x00,0x00,0x00, 
	0x00,0x00,0x00,0x00, 
	0x00,0x00,0x00,0x00, 
	0x00,0x00,0x00,0x00, 
	0x00,0x00,0x00,0x00, 
	0x00,0x00,0x00,0x00, 
	0x00,0x00,0x00,0x00, 
	0x00,0x00,0x00,0x00, 
	0x00,0x00,0x00,0x00, 
	0x00,0x00,0x00,0x00, 
	0x00,0x00,0x00,0x00, 
	0x00,0x00,0x00,0x00, 
	0x00,0x00,0x00,0x00, 
	0x00,0x00,0x00,0x00, 
	0x00,0x00,0x00,0x00, 
	0x00,0x00,0x00,0x00, 
	0x00,0x00,0x00,0x00, 
	0x00,0x00,0x00,0x00, 
	0x00,0x00,0x00,0x00, 
	0x00,0x00,0x00,0x00, 
	0x00,0x00,0x00,0x00, 
	0x00,0x00,0x00,0x00, 
	0x00,0x00,0x00,0x00, 
	0x00,0x00,0x00,0x00, 
	0x00,0x00,0x00,0x00, 
	0x00,0x00,0x00,0x00, 
	0x00,0x00,0x00,0x00, 
	0x00,0x00,0x00,0x00, 
	0x00,0x00,0x00,0x00, 
	0x00,0x00,0x00,0x00, 
	0x00,0x00,0x00,0x00, 
	0x00,0x00,0x00,0x00, 
	0x00,0x00,0x00,0x00, 
	0x00,0x00,0x00,0x00, 
	0x00,0x00,0x00,0x00, 
	0x00,0x00,0x00,0x00, 
	0x00,0x00,0x00,0x00, 
	0x00,0x00,0x00,0x00, 
	0x00,0x00,0x00,0x00, 
	0x00,0x00,0x00,0x00, 
	0x00,0x00,0x00,0x00, 
	0x00,0x00,0x00,0x00, 
	0x00,0x00,0x00,0x00, 
	0x00,0x00,0x00,0x00, 
	0x00,0x00,0x00,0x00, 
	0x00,0x00,0x00,0x00, 
	0x00,0x00,0x00,0x00, 
	0x00,0x00,0x00,0x00, 
	0x00,0x00,0x00,0x00, 
	0x00,0x00,0x00,0x00, 
	0x00,0x00,0x00,0x00, 
	0x00,0x00,0x00,0x00, 
	0x00,0x00,0x00,0x00, 
	0x00,0x00,0x00,0x00, 
	0x00,0x00,0x00,0x00, 
	0x00,0x00,0x00,0x00, 
	0x00,0x00,0x00,0x00, 
	0x00,0x00,0x00,0x00, 
	0x00,0x00,0x00,0x00, 
	0x00,0x00,0x00,0x00, 
	0x00,0x00,0x00,0x00, 
	0x00,0x00,0x00,0x00, 
	0x00,0x00,0x00,0x00, 
	0x00,0x00,0x00,0x00, 
	0x00,0x00,0x00,0x00, 
	0x00,0x00,0x00,0x00, 
	0x00,0x00,0x00,0x00, 
	0x00,0x00,0x00,0x00, 
	0x00,0x00,0x00,0x00, 
	0x00,0x00,0x00,0x00, 
	0x00,0x00,0x00,0x00, 
	0x00,0x00,0x00,0x00, 
	0x00,0x00,0x00,0x00, 
	0x00,0x00,0x00,0x00, 
	0x00,0x00,0x00,0x00, 
	0x00,0x00,0x00,0x00, 
	0x00,0x00,0x00,0x00, 
	0x00,0x00,0x00,0x00, 
	0x00,0x00,0x00,0x00, 
	0x00,0x00,0x00,0x00, 
	0x00,0x00,0x00,0x00, 
	0x00,0x00,0x00,0x00, 
	0x00,0x00,0x00,0x00, 
	0x00,0x00,0x00,0x00, 
	0x00,0x00,0x00,0x00, 
	0x00,0x00,0x00,0x00, 
	0x00,0x00,0x00,0x00, 
	0x00,0x00,0x00,0x00, 
	0x00,0x00,0x00,0x00, 
	0x00,0x00,0x00,0x00, 
	0x00,0x00,0x00,0x00, 
	0x00,0x00,0x00,0x00, 
	0x00,0x00,0x00,0x00, 
	0x00,0x00,0x00,0x00, 
	0x00,0x00,0x00,0x00, 
	0x00,0x00,0x00,0x00, 
	0x00,0x00,0x00,0x00, 
	0x00,0x00,0x00,0x00, 
	0x00,0x00,0x00,0x00, 
	0x00,0x00,0x00,0x00, 
	0x00,0x00,0x00,0x00, 
	0x00,0x00,0x00,0x00, 
	0x00,0x00,0x00,0x00, 
	0x00,0x00,0x00,0x00, 
	0x00,0x00,0x00,0x00, 
	0x00,0x00,0x00,0x00, 
	0x00,0x00,0x00,0x00, 
	0x00,0x00,0x00,0x00, 
	0x00,0x00,0x00,0x00, 
	0x00,0x00,0x00,0x00, 
	0x00,0x00,0x00,0x00, 
	0x00,0x00,0x00,0x00, 
	0x00,0x00,0x00,0x00, 
	0x00,0x00,0x00,0x00, 
	0x00,0x00,0x00,0x00, 
	0x00,0x00,0x00,0x00, 
	0x00,0x00,0x00,0x00, 
	0x00,0x00,0x00,0x00, 
	0x00,0x00,0x00,0x00, 
	0x00,0x00,0x00,0x00, 
	0x00,0x00,0x00,0x00, 
	0x00,0x00,0x00,0x00, 
	0x00,0x00,0x00,0x00, 
	0x00,0x00,0x00,0x00, 
	0x00,0x00,0x00,0x00, 
	0x00,0x00,0x00,0x00, 
	0x00,0x00,0x00,0x00, 
	0x00,0x00,0x00,0x00, 
	0x00,0x00,0x00,0x00, 
	0x00,0x00,0x00,0x00, 
	0x00,0x00,0x00,0x00, 
	0x00,0x00,0x00,0x00, 
	0x00,0x00,0x00,0x00, 
	0x00,0x00,0x00,0x00, 
	0x00,0x00,0x00,0x00, 
	0x00,0x00,0x00,0x00, 
	0x00,0x00,0x00,0x00, 
	0x00,0x00,0x00,0x00, 
	0x00,0x00,0x00,0x00, 
	0x00,0x00,0x00,0x00, 
	0x00,0x00,0x00,0x00, 
	0x00,0x00,0x00,0x00, 
	0x00,0x00,0x00,0x00, 
	0x00,0x00,0x00,0x00, 
	0x00,0x00,0x00,0x00, 
	0x00,0x00,0x00,0x00, 
	0x00,0x00,0x00,0x00, 
	0x00,0x00,0x00,0x00, 
	0x00,0x00,0x00,0x00, 
	0x00,0x00,0x00,0x00, 
	0x00,0x00,0x00,0x00, 
	0x00,0x00,0x00,0x00, 
	0x00,0x00,0x00,0x00, 
	0x00,0x00,0x00,0x00, 
	0x00,0x00,0x00,0x00, 
	0x00,0x00,0x00,0x00, 
	0x00,0x00,0x00,0x00, 
	0x00,0x00,0x00,0x00, 
	0x00,0x00,0x00,0x00, 
	0x00,0x00,0x00,0x00, 
	0x00,0x00,0x00,0x00, 
	0x00,0x00,0x00,0x00, 
	0x00,0x00,0x00,0x00, 
	0x00,0x00,0x00,0x00, 
	0x00,0x00,0x00,0x00, 
	0x00,0x00,0x00,0x00, 
	0x00,0x00,0x00,0x00, 
	0x00,0x00,0x00,0x00, 
	0x00,0x00,0x00,0x00, 
	0x00,0x00,0x00,0x00, 
	0x00,0x00,0x00,0x00, 
	0x00,0x00,0x00,0x00, 
	0x00,0x00,0x00,0x00, 
	0x00,0x00,0x00,0x00, 
	0x00,0x00,0x00,0x00, 
	0x00,0x00,0x00,0x00, 
	0x00,0x00,0x00,0x00, 
	0x00,0x00,0x00,0x00, 
	0x00,0x00,0x00,0x00, 
	0x00,0x00,0x00,0x00, 
	0x00,0x00,0x00,0x00, 
	0x00,0x00,0x00,0x00, 
	0x00,0x00,0x00,0x00, 
	0x00,0x00,0x00,0x00, 
	0x00,0x00,0x00,0x00, 
	0x00,0x00,0x00,0x00, 
	0x00,0x00,0x00,0x00, 
	0x00,0x00,0x00,0x00, 
	0x00,0x00,0x00,0x00, 
	0x00,0x00,0x00,0x00, 
	0x00,0x00,0x00,0x00, 
	0x00,0x00,0x00,0x00, 
	0x00,0x00,0x00,0x00, 
	0x00,0x00,0x00,0x00, 
	0x00,0x00,0x00,0x00, 
	0x00,0x00,0x00,0x00, 
	0x00,0x00,0x00,0x00, 
	0x00,0x00,0x00,0x00, 
	0x00,0x00,0x00,0x00, 
	0x00,0x00,0x00,0x00, 
	0x00,0x00,0x00,0x00, 
	0x00,0x00,0x00,0x00, 
	0x00,0x00,0x00,0x00, 
	0x00,0x00,0x00,0x00, 
	0x00,0x00,0x00,0x00, 
	0x00,0x00,0x00,0x00, 
	0x00,0x00,0x00,0x00, 
	0x00,0x00,0x00,0x00, 
	0x00,0x00,0x00,0x00, 
	0x00,0x00,0x00,0x00, 
	0x00,0x00,0x00,0x00, 
	0x00,0x00,0x00,0x00, 
	0x00,0x00,0x00,0x00, 
	0x00,0x00,0x00,0x00, 
	0x00,0x00,0x00,0x00, 
	0x00,0x00,0x00,0x00, 
	0x00,0x00,0x00,0x00, 
	0x00,0x00,0x00,0x00, 
	0x00,0x00,0x00,0x00, 
	0x00,0x00,0x00,0x00, 
	0x00,0x00,0x00,0x00, 
	0x00,0x00,0x00,0x00, 
	0x00,0x00,0x00,0x00, 
	0x00,0x00,0x00,0x00, 
	0x00,0x00,0x00,0x00, 
	0x00,0x00,0x00,0x00, 
	0x00,0x00,0x00,0x00, 
	0x00,0x00,0x00,0x00, 
	0x00,0x00,0x00,0x00, 
	0x00,0x00,0x00,0x00, 
	0x00,0x00,0x00,0x00, 
	0x00,0x00,0x00,0x00, 
	0x00,0x00,0x00,0x00, 
	0x00,0x00,0x00,0x00, 
	0x00,0x00,0x00,0x00, 
	0x00,0x00,0x00,0x00, 
	0x00,0x00,0x00,0x00, 
	0x00,0x00,0x00,0x00, 
	0x00,0x00,0x00,0x00, 
	0x00,0x00,0x00,0x00, 
	0x00,0x00,0x00,0x00, 
	0x00,0x00,0x00,0x00, 
	0x00,0x00,0x00,0x00, 
	0x00,0x00,0x00,0x00, 
	0x00,0x00,0x00,0x00, 
	0x00,0x00,0x00,0x00, 
	0x00,0x00,0x00,0x00, 
	0x00,0x00,0x00,0x00, 
	0x00,0x00,0x00,0x00, 
	0x00,0x00,0x00,0x00, 
	0x00,0x00,0x00,0x00, 
	0x00,0x00,0x00,0x00, 
	0x00,0x00,0x00,0x00, 
	0x00,0x00,0x00,0x00, 
	0x00,0x00,0x00,0x00, 
	0x00,0x00,0x00,0x00, 
	0x00,0x00,0x00,0x00, 
	0x00,0x00,0x00,0x00, 
	0x00,0x00,0x00,0x00, 
	0x00,0x00,0x00,0x00, 
	0x00,0x00,0x00,0x00, 
	0x00,0x00,0x00,0x00, 
	0x00,0x00,0x00,0x00, 
	0x00,0x00,0x00,0x00, 
	0x00,0x00,0x00,0x00, 
	0x00,0x00,0x00,0x00, 
	0x00,0x00,0x00,0x00, 
	0x00,0x00,0x00,0x00, 
	0x00,0x00,0x00,0x00, 
	0x00,0x00,0x00,0x00, 
	0x00,0x00,0x00,0x00, 
	0x00,0x00,0x00,0x00, 
	0x00,0x00,0x00,0x00, 
	0x00,0x00,0x00,0x00, 
	0x00,0x00,0x00,0x00, 
	0x00,0x00,0x00,0x00, 
	0x00,0x00,0x00,0x00, 
	0x00,0x00,0x00,0x00, 
	0x00,0x00,0x00,0x00, 
	0x00,0x00,0x00,0x00, 
	0x00,0x00,0x00,0x00, 
	0x00,0x00,0x00,0x00, 
	0x00,0x00,0x00,0x00, 
	0x00,0x00,0x00,0x00, 
	0x00,0x00,0x00,0x00, 
	0x00,0x00,0x00,0x00, 
	0x00,0x00,0x00,0x00, 
	0x00,0x00,0x00,0x00, 
	0x00,0x00,0x00,0x00, 
	0x00,0x00,0x00,0x00, 
	0x00,0x00,0x00,0x00, 
	0x00,0x00,0x00,0x00, 
	0x00,0x00,0x00,0x00, 
	0x00,0x00,0x00,0x00, 
	0x00,0x00,0x00,0x00, 
	0x00,0x00,0x00,0x00, 
	0x00,0x00,0x00,0x00, 
	0x00,0x00,0x00,0x00, 
	0x00,0x00,0x00,0x00, 
	0x00,0x00,0x00,0x00, 
	0x00,0x00,0x00,0x00, 
	0x00,0x00,0x00,0x00, 
	0x00,0x00,0x00,0x00, 
	0x00,0x00,0x00,0x00, 
	0x00,0x00,0x00,0x00, 
	0x00,0x00,0x00,0x00, 
	0x00,0x00,0x00,0x00, 
	0x00,0x00,0x00,0x00, 
	0x00,0x00,0x00,0x00, 
	0x00,0x00,0x00,0x00, 
	0x00,0x00,0x00,0x00, 
	0x00,0x00,0x00,0x00, 
	0x00,0x00,0x00,0x00, 
	0x00,0x00,0x00,0x00, 
	0x00,0x00,0x00,0x00, 
	0x00,0x00,0x00,0x00, 
	0x00,0x00,0x00,0x00, 
	0x00,0x00,0x00,0x00, 
	0x00,0x00,0x00,0x00, 
	0x00,0x00,0x00,0x00, 
	0x00,0x00,0x00,0x00, 
	0x00,0x00,0x00,0x00, 
	0x00,0x00,0x00,0x00, 
	0x00,0x00,0x00,0x00, 
	0x00,0x00,0x00,0x00, 
	0x00,0x00,0x00,0x00, 
	0x00,0x00,0x00,0x00, 
	0x00,0x00,0x00,0x00, 
	0x00,0x00,0x00,0x00, 
	0x00,0x00,0x00,0x00, 
	0x00,0x00,0x00,0x00, 
	0x00,0x00,0x00,0x00, 
	0x00,0x00,0x00,0x00, 
	0x00,0x00,0x00,0x00, 
	0x00,0x00,0x00,0x00, 
	0x00,0x00,0x00,0x00, 
	0x00,0x00,0x00,0x00, 
	0x00,0x00,0x00,0x00, 
	0x00,0x00,0x00,0x00, 
	0x00,0x00,0x00,0x00, 
	0x00,0x00,0x00,0x00, 
	0x00,0x00,0x00,0x00, 
	0x00,0x00,0x00,0x00, 
	0x00,0x00,0x00,0x00, 
	0x00,0x00,0x00,0x00, 
	0x00,0x00,0x00,0x00, 
	0x00,0x00,0x00,0x00, 
	0x00,0x00,0x00,0x00, 
	0x00,0x00,0x00,0x00, 
	0x00,0x00,0x00,0x00, 
	0x00,0x00,0x00,0x00, 
	0x00,0x00,0x00,0x00, 
	0x00,0x00,0x00,0x00, 
	0x00,0x00,0x00,0x00, 
	0x00,0x00,0x00,0x00, 
	0x00,0x00,0x00,0x00, 
	0x00,0x00,0x00,0x00, 
	0x00,0x00,0x00,0x00, 
	0x00,0x00,0x00,0x00, 
	0x00,0x00,0x00,0x00, 
	0x00,0x00,0x00,0x00, 
	0x00,0x00,0x00,0x00, 
	0x00,0x00,0x00,0x00, 
	0x00,0x00,0x00,0x00, 
	0x00,0x00,0x00,0x00, 
	0x00,0x00,0x00,0x00, 
	0x00,0x00,0x00,0x00, 
	0x00,0x00,0x00,0x00, 
	0x00,0x00,0x00,0x00, 
	0x00,0x00,0x00,0x00, 
	0x00,0x00,0x00,0x00, 
	0x00,0x00,0x00,0x00, 
	0x00,0x00,0x00,0x00, 
	0x00,0x00,0x00,0x00, 
	0x00,0x00,0x00,0x00, 
	0x00,0x00,0x00,0x00, 
	0x00,0x00,0x00,0x00, 
	0x00,0x00,0x00,0x00, 
	0x00,0x00,0x00,0x00, 
	0x00,0x00,0x00,0x00, 
	0x00,0x00,0x00,0x00, 
	0x00,0x00,0x00,0x00, 
	0x00,0x00,0x00,0x00, 
	0x00,0x00,0x00,0x00, 
	0x00,0x00,0x00,0x00, 
	0x00,0x00,0x00,0x00, 
	0x00,0x00,0x00,0x00, 
	0x00,0x00,0x00,0x00, 
	0x00,0x00,0x00,0x00, 
	0x00,0x00,0x00,0x00, 
	0x00,0x00,0x00,0x00, 
	0x00,0x00,0x00,0x00, 
	0x00,0x00,0x00,0x00, 
	0x00,0x00,0x00,0x00, 
	0x00,0x00,0x00,0x00, 
	0x00,0x00,0x00,0x00, 
	0x00,0x00,0x00,0x00, 
	0x00,0x00,0x00,0x00, 
	0x00,0x00,0x00,0x00, 
	0x00,0x00,0x00,0x00, 
	0x00,0x00,0x00,0x00, 
	0x00,0x00,0x00,0x00, 
	0x00,0x00,0x00,0x00, 
	0x00,0x00,0x00,0x00, 
	0x00,0x00,0x00,0x00, 
	0x00,0x00,0x00,0x00, 
	0x00,0x00,0x00,0x00, 
	0x00,0x00,0x00,0x00, 
	0x00,0x00,0x00,0x00, 
	0x00,0x00,0x00,0x00, 
	0x00,0x00,0x00,0x00, 
	0x00,0x00,0x00,0x00, 
	0x00,0x00,0x00,0x00, 
	0x00,0x00,0x00,0x00, 
	0x00,0x00,0x00,0x00, 
	0x00,0x00,0x00,0x00, 
	0x00,0x00,0x00,0x00, 
	0x00,0x00,0x00,0x00, 
	0x00,0x00,0x00,0x00, 
	0x00,0x00,0x00,0x00, 
	0x00,0x00,0x00,0x00, 
	0x00,0x00,0x00,0x00, 
	0x00,0x00,0x00,0x00, 
	0x00,0x00,0x00,0x00, 
	0x00,0x00,0x00,0x00, 
	0x00,0x00,0x00,0x00, 
	0x00,0x00,0x00,0x00, 
	0x00,0x00,0x00,0x00, 
	0x00,0x00,0x00,0x00, 
	0x00,0x00,0x00,0x00, 
	0x00,0x00,0x00,0x00, 
	0x00,0x00,0x00,0x00, 
	0x00,0x00,0x00,0x00, 
	0x00,0x00,0x00,0x00, 
	0x00,0x00,0x00,0x00, 
	0x00,0x00,0x00,0x00, 
	0x00,0x00,0x00,0x00, 
	0x00,0x00,0x00,0x00, 
	0x00,0x00,0x00,0x00, 
	0x00,0x00,0x00,0x00, 
	0x00,0x00,0x00,0x00, 
	0x00,0x00,0x00,0x00, 
	0x00,0x00,0x00,0x00, 
	0x00,0x00,0x00,0x00, 
	0x00,0x00,0x00,0x00, 
	0x00,0x00,0x00,0x00, 
	0x00,0x00,0x00,0x00, 
	0x00,0x00,0x00,0x00, 
	0x00,0x00,0x00,0x00, 
	0x00,0x00,0x00,0x00, 
	0x00,0x00,0x00,0x00, 
	0x00,0x00,0x00,0x00, 
	0x00,0x00,0x00,0x00, 
	0x00,0x00,0x00,0x00, 
	0x00,0x00,0x00,0x00, 
	0x00,0x00,0x00,0x00, 
	0x00,0x00,0x00,0x00, 
	0x00,0x00,0x00,0x00, 
	0x00,0x00,0x00,0x00, 
	0x00,0x00,0x00,0x00, 
	0x00,0x00,0x00,0x00, 
	0x00,0x00,0x00,0x00, 
	0x00,0x00,0x00,0x00, 
	0x00,0x00,0x00,0x00, 
	0x00,0x00,0x00,0x00, 
	0x00,0x00,0x00,0x00, 
	0x00,0x00,0x00,0x00, 
	0x00,0x00,0x00,0x00, 
	0x00,0x00,0x00,0x00, 
	0x00,0x00,0x00,0x00, 
	0x00,0x00,0x00,0x00, 
	0x00,0x00,0x00,0x00, 
	0x00,0x00,0x00,0x00, 
	0x00,0x00,0x00,0x00, 
	0x00,0x00,0x00,0x00, 
	0x00,0x00,0x00,0x00, 
	0x00,0x00,0x00,0x00, 
	0x00,0x00,0x00,0x00, 
	0x00,0x00,0x00,0x00, 
	0x00,0x00,0x00,0x00, 
	0x00,0x00,0x00,0x00, 
	0x00,0x00,0x00,0x00, 
	0x00,0x00,0x00,0x00, 
	0x00,0x00,0x00,0x00, 
	0x00,0x00,0x00,0x00, 
	0x00,0x00,0x00,0x00, 
	0x00,0x00,0x00,0x00, 
	0x00,0x00,0x00,0x00, 
	0x00,0x00,0x00,0x00, 
	0x00,0x00,0x00,0x00, 
	0x00,0x00,0x00,0x00, 
	0x00,0x00,0x00,0x00, 
	0x00,0x00,0x00,0x00, 
	0x00,0x00,0x00,0x00, 
	0x00,0x00,0x00,0x00, 
	0x00,0x00,0x00,0x00, 
	0x00,0x00,0x00,0x00, 
	0x00,0x00,0x00,0x00, 
	0x00,0x00,0x00,0x00, 
	0x00,0x00,0x00,0x00, 
	0x00,0x00,0x00,0x00, 
	0x00,0x00,0x00,0x00, 
	0x00,0x00,0x00,0x00, 
	0x00,0x00,0x00,0x00, 
	0x00,0x00,0x00,0x00, 
	0x00,0x00,0x00,0x00, 
	0x00,0x00,0x00,0x00, 
	0x00,0x00,0x00,0x00, 
	0x00,0x00,0x00,0x00, 
	0x00,0x00,0x00,0x00, 
	0x00,0x00,0x00,0x00, 
	0x00,0x00,0x00,0x00, 
	0x00,0x00,0x00,0x00, 
	0x00,0x00,0x00,0x00, 
	0x00,0x00,0x00,0x00, 
	0x00,0x00,0x00,0x00, 
	0x00,0x00,0x00,0x00, 
	0x00,0x00,0x00,0x00, 
	0x00,0x00,0x00,0x00, 
	0x00,0x00,0x00,0x00, 
	0x00,0x00,0x00,0x00, 
	0x00,0x00,0x00,0x00, 
	0x00,0x00,0x00,0x00, 
	0x00,0x00,0x00,0x00, 
	0x00,0x00,0x00,0x00, 
	0x00,0x00,0x00,0x00, 
	0x00,0x00,0x00,0x00, 
	0x00,0x00,0x00,0x00, 
	0x00,0x00,0x00,0x00, 
	0x00,0x00,0x00,0x00, 
	0x00,0x00,0x00,0x00, 
	0x00,0x00,0x00,0x00, 
	0x00,0x00,0x00,0x00, 
	0x00,0x00,0x00,0x00, 
	0x00,0x00,0x00,0x00, 
	0x00,0x00,0x00,0x00, 
	0x00,0x00,0x00,0x00, 
	0x00,0x00,0x00,0x00, 
	0x00,0x00,0x00,0x00, 
	0x00,0x00,0x00,0x00, 
	0x00,0x00,0x00,0x00, 
	0x00,0x00,0x00,0x00, 
	0x00,0x00,0x00,0x00, 
	0x00,0x00,0x00,0x00, 
	0x00,0x00,0x00,0x00, 
	0x00,0x00,0x00,0x00, 
	0x00,0x00,0x00,0x00, 
	0x00,0x00,0x00,0x00, 
	0x00,0x00,0x00,0x00, 
	0x00,0x00,0x00,0x00, 
	0x00,0x00,0x00,0x00, 
	0x00,0x00,0x00,0x00, 
	0x00,0x00,0x00,0x00, 
	0x00,0x00,0x00,0x00, 
	0x00,0x00,0x00,0x00, 
	0x00,0x00,0x00,0x00, 
	0x00,0x00,0x00,0x00, 
	0x00,0x00,0x00,0x00, 
	0x00,0x00,0x00,0x00, 
	0x00,0x00,0x00,0x00, 
	0x00,0x00,0x00,0x00, 
	0x00,0x00,0x00,0x00, 
	0x00,0x00,0x00,0x00, 
	0x00,0x00,0x00,0x00, 
	0x00,0x00,0x00,0x00, 
	0x00,0x00,0x00,0x00, 
	0x00,0x00,0x00,0x00, 
	0x00,0x00,0x00,0x00, 
	0x00,0x00,0x00,0x00, 
	0x00,0x00,0x00,0x00, 
	0x00,0x00,0x00,0x00, 
	0x00,0x00,0x00,0x00, 
	0x00,0x00,0x00,0x00, 
	0x00,0x00,0x00,0x00, 
	0x00,0x00,0x00,0x00, 
	0x00,0x00,0x00,0x00, 
	0x00,0x00,0x00,0x00, 
	0x00,0x00,0x00,0x00, 
	0x00,0x00,0x00,0x00, 
	0x00,0x00,0x00,0x00, 
	0x00,0x00,0x00,0x00, 
	0x00,0x00,0x00,0x00, 
	0x00,0x00,0x00,0x00, 
	0x00,0x00,0x00,0x00, 
	0x00,0x00,0x00,0x00, 
	0x00,0x00,0x00,0x00, 
	0x00,0x00,0x00,0x00, 
	0x00,0x00,0x00,0x00, 
	0x00,0x00,0x00,0x00, 
	0x00,0x00,0x00,0x00, 
	0x00,0x00,0x00,0x00, 
	0x00,0x00,0x00,0x00, 
	0x00,0x00,0x00,0x00, 
	0x00,0x00,0x00,0x00, 
	0x00,0x00,0x00,0x00, 
	0x00,0x00,0x00,0x00, 
	0x00,0x00,0x00,0x00, 
	0x00,0x00,0x00,0x00, 
	0x00,0x00,0x00,0x00, 
	0x00,0x00,0x00,0x00, 
	0x00,0x00,0x00,0x00, 
	0x00,0x00,0x00,0x00, 
	0x00,0x00,0x00,0x00, 
	0x00,0x00,0x00,0x00, 
	0x00,0x00,0x00,0x00, 
	0x00,0x00,0x00,0x00, 
	0x00,0x00,0x00,0x00, 
	0x00,0x00,0x00,0x00, 
	0x00,0x00,0x00,0x00, 
	0x00,0x00,0x00,0x00, 
	0x00,0x00,0x00,0x00, 
	0x00,0x00,0x00,0x00, 
	0x00,0x00,0x00,0x00, 
	0x00,0x00,0x00,0x00, 
	0x00,0x00,0x00,0x00, 
	0x00,0x00,0x00,0x00, 
	0x00,0x00,0x00,0x00, 
	0x00,0x00,0x00,0x00, 
	0x00,0x00,0x00,0x00, 
	0x00,0x00,0x00,0x00, 
	0x00,0x00,0x00,0x00, 
	0x00,0x00,0x00,0x00, 
	0x00,0x00,0x00,0x00, 
	0x00,0x00,0x00,0x00, 
	0x00,0x00,0x00,0x00, 
	0x00,0x00,0x00,0x00, 
	0x00,0x00,0x00,0x00, 
	0x00,0x00,0x00,0x00, 
	0x00,0x00,0x00,0x00, 
	0x00,0x00,0x00,0x00, 
	0x00,0x00,0x00,0x00, 
	0x00,0x00,0x00,0x00, 
	0x00,0x00,0x00,0x00, 
	0x00,0x00,0x00,0x00, 
	0x00,0x00,0x00,0x00, 
	0x00,0x00,0x00,0x00, 
	0x00,0x00,0x00,0x00, 
	0x00,0x00,0x00,0x00, 
	0x00,0x00,0x00,0x00, 
	0x00,0x00,0x00,0x00, 
	0x00,0x00,0x00,0x00, 
	0x00,0x00,0x00,0x00, 
	0x00,0x00,0x00,0x00, 
	0x00,0x00,0x00,0x00, 
	0x00,0x00,0x00,0x00, 
	0x00,0x00,0x00,0x00, 
	0x00,0x00,0x00,0x00, 
	0x00,0x00,0x00,0x00, 
	0x00,0x00,0x00,0x00, 
	0x00,0x00,0x00,0x00, 
	0x00,0x00,0x00,0x00, 
	0x00,0x00,0x00,0x00, 
	0x00,0x00,0x00,0x00, 
	0x00,0x00,0x00,0x00, 
	0x00,0x00,0x00,0x00, 
	0x00,0x00,0x00,0x00, 
	0x00,0x00,0x00,0x00, 
	0x00,0x00,0x00,0x00, 
	0x00,0x00,0x00,0x00, 
	0x00,0x00,0x00,0x00, 
	0x00,0x00,0x00,0x00, 
	0x00,0x00,0x00,0x00, 
	0x00,0x00,0x00,0x00, 
	0x00,0x00,0x00,0x00, 
	0x00,0x00,0x00,0x00, 
	0x00,0x00,0x00,0x00, 
	0x00,0x00,0x00,0x00, 
	0x00,0x00,0x00,0x00, 
	0x00,0x00,0x00,0x00, 
	0x00,0x00,0x00,0x00, 
	0x00,0x00,0x00,0x00, 
	0x00,0x00,0x00,0x00, 
	0x00,0x00,0x00,0x00, 
	0x00,0x00,0x00,0x00, 
	0x00,0x00,0x00,0x00, 
	0x00,0x00,0x00,0x00, 
	0x00,0x00,0x00,0x00, 
	0x00,0x00,0x00,0x00, 
	0x00,0x00,0x00,0x00, 
	0x00,0x00,0x00,0x00, 
	0x00,0x00,0x00,0x00, 
	0x00,0x00,0x00,0x00, 
	0x00,0x00,0x00,0x00, 
	0x00,0x00,0x00,0x00, 
	0x00,0x00,0x00,0x00, 
	0x00,0x00,0x00,0x00, 
	0x00,0x00,0x00,0x00, 
	0x00,0x00,0x00,0x00, 
	0x00,0x00,0x00,0x00, 
	0x00,0x00,0x00,0x00, 
	0x00,0x00,0x00,0x00, 
	0x00,0x00,0x00,0x00, 
	0x00,0x00,0x00,0x00, 
	0x00,0x00,0x00,0x00, 
	0x00,0x00,0x00,0x00, 
	0x00,0x00,0x00,0x00, 
	0x00,0x00,0x00,0x00, 
	0x00,0x00,0x00,0x00, 
	0x00,0x00,0x00,0x00, 
	0x00,0x00,0x00,0x00, 
	0x00,0x00,0x00,0x00, 
	0x00,0x00,0x00,0x00, 
	0x00,0x00,0x00,0x00, 
	0x00,0x00,0x00,0x00, 
	0x00,0x00,0x00,0x00, 
	0x00,0x00,0x00,0x00, 
	0x00,0x00,0x00,0x00, 
	0x00,0x00,0x00,0x00, 
	0x00,0x00,0x00,0x00, 
	0x00,0x00,0x00,0x00, 
	0x00,0x00,0x00,0x00, 
	0x00,0x00,0x00,0x00, 
	0x00,0x00,0x00,0x00, 
	0x00,0x00,0x00,0x00, 
	0x00,0x00,0x00,0x00, 
	0x00,0x00,0x00,0x00, 
	0x00,0x00,0x00,0x00, 
	0x00,0x00,0x00,0x00, 
	0x00,0x00,0x00,0x00, 
	0x00,0x00,0x00,0x00, 
	0x00,0x00,0x00,0x00, 
	0x00,0x00,0x00,0x00, 
	0x00,0x00,0x00,0x00, 
	0x00,0x00,0x00,0x00, 
	0x00,0x00,0x00,0x00, 
	0x00,0x00,0x00,0x00, 
	0x00,0x00,0x00,0x00, 
	0x00,0x00,0x00,0x00, 
	0x00,0x00,0x00,0x00, 
	0x00,0x00,0x00,0x00, 
	0x00,0x00,0x00,0x00, 
	0x00,0x00,0x00,0x00, 
	0x00,0x00,0x00,0x00, 
	0x00,0x00,0x00,0x00, 
	0x00,0x00,0x00,0x00, 
	0x00,0x00,0x00,0x00, 
	0x00,0x00,0x00,0x00, 
	0x00,0x00,0x00,0x00, 
	0x00,0x00,0x00,0x00, 
	0x00,0x00,0x00,0x00, 
	0x00,0x00,0x00,0x00, 
	0x00,0x00,0x00,0x00, 
	0x00,0x00,0x00,0x00, 
	0x00,0x00,0x00,0x00, 
	0x00,0x00,0x00,0x00, 
	0x00,0x00,0x00,0x00, 
	0x00,0x00,0x00,0x00, 
	0x00,0x00,0x00,0x00, 
	0x00,0x00,0x00,0x00, 
	0x00,0x00,0x00,0x00, 
	0x00,0x00,0x00,0x00, 
	0x00,0x00,0x00,0x00, 
	0x00,0x00,0x00,0x00, 
	0x00,0x00,0x00,0x00, 
	0x00,0x00,0x00,0x00, 
	0x00,0x00,0x00,0x00, 
	0x00,0x00,0x00,0x00, 
	0x00,0x00,0x00,0x00, 
	0x00,0x00,0x00,0x00, 
	0x00,0x00,0x00,0x00, 
	0x00,0x00,0x00,0x00, 
	0x00,0x00,0x00,0x00, 
	0x00,0x00,0x00,0x00, 
	0x00,0x00,0x00,0x00, 
	0x00,0x00,0x00,0x00, 
	0x00,0x00,0x00,0x00, 
	0x00,0x00,0x00,0x00, 
	0x00,0x00,0x00,0x00, 
	0x00,0x00,0x00,0x00, 
	0x00,0x00,0x00,0x00, 
	0x00,0x00,0x00,0x00, 
	0x00,0x00,0x00,0x00, 
	0x00,0x00,0x00,0x00, 
	0x00,0x00,0x00,0x00, 
	0x00,0x00,0x00,0x00, 
	0x00,0x00,0x00,0x00, 
	0x00,0x00,0x00,0x00, 
	0x00,0x00,0x00,0x00, 
	0x00,0x00,0x00,0x00, 
	0x00,0x00,0x00,0x00, 
	0x00,0x00,0x00,0x00, 
	0x00,0x00,0x00,0x00, 
	0x00,0x00,0x00,0x00, 
	0x00,0x00,0x00,0x00, 
	0x00,0x00,0x00,0x00, 
	0x00,0x00,0x00,0x00, 
	0x00,0x00,0x00,0x00, 
	0x00,0x00,0x00,0x00, 
	0x00,0x00,0x00,0x00, 
	0x00,0x00,0x00,0x00, 
	0x00,0x00,0x00,0x00, 
	0x00,0x00,0x00,0x00, 
	0x00,0x00,0x00,0x00, 
	0x00,0x00,0x00,0x00, 
	0x00,0x00,0x00,0x00, 
	0x00,0x00,0x00,0x00, 
	0x00,0x00,0x00,0x00, 
	0x00,0x00,0x00,0x00, 
	0x00,0x00,0x00,0x00, 
	0x00,0x00,0x00,0x00, 
	0x00,0x00,0x00,0x00, 
	0x00,0x00,0x00,0x00, 
	0x00,0x00,0x00,0x00, 
	0x00,0x00,0x00,0x00, 
	0x00,0x00,0x00,0x00, 
	0x00,0x00,0x00,0x00, 
	0x00,0x00,0x00,0x00, 
	0x00,0x00,0x00,0x00, 
	0x00,0x00,0x00,0x00, 
	0x00,0x00,0x00,0x00, 
	0x00,0x00,0x00,0x00, 
	0x00,0x00,0x00,0x00, 
	0x00,0x00,0x00,0x00, 
	0x00,0x00,0x00,0x00, 
	0x00,0x00,0x00,0x00, 
	0x00,0x00,0x00,0x00, 
	0x00,0x00,0x00,0x00, 
	0x00,0x00,0x00,0x00, 
	0x00,0x00,0x00,0x00, 
	0x00,0x00,0x00,0x00, 
	0x00,0x00,0x00,0x00, 
	0x00,0x00,0x00,0x00, 
	0x00,0x00,0x00,0x00, 
	0x00,0x00,0x00,0x00, 
	0x00,0x00,0x00,0x00, 
	0x00,0x00,0x00,0x00, 
	0x00,0x00,0x00,0x00, 
	0x00,0x00,0x00,0x00, 
	0x00,0x00,0x00,0x00, 
	0x00,0x00,0x00,0x00, 
	0x00,0x00,0x00,0x00, 
	0x00,0x00,0x00,0x00, 
	0x00,0x00,0x00,0x00, 
	0x00,0x00,0x00,0x00, 
	0x00,0x00,0x00,0x00, 
	0x00,0x00,0x00,0x00, 
	0x00,0x00,0x00,0x00, 
	0x00,0x00,0x00,0x00, 
	0x00,0x00,0x00,0x00, 
	0x00,0x00,0x00,0x00, 
	0x00,0x00,0x00,0x00, 
	0x00,0x00,0x00,0x00, 
	0x00,0x00,0x00,0x00, 
	0x00,0x00,0x00,0x00, 
	0x00,0x00,0x00,0x00, 
	0x00,0x00,0x00,0x00, 
	0x00,0x00,0x00,0x00, 
	0x00,0x00,0x00,0x00, 
	0x00,0x00,0x00,0x00, 
	0x00,0x00,0x00,0x00, 
	0x00,0x00,0x00,0x00, 
	0x00,0x00,0x00,0x00, 
	0x00,0x00,0x00,0x00, 
	0x00,0x00,0x00,0x00, 
	0x00,0x00,0x00,0x00, 
	0x00,0x00,0x00,0x00, 
	0x00,0x00,0x00,0x00, 
	0x00,0x00,0x00,0x00, 
	0x00,0x00,0x00,0x00, 
	0x00,0x00,0x00,0x00, 
	0x00,0x00,0x00,0x00, 
	0x00,0x00,0x00,0x00, 
	0x00,0x00,0x00,0x00, 
	0x00,0x00,0x00,0x00, 
	0x00,0x00,0x00,0x00, 
	0x00,0x00,0x00,0x00, 
	0x00,0x00,0x00,0x00, 
	0x00,0x00,0x00,0x00, 
	0x00,0x00,0x00,0x00, 
	0x00,0x00,0x00,0x00, 
	0x00,0x00,0x00,0x00, 
	0x00,0x00,0x00,0x00, 
	0x00,0x00,0x00,0x00, 
	0x00,0x00,0x00,0x00, 
	0x00,0x00,0x00,0x00, 
	0x00,0x00,0x00,0x00, 
	0x00,0x00,0x00,0x00, 
	0x00,0x00,0x00,0x00, 
	0x00,0x00,0x00,0x00, 
	0x00,0x00,0x00,0x00, 
	0x00,0x00,0x00,0x00, 
	0x00,0x00,0x00,0x00, 
	0x00,0x00,0x00,0x00, 
	0x00,0x00,0x00,0x00, 
	0x00,0x00,0x00,0x00, 
	0x00,0x00,0x00,0x00, 
	0x00,0x00,0x00,0x00, 
	0x00,0x00,0x00,0x00, 
	0x00,0x00,0x00,0x00, 
	0x00,0x00,0x00,0x00, 
	0x00,0x00,0x00,0x00, 
	0x00,0x00,0x00,0x00, 
	0x00,0x00,0x00,0x00, 
	0x00,0x00,0x00,0x00, 
	0x00,0x00,0x00,0x00, 
	0x00,0x00,0x00,0x00, 
	0x00,0x00,0x00,0x00, 
	0x00,0x00,0x00,0x00, 
	0x00,0x00,0x00,0x00, 
	0x00,0x00,0x00,0x00, 
	0x00,0x00,0x00,0x00, 
	0x00,0x00,0x00,0x00, 
	0x00,0x00,0x00,0x00, 
	0x00,0x00,0x00,0x00, 
	0x00,0x00,0x00,0x00, 
	0x00,0x00,0x00,0x00, 
	0x00,0x00,0x00,0x00, 
	0x00,0x00,0x00,0x00, 
	0x00,0x00,0x00,0x00, 
	0x00,0x00,0x00,0x00, 
	0x00,0x00,0x00,0x00, 
	0x00,0x00,0x00,0x00, 
	0x00,0x00,0x00,0x00, 
	0x00,0x00,0x00,0x00, 
	0x00,0x00,0x00,0x00, 
	0x00,0x00,0x00,0x00, 
	0x00,0x00,0x00,0x00, 
	0x00,0x00,0x00,0x00, 
	0x00,0x00,0x00,0x00, 
	0x00,0x00,0x00,0x00, 
	0x00,0x00,0x00,0x00, 
	0x00,0x00,0x00,0x00, 
	0x00,0x00,0x00,0x00, 
	0x00,0x00,0x00,0x00, 
	0x00,0x00,0x00,0x00, 
	0x00,0x00,0x00,0x00, 
	0x00,0x00,0x00,0x00, 
	0x00,0x00,0x00,0x00, 
	0x00,0x00,0x00,0x00, 
	0x00,0x00,0x00,0x00, 
	0x00,0x00,0x00,0x00, 
	0x00,0x00,0x00,0x00, 
	0x00,0x00,0x00,0x00, 
	0x00,0x00,0x00,0x00, 
	0x00,0x00,0x00,0x00, 
	0x00,0x00,0x00,0x00, 
	0x00,0x00,0x00,0x00, 
	0x00,0x00,0x00,0x00, 
	0x00,0x00,0x00,0x00, 
	0x00,0x00,0x00,0x00, 
	0x00,0x00,0x00,0x00, 
	0x00,0x00,0x00,0x00, 
	0x00,0x00,0x00,0x00, 
	0x00,0x00,0x00,0x00, 
	0x00,0x00,0x00,0x00, 
	0x00,0x00,0x00,0x00, 
	0x00,0x00,0x00,0x00, 
	0x00,0x00,0x00,0x00, 
	0x00,0x00,0x00,0x00, 
	0x00,0x00,0x00,0x00, 
	0x00,0x00,0x00,0x00, 
	0x00,0x00,0x00,0x00, 
	0x00,0x00,0x00,0x00, 
	0x00,0x00,0x00,0x00, 
	0x00,0x00,0x00,0x00, 
	0x00,0x00,0x00,0x00, 
	0x00,0x00,0x00,0x00, 
	0x00,0x00,0x00,0x00, 
	0x00,0x00,0x00,0x00, 
	0x00,0x00,0x00,0x00, 
	0x00,0x00,0x00,0x00, 
	0x00,0x00,0x00,0x00, 
	0x00,0x00,0x00,0x00, 
	0x00,0x00,0x00,0x00, 
	0x00,0x00,0x00,0x00, 
	0x00,0x00,0x00,0x00, 
	0x00,0x00,0x00,0x00, 
	0x00,0x00,0x00,0x00, 
	0x00,0x00,0x00,0x00, 
	0x00,0x00,0x00,0x00, 
	0x00,0x00,0x00,0x00, 
	0x00,0x00,0x00,0x00, 
	0x00,0x00,0x00,0x00, 
	0x00,0x00,0x00,0x00, 
	0x00,0x00,0x00,0x00, 
	0x00,0x00,0x00,0x00, 
	0x00,0x00,0x00,0x00, 
	0x00,0x00,0x00,0x00, 
	0x00,0x00,0x00,0x00, 
	0x00,0x00,0x00,0x00, 
	0x00,0x00,0x00,0x00, 
	0x00,0x00,0x00,0x00, 
	0x00,0x00,0x00,0x00, 
	0x00,0x00,0x00,0x00, 
	0x00,0x00,0x00,0x00, 
	0x00,0x00,0x00,0x00, 
	0x00,0x00,0x00,0x00, 
	0x00,0x00,0x00,0x00, 
	0x00,0x00,0x00,0x00, 
	0x00,0x00,0x00,0x00, 
	0x00,0x00,0x00,0x00, 
	0x00,0x00,0x00,0x00, 
	0x00,0x00,0x00,0x00, 
	0x00,0x00,0x00,0x00, 
	0x00,0x00,0x00,0x00, 
	0x00,0x00,0x00,0x00, 
	0x00,0x00,0x00,0x00, 
	0x00,0x00,0x00,0x00, 
	0x00,0x00,0x00,0x00, 
	0x00,0x00,0x00,0x00, 
	0x00,0x00,0x00,0x00, 
	0x00,0x00,0x00,0x00, 
	0x00,0x00,0x00,0x00, 
	0x00,0x00,0x00,0x00, 
	0x00,0x00,0x00,0x00, 
	0x00,0x00,0x00,0x00, 
	0x00,0x00,0x00,0x00, 
	0x00,0x00,0x00,0x00, 
	0x00,0x00,0x00,0x00, 
	0x00,0x00,0x00,0x00, 
	0x00,0x00,0x00,0x00, 
	0x00,0x00,0x00,0x00, 
	0x00,0x00,0x00,0x00, 
	0x00,0x00,0x00,0x00, 
	0x00,0x00,0x00,0x00, 
	0x00,0x00,0x00,0x00, 
	0x00,0x00,0x00,0x00, 
	0x00,0x00,0x00,0x00, 
	0x00,0x00,0x00,0x00, 
	0x00,0x00,0x00,0x00, 
	0x00,0x00,0x00,0x00, 
	0x00,0x00,0x00,0x00, 
	0x00,0x00,0x00,0x00, 
	0x00,0x00,0x00,0x00, 
	0x00,0x00,0x00,0x00, 
	0x00,0x00,0x00,0x00, 
	0x00,0x00,0x00,0x00, 
	0x00,0x00,0x00,0x00, 
	0x00,0x00,0x00,0x00, 
	0x00,0x00,0x00,0x00, 
	0x00,0x00,0x00,0x00, 
	0x00,0x00,0x00,0x00, 
	0x00,0x00,0x00,0x00, 
	0x00,0x00,0x00,0x00, 
	0x00,0x00,0x00,0x00, 
	0x00,0x00,0x00,0x00, 
	0x00,0x00,0x00,0x00, 
	0x00,0x00,0x00,0x00, 
	0x00,0x00,0x00,0x00, 
	0x00,0x00,0x00,0x00, 
	0x00,0x00,0x00,0x00, 
	0x00,0x00,0x00,0x00, 
	0x00,0x00,0x00,0x00, 
	0x00,0x00,0x00,0x00, 
	0x00,0x00,0x00,0x00, 
	0x00,0x00,0x00,0x00, 
	0x00,0x00,0x00,0x00, 
	0x00,0x00,0x00,0x00, 
	0x00,0x00,0x00,0x00, 
	0x00,0x00,0x00,0x00, 
	0x00,0x00,0x00,0x00, 
	0x00,0x00,0x00,0x00, 
	0x00,0x00,0x00,0x00, 
	0x00,0x00,0x00,0x00, 
	0x00,0x00,0x00,0x00, 
	0x00,0x00,0x00,0x00, 
	0x00,0x00,0x00,0x00, 
	0x00,0x00,0x00,0x00, 
	0x00,0x00,0x00,0x00, 
	0x00,0x00,0x00,0x00, 
	0x00,0x00,0x00,0x00, 
	0x00,0x00,0x00,0x00, 
	0x00,0x00,0x00,0x00, 
	0x00,0x00,0x00,0x00, 
	0x00,0x00,0x00,0x00, 
	0x00,0x00,0x00,0x00, 
	0x00,0x00,0x00,0x00, 
	0x00,0x00,0x00,0x00, 
	0x00,0x00,0x00,0x00, 
	0x00,0x00,0x00,0x00, 
	0x00,0x00,0x00,0x00, 
	0x00,0x00,0x00,0x00, 
	0x00,0x00,0x00,0x00, 
	0x00,0x00,0x00,0x00, 
	0x00,0x00,0x00,0x00, 
	0x00,0x00,0x00,0x00, 
	0x00,0x00,0x00,0x00, 
	0x00,0x00,0x00,0x00, 
	0x00,0x00,0x00,0x00, 
	0x00,0x00,0x00,0x00, 
	0x00,0x00,0x00,0x00, 
	0x00,0x00,0x00,0x00, 
	0x00,0x00,0x00,0x00, 
	0x00,0x00,0x00,0x00, 
	0x00,0x00,0x00,0x00, 
	0x00,0x00,0x00,0x00, 
	0x00,0x00,0x00,0x00, 
	0x00,0x00,0x00,0x00, 
	0x00,0x00,0x00,0x00, 
	0x00,0x00,0x00,0x00, 
	0x00,0x00,0x00,0x00, 
	0x00,0x00,0x00,0x00, 
	0x00,0x00,0x00,0x00, 
	0x00,0x00,0x00,0x00, 
	0x00,0x00,0x00,0x00, 
	0x00,0x00,0x00,0x00, 
	0x00,0x00,0x00,0x00, 
	0x00,0x00,0x00,0x00, 
	0x00,0x00,0x00,0x00, 
	0x00,0x00,0x00,0x00, 
	0x00,0x00,0x00,0x00, 
	0x00,0x00,0x00,0x00, 
	0x00,0x00,0x00,0x00, 
	0x00,0x00,0x00,0x00, 
	0x00,0x00,0x00,0x00, 
	0x00,0x00,0x00,0x00, 
	0x00,0x00,0x00,0x00, 
	0x00,0x00,0x00,0x00, 
	0x00,0x00,0x00,0x00, 
	0x00,0x00,0x00,0x00, 
	0x00,0x00,0x00,0x00, 
	0x00,0x00,0x00,0x00, 
	0x00,0x00,0x00,0x00, 
	0x00,0x00,0x00,0x00, 
	0x00,0x00,0x00,0x00, 
	0x00,0x00,0x00,0x00, 
	0x00,0x00,0x00,0x00, 
	0x00,0x00,0x00,0x00, 
	0x00,0x00,0x00,0x00, 
	0x00,0x00,0x00,0x00, 
	0x00,0x00,0x00,0x00, 
	0x00,0x00,0x00,0x00, 
	0x00,0x00,0x00,0x00, 
	0x00,0x00,0x00,0x00, 
	0x00,0x00,0x00,0x00, 
	0x00,0x00,0x00,0x00, 
	0x00,0x00,0x00,0x00, 
	0x00,0x00,0x00,0x00, 
	0x00,0x00,0x00,0x00, 
	0x00,0x00,0x00,0x00, 
	0x00,0x00,0x00,0x00, 
	0x00,0x00,0x00,0x00, 
	0x00,0x00,0x00,0x00, 
	0x00,0x00,0x00,0x00, 
	0x00,0x00,0x00,0x00, 
	0x00,0x00,0x00,0x00, 
	0x00,0x00,0x00,0x00, 
	0x00,0x00,0x00,0x00, 
	0x00,0x00,0x00,0x00, 
	0x00,0x00,0x00,0x00, 
	0x00,0x00,0x00,0x00, 
	0x00,0x00,0x00,0x00, 
	0x00,0x00,0x00,0x00, 
	0x00,0x00,0x00,0x00, 
	0x00,0x00,0x00,0x00, 
	0x00,0x00,0x00,0x00, 
	0x00,0x00,0x00,0x00, 
	0x00,0x00,0x00,0x00, 
	0x00,0x00,0x00,0x00, 
	0x00,0x00,0x00,0x00, 
	0x00,0x00,0x00,0x00, 
	0x00,0x00,0x00,0x00, 
	0x00,0x00,0x00,0x00, 
	0x00,0x00,0x00,0x00, 
	0x00,0x00,0x00,0x00, 
	0x00,0x00,0x00,0x00, 
	0x00,0x00,0x00,0x00, 
	0x00,0x00,0x00,0x00, 
	0x00,0x00,0x00,0x00, 
	0x00,0x00,0x00,0x00, 
	0x00,0x00,0x00,0x00, 
	0x00,0x00,0x00,0x00, 
	0x00,0x00,0x00,0x00, 
	0x00,0x00,0x00,0x00, 
	0x00,0x00,0x00,0x00, 
	0x00,0x00,0x00,0x00, 
	0x00,0x00,0x00,0x00, 
	0x00,0x00,0x00,0x00, 
	0x00,0x00,0x00,0x00, 
	0x00,0x00,0x00,0x00, 
	0x00,0x00,0x00,0x00, 
	0x00,0x00,0x00,0x00, 
	0x00,0x00,0x00,0x00, 
	0x00,0x00,0x00,0x00, 
	0x00,0x00,0x00,0x00, 
	0x00,0x00,0x00,0x00, 
	0x00,0x00,0x00,0x00, 
	0x00,0x00,0x00,0x00, 
	0x00,0x00,0x00,0x00, 
	0x00,0x00,0x00,0x00, 
	0x00,0x00,0x00,0x00, 
	0x00,0x00,0x00,0x00, 
	0x00,0x00,0x00,0x00, 
	0x00,0x00,0x00,0x00, 
	0x00,0x00,0x00,0x00, 
	0x00,0x00,0x00,0x00, 
	0x00,0x00,0x00,0x00, 
	0x00,0x00,0x00,0x00, 
	0x00,0x00,0x00,0x00, 
	0x00,0x00,0x00,0x00, 
	0x00,0x00,0x00,0x00, 
	0x00,0x00,0x00,0x00, 
	0x00,0x00,0x00,0x00, 
	0x00,0x00,0x00,0x00, 
	0x00,0x00,0x00,0x00, 
	0x00,0x00,0x00,0x00, 
	0x00,0x00,0x00,0x00, 
	0x00,0x00,0x00,0x00, 
	0x00,0x00,0x00,0x00, 
	0x00,0x00,0x00,0x00, 
	0x00,0x00,0x00,0x00, 
	0x00,0x00,0x00,0x00, 
	0x00,0x00,0x00,0x00, 
	0x00,0x00,0x00,0x00, 
	0x00,0x00,0x00,0x00, 
	0x00,0x00,0x00,0x00, 
	0x00,0x00,0x00,0x00, 
	0x00,0x00,0x00,0x00, 
	0x00,0x00,0x00,0x00, 
	0x00,0x00,0x00,0x00, 
	0x00,0x00,0x00,0x00, 
	0x00,0x00,0x00,0x00, 
	0x00,0x00,0x00,0x00, 
	0x00,0x00,0x00,0x00, 
	0x00,0x00,0x00,0x00, 
	0x00,0x00,0x00,0x00, 
	0x00,0x00,0x00,0x00, 
	0x00,0x00,0x00,0x00, 
	0x00,0x00,0x00,0x00, 
	0x00,0x00,0x00,0x00, 
	0x00,0x00,0x00,0x00, 
	0x00,0x00,0x00,0x00, 
	0x00,0x00,0x00,0x00, 
	0x00,0x00,0x00,0x00, 
	0x00,0x00,0x00,0x00, 
	0x00,0x00,0x00,0x00, 
	0x00,0x00,0x00,0x00, 
	0x00,0x00,0x00,0x00, 
	0x00,0x00,0x00,0x00, 
	0x00,0x00,0x00,0x00, 
	0x00,0x00,0x00,0x00, 
	0x00,0x00,0x00,0x00, 
	0x00,0x00,0x00,0x00, 
	0x00,0x00,0x00,0x00, 
	0x00,0x00,0x00,0x00, 
	0x00,0x00,0x00,0x00, 
	0x00,0x00,0x00,0x00, 
	0x00,0x00,0x00,0x00, 
	0x00,0x00,0x00,0x00, 
	0x00,0x00,0x00,0x00, 
	0x00,0x00,0x00,0x00, 
	0x00,0x00,0x00,0x00, 
	0x00,0x00,0x00,0x00, 
	0x00,0x00,0x00,0x00, 
	0x00,0x00,0x00,0x00, 
	0x00,0x00,0x00,0x00, 
	0x00,0x00,0x00,0x00, 
	0x00,0x00,0x00,0x00, 
	0x00,0x00,0x00,0x00, 
	0x00,0x00,0x00,0x00, 
	0x00,0x00,0x00,0x00, 
	0x00,0x00,0x00,0x00, 
	0x00,0x00,0x00,0x00, 
	0x00,0x00,0x00,0x00, 
	0x00,0x00,0x00,0x00, 
	0x00,0x00,0x00,0x00, 
	0x00,0x00,0x00,0x00, 
	0x00,0x00,0x00,0x00, 
	0x00,0x00,0x00,0x00, 
	0x00,0x00,0x00,0x00, 
	0x00,0x00,0x00,0x00, 
	0x00,0x00,0x00,0x00, 
	0x00,0x00,0x00,0x00, 
	0x00,0x00,0x00,0x00, 
	0x00,0x00,0x00,0x00, 
	0x00,0x00,0x00,0x00, 
	0x00,0x00,0x00,0x00, 
	0x00,0x00,0x00,0x00, 
	0x00,0x00,0x00,0x00, 
	0x00,0x00,0x00,0x00, 
	0x00,0x00,0x00,0x00, 
	0x00,0x00,0x00,0x00, 
	0x00,0x00,0x00,0x00, 
	0x00,0x00,0x00,0x00, 
	0x00,0x00,0x00,0x00, 
	0x00,0x00,0x00,0x00, 
	0x00,0x00,0x00,0x00, 
	0x00,0x00,0x00,0x00, 
	0x00,0x00,0x00,0x00, 
	0x00,0x00,0x00,0x00, 
	0x00,0x00,0x00,0x00, 
	0x00,0x00,0x00,0x00, 
	0x00,0x00,0x00,0x00, 
	0x00,0x00,0x00,0x00, 
	0x00,0x00,0x00,0x00, 
	0x00,0x00,0x00,0x00, 
	0x00,0x00,0x00,0x00, 
	0x00,0x00,0x00,0x00, 
	0x00,0x00,0x00,0x00, 
	0x00,0x00,0x00,0x00, 
	0x00,0x00,0x00,0x00, 
	0x00,0x00,0x00,0x00, 
	0x00,0x00,0x00,0x00, 
	0x00,0x00,0x00,0x00, 
	0x00,0x00,0x00,0x00, 
	0x00,0x00,0x00,0x00, 
	0x00,0x00,0x00,0x00, 
	0x00,0x00,0x00,0x00, 
	0x00,0x00,0x00,0x00, 
	0x00,0x00,0x00,0x00, 
	0x00,0x00,0x00,0x00, 
	0x00,0x00,0x00,0x00, 
	0x00,0x00,0x00,0x00, 
	0x00,0x00,0x00,0x00, 
	0x00,0x00,0x00,0x00, 
	0x00,0x00,0x00,0x00, 
	0x00,0x00,0x00,0x00, 
	0x00,0x00,0x00,0x00, 
	0x00,0x00,0x00,0x00, 
	0x00,0x00,0x00,0x00, 
	0x00,0x00,0x00,0x00, 
	0x00,0x00,0x00,0x00, 
	0x00,0x00,0x00,0x00, 
	0x00,0x00,0x00,0x00, 
	0x00,0x00,0x00,0x00, 
	0x00,0x00,0x00,0x00, 
	0x00,0x00,0x00,0x00, 
	0x00,0x00,0x00,0x00, 
	0x00,0x00,0x00,0x00, 
	0x00,0x00,0x00,0x00, 
	0x00,0x00,0x00,0x00, 
	0x00,0x00,0x00,0x00, 
	0x00,0x00,0x00,0x00, 
	0x00,0x00,0x00,0x00, 
	0x00,0x00,0x00,0x00, 
	0x00,0x00,0x00,0x00, 
	0x00,0x00,0x00,0x00, 
	0x00,0x00,0x00,0x00, 
	0x00,0x00,0x00,0x00, 
	0x00,0x00,0x00,0x00, 
	0x00,0x00,0x00,0x00, 
	0x00,0x00,0x00,0x00, 
	0x00,0x00,0x00,0x00, 
	0x00,0x00,0x00,0x00, 
	0x00,0x00,0x00,0x00, 
	0x00,0x00,0x00,0x00, 
	0x00,0x00,0x00,0x00, 
	0x00,0x00,0x00,0x00, 
	0x00,0x00,0x00,0x00, 
	0x00,0x00,0x00,0x00, 
	0x00,0x00,0x00,0x00, 
	0x00,0x00,0x00,0x00, 
	0x00,0x00,0x00,0x00, 
	0x00,0x00,0x00,0x00, 
	0x00,0x00,0x00,0x00, 
	0x00,0x00,0x00,0x00, 
	0x00,0x00,0x00,0x00, 
	0x00,0x00,0x00,0x00, 
	0x00,0x00,0x00,0x00, 
	0x00,0x00,0x00,0x00, 
	0x00,0x00,0x00,0x00, 
	0x00,0x00,0x00,0x00, 
	0x00,0x00,0x00,0x00, 
	0x00,0x00,0x00,0x00, 
	0x00,0x00,0x00,0x00, 
	0x00,0x00,0x00,0x00, 
	0x00,0x00,0x00,0x00, 
	0x00,0x00,0x00,0x00, 
	0x00,0x00,0x00,0x00, 
	0x00,0x00,0x00,0x00, 
	0x00,0x00,0x00,0x00, 
	0x00,0x00,0x00,0x00, 
	0x00,0x00,0x00,0x00, 
	0x00,0x00,0x00,0x00, 
	0x00,0x00,0x00,0x00, 
	0x00,0x00,0x00,0x00, 
	0x00,0x00,0x00,0x00, 
	0x00,0x00,0x00,0x00, 
	0x00,0x00,0x00,0x00, 
	0x00,0x00,0x00,0x00, 
	0x00,0x00,0x00,0x00, 
	0x00,0x00,0x00,0x00, 
	0x00,0x00,0x00,0x00, 
	0x00,0x00,0x00,0x00, 
	0x00,0x00,0x00,0x00, 
	0x00,0x00,0x00,0x00, 
	0x00,0x00,0x00,0x00, 
	0x00,0x00,0x00,0x00, 
	0x00,0x00,0x00,0x00, 
	0x00,0x00,0x00,0x00, 
	0x00,0x00,0x00,0x00, 
	0x00,0x00,0x00,0x00, 
	0x00,0x00,0x00,0x00, 
	0x00,0x00,0x00,0x00, 
	0x00,0x00,0x00,0x00, 
	0x00,0x00,0x00,0x00, 
	0x00,0x00,0x00,0x00, 
	0x00,0x00,0x00,0x00, 
	0x00,0x00,0x00,0x00, 
	0x00,0x00,0x00,0x00, 
	0x00,0x00,0x00,0x00, 
	0x00,0x00,0x00,0x00, 
	0x00,0x00,0x00,0x00, 
	0x00,0x00,0x00,0x00, 
	0x00,0x00,0x00,0x00, 
	0x00,0x00,0x00,0x00, 
	0x00,0x00,0x00,0x00, 
	0x00,0x00,0x00,0x00, 
	0x00,0x00,0x00,0x00, 
	0x00,0x00,0x00,0x00, 
	0x00,0x00,0x00,0x00, 
	0x00,0x00,0x00,0x00, 
	0x00,0x00,0x00,0x00, 
	0x00,0x00,0x00,0x00, 
	0x00,0x00,0x00,0x00, 
	0x00,0x00,0x00,0x00, 
	0x00,0x00,0x00,0x00, 
	0x00,0x00,0x00,0x00, 
	0x00,0x00,0x00,0x00, 
	0x00,0x00,0x00,0x00, 
	0x00,0x00,0x00,0x00, 
	0x00,0x00,0x00,0x00, 
	0x00,0x00,0x00,0x00, 
	0x00,0x00,0x00,0x00, 
	0x00,0x00,0x00,0x00, 
	0x00,0x00,0x00,0x00, 
	0x00,0x00,0x00,0x00, 
	0x00,0x00,0x00,0x00, 
	0x00,0x00,0x00,0x00, 
	0x00,0x00,0x00,0x00, 
	0x00,0x00,0x00,0x00, 
	0x00,0x00,0x00,0x00, 
	0x00,0x00,0x00,0x00, 
	0x00,0x00,0x00,0x00, 
	0x00,0x00,0x00,0x00, 
	0x00,0x00,0x00,0x00, 
	0x00,0x00,0x00,0x00, 
	0x00,0x00,0x00,0x00, 
	0x00,0x00,0x00,0x00, 
	0x00,0x00,0x00,0x00, 
	0x00,0x00,0x00,0x00, 
	0x00,0x00,0x00,0x00, 
	0x00,0x00,0x00,0x00, 
	0x00,0x00,0x00,0x00, 
	0x00,0x00,0x00,0x00, 
	0x00,0x00,0x00,0x00, 
	0x00,0x00,0x00,0x00, 
	0x00,0x00,0x00,0x00, 
	0x00,0x00,0x00,0x00, 
	0x00,0x00,0x00,0x00, 
	0x00,0x00,0x00,0x00, 
	0x00,0x00,0x00,0x00, 
	0x00,0x00,0x00,0x00, 
	0x00,0x00,0x00,0x00, 
	0x00,0x00,0x00,0x00, 
	0x00,0x00,0x00,0x00, 
	0x00,0x00,0x00,0x00, 
	0x00,0x00,0x00,0x00, 
	0x00,0x00,0x00,0x00, 
	0x00,0x00,0x00,0x00, 
	0x00,0x00,0x00,0x00, 
	0x00,0x00,0x00,0x00, 
	0x00,0x00,0x00,0x00, 
	0x00,0x00,0x00,0x00, 
	0x00,0x00,0x00,0x00, 
	0x00,0x00,0x00,0x00, 
	0x00,0x00,0x00,0x00, 
	0x00,0x00,0x00,0x00, 
	0x00,0x00,0x00,0x00, 
	0x00,0x00,0x00,0x00, 
	0x00,0x00,0x00,0x00, 
	0x00,0x00,0x00,0x00, 
	0x00,0x00,0x00,0x00, 
	0x00,0x00,0x00,0x00, 
	0x00,0x00,0x00,0x00, 
	0x00,0x00,0x00,0x00, 
	0x00,0x00,0x00,0x00, 
	0x00,0x00,0x00,0x00, 
	0x00,0x00,0x00,0x00, 
	0x00,0x00,0x00,0x00, 
	0x00,0x00,0x00,0x00, 
	0x00,0x00,0x00,0x00, 
	0x00,0x00,0x00,0x00, 
	0x00,0x00,0x00,0x00, 
	0x00,0x00,0x00,0x00, 
	0x00,0x00,0x00,0x00, 
	0x00,0x00,0x00,0x00, 
	0x00,0x00,0x00,0x00, 
	0x00,0x00,0x00,0x00, 
	0x00,0x00,0x00,0x00, 
	0x00,0x00,0x00,0x00, 
	0x00,0x00,0x00,0x00, 
	0x00,0x00,0x00,0x00, 
	0x00,0x00,0x00,0x00, 
	0x00,0x00,0x00,0x00, 
	0x00,0x00,0x00,0x00, 
	0x00,0x00,0x00,0x00, 
	0x00,0x00,0x00,0x00, 
	0x00,0x00,0x00,0x00, 
	0x00,0x00,0x00,0x00, 
	0x00,0x00,0x00,0x00, 
	0x00,0x00,0x00,0x00, 
	0x00,0x00,0x00,0x00, 
	0x00,0x00,0x00,0x00, 
	0x00,0x00,0x00,0x00, 
	0x00,0x00,0x00,0x00, 
	0x00,0x00,0x00,0x00, 
	0x00,0x00,0x00,0x00, 
	0x00,0x00,0x00,0x00, 
	0x00,0x00,0x00,0x00, 
	0x00,0x00,0x00,0x00, 
	0x00,0x00,0x00,0x00, 
	0x00,0x00,0x00,0x00, 
	0x00,0x00,0x00,0x00, 
	0x00,0x00,0x00,0x00, 
	0x00,0x00,0x00,0x00, 
	0x00,0x00,0x00,0x00, 
	0x00,0x00,0x00,0x00, 
	0x00,0x00,0x00,0x00, 
	0x00,0x00,0x00,0x00, 
	0x00,0x00,0x00,0x00, 
	0x00,0x00,0x00,0x00, 
	0x00,0x00,0x00,0x00, 
	0x00,0x00,0x00,0x00, 
	0x00,0x00,0x00,0x00, 
	0x00,0x00,0x00,0x00, 
	0x00,0x00,0x00,0x00, 
	0x00,0x00,0x00,0x00, 
	0x00,0x00,0x00,0x00, 
	0x00,0x00,0x00,0x00, 
	0x00,0x00,0x00,0x00, 
	0x00,0x00,0x00,0x00, 
	0x00,0x00,0x00,0x00, 
	0x00,0x00,0x00,0x00, 
	0x00,0x00,0x00,0x00, 
	0x00,0x00,0x00,0x00, 
	0x00,0x00,0x00,0x00, 
	0x00,0x00,0x00,0x00, 
	0x00,0x00,0x00,0x00, 
	0x00,0x00,0x00,0x00, 
	0x00,0x00,0x00,0x00, 
	0x00,0x00,0x00,0x00, 
	0x00,0x00,0x00,0x00, 
	0x00,0x00,0x00,0x00, 
	0x00,0x00,0x00,0x00, 
	0x00,0x00,0x00,0x00, 
	0x00,0x00,0x00,0x00, 
	0x00,0x00,0x00,0x00, 
	0x00,0x00,0x00,0x00, 
	0x00,0x00,0x00,0x00, 
	0x00,0x00,0x00,0x00, 
	0x00,0x00,0x00,0x00, 
	0x00,0x00,0x00,0x00, 
	0x00,0x00,0x00,0x00, 
	0x00,0x00,0x00,0x00, 
	0x00,0x00,0x00,0x00, 
	0x00,0x00,0x00,0x00, 
	0x00,0x00,0x00,0x00, 
	0x00,0x00,0x00,0x00, 
	0x00,0x00,0x00,0x00, 
	0x00,0x00,0x00,0x00, 
	0x00,0x00,0x00,0x00, 
	0x00,0x00,0x00,0x00, 
	0x00,0x00,0x00,0x00, 
	0x00,0x00,0x00,0x00, 
	0x00,0x00,0x00,0x00, 
	0x00,0x00,0x00,0x00, 
	0x00,0x00,0x00,0x00, 
	0x00,0x00,0x00,0x00, 
	0x00,0x00,0x00,0x00, 
	0x00,0x00,0x00,0x00, 
	0x00,0x00,0x00,0x00, 
	0x00,0x00,0x00,0x00, 
	0x00,0x00,0x00,0x00, 
	0x00,0x00,0x00,0x00, 
	0x00,0x00,0x00,0x00, 
	0x00,0x00,0x00,0x00, 
	0x00,0x00,0x00,0x00, 
	0x00,0x00,0x00,0x00, 
	0x00,0x00,0x00,0x00, 
	0x00,0x00,0x00,0x00, 
	0x00,0x00,0x00,0x00, 
	0x00,0x00,0x00,0x00, 
	0x00,0x00,0x00,0x00, 
	0x00,0x00,0x00,0x00, 
	0x00,0x00,0x00,0x00, 
	0x00,0x00,0x00,0x00, 
	0x00,0x00,0x00,0x00, 
	0x00,0x00,0x00,0x00, 
	0x00,0x00,0x00,0x00, 
	0x00,0x00,0x00,0x00, 
	0x00,0x00,0x00,0x00, 
	0x00,0x00,0x00,0x00, 
	0x00,0x00,0x00,0x00, 
	0x00,0x00,0x00,0x00, 
	0x00,0x00,0x00,0x00, 
	0x00,0x00,0x00,0x00, 
	0x00,0x00,0x00,0x00, 
	0x00,0x00,0x00,0x00, 
	0x00,0x00,0x00,0x00, 
	0x00,0x00,0x00,0x00, 
	0x00,0x00,0x00,0x00, 
	0x00,0x00,0x00,0x00, 
	0x00,0x00,0x00,0x00, 
	0x00,0x00,0x00,0x00, 
	0x00,0x00,0x00,0x00, 
	0x00,0x00,0x00,0x00, 
	0x00,0x00,0x00,0x00, 
	0x00,0x00,0x00,0x00, 
	0x00,0x00,0x00,0x00, 
	0x00,0x00,0x00,0x00, 
	0x00,0x00,0x00,0x00, 
	0x00,0x00,0x00,0x00, 
	0x00,0x00,0x00,0x00, 
	0x00,0x00,0x00,0x00, 
	0x00,0x00,0x00,0x00, 
	0x00,0x00,0x00,0x00, 
	0x00,0x00,0x00,0x00, 
	0x00,0x00,0x00,0x00, 
	0x00,0x00,0x00,0x00, 
	0x00,0x00,0x00,0x00, 
	0x00,0x00,0x00,0x00, 
	0x00,0x00,0x00,0x00, 
	0x00,0x00,0x00,0x00, 
	0x00,0x00,0x00,0x00, 
	0x00,0x00,0x00,0x00, 
	0x00,0x00,0x00,0x00, 
	0x00,0x00,0x00,0x00, 
	0x00,0x00,0x00,0x00, 
	0x00,0x00,0x00,0x00, 
	0x00,0x00,0x00,0x00, 
	0x00,0x00,0x00,0x00, 
	0x00,0x00,0x00,0x00, 
	0x00,0x00,0x00,0x00, 
	0x00,0x00,0x00,0x00, 
	0x00,0x00,0x00,0x00, 
	0x00,0x00,0x00,0x00, 
	0x00,0x00,0x00,0x00, 
	0x00,0x00,0x00,0x00, 
	0x00,0x00,0x00,0x00, 
	0x00,0x00,0x00,0x00, 
	0x00,0x00,0x00,0x00, 
	0x00,0x00,0x00,0x00, 
	0x00,0x00,0x00,0x00, 
	0x00,0x00,0x00,0x00, 
	0x00,0x00,0x00,0x00, 
	0x00,0x00,0x00,0x00, 
	0x00,0x00,0x00,0x00, 
	0x00,0x00,0x00,0x00, 
	0x00,0x00,0x00,0x00, 
	0x00,0x00,0x00,0x00, 
	0x00,0x00,0x00,0x00, 
	0x00,0x00,0x00,0x00, 
	0x00,0x00,0x00,0x00, 
	0x00,0x00,0x00,0x00, 
	0x00,0x00,0x00,0x00, 
	0x00,0x00,0x00,0x00, 
	0x00,0x00,0x00,0x00, 
	0x00,0x00,0x00,0x00, 
	0x00,0x00,0x00,0x00, 
	0x00,0x00,0x00,0x00, 
	0x00,0x00,0x00,0x00, 
	0x00,0x00,0x00,0x00, 
	0x00,0x00,0x00,0x00, 
	0x00,0x00,0x00,0x00, 
	0x00,0x00,0x00,0x00, 
	0x00,0x00,0x00,0x00, 
	0x00,0x00,0x00,0x00, 
	0x00,0x00,0x00,0x00, 
	0x00,0x00,0x00,0x00, 
	0x00,0x00,0x00,0x00, 
	0x00,0x00,0x00,0x00, 
	0x00,0x00,0x00,0x00, 
	0x00,0x00,0x00,0x00, 
	0x00,0x00,0x00,0x00, 
	0x00,0x00,0x00,0x00, 
	0x00,0x00,0x00,0x00, 
	0x00,0x00,0x00,0x00, 
	0x00,0x00,0x00,0x00, 
	0x00,0x00,0x00,0x00, 
	0x00,0x00,0x00,0x00, 
	0x00,0x00,0x00,0x00, 
	0x00,0x00,0x00,0x00, 
	0x00,0x00,0x00,0x00, 
	0x00,0x00,0x00,0x00, 
	0x00,0x00,0x00,0x00, 
	0x00,0x00,0x00,0x00, 
	0x00,0x00,0x00,0x00, 
	0x00,0x00,0x00,0x00, 
	0x00,0x00,0x00,0x00, 
	0x00,0x00,0x00,0x00, 
	0x00,0x00,0x00,0x00, 
	0x00,0x00,0x00,0x00, 
	0x00,0x00,0x00,0x00, 
	0x00,0x00,0x00,0x00, 
	0x00,0x00,0x00,0x00, 
	0x00,0x00,0x00,0x00, 
	0x00,0x00,0x00,0x00, 
	0x00,0x00,0x00,0x00, 
	0x00,0x00,0x00,0x00, 
	0x00,0x00,0x00,0x00, 
	0x00,0x00,0x00,0x00, 
	0x00,0x00,0x00,0x00, 
	0x00,0x00,0x00,0x00, 
	0x00,0x00,0x00,0x00, 
	0x00,0x00,0x00,0x00, 
	0x00,0x00,0x00,0x00, 
	0x00,0x00,0x00,0x00, 
	0x00,0x00,0x00,0x00, 
	0x00,0x00,0x00,0x00, 
	0x00,0x00,0x00,0x00, 
	0x00,0x00,0x00,0x00, 
	0x00,0x00,0x00,0x00, 
	0x00,0x00,0x00,0x00, 
	0x00,0x00,0x00,0x00, 
	0x00,0x00,0x00,0x00, 
	0x00,0x00,0x00,0x00, 
	0x00,0x00,0x00,0x00, 
	0x00,0x00,0x00,0x00, 
	0x00,0x00,0x00,0x00, 
	0x00,0x00,0x00,0x00, 
	0x00,0x00,0x00,0x00, 
	0x00,0x00,0x00,0x00, 
	0x00,0x00,0x00,0x00, 
	0x00,0x00,0x00,0x00, 
	0x00,0x00,0x00,0x00, 
	0x00,0x00,0x00,0x00, 
	0x00,0x00,0x00,0x00, 
	0x00,0x00,0x00,0x00, 
	0x00,0x00,0x00,0x00, 
	0x00,0x00,0x00,0x00, 
	0x00,0x00,0x00,0x00, 
	0x00,0x00,0x00,0x00, 
	0x00,0x00,0x00,0x00, 
	0x00,0x00,0x00,0x00, 
	0x00,0x00,0x00,0x00, 
	0x00,0x00,0x00,0x00, 
	0x00,0x00,0x00,0x00, 
	0x00,0x00,0x00,0x00, 
	0x00,0x00,0x00,0x00, 
	0x00,0x00,0x00,0x00, 
	0x00,0x00,0x00,0x00, 
	0x00,0x00,0x00,0x00, 
	0x00,0x00,0x00,0x00, 
	0x00,0x00,0x00,0x00, 
	0x00,0x00,0x00,0x00, 
	0x00,0x00,0x00,0x00, 
	0x00,0x00,0x00,0x00, 
	0x00,0x00,0x00,0x00, 
	0x00,0x00,0x00,0x00, 
	0x00,0x00,0x00,0x00, 
	0x00,0x00,0x00,0x00, 
	0x00,0x00,0x00,0x00, 
	0x00,0x00,0x00,0x00, 
	0x00,0x00,0x00,0x00, 
	0x00,0x00,0x00,0x00, 
	0x00,0x00,0x00,0x00, 
	0x00,0x00,0x00,0x00, 
	0x00,0x00,0x00,0x00, 
	0x00,0x00,0x00,0x00, 
	0x00,0x00,0x00,0x00, 
	0x00,0x00,0x00,0x00, 
	0x00,0x00,0x00,0x00, 
	0x00,0x00,0x00,0x00, 
	0x00,0x00,0x00,0x00, 
	0x00,0x00,0x00,0x00, 
	0x00,0x00,0x00,0x00, 
	0x00,0x00,0x00,0x00, 
	0x00,0x00,0x00,0x00, 
	0x00,0x00,0x00,0x00, 
	0x00,0x00,0x00,0x00, 
	0x00,0x00,0x00,0x00, 
	0x00,0x00,0x00,0x00, 
	0x00,0x00,0x00,0x00, 
	0x00,0x00,0x00,0x00, 
	0x00,0x00,0x00,0x00, 
	0x00,0x00,0x00,0x00, 
	0x00,0x00,0x00,0x00, 
	0x00,0x00,0x00,0x00, 
	0x00,0x00,0x00,0x00, 
	0x00,0x00,0x00,0x00, 
	0x00,0x00,0x00,0x00, 
	0x00,0x00,0x00,0x00, 
	0x00,0x00,0x00,0x00, 
	0x00,0x00,0x00,0x00, 
	0x00,0x00,0x00,0x00, 
	0x00,0x00,0x00,0x00, 
	0x00,0x00,0x00,0x00, 
	0x00,0x00,0x00,0x00, 
	0x00,0x00,0x00,0x00, 
	0x00,0x00,0x00,0x00, 
	0x00,0x00,0x00,0x00, 
	0x00,0x00,0x00,0x00, 
	0x00,0x00,0x00,0x00, 
	0x00,0x00,0x00,0x00, 
	0x00,0x00,0x00,0x00, 
	0x00,0x00,0x00,0x00, 
	0x00,0x00,0x00,0x00, 
	0x00,0x00,0x00,0x00, 
	0x00,0x00,0x00,0x00, 
	0x00,0x00,0x00,0x00, 
	0x00,0x00,0x00,0x00, 
	0x00,0x00,0x00,0x00, 
	0x00,0x00,0x00,0x00, 
	0x00,0x00,0x00,0x00, 
	0x00,0x00,0x00,0x00, 
	0x00,0x00,0x00,0x00, 
	0x00,0x00,0x00,0x00, 
	0x00,0x00,0x00,0x00, 
	0x00,0x00,0x00,0x00, 
	0x00,0x00,0x00,0x00, 
	0x00,0x00,0x00,0x00, 
	0x00,0x00,0x00,0x00, 
	0x00,0x00,0x00,0x00, 
	0x00,0x00,0x00,0x00, 
	0x00,0x00,0x00,0x00, 
	0x00,0x00,0x00,0x00, 
	0x00,0x00,0x00,0x00, 
	0x00,0x00,0x00,0x00, 
	0x00,0x00,0x00,0x00, 
	0x00,0x00,0x00,0x00, 
	0x00,0x00,0x00,0x00, 
	0x00,0x00,0x00,0x00, 
	0x00,0x00,0x00,0x00, 
	0x00,0x00,0x00,0x00, 
	0x00,0x00,0x00,0x00, 
	0x00,0x00,0x00,0x00, 
	0x00,0x00,0x00,0x00, 
	0x00,0x00,0x00,0x00, 
	0x00,0x00,0x00,0x00, 
	0x00,0x00,0x00,0x00, 
	0x00,0x00,0x00,0x00, 
	0x00,0x00,0x00,0x00, 
	0x00,0x00,0x00,0x00, 
	0x00,0x00,0x00,0x00, 
	0x00,0x00,0x00,0x00, 
	0x00,0x00,0x00,0x00, 
	0x00,0x00,0x00,0x00, 
	0x00,0x00,0x00,0x00, 
	0x00,0x00,0x00,0x00, 
	0x00,0x00,0x00,0x00, 
	0x00,0x00,0x00,0x00, 
	0x00,0x00,0x00,0x00, 
	0x00,0x00,0x00,0x00, 
	0x00,0x00,0x00,0x00, 
	0x00,0x00,0x00,0x00, 
	0x00,0x00,0x00,0x00, 
	0x00,0x00,0x00,0x00, 
	0x00,0x00,0x00,0x00, 
	0x00,0x00,0x00,0x00, 
	0x00,0x00,0x00,0x00, 
	0x00,0x00,0x00,0x00, 
	0x00,0x00,0x00,0x00, 
	0x00,0x00,0x00,0x00, 
	0x00,0x00,0x00,0x00, 
	0x00,0x00,0x00,0x00, 
	0x00,0x00,0x00,0x00, 
	0x00,0x00,0x00,0x00, 
	0x00,0x00,0x00,0x00, 
	0x00,0x00,0x00,0x00, 
	0x00,0x00,0x00,0x00, 
	0x00,0x00,0x00,0x00, 
	0x00,0x00,0x00,0x00, 
	0x00,0x00,0x00,0x00, 
	0x00,0x00,0x00,0x00, 
	0x00,0x00,0x00,0x00, 
	0x00,0x00,0x00,0x00, 
	0x00,0x00,0x00,0x00, 
	0x00,0x00,0x00,0x00, 
	0x00,0x00,0x00,0x00, 
	0x00,0x00,0x00,0x00, 
	0x00,0x00,0x00,0x00, 
	0x00,0x00,0x00,0x00, 
	0x00,0x00,0x00,0x00, 
	0x00,0x00,0x00,0x00, 
	0x00,0x00,0x00,0x00, 
	0x00,0x00,0x00,0x00, 
	0x00,0x00,0x00,0x00, 
	0x00,0x00,0x00,0x00, 
	0x00,0x00,0x00,0x00, 
	0x00,0x00,0x00,0x00, 
	0x00,0x00,0x00,0x00, 
	0x00,0x00,0x00,0x00, 
	0x00,0x00,0x00,0x00, 
	0x00,0x00,0x00,0x00, 
	0x00,0x00,0x00,0x00, 
	0x00,0x00,0x00,0x00, 
	0x00,0x00,0x00,0x00, 
	0x00,0x00,0x00,0x00, 
	0x00,0x00,0x00,0x00, 
	0x00,0x00,0x00,0x00, 
	0x00,0x00,0x00,0x00, 
	0x00,0x00,0x00,0x00, 
	0x00,0x00,0x00,0x00, 
	0x00,0x00,0x00,0x00, 
	0x00,0x00,0x00,0x00, 
	0x00,0x00,0x00,0x00, 
	0x00,0x00,0x00,0x00, 
	0x00,0x00,0x00,0x00, 
	0x00,0x00,0x00,0x00, 
	0x00,0x00,0x00,0x00, 
	0x00,0x00,0x00,0x00, 
	0x00,0x00,0x00,0x00, 
	0x00,0x00,0x00,0x00, 
	0x00,0x00,0x00,0x00, 
	0x00,0x00,0x00,0x00, 
	0x00,0x00,0x00,0x00, 
	0x00,0x00,0x00,0x00, 
	0x00,0x00,0x00,0x00, 
	0x00,0x00,0x00,0x00, 
	0x00,0x00,0x00,0x00, 
	0x00,0x00,0x00,0x00, 
	0x00,0x00,0x00,0x00, 
	0x00,0x00,0x00,0x00, 
	0x00,0x00,0x00,0x00, 
	0x00,0x00,0x00,0x00, 
	0x00,0x00,0x00,0x00, 
	0x00,0x00,0x00,0x00, 
	0x00,0x00,0x00,0x00, 
	0x00,0x00,0x00,0x00, 
	0x00,0x00,0x00,0x00, 
	0x00,0x00,0x00,0x00, 
	0x00,0x00,0x00,0x00, 
	0x00,0x00,0x00,0x00, 
	0x00,0x00,0x00,0x00, 
	0x00,0x00,0x00,0x00, 
	0x00,0x00,0x00,0x00, 
	0x00,0x00,0x00,0x00, 
	0x00,0x00,0x00,0x00, 
	0x00,0x00,0x00,0x00, 
	0x00,0x00,0x00,0x00, 
	0x00,0x00,0x00,0x00, 
	0x00,0x00,0x00,0x00, 
	0x00,0x00,0x00,0x00, 
	0x00,0x00,0x00,0x00, 
	0x00,0x00,0x00,0x00, 
	0x00,0x00,0x00,0x00, 
	0x00,0x00,0x00,0x00, 
	0x00,0x00,0x00,0x00, 
	0x00,0x00,0x00,0x00, 
	0x00,0x00,0x00,0x00, 
	0x00,0x00,0x00,0x00, 
	0x00,0x00,0x00,0x00, 
	0x00,0x00,0x00,0x00, 
	0x00,0x00,0x00,0x00, 
	0x00,0x00,0x00,0x00, 
	0x00,0x00,0x00,0x00, 
	0x00,0x00,0x00,0x00, 
	0x00,0x00,0x00,0x00, 
	0x00,0x00,0x00,0x00, 
	0x00,0x00,0x00,0x00, 
	0x00,0x00,0x00,0x00, 
	0x00,0x00,0x00,0x00, 
	0x00,0x00,0x00,0x00, 
	0x00,0x00,0x00,0x00, 
	0x00,0x00,0x00,0x00, 
	0x00,0x00,0x00,0x00, 
	0x00,0x00,0x00,0x00, 
	0x00,0x00,0x00,0x00, 
	0x00,0x00,0x00,0x00, 
	0x00,0x00,0x00,0x00, 
	0x00,0x00,0x00,0x00, 
	0x00,0x00,0x00,0x00, 
	0x00,0x00,0x00,0x00, 
	0x00,0x00,0x00,0x00, 
	0x00,0x00,0x00,0x00, 
	0x00,0x00,0x00,0x00, 
	0x00,0x00,0x00,0x00, 
	0x00,0x00,0x00,0x00, 
	0x00,0x00,0x00,0x00, 
	0x00,0x00,0x00,0x00, 
	0x00,0x00,0x00,0x00, 
	0x00,0x00,0x00,0x00, 
	0x00,0x00,0x00,0x00, 
	0x00,0x00,0x00,0x00, 
	0x00,0x00,0x00,0x00, 
	0x00,0x00,0x00,0x00, 
	0x00,0x00,0x00,0x00, 
	0x00,0x00,0x00,0x00, 
	0x00,0x00,0x00,0x00, 
	0x00,0x00,0x00,0x00, 
	0x00,0x00,0x00,0x00, 
	0x00,0x00,0x00,0x00, 
	0x00,0x00,0x00,0x00, 
	0x00,0x00,0x00,0x00, 
	0x00,0x00,0x00,0x00, 
	0x00,0x00,0x00,0x00, 
	0x00,0x00,0x00,0x00, 
	0x00,0x00,0x00,0x00, 
	0x00,0x00,0x00,0x00, 
	0x00,0x00,0x00,0x00, 
	0x00,0x00,0x00,0x00, 
	0x00,0x00,0x00,0x00, 
	0x00,0x00,0x00,0x00, 
	0x00,0x00,0x00,0x00, 
	0x00,0x00,0x00,0x00, 
	0x00,0x00,0x00,0x00, 
	0x00,0x00,0x00,0x00, 
	0x00,0x00,0x00,0x00, 
	0x00,0x00,0x00,0x00, 
	0x00,0x00,0x00,0x00, 
	0x00,0x00,0x00,0x00, 
	0x00,0x00,0x00,0x00, 
	0x00,0x00,0x00,0x00, 
	0x00,0x00,0x00,0x00, 
	0x00,0x00,0x00,0x00, 
	0x00,0x00,0x00,0x00, 
	0x00,0x00,0x00,0x00, 
	0x00,0x00,0x00,0x00, 
	0x00,0x00,0x00,0x00, 
	0x00,0x00,0x00,0x00, 
	0x00,0x00,0x00,0x00, 
	0x00,0x00,0x00,0x00, 
	0x00,0x00,0x00,0x00, 
	0x00,0x00,0x00,0x00, 
	0x00,0x00,0x00,0x00, 
	0x00,0x00,0x00,0x00, 
	0x00,0x00,0x00,0x00, 
	0x00,0x00,0x00,0x00, 
	0x00,0x00,0x00,0x00, 
	0x00,0x00,0x00,0x00, 
	0x00,0x00,0x00,0x00, 
	0x00,0x00,0x00,0x00, 
	0x00,0x00,0x00,0x00, 
	0x00,0x00,0x00,0x00, 
	0x00,0x00,0x00,0x00, 
	0x00,0x00,0x00,0x00, 
	0x00,0x00,0x00,0x00, 
	0x00,0x00,0x00,0x00, 
	0x00,0x00,0x00,0x00, 
	0x00,0x00,0x00,0x00, 
	0x00,0x00,0x00,0x00, 
	0x00,0x00,0x00,0x00, 
	0x00,0x00,0x00,0x00, 
	0x00,0x00,0x00,0x00, 
	0x00,0x00,0x00,0x00, 
	0x00,0x00,0x00,0x00, 
	0x00,0x00,0x00,0x00, 
	0x00,0x00,0x00,0x00, 
	0x00,0x00,0x00,0x00, 
	0x00,0x00,0x00,0x00, 
	0x00,0x00,0x00,0x00, 
	0x00,0x00,0x00,0x00, 
	0x00,0x00,0x00,0x00, 
	0x00,0x00,0x00,0x00, 
	0x00,0x00,0x00,0x00, 
	0x00,0x00,0x00,0x00, 
	0x00,0x00,0x00,0x00, 
	0x00,0x00,0x00,0x00, 
	0x00,0x00,0x00,0x00, 
	0x00,0x00,0x00,0x00, 
	0x00,0x00,0x00,0x00, 
	0x00,0x00,0x00,0x00, 
	0x00,0x00,0x00,0x00, 
	0x00,0x00,0x00,0x00, 
	0x00,0x00,0x00,0x00, 
	0x00,0x00,0x00,0x00, 
	0x00,0x00,0x00,0x00, 
	0x00,0x00,0x00,0x00, 
	0x00,0x00,0x00,0x00, 
	0x00,0x00,0x00,0x00, 
	0x00,0x00,0x00,0x00, 
	0x00,0x00,0x00,0x00, 
	0x00,0x00,0x00,0x00, 
	0x00,0x00,0x00,0x00, 
	0x00,0x00,0x00,0x00, 
	0x00,0x00,0x00,0x00, 
	0x00,0x00,0x00,0x00, 
	0x00,0x00,0x00,0x00, 
	0x00,0x00,0x00,0x00, 
	0x00,0x00,0x00,0x00, 
	0x00,0x00,0x00,0x00, 
	0x00,0x00,0x00,0x00, 
	0x00,0x00,0x00,0x00, 
	0x00,0x00,0x00,0x00, 
	0x00,0x00,0x00,0x00, 
	0x00,0x00,0x00,0x00, 
	0x00,0x00,0x00,0x00, 
	0x00,0x00,0x00,0x00, 
	0x00,0x00,0x00,0x00, 
	0x00,0x00,0x00,0x00, 
	0x00,0x00,0x00,0x00, 
	0x00,0x00,0x00,0x00, 
	0x00,0x00,0x00,0x00, 
	0x00,0x00,0x00,0x00, 
	0x00,0x00,0x00,0x00, 
	0x00,0x00,0x00,0x00, 
	0x00,0x00,0x00,0x00, 
	0x00,0x00,0x00,0x00, 
	0x00,0x00,0x00,0x00, 
	0x00,0x00,0x00,0x00, 
	0x00,0x00,0x00,0x00, 
	0x00,0x00,0x00,0x00, 
	0x00,0x00,0x00,0x00, 
	0x00,0x00,0x00,0x00, 
	0x00,0x00,0x00,0x00, 
	0x00,0x00,0x00,0x00, 
	0x00,0x00,0x00,0x00, 
	0x00,0x00,0x00,0x00, 
	0x00,0x00,0x00,0x00, 
	0x00,0x00,0x00,0x00, 
	0x00,0x00,0x00,0x00, 
	0x00,0x00,0x00,0x00, 
	0x00,0x00,0x00,0x00, 
	0x00,0x00,0x00,0x00, 
	0x00,0x00,0x00,0x00, 
	0x00,0x00,0x00,0x00, 
	0x00,0x00,0x00,0x00, 
	0x00,0x00,0x00,0x00, 
	0x00,0x00,0x00,0x00, 
	0x00,0x00,0x00,0x00, 
	0x00,0x00,0x00,0x00, 
	0x00,0x00,0x00,0x00, 
	0x00,0x00,0x00,0x00, 
	0x00,0x00,0x00,0x00, 
	0x00,0x00,0x00,0x00, 
	0x00,0x00,0x00,0x00, 
	0x00,0x00,0x00,0x00, 
	0x00,0x00,0x00,0x00, 
	0x00,0x00,0x00,0x00, 
	0x00,0x00,0x00,0x00, 
	0x00,0x00,0x00,0x00, 
	0x00,0x00,0x00,0x00, 
	0x00,0x00,0x00,0x00, 
	0x00,0x00,0x00,0x00, 
	0x00,0x00,0x00,0x00, 
	0x00,0x00,0x00,0x00, 
	0x00,0x00,0x00,0x00, 
	0x00,0x00,0x00,0x00, 
	0x00,0x00,0x00,0x00, 
	0x00,0x00,0x00,0x00, 
	0x00,0x00,0x00,0x00, 
	0x00,0x00,0x00,0x00, 
	0x00,0x00,0x00,0x00, 
	0x00,0x00,0x00,0x00, 
	0x00,0x00,0x00,0x00, 
	0x00,0x00,0x00,0x00, 
	0x00,0x00,0x00,0x00, 
	0x00,0x00,0x00,0x00, 
	0x00,0x00,0x00,0x00, 
	0x00,0x00,0x00,0x00, 
	0x00,0x00,0x00,0x00, 
	0x00,0x00,0x00,0x00, 
	0x00,0x00,0x00,0x00, 
	0x00,0x00,0x00,0x00, 
	0x00,0x00,0x00,0x00, 
	0x00,0x00,0x00,0x00, 
	0x00,0x00,0x00,0x00, 
	0x00,0x00,0x00,0x00, 
	0x00,0x00,0x00,0x00, 
	0x00,0x00,0x00,0x00, 
	0x00,0x00,0x00,0x00, 
	0x00,0x00,0x00,0x00, 
	0x00,0x00,0x00,0x00, 
	0x00,0x00,0x00,0x00, 
	0x00,0x00,0x00,0x00, 
	0x00,0x00,0x00,0x00, 
	0x00,0x00,0x00,0x00, 
	0x00,0x00,0x00,0x00, 
	0x00,0x00,0x00,0x00, 
	0x00,0x00,0x00,0x00, 
	0x00,0x00,0x00,0x00, 
	0x00,0x00,0x00,0x00, 
	0x00,0x00,0x00,0x00, 
	0x00,0x00,0x00,0x00, 
	0x00,0x00,0x00,0x00, 
	0x00,0x00,0x00,0x00, 
	0x00,0x00,0x00,0x00, 
	0x00,0x00,0x00,0x00, 
	0x00,0x00,0x00,0x00, 
	0x00,0x00,0x00,0x00, 
	0x00,0x00,0x00,0x00, 
	0x00,0x00,0x00,0x00, 
	0x00,0x00,0x00,0x00, 
	0x00,0x00,0x00,0x00, 
	0x00,0x00,0x00,0x00, 
	0x00,0x00,0x00,0x00, 
	0x00,0x00,0x00,0x00, 
	0x00,0x00,0x00,0x00, 
	0x00,0x00,0x00,0x00, 
	0x00,0x00,0x00,0x00, 
	0x00,0x00,0x00,0x00, 
	0x00,0x00,0x00,0x00, 
	0x00,0x00,0x00,0x00, 
	0x00,0x00,0x00,0x00, 
	0x00,0x00,0x00,0x00, 
	0x00,0x00,0x00,0x00, 
	0x00,0x00,0x00,0x00, 
	0x00,0x00,0x00,0x00, 
	0x00,0x00,0x00,0x00, 
	0x00,0x00,0x00,0x00, 
	0x00,0x00,0x00,0x00, 
	0x00,0x00,0x00,0x00, 
	0x00,0x00,0x00,0x00, 
	0x00,0x00,0x00,0x00, 
	0x00,0x00,0x00,0x00, 
	0x00,0x00,0x00,0x00, 
	0x00,0x00,0x00,0x00, 
	0x00,0x00,0x00,0x00, 
	0x00,0x00,0x00,0x00, 
	0x00,0x00,0x00,0x00, 
	0x00,0x00,0x00,0x00, 
	0x00,0x00,0x00,0x00, 
	0x00,0x00,0x00,0x00, 
	0x00,0x00,0x00,0x00, 
	0x00,0x00,0x00,0x00, 
	0x00,0x00,0x00,0x00, 
	0x00,0x00,0x00,0x00, 
	0x00,0x00,0x00,0x00, 
	0x00,0x00,0x00,0x00, 
	0x00,0x00,0x00,0x00, 
	0x00,0x00,0x00,0x00, 
	0x00,0x00,0x00,0x00, 
	0x00,0x00,0x00,0x00, 
	0x00,0x00,0x00,0x00, 
	0x00,0x00,0x00,0x00, 
	0x00,0x00,0x00,0x00, 
	0x00,0x00,0x00,0x00, 
	0x00,0x00,0x00,0x00, 
	0x00,0x00,0x00,0x00, 
	0x00,0x00,0x00,0x00, 
	0x00,0x00,0x00,0x00, 
	0x00,0x00,0x00,0x00, 
	0x00,0x00,0x00,0x00, 
	0x00,0x00,0x00,0x00, 
	0x00,0x00,0x00,0x00, 
	0x00,0x00,0x00,0x00, 
	0x00,0x00,0x00,0x00, 
	0x00,0x00,0x00,0x00, 
	0x00,0x00,0x00,0x00, 
	0x00,0x00,0x00,0x00, 
	0x00,0x00,0x00,0x00, 
	0x00,0x00,0x00,0x00, 
	0x00,0x00,0x00,0x00, 
	0x00,0x00,0x00,0x00, 
	0x00,0x00,0x00,0x00, 
	0x00,0x00,0x00,0x00, 
	0x00,0x00,0x00,0x00, 
	0x00,0x00,0x00,0x00, 
	0x00,0x00,0x00,0x00, 
	0x00,0x00,0x00,0x00, 
	0x00,0x00,0x00,0x00, 
	0x00,0x00,0x00,0x00, 
	0x00,0x00,0x00,0x00, 
	0x00,0x00,0x00,0x00, 
	0x00,0x00,0x00,0x00, 
	0x00,0x00,0x00,0x00, 
	0x00,0x00,0x00,0x00, 
	0x00,0x00,0x00,0x00, 
	0x00,0x00,0x00,0x00, 
	0x00,0x00,0x00,0x00, 
	0x00,0x00,0x00,0x00, 
	0x00,0x00,0x00,0x00, 
	0x00,0x00,0x00,0x00, 
	0x00,0x00,0x00,0x00, 
	0x00,0x00,0x00,0x00, 
	0x00,0x00,0x00,0x00, 
	0x00,0x00,0x00,0x00, 
	0x00,0x00,0x00,0x00, 
	0x00,0x00,0x00,0x00, 
	0x00,0x00,0x00,0x00, 
	0x00,0x00,0x00,0x00, 
	0x00,0x00,0x00,0x00, 
	0x00,0x00,0x00,0x00, 
	0x00,0x00,0x00,0x00, 
	0x00,0x00,0x00,0x00, 
	0x00,0x00,0x00,0x00, 
	0x00,0x00,0x00,0x00, 
	0x00,0x00,0x00,0x00, 
	0x00,0x00,0x00,0x00, 
	0x00,0x00,0x00,0x00, 
	0x00,0x00,0x00,0x00, 
	0x00,0x00,0x00,0x00, 
	0x00,0x00,0x00,0x00, 
	0x00,0x00,0x00,0x00, 
	0x00,0x00,0x00,0x00, 
	0x00,0x00,0x00,0x00, 
	0x00,0x00,0x00,0x00, 
	0x00,0x00,0x00,0x00, 
	0x00,0x00,0x00,0x00, 
	0x00,0x00,0x00,0x00, 
	0x00,0x00,0x00,0x00, 
	0x00,0x00,0x00,0x00, 
	0x00,0x00,0x00,0x00, 
	0x00,0x00,0x00,0x00, 
	0x00,0x00,0x00,0x00, 
	0x00,0x00,0x00,0x00, 
	0x00,0x00,0x00,0x00, 
	0x00,0x00,0x00,0x00, 
	0x00,0x00,0x00,0x00, 
	0x00,0x00,0x00,0x00, 
	0x00,0x00,0x00,0x00, 
	0x00,0x00,0x00,0x00, 
	0x00,0x00,0x00,0x00, 
	0x00,0x00,0x00,0x00, 
	0x00,0x00,0x00,0x00, 
	0x00,0x00,0x00,0x00, 
	0x00,0x00,0x00,0x00, 
	0x00,0x00,0x00,0x00, 
	0x00,0x00,0x00,0x00, 
	0x00,0x00,0x00,0x00, 
	0x00,0x00,0x00,0x00, 
	0x00,0x00,0x00,0x00, 
	0x00,0x00,0x00,0x00, 
	0x00,0x00,0x00,0x00, 
	0x00,0x00,0x00,0x00, 
	0x00,0x00,0x00,0x00, 
	0x00,0x00,0x00,0x00, 
	0x00,0x00,0x00,0x00, 
	0x00,0x00,0x00,0x00, 
	0x00,0x00,0x00,0x00, 
	0x00,0x00,0x00,0x00, 
	0x00,0x00,0x00,0x00, 
	0x00,0x00,0x00,0x00, 
	0x00,0x00,0x00,0x00, 
	0x00,0x00,0x00,0x00, 
	0x00,0x00,0x00,0x00, 
	0x00,0x00,0x00,0x00, 
	0x00,0x00,0x00,0x00, 
	0x00,0x00,0x00,0x00, 
	0x00,0x00,0x00,0x00, 
	0x00,0x00,0x00,0x00, 
	0x00,0x00,0x00,0x00, 
	0x00,0x00,0x00,0x00, 
	0x00,0x00,0x00,0x00, 
	0x00,0x00,0x00,0x00, 
	0x00,0x00,0x00,0x00, 
	0x00,0x00,0x00,0x00, 
	0x00,0x00,0x00,0x00, 
	0x00,0x00,0x00,0x00, 
	0x00,0x00,0x00,0x00, 
	0x00,0x00,0x00,0x00, 
	0x00,0x00,0x00,0x00, 
	0x00,0x00,0x00,0x00, 
	0x00,0x00,0x00,0x00, 
	0x00,0x00,0x00,0x00, 
	0x00,0x00,0x00,0x00, 
	0x00,0x00,0x00,0x00, 
	0x00,0x00,0x00,0x00, 
	0x00,0x00,0x00,0x00, 
	0x00,0x00,0x00,0x00, 
	0x00,0x00,0x00,0x00, 
	0x00,0x00,0x00,0x00, 
	0x00,0x00,0x00,0x00, 
	0x00,0x00,0x00,0x00, 
	0x00,0x00,0x00,0x00, 
	0x00,0x00,0x00,0x00, 
	0x00,0x00,0x00,0x00, 
	0x00,0x00,0x00,0x00, 
	0x00,0x00,0x00,0x00, 
	0x00,0x00,0x00,0x00, 
	0x00,0x00,0x00,0x00, 
	0x00,0x00,0x00,0x00, 
	0x00,0x00,0x00,0x00, 
	0x00,0x00,0x00,0x00, 
	0x00,0x00,0x00,0x00, 
	0x00,0x00,0x00,0x00, 
	0x00,0x00,0x00,0x00, 
	0x00,0x00,0x00,0x00, 
	0x00,0x00,0x00,0x00, 
	0x00,0x00,0x00,0x00, 
	0x00,0x00,0x00,0x00, 
	0x00,0x00,0x00,0x00, 
	0x00,0x00,0x00,0x00, 
	0x00,0x00,0x00,0x00, 
	0x00,0x00,0x00,0x00, 
	0x00,0x00,0x00,0x00, 
	0x00,0x00,0x00,0x00, 
	0x00,0x00,0x00,0x00, 
	0x00,0x00,0x00,0x00, 
	0x00,0x00,0x00,0x00, 
	0x00,0x00,0x00,0x00, 
	0x00,0x00,0x00,0x00, 
	0x00,0x00,0x00,0x00, 
	0x00,0x00,0x00,0x00, 
	0x00,0x00,0x00,0x00, 
	0x00,0x00,0x00,0x00, 
	0x00,0x00,0x00,0x00, 
	0x00,0x00,0x00,0x00, 
	0x00,0x00,0x00,0x00, 
	0x00,0x00,0x00,0x00, 
	0x00,0x00,0x00,0x00, 
	0x00,0x00,0x00,0x00, 
	0x00,0x00,0x00,0x00, 
	0x00,0x00,0x00,0x00, 
	0x00,0x00,0x00,0x00, 
	0x00,0x00,0x00,0x00, 
	0x00,0x00,0x00,0x00, 
	0x00,0x00,0x00,0x00, 
	0x00,0x00,0x00,0x00, 
	0x00,0x00,0x00,0x00, 
	0x00,0x00,0x00,0x00, 
	0x00,0x00,0x00,0x00, 
	0x00,0x00,0x00,0x00, 
	0x00,0x00,0x00,0x00, 
	0x00,0x00,0x00,0x00, 
	0x00,0x00,0x00,0x00, 
	0x00,0x00,0x00,0x00, 
	0x00,0x00,0x00,0x00, 
	0x00,0x00,0x00,0x00, 
	0x00,0x00,0x00,0x00, 
	0x00,0x00,0x00,0x00, 
	0x00,0x00,0x00,0x00, 
	0x00,0x00,0x00,0x00, 
	0x00,0x00,0x00,0x00, 
	0x00,0x00,0x00,0x00, 
	0x00,0x00,0x00,0x00, 
	0x00,0x00,0x00,0x00, 
	0x00,0x00,0x00,0x00, 
	0x00,0x00,0x00,0x00, 
	0x00,0x00,0x00,0x00, 
	0x00,0x00,0x00,0x00, 
	0x00,0x00,0x00,0x00, 
	0x00,0x00,0x00,0x00, 
	0x00,0x00,0x00,0x00, 
	0x00,0x00,0x00,0x00, 
	0x00,0x00,0x00,0x00, 
	0x00,0x00,0x00,0x00, 
	0x00,0x00,0x00,0x00, 
	0x00,0x00,0x00,0x00, 
	0x00,0x00,0x00,0x00, 
	0x00,0x00,0x00,0x00, 
	0x00,0x00,0x00,0x00, 
	0x00,0x00,0x00,0x00, 
	0x00,0x00,0x00,0x00, 
	0x00,0x00,0x00,0x00, 
	0x00,0x00,0x00,0x00, 
	0x00,0x00,0x00,0x00, 
	0x00,0x00,0x00,0x00, 
	0x00,0x00,0x00,0x00, 
	0x00,0x00,0x00,0x00, 
	0x00,0x00,0x00,0x00, 
	0x00,0x00,0x00,0x00, 
	0x00,0x00,0x00,0x00, 
	0x00,0x00,0x00,0x00, 
	0x00,0x00,0x00,0x00, 
	0x00,0x00,0x00,0x00, 
	0x00,0x00,0x00,0x00, 
	0x00,0x00,0x00,0x00, 
	0x00,0x00,0x00,0x00, 
	0x00,0x00,0x00,0x00, 
	0x00,0x00,0x00,0x00, 
	0x00,0x00,0x00,0x00, 
	0x00,0x00,0x00,0x00, 
	0x00,0x00,0x00,0x00, 
	0x00,0x00,0x00,0x00, 
	0x00,0x00,0x00,0x00, 
	0x00,0x00,0x00,0x00, 
	0x00,0x00,0x00,0x00, 
	0x00,0x00,0x00,0x00, 
	0x00,0x00,0x00,0x00, 
	0x00,0x00,0x00,0x00, 
	0x00,0x00,0x00,0x00, 
	0x00,0x00,0x00,0x00, 
	0x00,0x00,0x00,0x00, 
	0x00,0x00,0x00,0x00, 
	0x00,0x00,0x00,0x00, 
	0x00,0x00,0x00,0x00, 
	0x00,0x00,0x00,0x00, 
	0x00,0x00,0x00,0x00, 
	0x00,0x00,0x00,0x00, 
	0x00,0x00,0x00,0x00, 
	0x00,0x00,0x00,0x00, 
	0x00,0x00,0x00,0x00, 
	0x00,0x00,0x00,0x00, 
	0x00,0x00,0x00,0x00, 
	0x00,0x00,0x00,0x00, 
	0x00,0x00,0x00,0x00, 
	0x00,0x00,0x00,0x00, 
	0x00,0x00,0x00,0x00, 
	0x00,0x00,0x00,0x00, 
	0x00,0x00,0x00,0x00, 
	0x00,0x00,0x00,0x00, 
	0x00,0x00,0x00,0x00, 
	0x00,0x00,0x00,0x00, 
	0x00,0x00,0x00,0x00, 
	0x00,0x00,0x00,0x00, 
	0x00,0x00,0x00,0x00, 
	0x00,0x00,0x00,0x00, 
	0x00,0x00,0x00,0x00, 
	0x00,0x00,0x00,0x00, 
	0x00,0x00,0x00,0x00, 
	0x00,0x00,0x00,0x00, 
	0x00,0x00,0x00,0x00, 
	0x00,0x00,0x00,0x00, 
	0x00,0x00,0x00,0x00, 
	0x00,0x00,0x00,0x00, 
	0x00,0x00,0x00,0x00, 
	0x00,0x00,0x00,0x00, 
	0x00,0x00,0x00,0x00, 
	0x00,0x00,0x00,0x00, 
	0x00,0x00,0x00,0x00, 
	0x00,0x00,0x00,0x00, 
	0x00,0x00,0x00,0x00, 
	0x00,0x00,0x00,0x00, 
	0x00,0x00,0x00,0x00, 
	0x00,0x00,0x00,0x00, 
	0x00,0x00,0x00,0x00, 
	0x00,0x00,0x00,0x00, 
	0x00,0x00,0x00,0x00, 
	0x00,0x00,0x00,0x00, 
	0x00,0x00,0x00,0x00, 
	0x00,0x00,0x00,0x00, 
	0x00,0x00,0x00,0x00, 
	0x00,0x00,0x00,0x00, 
	0x00,0x00,0x00,0x00, 
	0x00,0x00,0x00,0x00, 
	0x00,0x00,0x00,0x00, 
	0x00,0x00,0x00,0x00, 
	0x00,0x00,0x00,0x00, 
	0x00,0x00,0x00,0x00, 
	0x00,0x00,0x00,0x00, 
	0x00,0x00,0x00,0x00, 
	0x00,0x00,0x00,0x00, 
	0x00,0x00,0x00,0x00, 
	0x00,0x00,0x00,0x00, 
	0x00,0x00,0x00,0x00, 
	0x00,0x00,0x00,0x00, 
	0x00,0x00,0x00,0x00, 
	0x00,0x00,0x00,0x00, 
	0x00,0x00,0x00,0x00, 
	0x00,0x00,0x00,0x00, 
	0x00,0x00,0x00,0x00, 
	0x00,0x00,0x00,0x00, 
	0x00,0x00,0x00,0x00, 
	0x00,0x00,0x00,0x00, 
	0x00,0x00,0x00,0x00, 
	0x00,0x00,0x00,0x00, 
	0x00,0x00,0x00,0x00, 
	0x00,0x00,0x00,0x00, 
	0x00,0x00,0x00,0x00, 
	0x00,0x00,0x00,0x00, 
	0x00,0x00,0x00,0x00, 
	0x00,0x00,0x00,0x00, 
	0x00,0x00,0x00,0x00, 
	0x00,0x00,0x00,0x00, 
	0x00,0x00,0x00,0x00, 
	0x00,0x00,0x00,0x00, 
	0x00,0x00,0x00,0x00, 
	0x00,0x00,0x00,0x00, 
	0x00,0x00,0x00,0x00, 
	0x00,0x00,0x00,0x00, 
	0x00,0x00,0x00,0x00, 
	0x00,0x00,0x00,0x00, 
	0x00,0x00,0x00,0x00, 
	0x00,0x00,0x00,0x00, 
	0x00,0x00,0x00,0x00, 
	0x00,0x00,0x00,0x00, 
	0x00,0x00,0x00,0x00, 
	0x00,0x00,0x00,0x00, 
	0x00,0x00,0x00,0x00, 
	0x00,0x00,0x00,0x00, 
	0x00,0x00,0x00,0x00, 
	0x00,0x00,0x00,0x00, 
	0x00,0x00,0x00,0x00, 
	0x00,0x00,0x00,0x00, 
	0x00,0x00,0x00,0x00, 
	0x00,0x00,0x00,0x00, 
	0x00,0x00,0x00,0x00, 
	0x00,0x00,0x00,0x00, 
	0x00,0x00,0x00,0x00, 
	0x00,0x00,0x00,0x00, 
	0x00,0x00,0x00,0x00, 
	0x00,0x00,0x00,0x00, 
	0x00,0x00,0x00,0x00, 
	0x00,0x00,0x00,0x00, 
	0x00,0x00,0x00,0x00, 
	0x00,0x00,0x00,0x00, 
	0x00,0x00,0x00,0x00, 
	0x00,0x00,0x00,0x00, 
	0x00,0x00,0x00,0x00, 
	0x00,0x00,0x00,0x00, 
	0x00,0x00,0x00,0x00, 
	0x00,0x00,0x00,0x00, 
	0x00,0x00,0x00,0x00, 
	0x00,0x00,0x00,0x00, 
	0x00,0x00,0x00,0x00, 
	0x00,0x00,0x00,0x00, 
	0x00,0x00,0x00,0x00, 
	0x00,0x00,0x00,0x00, 
	0x00,0x00,0x00,0x00, 
	0x00,0x00,0x00,0x00, 
	0x00,0x00,0x00,0x00, 
	0x00,0x00,0x00,0x00, 
	0x00,0x00,0x00,0x00, 
	0x00,0x00,0x00,0x00, 
	0x00,0x00,0x00,0x00, 
	0x00,0x00,0x00,0x00, 
	0x00,0x00,0x00,0x00, 
	0x00,0x00,0x00,0x00, 
	0x00,0x00,0x00,0x00, 
	0x00,0x00,0x00,0x00, 
	0x00,0x00,0x00,0x00, 
	0x00,0x00,0x00,0x00, 
	0x00,0x00,0x00,0x00, 
	0x00,0x00,0x00,0x00, 
	0x00,0x00,0x00,0x00, 
	0x00,0x00,0x00,0x00, 
	0x00,0x00,0x00,0x00, 
	0x00,0x00,0x00,0x00, 
	0x00,0x00,0x00,0x00, 
	0x00,0x00,0x00,0x00, 
	0x00,0x40,0xfe,0x3f, 
	0x20,0x00,0x04,0x00, 
	0x94,0x04,0xfe,0x3f, 
	0xa4,0x04,0xfe,0x3f, 
	0xb0,0x04,0xfe,0x3f, 
	0xa8,0x04,0xfe,0x3f, 
	0xac,0x04,0xfe,0x3f, 
	0x00,0x05,0x00,0x40, 
	0x28,0x78,0x00,0x40, 
	0x54,0x0b,0xfe,0x3f, 
	0xb4,0x04,0xfe,0x3f, 
	0x3c,0x16,0xfe,0x3f, 
	0x68,0x13,0xfe,0x3f, 
	0x58,0x0b,0xfe,0x3f, 
	0xbc,0x16,0xfe,0x3f, 
	0x78,0x08,0x00,0x40, 
	0x00,0xee,0x00,0xf0, 
	0x60,0x0b,0xfe,0x3f, 
	0x00,0x00,0x00,0x20, 
	0x00,0xfe,0x03,0xf0, 
	0xbf,0x5d,0x00,0x00, 
	0x00,0x00,0x00,0xa0, 
	0x00,0x00,0x00,0x10, 
	0x00,0x00,0x00,0x80, 
	0x00,0x22,0x04,0xf0, 
	0x3f,0x19,0x01,0x00, 
	0xbf,0xd4,0x01,0x00, 
	0xff,0x9e,0x24,0x00, 
	0x08,0x00,0x00,0x18, 
	0xc0,0x5d,0x00,0x00, 
	0x00,0x4e,0x04,0xf0, 
	0xff,0xff,0xff,0x00, 
	0x00,0x00,0x00,0xfc, 
	0x70,0x17,0x00,0x00, 
	0x00,0x00,0x00,0x40, 
	0x40,0x0f,0xff,0x0b, 
	0x00,0x00,0x0f,0x00, 
	0x80,0x00,0x20,0x01, 
	0xff,0xff,0xff,0x7f, 
	0xff,0x7f,0xff,0xff, 
	0x00,0x80,0x00,0x00, 
	0x00,0x06,0x04,0xf0, 
	0x00,0x02,0x04,0xf0, 
	0x88,0x13,0x00,0x00, 
	0x00,0xff,0x00,0x00, 
	0x80,0x14,0x00,0x00, 
	0x00,0x00,0xff,0xff, 
	0x35,0xa7,0x00,0x00, 
	0x00,0x00,0x08,0x00, 
	0xff,0xff,0x00,0xff, 
	0xff,0x8f,0xff,0xff, 
	0x00,0x6a,0xf8,0x40, 
	0x00,0x00,0xe0,0x3f, 
	0x78,0x88,0x00,0xf8, 
	0xff,0x88,0xff,0xff, 
	0x00,0x00,0x00,0xff, 
	0x30,0x75,0x00,0x00, 
	0x00,0x2f,0x00,0x00, 
	0x00,0x13,0x00,0x00, 
	0x00,0x00,0x00,0xf3, 
	0x35,0xf7,0x00,0x00, 
	0x88,0x08,0xff,0xf8, 
	0x82,0x11,0x08,0x03, 
	0x20,0x4e,0x00,0x00, 
	0x34,0xf7,0x00,0x04, 
	0x82,0x11,0x08,0x04, 
	0x10,0x27,0x00,0x00, 
	0x34,0xf7,0x00,0x00, 
	0x00,0x11,0x08,0x03, 
	0x00,0x11,0x04,0x03, 
	0x25,0x27,0x00,0x00, 
	0x00,0x11,0x02,0x03, 
	0x00,0x11,0x00,0x00, 
	0x00,0x00,0x00,0xf6, 
	0x35,0x27,0x00,0x03, 
	0x00,0x10,0x00,0x00, 
	0x25,0x27,0x00,0x03, 
	0x00,0x00,0xc0,0x41, 
	0x00,0x00,0x20,0x40, 
	0x00,0x00,0x00,0x3f, 
	0x00,0x80,0x69,0x40, 
	0x00,0x80,0x67,0x40, 
	0xff,0xff,0xff,0x3f, 
	0x00,0x00,0x00,0xc0, 
	0xfa,0x16,0x00,0x40, 
	0x00,0x3e,0x04,0xf0, 
	0x55,0x55,0x55,0x3f, 
	0x00,0x00,0x60,0x3f, 
	0xd0,0xd7,0x00,0x00, 
	0x00,0x00,0x54,0xc0, 
	0x00,0x80,0x56,0x40, 
	0x00,0xa4,0xef,0x40, 
	0xab,0xaa,0x2a,0x3f, 
	0x00,0x00,0x40,0x3f, 
	0x88,0x3e,0x00,0x00, 
	0x20,0xc4,0x00,0x00, 
	0xe0,0xb8,0x00,0x00, 
	0x10,0xb6,0x00,0x00, 
	0x40,0xb3,0x00,0x00, 
	0x08,0xaf,0x00,0x00, 
	0x00,0xa8,0x00,0x00, 
	0xf8,0xa0,0x00,0x00, 
	0xc0,0x9c,0x00,0x00, 
	0x20,0x97,0x00,0x00, 
	0x80,0x91,0x00,0x00, 
	0xe0,0x8b,0x00,0x00, 
	0x78,0x8a,0x00,0x00, 
	0x40,0x86,0x00,0x00, 
	0xd0,0x7d,0x00,0x00, 
	0x28,0x71,0x00,0x00, 
	0x60,0x48,0x00,0x00, 
	0x50,0xe3,0x00,0x00, 
	0x80,0xe0,0x00,0x00, 
	0x50,0xd2,0x00,0x00, 
	0xc0,0xc9,0x00,0x00, 
	0x18,0xbd,0x00,0x00, 
	0x20,0xa8,0x00,0x00, 
	0x80,0x64,0x00,0x00, 
	0xa0,0x53,0x00,0x00, 
	0x00,0x00,0x0e,0x00, 
	0xff,0xff,0xfe,0xff, 
	0xff,0xef,0xff,0xff, 
	0xc4,0x19,0x00,0x40, 
	0x00,0x00,0x10,0x00, 
	0xff,0xff,0xbf,0xff, 
	0xff,0xff,0xff,0xf3, 
	0xff,0x00,0xff,0xff, 
	0xff,0xff,0xef,0xff, 
	0x00,0x70,0xd7,0x40, 
	0x80,0x1c,0x00,0x00, 
	0xff,0xff,0xff,0xef, 
	0x00,0x23,0x00,0x00, 
	0x9f,0x0f,0x00,0x00, 
	0x00,0x4f,0x00,0x00, 
	0xff,0xff,0x7f,0xff, 
	0x00,0x00,0x59,0x40, 
	0x00,0x20,0x00,0x00, 
	0x00,0x00,0x80,0x00, 
	0x80,0x84,0x0e,0x41, 
	0x1f,0x4e,0x00,0x00, 
	0x00,0x00,0x60,0x41, 
	0x00,0x04,0xfe,0x3f, 
	0x50,0x04,0xfe,0x3f, 
	0x80,0x13,0x00,0x00, 
	0x00,0x00,0xf0,0xbf, 
	0x60,0xe3,0x46,0x41, 
	0x00,0x8f,0x00,0x00, 
	0xff,0x3f,0x00,0x00, 
	0xff,0x0f,0x00,0x00, 
	0x00,0x00,0x70,0x41, 
	0x00,0x00,0x70,0x3e, 
	0x40,0x1f,0x00,0x00, 
	0x7c,0x15,0x00,0x00, 
	0x84,0xea,0xff,0xff, 
	0x00,0x10,0x00,0x08, 
	0x04,0x29,0x00,0x00, 
	0xfc,0xd6,0xff,0xff, 
	0xff,0xff,0x00,0x00, 
	0x00,0x00,0x88,0x00, 
	0xff,0xff,0xe0,0xff, 
	0x00,0x00,0x44,0x00, 
	0x7f,0xff,0x00,0xff, 
	0xc8,0xaf,0x00,0x00, 
	0x00,0x00,0x02,0x00, 
	0xc0,0x7f,0x00,0x00, 
	0x80,0x00,0x02,0x00, 
	0x00,0x00,0xff,0xfb, 
	0x00,0xff,0x00,0xf8, 
	0x00,0x00,0x04,0x03, 
	0x82,0x00,0x08,0x04, 
	0x66,0x66,0xe6,0x3f, 
	0x66,0x66,0x66,0x66, 
	0x33,0x33,0xf3,0x3f, 
	0x33,0x33,0x33,0x33, 
	0xaf,0x36,0x00,0x00, 
	0xb0,0x36,0x00,0x00, 
	0xa0,0x8c,0x00,0x00, 
	0x9f,0x8c,0x00,0x00, 
	0x00,0x46,0x04,0xf0, 
	0xe4,0x46,0x00,0x40, 
	0x29,0x4c,0x00,0x40, 
	0xd0,0x12,0x63,0x41, 
	0x00,0x6c,0xdc,0x02, 
	0x00,0x08,0x11,0x08, 
	0x18,0x0a,0x00,0x00, 
	0x00,0x00,0x00,0x60, 
	0xff,0xef,0xff,0xf7, 
	0x00,0x1e,0x04,0xf0, 
	0x06,0x00,0x00,0x10, 
	0xf0,0xff,0xff,0x0f, 
	0xa0,0x8f,0x00,0x05, 
	0x00,0x00,0xff,0xb8, 
	0x00,0x51,0x00,0x00, 
	0x00,0x24,0x40,0x2f, 
	0x7f,0xd3,0x00,0x00, 
	0x00,0x30,0x00,0x60, 
	0xff,0x0f,0xff,0x1f, 
	0x7f,0x8f,0xff,0xff, 
	0x00,0xe0,0xff,0xf7, 
	0x00,0x00,0x00,0x33, 
	0xff,0xff,0xfd,0x00, 
	0xff,0xff,0xff,0x8f, 
	0x00,0x08,0x00,0x00, 
	0xff,0x77,0xff,0xff, 
	0x00,0x00,0x28,0x00, 
	0x00,0x28,0x00,0x00, 
	0x00,0x40,0x8f,0x40, 
	0x6d,0xdb,0xd1,0x40, 
	0xb7,0x6d,0xdb,0xb6, 
	0x00,0x40,0xcf,0x40, 
	0x24,0xc9,0xca,0x40, 
	0x92,0x24,0x49,0x92, 
	0x49,0x52,0xc6,0x40, 
	0x25,0x49,0x92,0x24, 
	0x00,0x00,0x00,0x61, 
	0xc0,0x05,0xd9,0x01, 
	0x18,0x79,0x00,0x00, 
	0x02,0x0b,0x00,0x00, 
	0x20,0xe8,0x8d,0x00, 
	0xd0,0x30,0x0e,0x00, 
	0x40,0xd0,0x1b,0x01, 
	0xff,0xff,0xff,0xfe, 
	0x00,0x00,0x00,0x01, 
	0x00,0x00,0x01,0x00, 
	0xf0,0x7e,0x0e,0x00, 
	0x00,0x2e,0x04,0xf0, 
	0x00,0x00,0x40,0x00, 
	0x00,0x00,0x80,0x7f, 
	0x00,0x00,0xf0,0x7f, 
	0xff,0xff,0x1f,0x00, 
	0x00,0x00,0x00,0x38, 
	0x34,0x34,0xfe,0x3f, 
	0xb8,0x04,0xfe,0x3f, 
	0x64,0x04,0xfe,0x3f, 
	0xc0,0x08,0xfe,0x3f, 
	0x40,0x34,0xfe,0x3f, 
	0x14,0x70,0x00,0x40, 
	0x23,0x00,0x05,0x00, 
	0x07,0x00,0x00,0x80, 
	0xd8,0x09,0xfe,0x3f, 
	0x90,0x09,0xfe,0x3f, 
	0xbc,0x77,0x00,0x40, 
	0x70,0x04,0xfe,0x3f, 
	0xe0,0x09,0xfe,0x3f, 
	0xa4,0x77,0x00,0x40, 
	0x48,0x0a,0xfe,0x3f, 
	0xc2,0x72,0x00,0x40, 
	0x00,0x0e,0x20,0x00, 
	0x61,0x73,0x00,0x40, 
	0x50,0x39,0xfe,0x3f, 
	0xcc,0x09,0xfe,0x3f, 
	0x24,0x00,0x05,0x00, 
	0x90,0x3e,0xfe,0x3f, 
	0xd0,0x09,0xfe,0x3f, 
	0x25,0x00,0x05,0x00, 
	0x40,0x0b,0xfe,0x3f, 
	0x00,0x00,0x00,0x00, 
	0x00,0x00,0x00,0x00, 
	0x00,0x00,0x00,0x00, 
	0x00,0x00,0x00,0x00, 
	0x00,0x00,0x00,0x00, 
	0x00,0x00,0x00,0x00, 
	0x00,0x00,0x00,0x00, 
	0x00,0x00,0x00,0x00, 
	0x00,0x00,0x00,0x00, 
	0x00,0x00,0x00,0x00, 
	0x00,0x00,0x00,0x00, 
	0x00,0x00,0x00,0x00, 
	0x00,0x00,0x00,0x00, 
	0x00,0x00,0x00,0x00, 
	0x00,0x00,0x00,0x00, 
	0x00,0x00,0x00,0x00, 
	0x00,0x00,0x00,0x00, 
	0x00,0x00,0x00,0x00, 
	0x00,0x00,0x00,0x00, 
	0x00,0x00,0x00,0x00, 
	0x00,0x00,0x00,0x00, 
	0x00,0x00,0x00,0x00, 
	0x00,0x00,0x00,0x00, 
	0x00,0x00,0x00,0x00, 
	0x00,0x00,0x00,0x00, 
	0xc0,0x04,0xfe,0x3f, 
	0x00,0x00,0x00,0x00, 
	0x00,0x00,0x00,0x00, 
	0x01,0x01,0x01,0x01, 
	0x01,0x01,0x01,0x01, 
	0x02,0x03,0x03,0x03, 
	0x04,0x05,0x07,0x01, 
	0x01,0x01,0x01,0x01, 
	0x01,0x03,0x00,0x00, 
	0x00,0x00,0x00,0x00, 
	0x00,0x00,0x00,0x00, 
	0x43,0x00,0x00,0x00, 
	0x50,0x0b,0xfe,0x3f, 
	0xd0,0x3f,0xfe,0x3f, 
	0x00,0x00,0x00,0x60, 
	0x00,0x00,0x00,0x60, 
	0xcc,0x08,0xfe,0x3f, 
	0xac,0x04,0xfe,0x3f, 
	0x00,0x00,0x00,0x00, 
	0x01,0x00,0x00,0x00, 
	0x4c,0x0b,0xfe,0x3f, 
	0xbc,0x04,0xfe,0x3f, 
	0x00,0x00,0x00,0x00, 
	0x00,0x00,0x00,0x00, 
	0xac,0x07,0xfe,0x3f, 
	0x08,0x08,0xfe,0x3f, 
	0x64,0x08,0xfe,0x3f, 
	0x00,0x00,0x00,0x00, 
	0x00,0x00,0x00,0x00, 
	0x00,0x00,0x00,0x00, 
	0x00,0x00,0x00,0x00, 
	0x00,0x00,0x00,0x00, 
	0x00,0x00,0x00,0x00, 
	0x00,0x00,0x00,0x00, 
	0x00,0x00,0x00,0x00, 
	0x00,0x00,0x00,0x00, 
	0x90,0x04,0xfe,0x3f, 
	0x00,0x00,0x00,0x00, 
	0x00,0x00,0x00,0x00, 
	0x00,0x00,0x00,0x00, 
	0x00,0x00,0x00,0x00, 
	0x00,0x00,0x00,0x00, 
	0x00,0x00,0x00,0x00, 
	0x00,0x00,0x00,0x00, 
	0x00,0x00,0x00,0x00, 
	0x00,0x00,0x00,0x00, 
	0x00,0x00,0x00,0x00, 
	0x00,0x00,0x00,0x00, 
	0x00,0x00,0x00,0x00, 
	0x00,0x00,0x00,0x00, 
	0x00,0x00,0x00,0x00, 
	0x00,0x00,0x00,0x00, 
	0x00,0x00,0x00,0x00, 
	0x00,0x00,0x00,0x00, 
	0x00,0x00,0x00,0x00, 
	0x00,0x00,0x00,0x00, 
	0x00,0x00,0x00,0x00, 
	0x00,0x00,0x00,0x00, 
	0x00,0x00,0x00,0x00, 
	0x00,0x00,0x00,0x00, 
	0x00,0x00,0x00,0x00, 
	0x00,0x00,0x00,0x00, 
	0x00,0x00,0x00,0x00, 
	0x00,0x00,0x00,0x00, 
	0x00,0x00,0x00,0x00, 
	0x01,0x00,0x00,0x00, 
	0x00,0x00,0x00,0x00, 
	0x0e,0x33,0xcd,0xab, 
	0x34,0x12,0x6d,0xe6, 
	0xec,0xde,0x05,0x00, 
	0x0b,0x00,0x00,0x00, 
	0x00,0x00,0x00,0x00, 
	0x00,0x00,0x00,0x00, 
	0x00,0x00,0x00,0x00, 
	0x00,0x00,0x00,0x00, 
	0x00,0x00,0x00,0x00, 
	0x00,0x00,0x00,0x00, 
	0x00,0x00,0x00,0x00, 
	0x00,0x00,0x00,0x00, 
	0x00,0x00,0x00,0x00, 
	0x00,0x00,0x00,0x00, 
	0x00,0x00,0x00,0x00, 
	0x00,0x00,0x00,0x00, 
	0x00,0x00,0x00,0x00, 
	0x00,0x00,0x00,0x00, 
	0x00,0x00,0x00,0x00, 
	0x00,0x00,0x00,0x00, 
	0x00,0x00,0x00,0x00, 
	0x00,0x00,0x00,0x00, 
	0x00,0x00,0x00,0x00, 
	0x00,0x00,0x00,0x00, 
	0x00,0x00,0x00,0x00, 
	0x00,0x00,0x00,0x00, 
	0x00,0x00,0x00,0x00, 
	0x00,0x00,0x00,0x00, 
	0x00,0x00,0x00,0x00, 
	0x00,0x00,0x00,0x00, 
	0x00,0x00,0x00,0x00, 
	0x00,0x00,0x00,0x00, 
	0x00,0x00,0x00,0x00, 
	0x00,0x00,0x00,0x00, 
	0x00,0x00,0x00,0x00, 
	0x00,0x00,0x00,0x00, 
	0x00,0x00,0x00,0x00, 
	0x00,0x00,0x00,0x00, 
	0x00,0x00,0x00,0x00, 
	0x00,0x00,0x00,0x00, 
	0x00,0x00,0x00,0x00, 
	0x00,0x00,0x00,0x00, 
	0x00,0x00,0x00,0x00, 
	0x00,0x00,0x00,0x00, 
	0x00,0x00,0x00,0x00, 
	0x00,0x00,0x00,0x00, 
	0x00,0x00,0x00,0x00, 
	0x00,0x00,0x00,0x00, 
	0x00,0x00,0x00,0x00, 
	0x00,0x00,0x00,0x00, 
	0x00,0x00,0x00,0x00, 
	0x00,0x00,0x00,0x00, 
	0x00,0x00,0x00,0x00, 
	0x00,0x00,0x00,0x00, 
	0x00,0x00,0x00,0x00, 
	0x00,0x00,0x00,0x00, 
	0x00,0x00,0x00,0x00, 
	0x00,0x00,0x00,0x00, 
	0x00,0x00,0x00,0x00, 
	0x00,0x00,0x00,0x00, 
	0x00,0x00,0x00,0x00, 
	0x00,0x00,0x00,0x00, 
	0x00,0x00,0x00,0x00, 
	0x00,0x00,0x00,0x00, 
	0x00,0x00,0x00,0x00, 
	0x00,0x00,0x00,0x00, 
	0x00,0x00,0x00,0x00, 
	0x00,0x00,0x00,0x00, 
	0x00,0x00,0x00,0x00, 
	0x00,0x00,0x00,0x00, 
	0x00,0x00,0x00,0x00, 
	0x00,0x00,0x00,0x00, 
	0x00,0x00,0x00,0x00, 
	0x00,0x00,0x00,0x00, 
	0x00,0x00,0x00,0x00, 
	0x00,0x00,0x00,0x00, 
	0x00,0x00,0x00,0x00, 
	0x00,0x00,0x00,0x00, 
	0x00,0x00,0x00,0x00, 
	0x00,0x00,0x00,0x00, 
	0x00,0x00,0x00,0x00, 
	0x00,0x00,0x00,0x00, 
	0x00,0x00,0x00,0x00, 
	0x00,0x00,0x00,0x00, 
	0x00,0x00,0x00,0x00, 
	0x00,0x00,0x00,0x00, 
	0x00,0x00,0x00,0x00, 
	0x00,0x00,0x00,0x00, 
	0x00,0x00,0x00,0x00, 
	0x00,0x00,0x00,0x00, 
	0x00,0x00,0x00,0x00, 
	0x00,0x00,0x00,0x00, 
	0x00,0x00,0x00,0x00, 
	0x00,0x00,0x00,0x00, 
	0x00,0x00,0x00,0x00, 
	0x00,0x00,0x00,0x00, 
	0x00,0x00,0x00,0x00, 
	0x00,0x00,0x00,0x00, 
	0x00,0x00,0x00,0x00, 
	0x00,0x00,0x00,0x00, 
	0x00,0x00,0x00,0x00, 
	0x00,0x00,0x00,0x00, 
	0x00,0x00,0x00,0x00, 
	0x00,0x00,0x00,0x00, 
	0x00,0x00,0x00,0x00, 
	0x00,0x00,0x00,0x00, 
	0x00,0x00,0x00,0x00, 
	0x00,0x00,0x00,0x00, 
	0x00,0x00,0x00,0x00, 
	0x00,0x00,0x00,0x00, 
	0x00,0x00,0x00,0x00, 
	0x00,0x00,0x00,0x00, 
	0x00,0x00,0x00,0x00, 
	0x00,0x00,0x00,0x00, 
	0x00,0x00,0x00,0x00, 
	0x00,0x00,0x00,0x00, 
	0x00,0x00,0x00,0x00, 
	0x00,0x00,0x00,0x00, 
	0x00,0x00,0x00,0x00, 
	0x00,0x00,0x00,0x00, 
	0x00,0x00,0x00,0x00, 
	0x00,0x00,0x00,0x00, 
	0x00,0x00,0x00,0x00, 
	0x00,0x00,0x00,0x00, 
	0x00,0x00,0x00,0x00, 
	0x00,0x00,0x00,0x00, 
	0x00,0x00,0x00,0x00, 
	0x00,0x00,0x00,0x00, 
	0x00,0x00,0x00,0x00, 
	0x00,0x00,0x00,0x00, 
	0x00,0x00,0x00,0x00, 
	0x00,0x00,0x00,0x00, 
	0x00,0x00,0x00,0x00, 
	0x00,0x00,0x00,0x00, 
	0x00,0x00,0x00,0x00, 
	0x00,0x00,0x00,0x00, 
	0x00,0x00,0x00,0x00, 
	0x00,0x00,0x00,0x00, 
	0x00,0x00,0x00,0x00, 
	0x00,0x00,0x00,0x00, 
	0x00,0x00,0x00,0x00, 
	0x00,0x00,0x00,0x00, 
	0x00,0x00,0x00,0x00, 
	0x00,0x00,0x00,0x00, 
	0x00,0x00,0x00,0x00, 
	0x00,0x00,0x00,0x00, 
	0x00,0x00,0x00,0x00, 
	0x00,0x00,0x00,0x00, 
	0x00,0x00,0x00,0x00, 
	0x00,0x00,0x00,0x00, 
	0x00,0x00,0x00,0x00, 
	0x00,0x00,0x00,0x00, 
	0x00,0x00,0x00,0x00, 
	0x00,0x00,0x00,0x00, 
	0x00,0x00,0x00,0x00, 
	0x00,0x00,0x00,0x00, 
	0x00,0x00,0x00,0x00, 
	0x00,0x00,0x00,0x00, 
	0x00,0x00,0x00,0x00, 
	0x00,0x00,0x00,0x00, 
	0x00,0x00,0x00,0x00, 
	0x00,0x00,0x00,0x00, 
	0x00,0x00,0x00,0x00, 
	0x00,0x00,0x00,0x00, 
	0x00,0x00,0x00,0x00, 
	0x00,0x00,0x00,0x00, 
	0x00,0x00,0x00,0x00, 
	0x00,0x00,0x00,0x00, 
	0x00,0x00,0x00,0x00, 
	0x00,0x00,0x00,0x00, 
	0x00,0x00,0x00,0x00, 
	0x00,0x00,0x00,0x00, 
	0x00,0x00,0x00,0x00, 
	0x00,0x00,0x00,0x00, 
	0x00,0x00,0x00,0x00, 
	0x00,0x00,0x00,0x00, 
	0x00,0x00,0x00,0x00, 
	0x00,0x00,0x00,0x00, 
	0x00,0x00,0x00,0x00, 
	0x00,0x00,0x00,0x00, 
	0x00,0x00,0x00,0x00, 
	0x00,0x00,0x00,0x00, 
	0x00,0x00,0x00,0x00, 
	0x00,0x00,0x00,0x00, 
	0x00,0x00,0x00,0x00, 
	0x00,0x00,0x00,0x00, 
	0x00,0x00,0x00,0x00, 
	0x00,0x00,0x00,0x00, 
	0x00,0x00,0x00,0x00, 
	0x00,0x00,0x00,0x00, 
	0x00,0x00,0x00,0x00, 
	0x00,0x00,0x00,0x00, 
	0x00,0x00,0x00,0x00, 
	0x00,0x00,0x00,0x00, 
	0x00,0x00,0x00,0x00, 
	0x00,0x00,0x00,0x00, 
	0x00,0x00,0x00,0x00, 
	0x00,0x00,0x00,0x00, 
	0x00,0x00,0x00,0x00, 
	0x00,0x00,0x00,0x00, 
	0x00,0x00,0x00,0x00, 
	0x00,0x00,0x00,0x00, 
	0x00,0x00,0x00,0x00, 
	0x00,0x00,0x00,0x00, 
	0x00,0x00,0x00,0x00, 
	0x00,0x00,0x00,0x00, 
	0x00,0x00,0x00,0x00, 
	0x00,0x00,0x00,0x00, 
	0x00,0x00,0x00,0x00, 
	0x00,0x00,0x00,0x00, 
	0x00,0x00,0x00,0x00, 
	0x00,0x00,0x00,0x00, 
	0xc0,0x04,0xfe,0x3f, 
	0x00,0x00,0x00,0x00, 
	0x00,0x00,0x00,0x00, 
	0xac,0x77,0x00,0x40, 
	0xa4,0x70,0x00,0x40, 
	0xac,0x77,0x00,0x40, 
	0xac,0x77,0x00,0x40, 
	0x04,0x71,0x00,0x40, 
	0xe0,0x6f,0x00,0x40, 
	0xac,0x77,0x00,0x40, 
	0xac,0x77,0x00,0x40, 
	0xac,0x77,0x00,0x40, 
	0xac,0x77,0x00,0x40, 
	0xac,0x77,0x00,0x40, 
	0xac,0x77,0x00,0x40, 
	0xac,0x77,0x00,0x40, 
	0xac,0x77,0x00,0x40, 
	0xac,0x77,0x00,0x40, 
	0xac,0x77,0x00,0x40, 
	0xac,0x77,0x00,0x40, 
	0xac,0x77,0x00,0x40, 
	0xac,0x77,0x00,0x40, 
	0xac,0x77,0x00,0x40, 
	0xac,0x77,0x00,0x40, 
	0xac,0x77,0x00,0x40, 
	0xac,0x77,0x00,0x40, 
	0xac,0x77,0x00,0x40, 
	0xac,0x77,0x00,0x40, 
	0xac,0x77,0x00,0x40, 
	0xac,0x77,0x00,0x40, 
	0xac,0x77,0x00,0x40, 
	0xac,0x77,0x00,0x40, 
	0xac,0x77,0x00,0x40, 
	0xac,0x77,0x00,0x40, 
	0xac,0x77,0x00,0x40, 
	0xac,0x77,0x00,0x40, 
	0xac,0x77,0x00,0x40, 
	0xac,0x77,0x00,0x40, 
	0xac,0x77,0x00,0x40, 
	0xac,0x77,0x00,0x40, 
	0xac,0x77,0x00,0x40, 
	0xac,0x77,0x00,0x40, 
	0xac,0x77,0x00,0x40, 
	0xac,0x77,0x00,0x40, 
	0xac,0x77,0x00,0x40, 
	0xac,0x77,0x00,0x40, 
	0xac,0x77,0x00,0x40, 
	0xac,0x77,0x00,0x40, 
	0xac,0x77,0x00,0x40, 
	0xac,0x77,0x00,0x40, 
	0xac,0x77,0x00,0x40, 
	0xac,0x77,0x00,0x40, 
	0xac,0x77,0x00,0x40, 
	0xac,0x77,0x00,0x40, 
	0xac,0x77,0x00,0x40, 
	0xac,0x77,0x00,0x40, 
	0xac,0x77,0x00,0x40, 
	0xac,0x77,0x00,0x40, 
	0xac,0x77,0x00,0x40, 
	0xac,0x77,0x00,0x40, 
	0xac,0x77,0x00,0x40, 
	0xac,0x77,0x00,0x40, 
	0xac,0x77,0x00,0x40, 
	0xac,0x77,0x00,0x40, 
	0xac,0x77,0x00,0x40, 
	0xac,0x77,0x00,0x40, 
	0xac,0x77,0x00,0x40, 
	0x00,0x00,0x00,0x00, 
	0x00,0x00,0x00,0x00, 
	0x00,0x00,0x00,0x00, 
	0x00,0x00,0x00,0x00, 
	0xff,0xff,0xff,0xff, 
	0xa4,0x77,0x00,0x40, 
	0x15,0x00,0x00,0x00, 
	0xa4,0x77,0x00,0x40, 
	0x14,0x00,0x00,0x00, 
	0xa4,0x77,0x00,0x40, 
	0x13,0x00,0x00,0x00, 
	0xa4,0x77,0x00,0x40, 
	0x12,0x00,0x00,0x00, 
	0xa4,0x77,0x00,0x40, 
	0x11,0x00,0x00,0x00, 
	0xa4,0x77,0x00,0x40, 
	0x10,0x00,0x00,0x00, 
	0xa4,0x77,0x00,0x40, 
	0x0f,0x00,0x00,0x00, 
	0xa4,0x77,0x00,0x40, 
	0x0e,0x00,0x00,0x00, 
	0xa4,0x77,0x00,0x40, 
	0x0d,0x00,0x00,0x00, 
	0xa4,0x77,0x00,0x40, 
	0x0c,0x00,0x00,0x00, 
	0xa4,0x77,0x00,0x40, 
	0x0b,0x00,0x00,0x00, 
	0xa4,0x77,0x00,0x40, 
	0x0a,0x00,0x00,0x00, 
	0xa4,0x77,0x00,0x40, 
	0x09,0x00,0x00,0x00, 
	0xa4,0x77,0x00,0x40, 
	0x08,0x00,0x00,0x00, 
	0xa4,0x77,0x00,0x40, 
	0x07,0x00,0x00,0x00, 
	0xa4,0x77,0x00,0x40, 
	0x06,0x00,0x00,0x00, 
	0xa4,0x77,0x00,0x40, 
	0x05,0x00,0x00,0x00, 
	0xa4,0x77,0x00,0x40, 
	0x04,0x00,0x00,0x00, 
	0xa4,0x77,0x00,0x40, 
	0x03,0x00,0x00,0x00, 
	0xa4,0x77,0x00,0x40, 
	0x02,0x00,0x00,0x00, 
	0xa4,0x77,0x00,0x40, 
	0x01,0x00,0x00,0x00, 
	0xa4,0x77,0x00,0x40, 
	0x00,0x00,0x00,0x00, 
	0x00,0x7f,0xe0,0xff, 
	0x00,0x00,0x20,0x00, 
	0x00,0x7f,0xe0,0xff, 
	0x00,0x00,0x10,0x00, 
	0x00,0x7f,0xf0,0xff, 
	0x00,0x00,0x08,0x00, 
	0x00,0x7f,0xf8,0xff, 
	0x00,0x00,0x04,0x00, 
	0x00,0x7f,0xfc,0xff, 
	0x00,0x00,0x02,0x00, 
	0x00,0x7f,0xfe,0xff, 
	0x00,0x00,0x01,0x00, 
	0x00,0x7f,0xff,0xff, 
	0x00,0x80,0x00,0x00, 
	0x00,0xff,0xff,0xff, 
	0x00,0x40,0x00,0x00, 
	0x00,0xff,0xff,0xff, 
	0x00,0x20,0x00,0x00, 
	0x00,0xff,0xff,0xff, 
	0x00,0x10,0x00,0x00, 
	0x00,0xff,0xff,0xff, 
	0x00,0x08,0x00,0x00, 
	0x00,0xff,0xff,0xff, 
	0x00,0x04,0x00,0x00, 
	0x00,0xff,0xff,0xff, 
	0x00,0x02,0x00,0x00, 
	0x00,0xff,0xff,0xff, 
	0x00,0x01,0x00,0x00, 
	0x00,0xff,0xff,0xff, 
	0x80,0x00,0x00,0x00, 
	0x80,0xff,0xff,0xff, 
	0x40,0x00,0x00,0x00, 
	0xc0,0xff,0xff,0xff, 
	0x20,0x00,0x00,0x00, 
	0xe0,0xff,0xff,0xff, 
	0x10,0x00,0x00,0x00, 
	0xf0,0xff,0xff,0xff, 
	0x08,0x00,0x00,0x00, 
	0xf8,0xff,0xff,0xff, 
	0x04,0x00,0x00,0x00, 
	0xfc,0xff,0xff,0xff, 
	0x02,0x00,0x00,0x00, 
	0xfe,0xff,0xff,0xff, 
	0x01,0x00,0x00,0x00, 
	0xff,0xff,0xff,0xff, 
	0x00,0x00,0x00,0x00, 
	0xff,0xff,0xff,0xff, 
	0x00,0x00,0x00,0x00, 
	0x00,0x00,0x00,0x00, 
	0x00,0x00,0x00,0x00, 
	0x00,0x00,0x00,0x00, 
	0x00,0x00,0x00,0x00, 
	0x00,0x00,0x00,0x00, 
	0x00,0x00,0x00,0x00, 
	0x00,0x00,0x00,0x00, 
	0x00,0x00,0x00,0x00, 
	0x00,0x00,0x00,0x00, 
	0x00,0x00,0x00,0x00, 
	0x00,0x00,0x00,0x00, 
	0x00,0x00,0x00,0x00, 
	0x00,0x00,0x00,0x00, 
	0x00,0x00,0x00,0x00, 
	0x00,0x00,0x00,0x00, 
	0x00,0x00,0x00,0x00, 
	0x00,0x00,0x00,0x00, 
	0x00,0x00,0x00,0x00, 
	0x00,0x00,0x00,0x00, 
	0x00,0x00,0x00,0x00, 
	0x00,0x00,0x00,0x00, 
	0x00,0x00,0x00,0x00, 
	0x00,0x00,0x00,0x00, 
	0x00,0x00,0x00,0x00, 
	0x00,0x00,0x00,0x00, 
	0x00,0x00,0x00,0x00, 
	0x00,0x00,0x00,0x00, 
	0x00,0x00,0x00,0x00, 
	0x00,0x00,0x00,0x00, 
	0x00,0x00,0x00,0x00, 
	0x00,0x00,0x00,0x00, 
	0x00,0x00,0x00,0x00, 
	0x00,0x00,0x00,0x00, 
	0x00,0x00,0x00,0x00, 
	0x00,0x00,0x00,0x00, 
	0x00,0x00,0x00,0x00, 
	0x00,0x00,0x00,0x00, 
	0x00,0x00,0x00,0x00, 
	0x00,0x00,0x00,0x00, 
	0x00,0x00,0x00,0x00, 
	0x00,0x00,0x00,0x00, 
	0x00,0x00,0x00,0x00, 
	0x00,0x00,0x00,0x00, 
	0x00,0x00,0x00,0x00, 
	0x00,0x00,0x00,0x00, 
	0x00,0x00,0x00,0x00, 
	0x00,0x00,0x00,0x00, 
	0x00,0x00,0x00,0x00, 
	0x00,0x00,0x00,0x00, 
	0x00,0x00,0x00,0x00, 
	0x00,0x00,0x00,0x00, 
	0x00,0x00,0x00,0x00, 
	0x00,0x00,0x00,0x00, 
	0x00,0x00,0x00,0x00, 
	0x00,0x00,0x00,0x00, 
	0x00,0x00,0x00,0x00, 
	0x00,0x00,0x00,0x00, 
	0x00,0x00,0x00,0x00, 
	0x00,0x00,0x00,0x00, 
	0x00,0x00,0x00,0x00, 
	0x00,0x00,0x00,0x00, 
	0x00,0x00,0x00,0x00, 
	0x00,0x00,0x00,0x00, 
	0x00,0x00,0x00,0x00, 
	0x00,0x00,0x00,0x00, 
	0x00,0x00,0x00,0x00, 
	0x00,0x00,0x00,0x00, 
	0x00,0x00,0x00,0x00, 
	0x00,0x00,0x00,0x00, 
	0x00,0x00,0x00,0x00, 
	0x00,0x00,0x00,0x00, 
	0x00,0x00,0x00,0x00, 
	0x00,0x00,0x00,0x00, 
	0x00,0x00,0x00,0x00, 
	0x00,0x00,0x00,0x00, 
	0x00,0x00,0x00,0x00, 
	0x00,0x00,0x00,0x00, 
	0x00,0x00,0x00,0x00, 
	0x00,0x00,0x00,0x00, 
	0x00,0x00,0x00,0x00, 
	0x00,0x00,0x00,0x00, 
	0x00,0x00,0x00,0x00, 
	0x00,0x00,0x00,0x00, 
	0x00,0x00,0x00,0x00, 
	0x00,0x00,0x00,0x00, 
	0x00,0x00,0x00,0x00, 
	0x00,0x00,0x00,0x00, 
	0x00,0x00,0x00,0x00, 
	0x00,0x00,0x00,0x00, 
	0x00,0x00,0x00,0x00, 
	0x00,0x00,0x00,0x00, 
	0x00,0x00,0x00,0x00, 
	0x00,0x00,0x00,0x00, 
	0x00,0x00,0x00,0x00, 
	0x00,0x00,0x00,0x00, 
	0x00,0x00,0x00,0x00, 
	0x00,0x00,0x00,0x00, 
	0x00,0x00,0x00,0x00, 
	0x00,0x00,0x00,0x00, 
	0x00,0x00,0x00,0x00, 
	0x00,0x00,0x00,0x00, 
	0x00,0x00,0x00,0x00, 
	0x00,0x00,0x00,0x00, 
	0x00,0x00,0x00,0x00, 
	0x00,0x00,0x00,0x00, 
	0x00,0x00,0x00,0x00, 
	0x00,0x00,0x00,0x00, 
	0x00,0x00,0x00,0x00, 
	0x00,0x00,0x00,0x00, 
	0x00,0x00,0x00,0x00, 
	0x00,0x00,0x00,0x00, 
	0x00,0x00,0x00,0x00, 
	0x00,0x00,0x00,0x00, 
	0x00,0x00,0x00,0x00, 
	0x00,0x00,0x00,0x00, 
	0x00,0x00,0x00,0x00, 
	0x00,0x00,0x00,0x00, 
	0x00,0x00,0x00,0x00, 
	0x00,0x00,0x00,0x00, 
	0x00,0x00,0x00,0x00, 
	0x00,0x00,0x00,0x00, 
	0x00,0x00,0x00,0x00, 
	0x00,0x00,0x00,0x00, 
	0x00,0x00,0x00,0x00, 
	0x00,0x00,0x00,0x00, 
	0x00,0x00,0x00,0x00, 
	0x00,0x00,0x00,0x00, 
	0x00,0x00,0x00,0x00, 
	0x00,0x00,0x00,0x00, 
	0x00,0x00,0x00,0x00, 
	0x00,0x00,0x00,0x00, 
	0x00,0x00,0x00,0x00, 
	0x00,0x00,0x00,0x00, 
	0x00,0x00,0x00,0x00, 
	0x00,0x00,0x00,0x00, 
	0x00,0x00,0x00,0x00, 
	0x00,0x00,0x00,0x00, 
	0x00,0x00,0x00,0x00, 
	0x00,0x00,0x00,0x00, 
	0x00,0x00,0x00,0x00, 
	0x00,0x00,0x00,0x00, 
	0x00,0x00,0x00,0x00, 
	0x00,0x00,0x00,0x00, 
	0x00,0x00,0x00,0x00, 
	0x00,0x00,0x00,0x00, 
	0x00,0x00,0x00,0x00, 
	0x00,0x00,0x00,0x00, 
	0x00,0x00,0x00,0x00, 
	0x00,0x00,0x00,0x00, 
	0x00,0x00,0x00,0x00, 
	0x00,0x00,0x00,0x00, 
	0x00,0x00,0x00,0x00, 
	0x00,0x00,0x00,0x00, 
	0x00,0x00,0x00,0x00, 
	0x00,0x00,0x00,0x00, 
	0x00,0x00,0x00,0x00, 
	0x00,0x00,0x00,0x00, 
	0x00,0x00,0x00,0x00, 
	0x00,0x00,0x00,0x00, 
	0x00,0x00,0x00,0x00, 
	0x00,0x00,0x00,0x00, 
	0x00,0x00,0x00,0x00, 
	0x00,0x00,0x00,0x00, 
	0x00,0x00,0x00,0x00, 
	0x00,0x00,0x00,0x00, 
	0x00,0x00,0x00,0x00, 
	0x00,0x00,0x00,0x00, 
	0x00,0x00,0x00,0x00, 
	0x00,0x00,0x00,0x00, 
	0x00,0x00,0x00,0x00, 
	0x00,0x00,0x00,0x00, 
	0x00,0x00,0x00,0x00, 
	0x00,0x00,0x00,0x00, 
	0x00,0x00,0x00,0x00, 
	0x00,0x00,0x00,0x00, 
	0x00,0x00,0x00,0x00, 
	0x00,0x00,0x00,0x00, 
	0x00,0x00,0x00,0x00, 
	0x00,0x00,0x00,0x00, 
	0x00,0x00,0x00,0x00, 
	0x00,0x00,0x00,0x00, 
	0x00,0x00,0x00,0x00, 
	0x00,0x00,0x00,0x00, 
	0x00,0x00,0x00,0x00, 
	0x00,0x00,0x00,0x00, 
	0x00,0x00,0x00,0x00, 
	0x00,0x00,0x00,0x00, 
	0x00,0x00,0x00,0x00, 
	0x00,0x00,0x00,0x00, 
	0x00,0x00,0x00,0x00, 
	0x00,0x00,0x00,0x00, 
	0x00,0x00,0x00,0x00, 
	0x00,0x00,0x00,0x00, 
	0x00,0x00,0x00,0x00, 
	0x00,0x00,0x00,0x00, 
	0x00,0x00,0x00,0x00, 
	0x00,0x00,0x00,0x00, 
	0x00,0x00,0x00,0x00, 
	0x00,0x00,0x00,0x00, 
	0x00,0x00,0x00,0x00, 
	0x00,0x00,0x00,0x00, 
	0x00,0x00,0x00,0x00, 
	0x00,0x00,0x00,0x00, 
	0x00,0x00,0x00,0x00, 
	0x00,0x00,0x00,0x00, 
	0x00,0x00,0x00,0x00, 
	0x00,0x00,0x00,0x00, 
	0x00,0x00,0x00,0x00, 
	0x00,0x00,0x00,0x00, 
	0x00,0x00,0x00,0x00, 
	0x00,0x00,0x00,0x00, 
	0x00,0x00,0x00,0x00, 
	0x00,0x00,0x00,0x00, 
	0x00,0x00,0x00,0x00, 
	0x00,0x00,0x00,0x00, 
	0x00,0x00,0x00,0x00, 
	0x00,0x00,0x00,0x00, 
	0x00,0x00,0x00,0x00, 
	0x00,0x00,0x00,0x00, 
	0x00,0x00,0x00,0x00, 
	0x00,0x00,0x00,0x00, 
	0x00,0x00,0x00,0x00, 
	0x00,0x00,0x00,0x00, 
	0x00,0x00,0x00,0x00, 
	0x00,0x00,0x00,0x00, 
	0x00,0x00,0x00,0x00, 
	0x00,0x00,0x00,0x00, 
	0x00,0x00,0x00,0x00, 
	0x00,0x00,0x00,0x00, 
	0x00,0x00,0x00,0x00, 
	0x00,0x00,0x00,0x00, 
	0x00,0x00,0x00,0x00, 
	0x00,0x00,0x00,0x00, 
	0x00,0x00,0x00,0x00, 
	0x00,0x00,0x00,0x00, 
	0x00,0x00,0x00,0x00, 
	0x00,0x00,0x00,0x00, 
	0x00,0x00,0x00,0x00, 
	0x00,0x00,0x00,0x00, 
	0x00,0x00,0x00,0x00, 
	0x00,0x00,0x00,0x00, 
	0x00,0x00,0x00,0x00, 
	0x00,0x00,0x00,0x00, 
	0x00,0x00,0x00,0x00, 
	0x00,0x00,0x00,0x00, 
	0x00,0x00,0x00,0x00, 
	0x00,0x00,0x00,0x00, 
	0x00,0x00,0x00,0x00, 
	0x00,0x00,0x00,0x00, 
	0x00,0x00,0x00,0x00, 
	0x00,0x00,0x00,0x00, 
	0x00,0x00,0x00,0x00, 
	0x00,0x00,0x00,0x00, 
	0x00,0x00,0x00,0x00, 
	0x00,0x00,0x00,0x00, 
	0x00,0x00,0x00,0x00, 
	0x00,0x00,0x00,0x00, 
	0x00,0x00,0x00,0x00, 
	0x00,0x00,0x00,0x00, 
	0x00,0x00,0x00,0x00, 
	0x00,0x00,0x00,0x00, 
	0x00,0x00,0x00,0x00, 
	0x00,0x00,0x00,0x00, 
	0x00,0x00,0x00,0x00, 
	0x00,0x00,0x00,0x00, 
	0x00,0x00,0x00,0x00, 
	0x00,0x00,0x00,0x00, 
	0x00,0x00,0x00,0x00, 
	0x00,0x00,0x00,0x00, 
	0x00,0x00,0x00,0x00, 
	0x00,0x00,0x00,0x00, 
	0x00,0x00,0x00,0x00, 
	0x00,0x00,0x00,0x00, 
	0x00,0x00,0x00,0x00, 
	0x00,0x00,0x00,0x00, 
	0x00,0x00,0x00,0x00, 
	0x00,0x00,0x00,0x00, 
	0x00,0x00,0x00,0x00, 
	0x00,0x00,0x00,0x00, 
	0x00,0x00,0x00,0x00, 
	0x00,0x00,0x00,0x00, 
	0x00,0x00,0x00,0x00, 
	0x00,0x00,0x00,0x00, 
	0x00,0x00,0x00,0x00, 
	0x00,0x00,0x00,0x00, 
	0x00,0x00,0x00,0x00, 
	0x00,0x00,0x00,0x00, 
	0x00,0x00,0x00,0x00, 
	0x00,0x00,0x00,0x00, 
	0x00,0x00,0x00,0x00, 
	0x00,0x00,0x00,0x00, 
	0x00,0x00,0x00,0x00, 
	0x00,0x00,0x00,0x00, 
	0x00,0x00,0x00,0x00, 
	0x00,0x00,0x00,0x00, 
	0x00,0x00,0x00,0x00, 
	0x00,0x00,0x00,0x00, 
	0x00,0x00,0x00,0x00, 
	0x00,0x00,0x00,0x00, 
	0x00,0x00,0x00,0x00, 
	0x00,0x00,0x00,0x00, 
	0x00,0x00,0x00,0x00, 
	0x00,0x00,0x00,0x00, 
	0x00,0x00,0x00,0x00, 
	0x00,0x00,0x00,0x00, 
	0x00,0x00,0x00,0x00, 
	0x00,0x00,0x00,0x00, 
	0x00,0x00,0x00,0x00, 
	0x00,0x00,0x00,0x00, 
	0x00,0x00,0x00,0x00, 
	0x00,0x00,0x00,0x00, 
	0x00,0x00,0x00,0x00, 
	0x00,0x00,0x00,0x00, 
	0x00,0x00,0x00,0x00, 
	0x00,0x00,0x00,0x00, 
	0x00,0x00,0x00,0x00, 
	0x00,0x00,0x00,0x00, 
	0x00,0x00,0x00,0x00, 
	0x00,0x00,0x00,0x00, 
	0x00,0x00,0x00,0x00, 
	0x00,0x00,0x00,0x00, 
	0x00,0x00,0x00,0x00, 
	0x00,0x00,0x00,0x00, 
	0x00,0x00,0x00,0x00, 
	0x00,0x00,0x00,0x00, 
	0x00,0x00,0x00,0x00, 
	0x00,0x00,0x00,0x00, 
	0x00,0x00,0x00,0x00, 
	0x00,0x00,0x00,0x00, 
	0x00,0x00,0x00,0x00, 
	0x00,0x00,0x00,0x00, 
	0x00,0x00,0x00,0x00, 
	0x00,0x00,0x00,0x00, 
	0x00,0x00,0x00,0x00, 
	0x00,0x00,0x00,0x00, 
	0x00,0x00,0x00,0x00, 
	0x00,0x00,0x00,0x00, 
	0x00,0x00,0x00,0x00, 
	0x00,0x00,0x00,0x00, 
	0x00,0x00,0x00,0x00, 
	0x00,0x00,0x00,0x00, 
	0x00,0x00,0x00,0x00, 
	0x00,0x00,0x00,0x00, 
	0x00,0x00,0x00,0x00, 
	0x00,0x00,0x00,0x00, 
	0x00,0x00,0x00,0x00, 
	0x00,0x00,0x00,0x00, 
	0x00,0x00,0x00,0x00, 
	0x00,0x00,0x00,0x00, 
	0x00,0x00,0x00,0x00, 
	0x00,0x00,0x00,0x00, 
	0x00,0x00,0x00,0x00, 
	0x00,0x00,0x00,0x00, 
	0x00,0x00,0x00,0x00, 
	0x00,0x00,0x00,0x00, 
	0x00,0x00,0x00,0x00, 
	0x00,0x00,0x00,0x00, 
	0x00,0x00,0x00,0x00, 
	0x00,0x00,0x00,0x00, 
	0x00,0x00,0x00,0x00, 
	0x00,0x00,0x00,0x00, 
	0x00,0x00,0x00,0x00, 
	0x00,0x00,0x00,0x00, 
	0x00,0x00,0x00,0x00, 
	0x00,0x00,0x00,0x00, 
	0x00,0x00,0x00,0x00, 
	0x00,0x00,0x00,0x00, 
	0x00,0x00,0x00,0x00, 
	0x00,0x00,0x00,0x00, 
	0x00,0x00,0x00,0x00, 
	0x00,0x00,0x00,0x00, 
	0x00,0x00,0x00,0x00, 
	0x00,0x00,0x00,0x00, 
	0x00,0x00,0x00,0x00, 
	0x00,0x00,0x00,0x00, 
	0x00,0x00,0x00,0x00, 
	0x00,0x00,0x00,0x00, 
	0x00,0x00,0x00,0x00, 
	0x00,0x00,0x00,0x00, 
	0x00,0x00,0x00,0x00, 
	0x00,0x00,0x00,0x00, 
	0x00,0x00,0x00,0x00, 
	0x00,0x00,0x00,0x00, 
	0x00,0x00,0x00,0x00, 
	0x00,0x00,0x00,0x00, 
	0x00,0x00,0x00,0x00, 
	0x00,0x00,0x00,0x00, 
	0x00,0x00,0x00,0x00, 
	0x00,0x00,0x00,0x00, 
	0x00,0x00,0x00,0x00, 
	0x00,0x00,0x00,0x00, 
	0x00,0x00,0x00,0x00, 
	0x00,0x00,0x00,0x00, 
	0x00,0x00,0x00,0x00, 
	0x00,0x00,0x00,0x00, 
	0x00,0x00,0x00,0x00, 
	0x00,0x00,0x00,0x00, 
	0x00,0x00,0x00,0x00, 
	0x00,0x00,0x00,0x00, 
	0x00,0x00,0x00,0x00, 
	0x00,0x00,0x00,0x00, 
	0x00,0x00,0x00,0x00, 
	0x00,0x00,0x00,0x00, 
	0x00,0x00,0x00,0x00, 
	0x00,0x00,0x00,0x00, 
	0x00,0x00,0x00,0x00, 
	0x00,0x00,0x00,0x00, 
	0x00,0x00,0x00,0x00, 
	0x00,0x00,0x00,0x00, 
	0x00,0x00,0x00,0x00, 
	0x00,0x00,0x00,0x00, 
	0x00,0x00,0x00,0x00, 
	0x00,0x00,0x00,0x00, 
	0x00,0x00,0x00,0x00, 
	0x00,0x00,0x00,0x00, 
	0x00,0x00,0x00,0x00, 
	0x00,0x00,0x00,0x00, 
	0x00,0x00,0x00,0x00, 
	0x00,0x00,0x00,0x00, 
	0x00,0x00,0x00,0x00, 
	0x00,0x00,0x00,0x00, 
	0x00,0x00,0x00,0x00, 
	0x00,0x00,0x00,0x00, 
	0x00,0x00,0x00,0x00, 
	0x00,0x00,0x00,0x00, 
	0x00,0x00,0x00,0x00, 
	0x00,0x00,0x00,0x00, 
	0x00,0x00,0x00,0x00, 
	0x00,0x00,0x00,0x00, 
	0x00,0x00,0x00,0x00, 
	0x00,0x00,0x00,0x00, 
	0x00,0x00,0x00,0x00, 
	0x00,0x00,0x00,0x00, 
	0x00,0x00,0x00,0x00, 
	0x00,0x00,0x00,0x00, 
	0x00,0x00,0x00,0x00, 
	0x00,0x00,0x00,0x00, 
	0x00,0x00,0x00,0x00, 
	0x00,0x00,0x00,0x00, 
	0x00,0x00,0x00,0x00, 
	0x00,0x00,0x00,0x00, 
	0x00,0x00,0x00,0x00, 
	0x00,0x00,0x00,0x00, 
	0x00,0x00,0x00,0x00, 
	0x00,0x00,0x00,0x00, 
	0x00,0x00,0x00,0x00, 
	0x00,0x00,0x00,0x00, 
	0x00,0x00,0x00,0x00, 
	0x00,0x00,0x00,0x00, 
	0x00,0x00,0x00,0x00, 
	0x00,0x00,0x00,0x00, 
	0x00,0x00,0x00,0x00, 
	0x00,0x00,0x00,0x00, 
	0x00,0x00,0x00,0x00, 
	0x00,0x00,0x00,0x00, 
	0x00,0x00,0x00,0x00, 
	0x00,0x00,0x00,0x00, 
	0x00,0x00,0x00,0x00, 
	0x00,0x00,0x00,0x00, 
	0x00,0x00,0x00,0x00, 
	0x00,0x00,0x00,0x00, 
	0x00,0x00,0x00,0x00, 
	0x00,0x00,0x00,0x00, 
	0x00,0x00,0x00,0x00, 
	0x00,0x00,0x00,0x00, 
	0x00,0x00,0x00,0x00, 
	0x00,0x00,0x00,0x00, 
	0x00,0x00,0x00,0x00, 
	0x00,0x00,0x00,0x00, 
	0x00,0x00,0x00,0x00, 
	0x00,0x00,0x00,0x00, 
	0x00,0x00,0x00,0x00, 
	0x00,0x00,0x00,0x00, 
	0x00,0x00,0x00,0x00, 
	0x00,0x00,0x00,0x00, 
	0x00,0x00,0x00,0x00, 
	0x00,0x00,0x00,0x00, 
	0x00,0x00,0x00,0x00, 
	0x00,0x00,0x00,0x00, 
	0x00,0x00,0x00,0x00, 
	0x00,0x00,0x00,0x00, 
	0x00,0x00,0x00,0x00, 
	0x00,0x00,0x00,0x00, 
	0x00,0x00,0x00,0x00, 
	0x00,0x00,0x00,0x00, 
	0x00,0x00,0x00,0x00, 
	0x00,0x00,0x00,0x00, 
	0x00,0x00,0x00,0x00, 
	0x00,0x00,0x00,0x00, 
	0x00,0x00,0x00,0x00, 
	0x00,0x00,0x00,0x00, 
	0x00,0x00,0x00,0x00, 
	0x00,0x00,0x00,0x00, 
	0x00,0x00,0x00,0x00, 
	0x00,0x00,0x00,0x00, 
	0x00,0x00,0x00,0x00, 
	0x00,0x00,0x00,0x00, 
	0x00,0x00,0x00,0x00, 
	0x00,0x00,0x00,0x00, 
	0x00,0x00,0x00,0x00, 
	0x00,0x00,0x00,0x00, 
	0x00,0x00,0x00,0x00, 
	0x00,0x00,0x00,0x00, 
	0x00,0x00,0x00,0x00, 
	0x00,0x00,0x00,0x00, 
	0x00,0x00,0x00,0x00, 
	0x00,0x00,0x00,0x00, 
	0x00,0x00,0x00,0x00, 
	0x00,0x00,0x00,0x00, 
	0x00,0x00,0x00,0x00, 
	0x00,0x00,0x00,0x00, 
	0x00,0x00,0x00,0x00, 
	0x00,0x00,0x00,0x00, 
	0x00,0x00,0x00,0x00, 
	0x00,0x00,0x00,0x00, 
	0x00,0x00,0x00,0x00, 
	0x00,0x00,0x00,0x00, 
	0x00,0x00,0x00,0x00, 
	0x00,0x00,0x00,0x00, 
	0x00,0x00,0x00,0x00, 
	0x00,0x00,0x00,0x00, 
	0x00,0x00,0x00,0x00, 
	0x00,0x00,0x00,0x00, 
	0x00,0x00,0x00,0x00, 
	0x00,0x00,0x00,0x00, 
	0x00,0x00,0x00,0x00, 
	0x00,0x00,0x00,0x00, 
	0x00,0x00,0x00,0x00, 
	0x00,0x00,0x00,0x00, 
	0x00,0x00,0x00,0x00, 
	0x00,0x00,0x00,0x00, 
	0x00,0x00,0x00,0x00, 
	0x00,0x00,0x00,0x00, 
	0x00,0x00,0x00,0x00, 
	0x00,0x00,0x00,0x00, 
	0x00,0x00,0x00,0x00, 
	0x00,0x00,0x00,0x00, 
	0x00,0x00,0x00,0x00, 
	0x00,0x00,0x00,0x00, 
	0x00,0x00,0x00,0x00, 
	0x00,0x00,0x00,0x00, 
	0x00,0x00,0x00,0x00, 
	0x00,0x00,0x00,0x00, 
	0x00,0x00,0x00,0x00, 
	0x00,0x00,0x00,0x00, 
	0x00,0x00,0x00,0x00, 
	0x00,0x00,0x00,0x00, 
	0x00,0x00,0x00,0x00, 
	0x00,0x00,0x00,0x00, 
	0x00,0x00,0x00,0x00, 
	0x00,0x00,0x00,0x00, 
	0x00,0x00,0x00,0x00, 
	0x00,0x00,0x00,0x00, 
	0x00,0x00,0x00,0x00, 
	0x00,0x00,0x00,0x00, 
	0x00,0x00,0x00,0x00, 
	0x00,0x00,0x00,0x00, 
	0x00,0x00,0x00,0x00, 
	0x00,0x00,0x00,0x00, 
	0x00,0x00,0x00,0x00, 
	0x00,0x00,0x00,0x00, 
	0x00,0x00,0x00,0x00, 
	0x00,0x00,0x00,0x00, 
	0x00,0x00,0x00,0x00, 
	0x00,0x00,0x00,0x00, 
	0x00,0x00,0x00,0x00, 
	0x00,0x00,0x00,0x00, 
	0x00,0x00,0x00,0x00, 
	0x00,0x00,0x00,0x00, 
	0x00,0x00,0x00,0x00, 
	0x00,0x00,0x00,0x00, 
	0x00,0x00,0x00,0x00, 
	0x00,0x00,0x00,0x00, 
	0x00,0x00,0x00,0x00, 
	0x00,0x00,0x00,0x00, 
	0x00,0x00,0x00,0x00, 
	0x00,0x00,0x00,0x00, 
	0x00,0x00,0x00,0x00, 
	0x00,0x00,0x00,0x00, 
	0x00,0x00,0x00,0x00, 
	0x00,0x00,0x00,0x00, 
	0x00,0x00,0x00,0x00, 
	0x00,0x00,0x00,0x00, 
	0x00,0x00,0x00,0x00, 
	0x00,0x00,0x00,0x00, 
	0x00,0x00,0x00,0x00, 
	0x00,0x00,0x00,0x00, 
	0x00,0x00,0x00,0x00, 
	0x00,0x00,0x00,0x00, 
	0x00,0x00,0x00,0x00, 
	0x00,0x00,0x00,0x00, 
	0x00,0x00,0x00,0x00, 
	0x00,0x00,0x00,0x00, 
	0x00,0x00,0x00,0x00, 
	0x00,0x00,0x00,0x00, 
	0x00,0x00,0x00,0x00, 
	0x00,0x00,0x00,0x00, 
	0x00,0x00,0x00,0x00, 
	0x00,0x00,0x00,0x00, 
	0x00,0x00,0x00,0x00, 
	0x00,0x00,0x00,0x00, 
	0x00,0x00,0x00,0x00, 
	0x00,0x00,0x00,0x00, 
	0x00,0x00,0x00,0x00, 
	0x00,0x00,0x00,0x00, 
	0x00,0x00,0x00,0x00, 
	0x00,0x00,0x00,0x00, 
	0x00,0x00,0x00,0x00, 
	0x00,0x00,0x00,0x00, 
	0x00,0x00,0x00,0x00, 
	0x00,0x00,0x00,0x00, 
	0x00,0x00,0x00,0x00, 
	0x00,0x00,0x00,0x00, 
	0x00,0x00,0x00,0x00, 
	0x00,0x00,0x00,0x00, 
	0x00,0x00,0x00,0x00, 
	0x00,0x00,0x00,0x00, 
	0x00,0x00,0x00,0x00, 
	0x00,0x00,0x00,0x00, 
	0x00,0x00,0x00,0x00, 
	0x00,0x00,0x00,0x00, 
	0x00,0x00,0x00,0x00, 
	0x00,0x00,0x00,0x00, 
	0x00,0x00,0x00,0x00, 
	0x00,0x00,0x00,0x00, 
	0x00,0x00,0x00,0x00, 
	0x00,0x00,0x00,0x00, 
	0x00,0x00,0x00,0x00, 
	0x00,0x00,0x00,0x00, 
	0x00,0x00,0x00,0x00, 
	0x00,0x00,0x00,0x00, 
	0x00,0x00,0x00,0x00, 
	0x00,0x00,0x00,0x00, 
	0x00,0x00,0x00,0x00, 
	0x00,0x00,0x00,0x00, 
	0x00,0x00,0x00,0x00, 
	0x00,0x00,0x00,0x00, 
	0x00,0x00,0x00,0x00, 
	0x00,0x00,0x00,0x00, 
	0x00,0x00,0x00,0x00, 
	0x00,0x00,0x00,0x00, 
	0x00,0x00,0x00,0x00, 
	0x00,0x00,0x00,0x00, 
	0x00,0x00,0x00,0x00, 
	0x00,0x00,0x00,0x00, 
	0x00,0x00,0x00,0x00, 
	0x00,0x00,0x00,0x00, 
	0x00,0x00,0x00,0x00, 
	0x00,0x00,0x00,0x00, 
	0x00,0x00,0x00,0x00, 
	0x00,0x00,0x00,0x00, 
	0x00,0x00,0x00,0x00, 
	0x00,0x00,0x00,0x00, 
	0x00,0x00,0x00,0x00, 
	0x00,0x00,0x00,0x00, 
	0x00,0x00,0x00,0x00, 
	0x00,0x00,0x00,0x00, 
	0x00,0x00,0x00,0x00, 
	0x00,0x00,0x00,0x00, 
	0x00,0x00,0x00,0x00, 
	0x00,0x00,0x00,0x00, 
	0x00,0x00,0x00,0x00, 
	0x00,0x00,0x00,0x00, 
	0x00,0x00,0x00,0x00, 
	0x00,0x00,0x00,0x00, 
	0x00,0x00,0x00,0x00, 
	0x00,0x00,0x00,0x00, 
	0x00,0x00,0x00,0x00, 
	0x00,0x00,0x00,0x00, 
	0x00,0x00,0x00,0x00, 
	0x00,0x00,0x00,0x00, 
	0x00,0x00,0x00,0x00, 
	0x00,0x00,0x00,0x00, 
	0x00,0x00,0x00,0x00, 
	0x00,0x00,0x00,0x00, 
	0x00,0x00,0x00,0x00, 
	0x00,0x00,0x00,0x00, 
	0x00,0x00,0x00,0x00, 
	0x00,0x00,0x00,0x00, 
	0x00,0x00,0x00,0x00, 
	0x00,0x00,0x00,0x00, 
	0x00,0x00,0x00,0x00, 
	0x00,0x00,0x00,0x00, 
	0x00,0x00,0x00,0x00, 
	0x00,0x00,0x00,0x00, 
	0x00,0x00,0x00,0x00, 
	0x00,0x00,0x00,0x00, 
	0x00,0x00,0x00,0x00, 
	0x00,0x00,0x00,0x00, 
	0x00,0x00,0x00,0x00, 
	0x00,0x00,0x00,0x00, 
	0x00,0x00,0x00,0x00, 
	0x00,0x00,0x00,0x00, 
	0x00,0x00,0x00,0x00, 
	0x00,0x00,0x00,0x00, 
	0x00,0x00,0x00,0x00, 
	0x00,0x00,0x00,0x00, 
	0x00,0x00,0x00,0x00, 
	0x00,0x00,0x00,0x00, 
	0x00,0x00,0x00,0x00, 
	0x00,0x00,0x00,0x00, 
	0x00,0x00,0x00,0x00, 
	0x00,0x00,0x00,0x00, 
	0x00,0x00,0x00,0x00, 
	0x00,0x00,0x00,0x00, 
	0x00,0x00,0x00,0x00, 
	0x00,0x00,0x00,0x00, 
	0x00,0x00,0x00,0x00, 
	0x00,0x00,0x00,0x00, 
	0x00,0x00,0x00,0x00, 
	0x00,0x00,0x00,0x00, 
	0x00,0x00,0x00,0x00, 
	0x00,0x00,0x00,0x00, 
	0x00,0x00,0x00,0x00, 
	0x00,0x00,0x00,0x00, 
	0x00,0x00,0x00,0x00, 
	0x00,0x00,0x00,0x00, 
	0x00,0x00,0x00,0x00, 
	0x00,0x00,0x00,0x00, 
	0x00,0x00,0x00,0x00, 
	0x00,0x00,0x00,0x00, 
	0x00,0x00,0x00,0x00, 
	0x00,0x00,0x00,0x00, 
	0x00,0x00,0x00,0x00, 
	0x00,0x00,0x00,0x00, 
	0x00,0x00,0x00,0x00, 
	0x00,0x00,0x00,0x00, 
	0x00,0x00,0x00,0x00, 
	0x00,0x00,0x00,0x00, 
	0x00,0x00,0x00,0x00, 
	0x00,0x00,0x00,0x00, 
	0x00,0x00,0x00,0x00, 
	0x00,0x00,0x00,0x00, 
	0x00,0x00,0x00,0x00, 
	0x00,0x00,0x00,0x00, 
	0x00,0x00,0x00,0x00, 
	0x00,0x00,0x00,0x00, 
	0x00,0x00,0x00,0x00, 
	0x00,0x00,0x00,0x00, 
	0x00,0x00,0x00,0x00, 
	0x00,0x00,0x00,0x00, 
	0x00,0x00,0x00,0x00, 
	0x00,0x00,0x00,0x00, 
	0x00,0x00,0x00,0x00, 
	0x00,0x00,0x00,0x00, 
	0x00,0x00,0x00,0x00, 
	0x00,0x00,0x00,0x00, 
	0x00,0x00,0x00,0x00, 
	0x00,0x00,0x00,0x00, 
	0x00,0x00,0x00,0x00, 
	0x00,0x00,0x00,0x00, 
	0x00,0x00,0x00,0x00, 
	0x00,0x00,0x00,0x00, 
	0x00,0x00,0x00,0x00, 
	0x00,0x00,0x00,0x00, 
	0x00,0x00,0x00,0x00, 
	0x00,0x00,0x00,0x00, 
	0x00,0x00,0x00,0x00, 
	0x00,0x00,0x00,0x00, 
	0x00,0x00,0x00,0x00, 
	0x00,0x00,0x00,0x00, 
	0x00,0x00,0x00,0x00, 
	0x00,0x00,0x00,0x00, 
	0x00,0x00,0x00,0x00, 
	0x00,0x00,0x00,0x00, 
	0x00,0x00,0x00,0x00, 
	0x00,0x00,0x00,0x00, 
	0x00,0x00,0x00,0x00, 
	0x00,0x00,0x00,0x00, 
	0x00,0x00,0x00,0x00, 
	0x00,0x00,0x00,0x00, 
	0x00,0x00,0x00,0x00, 
	0x00,0x00,0x00,0x00, 
	0x00,0x00,0x00,0x00, 
	0x00,0x00,0x00,0x00, 
	0x00,0x00,0x00,0x00, 
	0x00,0x00,0x00,0x00, 
	0x00,0x00,0x00,0x00, 
	0x00,0x00,0x00,0x00, 
	0x00,0x00,0x00,0x00, 
	0x00,0x00,0x00,0x00, 
	0x00,0x00,0x00,0x00, 
	0x00,0x00,0x00,0x00, 
	0x00,0x00,0x00,0x00, 
	0x00,0x00,0x00,0x00, 
	0x00,0x00,0x00,0x00, 
	0x00,0x00,0x00,0x00, 
	0x00,0x00,0x00,0x00, 
	0x00,0x00,0x00,0x00, 
	0x00,0x00,0x00,0x00, 
	0x00,0x00,0x00,0x00, 
	0x00,0x00,0x00,0x00, 
	0x00,0x00,0x00,0x00, 
	0x00,0x00,0x00,0x00, 
	0x00,0x00,0x00,0x00, 
	0x00,0x00,0x00,0x00, 
	0x00,0x00,0x00,0x00, 
	0x00,0x00,0x00,0x00, 
	0x00,0x00,0x00,0x00, 
	0x00,0x00,0x00,0x00, 
	0x00,0x00,0x00,0x00, 
	0x00,0x00,0x00,0x00, 
	0x00,0x00,0x00,0x00, 
	0x00,0x00,0x00,0x00, 
	0x00,0x00,0x00,0x00, 
	0x00,0x00,0x00,0x00, 
	0x00,0x00,0x00,0x00, 
	0x00,0x00,0x00,0x00, 
	0x00,0x00,0x00,0x00, 
	0x00,0x00,0x00,0x00, 
	0x00,0x00,0x00,0x00, 
	0x00,0x00,0x00,0x00, 
	0x00,0x00,0x00,0x00, 
	0x00,0x00,0x00,0x00, 
	0x00,0x00,0x00,0x00, 
	0x00,0x00,0x00,0x00, 
	0x00,0x00,0x00,0x00, 
	0x00,0x00,0x00,0x00, 
	0x00,0x00,0x00,0x00, 
	0x00,0x00,0x00,0x00, 
	0x00,0x00,0x00,0x00, 
	0x00,0x00,0x00,0x00, 
	0x00,0x00,0x00,0x00, 
	0x00,0x00,0x00,0x00, 
	0x00,0x00,0x00,0x00, 
	0x00,0x00,0x00,0x00, 
	0x00,0x00,0x00,0x00, 
	0x00,0x00,0x00,0x00, 
	0x00,0x00,0x00,0x00, 
	0x00,0x00,0x00,0x00, 
	0x00,0x00,0x00,0x00, 
	0x00,0x00,0x00,0x00, 
	0x00,0x00,0x00,0x00, 
	0x00,0x00,0x00,0x00, 
	0x00,0x00,0x00,0x00, 
	0x00,0x00,0x00,0x00, 
	0x00,0x00,0x00,0x00, 
	0x00,0x00,0x00,0x00, 
	0x00,0x00,0x00,0x00, 
	0x00,0x00,0x00,0x00, 
	0x00,0x00,0x00,0x00, 
	0x00,0x00,0x00,0x00, 
	0x00,0x00,0x00,0x00, 
	0x00,0x00,0x00,0x00, 
	0x00,0x00,0x00,0x00, 
	0x00,0x00,0x00,0x00, 
	0x00,0x00,0x00,0x00, 
	0x00,0x00,0x00,0x00, 
	0x00,0x00,0x00,0x00, 
	0x00,0x00,0x00,0x00, 
	0x00,0x00,0x00,0x00, 
	0x00,0x00,0x00,0x00, 
	0x00,0x00,0x00,0x00, 
	0x00,0x00,0x00,0x00, 
	0x00,0x00,0x00,0x00, 
	0x00,0x00,0x00,0x00, 
	0x00,0x00,0x00,0x00, 
	0x00,0x00,0x00,0x00, 
	0x00,0x00,0x00,0x00, 
	0x00,0x00,0x00,0x00, 
	0x00,0x00,0x00,0x00, 
	0x00,0x00,0x00,0x00, 
	0x00,0x00,0x00,0x00, 
	0x00,0x00,0x00,0x00, 
	0x00,0x00,0x00,0x00, 
	0x00,0x00,0x00,0x00, 
	0x00,0x00,0x00,0x00, 
	0x00,0x00,0x00,0x00, 
	0x00,0x00,0x00,0x00, 
	0x00,0x00,0x00,0x00, 
	0x00,0x00,0x00,0x00, 
	0x00,0x00,0x00,0x00, 
	0x00,0x00,0x00,0x00, 
	0x00,0x00,0x00,0x00, 
	0x00,0x00,0x00,0x00, 
	0x00,0x00,0x00,0x00, 
	0x00,0x00,0x00,0x00, 
	0x00,0x00,0x00,0x00, 
	0x00,0x00,0x00,0x00, 
	0x00,0x00,0x00,0x00, 
	0x00,0x00,0x00,0x00, 
	0x00,0x00,0x00,0x00, 
	0x00,0x00,0x00,0x00, 
	0x00,0x00,0x00,0x00, 
	0x00,0x00,0x00,0x00, 
	0x00,0x00,0x00,0x00, 
	0x00,0x00,0x00,0x00, 
	0x00,0x00,0x00,0x00, 
	0x00,0x00,0x00,0x00, 
	0x00,0x00,0x00,0x00, 
	0x00,0x00,0x00,0x00, 
	0x00,0x00,0x00,0x00, 
	0x00,0x00,0x00,0x00, 
	0x00,0x00,0x00,0x00, 
	0x00,0x00,0x00,0x00, 
	0x00,0x00,0x00,0x00, 
	0x00,0x00,0x00,0x00, 
	0x00,0x00,0x00,0x00, 
	0x00,0x00,0x00,0x00, 
	0x00,0x00,0x00,0x00, 
	0x00,0x00,0x00,0x00, 
	0x00,0x00,0x00,0x00, 
	0x00,0x00,0x00,0x00, 
	0x00,0x00,0x00,0x00, 
	0x00,0x00,0x00,0x00, 
	0x00,0x00,0x00,0x00, 
	0x00,0x00,0x00,0x00, 
	0x00,0x00,0x00,0x00, 
	0x00,0x00,0x00,0x00, 
	0x00,0x00,0x00,0x00, 
	0x00,0x00,0x00,0x00, 
	0x00,0x00,0x00,0x00, 
	0x00,0x00,0x00,0x00, 
	0x00,0x00,0x00,0x00, 
	0x00,0x00,0x00,0x00, 
	0x00,0x00,0x00,0x00, 
	0x00,0x00,0x00,0x00, 
	0x00,0x00,0x00,0x00, 
	0x00,0x00,0x00,0x00, 
	0x00,0x00,0x00,0x00, 
	0x00,0x00,0x00,0x00, 
	0x00,0x00,0x00,0x00, 
	0x00,0x00,0x00,0x00, 
	0x00,0x00,0x00,0x00, 
	0x00,0x00,0x00,0x00, 
	0x00,0x00,0x00,0x00, 
	0x00,0x00,0x00,0x00, 
	0x00,0x00,0x00,0x00, 
	0x00,0x00,0x00,0x00, 
	0x00,0x00,0x00,0x00, 
	0x00,0x00,0x00,0x00, 
	0x00,0x00,0x00,0x00, 
	0x00,0x00,0x00,0x00, 
	0x00,0x00,0x00,0x00, 
	0x00,0x00,0x00,0x00, 
	0x00,0x00,0x00,0x00, 
	0x00,0x00,0x00,0x00, 
	0x00,0x00,0x00,0x00, 
	0x00,0x00,0x00,0x00, 
	0x00,0x00,0x00,0x00, 
	0x00,0x00,0x00,0x00, 
	0x00,0x00,0x00,0x00, 
	0x00,0x00,0x00,0x00, 
	0x00,0x00,0x00,0x00, 
	0x00,0x00,0x00,0x00, 
	0x00,0x00,0x00,0x00, 
	0x00,0x00,0x00,0x00, 
	0x00,0x00,0x00,0x00, 
	0x00,0x00,0x00,0x00, 
	0x00,0x00,0x00,0x00, 
	0x00,0x00,0x00,0x00, 
	0x00,0x00,0x00,0x00, 
	0x00,0x00,0x00,0x00, 
	0x00,0x00,0x00,0x00, 
	0x00,0x00,0x00,0x00, 
	0x00,0x00,0x00,0x00, 
	0x00,0x00,0x00,0x00, 
	0x00,0x00,0x00,0x00, 
	0x00,0x00,0x00,0x00, 
	0x00,0x00,0x00,0x00, 
	0x00,0x00,0x00,0x00, 
	0x00,0x00,0x00,0x00, 
	0x00,0x00,0x00,0x00, 
	0x00,0x00,0x00,0x00, 
	0x00,0x00,0x00,0x00, 
	0x00,0x00,0x00,0x00, 
	0x00,0x00,0x00,0x00, 
	0x00,0x00,0x00,0x00, 
	0x00,0x00,0x00,0x00, 
	0x00,0x00,0x00,0x00, 
	0x00,0x00,0x00,0x00, 
	0x00,0x00,0x00,0x00, 
	0x00,0x00,0x00,0x00, 
	0x00,0x00,0x00,0x00, 
	0x00,0x00,0x00,0x00, 
	0x00,0x00,0x00,0x00, 
	0x00,0x00,0x00,0x00, 
	0x00,0x00,0x00,0x00, 
	0x00,0x00,0x00,0x00, 
	0x00,0x00,0x00,0x00, 
	0x00,0x00,0x00,0x00, 
	0x00,0x00,0x00,0x00, 
	0x00,0x00,0x00,0x00, 
	0x00,0x00,0x00,0x00, 
	0x00,0x00,0x00,0x00, 
	0x00,0x00,0x00,0x00, 
	0x00,0x00,0x00,0x00, 
	0x00,0x00,0x00,0x00, 
	0x00,0x00,0x00,0x00, 
	0x00,0x00,0x00,0x00, 
	0x00,0x00,0x00,0x00, 
	0x00,0x00,0x00,0x00, 
	0x00,0x00,0x00,0x00, 
	0x00,0x00,0x00,0x00, 
	0x00,0x00,0x00,0x00, 
	0x00,0x00,0x00,0x00, 
	0x00,0x00,0x00,0x00, 
	0x00,0x00,0x00,0x00, 
	0x00,0x00,0x00,0x00, 
	0x00,0x00,0x00,0x00, 
	0x00,0x00,0x00,0x00, 
	0x00,0x00,0x00,0x00, 
	0x00,0x00,0x00,0x00, 
	0x00,0x00,0x00,0x00, 
	0x00,0x00,0x00,0x00, 
	0x00,0x00,0x00,0x00, 
	0x00,0x00,0x00,0x00, 
	0x00,0x00,0x00,0x00, 
	0x00,0x00,0x00,0x00, 
	0x00,0x00,0x00,0x00, 
	0x00,0x00,0x00,0x00, 
	0x00,0x00,0x00,0x00, 
	0x00,0x00,0x00,0x00, 
	0x00,0x00,0x00,0x00, 
	0x00,0x00,0x00,0x00, 
	0x00,0x00,0x00,0x00, 
	0x00,0x00,0x00,0x00, 
	0x00,0x00,0x00,0x00, 
	0x00,0x00,0x00,0x00, 
	0x00,0x00,0x00,0x00, 
	0x00,0x00,0x00,0x00, 
	0x00,0x00,0x00,0x00, 
	0x00,0x00,0x00,0x00, 
	0x00,0x00,0x00,0x00, 
	0x00,0x00,0x00,0x00, 
	0x00,0x00,0x00,0x00, 
	0x00,0x00,0x00,0x00, 
	0x00,0x00,0x00,0x00, 
	0x00,0x00,0x00,0x00, 
	0x00,0x00,0x00,0x00, 
	0x00,0x00,0x00,0x00, 
	0x00,0x00,0x00,0x00, 
	0x00,0x00,0x00,0x00, 
	0x00,0x00,0x00,0x00, 
	0x00,0x00,0x00,0x00, 
	0x00,0x00,0x00,0x00, 
	0x00,0x00,0x00,0x00, 
	0x00,0x00,0x00,0x00, 
	0x00,0x00,0x00,0x00, 
	0x00,0x00,0x00,0x00, 
	0x00,0x00,0x00,0x00, 
	0x00,0x00,0x00,0x00, 
	0x00,0x00,0x00,0x00, 
	0x00,0x00,0x00,0x00, 
	0x00,0x00,0x00,0x00, 
	0x00,0x00,0x00,0x00, 
	0x00,0x00,0x00,0x00, 
	0x00,0x00,0x00,0x00, 
	0x00,0x00,0x00,0x00, 
	0x00,0x00,0x00,0x00, 
	0x00,0x00,0x00,0x00, 
	0x00,0x00,0x00,0x00, 
	0x00,0x00,0x00,0x00, 
	0x00,0x00,0x00,0x00, 
	0x00,0x00,0x00,0x00, 
	0x00,0x00,0x00,0x00, 
	0x00,0x00,0x00,0x00, 
	0x00,0x00,0x00,0x00, 
	0x00,0x00,0x00,0x00, 
	0x00,0x00,0x00,0x00, 
	0x00,0x00,0x00,0x00, 
	0x00,0x00,0x00,0x00, 
	0x00,0x00,0x00,0x00, 
	0x00,0x00,0x00,0x00, 
	0x00,0x00,0x00,0x00, 
	0x00,0x00,0x00,0x00, 
	0x00,0x00,0x00,0x00, 
	0x00,0x00,0x00,0x00, 
	0x00,0x00,0x00,0x00, 
	0x00,0x00,0x00,0x00, 
	0x00,0x00,0x00,0x00, 
	0x00,0x00,0x00,0x00, 
	0x00,0x00,0x00,0x00, 
	0x00,0x00,0x00,0x00, 
	0x00,0x00,0x00,0x00, 
	0x00,0x00,0x00,0x00, 
	0x00,0x00,0x00,0x00, 
	0x00,0x00,0x00,0x00, 
	0x00,0x00,0x00,0x00, 
	0x00,0x00,0x00,0x00, 
	0x00,0x00,0x00,0x00, 
	0x00,0x00,0x00,0x00, 
	0x00,0x00,0x00,0x00, 
	0x00,0x00,0x00,0x00, 
	0x00,0x00,0x00,0x00, 
	0x00,0x00,0x00,0x00, 
	0x00,0x00,0x00,0x00, 
	0x00,0x00,0x00,0x00, 
	0x00,0x00,0x00,0x00, 
	0x00,0x00,0x00,0x00, 
	0x00,0x00,0x00,0x00, 
	0x00,0x00,0x00,0x00, 
	0x00,0x00,0x00,0x00, 
	0x00,0x00,0x00,0x00, 
	0x00,0x00,0x00,0x00, 
	0x00,0x00,0x00,0x00, 
	0x00,0x00,0x00,0x00, 
	0x00,0x00,0x00,0x00, 
	0x00,0x00,0x00,0x00, 
	0x00,0x00,0x00,0x00, 
	0x00,0x00,0x00,0x00, 
	0x00,0x00,0x00,0x00, 
	0x00,0x00,0x00,0x00, 
	0x00,0x00,0x00,0x00, 
	0x00,0x00,0x00,0x00, 
	0x00,0x00,0x00,0x00, 
	0x00,0x00,0x00,0x00, 
	0x00,0x00,0x00,0x00, 
	0x00,0x00,0x00,0x00, 
	0x00,0x00,0x00,0x00, 
	0x00,0x00,0x00,0x00, 
	0x00,0x00,0x00,0x00, 
	0x00,0x00,0x00,0x00, 
	0x00,0x00,0x00,0x00, 
	0x00,0x00,0x00,0x00, 
	0x00,0x00,0x00,0x00, 
	0x00,0x00,0x00,0x00, 
	0x00,0x00,0x00,0x00, 
	0x00,0x00,0x00,0x00, 
	0x00,0x00,0x00,0x00, 
	0x00,0x00,0x00,0x00, 
	0x00,0x00,0x00,0x00, 
	0x00,0x00,0x00,0x00, 
	0x00,0x00,0x00,0x00, 
	0x00,0x00,0x00,0x00, 
	0x00,0x00,0x00,0x00, 
	0x00,0x00,0x00,0x00, 
	0x00,0x00,0x00,0x00, 
	0x00,0x00,0x00,0x00, 
	0x00,0x00,0x00,0x00, 
	0x00,0x00,0x00,0x00, 
	0x00,0x00,0x00,0x00, 
	0x00,0x00,0x00,0x00, 
	0x00,0x00,0x00,0x00, 
	0x00,0x00,0x00,0x00, 
	0x00,0x00,0x00,0x00, 
	0x00,0x00,0x00,0x00, 
	0x00,0x00,0x00,0x00, 
	0x00,0x00,0x00,0x00, 
	0x00,0x00,0x00,0x00, 
	0x00,0x00,0x00,0x00, 
	0x00,0x00,0x00,0x00, 
	0x00,0x00,0x00,0x00, 
	0x00,0x00,0x00,0x00, 
	0x00,0x00,0x00,0x00, 
	0x00,0x00,0x00,0x00, 
	0x00,0x00,0x00,0x00, 
	0x00,0x00,0x00,0x00, 
	0x00,0x00,0x00,0x00, 
	0x00,0x00,0x00,0x00, 
	0x00,0x00,0x00,0x00, 
	0x00,0x00,0x00,0x00, 
	0x00,0x00,0x00,0x00, 
	0x00,0x00,0x00,0x00, 
	0x00,0x00,0x00,0x00, 
	0x00,0x00,0x00,0x00, 
	0x00,0x00,0x00,0x00, 
	0x00,0x00,0x00,0x00, 
	0x00,0x00,0x00,0x00, 
	0x00,0x00,0x00,0x00, 
	0x00,0x00,0x00,0x00, 
	0x00,0x00,0x00,0x00, 
	0x00,0x00,0x00,0x00, 
	0x00,0x00,0x00,0x00, 
	0x00,0x00,0x00,0x00, 
	0x00,0x00,0x00,0x00, 
	0x00,0x00,0x00,0x00, 
	0x00,0x00,0x00,0x00, 
	0x00,0x00,0x00,0x00, 
	0x00,0x00,0x00,0x00, 
	0x00,0x00,0x00,0x00, 
	0x00,0x00,0x00,0x00, 
	0x00,0x00,0x00,0x00, 
	0x00,0x00,0x00,0x00, 
	0x00,0x00,0x00,0x00, 
	0x00,0x00,0x00,0x00, 
	0x00,0x00,0x00,0x00, 
	0x00,0x00,0x00,0x00, 
	0x00,0x00,0x00,0x00, 
	0x00,0x00,0x00,0x00, 
	0x00,0x00,0x00,0x00, 
	0x00,0x00,0x00,0x00, 
	0x00,0x00,0x00,0x00, 
	0x00,0x00,0x00,0x00, 
	0x00,0x00,0x00,0x00, 
	0x00,0x00,0x00,0x00, 
	0x00,0x00,0x00,0x00, 
	0x00,0x00,0x00,0x00, 
	0x00,0x00,0x00,0x00, 
	0x00,0x00,0x00,0x00, 
	0x00,0x00,0x00,0x00, 
	0x00,0x00,0x00,0x00, 
	0x00,0x00,0x00,0x00, 
	0x00,0x00,0x00,0x00, 
	0x00,0x00,0x00,0x00, 
	0x00,0x00,0x00,0x00, 
	0x00,0x00,0x00,0x00, 
	0x00,0x00,0x00,0x00, 
	0x00,0x00,0x00,0x00, 
	0x00,0x00,0x00,0x00, 
	0x00,0x00,0x00,0x00, 
	0x00,0x00,0x00,0x00, 
	0x00,0x00,0x00,0x00, 
	0x00,0x00,0x00,0x00, 
	0x00,0x00,0x00,0x00, 
	0x00,0x00,0x00,0x00, 
	0x00,0x00,0x00,0x00, 
	0x00,0x00,0x00,0x00, 
	0x00,0x00,0x00,0x00, 
	0x00,0x00,0x00,0x00, 
	0x00,0x00,0x00,0x00, 
	0x00,0x00,0x00,0x00, 
	0x00,0x00,0x00,0x00, 
	0x00,0x00,0x00,0x00, 
	0x00,0x00,0x00,0x00, 
	0x00,0x00,0x00,0x00, 
	0x00,0x00,0x00,0x00, 
	0x00,0x00,0x00,0x00, 
	0x00,0x00,0x00,0x00, 
	0x00,0x00,0x00,0x00, 
	0x00,0x00,0x00,0x00, 
	0x00,0x00,0x00,0x00, 
	0x00,0x00,0x00,0x00, 
	0x00,0x00,0x00,0x00, 
	0x00,0x00,0x00,0x00, 
	0x00,0x00,0x00,0x00, 
	0x00,0x00,0x00,0x00, 
	0x00,0x00,0x00,0x00, 
	0x00,0x00,0x00,0x00, 
	0x00,0x00,0x00,0x00, 
	0x00,0x00,0x00,0x00, 
	0x00,0x00,0x00,0x00, 
	0x00,0x00,0x00,0x00, 
	0x00,0x00,0x00,0x00, 
	0x00,0x00,0x00,0x00, 
	0x00,0x00,0x00,0x00, 
	0x00,0x00,0x00,0x00, 
	0x00,0x00,0x00,0x00, 
	0x00,0x00,0x00,0x00, 
	0x00,0x00,0x00,0x00, 
	0x00,0x00,0x00,0x00, 
	0x00,0x00,0x00,0x00, 
	0x00,0x00,0x00,0x00, 
	0x00,0x00,0x00,0x00, 
	0x00,0x00,0x00,0x00, 
	0x00,0x00,0x00,0x00, 
	0x00,0x00,0x00,0x00, 
	0x00,0x00,0x00,0x00, 
	0x00,0x00,0x00,0x00, 
	0x00,0x00,0x00,0x00, 
	0x00,0x00,0x00,0x00, 
	0x00,0x00,0x00,0x00, 
	0x00,0x00,0x00,0x00, 
	0x00,0x00,0x00,0x00, 
	0x00,0x00,0x00,0x00, 
	0x00,0x00,0x00,0x00, 
	0x00,0x00,0x00,0x00, 
	0x00,0x00,0x00,0x00, 
	0x00,0x00,0x00,0x00, 
	0x00,0x00,0x00,0x00, 
	0x00,0x00,0x00,0x00, 
	0x00,0x00,0x00,0x00, 
	0x00,0x00,0x00,0x00, 
	0x00,0x00,0x00,0x00, 
	0x00,0x00,0x00,0x00, 
	0x00,0x00,0x00,0x00, 
	0x00,0x00,0x00,0x00, 
	0x00,0x00,0x00,0x00, 
	0x00,0x00,0x00,0x00, 
	0x00,0x00,0x00,0x00, 
	0x00,0x00,0x00,0x00, 
	0x00,0x00,0x00,0x00, 
	0x00,0x00,0x00,0x00, 
	0x00,0x00,0x00,0x00, 
	0x00,0x00,0x00,0x00, 
	0x00,0x00,0x00,0x00, 
	0x00,0x00,0x00,0x00, 
	0x00,0x00,0x00,0x00, 
	0x00,0x00,0x00,0x00, 
	0x00,0x00,0x00,0x00, 
	0x00,0x00,0x00,0x00, 
	0x00,0x00,0x00,0x00, 
	0x00,0x00,0x00,0x00, 
	0x00,0x00,0x00,0x00, 
	0x00,0x00,0x00,0x00, 
	0x00,0x00,0x00,0x00, 
	0x00,0x00,0x00,0x00, 
	0x00,0x00,0x00,0x00, 
	0x00,0x00,0x00,0x00, 
	0x00,0x00,0x00,0x00, 
	0x00,0x00,0x00,0x00, 
	0x00,0x00,0x00,0x00, 
	0x00,0x00,0x00,0x00, 
	0x00,0x00,0x00,0x00, 
	0x00,0x00,0x00,0x00, 
	0x00,0x00,0x00,0x00, 
	0x00,0x00,0x00,0x00, 
	0x00,0x00,0x00,0x00, 
	0x00,0x00,0x00,0x00, 
	0x00,0x00,0x00,0x00, 
	0x00,0x00,0x00,0x00, 
	0x00,0x00,0x00,0x00, 
	0x00,0x00,0x00,0x00, 
	0x00,0x00,0x00,0x00, 
	0x00,0x00,0x00,0x00, 
	0x00,0x00,0x00,0x00, 
	0x00,0x00,0x00,0x00, 
	0x00,0x00,0x00,0x00, 
	0x00,0x00,0x00,0x00, 
	0x00,0x00,0x00,0x00, 
	0x00,0x00,0x00,0x00, 
	0x00,0x00,0x00,0x00, 
	0x00,0x00,0x00,0x00, 
	0x00,0x00,0x00,0x00, 
	0x00,0x00,0x00,0x00, 
	0x00,0x00,0x00,0x00, 
	0x00,0x00,0x00,0x00, 
	0x00,0x00,0x00,0x00, 
	0x00,0x00,0x00,0x00, 
	0x00,0x00,0x00,0x00, 
	0x00,0x00,0x00,0x00, 
	0x00,0x00,0x00,0x00, 
	0x00,0x00,0x00,0x00, 
	0x00,0x00,0x00,0x00, 
	0x00,0x00,0x00,0x00, 
	0x00,0x00,0x00,0x00, 
	0x00,0x00,0x00,0x00, 
	0x00,0x00,0x00,0x00, 
	0x00,0x00,0x00,0x00, 
	0x00,0x00,0x00,0x00, 
	0x00,0x00,0x00,0x00, 
	0x00,0x00,0x00,0x00, 
	0x00,0x00,0x00,0x00, 
	0x00,0x00,0x00,0x00, 
	0x00,0x00,0x00,0x00, 
	0x00,0x00,0x00,0x00, 
	0x00,0x00,0x00,0x00, 
	0x00,0x00,0x00,0x00, 
	0x00,0x00,0x00,0x00, 
	0x00,0x00,0x00,0x00, 
	0x00,0x00,0x00,0x00, 
	0x00,0x00,0x00,0x00, 
	0x00,0x00,0x00,0x00, 
	0x00,0x00,0x00,0x00, 
	0x00,0x00,0x00,0x00, 
	0x00,0x00,0x00,0x00, 
	0x00,0x00,0x00,0x00, 
	0x00,0x00,0x00,0x00, 
	0x00,0x00,0x00,0x00, 
	0x00,0x00,0x00,0x00, 
	0x00,0x00,0x00,0x00, 
	0x00,0x00,0x00,0x00, 
	0x00,0x00,0x00,0x00, 
	0x00,0x00,0x00,0x00, 
	0x00,0x00,0x00,0x00, 
	0x00,0x00,0x00,0x00, 
	0x00,0x00,0x00,0x00, 
	0x00,0x00,0x00,0x00, 
	0x00,0x00,0x00,0x00, 
	0x00,0x00,0x00,0x00, 
	0x00,0x00,0x00,0x00, 
	0x00,0x00,0x00,0x00, 
	0x00,0x00,0x00,0x00, 
	0x00,0x00,0x00,0x00, 
	0x00,0x00,0x00,0x00, 
	0x00,0x00,0x00,0x00, 
	0x00,0x00,0x00,0x00, 
	0x00,0x00,0x00,0x00, 
	0x00,0x00,0x00,0x00, 
	0x00,0x00,0x00,0x00, 
	0x00,0x00,0x00,0x00, 
	0x00,0x00,0x00,0x00, 
	0x00,0x00,0x00,0x00, 
	0x00,0x00,0x00,0x00, 
	0x00,0x00,0x00,0x00, 
	0x00,0x00,0x00,0x00, 
	0x00,0x00,0x00,0x00, 
	0x00,0x00,0x00,0x00, 
	0x00,0x00,0x00,0x00, 
	0x00,0x00,0x00,0x00, 
	0x00,0x00,0x00,0x00, 
	0x00,0x00,0x00,0x00, 
	0x00,0x00,0x00,0x00, 
	0x00,0x00,0x00,0x00, 
	0x00,0x00,0x00,0x00, 
	0x00,0x00,0x00,0x00, 
	0x00,0x00,0x00,0x00, 
	0x00,0x00,0x00,0x00, 
	0x00,0x00,0x00,0x00, 
	0x00,0x00,0x00,0x00, 
	0x00,0x00,0x00,0x00, 
	0x00,0x00,0x00,0x00, 
	0x00,0x00,0x00,0x00, 
	0x00,0x00,0x00,0x00, 
	0x00,0x00,0x00,0x00, 
	0x00,0x00,0x00,0x00, 
	0x00,0x00,0x00,0x00, 
	0x00,0x00,0x00,0x00, 
	0x00,0x00,0x00,0x00, 
	0x00,0x00,0x00,0x00, 
	0x00,0x00,0x00,0x00, 
	0x00,0x00,0x00,0x00, 
	0x00,0x00,0x00,0x00, 
	0x00,0x00,0x00,0x00, 
	0x00,0x00,0x00,0x00, 
	0x00,0x00,0x00,0x00, 
	0x00,0x00,0x00,0x00, 
	0x00,0x00,0x00,0x00, 
	0x00,0x00,0x00,0x00, 
	0x00,0x00,0x00,0x00, 
	0x00,0x00,0x00,0x00, 
	0x00,0x00,0x00,0x00, 
	0x00,0x00,0x00,0x00, 
	0x00,0x00,0x00,0x00, 
	0x00,0x00,0x00,0x00, 
	0x00,0x00,0x00,0x00, 
	0x00,0x00,0x00,0x00, 
	0x00,0x00,0x00,0x00, 
	0x00,0x00,0x00,0x00, 
	0x00,0x00,0x00,0x00, 
	0x00,0x00,0x00,0x00, 
	0x00,0x00,0x00,0x00, 
	0x00,0x00,0x00,0x00, 
	0x00,0x00,0x00,0x00, 
	0x00,0x00,0x00,0x00, 
	0x00,0x00,0x00,0x00, 
	0x00,0x00,0x00,0x00, 
	0x00,0x00,0x00,0x00, 
	0x00,0x00,0x00,0x00, 
	0x00,0x00,0x00,0x00, 
	0x00,0x00,0x00,0x00, 
	0x00,0x00,0x00,0x00, 
	0x00,0x00,0x00,0x00, 
	0x00,0x00,0x00,0x00, 
	0x00,0x00,0x00,0x00, 
	0x00,0x00,0x00,0x00, 
	0x00,0x00,0x00,0x00, 
	0x00,0x00,0x00,0x00, 
	0x00,0x00,0x00,0x00, 
	0x00,0x00,0x00,0x00, 
	0x00,0x00,0x00,0x00, 
	0x00,0x00,0x00,0x00, 
	0x00,0x00,0x00,0x00, 
	0x00,0x00,0x00,0x00, 
	0x00,0x00,0x00,0x00, 
	0x00,0x00,0x00,0x00, 
	0x00,0x00,0x00,0x00, 
	0x00,0x00,0x00,0x00, 
	0x00,0x00,0x00,0x00, 
	0x00,0x00,0x00,0x00, 
	0x00,0x00,0x00,0x00, 
	0x00,0x00,0x00,0x00, 
	0x00,0x00,0x00,0x00, 
	0x00,0x00,0x00,0x00, 
	0x00,0x00,0x00,0x00, 
	0x00,0x00,0x00,0x00, 
	0x00,0x00,0x00,0x00, 
	0x00,0x00,0x00,0x00, 
	0x00,0x00,0x00,0x00, 
	0x00,0x00,0x00,0x00, 
	0x00,0x00,0x00,0x00, 
	0x00,0x00,0x00,0x00, 
	0x00,0x00,0x00,0x00, 
	0x00,0x00,0x00,0x00, 
	0x00,0x00,0x00,0x00, 
	0x00,0x00,0x00,0x00, 
	0x00,0x00,0x00,0x00, 
	0x00,0x00,0x00,0x00, 
	0x00,0x00,0x00,0x00, 
	0x00,0x00,0x00,0x00, 
	0x00,0x00,0x00,0x00, 
	0x00,0x00,0x00,0x00, 
	0x00,0x00,0x00,0x00, 
	0x00,0x00,0x00,0x00, 
	0x00,0x00,0x00,0x00, 
	0x00,0x00,0x00,0x00, 
	0x00,0x00,0x00,0x00, 
	0x00,0x00,0x00,0x00, 
	0x00,0x00,0x00,0x00, 
	0x00,0x00,0x00,0x00, 
	0x00,0x00,0x00,0x00, 
	0x00,0x00,0x00,0x00, 
	0x00,0x00,0x00,0x00, 
	0x00,0x00,0x00,0x00, 
	0x00,0x00,0x00,0x00, 
	0x00,0x00,0x00,0x00, 
	0x00,0x00,0x00,0x00, 
	0x00,0x00,0x00,0x00, 
	0x00,0x00,0x00,0x00, 
	0x00,0x00,0x00,0x00, 
	0x00,0x00,0x00,0x00, 
	0x00,0x00,0x00,0x00, 
	0x00,0x00,0x00,0x00, 
	0x00,0x00,0x00,0x00, 
	0x00,0x00,0x00,0x00, 
	0x00,0x00,0x00,0x00, 
	0x00,0x00,0x00,0x00, 
	0x00,0x00,0x00,0x00, 
	0x00,0x00,0x00,0x00, 
	0x00,0x00,0x00,0x00, 
	0x00,0x00,0x00,0x00, 
	0x00,0x00,0x00,0x00, 
	0x00,0x00,0x00,0x00, 
	0x00,0x00,0x00,0x00, 
	0x00,0x00,0x00,0x00, 
	0x00,0x00,0x00,0x00, 
	0x00,0x00,0x00,0x00, 
	0x00,0x00,0x00,0x00, 
	0x00,0x00,0x00,0x00, 
	0x00,0x00,0x00,0x00, 
	0x00,0x00,0x00,0x00, 
	0x00,0x00,0x00,0x00, 
	0x00,0x00,0x00,0x00, 
	0x00,0x00,0x00,0x00, 
	0x00,0x00,0x00,0x00, 
	0x00,0x00,0x00,0x00, 
	0x00,0x00,0x00,0x00, 
	0x00,0x00,0x00,0x00, 
	0x00,0x00,0x00,0x00, 
	0x00,0x00,0x00,0x00, 
	0x00,0x00,0x00,0x00, 
	0x00,0x00,0x00,0x00, 
	0x00,0x00,0x00,0x00, 
	0x00,0x00,0x00,0x00, 
	0x00,0x00,0x00,0x00, 
	0x00,0x00,0x00,0x00, 
	0x00,0x00,0x00,0x00, 
	0x00,0x00,0x00,0x00, 
	0x00,0x00,0x00,0x00, 
	0x00,0x00,0x00,0x00, 
	0x00,0x00,0x00,0x00, 
	0x00,0x00,0x00,0x00, 
	0x00,0x00,0x00,0x00, 
	0x00,0x00,0x00,0x00, 
	0x00,0x00,0x00,0x00, 
	0x00,0x00,0x00,0x00, 
	0x00,0x00,0x00,0x00, 
	0x00,0x00,0x00,0x00, 
	0x00,0x00,0x00,0x00, 
	0x00,0x00,0x00,0x00, 
	0x00,0x00,0x00,0x00, 
	0x00,0x00,0x00,0x00, 
	0x00,0x00,0x00,0x00, 
	0x00,0x00,0x00,0x00, 
	0x00,0x00,0x00,0x00, 
	0x00,0x00,0x00,0x00, 
	0x00,0x00,0x00,0x00, 
	0x00,0x00,0x00,0x00, 
	0x00,0x00,0x00,0x00, 
	0x00,0x00,0x00,0x00, 
	0x00,0x00,0x00,0x00, 
	0x00,0x00,0x00,0x00, 
	0x00,0x00,0x00,0x00, 
	0x00,0x00,0x00,0x00, 
	0x00,0x00,0x00,0x00, 
	0x00,0x00,0x00,0x00, 
	0x00,0x00,0x00,0x00, 
	0x00,0x00,0x00,0x00, 
	0x00,0x00,0x00,0x00, 
	0x00,0x00,0x00,0x00, 
	0x00,0x00,0x00,0x00, 
	0x00,0x00,0x00,0x00, 
	0x00,0x00,0x00,0x00, 
	0x00,0x00,0x00,0x00, 
	0x00,0x00,0x00,0x00, 
	0x00,0x00,0x00,0x00, 
	0x00,0x00,0x00,0x00, 
	0x00,0x00,0x00,0x00, 
	0x00,0x00,0x00,0x00, 
	0x00,0x00,0x00,0x00, 
	0x00,0x00,0x00,0x00, 
	0x00,0x00,0x00,0x00, 
	0x00,0x00,0x00,0x00, 
	0x00,0x00,0x00,0x00, 
	0x00,0x00,0x00,0x00, 
	0x00,0x00,0x00,0x00, 
	0x00,0x00,0x00,0x00, 
	0x00,0x00,0x00,0x00, 
	0x00,0x00,0x00,0x00, 
	0x00,0x00,0x00,0x00, 
	0x00,0x00,0x00,0x00, 
	0x00,0x00,0x00,0x00, 
	0x00,0x00,0x00,0x00, 
	0x00,0x00,0x00,0x00, 
	0x00,0x00,0x00,0x00, 
	0x00,0x00,0x00,0x00, 
	0x00,0x00,0x00,0x00, 
	0x00,0x00,0x00,0x00, 
	0x00,0x00,0x00,0x00, 
	0x00,0x00,0x00,0x00, 
	0x00,0x00,0x00,0x00, 
	0x00,0x00,0x00,0x00, 
	0x00,0x00,0x00,0x00, 
	0x00,0x00,0x00,0x00, 
	0x00,0x00,0x00,0x00, 
	0x00,0x00,0x00,0x00, 
	0x00,0x00,0x00,0x00, 
	0x00,0x00,0x00,0x00, 
	0x00,0x00,0x00,0x00, 
	0x00,0x00,0x00,0x00, 
	0x00,0x00,0x00,0x00, 
	0x00,0x00,0x00,0x00, 
	0x00,0x00,0x00,0x00, 
	0x00,0x00,0x00,0x00, 
	0x00,0x00,0x00,0x00, 
	0x00,0x00,0x00,0x00, 
	0x00,0x00,0x00,0x00, 
	0x00,0x00,0x00,0x00, 
	0x00,0x00,0x00,0x00, 
	0x00,0x00,0x00,0x00, 
	0x00,0x00,0x00,0x00, 
	0x00,0x00,0x00,0x00, 
	0x00,0x00,0x00,0x00, 
	0x00,0x00,0x00,0x00, 
	0x00,0x00,0x00,0x00, 
	0x00,0x00,0x00,0x00, 
	0x00,0x00,0x00,0x00, 
	0x00,0x00,0x00,0x00, 
	0x00,0x00,0x00,0x00, 
	0x00,0x00,0x00,0x00, 
	0x00,0x00,0x00,0x00, 
	0x00,0x00,0x00,0x00, 
	0x00,0x00,0x00,0x00, 
	0x00,0x00,0x00,0x00, 
	0x00,0x00,0x00,0x00, 
	0x00,0x00,0x00,0x00, 
	0x00,0x00,0x00,0x00, 
	0x00,0x00,0x00,0x00, 
	0x00,0x00,0x00,0x00, 
	0x00,0x00,0x00,0x00, 
	0x00,0x00,0x00,0x00, 
	0x00,0x00,0x00,0x00, 
	0x00,0x00,0x00,0x00, 
	0x00,0x00,0x00,0x00, 
	0x00,0x00,0x00,0x00, 
	0x00,0x00,0x00,0x00, 
	0x00,0x00,0x00,0x00, 
	0x00,0x00,0x00,0x00, 
	0x00,0x00,0x00,0x00, 
	0x00,0x00,0x00,0x00, 
	0x00,0x00,0x00,0x00, 
	0x00,0x00,0x00,0x00, 
	0x00,0x00,0x00,0x00, 
	0x00,0x00,0x00,0x00, 
	0x00,0x00,0x00,0x00, 
	0x00,0x00,0x00,0x00, 
	0x00,0x00,0x00,0x00, 
	0x00,0x00,0x00,0x00, 
	0x00,0x00,0x00,0x00, 
	0x00,0x00,0x00,0x00, 
	0x00,0x00,0x00,0x00, 
	0x00,0x00,0x00,0x00, 
	0x00,0x00,0x00,0x00, 
	0x00,0x00,0x00,0x00, 
	0x00,0x00,0x00,0x00, 
	0x00,0x00,0x00,0x00, 
	0x00,0x00,0x00,0x00, 
	0x00,0x00,0x00,0x00, 
	0x00,0x00,0x00,0x00, 
	0x00,0x00,0x00,0x00, 
	0x00,0x00,0x00,0x00, 
	0x00,0x00,0x00,0x00, 
	0x00,0x00,0x00,0x00, 
	0x00,0x00,0x00,0x00, 
	0x00,0x00,0x00,0x00, 
	0x00,0x00,0x00,0x00, 
	0x00,0x00,0x00,0x00, 
	0x00,0x00,0x00,0x00, 
	0x00,0x00,0x00,0x00, 
	0x00,0x00,0x00,0x00, 
	0x00,0x00,0x00,0x00, 
	0x00,0x00,0x00,0x00, 
	0x00,0x00,0x00,0x00, 
	0x00,0x00,0x00,0x00, 
	0x00,0x00,0x00,0x00, 
	0x00,0x00,0x00,0x00, 
	0x00,0x00,0x00,0x00, 
	0x00,0x00,0x00,0x00, 
	0x00,0x00,0x00,0x00, 
	0x00,0x00,0x00,0x00, 
	0x00,0x00,0x00,0x00, 
	0x00,0x00,0x00,0x00, 
	0x00,0x00,0x00,0x00, 
	0x00,0x00,0x00,0x00, 
	0x00,0x00,0x00,0x00, 
	0x00,0x00,0x00,0x00, 
	0x00,0x00,0x00,0x00, 
	0x00,0x00,0x00,0x00, 
	0x00,0x00,0x00,0x00, 
	0x00,0x00,0x00,0x00, 
	0x00,0x00,0x00,0x00, 
	0x00,0x00,0x00,0x00, 
	0x00,0x00,0x00,0x00, 
	0x00,0x00,0x00,0x00, 
	0x00,0x00,0x00,0x00, 
	0x00,0x00,0x00,0x00, 
	0x00,0x00,0x00,0x00, 
	0x00,0x00,0x00,0x00, 
	0x00,0x00,0x00,0x00, 
	0x00,0x00,0x00,0x00, 
	0x00,0x00,0x00,0x00, 
	0x00,0x00,0x00,0x00, 
	0x00,0x00,0x00,0x00, 
	0x00,0x00,0x00,0x00, 
	0x00,0x00,0x00,0x00, 
	0x00,0x00,0x00,0x00, 
	0x00,0x00,0x00,0x00, 
	0x00,0x00,0x00,0x00, 
	0x00,0x00,0x00,0x00, 
	0x00,0x00,0x00,0x00, 
	0x00,0x00,0x00,0x00, 
	0x00,0x00,0x00,0x00, 
	0x00,0x00,0x00,0x00, 
	0x00,0x00,0x00,0x00, 
	0x00,0x00,0x00,0x00, 
	0x00,0x00,0x00,0x00, 
	0x00,0x00,0x00,0x00, 
	0x00,0x00,0x00,0x00, 
	0x00,0x00,0x00,0x00, 
	0x00,0x00,0x00,0x00, 
	0x00,0x00,0x00,0x00, 
	0x00,0x00,0x00,0x00, 
	0x00,0x00,0x00,0x00, 
	0x00,0x00,0x00,0x00, 
	0x00,0x00,0x00,0x00, 
	0x00,0x00,0x00,0x00, 
	0x00,0x00,0x00,0x00, 
	0x00,0x00,0x00,0x00, 
	0x00,0x00,0x00,0x00, 
	0x00,0x00,0x00,0x00, 
	0x00,0x00,0x00,0x00, 
	0x00,0x00,0x00,0x00, 
	0x00,0x00,0x00,0x00, 
	0x00,0x00,0x00,0x00, 
	0x00,0x00,0x00,0x00, 
	0x00,0x00,0x00,0x00, 
	0x00,0x00,0x00,0x00, 
	0x00,0x00,0x00,0x00, 
	0x00,0x00,0x00,0x00, 
	0x00,0x00,0x00,0x00, 
	0x00,0x00,0x00,0x00, 
	0x00,0x00,0x00,0x00, 
	0x00,0x00,0x00,0x00, 
	0x00,0x00,0x00,0x00, 
	0x00,0x00,0x00,0x00, 
	0x00,0x00,0x00,0x00, 
	0x00,0x00,0x00,0x00, 
	0x00,0x00,0x00,0x00, 
	0x00,0x00,0x00,0x00, 
	0x00,0x00,0x00,0x00, 
	0x00,0x00,0x00,0x00, 
	0x00,0x00,0x00,0x00, 
	0x00,0x00,0x00,0x00, 
	0x00,0x00,0x00,0x00, 
	0x00,0x00,0x00,0x00, 
	0x00,0x00,0x00,0x00, 
	0x00,0x00,0x00,0x00, 
	0x00,0x00,0x00,0x00, 
	0x00,0x00,0x00,0x00, 
	0x00,0x00,0x00,0x00, 
	0x00,0x00,0x00,0x00, 
	0x00,0x00,0x00,0x00, 
	0x00,0x00,0x00,0x00, 
	0x00,0x00,0x00,0x00, 
	0x00,0x00,0x00,0x00, 
	0x00,0x00,0x00,0x00, 
	0x00,0x00,0x00,0x00, 
	0x00,0x00,0x00,0x00, 
	0x00,0x00,0x00,0x00, 
	0x00,0x00,0x00,0x00, 
	0x00,0x00,0x00,0x00, 
	0x00,0x00,0x00,0x00, 
	0x00,0x00,0x00,0x00, 
	0x00,0x00,0x00,0x00, 
	0x00,0x00,0x00,0x00, 
	0x00,0x00,0x00,0x00, 
	0x00,0x00,0x00,0x00, 
	0x00,0x00,0x00,0x00, 
	0x00,0x00,0x00,0x00, 
	0x00,0x00,0x00,0x00, 
	0x00,0x00,0x00,0x00, 
	0x00,0x00,0x00,0x00, 
	0x00,0x00,0x00,0x00, 
	0x00,0x00,0x00,0x00, 
	0x00,0x00,0x00,0x00, 
	0x00,0x00,0x00,0x00, 
	0x00,0x00,0x00,0x00, 
	0x00,0x00,0x00,0x00, 
	0x00,0x00,0x00,0x00, 
	0x00,0x00,0x00,0x00, 
	0x00,0x00,0x00,0x00, 
	0x00,0x00,0x00,0x00, 
	0x00,0x00,0x00,0x00, 
	0x00,0x00,0x00,0x00, 
	0x00,0x00,0x00,0x00, 
	0x00,0x00,0x00,0x00, 
	0x00,0x00,0x00,0x00, 
	0x00,0x00,0x00,0x00, 
	0x00,0x00,0x00,0x00, 
	0x00,0x00,0x00,0x00, 
	0x00,0x00,0x00,0x00, 
	0x00,0x00,0x00,0x00, 
	0x00,0x00,0x00,0x00, 
	0x00,0x00,0x00,0x00, 
	0x00,0x00,0x00,0x00, 
	0x00,0x00,0x00,0x00, 
	0x00,0x00,0x00,0x00, 
	0x00,0x00,0x00,0x00, 
	0x00,0x00,0x00,0x00, 
	0x00,0x00,0x00,0x00, 
	0x00,0x00,0x00,0x00, 
	0x00,0x00,0x00,0x00, 
	0x00,0x00,0x00,0x00, 
	0x00,0x00,0x00,0x00, 
	0x00,0x00,0x00,0x00, 
	0x00,0x00,0x00,0x00, 
	0x00,0x00,0x00,0x00, 
	0x00,0x00,0x00,0x00, 
	0x00,0x00,0x00,0x00, 
	0x00,0x00,0x00,0x00, 
	0x00,0x00,0x00,0x00, 
	0x00,0x00,0x00,0x00, 
	0x00,0x00,0x00,0x00, 
	0x00,0x00,0x00,0x00, 
	0x00,0x00,0x00,0x00, 
	0x00,0x00,0x00,0x00, 
	0x00,0x00,0x00,0x00, 
	0x00,0x00,0x00,0x00, 
	0x00,0x00,0x00,0x00, 
	0x00,0x00,0x00,0x00, 
	0x00,0x00,0x00,0x00, 
	0x00,0x00,0x00,0x00, 
	0x00,0x00,0x00,0x00, 
	0x00,0x00,0x00,0x00, 
	0x00,0x00,0x00,0x00, 
	0x00,0x00,0x00,0x00, 
	0x00,0x00,0x00,0x00, 
	0x00,0x00,0x00,0x00, 
	0x00,0x00,0x00,0x00, 
	0x00,0x00,0x00,0x00, 
	0x00,0x00,0x00,0x00, 
	0x00,0x00,0x00,0x00, 
	0x00,0x00,0x00,0x00, 
	0x00,0x00,0x00,0x00, 
	0x00,0x00,0x00,0x00, 
	0x00,0x00,0x00,0x00, 
	0x00,0x00,0x00,0x00, 
	0x00,0x00,0x00,0x00, 
	0x00,0x00,0x00,0x00, 
	0x00,0x00,0x00,0x00, 
	0x00,0x00,0x00,0x00, 
	0x00,0x00,0x00,0x00, 
	0x00,0x00,0x00,0x00, 
	0x00,0x00,0x00,0x00, 
	0x00,0x00,0x00,0x00, 
	0x00,0x00,0x00,0x00, 
	0x00,0x00,0x00,0x00, 
	0x00,0x00,0x00,0x00, 
	0x00,0x00,0x00,0x00, 
	0x00,0x00,0x00,0x00, 
	0x00,0x00,0x00,0x00, 
	0x00,0x00,0x00,0x00, 
	0x00,0x00,0x00,0x00, 
	0x00,0x00,0x00,0x00, 
	0x00,0x00,0x00,0x00, 
	0x00,0x00,0x00,0x00, 
	0x00,0x00,0x00,0x00, 
	0x00,0x00,0x00,0x00, 
	0x00,0x00,0x00,0x00, 
	0x00,0x00,0x00,0x00, 
	0x00,0x00,0x00,0x00, 
	0x00,0x00,0x00,0x00, 
	0x00,0x00,0x00,0x00, 
	0x00,0x00,0x00,0x00, 
	0x00,0x00,0x00,0x00, 
	0x00,0x00,0x00,0x00, 
	0x00,0x00,0x00,0x00, 
	0x00,0x00,0x00,0x00, 
	0x00,0x00,0x00,0x00, 
	0x00,0x00,0x00,0x00, 
	0x00,0x00,0x00,0x00, 
	0x00,0x00,0x00,0x00, 
	0x00,0x00,0x00,0x00, 
	0x00,0x00,0x00,0x00, 
	0x00,0x00,0x00,0x00, 
	0x00,0x00,0x00,0x00, 
	0x00,0x00,0x00,0x00, 
	0x00,0x00,0x00,0x00, 
	0x00,0x00,0x00,0x00, 
	0x00,0x00,0x00,0x00, 
	0x00,0x00,0x00,0x00, 
	0x00,0x00,0x00,0x00, 
	0x00,0x00,0x00,0x00, 
	0x00,0x00,0x00,0x00, 
	0x00,0x00,0x00,0x00, 
	0x00,0x00,0x00,0x00, 
	0x00,0x00,0x00,0x00, 
	0x00,0x00,0x00,0x00, 
	0x00,0x00,0x00,0x00, 
	0x00,0x00,0x00,0x00, 
	0x00,0x00,0x00,0x00, 
	0x00,0x00,0x00,0x00, 
	0x00,0x00,0x00,0x00, 
	0x00,0x00,0x00,0x00, 
	0x00,0x00,0x00,0x00, 
	0x00,0x00,0x00,0x00, 
	0x00,0x00,0x00,0x00, 
	0x00,0x00,0x00,0x00, 
	0x00,0x00,0x00,0x00, 
	0x00,0x00,0x00,0x00, 
	0x00,0x00,0x00,0x00, 
	0x00,0x00,0x00,0x00, 
	0x00,0x00,0x00,0x00, 
	0x00,0x00,0x00,0x00, 
	0x00,0x00,0x00,0x00, 
	0x00,0x00,0x00,0x00, 
	0x00,0x00,0x00,0x00, 
	0x00,0x00,0x00,0x00, 
	0x00,0x00,0x00,0x00, 
	0x00,0x00,0x00,0x00, 
	0x00,0x00,0x00,0x00, 
	0x00,0x00,0x00,0x00, 
	0x00,0x00,0x00,0x00, 
	0x00,0x00,0x00,0x00, 
	0x00,0x00,0x00,0x00, 
	0x00,0x00,0x00,0x00, 
	0x00,0x00,0x00,0x00, 
	0x00,0x00,0x00,0x00, 
	0x00,0x00,0x00,0x00, 
	0x00,0x00,0x00,0x00, 
	0x00,0x00,0x00,0x00, 
	0x00,0x00,0x00,0x00, 
	0x00,0x00,0x00,0x00, 
	0x00,0x00,0x00,0x00, 
	0x00,0x00,0x00,0x00, 
	0x00,0x00,0x00,0x00, 
	0x00,0x00,0x00,0x00, 
	0x00,0x00,0x00,0x00, 
	0x00,0x00,0x00,0x00, 
	0x00,0x00,0x00,0x00, 
	0x00,0x00,0x00,0x00, 
	0x00,0x00,0x00,0x00, 
	0x00,0x00,0x00,0x00, 
	0x00,0x00,0x00,0x00, 
	0x00,0x00,0x00,0x00, 
	0x00,0x00,0x00,0x00, 
	0x00,0x00,0x00,0x00, 
	0x00,0x00,0x00,0x00, 
	0x00,0x00,0x00,0x00, 
	0x00,0x00,0x00,0x00, 
	0x00,0x00,0x00,0x00, 
	0x00,0x00,0x00,0x00, 
	0x00,0x00,0x00,0x00, 
	0x00,0x00,0x00,0x00, 
	0x00,0x00,0x00,0x00, 
	0x00,0x00,0x00,0x00, 
	0x00,0x00,0x00,0x00, 
	0x00,0x00,0x00,0x00, 
	0x00,0x00,0x00,0x00, 
	0x00,0x00,0x00,0x00, 
	0x00,0x00,0x00,0x00, 
	0x00,0x00,0x00,0x00, 
	0x00,0x00,0x00,0x00, 
	0x00,0x00,0x00,0x00, 
	0x00,0x00,0x00,0x00, 
	0x00,0x00,0x00,0x00, 
	0x00,0x00,0x00,0x00, 
	0x00,0x00,0x00,0x00, 
	0x00,0x00,0x00,0x00, 
	0x00,0x00,0x00,0x00, 
	0x00,0x00,0x00,0x00, 
	0x00,0x00,0x00,0x00, 
	0x00,0x00,0x00,0x00, 
	0x00,0x00,0x00,0x00, 
	0x00,0x00,0x00,0x00, 
	0x00,0x00,0x00,0x00, 
	0x00,0x00,0x00,0x00, 
	0x00,0x00,0x00,0x00, 
	0x00,0x00,0x00,0x00, 
	0x00,0x00,0x00,0x00, 
	0x00,0x00,0x00,0x00, 
	0x00,0x00,0x00,0x00, 
	0x00,0x00,0x00,0x00, 
	0x00,0x00,0x00,0x00, 
	0x00,0x00,0x00,0x00, 
	0x00,0x00,0x00,0x00, 
	0x00,0x00,0x00,0x00, 
	0x00,0x00,0x00,0x00, 
	0x00,0x00,0x00,0x00, 
	0x00,0x00,0x00,0x00, 
	0x00,0x00,0x00,0x00, 
	0x00,0x00,0x00,0x00, 
	0x00,0x00,0x00,0x00, 
	0x00,0x00,0x00,0x00, 
	0x00,0x00,0x00,0x00, 
	0x00,0x00,0x00,0x00, 
	0x00,0x00,0x00,0x00, 
	0x00,0x00,0x00,0x00, 
	0x00,0x00,0x00,0x00, 
	0x00,0x00,0x00,0x00, 
	0x00,0x00,0x00,0x00, 
	0x00,0x00,0x00,0x00, 
	0x00,0x00,0x00,0x00, 
	0x00,0x00,0x00,0x00, 
	0x00,0x00,0x00,0x00, 
	0x00,0x00,0x00,0x00, 
	0x00,0x00,0x00,0x00, 
	0x00,0x00,0x00,0x00, 
	0x00,0x00,0x00,0x00, 
	0x00,0x00,0x00,0x00, 
	0x00,0x00,0x00,0x00, 
	0x00,0x00,0x00,0x00, 
	0x00,0x00,0x00,0x00, 
	0x00,0x00,0x00,0x00, 
	0x00,0x00,0x00,0x00, 
	0x00,0x00,0x00,0x00, 
	0x00,0x00,0x00,0x00, 
	0x00,0x00,0x00,0x00, 
	0x00,0x00,0x00,0x00, 
	0x00,0x00,0x00,0x00, 
	0x00,0x00,0x00,0x00, 
	0x00,0x00,0x00,0x00, 
	0x00,0x00,0x00,0x00, 
	0x00,0x00,0x00,0x00, 
	0x00,0x00,0x00,0x00, 
	0x00,0x00,0x00,0x00, 
	0x00,0x00,0x00,0x00, 
	0x00,0x00,0x00,0x00, 
	0x00,0x00,0x00,0x00, 
	0x00,0x00,0x00,0x00, 
	0x00,0x00,0x00,0x00, 
	0x00,0x00,0x00,0x00, 
	0x00,0x00,0x00,0x00, 
	0x00,0x00,0x00,0x00, 
	0x00,0x00,0x00,0x00, 
	0x00,0x00,0x00,0x00, 
	0x00,0x00,0x00,0x00, 
	0x00,0x00,0x00,0x00, 
	0x00,0x00,0x00,0x00, 
	0x00,0x00,0x00,0x00, 
	0x00,0x00,0x00,0x00, 
	0x00,0x00,0x00,0x00, 
	0x00,0x00,0x00,0x00, 
	0x00,0x00,0x00,0x00, 
	0x00,0x00,0x00,0x00, 
	0x00,0x00,0x00,0x00, 
	0x00,0x00,0x00,0x00, 
	0x00,0x00,0x00,0x00, 
	0x00,0x00,0x00,0x00, 
	0x00,0x00,0x00,0x00, 
	0x00,0x00,0x00,0x00, 
	0x00,0x00,0x00,0x00, 
	0x00,0x00,0x00,0x00, 
	0x00,0x00,0x00,0x00, 
	0x00,0x00,0x00,0x00, 
	0x00,0x00,0x00,0x00, 
	0x00,0x00,0x00,0x00, 
	0x00,0x00,0x00,0x00, 
	0x00,0x00,0x00,0x00, 
	0x00,0x00,0x00,0x00, 
	0x00,0x00,0x00,0x00, 
	0x00,0x00,0x00,0x00, 
	0x00,0x00,0x00,0x00, 
	0x00,0x00,0x00,0x00, 
	0x00,0x00,0x00,0x00, 
	0x00,0x00,0x00,0x00, 
	0x00,0x00,0x00,0x00, 
	0x00,0x00,0x00,0x00, 
	0x00,0x00,0x00,0x00, 
	0x00,0x00,0x00,0x00, 
	0x00,0x00,0x00,0x00, 
	0x00,0x00,0x00,0x00, 
	0x00,0x00,0x00,0x00, 
	0x00,0x00,0x00,0x00, 
	0x00,0x00,0x00,0x00, 
	0x00,0x00,0x00,0x00, 
	0x00,0x00,0x00,0x00, 
	0x00,0x00,0x00,0x00, 
	0x00,0x00,0x00,0x00, 
	0x00,0x00,0x00,0x00, 
	0x00,0x00,0x00,0x00, 
	0x00,0x00,0x00,0x00, 
	0x00,0x00,0x00,0x00, 
	0x00,0x00,0x00,0x00, 
	0x00,0x00,0x00,0x00, 
	0x00,0x00,0x00,0x00, 
	0x00,0x00,0x00,0x00, 
	0x00,0x00,0x00,0x00, 
	0x00,0x00,0x00,0x00, 
	0x00,0x00,0x00,0x00, 
	0x00,0x00,0x00,0x00, 
	0x00,0x00,0x00,0x00, 
	0x00,0x00,0x00,0x00, 
	0x00,0x00,0x00,0x00, 
	0x00,0x00,0x00,0x00, 
	0x00,0x00,0x00,0x00, 
	0x00,0x00,0x00,0x00, 
	0x00,0x00,0x00,0x00, 
	0x00,0x00,0x00,0x00, 
	0x00,0x00,0x00,0x00, 
	0x00,0x00,0x00,0x00, 
	0x00,0x00,0x00,0x00, 
	0x00,0x00,0x00,0x00, 
	0x00,0x00,0x00,0x00, 
	0x00,0x00,0x00,0x00, 
	0x00,0x00,0x00,0x00, 
	0x00,0x00,0x00,0x00, 
	0x00,0x00,0x00,0x00, 
	0x00,0x00,0x00,0x00, 
	0x00,0x00,0x00,0x00, 
	0x00,0x00,0x00,0x00, 
	0x00,0x00,0x00,0x00, 
	0x00,0x00,0x00,0x00, 
	0x00,0x00,0x00,0x00, 
	0x00,0x00,0x00,0x00, 
	0x00,0x00,0x00,0x00, 
	0x00,0x00,0x00,0x00, 
	0x00,0x00,0x00,0x00, 
	0x00,0x00,0x00,0x00, 
	0x00,0x00,0x00,0x00, 
	0x00,0x00,0x00,0x00, 
	0x00,0x00,0x00,0x00, 
	0x00,0x00,0x00,0x00, 
	0x00,0x00,0x00,0x00, 
	0x00,0x00,0x00,0x00, 
	0x00,0x00,0x00,0x00, 
	0x00,0x00,0x00,0x00, 
	0x00,0x00,0x00,0x00, 
	0x00,0x00,0x00,0x00, 
	0x00,0x00,0x00,0x00, 
	0x00,0x00,0x00,0x00, 
	0x00,0x00,0x00,0x00, 
	0x00,0x00,0x00,0x00, 
	0x00,0x00,0x00,0x00, 
	0x00,0x00,0x00,0x00, 
	0x00,0x00,0x00,0x00, 
	0x00,0x00,0x00,0x00, 
	0x00,0x00,0x00,0x00, 
	0x00,0x00,0x00,0x00, 
	0x00,0x00,0x00,0x00, 
	0x00,0x00,0x00,0x00, 
	0x00,0x00,0x00,0x00, 
	0x00,0x00,0x00,0x00, 
	0x00,0x00,0x00,0x00, 
	0x00,0x00,0x00,0x00, 
	0x00,0x00,0x00,0x00, 
	0x00,0x00,0x00,0x00, 
	0x00,0x00,0x00,0x00, 
	0x00,0x00,0x00,0x00, 
	0x00,0x00,0x00,0x00, 
	0x00,0x00,0x00,0x00, 
	0x00,0x00,0x00,0x00, 
	0x00,0x00,0x00,0x00, 
	0x00,0x00,0x00,0x00, 
	0x00,0x00,0x00,0x00, 
	0x00,0x00,0x00,0x00, 
	0x00,0x00,0x00,0x00, 
	0x00,0x00,0x00,0x00, 
	0x00,0x00,0x00,0x00, 
	0x00,0x00,0x00,0x00, 
	0x00,0x00,0x00,0x00, 
	0x00,0x00,0x00,0x00, 
	0x00,0x00,0x00,0x00, 
	0x00,0x00,0x00,0x00, 
	0x00,0x00,0x00,0x00, 
	0x00,0x00,0x00,0x00, 
	0x00,0x00,0x00,0x00, 
	0x00,0x00,0x00,0x00, 
	0x00,0x00,0x00,0x00, 
	0x00,0x00,0x00,0x00, 
	0x00,0x00,0x00,0x00, 
	0x00,0x00,0x00,0x00, 
	0x00,0x00,0x00,0x00, 
	0x00,0x00,0x00,0x00, 
	0x00,0x00,0x00,0x00, 
	0x00,0x00,0x00,0x00, 
	0x00,0x00,0x00,0x00, 
	0x00,0x00,0x00,0x00, 
	0x00,0x00,0x00,0x00, 
	0x00,0x00,0x00,0x00, 
	0x00,0x00,0x00,0x00, 
	0x00,0x00,0x00,0x00, 
	0x00,0x00,0x00,0x00, 
	0x00,0x00,0x00,0x00, 
	0x00,0x00,0x00,0x00, 
	0x00,0x00,0x00,0x00, 
	0x00,0x00,0x00,0x00, 
	0x00,0x00,0x00,0x00, 
	0x00,0x00,0x00,0x00, 
	0x00,0x00,0x00,0x00, 
	0x00,0x00,0x00,0x00, 
	0x00,0x00,0x00,0x00, 
	0x00,0x00,0x00,0x00, 
	0x00,0x00,0x00,0x00, 
	0x00,0x00,0x00,0x00, 
	0x00,0x00,0x00,0x00, 
	0x00,0x00,0x00,0x00, 
	0x00,0x00,0x00,0x00, 
	0x00,0x00,0x00,0x00, 
	0x00,0x00,0x00,0x00, 
	0x00,0x00,0x00,0x00, 
	0x00,0x00,0x00,0x00, 
	0x00,0x00,0x00,0x00, 
	0x00,0x00,0x00,0x00, 
	0x00,0x00,0x00,0x00, 
	0x00,0x00,0x00,0x00, 
	0x00,0x00,0x00,0x00, 
	0x00,0x00,0x00,0x00, 
	0x00,0x00,0x00,0x00, 
	0x00,0x00,0x00,0x00, 
	0x00,0x00,0x00,0x00, 
	0x00,0x00,0x00,0x00, 
	0x00,0x00,0x00,0x00, 
	0x00,0x00,0x00,0x00, 
	0x00,0x00,0x00,0x00, 
	0x00,0x00,0x00,0x00, 
	0x00,0x00,0x00,0x00, 
	0x00,0x00,0x00,0x00, 
	0x00,0x00,0x00,0x00, 
	0x00,0x00,0x00,0x00, 
	0x00,0x00,0x00,0x00, 
	0x00,0x00,0x00,0x00, 
	0x00,0x00,0x00,0x00, 
	0x00,0x00,0x00,0x00, 
	0x00,0x00,0x00,0x00, 
	0x00,0x00,0x00,0x00, 
	0x00,0x00,0x00,0x00, 
	0x00,0x00,0x00,0x00, 
	0x00,0x00,0x00,0x00, 
	0x00,0x00,0x00,0x00, 
	0x00,0x00,0x00,0x00, 
	0x00,0x00,0x00,0x00, 
	0x00,0x00,0x00,0x00, 
	0x00,0x00,0x00,0x00, 
	0x00,0x00,0x00,0x00, 
	0x00,0x00,0x00,0x00, 
	0x00,0x00,0x00,0x00, 
	0x00,0x00,0x00,0x00, 
	0x00,0x00,0x00,0x00, 
	0x00,0x00,0x00,0x00, 
	0x00,0x00,0x00,0x00, 
	0x00,0x00,0x00,0x00, 
	0x00,0x00,0x00,0x00, 
	0x00,0x00,0x00,0x00, 
	0x00,0x00,0x00,0x00, 
	0x00,0x00,0x00,0x00, 
	0x00,0x00,0x00,0x00, 
	0x00,0x00,0x00,0x00, 
	0x00,0x00,0x00,0x00, 
	0x00,0x00,0x00,0x00, 
	0x00,0x00,0x00,0x00, 
	0x00,0x00,0x00,0x00, 
	0x00,0x00,0x00,0x00, 
	0x00,0x00,0x00,0x00, 
	0x00,0x00,0x00,0x00, 
	0x00,0x00,0x00,0x00, 
	0x00,0x00,0x00,0x00, 
	0x00,0x00,0x00,0x00, 
	0x00,0x00,0x00,0x00, 
	0x00,0x00,0x00,0x00, 
	0x00,0x00,0x00,0x00, 
	0x00,0x00,0x00,0x00, 
	0x00,0x00,0x00,0x00, 
	0x00,0x00,0x00,0x00, 
	0x00,0x00,0x00,0x00, 
	0x00,0x00,0x00,0x00, 
	0x00,0x00,0x00,0x00, 
	0x00,0x00,0x00,0x00, 
	0x00,0x00,0x00,0x00, 
	0x00,0x00,0x00,0x00, 
	0x00,0x00,0x00,0x00, 
	0x00,0x00,0x00,0x00, 
	0x00,0x00,0x00,0x00, 
	0x00,0x00,0x00,0x00, 
	0x00,0x00,0x00,0x00, 
	0x00,0x00,0x00,0x00, 
	0x00,0x00,0x00,0x00, 
	0x00,0x00,0x00,0x00, 
	0x00,0x00,0x00,0x00, 
	0x00,0x00,0x00,0x00, 
	0x00,0x00,0x00,0x00, 
	0x00,0x00,0x00,0x00, 
	0x00,0x00,0x00,0x00, 
	0x00,0x00,0x00,0x00, 
	0x00,0x00,0x00,0x00, 
	0x00,0x00,0x00,0x00, 
	0x00,0x00,0x00,0x00, 
	0x00,0x00,0x00,0x00, 
	0x00,0x00,0x00,0x00, 
	0x00,0x00,0x00,0x00, 
	0x00,0x00,0x00,0x00, 
	0x00,0x00,0x00,0x00, 
	0x00,0x00,0x00,0x00, 
	0x00,0x00,0x00,0x00, 
	0x00,0x00,0x00,0x00, 
	0x00,0x00,0x00,0x00, 
	0x00,0x00,0x00,0x00, 
	0x00,0x00,0x00,0x00, 
	0x00,0x00,0x00,0x00, 
	0x00,0x00,0x00,0x00, 
	0x00,0x00,0x00,0x00, 
	0x00,0x00,0x00,0x00, 
	0x00,0x00,0x00,0x00, 
	0x00,0x00,0x00,0x00, 
	0x00,0x00,0x00,0x00, 
	0x00,0x00,0x00,0x00, 
	0x00,0x00,0x00,0x00, 
	0x00,0x00,0x00,0x00, 
	0x00,0x00,0x00,0x00, 
	0x00,0x00,0x00,0x00, 
	0x00,0x00,0x00,0x00, 
	0x00,0x00,0x00,0x00, 
	0x00,0x00,0x00,0x00, 
	0x00,0x00,0x00,0x00, 
	0x00,0x00,0x00,0x00, 
	0x00,0x00,0x00,0x00, 
	0x00,0x00,0x00,0x00, 
	0x00,0x00,0x00,0x00, 
	0x00,0x00,0x00,0x00, 
	0x00,0x00,0x00,0x00, 
	0x00,0x00,0x00,0x00, 
	0x00,0x00,0x00,0x00, 
	0x00,0x00,0x00,0x00, 
	0x00,0x00,0x00,0x00, 
	0x00,0x00,0x00,0x00, 
	0x00,0x00,0x00,0x00, 
	0x00,0x00,0x00,0x00, 
	0x00,0x00,0x00,0x00, 
	0x00,0x00,0x00,0x00, 
	0x00,0x00,0x00,0x00, 
	0x00,0x00,0x00,0x00, 
	0x00,0x00,0x00,0x00, 
	0x00,0x00,0x00,0x00, 
	0x00,0x00,0x00,0x00, 
	0x00,0x00,0x00,0x00, 
	0x00,0x00,0x00,0x00, 
	0x00,0x00,0x00,0x00, 
	0x00,0x00,0x00,0x00, 
	0x00,0x00,0x00,0x00, 
	0x00,0x00,0x00,0x00, 
	0x00,0x00,0x00,0x00, 
	0x00,0x00,0x00,0x00, 
	0x00,0x00,0x00,0x00, 
	0x00,0x00,0x00,0x00, 
	0x00,0x00,0x00,0x00, 
	0x00,0x00,0x00,0x00, 
	0x00,0x00,0x00,0x00, 
	0x00,0x00,0x00,0x00, 
	0x00,0x00,0x00,0x00, 
	0x00,0x00,0x00,0x00, 
	0x00,0x00,0x00,0x00, 
	0x00,0x00,0x00,0x00, 
	0x00,0x00,0x00,0x00, 
	0x00,0x00,0x00,0x00, 
	0x00,0x00,0x00,0x00, 
	0x00,0x00,0x00,0x00, 
	0x00,0x00,0x00,0x00, 
	0x00,0x00,0x00,0x00, 
	0x00,0x00,0x00,0x00, 
	0x00,0x00,0x00,0x00, 
	0x00,0x00,0x00,0x00, 
	0x00,0x00,0x00,0x00, 
	0x00,0x00,0x00,0x00, 
	0x00,0x00,0x00,0x00, 
	0x00,0x00,0x00,0x00, 
	0x00,0x00,0x00,0x00, 
	0x00,0x00,0x00,0x00, 
	0x00,0x00,0x00,0x00, 
	0x00,0x00,0x00,0x00, 
	0x00,0x00,0x00,0x00, 
	0x00,0x00,0x00,0x00, 
	0x00,0x00,0x00,0x00, 
	0x00,0x00,0x00,0x00, 
	0x00,0x00,0x00,0x00, 
	0x00,0x00,0x00,0x00, 
	0x00,0x00,0x00,0x00, 
	0x00,0x00,0x00,0x00, 
	0x00,0x00,0x00,0x00, 
	0x00,0x00,0x00,0x00, 
	0x00,0x00,0x00,0x00, 
	0x00,0x00,0x00,0x00, 
	0x00,0x00,0x00,0x00, 
	0x00,0x00,0x00,0x00, 
	0x00,0x00,0x00,0x00, 
	0x00,0x00,0x00,0x00, 
	0x00,0x00,0x00,0x00, 
	0x00,0x00,0x00,0x00, 
	0x00,0x00,0x00,0x00, 
	0x00,0x00,0x00,0x00, 
	0x00,0x00,0x00,0x00, 
	0x00,0x00,0x00,0x00, 
	0x00,0x00,0x00,0x00, 
	0x00,0x00,0x00,0x00, 
	0x00,0x00,0x00,0x00, 
	0x00,0x00,0x00,0x00, 
	0x00,0x00,0x00,0x00, 
	0x00,0x00,0x00,0x00, 
	0x00,0x00,0x00,0x00, 
	0x00,0x00,0x00,0x00, 
	0x00,0x00,0x00,0x00, 
	0x00,0x00,0x00,0x00, 
	0x00,0x00,0x00,0x00, 
	0x00,0x00,0x00,0x00, 
	0x00,0x00,0x00,0x00, 
	0x00,0x00,0x00,0x00, 
	0x00,0x00,0x00,0x00, 
	0x00,0x00,0x00,0x00, 
	0x00,0x00,0x00,0x00, 
	0x00,0x00,0x00,0x00, 
	0x00,0x00,0x00,0x00, 
	0x00,0x00,0x00,0x00, 
	0x00,0x00,0x00,0x00, 
	0x00,0x00,0x00,0x00, 
	0x00,0x00,0x00,0x00, 
	0x00,0x00,0x00,0x00, 
	0x00,0x00,0x00,0x00, 
	0x00,0x00,0x00,0x00, 
	0x00,0x00,0x00,0x00, 
	0x00,0x00,0x00,0x00, 
	0x00,0x00,0x00,0x00, 
	0x00,0x00,0x00,0x00, 
	0x00,0x00,0x00,0x00, 
	0x00,0x00,0x00,0x00, 
	0x00,0x00,0x00,0x00, 
	0x00,0x00,0x00,0x00, 
	0x00,0x00,0x00,0x00, 
	0x00,0x00,0x00,0x00, 
	0x00,0x00,0x00,0x00, 
	0x00,0x00,0x00,0x00, 
	0x00,0x00,0x00,0x00, 
	0x00,0x00,0x00,0x00, 
	0x00,0x00,0x00,0x00, 
	0x00,0x00,0x00,0x00, 
	0x00,0x00,0x00,0x00, 
	0x00,0x00,0x00,0x00, 
	0x00,0x00,0x00,0x00, 
	0x00,0x00,0x00,0x00, 
	0x00,0x00,0x00,0x00, 
	0x00,0x00,0x00,0x00, 
	0x00,0x00,0x00,0x00, 
	0x00,0x00,0x00,0x00, 
	0x00,0x00,0x00,0x00, 
	0x00,0x00,0x00,0x00, 
	0x00,0x00,0x00,0x00, 
	0x00,0x00,0x00,0x00, 
	0x00,0x00,0x00,0x00, 
	0x00,0x00,0x00,0x00, 
	0x00,0x00,0x00,0x00, 
	0x00,0x00,0x00,0x00, 
	0x00,0x00,0x00,0x00, 
	0x00,0x00,0x00,0x00, 
	0x00,0x00,0x00,0x00, 
	0x00,0x00,0x00,0x00, 
	0x00,0x00,0x00,0x00, 
	0x00,0x00,0x00,0x00, 
	0x00,0x00,0x00,0x00, 
	0x00,0x00,0x00,0x00, 
	0x00,0x00,0x00,0x00, 
	0x00,0x00,0x00,0x00, 
	0x00,0x00,0x00,0x00, 
	0x00,0x00,0x00,0x00, 
	0x00,0x00,0x00,0x00, 
	0x00,0x00,0x00,0x00, 
	0x00,0x00,0x00,0x00, 
	0x00,0x00,0x00,0x00, 
	0x00,0x00,0x00,0x00, 
	0x00,0x00,0x00,0x00, 
	0x00,0x00,0x00,0x00, 
	0x00,0x00,0x00,0x00, 
	0x00,0x00,0x00,0x00, 
	0x00,0x00,0x00,0x00, 
	0x00,0x00,0x00,0x00, 
	0x00,0x00,0x00,0x00, 
	0x00,0x00,0x00,0x00, 
	0x00,0x00,0x00,0x00, 
	0x00,0x00,0x00,0x00, 
	0x00,0x00,0x00,0x00, 
	0x00,0x00,0x00,0x00, 
	0x00,0x00,0x00,0x00, 
	0x00,0x00,0x00,0x00, 
	0x00,0x00,0x00,0x00, 
	0x00,0x00,0x00,0x00, 
	0x00,0x00,0x00,0x00, 
	0x00,0x00,0x00,0x00, 
	0x00,0x00,0x00,0x00, 
	0x00,0x00,0x00,0x00, 
	0x00,0x00,0x00,0x00, 
	0x00,0x00,0x00,0x00, 
	0x00,0x00,0x00,0x00, 
	0x00,0x00,0x00,0x00, 
	0x00,0x00,0x00,0x00, 
	0x00,0x00,0x00,0x00, 
	0x00,0x00,0x00,0x00, 
	0x00,0x00,0x00,0x00, 
	0x00,0x00,0x00,0x00, 
	0x00,0x00,0x00,0x00, 
	0x00,0x00,0x00,0x00, 
	0x00,0x00,0x00,0x00, 
	0x00,0x00,0x00,0x00, 
	0x00,0x00,0x00,0x00, 
	0x00,0x00,0x00,0x00, 
	0x00,0x00,0x00,0x00, 
	0x00,0x00,0x00,0x00, 
	0x00,0x00,0x00,0x00, 
	0x00,0x00,0x00,0x00, 
	0x00,0x00,0x00,0x00, 
	0x00,0x00,0x00,0x00, 
	0x00,0x00,0x00,0x00, 
	0x00,0x00,0x00,0x00, 
	0x00,0x00,0x00,0x00, 
	0x00,0x00,0x00,0x00, 
	0x00,0x00,0x00,0x00, 
	0x00,0x00,0x00,0x00, 
	0x00,0x00,0x00,0x00, 
	0x00,0x00,0x00,0x00, 
	0x00,0x00,0x00,0x00, 
	0x00,0x00,0x00,0x00, 
	0x00,0x00,0x00,0x00, 
	0x00,0x00,0x00,0x00, 
	0x00,0x00,0x00,0x00, 
	0x00,0x00,0x00,0x00, 
	0x00,0x00,0x00,0x00, 
	0x00,0x00,0x00,0x00, 
	0x00,0x00,0x00,0x00, 
	0x00,0x00,0x00,0x00, 
	0x00,0x00,0x00,0x00, 
	0x00,0x00,0x00,0x00, 
	0x00,0x00,0x00,0x00, 
	0x00,0x00,0x00,0x00, 
	0x00,0x00,0x00,0x00, 
	0x00,0x00,0x00,0x00, 
	0x00,0x00,0x00,0x00, 
	0x00,0x00,0x00,0x00, 
	0x00,0x00,0x00,0x00, 
	0x00,0x00,0x00,0x00, 
	0x00,0x00,0x00,0x00, 
	0x00,0x00,0x00,0x00, 
	0x00,0x00,0x00,0x00, 
	0x00,0x00,0x00,0x00, 
	0x00,0x00,0x00,0x00, 
	0x00,0x00,0x00,0x00, 
	0x00,0x00,0x00,0x00, 
	0x00,0x00,0x00,0x00, 
	0x00,0x00,0x00,0x00, 
	0x00,0x00,0x00,0x00, 
	0x00,0x00,0x00,0x00, 
	0x00,0x00,0x00,0x00, 
	0x00,0x00,0x00,0x00, 
	0x00,0x00,0x00,0x00, 
	0x00,0x00,0x00,0x00, 
	0x00,0x00,0x00,0x00, 
	0x00,0x00,0x00,0x00, 
	0x00,0x00,0x00,0x00, 
	0x00,0x00,0x00,0x00, 
	0x00,0x00,0x00,0x00, 
	0x00,0x00,0x00,0x00, 
	0x00,0x00,0x00,0x00, 
	0x00,0x00,0x00,0x00, 
	0x00,0x00,0x00,0x00, 
	0x00,0x00,0x00,0x00, 
	0x00,0x00,0x00,0x00, 
	0x00,0x00,0x00,0x00, 
	0x00,0x00,0x00,0x00, 
	0x00,0x00,0x00,0x00, 
	0x00,0x00,0x00,0x00, 
	0x00,0x00,0x00,0x00, 
	0x00,0x00,0x00,0x00, 
	0x00,0x00,0x00,0x00, 
	0x00,0x00,0x00,0x00, 
	0x00,0x00,0x00,0x00, 
	0x00,0x00,0x00,0x00, 
	0x00,0x00,0x00,0x00, 
	0x00,0x00,0x00,0x00, 
	0x00,0x00,0x00,0x00, 
	0x00,0x00,0x00,0x00, 
	0x00,0x00,0x00,0x00, 
	0x00,0x00,0x00,0x00, 
	0x00,0x00,0x00,0x00, 
	0x00,0x00,0x00,0x00, 
	0x00,0x00,0x00,0x00, 
	0x00,0x00,0x00,0x00, 
	0x00,0x00,0x00,0x00, 
	0x00,0x00,0x00,0x00, 
	0x00,0x00,0x00,0x00, 
	0x00,0x00,0x00,0x00, 
	0x00,0x00,0x00,0x00, 
	0x00,0x00,0x00,0x00, 
	0x00,0x00,0x00,0x00, 
	0x00,0x00,0x00,0x00, 
	0x00,0x00,0x00,0x00, 
	0x00,0x00,0x00,0x00, 
	0x00,0x00,0x00,0x00, 
	0x00,0x00,0x00,0x00, 
	0x00,0x00,0x00,0x00, 
	0x00,0x00,0x00,0x00, 
	0x00,0x00,0x00,0x00, 
	0x00,0x00,0x00,0x00, 
	0x00,0x00,0x00,0x00, 
	0x00,0x00,0x00,0x00, 
	0x00,0x00,0x00,0x00, 
	0x00,0x00,0x00,0x00, 
	0x00,0x00,0x00,0x00, 
	0x00,0x00,0x00,0x00, 
	0x00,0x00,0x00,0x00, 
	0x00,0x00,0x00,0x00, 
	0x00,0x00,0x00,0x00, 
	0x00,0x00,0x00,0x00, 
	0x00,0x00,0x00,0x00, 
	0x00,0x00,0x00,0x00, 
	0x00,0x00,0x00,0x00, 
	0x00,0x00,0x00,0x00, 
	0x00,0x00,0x00,0x00, 
	0x00,0x00,0x00,0x00, 
	0x00,0x00,0x00,0x00, 
	0x00,0x00,0x00,0x00, 
	0x00,0x00,0x00,0x00, 
	0x00,0x00,0x00,0x00, 
	0x00,0x00,0x00,0x00, 
	0x00,0x00,0x00,0x00, 
	0x00,0x00,0x00,0x00, 
	0x00,0x00,0x00,0x00, 
	0x00,0x00,0x00,0x00, 
	0x00,0x00,0x00,0x00, 
	0x00,0x00,0x00,0x00, 
	0x00,0x00,0x00,0x00, 
	0x00,0x00,0x00,0x00, 
	0x00,0x00,0x00,0x00, 
	0x00,0x00,0x00,0x00, 
	0x00,0x00,0x00,0x00, 
	0x00,0x00,0x00,0x00, 
	0x00,0x00,0x00,0x00, 
	0x00,0x00,0x00,0x00, 
	0x00,0x00,0x00,0x00, 
	0x00,0x00,0x00,0x00, 
	0x00,0x00,0x00,0x00, 
	0x00,0x00,0x00,0x00, 
	0x00,0x00,0x00,0x00, 
	0x00,0x00,0x00,0x00, 
	0x00,0x00,0x00,0x00, 
	0x00,0x00,0x00,0x00, 
	0x00,0x00,0x00,0x00, 
	0x00,0x00,0x00,0x00, 
	0x00,0x00,0x00,0x00, 
	0x00,0x00,0x00,0x00, 
	0x00,0x00,0x00,0x00, 
	0x00,0x00,0x00,0x00, 
	0x00,0x00,0x00,0x00, 
	0x00,0x00,0x00,0x00, 
	0x00,0x00,0x00,0x00, 
	0x00,0x00,0x00,0x00, 
	0x00,0x00,0x00,0x00, 
	0x00,0x00,0x00,0x00, 
	0x00,0x00,0x00,0x00, 
	0x00,0x00,0x00,0x00, 
	0x00,0x00,0x00,0x00, 
	0x00,0x00,0x00,0x00, 
	0x00,0x00,0x00,0x00, 
	0x00,0x00,0x00,0x00, 
	0x00,0x00,0x00,0x00, 
	0x00,0x00,0x00,0x00, 
	0x00,0x00,0x00,0x00, 
	0x00,0x00,0x00,0x00, 
	0x00,0x00,0x00,0x00, 
	0x00,0x00,0x00,0x00, 
	0x00,0x00,0x00,0x00, 
	0x00,0x00,0x00,0x00, 
	0x00,0x00,0x00,0x00, 
	0x00,0x00,0x00,0x00, 
	0x00,0x00,0x00,0x00, 
	0x00,0x00,0x00,0x00, 
	0x00,0x00,0x00,0x00, 
	0x00,0x00,0x00,0x00, 
	0x00,0x00,0x00,0x00, 
	0x00,0x00,0x00,0x00, 
	0x00,0x00,0x00,0x00, 
	0x00,0x00,0x00,0x00, 
	0x00,0x00,0x00,0x00, 
	0x00,0x00,0x00,0x00, 
	0x00,0x00,0x00,0x00, 
	0x00,0x00,0x00,0x00, 
	0x00,0x00,0x00,0x00, 
	0x00,0x00,0x00,0x00, 
	0x00,0x00,0x00,0x00, 
	0x00,0x00,0x00,0x00, 
	0x00,0x00,0x00,0x00, 
	0x00,0x00,0x00,0x00, 
	0x00,0x00,0x00,0x00, 
	0x00,0x00,0x00,0x00, 
	0x00,0x00,0x00,0x00, 
	0x00,0x00,0x00,0x00, 
	0x00,0x00,0x00,0x00, 
	0x00,0x00,0x00,0x00, 
	0x00,0x00,0x00,0x00, 
	0x00,0x00,0x00,0x00, 
	0x00,0x00,0x00,0x00, 
	0x00,0x00,0x00,0x00, 
	0x00,0x00,0x00,0x00, 
	0x00,0x00,0x00,0x00, 
	0x00,0x00,0x00,0x00, 
	0x00,0x00,0x00,0x00, 
	0x00,0x00,0x00,0x00, 
	0x00,0x00,0x00,0x00, 
	0x00,0x00,0x00,0x00, 
	0x00,0x00,0x00,0x00, 
	0x00,0x00,0x00,0x00, 
	0x00,0x00,0x00,0x00, 
	0x00,0x00,0x00,0x00, 
	0x00,0x00,0x00,0x00, 
	0x00,0x00,0x00,0x00, 
	0x00,0x00,0x00,0x00, 
	0x00,0x00,0x00,0x00, 
	0x00,0x00,0x00,0x00, 
	0x00,0x00,0x00,0x00, 
	0x00,0x00,0x00,0x00, 
	0x00,0x00,0x00,0x00, 
	0x00,0x00,0x00,0x00, 
	0x00,0x00,0x00,0x00, 
	0x00,0x00,0x00,0x00, 
	0x00,0x00,0x00,0x00, 
	0x00,0x00,0x00,0x00, 
	0x00,0x00,0x00,0x00, 
	0x00,0x00,0x00,0x00, 
	0x00,0x00,0x00,0x00, 
	0x00,0x00,0x00,0x00, 
	0x00,0x00,0x00,0x00, 
	0x00,0x00,0x00,0x00, 
	0x00,0x00,0x00,0x00, 
	0x00,0x00,0x00,0x00, 
	0x00,0x00,0x00,0x00, 
	0x00,0x00,0x00,0x00, 
	0x00,0x00,0x00,0x00, 
	0x00,0x00,0x00,0x00, 
	0x00,0x00,0x00,0x00, 
	0x00,0x00,0x00,0x00, 
	0x00,0x00,0x00,0x00, 
	0x00,0x00,0x00,0x00, 
	0x00,0x00,0x00,0x00, 
	0x00,0x00,0x00,0x00, 
	0x00,0x00,0x00,0x00, 
	0x00,0x00,0x00,0x00, 
	0x00,0x00,0x00,0x00, 
	0x00,0x00,0x00,0x00, 
	0x00,0x00,0x00,0x00, 
	0x00,0x00,0x00,0x00, 
	0x00,0x00,0x00,0x00, 
	0x00,0x00,0x00,0x00, 
	0x00,0x00,0x00,0x00, 
	0x00,0x00,0x00,0x00, 
	0x00,0x00,0x00,0x00, 
	0x00,0x00,0x00,0x00, 
	0x00,0x00,0x00,0x00, 
	0x00,0x00,0x00,0x00, 
	0x00,0x00,0x00,0x00, 
	0x00,0x00,0x00,0x00, 
	0x00,0x00,0x00,0x00, 
	0x00,0x00,0x00,0x00, 
	0x00,0x00,0x00,0x00, 
	0x00,0x00,0x00,0x00, 
	0x00,0x00,0x00,0x00, 
	0x00,0x00,0x00,0x00, 
	0x00,0x00,0x00,0x00, 
	0x00,0x00,0x00,0x00, 
	0x00,0x00,0x00,0x00, 
	0x00,0x00,0x00,0x00, 
	0x00,0x00,0x00,0x00, 
	0x00,0x00,0x00,0x00, 
	0x00,0x00,0x00,0x00, 
	0x00,0x00,0x00,0x00, 
	0x00,0x00,0x00,0x00, 
	0x00,0x00,0x00,0x00, 
	0x00,0x00,0x00,0x00, 
	0x00,0x00,0x00,0x00, 
	0x00,0x00,0x00,0x00, 
	0x00,0x00,0x00,0x00, 
	0x00,0x00,0x00,0x00, 
	0x00,0x00,0x00,0x00, 
	0x00,0x00,0x00,0x00, 
	0x00,0x00,0x00,0x00, 
	0x00,0x00,0x00,0x00, 
	0x00,0x00,0x00,0x00, 
	0x00,0x00,0x00,0x00, 
	0x00,0x00,0x00,0x00, 
	0x00,0x00,0x00,0x00, 
	0x00,0x00,0x00,0x00, 
	0x00,0x00,0x00,0x00, 
	0x00,0x00,0x00,0x00, 
	0x00,0x00,0x00,0x00, 
	0x00,0x00,0x00,0x00, 
	0x00,0x00,0x00,0x00, 
	0x00,0x00,0x00,0x00, 
	0x00,0x00,0x00,0x00, 
	0x00,0x00,0x00,0x00, 
	0x00,0x00,0x00,0x00, 
	0x00,0x00,0x00,0x00, 
	0x00,0x00,0x00,0x00, 
	0x00,0x00,0x00,0x00, 
	0x00,0x00,0x00,0x00, 
	0x00,0x00,0x00,0x00, 
	0x00,0x00,0x00,0x00, 
	0x00,0x00,0x00,0x00, 
	0x00,0x00,0x00,0x00, 
	0x00,0x00,0x00,0x00, 
	0x00,0x00,0x00,0x00, 
	0x00,0x00,0x00,0x00, 
	0x00,0x00,0x00,0x00, 
	0x00,0x00,0x00,0x00, 
	0x00,0x00,0x00,0x00, 
	0x00,0x00,0x00,0x00, 
	0x00,0x00,0x00,0x00, 
	0x00,0x00,0x00,0x00, 
	0x00,0x00,0x00,0x00, 
	0x00,0x00,0x00,0x00, 
	0x00,0x00,0x00,0x00, 
	0x00,0x00,0x00,0x00, 
	0x00,0x00,0x00,0x00, 
	0x00,0x00,0x00,0x00, 
	0x00,0x00,0x00,0x00, 
	0x00,0x00,0x00,0x00, 
	0x00,0x00,0x00,0x00, 
	0x00,0x00,0x00,0x00, 
	0x00,0x00,0x00,0x00, 
	0x00,0x00,0x00,0x00, 
	0x00,0x00,0x00,0x00, 
	0x00,0x00,0x00,0x00, 
	0x00,0x00,0x00,0x00, 
	0x00,0x00,0x00,0x00, 
	0x00,0x00,0x00,0x00, 
	0x00,0x00,0x00,0x00, 
	0x00,0x00,0x00,0x00, 
	0x00,0x00,0x00,0x00, 
	0x00,0x00,0x00,0x00, 
	0x00,0x00,0x00,0x00, 
	0x00,0x00,0x00,0x00, 
	0x00,0x00,0x00,0x00, 
	0x00,0x00,0x00,0x00, 
	0x00,0x00,0x00,0x00, 
	0x00,0x00,0x00,0x00, 
	0x00,0x00,0x00,0x00, 
	0x00,0x00,0x00,0x00, 
	0x00,0x00,0x00,0x00, 
	0x00,0x00,0x00,0x00, 
	0x00,0x00,0x00,0x00, 
	0x00,0x00,0x00,0x00, 
	0x00,0x00,0x00,0x00, 
	0x00,0x00,0x00,0x00, 
	0x00,0x00,0x00,0x00, 
	0x00,0x00,0x00,0x00, 
	0x00,0x00,0x00,0x00, 
	0x00,0x00,0x00,0x00, 
	0x00,0x00,0x00,0x00, 
	0x00,0x00,0x00,0x00, 
	0x00,0x00,0x00,0x00, 
	0x00,0x00,0x00,0x00, 
	0x00,0x00,0x00,0x00, 
	0x00,0x00,0x00,0x00, 
	0x00,0x00,0x00,0x00, 
	0x00,0x00,0x00,0x00, 
	0x00,0x00,0x00,0x00, 
	0x00,0x00,0x00,0x00, 
	0x00,0x00,0x00,0x00, 
	0x00,0x00,0x00,0x00, 
	0x00,0x00,0x00,0x00, 
	0x00,0x00,0x00,0x00, 
	0x00,0x00,0x00,0x00, 
	0x00,0x00,0x00,0x00, 
	0x00,0x00,0x00,0x00, 
	0x00,0x00,0x00,0x00, 
	0x00,0x00,0x00,0x00, 
	0x00,0x00,0x00,0x00, 
	0x00,0x00,0x00,0x00, 
	0x00,0x00,0x00,0x00, 
	0x00,0x00,0x00,0x00, 
	0x00,0x00,0x00,0x00, 
	0x00,0x00,0x00,0x00, 
	0x00,0x00,0x00,0x00, 
	0x00,0x00,0x00,0x00, 
	0x00,0x00,0x00,0x00, 
	0x00,0x00,0x00,0x00, 
	0x00,0x00,0x00,0x00, 
	0x00,0x00,0x00,0x00, 
	0x00,0x00,0x00,0x00, 
	0x00,0x00,0x00,0x00, 
	0x00,0x00,0x00,0x00, 
	0x00,0x00,0x00,0x00, 
	0x00,0x00,0x00,0x00, 
	0x00,0x00,0x00,0x00, 
	0x00,0x00,0x00,0x00, 
	0x00,0x00,0x00,0x00, 
	0x00,0x00,0x00,0x00, 
	0x00,0x00,0x00,0x00, 
	0x00,0x00,0x00,0x00, 
	0x00,0x00,0x00,0x00, 
	0x00,0x00,0x00,0x00, 
	0x00,0x00,0x00,0x00, 
	0x00,0x00,0x00,0x00, 
	0x00,0x00,0x00,0x00, 
	0x00,0x00,0x00,0x00, 
	0x00,0x00,0x00,0x00, 
	0x00,0x00,0x00,0x00, 
	0x00,0x00,0x00,0x00, 
	0x00,0x00,0x00,0x00, 
	0x00,0x00,0x00,0x00, 
	0x00,0x00,0x00,0x00, 
	0x00,0x00,0x00,0x00, 
	0x00,0x00,0x00,0x00, 
	0x00,0x00,0x00,0x00, 
	0x00,0x00,0x00,0x00, 
	0x00,0x00,0x00,0x00, 
	0x00,0x00,0x00,0x00, 
	0x00,0x00,0x00,0x00, 
	0x00,0x00,0x00,0x00, 
	0x00,0x00,0x00,0x00, 
	0x00,0x00,0x00,0x00, 
	0x00,0x00,0x00,0x00, 
	0x00,0x00,0x00,0x00, 
	0x00,0x00,0x00,0x00, 
	0x00,0x00,0x00,0x00, 
	0x00,0x00,0x00,0x00, 
	0x00,0x00,0x00,0x00, 
	0x00,0x00,0x00,0x00, 
	0x00,0x00,0x00,0x00, 
	0x00,0x00,0x00,0x00, 
	0x00,0x00,0x00,0x00, 
	0x00,0x00,0x00,0x00, 
	0x00,0x00,0x00,0x00, 
	0x00,0x00,0x00,0x00, 
	0x00,0x00,0x00,0x00, 
	0x00,0x00,0x00,0x00, 
	0x00,0x00,0x00,0x00, 
	0x00,0x00,0x00,0x00, 
	0x00,0x00,0x00,0x00, 
	0x00,0x00,0x00,0x00, 
	0x00,0x00,0x00,0x00, 
	0x00,0x00,0x00,0x00, 
	0x00,0x00,0x00,0x00, 
	0x00,0x00,0x00,0x00, 
	0x00,0x00,0x00,0x00, 
	0x00,0x00,0x00,0x00, 
	0x00,0x00,0x00,0x00, 
	0x00,0x00,0x00,0x00, 
	0x00,0x00,0x00,0x00, 
	0x00,0x00,0x00,0x00, 
	0x00,0x00,0x00,0x00, 
	0x00,0x00,0x00,0x00, 
	0x00,0x00,0x00,0x00, 
	0x00,0x00,0x00,0x00, 
	0x00,0x00,0x00,0x00, 
	0x00,0x00,0x00,0x00, 
	0x00,0x00,0x00,0x00, 
	0x00,0x00,0x00,0x00, 
	0x00,0x00,0x00,0x00, 
	0x00,0x00,0x00,0x00, 
	0x00,0x00,0x00,0x00, 
	0x00,0x00,0x00,0x00, 
	0x00,0x00,0x00,0x00, 
	0x00,0x00,0x00,0x00, 
	0x00,0x00,0x00,0x00, 
	0x00,0x00,0x00,0x00, 
	0x00,0x00,0x00,0x00, 
	0x00,0x00,0x00,0x00, 
	0x00,0x00,0x00,0x00, 
	0x00,0x00,0x00,0x00, 
	0x00,0x00,0x00,0x00, 
	0x00,0x00,0x00,0x00, 
	0x00,0x00,0x00,0x00, 
	0x00,0x00,0x00,0x00, 
	0x00,0x00,0x00,0x00, 
	0x00,0x00,0x00,0x00, 
	0x00,0x00,0x00,0x00, 
	0x00,0x00,0x00,0x00, 
	0x00,0x00,0x00,0x00, 
	0x00,0x00,0x00,0x00, 
	0x00,0x00,0x00,0x00, 
	0x00,0x00,0x00,0x00, 
	0x00,0x00,0x00,0x00, 
	0x00,0x00,0x00,0x00, 
	0x00,0x00,0x00,0x00, 
	0x00,0x00,0x00,0x00, 
	0x00,0x00,0x00,0x00, 
	0x00,0x00,0x00,0x00, 
	0x00,0x00,0x00,0x00, 
	0x00,0x00,0x00,0x00, 
	0x00,0x00,0x00,0x00, 
	0x00,0x00,0x00,0x00, 
	0x00,0x00,0x00,0x00, 
	0x00,0x00,0x00,0x00, 
	0x00,0x00,0x00,0x00, 
	0x00,0x00,0x00,0x00, 
	0x00,0x00,0x00,0x00, 
	0x00,0x00,0x00,0x00, 
	0x00,0x00,0x00,0x00, 
	0x00,0x00,0x00,0x00, 
	0x00,0x00,0x00,0x00, 
	0x00,0x00,0x00,0x00, 
	0x00,0x00,0x00,0x00, 
	0x00,0x00,0x00,0x00, 
	0x00,0x00,0x00,0x00, 
	0x00,0x00,0x00,0x00, 
	0x00,0x00,0x00,0x00, 
	0x00,0x00,0x00,0x00, 
	0x00,0x00,0x00,0x00, 
	0x00,0x00,0x00,0x00, 
	0x00,0x00,0x00,0x00, 
	0x00,0x00,0x00,0x00, 
	0x00,0x00,0x00,0x00, 
	0x00,0x00,0x00,0x00, 
	0x00,0x00,0x00,0x00, 
	0x00,0x00,0x00,0x00, 
	0x00,0x00,0x00,0x00, 
	0x00,0x00,0x00,0x00, 
	0x00,0x00,0x00,0x00, 
	0x00,0x00,0x00,0x00, 
	0x00,0x00,0x00,0x00, 
	0x00,0x00,0x00,0x00, 
	0x00,0x00,0x00,0x00, 
	0x00,0x00,0x00,0x00, 
	0x00,0x00,0x00,0x00, 
	0x00,0x00,0x00,0x00, 
	0x00,0x00,0x00,0x00, 
	0x00,0x00,0x00,0x00, 
	0x00,0x00,0x00,0x00, 
	0x00,0x00,0x00,0x00, 
	0x00,0x00,0x00,0x00, 
	0x00,0x00,0x00,0x00, 
	0x00,0x00,0x00,0x00, 
	0x00,0x00,0x00,0x00, 
	0x00,0x00,0x00,0x00, 
	0x00,0x00,0x00,0x00, 
	0x00,0x00,0x00,0x00, 
	0x00,0x00,0x00,0x00, 
	0x00,0x00,0x00,0x00, 
	0x00,0x00,0x00,0x00, 
	0x00,0x00,0x00,0x00, 
	0x00,0x00,0x00,0x00, 
	0x00,0x00,0x00,0x00, 
	0x00,0x00,0x00,0x00, 
	0x00,0x00,0x00,0x00, 
	0x00,0x00,0x00,0x00, 
	0x00,0x00,0x00,0x00, 
	0x00,0x00,0x00,0x00, 
	0x00,0x00,0x00,0x00, 
	0x00,0x00,0x00,0x00, 
	0x00,0x00,0x00,0x00, 
	0x00,0x00,0x00,0x00, 
	0x00,0x00,0x00,0x00, 
	0x00,0x00,0x00,0x00, 
	0x00,0x00,0x00,0x00, 
	0x00,0x00,0x00,0x00, 
	0x00,0x00,0x00,0x00, 
	0x00,0x00,0x00,0x00, 
	0x00,0x00,0x00,0x00, 
	0x00,0x00,0x00,0x00, 
	0x00,0x00,0x00,0x00, 
	0x00,0x00,0x00,0x00, 
	0x00,0x00,0x00,0x00, 
	0x00,0x00,0x00,0x00, 
	0x00,0x00,0x00,0x00, 
	0x00,0x00,0x00,0x00, 
	0x00,0x00,0x00,0x00, 
	0x00,0x00,0x00,0x00, 
	0x00,0x00,0x00,0x00, 
	0x00,0x00,0x00,0x00, 
	0x00,0x00,0x00,0x00, 
	0x00,0x00,0x00,0x00, 
	0x00,0x00,0x00,0x00, 
	0x00,0x00,0x00,0x00, 
	0x00,0x00,0x00,0x00, 
	0x00,0x00,0x00,0x00, 
	0x00,0x00,0x00,0x00, 
	0x00,0x00,0x00,0x00, 
	0x00,0x00,0x00,0x00, 
	0x00,0x00,0x00,0x00, 
	0x00,0x00,0x00,0x00, 
	0x00,0x00,0x00,0x00, 
	0x00,0x00,0x00,0x00, 
	0x00,0x00,0x00,0x00, 
	0x00,0x00,0x00,0x00, 
	0x00,0x00,0x00,0x00, 
	0x00,0x00,0x00,0x00, 
	0x00,0x00,0x00,0x00, 
	0x00,0x00,0x00,0x00, 
	0x00,0x00,0x00,0x00, 
	0x00,0x00,0x00,0x00, 
	0x00,0x00,0x00,0x00, 
	0x00,0x00,0x00,0x00, 
	0x00,0x00,0x00,0x00, 
	0x00,0x00,0x00,0x00, 
	0x00,0x00,0x00,0x00, 
	0x00,0x00,0x00,0x00, 
	0x00,0x00,0x00,0x00, 
	0x00,0x00,0x00,0x00, 
	0x00,0x00,0x00,0x00, 
	0x00,0x00,0x00,0x00, 
	0x00,0x00,0x00,0x00, 
	0x00,0x00,0x00,0x00, 
	0x00,0x00,0x00,0x00, 
	0x00,0x00,0x00,0x00, 
	0x00,0x00,0x00,0x00, 
	0x00,0x00,0x00,0x00, 
	0x00,0x00,0x00,0x00, 
	0x00,0x00,0x00,0x00, 
	0x00,0x00,0x00,0x00, 
	0x00,0x00,0x00,0x00, 
	0x00,0x00,0x00,0x00, 
	0x00,0x00,0x00,0x00, 
	0x00,0x00,0x00,0x00, 
	0x00,0x00,0x00,0x00, 
	0x00,0x00,0x00,0x00, 
	0x00,0x00,0x00,0x00, 
	0x00,0x00,0x00,0x00, 
	0x00,0x00,0x00,0x00, 
	0x00,0x00,0x00,0x00, 
	0x00,0x00,0x00,0x00, 
	0x00,0x00,0x00,0x00, 
	0x00,0x00,0x00,0x00, 
	0x00,0x00,0x00,0x00, 
	0x00,0x00,0x00,0x00, 
	0x00,0x00,0x00,0x00, 
	0x00,0x00,0x00,0x00, 
	0x00,0x00,0x00,0x00, 
	0x00,0x00,0x00,0x00, 
	0x00,0x00,0x00,0x00, 
	0x00,0x00,0x00,0x00, 
	0x00,0x00,0x00,0x00, 
	0x00,0x00,0x00,0x00, 
	0x00,0x00,0x00,0x00, 
	0x00,0x00,0x00,0x00, 
	0x00,0x00,0x00,0x00, 
	0x00,0x00,0x00,0x00, 
	0x00,0x00,0x00,0x00, 
	0x00,0x00,0x00,0x00, 
	0x00,0x00,0x00,0x00, 
	0x00,0x00,0x00,0x00, 
	0x00,0x00,0x00,0x00, 
	0x00,0x00,0x00,0x00, 
	0x00,0x00,0x00,0x00, 
	0x00,0x00,0x00,0x00, 
	0x00,0x00,0x00,0x00, 
	0x00,0x00,0x00,0x00, 
	0x00,0x00,0x00,0x00, 
	0x00,0x00,0x00,0x00, 
	0x00,0x00,0x00,0x00, 
	0x00,0x00,0x00,0x00, 
	0x00,0x00,0x00,0x00, 
	0x00,0x00,0x00,0x00, 
	0x00,0x00,0x00,0x00, 
	0x00,0x00,0x00,0x00, 
	0x00,0x00,0x00,0x00, 
	0x00,0x00,0x00,0x00, 
	0x00,0x00,0x00,0x00, 
	0x00,0x00,0x00,0x00, 
	0x00,0x00,0x00,0x00, 
	0x00,0x00,0x00,0x00, 
	0x00,0x00,0x00,0x00, 
	0x00,0x00,0x00,0x00, 
	0x00,0x00,0x00,0x00, 
	0x00,0x00,0x00,0x00, 
	0x00,0x00,0x00,0x00, 
	0x00,0x00,0x00,0x00, 
	0x00,0x00,0x00,0x00, 
	0x00,0x00,0x00,0x00, 
	0x00,0x00,0x00,0x00, 
	0x00,0x00,0x00,0x00, 
	0x00,0x00,0x00,0x00, 
	0x00,0x00,0x00,0x00, 
	0x00,0x00,0x00,0x00, 
	0x00,0x00,0x00,0x00, 
	0x00,0x00,0x00,0x00, 
	0x00,0x00,0x00,0x00, 
	0x00,0x00,0x00,0x00, 
	0x00,0x00,0x00,0x00, 
	0x00,0x00,0x00,0x00, 
	0x00,0x00,0x00,0x00, 
	0x00,0x00,0x00,0x00, 
	0x00,0x00,0x00,0x00, 
	0x00,0x00,0x00,0x00, 
	0x00,0x00,0x00,0x00, 
	0x00,0x00,0x00,0x00, 
	0x00,0x00,0x00,0x00, 
	0x00,0x00,0x00,0x00, 
	0x00,0x00,0x00,0x00, 
	0x00,0x00,0x00,0x00, 
	0x00,0x00,0x00,0x00, 
	0x00,0x00,0x00,0x00, 
	0x00,0x00,0x00,0x00, 
	0x00,0x00,0x00,0x00, 
	0x00,0x00,0x00,0x00, 
	0x00,0x00,0x00,0x00, 
	0x00,0x00,0x00,0x00, 
	0x00,0x00,0x00,0x00, 
	0x00,0x00,0x00,0x00, 
	0x00,0x00,0x00,0x00, 
	0x00,0x00,0x00,0x00, 
	0x00,0x00,0x00,0x00, 
	0x00,0x00,0x00,0x00, 
	0x00,0x00,0x00,0x00, 
	0x00,0x00,0x00,0x00, 
	0x00,0x00,0x00,0x00, 
	0x00,0x00,0x00,0x00, 
	0x00,0x00,0x00,0x00, 
	0x00,0x00,0x00,0x00, 
	0x00,0x00,0x00,0x00, 
	0x00,0x00,0x00,0x00, 
	0x00,0x00,0x00,0x00, 
	0x00,0x00,0x00,0x00, 
	0x00,0x00,0x00,0x00, 
	0x00,0x00,0x00,0x00, 
	0x00,0x00,0x00,0x00, 
	0x00,0x00,0x00,0x00, 
	0x00,0x00,0x00,0x00, 
	0x00,0x00,0x00,0x00, 
	0x00,0x00,0x00,0x00, 
	0x00,0x00,0x00,0x00, 
	0x00,0x00,0x00,0x00, 
	0x00,0x00,0x00,0x00, 
	0x00,0x00,0x00,0x00, 
	0x00,0x00,0x00,0x00, 
	0x00,0x00,0x00,0x00, 
	0x00,0x00,0x00,0x00, 
	0x00,0x00,0x00,0x00, 
	0x00,0x00,0x00,0x00, 
	0x00,0x00,0x00,0x00, 
	0x00,0x00,0x00,0x00, 
	0x00,0x00,0x00,0x00, 
	0x00,0x00,0x00,0x00, 
	0x00,0x00,0x00,0x00, 
	0x00,0x00,0x00,0x00, 
	0x00,0x00,0x00,0x00, 
	0x00,0x00,0x00,0x00, 
	0x00,0x00,0x00,0x00, 
	0x00,0x00,0x00,0x00, 
	0x00,0x00,0x00,0x00, 
	0x00,0x00,0x00,0x00, 
	0x00,0x00,0x00,0x00, 
	0x00,0x00,0x00,0x00, 
	0x00,0x00,0x00,0x00, 
	0x00,0x00,0x00,0x00, 
	0x00,0x00,0x00,0x00, 
	0x00,0x00,0x00,0x00, 
	0x00,0x00,0x00,0x00, 
	0x00,0x00,0x00,0x00, 
	0x00,0x00,0x00,0x00, 
	0x00,0x00,0x00,0x00, 
	0x00,0x00,0x00,0x00, 
	0x00,0x00,0x00,0x00, 
	0x00,0x00,0x00,0x00, 
	0x00,0x00,0x00,0x00, 
	0x00,0x00,0x00,0x00, 
	0x00,0x00,0x00,0x00, 
	0x00,0x00,0x00,0x00, 
	0x00,0x00,0x00,0x00, 
	0x00,0x00,0x00,0x00, 
	0x00,0x00,0x00,0x00, 
	0x00,0x00,0x00,0x00, 
	0x00,0x00,0x00,0x00, 
	0x00,0x00,0x00,0x00, 
	0x00,0x00,0x00,0x00, 
	0x00,0x00,0x00,0x00, 
	0x00,0x00,0x00,0x00, 
	0x00,0x00,0x00,0x00, 
	0x00,0x00,0x00,0x00, 
	0x00,0x00,0x00,0x00, 
	0x00,0x00,0x00,0x00, 
	0x00,0x00,0x00,0x00, 
	0x00,0x00,0x00,0x00, 
	0x00,0x00,0x00,0x00, 
	0x00,0x00,0x00,0x00, 
	0x00,0x00,0x00,0x00, 
	0x00,0x00,0x00,0x00, 
	0x00,0x00,0x00,0x00, 
	0x00,0x00,0x00,0x00, 
	0x00,0x00,0x00,0x00, 
	0x00,0x00,0x00,0x00, 
	0x00,0x00,0x00,0x00, 
	0x00,0x00,0x00,0x00, 
	0x00,0x00,0x00,0x00, 
	0x00,0x00,0x00,0x00, 
	0x00,0x00,0x00,0x00, 
	0x00,0x00,0x00,0x00, 
	0x00,0x00,0x00,0x00, 
	0x00,0x00,0x00,0x00, 
	0x00,0x00,0x00,0x00, 
	0x00,0x00,0x00,0x00, 
	0x00,0x00,0x00,0x00, 
	0x00,0x00,0x00,0x00, 
	0x00,0x00,0x00,0x00, 
	0x00,0x00,0x00,0x00, 
	0x00,0x00,0x00,0x00, 
	0x00,0x00,0x00,0x00, 
	0x00,0x00,0x00,0x00, 
	0x00,0x00,0x00,0x00, 
	0x00,0x00,0x00,0x00, 
	0x00,0x00,0x00,0x00, 
	0x00,0x00,0x00,0x00, 
	0x00,0x00,0x00,0x00, 
	0x00,0x00,0x00,0x00, 
	0x00,0x00,0x00,0x00, 
	0x00,0x00,0x00,0x00, 
	0x00,0x00,0x00,0x00, 
	0x00,0x00,0x00,0x00, 
	0x00,0x00,0x00,0x00, 
	0x00,0x00,0x00,0x00, 
	0x00,0x00,0x00,0x00, 
	0x00,0x00,0x00,0x00, 
	0x00,0x00,0x00,0x00, 
	0x00,0x00,0x00,0x00, 
	0x00,0x00,0x00,0x00, 
	0x00,0x00,0x00,0x00, 
	0x00,0x00,0x00,0x00, 
	0x00,0x00,0x00,0x00, 
	0x00,0x00,0x00,0x00, 
	0x00,0x00,0x00,0x00, 
	0x00,0x00,0x00,0x00, 
	0x00,0x00,0x00,0x00, 
	0x00,0x00,0x00,0x00, 
	0x00,0x00,0x00,0x00, 
	0x00,0x00,0x00,0x00, 
	0x00,0x00,0x00,0x00, 
	0x00,0x00,0x00,0x00, 
	0x00,0x00,0x00,0x00, 
	0x00,0x00,0x00,0x00, 
	0x00,0x00,0x00,0x00, 
	0x00,0x00,0x00,0x00, 
	0x00,0x00,0x00,0x00, 
	0x00,0x00,0x00,0x00, 
	0x00,0x00,0x00,0x00, 
	0x00,0x00,0x00,0x00, 
	0x00,0x00,0x00,0x00, 
	0x00,0x00,0x00,0x00, 
	0x00,0x00,0x00,0x00, 
	0x00,0x00,0x00,0x00, 
	0x00,0x00,0x00,0x00, 
	0x00,0x00,0x00,0x00, 
	0x00,0x00,0x00,0x00, 
	0x00,0x00,0x00,0x00, 
	0x00,0x00,0x00,0x00, 
	0x00,0x00,0x00,0x00, 
	0x00,0x00,0x00,0x00, 
	0x00,0x00,0x00,0x00, 
	0x00,0x00,0x00,0x00, 
	0x00,0x00,0x00,0x00, 
	0x00,0x00,0x00,0x00, 
	0x00,0x00,0x00,0x00, 
	0x00,0x00,0x00,0x00, 
	0x00,0x00,0x00,0x00, 
	0x00,0x00,0x00,0x00, 
	0x00,0x00,0x00,0x00, 
	0x00,0x00,0x00,0x00, 
	0x00,0x00,0x00,0x00, 
	0x00,0x00,0x00,0x00, 
	0x00,0x00,0x00,0x00, 
	0x00,0x00,0x00,0x00, 
	0x00,0x00,0x00,0x00, 
	0x00,0x00,0x00,0x00, 
	0x00,0x00,0x00,0x00, 
	0x00,0x00,0x00,0x00, 
	0x00,0x00,0x00,0x00, 
	0x00,0x00,0x00,0x00, 
	0x00,0x00,0x00,0x00, 
	0x00,0x00,0x00,0x00, 
	0x00,0x00,0x00,0x00, 
	0x00,0x00,0x00,0x00, 
	0x00,0x00,0x00,0x00, 
	0x00,0x00,0x00,0x00, 
	0x00,0x00,0x00,0x00, 
	0x00,0x00,0x00,0x00, 
	0x00,0x00,0x00,0x00, 
	0x00,0x00,0x00,0x00, 
	0x00,0x00,0x00,0x00, 
	0x00,0x00,0x00,0x00, 
	0x00,0x00,0x00,0x00, 
	0x00,0x00,0x00,0x00, 
}  
}  
}; 
#define DEMOD_FIRMWARE_LINES_0_0_1 (sizeof(O18_SAT_DEMOD_FW_0_0_1)/(sizeof(LX_DEMOD_FIRMWARE_STRUCT))) 
#endif 
